solid OpenSCAD_Model
  facet normal -0.962936 0.26973 0
    outer loop
      vertex -104.64 -11.2636 0.4
      vertex -104.61 -11.1565 3
      vertex -104.61 -11.1565 0.4
    endloop
  endfacet
  facet normal -0.962936 0.26973 0
    outer loop
      vertex -104.61 -11.1565 3
      vertex -104.64 -11.2636 0.4
      vertex -104.64 -11.2636 3
    endloop
  endfacet
  facet normal 0.599136 -0.800647 0
    outer loop
      vertex -105.994 -10.3335 0.4
      vertex -105.905 -10.2669 3
      vertex -105.994 -10.3335 3
    endloop
  endfacet
  facet normal 0.599136 -0.800647 0
    outer loop
      vertex -105.905 -10.2669 3
      vertex -105.994 -10.3335 0.4
      vertex -105.905 -10.2669 0.4
    endloop
  endfacet
  facet normal 0.929466 0.368907 0
    outer loop
      vertex -106.209 -11.3458 3
      vertex -106.25 -11.2425 0.4
      vertex -106.25 -11.2425 3
    endloop
  endfacet
  facet normal 0.929466 0.368907 0
    outer loop
      vertex -106.25 -11.2425 0.4
      vertex -106.209 -11.3458 3
      vertex -106.209 -11.3458 0.4
    endloop
  endfacet
  facet normal 0.803237 0.595659 0
    outer loop
      vertex -106.088 -11.5318 3
      vertex -106.154 -11.4428 0.4
      vertex -106.154 -11.4428 3
    endloop
  endfacet
  facet normal 0.803237 0.595659 0
    outer loop
      vertex -106.154 -11.4428 0.4
      vertex -106.088 -11.5318 3
      vertex -106.088 -11.5318 0.4
    endloop
  endfacet
  facet normal -0.371391 0.928477 0
    outer loop
      vertex -105.076 -11.747 0.4
      vertex -105.179 -11.7882 3
      vertex -105.076 -11.747 3
    endloop
  endfacet
  facet normal -0.371391 0.928477 0
    outer loop
      vertex -105.179 -11.7882 3
      vertex -105.076 -11.747 0.4
      vertex -105.179 -11.7882 0.4
    endloop
  endfacet
  facet normal 0.784538 -0.620081 0
    outer loop
      vertex -106.142 -10.4984 3
      vertex -106.073 -10.4111 0.4
      vertex -106.073 -10.4111 3
    endloop
  endfacet
  facet normal 0.784538 -0.620081 0
    outer loop
      vertex -106.073 -10.4111 0.4
      vertex -106.142 -10.4984 3
      vertex -106.142 -10.4984 0.4
    endloop
  endfacet
  facet normal 0.0135123 0.999909 -0
    outer loop
      vertex -105.397 -11.8287 0.4
      vertex -105.508 -11.8272 3
      vertex -105.397 -11.8287 3
    endloop
  endfacet
  facet normal 0.0135123 0.999909 0
    outer loop
      vertex -105.508 -11.8272 3
      vertex -105.397 -11.8287 0.4
      vertex -105.508 -11.8272 0.4
    endloop
  endfacet
  facet normal 0.993138 0.116946 0
    outer loop
      vertex -106.277 -11.1347 3
      vertex -106.29 -11.0243 0.4
      vertex -106.29 -11.0243 3
    endloop
  endfacet
  facet normal 0.993138 0.116946 0
    outer loop
      vertex -106.29 -11.0243 0.4
      vertex -106.277 -11.1347 3
      vertex -106.277 -11.1347 0.4
    endloop
  endfacet
  facet normal 0.970037 0.242959 0
    outer loop
      vertex -106.25 -11.2425 3
      vertex -106.277 -11.1347 0.4
      vertex -106.277 -11.1347 3
    endloop
  endfacet
  facet normal 0.970037 0.242959 0
    outer loop
      vertex -106.277 -11.1347 0.4
      vertex -106.25 -11.2425 3
      vertex -106.25 -11.2425 0.4
    endloop
  endfacet
  facet normal -0.395332 -0.918538 0
    outer loop
      vertex -105.158 -10.1786 0.4
      vertex -105.056 -10.2225 3
      vertex -105.158 -10.1786 3
    endloop
  endfacet
  facet normal -0.395332 -0.918538 -0
    outer loop
      vertex -105.056 -10.2225 3
      vertex -105.158 -10.1786 0.4
      vertex -105.056 -10.2225 0.4
    endloop
  endfacet
  facet normal -0.598559 0.801079 0
    outer loop
      vertex -104.89 -11.6262 0.4
      vertex -104.979 -11.6927 3
      vertex -104.89 -11.6262 3
    endloop
  endfacet
  facet normal -0.598559 0.801079 0
    outer loop
      vertex -104.979 -11.6927 3
      vertex -104.89 -11.6262 0.4
      vertex -104.979 -11.6927 0.4
    endloop
  endfacet
  facet normal 0.714688 0.699444 0
    outer loop
      vertex -106.01 -11.6115 3
      vertex -106.088 -11.5318 0.4
      vertex -106.088 -11.5318 3
    endloop
  endfacet
  facet normal 0.714688 0.699444 0
    outer loop
      vertex -106.088 -11.5318 0.4
      vertex -106.01 -11.6115 3
      vertex -106.01 -11.6115 0.4
    endloop
  endfacet
  facet normal -0.714688 -0.699444 0
    outer loop
      vertex -104.795 -10.4278 0.4
      vertex -104.873 -10.3481 3
      vertex -104.873 -10.3481 0.4
    endloop
  endfacet
  facet normal -0.714688 -0.699444 0
    outer loop
      vertex -104.873 -10.3481 3
      vertex -104.795 -10.4278 0.4
      vertex -104.795 -10.4278 3
    endloop
  endfacet
  facet normal 0.858681 -0.512511 0
    outer loop
      vertex -106.199 -10.5939 3
      vertex -106.142 -10.4984 0.4
      vertex -106.142 -10.4984 3
    endloop
  endfacet
  facet normal 0.858681 -0.512511 0
    outer loop
      vertex -106.142 -10.4984 0.4
      vertex -106.199 -10.5939 3
      vertex -106.199 -10.5939 0.4
    endloop
  endfacet
  facet normal 0.989586 -0.14394 0
    outer loop
      vertex -106.289 -10.9131 3
      vertex -106.273 -10.8031 0.4
      vertex -106.273 -10.8031 3
    endloop
  endfacet
  facet normal 0.989586 -0.14394 0
    outer loop
      vertex -106.273 -10.8031 0.4
      vertex -106.289 -10.9131 3
      vertex -106.289 -10.9131 0.4
    endloop
  endfacet
  facet normal -0.803557 -0.595228 0
    outer loop
      vertex -104.729 -10.5169 0.4
      vertex -104.795 -10.4278 3
      vertex -104.795 -10.4278 0.4
    endloop
  endfacet
  facet normal -0.803557 -0.595228 0
    outer loop
      vertex -104.795 -10.4278 3
      vertex -104.729 -10.5169 0.4
      vertex -104.729 -10.5169 3
    endloop
  endfacet
  facet normal 0.117205 -0.993108 0
    outer loop
      vertex -105.597 -10.1441 0.4
      vertex -105.486 -10.131 3
      vertex -105.597 -10.1441 3
    endloop
  endfacet
  facet normal 0.117205 -0.993108 0
    outer loop
      vertex -105.486 -10.131 3
      vertex -105.597 -10.1441 0.4
      vertex -105.486 -10.131 0.4
    endloop
  endfacet
  facet normal -0.696258 0.717792 0
    outer loop
      vertex -104.81 -11.5486 0.4
      vertex -104.89 -11.6262 3
      vertex -104.81 -11.5486 3
    endloop
  endfacet
  facet normal -0.696258 0.717792 0
    outer loop
      vertex -104.89 -11.6262 3
      vertex -104.81 -11.5486 0.4
      vertex -104.89 -11.6262 0.4
    endloop
  endfacet
  facet normal 0.14394 0.989586 -0
    outer loop
      vertex -105.508 -11.8272 0.4
      vertex -105.618 -11.8112 3
      vertex -105.508 -11.8272 3
    endloop
  endfacet
  facet normal 0.14394 0.989586 0
    outer loop
      vertex -105.618 -11.8112 3
      vertex -105.508 -11.8272 0.4
      vertex -105.618 -11.8112 0.4
    endloop
  endfacet
  facet normal -0.989586 0.14394 0
    outer loop
      vertex -104.61 -11.1565 0.4
      vertex -104.594 -11.0465 3
      vertex -104.594 -11.0465 0.4
    endloop
  endfacet
  facet normal -0.989586 0.14394 0
    outer loop
      vertex -104.594 -11.0465 3
      vertex -104.61 -11.1565 0.4
      vertex -104.61 -11.1565 3
    endloop
  endfacet
  facet normal -0.271631 -0.962401 0
    outer loop
      vertex -105.265 -10.1484 0.4
      vertex -105.158 -10.1786 3
      vertex -105.265 -10.1484 3
    endloop
  endfacet
  facet normal -0.271631 -0.962401 -0
    outer loop
      vertex -105.158 -10.1786 3
      vertex -105.265 -10.1484 0.4
      vertex -105.158 -10.1786 0.4
    endloop
  endfacet
  facet normal -0.784538 0.620081 0
    outer loop
      vertex -104.81 -11.5486 0.4
      vertex -104.741 -11.4613 3
      vertex -104.741 -11.4613 0.4
    endloop
  endfacet
  facet normal -0.784538 0.620081 0
    outer loop
      vertex -104.741 -11.4613 3
      vertex -104.81 -11.5486 0.4
      vertex -104.81 -11.5486 3
    endloop
  endfacet
  facet normal -0.969983 -0.243171 0
    outer loop
      vertex -104.606 -10.8249 0.4
      vertex -104.633 -10.7172 3
      vertex -104.633 -10.7172 0.4
    endloop
  endfacet
  facet normal -0.969983 -0.243171 0
    outer loop
      vertex -104.633 -10.7172 3
      vertex -104.606 -10.8249 0.4
      vertex -104.606 -10.8249 3
    endloop
  endfacet
  facet normal 0.395332 0.918538 -0
    outer loop
      vertex -105.725 -11.7811 0.4
      vertex -105.827 -11.7372 3
      vertex -105.725 -11.7811 3
    endloop
  endfacet
  facet normal 0.395332 0.918538 0
    outer loop
      vertex -105.827 -11.7372 3
      vertex -105.725 -11.7811 0.4
      vertex -105.827 -11.7372 0.4
    endloop
  endfacet
  facet normal 0.620287 0.784375 -0
    outer loop
      vertex -105.923 -11.6803 0.4
      vertex -106.01 -11.6115 3
      vertex -105.923 -11.6803 3
    endloop
  endfacet
  facet normal 0.620287 0.784375 0
    outer loop
      vertex -106.01 -11.6115 3
      vertex -105.923 -11.6803 0.4
      vertex -106.01 -11.6115 0.4
    endloop
  endfacet
  facet normal 0.488466 -0.872583 0
    outer loop
      vertex -105.905 -10.2669 0.4
      vertex -105.808 -10.2126 3
      vertex -105.905 -10.2669 3
    endloop
  endfacet
  facet normal 0.488466 -0.872583 0
    outer loop
      vertex -105.808 -10.2126 3
      vertex -105.905 -10.2669 0.4
      vertex -105.808 -10.2126 0.4
    endloop
  endfacet
  facet normal -0.929466 -0.368907 0
    outer loop
      vertex -104.633 -10.7172 0.4
      vertex -104.674 -10.6139 3
      vertex -104.674 -10.6139 0.4
    endloop
  endfacet
  facet normal -0.929466 -0.368907 0
    outer loop
      vertex -104.674 -10.6139 3
      vertex -104.633 -10.7172 0.4
      vertex -104.633 -10.7172 3
    endloop
  endfacet
  facet normal -0.858917 0.512116 0
    outer loop
      vertex -104.741 -11.4613 0.4
      vertex -104.684 -11.3657 3
      vertex -104.684 -11.3657 0.4
    endloop
  endfacet
  facet normal -0.858917 0.512116 0
    outer loop
      vertex -104.684 -11.3657 3
      vertex -104.741 -11.4613 0.4
      vertex -104.741 -11.4613 3
    endloop
  endfacet
  facet normal -0.488466 0.872583 0
    outer loop
      vertex -104.979 -11.6927 0.4
      vertex -105.076 -11.747 3
      vertex -104.979 -11.6927 3
    endloop
  endfacet
  facet normal -0.488466 0.872583 0
    outer loop
      vertex -105.076 -11.747 3
      vertex -104.979 -11.6927 0.4
      vertex -105.076 -11.747 0.4
    endloop
  endfacet
  facet normal 0.270798 0.962636 -0
    outer loop
      vertex -105.618 -11.8112 0.4
      vertex -105.725 -11.7811 3
      vertex -105.618 -11.8112 3
    endloop
  endfacet
  facet normal 0.270798 0.962636 0
    outer loop
      vertex -105.725 -11.7811 3
      vertex -105.618 -11.8112 0.4
      vertex -105.725 -11.7811 0.4
    endloop
  endfacet
  facet normal -0.14394 -0.989586 0
    outer loop
      vertex -105.375 -10.1324 0.4
      vertex -105.265 -10.1484 3
      vertex -105.375 -10.1324 3
    endloop
  endfacet
  facet normal -0.14394 -0.989586 -0
    outer loop
      vertex -105.265 -10.1484 3
      vertex -105.375 -10.1324 0.4
      vertex -105.265 -10.1484 0.4
    endloop
  endfacet
  facet normal -0.245913 0.969292 0
    outer loop
      vertex -105.179 -11.7882 0.4
      vertex -105.287 -11.8156 3
      vertex -105.179 -11.7882 3
    endloop
  endfacet
  facet normal -0.245913 0.969292 0
    outer loop
      vertex -105.287 -11.8156 3
      vertex -105.179 -11.7882 0.4
      vertex -105.287 -11.8156 0.4
    endloop
  endfacet
  facet normal -0.118255 0.992983 0
    outer loop
      vertex -105.287 -11.8156 0.4
      vertex -105.397 -11.8287 3
      vertex -105.287 -11.8156 3
    endloop
  endfacet
  facet normal -0.118255 0.992983 0
    outer loop
      vertex -105.397 -11.8287 3
      vertex -105.287 -11.8156 0.4
      vertex -105.397 -11.8287 0.4
    endloop
  endfacet
  facet normal -0.509212 -0.860641 0
    outer loop
      vertex -105.056 -10.2225 0.4
      vertex -104.96 -10.2793 3
      vertex -105.056 -10.2225 3
    endloop
  endfacet
  facet normal -0.509212 -0.860641 -0
    outer loop
      vertex -104.96 -10.2793 3
      vertex -105.056 -10.2225 0.4
      vertex -104.96 -10.2793 0.4
    endloop
  endfacet
  facet normal 0.99996 -0.00899244 0
    outer loop
      vertex -106.29 -11.0243 3
      vertex -106.289 -10.9131 0.4
      vertex -106.289 -10.9131 3
    endloop
  endfacet
  facet normal 0.99996 -0.00899244 0
    outer loop
      vertex -106.289 -10.9131 0.4
      vertex -106.29 -11.0243 3
      vertex -106.29 -11.0243 0.4
    endloop
  endfacet
  facet normal 0.869894 0.493239 0
    outer loop
      vertex -106.154 -11.4428 3
      vertex -106.209 -11.3458 0.4
      vertex -106.209 -11.3458 3
    endloop
  endfacet
  facet normal 0.869894 0.493239 0
    outer loop
      vertex -106.209 -11.3458 0.4
      vertex -106.154 -11.4428 3
      vertex -106.154 -11.4428 0.4
    endloop
  endfacet
  facet normal 0.700757 -0.7134 0
    outer loop
      vertex -106.073 -10.4111 0.4
      vertex -105.994 -10.3335 3
      vertex -106.073 -10.4111 3
    endloop
  endfacet
  facet normal 0.700757 -0.7134 0
    outer loop
      vertex -105.994 -10.3335 3
      vertex -106.073 -10.4111 0.4
      vertex -105.994 -10.3335 0.4
    endloop
  endfacet
  facet normal -0.918352 0.395764 0
    outer loop
      vertex -104.684 -11.3657 0.4
      vertex -104.64 -11.2636 3
      vertex -104.64 -11.2636 0.4
    endloop
  endfacet
  facet normal -0.918352 0.395764 0
    outer loop
      vertex -104.64 -11.2636 3
      vertex -104.684 -11.3657 0.4
      vertex -104.684 -11.3657 3
    endloop
  endfacet
  facet normal 0.962871 -0.269964 0
    outer loop
      vertex -106.273 -10.8031 3
      vertex -106.243 -10.6961 0.4
      vertex -106.243 -10.6961 3
    endloop
  endfacet
  facet normal 0.962871 -0.269964 0
    outer loop
      vertex -106.243 -10.6961 0.4
      vertex -106.273 -10.8031 3
      vertex -106.273 -10.8031 0.4
    endloop
  endfacet
  facet normal -0.0126116 -0.99992 0
    outer loop
      vertex -105.486 -10.131 0.4
      vertex -105.375 -10.1324 3
      vertex -105.486 -10.131 3
    endloop
  endfacet
  facet normal -0.0126116 -0.99992 -0
    outer loop
      vertex -105.375 -10.1324 3
      vertex -105.486 -10.131 0.4
      vertex -105.375 -10.1324 0.4
    endloop
  endfacet
  facet normal -0.620287 -0.784375 0
    outer loop
      vertex -104.96 -10.2793 0.4
      vertex -104.873 -10.3481 3
      vertex -104.96 -10.2793 3
    endloop
  endfacet
  facet normal -0.620287 -0.784375 -0
    outer loop
      vertex -104.873 -10.3481 3
      vertex -104.96 -10.2793 0.4
      vertex -104.873 -10.3481 0.4
    endloop
  endfacet
  facet normal 0.509876 0.860248 -0
    outer loop
      vertex -105.827 -11.7372 0.4
      vertex -105.923 -11.6803 3
      vertex -105.827 -11.7372 3
    endloop
  endfacet
  facet normal 0.509876 0.860248 0
    outer loop
      vertex -105.923 -11.6803 3
      vertex -105.827 -11.7372 0.4
      vertex -105.923 -11.6803 0.4
    endloop
  endfacet
  facet normal 0.918493 -0.395437 0
    outer loop
      vertex -106.243 -10.6961 3
      vertex -106.199 -10.5939 0.4
      vertex -106.199 -10.5939 3
    endloop
  endfacet
  facet normal 0.918493 -0.395437 0
    outer loop
      vertex -106.199 -10.5939 0.4
      vertex -106.243 -10.6961 3
      vertex -106.243 -10.6961 0.4
    endloop
  endfacet
  facet normal -0.99996 0.00899244 0
    outer loop
      vertex -104.594 -11.0465 0.4
      vertex -104.593 -10.9353 3
      vertex -104.593 -10.9353 0.4
    endloop
  endfacet
  facet normal -0.99996 0.00899244 0
    outer loop
      vertex -104.593 -10.9353 3
      vertex -104.594 -11.0465 0.4
      vertex -104.594 -11.0465 3
    endloop
  endfacet
  facet normal -0.993138 -0.116946 0
    outer loop
      vertex -104.593 -10.9353 0.4
      vertex -104.606 -10.8249 3
      vertex -104.606 -10.8249 0.4
    endloop
  endfacet
  facet normal -0.993138 -0.116946 0
    outer loop
      vertex -104.606 -10.8249 3
      vertex -104.593 -10.9353 0.4
      vertex -104.593 -10.9353 3
    endloop
  endfacet
  facet normal -0.869894 -0.493239 0
    outer loop
      vertex -104.674 -10.6139 0.4
      vertex -104.729 -10.5169 3
      vertex -104.729 -10.5169 0.4
    endloop
  endfacet
  facet normal -0.869894 -0.493239 0
    outer loop
      vertex -104.729 -10.5169 3
      vertex -104.674 -10.6139 0.4
      vertex -104.674 -10.6139 3
    endloop
  endfacet
  facet normal 0 0 1
    outer loop
      vertex -104.606 -10.8249 0.4
      vertex -104.594 -11.0465 0.4
      vertex -104.593 -10.9353 0.4
    endloop
  endfacet
  facet normal 0 0 1
    outer loop
      vertex -104.606 -10.8249 0.4
      vertex -104.61 -11.1565 0.4
      vertex -104.594 -11.0465 0.4
    endloop
  endfacet
  facet normal 0 0 1
    outer loop
      vertex -104.633 -10.7172 0.4
      vertex -104.61 -11.1565 0.4
      vertex -104.606 -10.8249 0.4
    endloop
  endfacet
  facet normal 0 0 1
    outer loop
      vertex -104.633 -10.7172 0.4
      vertex -104.64 -11.2636 0.4
      vertex -104.61 -11.1565 0.4
    endloop
  endfacet
  facet normal 0 0 1
    outer loop
      vertex -104.674 -10.6139 0.4
      vertex -104.64 -11.2636 0.4
      vertex -104.633 -10.7172 0.4
    endloop
  endfacet
  facet normal 0 0 1
    outer loop
      vertex -104.674 -10.6139 0.4
      vertex -104.684 -11.3657 0.4
      vertex -104.64 -11.2636 0.4
    endloop
  endfacet
  facet normal 0 0 1
    outer loop
      vertex -104.729 -10.5169 0.4
      vertex -104.684 -11.3657 0.4
      vertex -104.674 -10.6139 0.4
    endloop
  endfacet
  facet normal 0 0 1
    outer loop
      vertex -104.729 -10.5169 0.4
      vertex -104.741 -11.4613 0.4
      vertex -104.684 -11.3657 0.4
    endloop
  endfacet
  facet normal 0 0 1
    outer loop
      vertex -104.795 -10.4278 0.4
      vertex -104.741 -11.4613 0.4
      vertex -104.729 -10.5169 0.4
    endloop
  endfacet
  facet normal 0 0 1
    outer loop
      vertex -104.795 -10.4278 0.4
      vertex -104.81 -11.5486 0.4
      vertex -104.741 -11.4613 0.4
    endloop
  endfacet
  facet normal 0 0 1
    outer loop
      vertex -104.873 -10.3481 0.4
      vertex -104.81 -11.5486 0.4
      vertex -104.795 -10.4278 0.4
    endloop
  endfacet
  facet normal 0 0 1
    outer loop
      vertex -104.873 -10.3481 0.4
      vertex -104.89 -11.6262 0.4
      vertex -104.81 -11.5486 0.4
    endloop
  endfacet
  facet normal 0 0 1
    outer loop
      vertex -104.96 -10.2793 0.4
      vertex -104.89 -11.6262 0.4
      vertex -104.873 -10.3481 0.4
    endloop
  endfacet
  facet normal 0 0 1
    outer loop
      vertex -104.96 -10.2793 0.4
      vertex -104.979 -11.6927 0.4
      vertex -104.89 -11.6262 0.4
    endloop
  endfacet
  facet normal 0 0 1
    outer loop
      vertex -105.056 -10.2225 0.4
      vertex -104.979 -11.6927 0.4
      vertex -104.96 -10.2793 0.4
    endloop
  endfacet
  facet normal 0 0 1
    outer loop
      vertex -105.056 -10.2225 0.4
      vertex -105.076 -11.747 0.4
      vertex -104.979 -11.6927 0.4
    endloop
  endfacet
  facet normal 0 0 1
    outer loop
      vertex -105.158 -10.1786 0.4
      vertex -105.076 -11.747 0.4
      vertex -105.056 -10.2225 0.4
    endloop
  endfacet
  facet normal 0 0 1
    outer loop
      vertex -105.158 -10.1786 0.4
      vertex -105.179 -11.7882 0.4
      vertex -105.076 -11.747 0.4
    endloop
  endfacet
  facet normal 0 0 1
    outer loop
      vertex -105.265 -10.1484 0.4
      vertex -105.179 -11.7882 0.4
      vertex -105.158 -10.1786 0.4
    endloop
  endfacet
  facet normal 0 0 1
    outer loop
      vertex -105.265 -10.1484 0.4
      vertex -105.287 -11.8156 0.4
      vertex -105.179 -11.7882 0.4
    endloop
  endfacet
  facet normal 0 0 1
    outer loop
      vertex -105.375 -10.1324 0.4
      vertex -105.287 -11.8156 0.4
      vertex -105.265 -10.1484 0.4
    endloop
  endfacet
  facet normal 0 0 1
    outer loop
      vertex -105.375 -10.1324 0.4
      vertex -105.397 -11.8287 0.4
      vertex -105.287 -11.8156 0.4
    endloop
  endfacet
  facet normal 0 0 1
    outer loop
      vertex -105.486 -10.131 0.4
      vertex -105.397 -11.8287 0.4
      vertex -105.375 -10.1324 0.4
    endloop
  endfacet
  facet normal 0 0 1
    outer loop
      vertex -105.486 -10.131 0.4
      vertex -105.508 -11.8272 0.4
      vertex -105.397 -11.8287 0.4
    endloop
  endfacet
  facet normal -0 0 1
    outer loop
      vertex -105.597 -10.1441 0.4
      vertex -105.508 -11.8272 0.4
      vertex -105.486 -10.131 0.4
    endloop
  endfacet
  facet normal 0 0 1
    outer loop
      vertex -105.597 -10.1441 0.4
      vertex -105.618 -11.8112 0.4
      vertex -105.508 -11.8272 0.4
    endloop
  endfacet
  facet normal -0 0 1
    outer loop
      vertex -105.704 -10.1714 0.4
      vertex -105.618 -11.8112 0.4
      vertex -105.597 -10.1441 0.4
    endloop
  endfacet
  facet normal 0 0 1
    outer loop
      vertex -105.704 -10.1714 0.4
      vertex -105.725 -11.7811 0.4
      vertex -105.618 -11.8112 0.4
    endloop
  endfacet
  facet normal -0 0 1
    outer loop
      vertex -105.808 -10.2126 0.4
      vertex -105.725 -11.7811 0.4
      vertex -105.704 -10.1714 0.4
    endloop
  endfacet
  facet normal 0 0 1
    outer loop
      vertex -105.808 -10.2126 0.4
      vertex -105.827 -11.7372 0.4
      vertex -105.725 -11.7811 0.4
    endloop
  endfacet
  facet normal -0 0 1
    outer loop
      vertex -105.905 -10.2669 0.4
      vertex -105.827 -11.7372 0.4
      vertex -105.808 -10.2126 0.4
    endloop
  endfacet
  facet normal 0 0 1
    outer loop
      vertex -105.905 -10.2669 0.4
      vertex -105.923 -11.6803 0.4
      vertex -105.827 -11.7372 0.4
    endloop
  endfacet
  facet normal -0 0 1
    outer loop
      vertex -105.994 -10.3335 0.4
      vertex -105.923 -11.6803 0.4
      vertex -105.905 -10.2669 0.4
    endloop
  endfacet
  facet normal 0 0 1
    outer loop
      vertex -105.994 -10.3335 0.4
      vertex -106.01 -11.6115 0.4
      vertex -105.923 -11.6803 0.4
    endloop
  endfacet
  facet normal -0 0 1
    outer loop
      vertex -106.073 -10.4111 0.4
      vertex -106.01 -11.6115 0.4
      vertex -105.994 -10.3335 0.4
    endloop
  endfacet
  facet normal 0 0 1
    outer loop
      vertex -106.073 -10.4111 0.4
      vertex -106.088 -11.5318 0.4
      vertex -106.01 -11.6115 0.4
    endloop
  endfacet
  facet normal -0 0 1
    outer loop
      vertex -106.142 -10.4984 0.4
      vertex -106.088 -11.5318 0.4
      vertex -106.073 -10.4111 0.4
    endloop
  endfacet
  facet normal 0 0 1
    outer loop
      vertex -106.142 -10.4984 0.4
      vertex -106.154 -11.4428 0.4
      vertex -106.088 -11.5318 0.4
    endloop
  endfacet
  facet normal -0 0 1
    outer loop
      vertex -106.199 -10.5939 0.4
      vertex -106.154 -11.4428 0.4
      vertex -106.142 -10.4984 0.4
    endloop
  endfacet
  facet normal 0 0 1
    outer loop
      vertex -106.199 -10.5939 0.4
      vertex -106.209 -11.3458 0.4
      vertex -106.154 -11.4428 0.4
    endloop
  endfacet
  facet normal -0 0 1
    outer loop
      vertex -106.243 -10.6961 0.4
      vertex -106.209 -11.3458 0.4
      vertex -106.199 -10.5939 0.4
    endloop
  endfacet
  facet normal 0 0 1
    outer loop
      vertex -106.243 -10.6961 0.4
      vertex -106.25 -11.2425 0.4
      vertex -106.209 -11.3458 0.4
    endloop
  endfacet
  facet normal -0 0 1
    outer loop
      vertex -106.273 -10.8031 0.4
      vertex -106.25 -11.2425 0.4
      vertex -106.243 -10.6961 0.4
    endloop
  endfacet
  facet normal 0 0 1
    outer loop
      vertex -106.273 -10.8031 0.4
      vertex -106.277 -11.1347 0.4
      vertex -106.25 -11.2425 0.4
    endloop
  endfacet
  facet normal -0 0 1
    outer loop
      vertex -106.289 -10.9131 0.4
      vertex -106.277 -11.1347 0.4
      vertex -106.273 -10.8031 0.4
    endloop
  endfacet
  facet normal 0 0 1
    outer loop
      vertex -106.277 -11.1347 0.4
      vertex -106.289 -10.9131 0.4
      vertex -106.29 -11.0243 0.4
    endloop
  endfacet
  facet normal 0.24722 -0.968959 0
    outer loop
      vertex -105.704 -10.1714 0.4
      vertex -105.597 -10.1441 3
      vertex -105.704 -10.1714 3
    endloop
  endfacet
  facet normal 0.24722 -0.968959 0
    outer loop
      vertex -105.597 -10.1441 3
      vertex -105.704 -10.1714 0.4
      vertex -105.597 -10.1441 0.4
    endloop
  endfacet
  facet normal 0.368306 -0.929705 0
    outer loop
      vertex -105.808 -10.2126 0.4
      vertex -105.704 -10.1714 3
      vertex -105.808 -10.2126 3
    endloop
  endfacet
  facet normal 0.368306 -0.929705 0
    outer loop
      vertex -105.704 -10.1714 3
      vertex -105.808 -10.2126 0.4
      vertex -105.704 -10.1714 0.4
    endloop
  endfacet
  facet normal -0.962636 0.270798 0
    outer loop
      vertex -68.0158 52.8222 0.4
      vertex -67.9857 52.9292 3
      vertex -67.9857 52.9292 0.4
    endloop
  endfacet
  facet normal -0.962636 0.270798 0
    outer loop
      vertex -67.9857 52.9292 3
      vertex -68.0158 52.8222 0.4
      vertex -68.0158 52.8222 3
    endloop
  endfacet
  facet normal 0.928848 0.37046 0
    outer loop
      vertex -69.5843 52.74 3
      vertex -69.6255 52.8433 0.4
      vertex -69.6255 52.8433 3
    endloop
  endfacet
  facet normal 0.928848 0.37046 0
    outer loop
      vertex -69.6255 52.8433 0.4
      vertex -69.5843 52.74 3
      vertex -69.5843 52.74 0.4
    endloop
  endfacet
  facet normal 0.918679 -0.395005 0
    outer loop
      vertex -69.6183 53.3897 3
      vertex -69.5744 53.4918 0.4
      vertex -69.5744 53.4918 3
    endloop
  endfacet
  facet normal 0.918679 -0.395005 0
    outer loop
      vertex -69.5744 53.4918 0.4
      vertex -69.6183 53.3897 3
      vertex -69.6183 53.3897 0.4
    endloop
  endfacet
  facet normal -0.598559 0.801079 0
    outer loop
      vertex -68.2651 52.4596 0.4
      vertex -68.3541 52.3931 3
      vertex -68.2651 52.4596 3
    endloop
  endfacet
  facet normal -0.598559 0.801079 0
    outer loop
      vertex -68.3541 52.3931 3
      vertex -68.2651 52.4596 0.4
      vertex -68.3541 52.3931 0.4
    endloop
  endfacet
  facet normal -0.969183 -0.246342 0
    outer loop
      vertex -67.9813 53.2608 0.4
      vertex -68.0087 53.3686 3
      vertex -68.0087 53.3686 0.4
    endloop
  endfacet
  facet normal -0.969183 -0.246342 0
    outer loop
      vertex -68.0087 53.3686 3
      vertex -67.9813 53.2608 0.4
      vertex -67.9813 53.2608 3
    endloop
  endfacet
  facet normal 0.013488 0.999909 -0
    outer loop
      vertex -68.7726 52.2571 0.4
      vertex -68.8838 52.2586 3
      vertex -68.7726 52.2571 3
    endloop
  endfacet
  facet normal 0.013488 0.999909 0
    outer loop
      vertex -68.8838 52.2586 3
      vertex -68.7726 52.2571 0.4
      vertex -68.8838 52.2586 0.4
    endloop
  endfacet
  facet normal 0.969128 0.246556 0
    outer loop
      vertex -69.6255 52.8433 3
      vertex -69.6529 52.951 0.4
      vertex -69.6529 52.951 3
    endloop
  endfacet
  facet normal 0.969128 0.246556 0
    outer loop
      vertex -69.6529 52.951 0.4
      vertex -69.6255 52.8433 3
      vertex -69.6255 52.8433 0.4
    endloop
  endfacet
  facet normal 0.143059 0.989714 -0
    outer loop
      vertex -68.8838 52.2586 0.4
      vertex -68.9938 52.2745 3
      vertex -68.8838 52.2586 3
    endloop
  endfacet
  facet normal 0.143059 0.989714 0
    outer loop
      vertex -68.9938 52.2745 3
      vertex -68.8838 52.2586 0.4
      vertex -68.9938 52.2745 0.4
    endloop
  endfacet
  facet normal -0.271631 -0.962401 0
    outer loop
      vertex -68.6404 53.9374 0.4
      vertex -68.5334 53.9072 3
      vertex -68.6404 53.9374 3
    endloop
  endfacet
  facet normal -0.271631 -0.962401 -0
    outer loop
      vertex -68.5334 53.9072 3
      vertex -68.6404 53.9374 0.4
      vertex -68.5334 53.9072 0.4
    endloop
  endfacet
  facet normal -0.801401 -0.598128 0
    outer loop
      vertex -68.1042 53.5689 0.4
      vertex -68.1707 53.658 3
      vertex -68.1707 53.658 0.4
    endloop
  endfacet
  facet normal -0.801401 -0.598128 0
    outer loop
      vertex -68.1707 53.658 3
      vertex -68.1042 53.5689 0.4
      vertex -68.1042 53.5689 3
    endloop
  endfacet
  facet normal 0.716045 0.698054 0
    outer loop
      vertex -69.3858 52.4743 3
      vertex -69.4634 52.5539 0.4
      vertex -69.4634 52.5539 3
    endloop
  endfacet
  facet normal 0.716045 0.698054 0
    outer loop
      vertex -69.4634 52.5539 0.4
      vertex -69.3858 52.4743 3
      vertex -69.3858 52.4743 0.4
    endloop
  endfacet
  facet normal 0.993151 0.116841 0
    outer loop
      vertex -69.6529 52.951 3
      vertex -69.6659 53.0615 0.4
      vertex -69.6659 53.0615 3
    endloop
  endfacet
  facet normal 0.993151 0.116841 0
    outer loop
      vertex -69.6659 53.0615 0.4
      vertex -69.6529 52.951 3
      vertex -69.6529 52.951 0.4
    endloop
  endfacet
  facet normal -0.872583 -0.488466 0
    outer loop
      vertex -68.0499 53.4719 0.4
      vertex -68.1042 53.5689 3
      vertex -68.1042 53.5689 0.4
    endloop
  endfacet
  facet normal -0.872583 -0.488466 0
    outer loop
      vertex -68.1042 53.5689 3
      vertex -68.0499 53.4719 0.4
      vertex -68.0499 53.4719 3
    endloop
  endfacet
  facet normal -0.859312 0.511452 0
    outer loop
      vertex -68.1166 52.6245 0.4
      vertex -68.0597 52.7201 3
      vertex -68.0597 52.7201 0.4
    endloop
  endfacet
  facet normal -0.859312 0.511452 0
    outer loop
      vertex -68.0597 52.7201 3
      vertex -68.1166 52.6245 0.4
      vertex -68.1166 52.6245 3
    endloop
  endfacet
  facet normal 0.80097 0.598705 0
    outer loop
      vertex -69.4634 52.5539 3
      vertex -69.53 52.643 0.4
      vertex -69.53 52.643 3
    endloop
  endfacet
  facet normal 0.80097 0.598705 0
    outer loop
      vertex -69.53 52.643 0.4
      vertex -69.4634 52.5539 3
      vertex -69.4634 52.5539 0.4
    endloop
  endfacet
  facet normal 0.989605 -0.143812 0
    outer loop
      vertex -69.6645 53.1726 3
      vertex -69.6485 53.2827 0.4
      vertex -69.6485 53.2827 3
    endloop
  endfacet
  facet normal 0.989605 -0.143812 0
    outer loop
      vertex -69.6485 53.2827 0.4
      vertex -69.6645 53.1726 3
      vertex -69.6645 53.1726 0.4
    endloop
  endfacet
  facet normal 0.117833 -0.993033 0
    outer loop
      vertex -68.972 53.9417 0.4
      vertex -68.8616 53.9548 3
      vertex -68.972 53.9417 3
    endloop
  endfacet
  facet normal 0.117833 -0.993033 0
    outer loop
      vertex -68.8616 53.9548 3
      vertex -68.972 53.9417 0.4
      vertex -68.8616 53.9548 0.4
    endloop
  endfacet
  facet normal -0.245497 0.969397 0
    outer loop
      vertex -68.5544 52.2975 0.4
      vertex -68.6622 52.2702 3
      vertex -68.5544 52.2975 3
    endloop
  endfacet
  facet normal -0.245497 0.969397 0
    outer loop
      vertex -68.6622 52.2702 3
      vertex -68.5544 52.2975 0.4
      vertex -68.6622 52.2702 0.4
    endloop
  endfacet
  facet normal -0.697605 0.716483 0
    outer loop
      vertex -68.1854 52.5372 0.4
      vertex -68.2651 52.4596 3
      vertex -68.1854 52.5372 3
    endloop
  endfacet
  facet normal -0.697605 0.716483 0
    outer loop
      vertex -68.2651 52.4596 3
      vertex -68.1854 52.5372 0.4
      vertex -68.2651 52.4596 0.4
    endloop
  endfacet
  facet normal -0.989605 0.143812 0
    outer loop
      vertex -67.9857 52.9292 0.4
      vertex -67.9697 53.0393 3
      vertex -67.9697 53.0393 0.4
    endloop
  endfacet
  facet normal -0.989605 0.143812 0
    outer loop
      vertex -67.9697 53.0393 3
      vertex -67.9857 52.9292 0.4
      vertex -67.9857 52.9292 3
    endloop
  endfacet
  facet normal -0.488768 0.872414 0
    outer loop
      vertex -68.3541 52.3931 0.4
      vertex -68.4512 52.3387 3
      vertex -68.3541 52.3931 3
    endloop
  endfacet
  facet normal -0.488768 0.872414 0
    outer loop
      vertex -68.4512 52.3387 3
      vertex -68.3541 52.3931 0.4
      vertex -68.4512 52.3387 0.4
    endloop
  endfacet
  facet normal 0.999921 -0.0126003 0
    outer loop
      vertex -69.6659 53.0615 3
      vertex -69.6645 53.1726 0.4
      vertex -69.6645 53.1726 3
    endloop
  endfacet
  facet normal 0.999921 -0.0126003 0
    outer loop
      vertex -69.6645 53.1726 0.4
      vertex -69.6659 53.0615 3
      vertex -69.6659 53.0615 0.4
    endloop
  endfacet
  facet normal 0.785412 -0.618973 0
    outer loop
      vertex -69.5176 53.5874 3
      vertex -69.4488 53.6747 0.4
      vertex -69.4488 53.6747 3
    endloop
  endfacet
  facet normal 0.785412 -0.618973 0
    outer loop
      vertex -69.4488 53.6747 0.4
      vertex -69.5176 53.5874 3
      vertex -69.5176 53.5874 0.4
    endloop
  endfacet
  facet normal -0.785412 0.618973 0
    outer loop
      vertex -68.1854 52.5372 0.4
      vertex -68.1166 52.6245 3
      vertex -68.1166 52.6245 0.4
    endloop
  endfacet
  facet normal -0.785412 0.618973 0
    outer loop
      vertex -68.1166 52.6245 3
      vertex -68.1854 52.5372 0.4
      vertex -68.1854 52.5372 3
    endloop
  endfacet
  facet normal 0.697605 -0.716483 0
    outer loop
      vertex -69.4488 53.6747 0.4
      vertex -69.3691 53.7523 3
      vertex -69.4488 53.6747 3
    endloop
  endfacet
  facet normal 0.697605 -0.716483 0
    outer loop
      vertex -69.3691 53.7523 3
      vertex -69.4488 53.6747 0.4
      vertex -69.3691 53.7523 0.4
    endloop
  endfacet
  facet normal 0.872583 0.488466 0
    outer loop
      vertex -69.53 52.643 3
      vertex -69.5843 52.74 0.4
      vertex -69.5843 52.74 3
    endloop
  endfacet
  facet normal 0.872583 0.488466 0
    outer loop
      vertex -69.5843 52.74 0.4
      vertex -69.53 52.643 3
      vertex -69.53 52.643 0.4
    endloop
  endfacet
  facet normal -0.394679 -0.918819 0
    outer loop
      vertex -68.5334 53.9072 0.4
      vertex -68.4312 53.8633 3
      vertex -68.5334 53.9072 3
    endloop
  endfacet
  facet normal -0.394679 -0.918819 -0
    outer loop
      vertex -68.4312 53.8633 3
      vertex -68.5334 53.9072 0.4
      vertex -68.4312 53.8633 0.4
    endloop
  endfacet
  facet normal 0.271631 0.962401 -0
    outer loop
      vertex -68.9938 52.2745 0.4
      vertex -69.1008 52.3047 3
      vertex -68.9938 52.2745 3
    endloop
  endfacet
  facet normal 0.271631 0.962401 0
    outer loop
      vertex -69.1008 52.3047 3
      vertex -68.9938 52.2745 0.4
      vertex -69.1008 52.3047 0.4
    endloop
  endfacet
  facet normal 0.37077 -0.928725 0
    outer loop
      vertex -69.183 53.8731 0.4
      vertex -69.0798 53.9143 3
      vertex -69.183 53.8731 3
    endloop
  endfacet
  facet normal 0.37077 -0.928725 0
    outer loop
      vertex -69.0798 53.9143 3
      vertex -69.183 53.8731 0.4
      vertex -69.0798 53.9143 0.4
    endloop
  endfacet
  facet normal -0.117833 0.993033 0
    outer loop
      vertex -68.6622 52.2702 0.4
      vertex -68.7726 52.2571 3
      vertex -68.6622 52.2702 3
    endloop
  endfacet
  facet normal -0.117833 0.993033 0
    outer loop
      vertex -68.7726 52.2571 3
      vertex -68.6622 52.2702 0.4
      vertex -68.7726 52.2571 0.4
    endloop
  endfacet
  facet normal 0.962401 -0.271631 0
    outer loop
      vertex -69.6485 53.2827 3
      vertex -69.6183 53.3897 0.4
      vertex -69.6183 53.3897 3
    endloop
  endfacet
  facet normal 0.962401 -0.271631 0
    outer loop
      vertex -69.6183 53.3897 0.4
      vertex -69.6485 53.2827 3
      vertex -69.6485 53.2827 0.4
    endloop
  endfacet
  facet normal 0.246342 -0.969183 0
    outer loop
      vertex -69.0798 53.9143 0.4
      vertex -68.972 53.9417 3
      vertex -69.0798 53.9143 3
    endloop
  endfacet
  facet normal 0.246342 -0.969183 0
    outer loop
      vertex -68.972 53.9417 3
      vertex -69.0798 53.9143 0.4
      vertex -68.972 53.9417 0.4
    endloop
  endfacet
  facet normal -0.510788 -0.859707 0
    outer loop
      vertex -68.4312 53.8633 0.4
      vertex -68.3356 53.8065 3
      vertex -68.4312 53.8633 3
    endloop
  endfacet
  facet normal -0.510788 -0.859707 -0
    outer loop
      vertex -68.3356 53.8065 3
      vertex -68.4312 53.8633 0.4
      vertex -68.3356 53.8065 0.4
    endloop
  endfacet
  facet normal 0.598128 -0.801401 0
    outer loop
      vertex -69.3691 53.7523 0.4
      vertex -69.28 53.8188 3
      vertex -69.3691 53.7523 3
    endloop
  endfacet
  facet normal 0.598128 -0.801401 0
    outer loop
      vertex -69.28 53.8188 3
      vertex -69.3691 53.7523 0.4
      vertex -69.28 53.8188 0.4
    endloop
  endfacet
  facet normal -0.918679 0.395005 0
    outer loop
      vertex -68.0597 52.7201 0.4
      vertex -68.0158 52.8222 3
      vertex -68.0158 52.8222 0.4
    endloop
  endfacet
  facet normal -0.918679 0.395005 0
    outer loop
      vertex -68.0158 52.8222 3
      vertex -68.0597 52.7201 0.4
      vertex -68.0597 52.7201 3
    endloop
  endfacet
  facet normal 0.859707 -0.510788 0
    outer loop
      vertex -69.5744 53.4918 3
      vertex -69.5176 53.5874 0.4
      vertex -69.5176 53.5874 3
    endloop
  endfacet
  facet normal 0.859707 -0.510788 0
    outer loop
      vertex -69.5176 53.5874 0.4
      vertex -69.5744 53.4918 3
      vertex -69.5744 53.4918 0.4
    endloop
  endfacet
  facet normal -0.928848 -0.37046 0
    outer loop
      vertex -68.0087 53.3686 0.4
      vertex -68.0499 53.4719 3
      vertex -68.0499 53.4719 0.4
    endloop
  endfacet
  facet normal -0.928848 -0.37046 0
    outer loop
      vertex -68.0499 53.4719 3
      vertex -68.0087 53.3686 0.4
      vertex -68.0087 53.3686 3
    endloop
  endfacet
  facet normal -0.013488 -0.999909 0
    outer loop
      vertex -68.8616 53.9548 0.4
      vertex -68.7504 53.9533 3
      vertex -68.8616 53.9548 3
    endloop
  endfacet
  facet normal -0.013488 -0.999909 -0
    outer loop
      vertex -68.7504 53.9533 3
      vertex -68.8616 53.9548 0.4
      vertex -68.7504 53.9533 0.4
    endloop
  endfacet
  facet normal 0.488466 -0.872583 0
    outer loop
      vertex -69.28 53.8188 0.4
      vertex -69.183 53.8731 3
      vertex -69.28 53.8188 3
    endloop
  endfacet
  facet normal 0.488466 -0.872583 0
    outer loop
      vertex -69.183 53.8731 3
      vertex -69.28 53.8188 0.4
      vertex -69.183 53.8731 0.4
    endloop
  endfacet
  facet normal 0.619528 0.784975 -0
    outer loop
      vertex -69.2985 52.4054 0.4
      vertex -69.3858 52.4743 3
      vertex -69.2985 52.4054 3
    endloop
  endfacet
  facet normal 0.619528 0.784975 0
    outer loop
      vertex -69.3858 52.4743 3
      vertex -69.2985 52.4054 0.4
      vertex -69.3858 52.4743 0.4
    endloop
  endfacet
  facet normal -0.999921 0.0126003 0
    outer loop
      vertex -67.9697 53.0393 0.4
      vertex -67.9683 53.1504 3
      vertex -67.9683 53.1504 0.4
    endloop
  endfacet
  facet normal -0.999921 0.0126003 0
    outer loop
      vertex -67.9683 53.1504 3
      vertex -67.9697 53.0393 0.4
      vertex -67.9697 53.0393 3
    endloop
  endfacet
  facet normal -0.993138 -0.116946 0
    outer loop
      vertex -67.9683 53.1504 0.4
      vertex -67.9813 53.2608 3
      vertex -67.9813 53.2608 0.4
    endloop
  endfacet
  facet normal -0.993138 -0.116946 0
    outer loop
      vertex -67.9813 53.2608 3
      vertex -67.9683 53.1504 0.4
      vertex -67.9683 53.1504 3
    endloop
  endfacet
  facet normal -0.716045 -0.698054 0
    outer loop
      vertex -68.1707 53.658 0.4
      vertex -68.2483 53.7376 3
      vertex -68.2483 53.7376 0.4
    endloop
  endfacet
  facet normal -0.716045 -0.698054 0
    outer loop
      vertex -68.2483 53.7376 3
      vertex -68.1707 53.658 0.4
      vertex -68.1707 53.658 3
    endloop
  endfacet
  facet normal -0.619528 -0.784975 0
    outer loop
      vertex -68.3356 53.8065 0.4
      vertex -68.2483 53.7376 3
      vertex -68.3356 53.8065 3
    endloop
  endfacet
  facet normal -0.619528 -0.784975 -0
    outer loop
      vertex -68.2483 53.7376 3
      vertex -68.3356 53.8065 0.4
      vertex -68.2483 53.7376 0.4
    endloop
  endfacet
  facet normal -0.143059 -0.989714 0
    outer loop
      vertex -68.7504 53.9533 0.4
      vertex -68.6404 53.9374 3
      vertex -68.7504 53.9533 3
    endloop
  endfacet
  facet normal -0.143059 -0.989714 -0
    outer loop
      vertex -68.6404 53.9374 3
      vertex -68.7504 53.9533 0.4
      vertex -68.6404 53.9374 0.4
    endloop
  endfacet
  facet normal 0 0 1
    outer loop
      vertex -67.9813 53.2608 0.4
      vertex -67.9697 53.0393 0.4
      vertex -67.9683 53.1504 0.4
    endloop
  endfacet
  facet normal 0 0 1
    outer loop
      vertex -67.9813 53.2608 0.4
      vertex -67.9857 52.9292 0.4
      vertex -67.9697 53.0393 0.4
    endloop
  endfacet
  facet normal 0 0 1
    outer loop
      vertex -68.0087 53.3686 0.4
      vertex -67.9857 52.9292 0.4
      vertex -67.9813 53.2608 0.4
    endloop
  endfacet
  facet normal 0 0 1
    outer loop
      vertex -68.0087 53.3686 0.4
      vertex -68.0158 52.8222 0.4
      vertex -67.9857 52.9292 0.4
    endloop
  endfacet
  facet normal 0 0 1
    outer loop
      vertex -68.0499 53.4719 0.4
      vertex -68.0158 52.8222 0.4
      vertex -68.0087 53.3686 0.4
    endloop
  endfacet
  facet normal 0 0 1
    outer loop
      vertex -68.0499 53.4719 0.4
      vertex -68.0597 52.7201 0.4
      vertex -68.0158 52.8222 0.4
    endloop
  endfacet
  facet normal 0 0 1
    outer loop
      vertex -68.1042 53.5689 0.4
      vertex -68.0597 52.7201 0.4
      vertex -68.0499 53.4719 0.4
    endloop
  endfacet
  facet normal 0 0 1
    outer loop
      vertex -68.1042 53.5689 0.4
      vertex -68.1166 52.6245 0.4
      vertex -68.0597 52.7201 0.4
    endloop
  endfacet
  facet normal 0 0 1
    outer loop
      vertex -68.1707 53.658 0.4
      vertex -68.1166 52.6245 0.4
      vertex -68.1042 53.5689 0.4
    endloop
  endfacet
  facet normal 0 0 1
    outer loop
      vertex -68.1707 53.658 0.4
      vertex -68.1854 52.5372 0.4
      vertex -68.1166 52.6245 0.4
    endloop
  endfacet
  facet normal 0 0 1
    outer loop
      vertex -68.2483 53.7376 0.4
      vertex -68.1854 52.5372 0.4
      vertex -68.1707 53.658 0.4
    endloop
  endfacet
  facet normal 0 0 1
    outer loop
      vertex -68.2483 53.7376 0.4
      vertex -68.2651 52.4596 0.4
      vertex -68.1854 52.5372 0.4
    endloop
  endfacet
  facet normal 0 0 1
    outer loop
      vertex -68.3356 53.8065 0.4
      vertex -68.2651 52.4596 0.4
      vertex -68.2483 53.7376 0.4
    endloop
  endfacet
  facet normal 0 0 1
    outer loop
      vertex -68.3356 53.8065 0.4
      vertex -68.3541 52.3931 0.4
      vertex -68.2651 52.4596 0.4
    endloop
  endfacet
  facet normal 0 0 1
    outer loop
      vertex -68.4312 53.8633 0.4
      vertex -68.3541 52.3931 0.4
      vertex -68.3356 53.8065 0.4
    endloop
  endfacet
  facet normal 0 0 1
    outer loop
      vertex -68.4312 53.8633 0.4
      vertex -68.4512 52.3387 0.4
      vertex -68.3541 52.3931 0.4
    endloop
  endfacet
  facet normal 0 0 1
    outer loop
      vertex -68.5334 53.9072 0.4
      vertex -68.4512 52.3387 0.4
      vertex -68.4312 53.8633 0.4
    endloop
  endfacet
  facet normal 0 0 1
    outer loop
      vertex -68.5334 53.9072 0.4
      vertex -68.5544 52.2975 0.4
      vertex -68.4512 52.3387 0.4
    endloop
  endfacet
  facet normal 0 0 1
    outer loop
      vertex -68.6404 53.9374 0.4
      vertex -68.5544 52.2975 0.4
      vertex -68.5334 53.9072 0.4
    endloop
  endfacet
  facet normal 0 0 1
    outer loop
      vertex -68.6404 53.9374 0.4
      vertex -68.6622 52.2702 0.4
      vertex -68.5544 52.2975 0.4
    endloop
  endfacet
  facet normal 0 0 1
    outer loop
      vertex -68.7504 53.9533 0.4
      vertex -68.6622 52.2702 0.4
      vertex -68.6404 53.9374 0.4
    endloop
  endfacet
  facet normal 0 0 1
    outer loop
      vertex -68.7504 53.9533 0.4
      vertex -68.7726 52.2571 0.4
      vertex -68.6622 52.2702 0.4
    endloop
  endfacet
  facet normal 0 0 1
    outer loop
      vertex -68.8616 53.9548 0.4
      vertex -68.7726 52.2571 0.4
      vertex -68.7504 53.9533 0.4
    endloop
  endfacet
  facet normal 0 0 1
    outer loop
      vertex -68.8616 53.9548 0.4
      vertex -68.8838 52.2586 0.4
      vertex -68.7726 52.2571 0.4
    endloop
  endfacet
  facet normal -0 0 1
    outer loop
      vertex -68.972 53.9417 0.4
      vertex -68.8838 52.2586 0.4
      vertex -68.8616 53.9548 0.4
    endloop
  endfacet
  facet normal 0 0 1
    outer loop
      vertex -68.972 53.9417 0.4
      vertex -68.9938 52.2745 0.4
      vertex -68.8838 52.2586 0.4
    endloop
  endfacet
  facet normal -0 0 1
    outer loop
      vertex -69.0798 53.9143 0.4
      vertex -68.9938 52.2745 0.4
      vertex -68.972 53.9417 0.4
    endloop
  endfacet
  facet normal 0 0 1
    outer loop
      vertex -69.0798 53.9143 0.4
      vertex -69.1008 52.3047 0.4
      vertex -68.9938 52.2745 0.4
    endloop
  endfacet
  facet normal -0 0 1
    outer loop
      vertex -69.183 53.8731 0.4
      vertex -69.1008 52.3047 0.4
      vertex -69.0798 53.9143 0.4
    endloop
  endfacet
  facet normal 0 0 1
    outer loop
      vertex -69.183 53.8731 0.4
      vertex -69.203 52.3486 0.4
      vertex -69.1008 52.3047 0.4
    endloop
  endfacet
  facet normal -0 0 1
    outer loop
      vertex -69.28 53.8188 0.4
      vertex -69.203 52.3486 0.4
      vertex -69.183 53.8731 0.4
    endloop
  endfacet
  facet normal 0 0 1
    outer loop
      vertex -69.28 53.8188 0.4
      vertex -69.2985 52.4054 0.4
      vertex -69.203 52.3486 0.4
    endloop
  endfacet
  facet normal -0 0 1
    outer loop
      vertex -69.3691 53.7523 0.4
      vertex -69.2985 52.4054 0.4
      vertex -69.28 53.8188 0.4
    endloop
  endfacet
  facet normal 0 0 1
    outer loop
      vertex -69.3691 53.7523 0.4
      vertex -69.3858 52.4743 0.4
      vertex -69.2985 52.4054 0.4
    endloop
  endfacet
  facet normal -0 0 1
    outer loop
      vertex -69.4488 53.6747 0.4
      vertex -69.3858 52.4743 0.4
      vertex -69.3691 53.7523 0.4
    endloop
  endfacet
  facet normal 0 0 1
    outer loop
      vertex -69.4488 53.6747 0.4
      vertex -69.4634 52.5539 0.4
      vertex -69.3858 52.4743 0.4
    endloop
  endfacet
  facet normal -0 0 1
    outer loop
      vertex -69.5176 53.5874 0.4
      vertex -69.4634 52.5539 0.4
      vertex -69.4488 53.6747 0.4
    endloop
  endfacet
  facet normal 0 0 1
    outer loop
      vertex -69.5176 53.5874 0.4
      vertex -69.53 52.643 0.4
      vertex -69.4634 52.5539 0.4
    endloop
  endfacet
  facet normal -0 0 1
    outer loop
      vertex -69.5744 53.4918 0.4
      vertex -69.53 52.643 0.4
      vertex -69.5176 53.5874 0.4
    endloop
  endfacet
  facet normal 0 0 1
    outer loop
      vertex -69.5744 53.4918 0.4
      vertex -69.5843 52.74 0.4
      vertex -69.53 52.643 0.4
    endloop
  endfacet
  facet normal -0 0 1
    outer loop
      vertex -69.6183 53.3897 0.4
      vertex -69.5843 52.74 0.4
      vertex -69.5744 53.4918 0.4
    endloop
  endfacet
  facet normal 0 0 1
    outer loop
      vertex -69.6183 53.3897 0.4
      vertex -69.6255 52.8433 0.4
      vertex -69.5843 52.74 0.4
    endloop
  endfacet
  facet normal -0 0 1
    outer loop
      vertex -69.6485 53.2827 0.4
      vertex -69.6255 52.8433 0.4
      vertex -69.6183 53.3897 0.4
    endloop
  endfacet
  facet normal 0 0 1
    outer loop
      vertex -69.6485 53.2827 0.4
      vertex -69.6529 52.951 0.4
      vertex -69.6255 52.8433 0.4
    endloop
  endfacet
  facet normal -0 0 1
    outer loop
      vertex -69.6645 53.1726 0.4
      vertex -69.6529 52.951 0.4
      vertex -69.6485 53.2827 0.4
    endloop
  endfacet
  facet normal 0 0 1
    outer loop
      vertex -69.6529 52.951 0.4
      vertex -69.6645 53.1726 0.4
      vertex -69.6659 53.0615 0.4
    endloop
  endfacet
  facet normal -0.37077 0.928725 0
    outer loop
      vertex -68.4512 52.3387 0.4
      vertex -68.5544 52.2975 3
      vertex -68.4512 52.3387 3
    endloop
  endfacet
  facet normal -0.37077 0.928725 0
    outer loop
      vertex -68.5544 52.2975 3
      vertex -68.4512 52.3387 0.4
      vertex -68.5544 52.2975 0.4
    endloop
  endfacet
  facet normal 0.511183 0.859472 -0
    outer loop
      vertex -69.203 52.3486 0.4
      vertex -69.2985 52.4054 3
      vertex -69.203 52.3486 3
    endloop
  endfacet
  facet normal 0.511183 0.859472 0
    outer loop
      vertex -69.2985 52.4054 3
      vertex -69.203 52.3486 0.4
      vertex -69.2985 52.4054 0.4
    endloop
  endfacet
  facet normal 0.394679 0.918819 -0
    outer loop
      vertex -69.1008 52.3047 0.4
      vertex -69.203 52.3486 3
      vertex -69.1008 52.3047 3
    endloop
  endfacet
  facet normal 0.394679 0.918819 0
    outer loop
      vertex -69.203 52.3486 3
      vertex -69.1008 52.3047 0.4
      vertex -69.203 52.3486 0.4
    endloop
  endfacet
  facet normal 0.989714 -0.143059 0
    outer loop
      vertex -31.6913 -18.2839 3
      vertex -31.6754 -18.1739 0.4
      vertex -31.6754 -18.1739 3
    endloop
  endfacet
  facet normal 0.989714 -0.143059 0
    outer loop
      vertex -31.6754 -18.1739 0.4
      vertex -31.6913 -18.2839 3
      vertex -31.6913 -18.2839 0.4
    endloop
  endfacet
  facet normal -0.962401 0.271631 0
    outer loop
      vertex -30.0427 -18.6343 0.4
      vertex -30.0125 -18.5273 3
      vertex -30.0125 -18.5273 0.4
    endloop
  endfacet
  facet normal -0.962401 0.271631 0
    outer loop
      vertex -30.0125 -18.5273 3
      vertex -30.0427 -18.6343 0.4
      vertex -30.0427 -18.6343 3
    endloop
  endfacet
  facet normal 0.872797 0.488083 0
    outer loop
      vertex -31.5568 -18.8136 3
      vertex -31.6111 -18.7165 0.4
      vertex -31.6111 -18.7165 3
    endloop
  endfacet
  facet normal 0.872797 0.488083 0
    outer loop
      vertex -31.6111 -18.7165 0.4
      vertex -31.5568 -18.8136 3
      vertex -31.5568 -18.8136 0.4
    endloop
  endfacet
  facet normal 0.918819 -0.394679 0
    outer loop
      vertex -31.6452 -18.0669 3
      vertex -31.6013 -17.9647 0.4
      vertex -31.6013 -17.9647 3
    endloop
  endfacet
  facet normal 0.918819 -0.394679 0
    outer loop
      vertex -31.6013 -17.9647 0.4
      vertex -31.6452 -18.0669 3
      vertex -31.6452 -18.0669 0.4
    endloop
  endfacet
  facet normal 0.598705 -0.80097 0
    outer loop
      vertex -31.396 -17.7043 0.4
      vertex -31.3069 -17.6377 3
      vertex -31.396 -17.7043 3
    endloop
  endfacet
  facet normal 0.598705 -0.80097 0
    outer loop
      vertex -31.3069 -17.6377 3
      vertex -31.396 -17.7043 0.4
      vertex -31.3069 -17.6377 0.4
    endloop
  endfacet
  facet normal 0.488466 -0.872583 0
    outer loop
      vertex -31.3069 -17.6377 0.4
      vertex -31.2099 -17.5834 3
      vertex -31.3069 -17.6377 3
    endloop
  endfacet
  facet normal 0.488466 -0.872583 0
    outer loop
      vertex -31.2099 -17.5834 3
      vertex -31.3069 -17.6377 0.4
      vertex -31.2099 -17.5834 0.4
    endloop
  endfacet
  facet normal -0.859707 0.510788 0
    outer loop
      vertex -30.1434 -18.8321 0.4
      vertex -30.0866 -18.7365 3
      vertex -30.0866 -18.7365 0.4
    endloop
  endfacet
  facet normal -0.859707 0.510788 0
    outer loop
      vertex -30.0866 -18.7365 3
      vertex -30.1434 -18.8321 0.4
      vertex -30.1434 -18.8321 3
    endloop
  endfacet
  facet normal -0.271631 -0.962401 0
    outer loop
      vertex -30.6672 -17.5192 0.4
      vertex -30.5602 -17.5494 3
      vertex -30.6672 -17.5192 3
    endloop
  endfacet
  facet normal -0.271631 -0.962401 -0
    outer loop
      vertex -30.5602 -17.5494 3
      vertex -30.6672 -17.5192 0.4
      vertex -30.5602 -17.5494 0.4
    endloop
  endfacet
  facet normal 0.801079 0.598559 0
    outer loop
      vertex -31.4903 -18.9026 3
      vertex -31.5568 -18.8136 0.4
      vertex -31.5568 -18.8136 3
    endloop
  endfacet
  facet normal 0.801079 0.598559 0
    outer loop
      vertex -31.5568 -18.8136 0.4
      vertex -31.4903 -18.9026 3
      vertex -31.4903 -18.9026 0.4
    endloop
  endfacet
  facet normal 0.37046 -0.928848 0
    outer loop
      vertex -31.2099 -17.5834 0.4
      vertex -31.1066 -17.5422 3
      vertex -31.2099 -17.5834 3
    endloop
  endfacet
  facet normal 0.37046 -0.928848 0
    outer loop
      vertex -31.1066 -17.5422 3
      vertex -31.2099 -17.5834 0.4
      vertex -31.1066 -17.5422 0.4
    endloop
  endfacet
  facet normal -0.116841 0.993151 0
    outer loop
      vertex -30.689 -19.1864 0.4
      vertex -30.7995 -19.1994 3
      vertex -30.689 -19.1864 3
    endloop
  endfacet
  facet normal -0.116841 0.993151 0
    outer loop
      vertex -30.7995 -19.1994 3
      vertex -30.689 -19.1864 0.4
      vertex -30.7995 -19.1994 0.4
    endloop
  endfacet
  facet normal 0.395005 0.918679 -0
    outer loop
      vertex -31.1277 -19.1519 0.4
      vertex -31.2298 -19.108 3
      vertex -31.1277 -19.1519 3
    endloop
  endfacet
  facet normal 0.395005 0.918679 0
    outer loop
      vertex -31.2298 -19.108 3
      vertex -31.1277 -19.1519 0.4
      vertex -31.2298 -19.108 0.4
    endloop
  endfacet
  facet normal 0.993033 0.117833 0
    outer loop
      vertex -31.6797 -18.5055 3
      vertex -31.6928 -18.3951 0.4
      vertex -31.6928 -18.3951 3
    endloop
  endfacet
  facet normal 0.993033 0.117833 0
    outer loop
      vertex -31.6928 -18.3951 0.4
      vertex -31.6797 -18.5055 3
      vertex -31.6797 -18.5055 0.4
    endloop
  endfacet
  facet normal 0.511452 0.859312 -0
    outer loop
      vertex -31.2298 -19.108 0.4
      vertex -31.3254 -19.0511 3
      vertex -31.2298 -19.108 3
    endloop
  endfacet
  facet normal 0.511452 0.859312 0
    outer loop
      vertex -31.3254 -19.0511 3
      vertex -31.2298 -19.108 0.4
      vertex -31.3254 -19.0511 0.4
    endloop
  endfacet
  facet normal -0.37046 0.928848 0
    outer loop
      vertex -30.478 -19.1178 0.4
      vertex -30.5813 -19.159 3
      vertex -30.478 -19.1178 3
    endloop
  endfacet
  facet normal -0.37046 0.928848 0
    outer loop
      vertex -30.5813 -19.159 3
      vertex -30.478 -19.1178 0.4
      vertex -30.5813 -19.159 0.4
    endloop
  endfacet
  facet normal -0.698054 0.716045 0
    outer loop
      vertex -30.2123 -18.9194 0.4
      vertex -30.2919 -18.997 3
      vertex -30.2123 -18.9194 3
    endloop
  endfacet
  facet normal -0.698054 0.716045 0
    outer loop
      vertex -30.2919 -18.997 3
      vertex -30.2123 -18.9194 0.4
      vertex -30.2919 -18.997 0.4
    endloop
  endfacet
  facet normal 0.962401 -0.271631 0
    outer loop
      vertex -31.6754 -18.1739 3
      vertex -31.6452 -18.0669 0.4
      vertex -31.6452 -18.0669 3
    endloop
  endfacet
  facet normal 0.962401 -0.271631 0
    outer loop
      vertex -31.6452 -18.0669 0.4
      vertex -31.6754 -18.1739 3
      vertex -31.6754 -18.1739 0.4
    endloop
  endfacet
  facet normal 0.270798 0.962636 -0
    outer loop
      vertex -31.0207 -19.182 0.4
      vertex -31.1277 -19.1519 3
      vertex -31.0207 -19.182 3
    endloop
  endfacet
  facet normal 0.270798 0.962636 0
    outer loop
      vertex -31.1277 -19.1519 3
      vertex -31.0207 -19.182 0.4
      vertex -31.1277 -19.1519 0.4
    endloop
  endfacet
  facet normal -0.784975 0.619528 0
    outer loop
      vertex -30.2123 -18.9194 0.4
      vertex -30.1434 -18.8321 3
      vertex -30.1434 -18.8321 0.4
    endloop
  endfacet
  facet normal -0.784975 0.619528 0
    outer loop
      vertex -30.1434 -18.8321 3
      vertex -30.2123 -18.9194 0.4
      vertex -30.2123 -18.9194 3
    endloop
  endfacet
  facet normal -0.246556 0.969128 0
    outer loop
      vertex -30.5813 -19.159 0.4
      vertex -30.689 -19.1864 3
      vertex -30.5813 -19.159 3
    endloop
  endfacet
  facet normal -0.246556 0.969128 0
    outer loop
      vertex -30.689 -19.1864 3
      vertex -30.5813 -19.159 0.4
      vertex -30.689 -19.1864 0.4
    endloop
  endfacet
  facet normal -0.394679 -0.918819 0
    outer loop
      vertex -30.5602 -17.5494 0.4
      vertex -30.458 -17.5933 3
      vertex -30.5602 -17.5494 3
    endloop
  endfacet
  facet normal -0.394679 -0.918819 -0
    outer loop
      vertex -30.458 -17.5933 3
      vertex -30.5602 -17.5494 0.4
      vertex -30.458 -17.5933 0.4
    endloop
  endfacet
  facet normal 0.999909 -0.013488 0
    outer loop
      vertex -31.6928 -18.3951 3
      vertex -31.6913 -18.2839 0.4
      vertex -31.6913 -18.2839 3
    endloop
  endfacet
  facet normal 0.999909 -0.013488 0
    outer loop
      vertex -31.6913 -18.2839 0.4
      vertex -31.6928 -18.3951 3
      vertex -31.6928 -18.3951 0.4
    endloop
  endfacet
  facet normal 0.716483 0.697605 0
    outer loop
      vertex -31.4127 -18.9823 3
      vertex -31.4903 -18.9026 0.4
      vertex -31.4903 -18.9026 3
    endloop
  endfacet
  facet normal 0.716483 0.697605 0
    outer loop
      vertex -31.4903 -18.9026 0.4
      vertex -31.4127 -18.9823 3
      vertex -31.4127 -18.9823 0.4
    endloop
  endfacet
  facet normal -0.918819 0.394679 0
    outer loop
      vertex -30.0866 -18.7365 0.4
      vertex -30.0427 -18.6343 3
      vertex -30.0427 -18.6343 0.4
    endloop
  endfacet
  facet normal -0.918819 0.394679 0
    outer loop
      vertex -30.0427 -18.6343 3
      vertex -30.0866 -18.7365 0.4
      vertex -30.0866 -18.7365 3
    endloop
  endfacet
  facet normal 0.0126003 0.999921 -0
    outer loop
      vertex -30.7995 -19.1994 0.4
      vertex -30.9106 -19.198 3
      vertex -30.7995 -19.1994 3
    endloop
  endfacet
  facet normal 0.0126003 0.999921 0
    outer loop
      vertex -30.9106 -19.198 3
      vertex -30.7995 -19.1994 0.4
      vertex -30.9106 -19.198 0.4
    endloop
  endfacet
  facet normal 0.618973 0.785412 -0
    outer loop
      vertex -31.3254 -19.0511 0.4
      vertex -31.4127 -18.9823 3
      vertex -31.3254 -19.0511 3
    endloop
  endfacet
  facet normal 0.618973 0.785412 0
    outer loop
      vertex -31.4127 -18.9823 3
      vertex -31.3254 -19.0511 0.4
      vertex -31.4127 -18.9823 0.4
    endloop
  endfacet
  facet normal -0.488466 0.872583 0
    outer loop
      vertex -30.381 -19.0635 0.4
      vertex -30.478 -19.1178 3
      vertex -30.381 -19.0635 3
    endloop
  endfacet
  facet normal -0.488466 0.872583 0
    outer loop
      vertex -30.478 -19.1178 3
      vertex -30.381 -19.0635 0.4
      vertex -30.478 -19.1178 0.4
    endloop
  endfacet
  facet normal 0.928725 0.37077 0
    outer loop
      vertex -31.6111 -18.7165 3
      vertex -31.6523 -18.6133 0.4
      vertex -31.6523 -18.6133 3
    endloop
  endfacet
  facet normal 0.928725 0.37077 0
    outer loop
      vertex -31.6523 -18.6133 0.4
      vertex -31.6111 -18.7165 3
      vertex -31.6111 -18.7165 0.4
    endloop
  endfacet
  facet normal 0.969183 0.246342 0
    outer loop
      vertex -31.6523 -18.6133 3
      vertex -31.6797 -18.5055 0.4
      vertex -31.6797 -18.5055 3
    endloop
  endfacet
  facet normal 0.969183 0.246342 0
    outer loop
      vertex -31.6797 -18.5055 0.4
      vertex -31.6523 -18.6133 3
      vertex -31.6523 -18.6133 0.4
    endloop
  endfacet
  facet normal -0.0125889 -0.999921 0
    outer loop
      vertex -30.8884 -17.5018 0.4
      vertex -30.7772 -17.5032 3
      vertex -30.8884 -17.5018 3
    endloop
  endfacet
  facet normal -0.0125889 -0.999921 -0
    outer loop
      vertex -30.7772 -17.5032 3
      vertex -30.8884 -17.5018 0.4
      vertex -30.7772 -17.5032 0.4
    endloop
  endfacet
  facet normal -0.511183 -0.859472 0
    outer loop
      vertex -30.458 -17.5933 0.4
      vertex -30.3625 -17.6501 3
      vertex -30.458 -17.5933 3
    endloop
  endfacet
  facet normal -0.511183 -0.859472 -0
    outer loop
      vertex -30.3625 -17.6501 3
      vertex -30.458 -17.5933 0.4
      vertex -30.3625 -17.6501 0.4
    endloop
  endfacet
  facet normal -0.618973 -0.785412 0
    outer loop
      vertex -30.3625 -17.6501 0.4
      vertex -30.2752 -17.7189 3
      vertex -30.3625 -17.6501 3
    endloop
  endfacet
  facet normal -0.618973 -0.785412 -0
    outer loop
      vertex -30.2752 -17.7189 3
      vertex -30.3625 -17.6501 0.4
      vertex -30.2752 -17.7189 0.4
    endloop
  endfacet
  facet normal -0.14394 -0.989586 0
    outer loop
      vertex -30.7772 -17.5032 0.4
      vertex -30.6672 -17.5192 3
      vertex -30.7772 -17.5032 3
    endloop
  endfacet
  facet normal -0.14394 -0.989586 -0
    outer loop
      vertex -30.6672 -17.5192 3
      vertex -30.7772 -17.5032 0.4
      vertex -30.6672 -17.5192 0.4
    endloop
  endfacet
  facet normal 0.143812 0.989605 -0
    outer loop
      vertex -30.9106 -19.198 0.4
      vertex -31.0207 -19.182 3
      vertex -30.9106 -19.198 3
    endloop
  endfacet
  facet normal 0.143812 0.989605 0
    outer loop
      vertex -31.0207 -19.182 3
      vertex -30.9106 -19.198 0.4
      vertex -31.0207 -19.182 0.4
    endloop
  endfacet
  facet normal -0.969397 -0.245497 0
    outer loop
      vertex -30.0082 -18.1957 0.4
      vertex -30.0355 -18.0879 3
      vertex -30.0355 -18.0879 0.4
    endloop
  endfacet
  facet normal -0.969397 -0.245497 0
    outer loop
      vertex -30.0355 -18.0879 3
      vertex -30.0082 -18.1957 0.4
      vertex -30.0082 -18.1957 3
    endloop
  endfacet
  facet normal 0.698054 -0.716045 0
    outer loop
      vertex -31.4756 -17.7819 0.4
      vertex -31.396 -17.7043 3
      vertex -31.4756 -17.7819 3
    endloop
  endfacet
  facet normal 0.698054 -0.716045 0
    outer loop
      vertex -31.396 -17.7043 3
      vertex -31.4756 -17.7819 0.4
      vertex -31.396 -17.7043 0.4
    endloop
  endfacet
  facet normal -0.993033 -0.117833 0
    outer loop
      vertex -29.9951 -18.3061 0.4
      vertex -30.0082 -18.1957 3
      vertex -30.0082 -18.1957 0.4
    endloop
  endfacet
  facet normal -0.993033 -0.117833 0
    outer loop
      vertex -30.0082 -18.1957 3
      vertex -29.9951 -18.3061 0.4
      vertex -29.9951 -18.3061 3
    endloop
  endfacet
  facet normal -0.801401 -0.598128 0
    outer loop
      vertex -30.1311 -17.8877 0.4
      vertex -30.1976 -17.7986 3
      vertex -30.1976 -17.7986 0.4
    endloop
  endfacet
  facet normal -0.801401 -0.598128 0
    outer loop
      vertex -30.1976 -17.7986 3
      vertex -30.1311 -17.8877 0.4
      vertex -30.1311 -17.8877 3
    endloop
  endfacet
  facet normal 0.859076 -0.511848 0
    outer loop
      vertex -31.6013 -17.9647 3
      vertex -31.5444 -17.8692 0.4
      vertex -31.5444 -17.8692 3
    endloop
  endfacet
  facet normal 0.859076 -0.511848 0
    outer loop
      vertex -31.5444 -17.8692 0.4
      vertex -31.6013 -17.9647 3
      vertex -31.6013 -17.9647 0.4
    endloop
  endfacet
  facet normal 0.116946 -0.993138 0
    outer loop
      vertex -30.9988 -17.5148 0.4
      vertex -30.8884 -17.5018 3
      vertex -30.9988 -17.5148 3
    endloop
  endfacet
  facet normal 0.116946 -0.993138 0
    outer loop
      vertex -30.8884 -17.5018 3
      vertex -30.9988 -17.5148 0.4
      vertex -30.8884 -17.5018 0.4
    endloop
  endfacet
  facet normal -0.928725 -0.37077 0
    outer loop
      vertex -30.0355 -18.0879 0.4
      vertex -30.0767 -17.9847 3
      vertex -30.0767 -17.9847 0.4
    endloop
  endfacet
  facet normal -0.928725 -0.37077 0
    outer loop
      vertex -30.0767 -17.9847 3
      vertex -30.0355 -18.0879 0.4
      vertex -30.0355 -18.0879 3
    endloop
  endfacet
  facet normal 0.785412 -0.618973 0
    outer loop
      vertex -31.5444 -17.8692 3
      vertex -31.4756 -17.7819 0.4
      vertex -31.4756 -17.7819 3
    endloop
  endfacet
  facet normal 0.785412 -0.618973 0
    outer loop
      vertex -31.4756 -17.7819 0.4
      vertex -31.5444 -17.8692 3
      vertex -31.5444 -17.8692 0.4
    endloop
  endfacet
  facet normal -0.598128 0.801401 0
    outer loop
      vertex -30.2919 -18.997 0.4
      vertex -30.381 -19.0635 3
      vertex -30.2919 -18.997 3
    endloop
  endfacet
  facet normal -0.598128 0.801401 0
    outer loop
      vertex -30.381 -19.0635 3
      vertex -30.2919 -18.997 0.4
      vertex -30.381 -19.0635 0.4
    endloop
  endfacet
  facet normal 0.246342 -0.969183 0
    outer loop
      vertex -31.1066 -17.5422 0.4
      vertex -30.9988 -17.5148 3
      vertex -31.1066 -17.5422 3
    endloop
  endfacet
  facet normal 0.246342 -0.969183 0
    outer loop
      vertex -30.9988 -17.5148 3
      vertex -31.1066 -17.5422 0.4
      vertex -30.9988 -17.5148 0.4
    endloop
  endfacet
  facet normal -0.872199 -0.489151 0
    outer loop
      vertex -30.0767 -17.9847 0.4
      vertex -30.1311 -17.8877 3
      vertex -30.1311 -17.8877 0.4
    endloop
  endfacet
  facet normal -0.872199 -0.489151 0
    outer loop
      vertex -30.1311 -17.8877 3
      vertex -30.0767 -17.9847 0.4
      vertex -30.0767 -17.9847 3
    endloop
  endfacet
  facet normal -0.989714 0.143059 0
    outer loop
      vertex -30.0125 -18.5273 0.4
      vertex -29.9966 -18.4173 3
      vertex -29.9966 -18.4173 0.4
    endloop
  endfacet
  facet normal -0.989714 0.143059 0
    outer loop
      vertex -29.9966 -18.4173 3
      vertex -30.0125 -18.5273 0.4
      vertex -30.0125 -18.5273 3
    endloop
  endfacet
  facet normal 0 0 1
    outer loop
      vertex -30.0082 -18.1957 0.4
      vertex -29.9966 -18.4173 0.4
      vertex -29.9951 -18.3061 0.4
    endloop
  endfacet
  facet normal 0 0 1
    outer loop
      vertex -30.0082 -18.1957 0.4
      vertex -30.0125 -18.5273 0.4
      vertex -29.9966 -18.4173 0.4
    endloop
  endfacet
  facet normal 0 0 1
    outer loop
      vertex -30.0355 -18.0879 0.4
      vertex -30.0125 -18.5273 0.4
      vertex -30.0082 -18.1957 0.4
    endloop
  endfacet
  facet normal 0 0 1
    outer loop
      vertex -30.0355 -18.0879 0.4
      vertex -30.0427 -18.6343 0.4
      vertex -30.0125 -18.5273 0.4
    endloop
  endfacet
  facet normal 0 0 1
    outer loop
      vertex -30.0767 -17.9847 0.4
      vertex -30.0427 -18.6343 0.4
      vertex -30.0355 -18.0879 0.4
    endloop
  endfacet
  facet normal 0 0 1
    outer loop
      vertex -30.0767 -17.9847 0.4
      vertex -30.0866 -18.7365 0.4
      vertex -30.0427 -18.6343 0.4
    endloop
  endfacet
  facet normal 0 0 1
    outer loop
      vertex -30.1311 -17.8877 0.4
      vertex -30.0866 -18.7365 0.4
      vertex -30.0767 -17.9847 0.4
    endloop
  endfacet
  facet normal 0 0 1
    outer loop
      vertex -30.1311 -17.8877 0.4
      vertex -30.1434 -18.8321 0.4
      vertex -30.0866 -18.7365 0.4
    endloop
  endfacet
  facet normal 0 0 1
    outer loop
      vertex -30.1976 -17.7986 0.4
      vertex -30.1434 -18.8321 0.4
      vertex -30.1311 -17.8877 0.4
    endloop
  endfacet
  facet normal 0 0 1
    outer loop
      vertex -30.1976 -17.7986 0.4
      vertex -30.2123 -18.9194 0.4
      vertex -30.1434 -18.8321 0.4
    endloop
  endfacet
  facet normal 0 0 1
    outer loop
      vertex -30.2752 -17.7189 0.4
      vertex -30.2123 -18.9194 0.4
      vertex -30.1976 -17.7986 0.4
    endloop
  endfacet
  facet normal 0 0 1
    outer loop
      vertex -30.2752 -17.7189 0.4
      vertex -30.2919 -18.997 0.4
      vertex -30.2123 -18.9194 0.4
    endloop
  endfacet
  facet normal 0 0 1
    outer loop
      vertex -30.3625 -17.6501 0.4
      vertex -30.2919 -18.997 0.4
      vertex -30.2752 -17.7189 0.4
    endloop
  endfacet
  facet normal 0 0 1
    outer loop
      vertex -30.3625 -17.6501 0.4
      vertex -30.381 -19.0635 0.4
      vertex -30.2919 -18.997 0.4
    endloop
  endfacet
  facet normal 0 0 1
    outer loop
      vertex -30.458 -17.5933 0.4
      vertex -30.381 -19.0635 0.4
      vertex -30.3625 -17.6501 0.4
    endloop
  endfacet
  facet normal 0 0 1
    outer loop
      vertex -30.458 -17.5933 0.4
      vertex -30.478 -19.1178 0.4
      vertex -30.381 -19.0635 0.4
    endloop
  endfacet
  facet normal 0 0 1
    outer loop
      vertex -30.5602 -17.5494 0.4
      vertex -30.478 -19.1178 0.4
      vertex -30.458 -17.5933 0.4
    endloop
  endfacet
  facet normal 0 0 1
    outer loop
      vertex -30.5602 -17.5494 0.4
      vertex -30.5813 -19.159 0.4
      vertex -30.478 -19.1178 0.4
    endloop
  endfacet
  facet normal 0 0 1
    outer loop
      vertex -30.6672 -17.5192 0.4
      vertex -30.5813 -19.159 0.4
      vertex -30.5602 -17.5494 0.4
    endloop
  endfacet
  facet normal 0 0 1
    outer loop
      vertex -30.6672 -17.5192 0.4
      vertex -30.689 -19.1864 0.4
      vertex -30.5813 -19.159 0.4
    endloop
  endfacet
  facet normal 0 0 1
    outer loop
      vertex -30.7772 -17.5032 0.4
      vertex -30.689 -19.1864 0.4
      vertex -30.6672 -17.5192 0.4
    endloop
  endfacet
  facet normal 0 0 1
    outer loop
      vertex -30.7772 -17.5032 0.4
      vertex -30.7995 -19.1994 0.4
      vertex -30.689 -19.1864 0.4
    endloop
  endfacet
  facet normal 0 0 1
    outer loop
      vertex -30.8884 -17.5018 0.4
      vertex -30.7995 -19.1994 0.4
      vertex -30.7772 -17.5032 0.4
    endloop
  endfacet
  facet normal 0 0 1
    outer loop
      vertex -30.8884 -17.5018 0.4
      vertex -30.9106 -19.198 0.4
      vertex -30.7995 -19.1994 0.4
    endloop
  endfacet
  facet normal -0 0 1
    outer loop
      vertex -30.9988 -17.5148 0.4
      vertex -30.9106 -19.198 0.4
      vertex -30.8884 -17.5018 0.4
    endloop
  endfacet
  facet normal 0 0 1
    outer loop
      vertex -30.9988 -17.5148 0.4
      vertex -31.0207 -19.182 0.4
      vertex -30.9106 -19.198 0.4
    endloop
  endfacet
  facet normal -0 0 1
    outer loop
      vertex -31.1066 -17.5422 0.4
      vertex -31.0207 -19.182 0.4
      vertex -30.9988 -17.5148 0.4
    endloop
  endfacet
  facet normal 0 0 1
    outer loop
      vertex -31.1066 -17.5422 0.4
      vertex -31.1277 -19.1519 0.4
      vertex -31.0207 -19.182 0.4
    endloop
  endfacet
  facet normal -0 0 1
    outer loop
      vertex -31.2099 -17.5834 0.4
      vertex -31.1277 -19.1519 0.4
      vertex -31.1066 -17.5422 0.4
    endloop
  endfacet
  facet normal 0 0 1
    outer loop
      vertex -31.2099 -17.5834 0.4
      vertex -31.2298 -19.108 0.4
      vertex -31.1277 -19.1519 0.4
    endloop
  endfacet
  facet normal -0 0 1
    outer loop
      vertex -31.3069 -17.6377 0.4
      vertex -31.2298 -19.108 0.4
      vertex -31.2099 -17.5834 0.4
    endloop
  endfacet
  facet normal 0 0 1
    outer loop
      vertex -31.3069 -17.6377 0.4
      vertex -31.3254 -19.0511 0.4
      vertex -31.2298 -19.108 0.4
    endloop
  endfacet
  facet normal -0 0 1
    outer loop
      vertex -31.396 -17.7043 0.4
      vertex -31.3254 -19.0511 0.4
      vertex -31.3069 -17.6377 0.4
    endloop
  endfacet
  facet normal 0 0 1
    outer loop
      vertex -31.396 -17.7043 0.4
      vertex -31.4127 -18.9823 0.4
      vertex -31.3254 -19.0511 0.4
    endloop
  endfacet
  facet normal -0 0 1
    outer loop
      vertex -31.4756 -17.7819 0.4
      vertex -31.4127 -18.9823 0.4
      vertex -31.396 -17.7043 0.4
    endloop
  endfacet
  facet normal 0 0 1
    outer loop
      vertex -31.4756 -17.7819 0.4
      vertex -31.4903 -18.9026 0.4
      vertex -31.4127 -18.9823 0.4
    endloop
  endfacet
  facet normal -0 0 1
    outer loop
      vertex -31.5444 -17.8692 0.4
      vertex -31.4903 -18.9026 0.4
      vertex -31.4756 -17.7819 0.4
    endloop
  endfacet
  facet normal 0 0 1
    outer loop
      vertex -31.5444 -17.8692 0.4
      vertex -31.5568 -18.8136 0.4
      vertex -31.4903 -18.9026 0.4
    endloop
  endfacet
  facet normal -0 0 1
    outer loop
      vertex -31.6013 -17.9647 0.4
      vertex -31.5568 -18.8136 0.4
      vertex -31.5444 -17.8692 0.4
    endloop
  endfacet
  facet normal 0 0 1
    outer loop
      vertex -31.6013 -17.9647 0.4
      vertex -31.6111 -18.7165 0.4
      vertex -31.5568 -18.8136 0.4
    endloop
  endfacet
  facet normal -0 0 1
    outer loop
      vertex -31.6452 -18.0669 0.4
      vertex -31.6111 -18.7165 0.4
      vertex -31.6013 -17.9647 0.4
    endloop
  endfacet
  facet normal 0 0 1
    outer loop
      vertex -31.6452 -18.0669 0.4
      vertex -31.6523 -18.6133 0.4
      vertex -31.6111 -18.7165 0.4
    endloop
  endfacet
  facet normal -0 0 1
    outer loop
      vertex -31.6754 -18.1739 0.4
      vertex -31.6523 -18.6133 0.4
      vertex -31.6452 -18.0669 0.4
    endloop
  endfacet
  facet normal 0 0 1
    outer loop
      vertex -31.6754 -18.1739 0.4
      vertex -31.6797 -18.5055 0.4
      vertex -31.6523 -18.6133 0.4
    endloop
  endfacet
  facet normal -0 0 1
    outer loop
      vertex -31.6913 -18.2839 0.4
      vertex -31.6797 -18.5055 0.4
      vertex -31.6754 -18.1739 0.4
    endloop
  endfacet
  facet normal 0 0 1
    outer loop
      vertex -31.6797 -18.5055 0.4
      vertex -31.6913 -18.2839 0.4
      vertex -31.6928 -18.3951 0.4
    endloop
  endfacet
  facet normal -0.716483 -0.697605 0
    outer loop
      vertex -30.1976 -17.7986 0.4
      vertex -30.2752 -17.7189 3
      vertex -30.2752 -17.7189 0.4
    endloop
  endfacet
  facet normal -0.716483 -0.697605 0
    outer loop
      vertex -30.2752 -17.7189 3
      vertex -30.1976 -17.7986 0.4
      vertex -30.1976 -17.7986 3
    endloop
  endfacet
  facet normal -0.999909 0.013488 0
    outer loop
      vertex -29.9966 -18.4173 0.4
      vertex -29.9951 -18.3061 3
      vertex -29.9951 -18.3061 0.4
    endloop
  endfacet
  facet normal -0.999909 0.013488 0
    outer loop
      vertex -29.9951 -18.3061 3
      vertex -29.9966 -18.4173 0.4
      vertex -29.9966 -18.4173 3
    endloop
  endfacet
  facet normal 0.962936 0.26973 0
    outer loop
      vertex 104.64 -11.2636 3
      vertex 104.61 -11.1565 0.4
      vertex 104.61 -11.1565 3
    endloop
  endfacet
  facet normal 0.962936 0.26973 0
    outer loop
      vertex 104.61 -11.1565 0.4
      vertex 104.64 -11.2636 3
      vertex 104.64 -11.2636 0.4
    endloop
  endfacet
  facet normal -0.599136 -0.800647 0
    outer loop
      vertex 105.905 -10.2669 0.4
      vertex 105.994 -10.3335 3
      vertex 105.905 -10.2669 3
    endloop
  endfacet
  facet normal -0.599136 -0.800647 -0
    outer loop
      vertex 105.994 -10.3335 3
      vertex 105.905 -10.2669 0.4
      vertex 105.994 -10.3335 0.4
    endloop
  endfacet
  facet normal -0.929466 0.368907 0
    outer loop
      vertex 106.209 -11.3458 0.4
      vertex 106.25 -11.2425 3
      vertex 106.25 -11.2425 0.4
    endloop
  endfacet
  facet normal -0.929466 0.368907 0
    outer loop
      vertex 106.25 -11.2425 3
      vertex 106.209 -11.3458 0.4
      vertex 106.209 -11.3458 3
    endloop
  endfacet
  facet normal -0.803237 0.595659 0
    outer loop
      vertex 106.088 -11.5318 0.4
      vertex 106.154 -11.4428 3
      vertex 106.154 -11.4428 0.4
    endloop
  endfacet
  facet normal -0.803237 0.595659 0
    outer loop
      vertex 106.154 -11.4428 3
      vertex 106.088 -11.5318 0.4
      vertex 106.088 -11.5318 3
    endloop
  endfacet
  facet normal 0.371391 0.928477 -0
    outer loop
      vertex 105.179 -11.7882 0.4
      vertex 105.076 -11.747 3
      vertex 105.179 -11.7882 3
    endloop
  endfacet
  facet normal 0.371391 0.928477 0
    outer loop
      vertex 105.076 -11.747 3
      vertex 105.179 -11.7882 0.4
      vertex 105.076 -11.747 0.4
    endloop
  endfacet
  facet normal -0.784538 -0.620081 0
    outer loop
      vertex 106.142 -10.4984 0.4
      vertex 106.073 -10.4111 3
      vertex 106.073 -10.4111 0.4
    endloop
  endfacet
  facet normal -0.784538 -0.620081 0
    outer loop
      vertex 106.073 -10.4111 3
      vertex 106.142 -10.4984 0.4
      vertex 106.142 -10.4984 3
    endloop
  endfacet
  facet normal -0.0135123 0.999909 0
    outer loop
      vertex 105.508 -11.8272 0.4
      vertex 105.397 -11.8287 3
      vertex 105.508 -11.8272 3
    endloop
  endfacet
  facet normal -0.0135123 0.999909 0
    outer loop
      vertex 105.397 -11.8287 3
      vertex 105.508 -11.8272 0.4
      vertex 105.397 -11.8287 0.4
    endloop
  endfacet
  facet normal -0.993138 0.116946 0
    outer loop
      vertex 106.277 -11.1347 0.4
      vertex 106.29 -11.0243 3
      vertex 106.29 -11.0243 0.4
    endloop
  endfacet
  facet normal -0.993138 0.116946 0
    outer loop
      vertex 106.29 -11.0243 3
      vertex 106.277 -11.1347 0.4
      vertex 106.277 -11.1347 3
    endloop
  endfacet
  facet normal -0.970037 0.242959 0
    outer loop
      vertex 106.25 -11.2425 0.4
      vertex 106.277 -11.1347 3
      vertex 106.277 -11.1347 0.4
    endloop
  endfacet
  facet normal -0.970037 0.242959 0
    outer loop
      vertex 106.277 -11.1347 3
      vertex 106.25 -11.2425 0.4
      vertex 106.25 -11.2425 3
    endloop
  endfacet
  facet normal 0.395332 -0.918538 0
    outer loop
      vertex 105.056 -10.2225 0.4
      vertex 105.158 -10.1786 3
      vertex 105.056 -10.2225 3
    endloop
  endfacet
  facet normal 0.395332 -0.918538 0
    outer loop
      vertex 105.158 -10.1786 3
      vertex 105.056 -10.2225 0.4
      vertex 105.158 -10.1786 0.4
    endloop
  endfacet
  facet normal 0.598559 0.801079 -0
    outer loop
      vertex 104.979 -11.6927 0.4
      vertex 104.89 -11.6262 3
      vertex 104.979 -11.6927 3
    endloop
  endfacet
  facet normal 0.598559 0.801079 0
    outer loop
      vertex 104.89 -11.6262 3
      vertex 104.979 -11.6927 0.4
      vertex 104.89 -11.6262 0.4
    endloop
  endfacet
  facet normal -0.714688 0.699444 0
    outer loop
      vertex 106.01 -11.6115 0.4
      vertex 106.088 -11.5318 3
      vertex 106.088 -11.5318 0.4
    endloop
  endfacet
  facet normal -0.714688 0.699444 0
    outer loop
      vertex 106.088 -11.5318 3
      vertex 106.01 -11.6115 0.4
      vertex 106.01 -11.6115 3
    endloop
  endfacet
  facet normal 0.714688 -0.699444 0
    outer loop
      vertex 104.795 -10.4278 3
      vertex 104.873 -10.3481 0.4
      vertex 104.873 -10.3481 3
    endloop
  endfacet
  facet normal 0.714688 -0.699444 0
    outer loop
      vertex 104.873 -10.3481 0.4
      vertex 104.795 -10.4278 3
      vertex 104.795 -10.4278 0.4
    endloop
  endfacet
  facet normal -0.858681 -0.512511 0
    outer loop
      vertex 106.199 -10.5939 0.4
      vertex 106.142 -10.4984 3
      vertex 106.142 -10.4984 0.4
    endloop
  endfacet
  facet normal -0.858681 -0.512511 0
    outer loop
      vertex 106.142 -10.4984 3
      vertex 106.199 -10.5939 0.4
      vertex 106.199 -10.5939 3
    endloop
  endfacet
  facet normal -0.989586 -0.14394 0
    outer loop
      vertex 106.289 -10.9131 0.4
      vertex 106.273 -10.8031 3
      vertex 106.273 -10.8031 0.4
    endloop
  endfacet
  facet normal -0.989586 -0.14394 0
    outer loop
      vertex 106.273 -10.8031 3
      vertex 106.289 -10.9131 0.4
      vertex 106.289 -10.9131 3
    endloop
  endfacet
  facet normal 0.803557 -0.595228 0
    outer loop
      vertex 104.729 -10.5169 3
      vertex 104.795 -10.4278 0.4
      vertex 104.795 -10.4278 3
    endloop
  endfacet
  facet normal 0.803557 -0.595228 0
    outer loop
      vertex 104.795 -10.4278 0.4
      vertex 104.729 -10.5169 3
      vertex 104.729 -10.5169 0.4
    endloop
  endfacet
  facet normal -0.117205 -0.993108 0
    outer loop
      vertex 105.486 -10.131 0.4
      vertex 105.597 -10.1441 3
      vertex 105.486 -10.131 3
    endloop
  endfacet
  facet normal -0.117205 -0.993108 -0
    outer loop
      vertex 105.597 -10.1441 3
      vertex 105.486 -10.131 0.4
      vertex 105.597 -10.1441 0.4
    endloop
  endfacet
  facet normal 0.696258 0.717792 -0
    outer loop
      vertex 104.89 -11.6262 0.4
      vertex 104.81 -11.5486 3
      vertex 104.89 -11.6262 3
    endloop
  endfacet
  facet normal 0.696258 0.717792 0
    outer loop
      vertex 104.81 -11.5486 3
      vertex 104.89 -11.6262 0.4
      vertex 104.81 -11.5486 0.4
    endloop
  endfacet
  facet normal -0.14394 0.989586 0
    outer loop
      vertex 105.618 -11.8112 0.4
      vertex 105.508 -11.8272 3
      vertex 105.618 -11.8112 3
    endloop
  endfacet
  facet normal -0.14394 0.989586 0
    outer loop
      vertex 105.508 -11.8272 3
      vertex 105.618 -11.8112 0.4
      vertex 105.508 -11.8272 0.4
    endloop
  endfacet
  facet normal 0.989586 0.14394 0
    outer loop
      vertex 104.61 -11.1565 3
      vertex 104.594 -11.0465 0.4
      vertex 104.594 -11.0465 3
    endloop
  endfacet
  facet normal 0.989586 0.14394 0
    outer loop
      vertex 104.594 -11.0465 0.4
      vertex 104.61 -11.1565 3
      vertex 104.61 -11.1565 0.4
    endloop
  endfacet
  facet normal 0.271631 -0.962401 0
    outer loop
      vertex 105.158 -10.1786 0.4
      vertex 105.265 -10.1484 3
      vertex 105.158 -10.1786 3
    endloop
  endfacet
  facet normal 0.271631 -0.962401 0
    outer loop
      vertex 105.265 -10.1484 3
      vertex 105.158 -10.1786 0.4
      vertex 105.265 -10.1484 0.4
    endloop
  endfacet
  facet normal 0.784538 0.620081 0
    outer loop
      vertex 104.81 -11.5486 3
      vertex 104.741 -11.4613 0.4
      vertex 104.741 -11.4613 3
    endloop
  endfacet
  facet normal 0.784538 0.620081 0
    outer loop
      vertex 104.741 -11.4613 0.4
      vertex 104.81 -11.5486 3
      vertex 104.81 -11.5486 0.4
    endloop
  endfacet
  facet normal 0.969983 -0.243171 0
    outer loop
      vertex 104.606 -10.8249 3
      vertex 104.633 -10.7172 0.4
      vertex 104.633 -10.7172 3
    endloop
  endfacet
  facet normal 0.969983 -0.243171 0
    outer loop
      vertex 104.633 -10.7172 0.4
      vertex 104.606 -10.8249 3
      vertex 104.606 -10.8249 0.4
    endloop
  endfacet
  facet normal -0.395332 0.918538 0
    outer loop
      vertex 105.827 -11.7372 0.4
      vertex 105.725 -11.7811 3
      vertex 105.827 -11.7372 3
    endloop
  endfacet
  facet normal -0.395332 0.918538 0
    outer loop
      vertex 105.725 -11.7811 3
      vertex 105.827 -11.7372 0.4
      vertex 105.725 -11.7811 0.4
    endloop
  endfacet
  facet normal -0.620287 0.784375 0
    outer loop
      vertex 106.01 -11.6115 0.4
      vertex 105.923 -11.6803 3
      vertex 106.01 -11.6115 3
    endloop
  endfacet
  facet normal -0.620287 0.784375 0
    outer loop
      vertex 105.923 -11.6803 3
      vertex 106.01 -11.6115 0.4
      vertex 105.923 -11.6803 0.4
    endloop
  endfacet
  facet normal -0.488466 -0.872583 0
    outer loop
      vertex 105.808 -10.2126 0.4
      vertex 105.905 -10.2669 3
      vertex 105.808 -10.2126 3
    endloop
  endfacet
  facet normal -0.488466 -0.872583 -0
    outer loop
      vertex 105.905 -10.2669 3
      vertex 105.808 -10.2126 0.4
      vertex 105.905 -10.2669 0.4
    endloop
  endfacet
  facet normal 0.929466 -0.368907 0
    outer loop
      vertex 104.633 -10.7172 3
      vertex 104.674 -10.6139 0.4
      vertex 104.674 -10.6139 3
    endloop
  endfacet
  facet normal 0.929466 -0.368907 0
    outer loop
      vertex 104.674 -10.6139 0.4
      vertex 104.633 -10.7172 3
      vertex 104.633 -10.7172 0.4
    endloop
  endfacet
  facet normal 0.858917 0.512116 0
    outer loop
      vertex 104.741 -11.4613 3
      vertex 104.684 -11.3657 0.4
      vertex 104.684 -11.3657 3
    endloop
  endfacet
  facet normal 0.858917 0.512116 0
    outer loop
      vertex 104.684 -11.3657 0.4
      vertex 104.741 -11.4613 3
      vertex 104.741 -11.4613 0.4
    endloop
  endfacet
  facet normal 0.488466 0.872583 -0
    outer loop
      vertex 105.076 -11.747 0.4
      vertex 104.979 -11.6927 3
      vertex 105.076 -11.747 3
    endloop
  endfacet
  facet normal 0.488466 0.872583 0
    outer loop
      vertex 104.979 -11.6927 3
      vertex 105.076 -11.747 0.4
      vertex 104.979 -11.6927 0.4
    endloop
  endfacet
  facet normal -0.270798 0.962636 0
    outer loop
      vertex 105.725 -11.7811 0.4
      vertex 105.618 -11.8112 3
      vertex 105.725 -11.7811 3
    endloop
  endfacet
  facet normal -0.270798 0.962636 0
    outer loop
      vertex 105.618 -11.8112 3
      vertex 105.725 -11.7811 0.4
      vertex 105.618 -11.8112 0.4
    endloop
  endfacet
  facet normal 0.14394 -0.989586 0
    outer loop
      vertex 105.265 -10.1484 0.4
      vertex 105.375 -10.1324 3
      vertex 105.265 -10.1484 3
    endloop
  endfacet
  facet normal 0.14394 -0.989586 0
    outer loop
      vertex 105.375 -10.1324 3
      vertex 105.265 -10.1484 0.4
      vertex 105.375 -10.1324 0.4
    endloop
  endfacet
  facet normal 0.245913 0.969292 -0
    outer loop
      vertex 105.287 -11.8156 0.4
      vertex 105.179 -11.7882 3
      vertex 105.287 -11.8156 3
    endloop
  endfacet
  facet normal 0.245913 0.969292 0
    outer loop
      vertex 105.179 -11.7882 3
      vertex 105.287 -11.8156 0.4
      vertex 105.179 -11.7882 0.4
    endloop
  endfacet
  facet normal 0.118255 0.992983 -0
    outer loop
      vertex 105.397 -11.8287 0.4
      vertex 105.287 -11.8156 3
      vertex 105.397 -11.8287 3
    endloop
  endfacet
  facet normal 0.118255 0.992983 0
    outer loop
      vertex 105.287 -11.8156 3
      vertex 105.397 -11.8287 0.4
      vertex 105.287 -11.8156 0.4
    endloop
  endfacet
  facet normal 0.509212 -0.860641 0
    outer loop
      vertex 104.96 -10.2793 0.4
      vertex 105.056 -10.2225 3
      vertex 104.96 -10.2793 3
    endloop
  endfacet
  facet normal 0.509212 -0.860641 0
    outer loop
      vertex 105.056 -10.2225 3
      vertex 104.96 -10.2793 0.4
      vertex 105.056 -10.2225 0.4
    endloop
  endfacet
  facet normal -0.99996 -0.00899244 0
    outer loop
      vertex 106.29 -11.0243 0.4
      vertex 106.289 -10.9131 3
      vertex 106.289 -10.9131 0.4
    endloop
  endfacet
  facet normal -0.99996 -0.00899244 0
    outer loop
      vertex 106.289 -10.9131 3
      vertex 106.29 -11.0243 0.4
      vertex 106.29 -11.0243 3
    endloop
  endfacet
  facet normal -0.869894 0.493239 0
    outer loop
      vertex 106.154 -11.4428 0.4
      vertex 106.209 -11.3458 3
      vertex 106.209 -11.3458 0.4
    endloop
  endfacet
  facet normal -0.869894 0.493239 0
    outer loop
      vertex 106.209 -11.3458 3
      vertex 106.154 -11.4428 0.4
      vertex 106.154 -11.4428 3
    endloop
  endfacet
  facet normal -0.700757 -0.7134 0
    outer loop
      vertex 105.994 -10.3335 0.4
      vertex 106.073 -10.4111 3
      vertex 105.994 -10.3335 3
    endloop
  endfacet
  facet normal -0.700757 -0.7134 -0
    outer loop
      vertex 106.073 -10.4111 3
      vertex 105.994 -10.3335 0.4
      vertex 106.073 -10.4111 0.4
    endloop
  endfacet
  facet normal 0.918352 0.395764 0
    outer loop
      vertex 104.684 -11.3657 3
      vertex 104.64 -11.2636 0.4
      vertex 104.64 -11.2636 3
    endloop
  endfacet
  facet normal 0.918352 0.395764 0
    outer loop
      vertex 104.64 -11.2636 0.4
      vertex 104.684 -11.3657 3
      vertex 104.684 -11.3657 0.4
    endloop
  endfacet
  facet normal -0.962871 -0.269964 0
    outer loop
      vertex 106.273 -10.8031 0.4
      vertex 106.243 -10.6961 3
      vertex 106.243 -10.6961 0.4
    endloop
  endfacet
  facet normal -0.962871 -0.269964 0
    outer loop
      vertex 106.243 -10.6961 3
      vertex 106.273 -10.8031 0.4
      vertex 106.273 -10.8031 3
    endloop
  endfacet
  facet normal 0.0126116 -0.99992 0
    outer loop
      vertex 105.375 -10.1324 0.4
      vertex 105.486 -10.131 3
      vertex 105.375 -10.1324 3
    endloop
  endfacet
  facet normal 0.0126116 -0.99992 0
    outer loop
      vertex 105.486 -10.131 3
      vertex 105.375 -10.1324 0.4
      vertex 105.486 -10.131 0.4
    endloop
  endfacet
  facet normal 0.620287 -0.784375 0
    outer loop
      vertex 104.873 -10.3481 0.4
      vertex 104.96 -10.2793 3
      vertex 104.873 -10.3481 3
    endloop
  endfacet
  facet normal 0.620287 -0.784375 0
    outer loop
      vertex 104.96 -10.2793 3
      vertex 104.873 -10.3481 0.4
      vertex 104.96 -10.2793 0.4
    endloop
  endfacet
  facet normal -0.509876 0.860248 0
    outer loop
      vertex 105.923 -11.6803 0.4
      vertex 105.827 -11.7372 3
      vertex 105.923 -11.6803 3
    endloop
  endfacet
  facet normal -0.509876 0.860248 0
    outer loop
      vertex 105.827 -11.7372 3
      vertex 105.923 -11.6803 0.4
      vertex 105.827 -11.7372 0.4
    endloop
  endfacet
  facet normal -0.918493 -0.395437 0
    outer loop
      vertex 106.243 -10.6961 0.4
      vertex 106.199 -10.5939 3
      vertex 106.199 -10.5939 0.4
    endloop
  endfacet
  facet normal -0.918493 -0.395437 0
    outer loop
      vertex 106.199 -10.5939 3
      vertex 106.243 -10.6961 0.4
      vertex 106.243 -10.6961 3
    endloop
  endfacet
  facet normal 0.99996 0.00899244 0
    outer loop
      vertex 104.594 -11.0465 3
      vertex 104.593 -10.9353 0.4
      vertex 104.593 -10.9353 3
    endloop
  endfacet
  facet normal 0.99996 0.00899244 0
    outer loop
      vertex 104.593 -10.9353 0.4
      vertex 104.594 -11.0465 3
      vertex 104.594 -11.0465 0.4
    endloop
  endfacet
  facet normal 0.993138 -0.116946 0
    outer loop
      vertex 104.593 -10.9353 3
      vertex 104.606 -10.8249 0.4
      vertex 104.606 -10.8249 3
    endloop
  endfacet
  facet normal 0.993138 -0.116946 0
    outer loop
      vertex 104.606 -10.8249 0.4
      vertex 104.593 -10.9353 3
      vertex 104.593 -10.9353 0.4
    endloop
  endfacet
  facet normal 0.869894 -0.493239 0
    outer loop
      vertex 104.674 -10.6139 3
      vertex 104.729 -10.5169 0.4
      vertex 104.729 -10.5169 3
    endloop
  endfacet
  facet normal 0.869894 -0.493239 0
    outer loop
      vertex 104.729 -10.5169 0.4
      vertex 104.674 -10.6139 3
      vertex 104.674 -10.6139 0.4
    endloop
  endfacet
  facet normal 0 0 1
    outer loop
      vertex 106.289 -10.9131 0.4
      vertex 106.277 -11.1347 0.4
      vertex 106.29 -11.0243 0.4
    endloop
  endfacet
  facet normal 0 0 1
    outer loop
      vertex 106.273 -10.8031 0.4
      vertex 106.277 -11.1347 0.4
      vertex 106.289 -10.9131 0.4
    endloop
  endfacet
  facet normal 0 0 1
    outer loop
      vertex 106.273 -10.8031 0.4
      vertex 106.25 -11.2425 0.4
      vertex 106.277 -11.1347 0.4
    endloop
  endfacet
  facet normal 0 0 1
    outer loop
      vertex 106.243 -10.6961 0.4
      vertex 106.25 -11.2425 0.4
      vertex 106.273 -10.8031 0.4
    endloop
  endfacet
  facet normal 0 0 1
    outer loop
      vertex 106.243 -10.6961 0.4
      vertex 106.209 -11.3458 0.4
      vertex 106.25 -11.2425 0.4
    endloop
  endfacet
  facet normal 0 0 1
    outer loop
      vertex 106.199 -10.5939 0.4
      vertex 106.209 -11.3458 0.4
      vertex 106.243 -10.6961 0.4
    endloop
  endfacet
  facet normal 0 0 1
    outer loop
      vertex 106.199 -10.5939 0.4
      vertex 106.154 -11.4428 0.4
      vertex 106.209 -11.3458 0.4
    endloop
  endfacet
  facet normal 0 0 1
    outer loop
      vertex 106.142 -10.4984 0.4
      vertex 106.154 -11.4428 0.4
      vertex 106.199 -10.5939 0.4
    endloop
  endfacet
  facet normal 0 0 1
    outer loop
      vertex 106.142 -10.4984 0.4
      vertex 106.088 -11.5318 0.4
      vertex 106.154 -11.4428 0.4
    endloop
  endfacet
  facet normal 0 0 1
    outer loop
      vertex 106.073 -10.4111 0.4
      vertex 106.088 -11.5318 0.4
      vertex 106.142 -10.4984 0.4
    endloop
  endfacet
  facet normal 0 0 1
    outer loop
      vertex 106.073 -10.4111 0.4
      vertex 106.01 -11.6115 0.4
      vertex 106.088 -11.5318 0.4
    endloop
  endfacet
  facet normal 0 0 1
    outer loop
      vertex 105.994 -10.3335 0.4
      vertex 106.01 -11.6115 0.4
      vertex 106.073 -10.4111 0.4
    endloop
  endfacet
  facet normal 0 0 1
    outer loop
      vertex 105.994 -10.3335 0.4
      vertex 105.923 -11.6803 0.4
      vertex 106.01 -11.6115 0.4
    endloop
  endfacet
  facet normal 0 0 1
    outer loop
      vertex 105.905 -10.2669 0.4
      vertex 105.923 -11.6803 0.4
      vertex 105.994 -10.3335 0.4
    endloop
  endfacet
  facet normal 0 0 1
    outer loop
      vertex 105.905 -10.2669 0.4
      vertex 105.827 -11.7372 0.4
      vertex 105.923 -11.6803 0.4
    endloop
  endfacet
  facet normal 0 0 1
    outer loop
      vertex 105.808 -10.2126 0.4
      vertex 105.827 -11.7372 0.4
      vertex 105.905 -10.2669 0.4
    endloop
  endfacet
  facet normal 0 0 1
    outer loop
      vertex 105.808 -10.2126 0.4
      vertex 105.725 -11.7811 0.4
      vertex 105.827 -11.7372 0.4
    endloop
  endfacet
  facet normal 0 0 1
    outer loop
      vertex 105.704 -10.1714 0.4
      vertex 105.725 -11.7811 0.4
      vertex 105.808 -10.2126 0.4
    endloop
  endfacet
  facet normal 0 0 1
    outer loop
      vertex 105.704 -10.1714 0.4
      vertex 105.618 -11.8112 0.4
      vertex 105.725 -11.7811 0.4
    endloop
  endfacet
  facet normal 0 0 1
    outer loop
      vertex 105.597 -10.1441 0.4
      vertex 105.618 -11.8112 0.4
      vertex 105.704 -10.1714 0.4
    endloop
  endfacet
  facet normal 0 0 1
    outer loop
      vertex 105.597 -10.1441 0.4
      vertex 105.508 -11.8272 0.4
      vertex 105.618 -11.8112 0.4
    endloop
  endfacet
  facet normal 0 0 1
    outer loop
      vertex 105.486 -10.131 0.4
      vertex 105.508 -11.8272 0.4
      vertex 105.597 -10.1441 0.4
    endloop
  endfacet
  facet normal 0 0 1
    outer loop
      vertex 105.486 -10.131 0.4
      vertex 105.397 -11.8287 0.4
      vertex 105.508 -11.8272 0.4
    endloop
  endfacet
  facet normal -0 0 1
    outer loop
      vertex 105.375 -10.1324 0.4
      vertex 105.397 -11.8287 0.4
      vertex 105.486 -10.131 0.4
    endloop
  endfacet
  facet normal 0 0 1
    outer loop
      vertex 105.375 -10.1324 0.4
      vertex 105.287 -11.8156 0.4
      vertex 105.397 -11.8287 0.4
    endloop
  endfacet
  facet normal -0 0 1
    outer loop
      vertex 105.265 -10.1484 0.4
      vertex 105.287 -11.8156 0.4
      vertex 105.375 -10.1324 0.4
    endloop
  endfacet
  facet normal 0 0 1
    outer loop
      vertex 105.265 -10.1484 0.4
      vertex 105.179 -11.7882 0.4
      vertex 105.287 -11.8156 0.4
    endloop
  endfacet
  facet normal -0 0 1
    outer loop
      vertex 105.158 -10.1786 0.4
      vertex 105.179 -11.7882 0.4
      vertex 105.265 -10.1484 0.4
    endloop
  endfacet
  facet normal 0 0 1
    outer loop
      vertex 105.158 -10.1786 0.4
      vertex 105.076 -11.747 0.4
      vertex 105.179 -11.7882 0.4
    endloop
  endfacet
  facet normal -0 0 1
    outer loop
      vertex 105.056 -10.2225 0.4
      vertex 105.076 -11.747 0.4
      vertex 105.158 -10.1786 0.4
    endloop
  endfacet
  facet normal 0 0 1
    outer loop
      vertex 105.056 -10.2225 0.4
      vertex 104.979 -11.6927 0.4
      vertex 105.076 -11.747 0.4
    endloop
  endfacet
  facet normal -0 0 1
    outer loop
      vertex 104.96 -10.2793 0.4
      vertex 104.979 -11.6927 0.4
      vertex 105.056 -10.2225 0.4
    endloop
  endfacet
  facet normal 0 0 1
    outer loop
      vertex 104.96 -10.2793 0.4
      vertex 104.89 -11.6262 0.4
      vertex 104.979 -11.6927 0.4
    endloop
  endfacet
  facet normal -0 0 1
    outer loop
      vertex 104.873 -10.3481 0.4
      vertex 104.89 -11.6262 0.4
      vertex 104.96 -10.2793 0.4
    endloop
  endfacet
  facet normal 0 0 1
    outer loop
      vertex 104.873 -10.3481 0.4
      vertex 104.81 -11.5486 0.4
      vertex 104.89 -11.6262 0.4
    endloop
  endfacet
  facet normal -0 0 1
    outer loop
      vertex 104.795 -10.4278 0.4
      vertex 104.81 -11.5486 0.4
      vertex 104.873 -10.3481 0.4
    endloop
  endfacet
  facet normal 0 0 1
    outer loop
      vertex 104.795 -10.4278 0.4
      vertex 104.741 -11.4613 0.4
      vertex 104.81 -11.5486 0.4
    endloop
  endfacet
  facet normal -0 0 1
    outer loop
      vertex 104.729 -10.5169 0.4
      vertex 104.741 -11.4613 0.4
      vertex 104.795 -10.4278 0.4
    endloop
  endfacet
  facet normal 0 0 1
    outer loop
      vertex 104.729 -10.5169 0.4
      vertex 104.684 -11.3657 0.4
      vertex 104.741 -11.4613 0.4
    endloop
  endfacet
  facet normal -0 0 1
    outer loop
      vertex 104.674 -10.6139 0.4
      vertex 104.684 -11.3657 0.4
      vertex 104.729 -10.5169 0.4
    endloop
  endfacet
  facet normal 0 0 1
    outer loop
      vertex 104.674 -10.6139 0.4
      vertex 104.64 -11.2636 0.4
      vertex 104.684 -11.3657 0.4
    endloop
  endfacet
  facet normal -0 0 1
    outer loop
      vertex 104.633 -10.7172 0.4
      vertex 104.64 -11.2636 0.4
      vertex 104.674 -10.6139 0.4
    endloop
  endfacet
  facet normal 0 0 1
    outer loop
      vertex 104.633 -10.7172 0.4
      vertex 104.61 -11.1565 0.4
      vertex 104.64 -11.2636 0.4
    endloop
  endfacet
  facet normal -0 0 1
    outer loop
      vertex 104.606 -10.8249 0.4
      vertex 104.61 -11.1565 0.4
      vertex 104.633 -10.7172 0.4
    endloop
  endfacet
  facet normal 0 0 1
    outer loop
      vertex 104.606 -10.8249 0.4
      vertex 104.594 -11.0465 0.4
      vertex 104.61 -11.1565 0.4
    endloop
  endfacet
  facet normal 0 -0 1
    outer loop
      vertex 104.594 -11.0465 0.4
      vertex 104.606 -10.8249 0.4
      vertex 104.593 -10.9353 0.4
    endloop
  endfacet
  facet normal -0.24722 -0.968959 0
    outer loop
      vertex 105.597 -10.1441 0.4
      vertex 105.704 -10.1714 3
      vertex 105.597 -10.1441 3
    endloop
  endfacet
  facet normal -0.24722 -0.968959 -0
    outer loop
      vertex 105.704 -10.1714 3
      vertex 105.597 -10.1441 0.4
      vertex 105.704 -10.1714 0.4
    endloop
  endfacet
  facet normal -0.368306 -0.929705 0
    outer loop
      vertex 105.704 -10.1714 0.4
      vertex 105.808 -10.2126 3
      vertex 105.704 -10.1714 3
    endloop
  endfacet
  facet normal -0.368306 -0.929705 -0
    outer loop
      vertex 105.808 -10.2126 3
      vertex 105.704 -10.1714 0.4
      vertex 105.808 -10.2126 0.4
    endloop
  endfacet
  facet normal 0.962636 0.270798 0
    outer loop
      vertex 68.0158 52.8222 3
      vertex 67.9857 52.9292 0.4
      vertex 67.9857 52.9292 3
    endloop
  endfacet
  facet normal 0.962636 0.270798 0
    outer loop
      vertex 67.9857 52.9292 0.4
      vertex 68.0158 52.8222 3
      vertex 68.0158 52.8222 0.4
    endloop
  endfacet
  facet normal -0.928848 0.37046 0
    outer loop
      vertex 69.5843 52.74 0.4
      vertex 69.6255 52.8433 3
      vertex 69.6255 52.8433 0.4
    endloop
  endfacet
  facet normal -0.928848 0.37046 0
    outer loop
      vertex 69.6255 52.8433 3
      vertex 69.5843 52.74 0.4
      vertex 69.5843 52.74 3
    endloop
  endfacet
  facet normal -0.918679 -0.395005 0
    outer loop
      vertex 69.6183 53.3897 0.4
      vertex 69.5744 53.4918 3
      vertex 69.5744 53.4918 0.4
    endloop
  endfacet
  facet normal -0.918679 -0.395005 0
    outer loop
      vertex 69.5744 53.4918 3
      vertex 69.6183 53.3897 0.4
      vertex 69.6183 53.3897 3
    endloop
  endfacet
  facet normal 0.598559 0.801079 -0
    outer loop
      vertex 68.3541 52.3931 0.4
      vertex 68.2651 52.4596 3
      vertex 68.3541 52.3931 3
    endloop
  endfacet
  facet normal 0.598559 0.801079 0
    outer loop
      vertex 68.2651 52.4596 3
      vertex 68.3541 52.3931 0.4
      vertex 68.2651 52.4596 0.4
    endloop
  endfacet
  facet normal 0.969183 -0.246342 0
    outer loop
      vertex 67.9813 53.2608 3
      vertex 68.0087 53.3686 0.4
      vertex 68.0087 53.3686 3
    endloop
  endfacet
  facet normal 0.969183 -0.246342 0
    outer loop
      vertex 68.0087 53.3686 0.4
      vertex 67.9813 53.2608 3
      vertex 67.9813 53.2608 0.4
    endloop
  endfacet
  facet normal -0.013488 0.999909 0
    outer loop
      vertex 68.8838 52.2586 0.4
      vertex 68.7726 52.2571 3
      vertex 68.8838 52.2586 3
    endloop
  endfacet
  facet normal -0.013488 0.999909 0
    outer loop
      vertex 68.7726 52.2571 3
      vertex 68.8838 52.2586 0.4
      vertex 68.7726 52.2571 0.4
    endloop
  endfacet
  facet normal -0.969128 0.246556 0
    outer loop
      vertex 69.6255 52.8433 0.4
      vertex 69.6529 52.951 3
      vertex 69.6529 52.951 0.4
    endloop
  endfacet
  facet normal -0.969128 0.246556 0
    outer loop
      vertex 69.6529 52.951 3
      vertex 69.6255 52.8433 0.4
      vertex 69.6255 52.8433 3
    endloop
  endfacet
  facet normal -0.143059 0.989714 0
    outer loop
      vertex 68.9938 52.2745 0.4
      vertex 68.8838 52.2586 3
      vertex 68.9938 52.2745 3
    endloop
  endfacet
  facet normal -0.143059 0.989714 0
    outer loop
      vertex 68.8838 52.2586 3
      vertex 68.9938 52.2745 0.4
      vertex 68.8838 52.2586 0.4
    endloop
  endfacet
  facet normal 0.271631 -0.962401 0
    outer loop
      vertex 68.5334 53.9072 0.4
      vertex 68.6404 53.9374 3
      vertex 68.5334 53.9072 3
    endloop
  endfacet
  facet normal 0.271631 -0.962401 0
    outer loop
      vertex 68.6404 53.9374 3
      vertex 68.5334 53.9072 0.4
      vertex 68.6404 53.9374 0.4
    endloop
  endfacet
  facet normal 0.801401 -0.598128 0
    outer loop
      vertex 68.1042 53.5689 3
      vertex 68.1707 53.658 0.4
      vertex 68.1707 53.658 3
    endloop
  endfacet
  facet normal 0.801401 -0.598128 0
    outer loop
      vertex 68.1707 53.658 0.4
      vertex 68.1042 53.5689 3
      vertex 68.1042 53.5689 0.4
    endloop
  endfacet
  facet normal -0.716045 0.698054 0
    outer loop
      vertex 69.3858 52.4743 0.4
      vertex 69.4634 52.5539 3
      vertex 69.4634 52.5539 0.4
    endloop
  endfacet
  facet normal -0.716045 0.698054 0
    outer loop
      vertex 69.4634 52.5539 3
      vertex 69.3858 52.4743 0.4
      vertex 69.3858 52.4743 3
    endloop
  endfacet
  facet normal -0.993151 0.116841 0
    outer loop
      vertex 69.6529 52.951 0.4
      vertex 69.6659 53.0615 3
      vertex 69.6659 53.0615 0.4
    endloop
  endfacet
  facet normal -0.993151 0.116841 0
    outer loop
      vertex 69.6659 53.0615 3
      vertex 69.6529 52.951 0.4
      vertex 69.6529 52.951 3
    endloop
  endfacet
  facet normal 0.872583 -0.488466 0
    outer loop
      vertex 68.0499 53.4719 3
      vertex 68.1042 53.5689 0.4
      vertex 68.1042 53.5689 3
    endloop
  endfacet
  facet normal 0.872583 -0.488466 0
    outer loop
      vertex 68.1042 53.5689 0.4
      vertex 68.0499 53.4719 3
      vertex 68.0499 53.4719 0.4
    endloop
  endfacet
  facet normal 0.859312 0.511452 0
    outer loop
      vertex 68.1166 52.6245 3
      vertex 68.0597 52.7201 0.4
      vertex 68.0597 52.7201 3
    endloop
  endfacet
  facet normal 0.859312 0.511452 0
    outer loop
      vertex 68.0597 52.7201 0.4
      vertex 68.1166 52.6245 3
      vertex 68.1166 52.6245 0.4
    endloop
  endfacet
  facet normal -0.80097 0.598705 0
    outer loop
      vertex 69.4634 52.5539 0.4
      vertex 69.53 52.643 3
      vertex 69.53 52.643 0.4
    endloop
  endfacet
  facet normal -0.80097 0.598705 0
    outer loop
      vertex 69.53 52.643 3
      vertex 69.4634 52.5539 0.4
      vertex 69.4634 52.5539 3
    endloop
  endfacet
  facet normal -0.989605 -0.143812 0
    outer loop
      vertex 69.6645 53.1726 0.4
      vertex 69.6485 53.2827 3
      vertex 69.6485 53.2827 0.4
    endloop
  endfacet
  facet normal -0.989605 -0.143812 0
    outer loop
      vertex 69.6485 53.2827 3
      vertex 69.6645 53.1726 0.4
      vertex 69.6645 53.1726 3
    endloop
  endfacet
  facet normal -0.117833 -0.993033 0
    outer loop
      vertex 68.8616 53.9548 0.4
      vertex 68.972 53.9417 3
      vertex 68.8616 53.9548 3
    endloop
  endfacet
  facet normal -0.117833 -0.993033 -0
    outer loop
      vertex 68.972 53.9417 3
      vertex 68.8616 53.9548 0.4
      vertex 68.972 53.9417 0.4
    endloop
  endfacet
  facet normal 0.245497 0.969397 -0
    outer loop
      vertex 68.6622 52.2702 0.4
      vertex 68.5544 52.2975 3
      vertex 68.6622 52.2702 3
    endloop
  endfacet
  facet normal 0.245497 0.969397 0
    outer loop
      vertex 68.5544 52.2975 3
      vertex 68.6622 52.2702 0.4
      vertex 68.5544 52.2975 0.4
    endloop
  endfacet
  facet normal 0.697605 0.716483 -0
    outer loop
      vertex 68.2651 52.4596 0.4
      vertex 68.1854 52.5372 3
      vertex 68.2651 52.4596 3
    endloop
  endfacet
  facet normal 0.697605 0.716483 0
    outer loop
      vertex 68.1854 52.5372 3
      vertex 68.2651 52.4596 0.4
      vertex 68.1854 52.5372 0.4
    endloop
  endfacet
  facet normal 0.989605 0.143812 0
    outer loop
      vertex 67.9857 52.9292 3
      vertex 67.9697 53.0393 0.4
      vertex 67.9697 53.0393 3
    endloop
  endfacet
  facet normal 0.989605 0.143812 0
    outer loop
      vertex 67.9697 53.0393 0.4
      vertex 67.9857 52.9292 3
      vertex 67.9857 52.9292 0.4
    endloop
  endfacet
  facet normal 0.488768 0.872414 -0
    outer loop
      vertex 68.4512 52.3387 0.4
      vertex 68.3541 52.3931 3
      vertex 68.4512 52.3387 3
    endloop
  endfacet
  facet normal 0.488768 0.872414 0
    outer loop
      vertex 68.3541 52.3931 3
      vertex 68.4512 52.3387 0.4
      vertex 68.3541 52.3931 0.4
    endloop
  endfacet
  facet normal -0.999921 -0.0126003 0
    outer loop
      vertex 69.6659 53.0615 0.4
      vertex 69.6645 53.1726 3
      vertex 69.6645 53.1726 0.4
    endloop
  endfacet
  facet normal -0.999921 -0.0126003 0
    outer loop
      vertex 69.6645 53.1726 3
      vertex 69.6659 53.0615 0.4
      vertex 69.6659 53.0615 3
    endloop
  endfacet
  facet normal -0.785412 -0.618973 0
    outer loop
      vertex 69.5176 53.5874 0.4
      vertex 69.4488 53.6747 3
      vertex 69.4488 53.6747 0.4
    endloop
  endfacet
  facet normal -0.785412 -0.618973 0
    outer loop
      vertex 69.4488 53.6747 3
      vertex 69.5176 53.5874 0.4
      vertex 69.5176 53.5874 3
    endloop
  endfacet
  facet normal 0.785412 0.618973 0
    outer loop
      vertex 68.1854 52.5372 3
      vertex 68.1166 52.6245 0.4
      vertex 68.1166 52.6245 3
    endloop
  endfacet
  facet normal 0.785412 0.618973 0
    outer loop
      vertex 68.1166 52.6245 0.4
      vertex 68.1854 52.5372 3
      vertex 68.1854 52.5372 0.4
    endloop
  endfacet
  facet normal -0.697605 -0.716483 0
    outer loop
      vertex 69.3691 53.7523 0.4
      vertex 69.4488 53.6747 3
      vertex 69.3691 53.7523 3
    endloop
  endfacet
  facet normal -0.697605 -0.716483 -0
    outer loop
      vertex 69.4488 53.6747 3
      vertex 69.3691 53.7523 0.4
      vertex 69.4488 53.6747 0.4
    endloop
  endfacet
  facet normal -0.872583 0.488466 0
    outer loop
      vertex 69.53 52.643 0.4
      vertex 69.5843 52.74 3
      vertex 69.5843 52.74 0.4
    endloop
  endfacet
  facet normal -0.872583 0.488466 0
    outer loop
      vertex 69.5843 52.74 3
      vertex 69.53 52.643 0.4
      vertex 69.53 52.643 3
    endloop
  endfacet
  facet normal 0.394679 -0.918819 0
    outer loop
      vertex 68.4312 53.8633 0.4
      vertex 68.5334 53.9072 3
      vertex 68.4312 53.8633 3
    endloop
  endfacet
  facet normal 0.394679 -0.918819 0
    outer loop
      vertex 68.5334 53.9072 3
      vertex 68.4312 53.8633 0.4
      vertex 68.5334 53.9072 0.4
    endloop
  endfacet
  facet normal -0.271631 0.962401 0
    outer loop
      vertex 69.1008 52.3047 0.4
      vertex 68.9938 52.2745 3
      vertex 69.1008 52.3047 3
    endloop
  endfacet
  facet normal -0.271631 0.962401 0
    outer loop
      vertex 68.9938 52.2745 3
      vertex 69.1008 52.3047 0.4
      vertex 68.9938 52.2745 0.4
    endloop
  endfacet
  facet normal -0.37077 -0.928725 0
    outer loop
      vertex 69.0798 53.9143 0.4
      vertex 69.183 53.8731 3
      vertex 69.0798 53.9143 3
    endloop
  endfacet
  facet normal -0.37077 -0.928725 -0
    outer loop
      vertex 69.183 53.8731 3
      vertex 69.0798 53.9143 0.4
      vertex 69.183 53.8731 0.4
    endloop
  endfacet
  facet normal 0.117833 0.993033 -0
    outer loop
      vertex 68.7726 52.2571 0.4
      vertex 68.6622 52.2702 3
      vertex 68.7726 52.2571 3
    endloop
  endfacet
  facet normal 0.117833 0.993033 0
    outer loop
      vertex 68.6622 52.2702 3
      vertex 68.7726 52.2571 0.4
      vertex 68.6622 52.2702 0.4
    endloop
  endfacet
  facet normal -0.962401 -0.271631 0
    outer loop
      vertex 69.6485 53.2827 0.4
      vertex 69.6183 53.3897 3
      vertex 69.6183 53.3897 0.4
    endloop
  endfacet
  facet normal -0.962401 -0.271631 0
    outer loop
      vertex 69.6183 53.3897 3
      vertex 69.6485 53.2827 0.4
      vertex 69.6485 53.2827 3
    endloop
  endfacet
  facet normal -0.246342 -0.969183 0
    outer loop
      vertex 68.972 53.9417 0.4
      vertex 69.0798 53.9143 3
      vertex 68.972 53.9417 3
    endloop
  endfacet
  facet normal -0.246342 -0.969183 -0
    outer loop
      vertex 69.0798 53.9143 3
      vertex 68.972 53.9417 0.4
      vertex 69.0798 53.9143 0.4
    endloop
  endfacet
  facet normal 0.510788 -0.859707 0
    outer loop
      vertex 68.3356 53.8065 0.4
      vertex 68.4312 53.8633 3
      vertex 68.3356 53.8065 3
    endloop
  endfacet
  facet normal 0.510788 -0.859707 0
    outer loop
      vertex 68.4312 53.8633 3
      vertex 68.3356 53.8065 0.4
      vertex 68.4312 53.8633 0.4
    endloop
  endfacet
  facet normal -0.598128 -0.801401 0
    outer loop
      vertex 69.28 53.8188 0.4
      vertex 69.3691 53.7523 3
      vertex 69.28 53.8188 3
    endloop
  endfacet
  facet normal -0.598128 -0.801401 -0
    outer loop
      vertex 69.3691 53.7523 3
      vertex 69.28 53.8188 0.4
      vertex 69.3691 53.7523 0.4
    endloop
  endfacet
  facet normal 0.918679 0.395005 0
    outer loop
      vertex 68.0597 52.7201 3
      vertex 68.0158 52.8222 0.4
      vertex 68.0158 52.8222 3
    endloop
  endfacet
  facet normal 0.918679 0.395005 0
    outer loop
      vertex 68.0158 52.8222 0.4
      vertex 68.0597 52.7201 3
      vertex 68.0597 52.7201 0.4
    endloop
  endfacet
  facet normal -0.859707 -0.510788 0
    outer loop
      vertex 69.5744 53.4918 0.4
      vertex 69.5176 53.5874 3
      vertex 69.5176 53.5874 0.4
    endloop
  endfacet
  facet normal -0.859707 -0.510788 0
    outer loop
      vertex 69.5176 53.5874 3
      vertex 69.5744 53.4918 0.4
      vertex 69.5744 53.4918 3
    endloop
  endfacet
  facet normal 0.928848 -0.37046 0
    outer loop
      vertex 68.0087 53.3686 3
      vertex 68.0499 53.4719 0.4
      vertex 68.0499 53.4719 3
    endloop
  endfacet
  facet normal 0.928848 -0.37046 0
    outer loop
      vertex 68.0499 53.4719 0.4
      vertex 68.0087 53.3686 3
      vertex 68.0087 53.3686 0.4
    endloop
  endfacet
  facet normal 0.013488 -0.999909 0
    outer loop
      vertex 68.7504 53.9533 0.4
      vertex 68.8616 53.9548 3
      vertex 68.7504 53.9533 3
    endloop
  endfacet
  facet normal 0.013488 -0.999909 0
    outer loop
      vertex 68.8616 53.9548 3
      vertex 68.7504 53.9533 0.4
      vertex 68.8616 53.9548 0.4
    endloop
  endfacet
  facet normal -0.488466 -0.872583 0
    outer loop
      vertex 69.183 53.8731 0.4
      vertex 69.28 53.8188 3
      vertex 69.183 53.8731 3
    endloop
  endfacet
  facet normal -0.488466 -0.872583 -0
    outer loop
      vertex 69.28 53.8188 3
      vertex 69.183 53.8731 0.4
      vertex 69.28 53.8188 0.4
    endloop
  endfacet
  facet normal -0.619528 0.784975 0
    outer loop
      vertex 69.3858 52.4743 0.4
      vertex 69.2985 52.4054 3
      vertex 69.3858 52.4743 3
    endloop
  endfacet
  facet normal -0.619528 0.784975 0
    outer loop
      vertex 69.2985 52.4054 3
      vertex 69.3858 52.4743 0.4
      vertex 69.2985 52.4054 0.4
    endloop
  endfacet
  facet normal 0.999921 0.0126003 0
    outer loop
      vertex 67.9697 53.0393 3
      vertex 67.9683 53.1504 0.4
      vertex 67.9683 53.1504 3
    endloop
  endfacet
  facet normal 0.999921 0.0126003 0
    outer loop
      vertex 67.9683 53.1504 0.4
      vertex 67.9697 53.0393 3
      vertex 67.9697 53.0393 0.4
    endloop
  endfacet
  facet normal 0.993138 -0.116946 0
    outer loop
      vertex 67.9683 53.1504 3
      vertex 67.9813 53.2608 0.4
      vertex 67.9813 53.2608 3
    endloop
  endfacet
  facet normal 0.993138 -0.116946 0
    outer loop
      vertex 67.9813 53.2608 0.4
      vertex 67.9683 53.1504 3
      vertex 67.9683 53.1504 0.4
    endloop
  endfacet
  facet normal 0.716045 -0.698054 0
    outer loop
      vertex 68.1707 53.658 3
      vertex 68.2483 53.7376 0.4
      vertex 68.2483 53.7376 3
    endloop
  endfacet
  facet normal 0.716045 -0.698054 0
    outer loop
      vertex 68.2483 53.7376 0.4
      vertex 68.1707 53.658 3
      vertex 68.1707 53.658 0.4
    endloop
  endfacet
  facet normal 0.619528 -0.784975 0
    outer loop
      vertex 68.2483 53.7376 0.4
      vertex 68.3356 53.8065 3
      vertex 68.2483 53.7376 3
    endloop
  endfacet
  facet normal 0.619528 -0.784975 0
    outer loop
      vertex 68.3356 53.8065 3
      vertex 68.2483 53.7376 0.4
      vertex 68.3356 53.8065 0.4
    endloop
  endfacet
  facet normal 0.143059 -0.989714 0
    outer loop
      vertex 68.6404 53.9374 0.4
      vertex 68.7504 53.9533 3
      vertex 68.6404 53.9374 3
    endloop
  endfacet
  facet normal 0.143059 -0.989714 0
    outer loop
      vertex 68.7504 53.9533 3
      vertex 68.6404 53.9374 0.4
      vertex 68.7504 53.9533 0.4
    endloop
  endfacet
  facet normal 0 0 1
    outer loop
      vertex 69.6645 53.1726 0.4
      vertex 69.6529 52.951 0.4
      vertex 69.6659 53.0615 0.4
    endloop
  endfacet
  facet normal 0 0 1
    outer loop
      vertex 69.6485 53.2827 0.4
      vertex 69.6529 52.951 0.4
      vertex 69.6645 53.1726 0.4
    endloop
  endfacet
  facet normal 0 0 1
    outer loop
      vertex 69.6485 53.2827 0.4
      vertex 69.6255 52.8433 0.4
      vertex 69.6529 52.951 0.4
    endloop
  endfacet
  facet normal 0 0 1
    outer loop
      vertex 69.6183 53.3897 0.4
      vertex 69.6255 52.8433 0.4
      vertex 69.6485 53.2827 0.4
    endloop
  endfacet
  facet normal 0 0 1
    outer loop
      vertex 69.6183 53.3897 0.4
      vertex 69.5843 52.74 0.4
      vertex 69.6255 52.8433 0.4
    endloop
  endfacet
  facet normal 0 0 1
    outer loop
      vertex 69.5744 53.4918 0.4
      vertex 69.5843 52.74 0.4
      vertex 69.6183 53.3897 0.4
    endloop
  endfacet
  facet normal 0 0 1
    outer loop
      vertex 69.5744 53.4918 0.4
      vertex 69.53 52.643 0.4
      vertex 69.5843 52.74 0.4
    endloop
  endfacet
  facet normal 0 0 1
    outer loop
      vertex 69.5176 53.5874 0.4
      vertex 69.53 52.643 0.4
      vertex 69.5744 53.4918 0.4
    endloop
  endfacet
  facet normal 0 0 1
    outer loop
      vertex 69.5176 53.5874 0.4
      vertex 69.4634 52.5539 0.4
      vertex 69.53 52.643 0.4
    endloop
  endfacet
  facet normal 0 0 1
    outer loop
      vertex 69.4488 53.6747 0.4
      vertex 69.4634 52.5539 0.4
      vertex 69.5176 53.5874 0.4
    endloop
  endfacet
  facet normal 0 0 1
    outer loop
      vertex 69.4488 53.6747 0.4
      vertex 69.3858 52.4743 0.4
      vertex 69.4634 52.5539 0.4
    endloop
  endfacet
  facet normal 0 0 1
    outer loop
      vertex 69.3691 53.7523 0.4
      vertex 69.3858 52.4743 0.4
      vertex 69.4488 53.6747 0.4
    endloop
  endfacet
  facet normal 0 0 1
    outer loop
      vertex 69.3691 53.7523 0.4
      vertex 69.2985 52.4054 0.4
      vertex 69.3858 52.4743 0.4
    endloop
  endfacet
  facet normal 0 0 1
    outer loop
      vertex 69.28 53.8188 0.4
      vertex 69.2985 52.4054 0.4
      vertex 69.3691 53.7523 0.4
    endloop
  endfacet
  facet normal 0 0 1
    outer loop
      vertex 69.28 53.8188 0.4
      vertex 69.203 52.3486 0.4
      vertex 69.2985 52.4054 0.4
    endloop
  endfacet
  facet normal 0 0 1
    outer loop
      vertex 69.183 53.8731 0.4
      vertex 69.203 52.3486 0.4
      vertex 69.28 53.8188 0.4
    endloop
  endfacet
  facet normal 0 0 1
    outer loop
      vertex 69.183 53.8731 0.4
      vertex 69.1008 52.3047 0.4
      vertex 69.203 52.3486 0.4
    endloop
  endfacet
  facet normal 0 0 1
    outer loop
      vertex 69.0798 53.9143 0.4
      vertex 69.1008 52.3047 0.4
      vertex 69.183 53.8731 0.4
    endloop
  endfacet
  facet normal 0 0 1
    outer loop
      vertex 69.0798 53.9143 0.4
      vertex 68.9938 52.2745 0.4
      vertex 69.1008 52.3047 0.4
    endloop
  endfacet
  facet normal 0 0 1
    outer loop
      vertex 68.972 53.9417 0.4
      vertex 68.9938 52.2745 0.4
      vertex 69.0798 53.9143 0.4
    endloop
  endfacet
  facet normal 0 0 1
    outer loop
      vertex 68.972 53.9417 0.4
      vertex 68.8838 52.2586 0.4
      vertex 68.9938 52.2745 0.4
    endloop
  endfacet
  facet normal 0 0 1
    outer loop
      vertex 68.8616 53.9548 0.4
      vertex 68.8838 52.2586 0.4
      vertex 68.972 53.9417 0.4
    endloop
  endfacet
  facet normal 0 0 1
    outer loop
      vertex 68.8616 53.9548 0.4
      vertex 68.7726 52.2571 0.4
      vertex 68.8838 52.2586 0.4
    endloop
  endfacet
  facet normal -0 0 1
    outer loop
      vertex 68.7504 53.9533 0.4
      vertex 68.7726 52.2571 0.4
      vertex 68.8616 53.9548 0.4
    endloop
  endfacet
  facet normal 0 0 1
    outer loop
      vertex 68.7504 53.9533 0.4
      vertex 68.6622 52.2702 0.4
      vertex 68.7726 52.2571 0.4
    endloop
  endfacet
  facet normal -0 0 1
    outer loop
      vertex 68.6404 53.9374 0.4
      vertex 68.6622 52.2702 0.4
      vertex 68.7504 53.9533 0.4
    endloop
  endfacet
  facet normal 0 0 1
    outer loop
      vertex 68.6404 53.9374 0.4
      vertex 68.5544 52.2975 0.4
      vertex 68.6622 52.2702 0.4
    endloop
  endfacet
  facet normal -0 0 1
    outer loop
      vertex 68.5334 53.9072 0.4
      vertex 68.5544 52.2975 0.4
      vertex 68.6404 53.9374 0.4
    endloop
  endfacet
  facet normal 0 0 1
    outer loop
      vertex 68.5334 53.9072 0.4
      vertex 68.4512 52.3387 0.4
      vertex 68.5544 52.2975 0.4
    endloop
  endfacet
  facet normal -0 0 1
    outer loop
      vertex 68.4312 53.8633 0.4
      vertex 68.4512 52.3387 0.4
      vertex 68.5334 53.9072 0.4
    endloop
  endfacet
  facet normal 0 0 1
    outer loop
      vertex 68.4312 53.8633 0.4
      vertex 68.3541 52.3931 0.4
      vertex 68.4512 52.3387 0.4
    endloop
  endfacet
  facet normal -0 0 1
    outer loop
      vertex 68.3356 53.8065 0.4
      vertex 68.3541 52.3931 0.4
      vertex 68.4312 53.8633 0.4
    endloop
  endfacet
  facet normal 0 0 1
    outer loop
      vertex 68.3356 53.8065 0.4
      vertex 68.2651 52.4596 0.4
      vertex 68.3541 52.3931 0.4
    endloop
  endfacet
  facet normal -0 0 1
    outer loop
      vertex 68.2483 53.7376 0.4
      vertex 68.2651 52.4596 0.4
      vertex 68.3356 53.8065 0.4
    endloop
  endfacet
  facet normal 0 0 1
    outer loop
      vertex 68.2483 53.7376 0.4
      vertex 68.1854 52.5372 0.4
      vertex 68.2651 52.4596 0.4
    endloop
  endfacet
  facet normal -0 0 1
    outer loop
      vertex 68.1707 53.658 0.4
      vertex 68.1854 52.5372 0.4
      vertex 68.2483 53.7376 0.4
    endloop
  endfacet
  facet normal 0 0 1
    outer loop
      vertex 68.1707 53.658 0.4
      vertex 68.1166 52.6245 0.4
      vertex 68.1854 52.5372 0.4
    endloop
  endfacet
  facet normal -0 0 1
    outer loop
      vertex 68.1042 53.5689 0.4
      vertex 68.1166 52.6245 0.4
      vertex 68.1707 53.658 0.4
    endloop
  endfacet
  facet normal 0 0 1
    outer loop
      vertex 68.1042 53.5689 0.4
      vertex 68.0597 52.7201 0.4
      vertex 68.1166 52.6245 0.4
    endloop
  endfacet
  facet normal -0 0 1
    outer loop
      vertex 68.0499 53.4719 0.4
      vertex 68.0597 52.7201 0.4
      vertex 68.1042 53.5689 0.4
    endloop
  endfacet
  facet normal 0 0 1
    outer loop
      vertex 68.0499 53.4719 0.4
      vertex 68.0158 52.8222 0.4
      vertex 68.0597 52.7201 0.4
    endloop
  endfacet
  facet normal -0 0 1
    outer loop
      vertex 68.0087 53.3686 0.4
      vertex 68.0158 52.8222 0.4
      vertex 68.0499 53.4719 0.4
    endloop
  endfacet
  facet normal 0 0 1
    outer loop
      vertex 68.0087 53.3686 0.4
      vertex 67.9857 52.9292 0.4
      vertex 68.0158 52.8222 0.4
    endloop
  endfacet
  facet normal -0 0 1
    outer loop
      vertex 67.9813 53.2608 0.4
      vertex 67.9857 52.9292 0.4
      vertex 68.0087 53.3686 0.4
    endloop
  endfacet
  facet normal 0 0 1
    outer loop
      vertex 67.9813 53.2608 0.4
      vertex 67.9697 53.0393 0.4
      vertex 67.9857 52.9292 0.4
    endloop
  endfacet
  facet normal 0 -0 1
    outer loop
      vertex 67.9697 53.0393 0.4
      vertex 67.9813 53.2608 0.4
      vertex 67.9683 53.1504 0.4
    endloop
  endfacet
  facet normal 0.37077 0.928725 -0
    outer loop
      vertex 68.5544 52.2975 0.4
      vertex 68.4512 52.3387 3
      vertex 68.5544 52.2975 3
    endloop
  endfacet
  facet normal 0.37077 0.928725 0
    outer loop
      vertex 68.4512 52.3387 3
      vertex 68.5544 52.2975 0.4
      vertex 68.4512 52.3387 0.4
    endloop
  endfacet
  facet normal -0.511183 0.859472 0
    outer loop
      vertex 69.2985 52.4054 0.4
      vertex 69.203 52.3486 3
      vertex 69.2985 52.4054 3
    endloop
  endfacet
  facet normal -0.511183 0.859472 0
    outer loop
      vertex 69.203 52.3486 3
      vertex 69.2985 52.4054 0.4
      vertex 69.203 52.3486 0.4
    endloop
  endfacet
  facet normal -0.394679 0.918819 0
    outer loop
      vertex 69.203 52.3486 0.4
      vertex 69.1008 52.3047 3
      vertex 69.203 52.3486 3
    endloop
  endfacet
  facet normal -0.394679 0.918819 0
    outer loop
      vertex 69.1008 52.3047 3
      vertex 69.203 52.3486 0.4
      vertex 69.1008 52.3047 0.4
    endloop
  endfacet
  facet normal -0.989714 -0.143059 0
    outer loop
      vertex 31.6913 -18.2839 0.4
      vertex 31.6754 -18.1739 3
      vertex 31.6754 -18.1739 0.4
    endloop
  endfacet
  facet normal -0.989714 -0.143059 0
    outer loop
      vertex 31.6754 -18.1739 3
      vertex 31.6913 -18.2839 0.4
      vertex 31.6913 -18.2839 3
    endloop
  endfacet
  facet normal 0.962401 0.271631 0
    outer loop
      vertex 30.0427 -18.6343 3
      vertex 30.0125 -18.5273 0.4
      vertex 30.0125 -18.5273 3
    endloop
  endfacet
  facet normal 0.962401 0.271631 0
    outer loop
      vertex 30.0125 -18.5273 0.4
      vertex 30.0427 -18.6343 3
      vertex 30.0427 -18.6343 0.4
    endloop
  endfacet
  facet normal -0.872797 0.488083 0
    outer loop
      vertex 31.5568 -18.8136 0.4
      vertex 31.6111 -18.7165 3
      vertex 31.6111 -18.7165 0.4
    endloop
  endfacet
  facet normal -0.872797 0.488083 0
    outer loop
      vertex 31.6111 -18.7165 3
      vertex 31.5568 -18.8136 0.4
      vertex 31.5568 -18.8136 3
    endloop
  endfacet
  facet normal -0.918819 -0.394679 0
    outer loop
      vertex 31.6452 -18.0669 0.4
      vertex 31.6013 -17.9647 3
      vertex 31.6013 -17.9647 0.4
    endloop
  endfacet
  facet normal -0.918819 -0.394679 0
    outer loop
      vertex 31.6013 -17.9647 3
      vertex 31.6452 -18.0669 0.4
      vertex 31.6452 -18.0669 3
    endloop
  endfacet
  facet normal -0.598705 -0.80097 0
    outer loop
      vertex 31.3069 -17.6377 0.4
      vertex 31.396 -17.7043 3
      vertex 31.3069 -17.6377 3
    endloop
  endfacet
  facet normal -0.598705 -0.80097 -0
    outer loop
      vertex 31.396 -17.7043 3
      vertex 31.3069 -17.6377 0.4
      vertex 31.396 -17.7043 0.4
    endloop
  endfacet
  facet normal -0.488466 -0.872583 0
    outer loop
      vertex 31.2099 -17.5834 0.4
      vertex 31.3069 -17.6377 3
      vertex 31.2099 -17.5834 3
    endloop
  endfacet
  facet normal -0.488466 -0.872583 -0
    outer loop
      vertex 31.3069 -17.6377 3
      vertex 31.2099 -17.5834 0.4
      vertex 31.3069 -17.6377 0.4
    endloop
  endfacet
  facet normal 0.859707 0.510788 0
    outer loop
      vertex 30.1434 -18.8321 3
      vertex 30.0866 -18.7365 0.4
      vertex 30.0866 -18.7365 3
    endloop
  endfacet
  facet normal 0.859707 0.510788 0
    outer loop
      vertex 30.0866 -18.7365 0.4
      vertex 30.1434 -18.8321 3
      vertex 30.1434 -18.8321 0.4
    endloop
  endfacet
  facet normal 0.271631 -0.962401 0
    outer loop
      vertex 30.5602 -17.5494 0.4
      vertex 30.6672 -17.5192 3
      vertex 30.5602 -17.5494 3
    endloop
  endfacet
  facet normal 0.271631 -0.962401 0
    outer loop
      vertex 30.6672 -17.5192 3
      vertex 30.5602 -17.5494 0.4
      vertex 30.6672 -17.5192 0.4
    endloop
  endfacet
  facet normal -0.801079 0.598559 0
    outer loop
      vertex 31.4903 -18.9026 0.4
      vertex 31.5568 -18.8136 3
      vertex 31.5568 -18.8136 0.4
    endloop
  endfacet
  facet normal -0.801079 0.598559 0
    outer loop
      vertex 31.5568 -18.8136 3
      vertex 31.4903 -18.9026 0.4
      vertex 31.4903 -18.9026 3
    endloop
  endfacet
  facet normal -0.37046 -0.928848 0
    outer loop
      vertex 31.1066 -17.5422 0.4
      vertex 31.2099 -17.5834 3
      vertex 31.1066 -17.5422 3
    endloop
  endfacet
  facet normal -0.37046 -0.928848 -0
    outer loop
      vertex 31.2099 -17.5834 3
      vertex 31.1066 -17.5422 0.4
      vertex 31.2099 -17.5834 0.4
    endloop
  endfacet
  facet normal 0.116841 0.993151 -0
    outer loop
      vertex 30.7995 -19.1994 0.4
      vertex 30.689 -19.1864 3
      vertex 30.7995 -19.1994 3
    endloop
  endfacet
  facet normal 0.116841 0.993151 0
    outer loop
      vertex 30.689 -19.1864 3
      vertex 30.7995 -19.1994 0.4
      vertex 30.689 -19.1864 0.4
    endloop
  endfacet
  facet normal -0.395005 0.918679 0
    outer loop
      vertex 31.2298 -19.108 0.4
      vertex 31.1277 -19.1519 3
      vertex 31.2298 -19.108 3
    endloop
  endfacet
  facet normal -0.395005 0.918679 0
    outer loop
      vertex 31.1277 -19.1519 3
      vertex 31.2298 -19.108 0.4
      vertex 31.1277 -19.1519 0.4
    endloop
  endfacet
  facet normal -0.993033 0.117833 0
    outer loop
      vertex 31.6797 -18.5055 0.4
      vertex 31.6928 -18.3951 3
      vertex 31.6928 -18.3951 0.4
    endloop
  endfacet
  facet normal -0.993033 0.117833 0
    outer loop
      vertex 31.6928 -18.3951 3
      vertex 31.6797 -18.5055 0.4
      vertex 31.6797 -18.5055 3
    endloop
  endfacet
  facet normal -0.511452 0.859312 0
    outer loop
      vertex 31.3254 -19.0511 0.4
      vertex 31.2298 -19.108 3
      vertex 31.3254 -19.0511 3
    endloop
  endfacet
  facet normal -0.511452 0.859312 0
    outer loop
      vertex 31.2298 -19.108 3
      vertex 31.3254 -19.0511 0.4
      vertex 31.2298 -19.108 0.4
    endloop
  endfacet
  facet normal 0.37046 0.928848 -0
    outer loop
      vertex 30.5813 -19.159 0.4
      vertex 30.478 -19.1178 3
      vertex 30.5813 -19.159 3
    endloop
  endfacet
  facet normal 0.37046 0.928848 0
    outer loop
      vertex 30.478 -19.1178 3
      vertex 30.5813 -19.159 0.4
      vertex 30.478 -19.1178 0.4
    endloop
  endfacet
  facet normal 0.698054 0.716045 -0
    outer loop
      vertex 30.2919 -18.997 0.4
      vertex 30.2123 -18.9194 3
      vertex 30.2919 -18.997 3
    endloop
  endfacet
  facet normal 0.698054 0.716045 0
    outer loop
      vertex 30.2123 -18.9194 3
      vertex 30.2919 -18.997 0.4
      vertex 30.2123 -18.9194 0.4
    endloop
  endfacet
  facet normal -0.962401 -0.271631 0
    outer loop
      vertex 31.6754 -18.1739 0.4
      vertex 31.6452 -18.0669 3
      vertex 31.6452 -18.0669 0.4
    endloop
  endfacet
  facet normal -0.962401 -0.271631 0
    outer loop
      vertex 31.6452 -18.0669 3
      vertex 31.6754 -18.1739 0.4
      vertex 31.6754 -18.1739 3
    endloop
  endfacet
  facet normal -0.270798 0.962636 0
    outer loop
      vertex 31.1277 -19.1519 0.4
      vertex 31.0207 -19.182 3
      vertex 31.1277 -19.1519 3
    endloop
  endfacet
  facet normal -0.270798 0.962636 0
    outer loop
      vertex 31.0207 -19.182 3
      vertex 31.1277 -19.1519 0.4
      vertex 31.0207 -19.182 0.4
    endloop
  endfacet
  facet normal 0.784975 0.619528 0
    outer loop
      vertex 30.2123 -18.9194 3
      vertex 30.1434 -18.8321 0.4
      vertex 30.1434 -18.8321 3
    endloop
  endfacet
  facet normal 0.784975 0.619528 0
    outer loop
      vertex 30.1434 -18.8321 0.4
      vertex 30.2123 -18.9194 3
      vertex 30.2123 -18.9194 0.4
    endloop
  endfacet
  facet normal 0.246556 0.969128 -0
    outer loop
      vertex 30.689 -19.1864 0.4
      vertex 30.5813 -19.159 3
      vertex 30.689 -19.1864 3
    endloop
  endfacet
  facet normal 0.246556 0.969128 0
    outer loop
      vertex 30.5813 -19.159 3
      vertex 30.689 -19.1864 0.4
      vertex 30.5813 -19.159 0.4
    endloop
  endfacet
  facet normal 0.394679 -0.918819 0
    outer loop
      vertex 30.458 -17.5933 0.4
      vertex 30.5602 -17.5494 3
      vertex 30.458 -17.5933 3
    endloop
  endfacet
  facet normal 0.394679 -0.918819 0
    outer loop
      vertex 30.5602 -17.5494 3
      vertex 30.458 -17.5933 0.4
      vertex 30.5602 -17.5494 0.4
    endloop
  endfacet
  facet normal -0.999909 -0.013488 0
    outer loop
      vertex 31.6928 -18.3951 0.4
      vertex 31.6913 -18.2839 3
      vertex 31.6913 -18.2839 0.4
    endloop
  endfacet
  facet normal -0.999909 -0.013488 0
    outer loop
      vertex 31.6913 -18.2839 3
      vertex 31.6928 -18.3951 0.4
      vertex 31.6928 -18.3951 3
    endloop
  endfacet
  facet normal -0.716483 0.697605 0
    outer loop
      vertex 31.4127 -18.9823 0.4
      vertex 31.4903 -18.9026 3
      vertex 31.4903 -18.9026 0.4
    endloop
  endfacet
  facet normal -0.716483 0.697605 0
    outer loop
      vertex 31.4903 -18.9026 3
      vertex 31.4127 -18.9823 0.4
      vertex 31.4127 -18.9823 3
    endloop
  endfacet
  facet normal 0.918819 0.394679 0
    outer loop
      vertex 30.0866 -18.7365 3
      vertex 30.0427 -18.6343 0.4
      vertex 30.0427 -18.6343 3
    endloop
  endfacet
  facet normal 0.918819 0.394679 0
    outer loop
      vertex 30.0427 -18.6343 0.4
      vertex 30.0866 -18.7365 3
      vertex 30.0866 -18.7365 0.4
    endloop
  endfacet
  facet normal -0.0126003 0.999921 0
    outer loop
      vertex 30.9106 -19.198 0.4
      vertex 30.7995 -19.1994 3
      vertex 30.9106 -19.198 3
    endloop
  endfacet
  facet normal -0.0126003 0.999921 0
    outer loop
      vertex 30.7995 -19.1994 3
      vertex 30.9106 -19.198 0.4
      vertex 30.7995 -19.1994 0.4
    endloop
  endfacet
  facet normal -0.618973 0.785412 0
    outer loop
      vertex 31.4127 -18.9823 0.4
      vertex 31.3254 -19.0511 3
      vertex 31.4127 -18.9823 3
    endloop
  endfacet
  facet normal -0.618973 0.785412 0
    outer loop
      vertex 31.3254 -19.0511 3
      vertex 31.4127 -18.9823 0.4
      vertex 31.3254 -19.0511 0.4
    endloop
  endfacet
  facet normal 0.488466 0.872583 -0
    outer loop
      vertex 30.478 -19.1178 0.4
      vertex 30.381 -19.0635 3
      vertex 30.478 -19.1178 3
    endloop
  endfacet
  facet normal 0.488466 0.872583 0
    outer loop
      vertex 30.381 -19.0635 3
      vertex 30.478 -19.1178 0.4
      vertex 30.381 -19.0635 0.4
    endloop
  endfacet
  facet normal -0.928725 0.37077 0
    outer loop
      vertex 31.6111 -18.7165 0.4
      vertex 31.6523 -18.6133 3
      vertex 31.6523 -18.6133 0.4
    endloop
  endfacet
  facet normal -0.928725 0.37077 0
    outer loop
      vertex 31.6523 -18.6133 3
      vertex 31.6111 -18.7165 0.4
      vertex 31.6111 -18.7165 3
    endloop
  endfacet
  facet normal -0.969183 0.246342 0
    outer loop
      vertex 31.6523 -18.6133 0.4
      vertex 31.6797 -18.5055 3
      vertex 31.6797 -18.5055 0.4
    endloop
  endfacet
  facet normal -0.969183 0.246342 0
    outer loop
      vertex 31.6797 -18.5055 3
      vertex 31.6523 -18.6133 0.4
      vertex 31.6523 -18.6133 3
    endloop
  endfacet
  facet normal 0.0125889 -0.999921 0
    outer loop
      vertex 30.7772 -17.5032 0.4
      vertex 30.8884 -17.5018 3
      vertex 30.7772 -17.5032 3
    endloop
  endfacet
  facet normal 0.0125889 -0.999921 0
    outer loop
      vertex 30.8884 -17.5018 3
      vertex 30.7772 -17.5032 0.4
      vertex 30.8884 -17.5018 0.4
    endloop
  endfacet
  facet normal 0.511183 -0.859472 0
    outer loop
      vertex 30.3625 -17.6501 0.4
      vertex 30.458 -17.5933 3
      vertex 30.3625 -17.6501 3
    endloop
  endfacet
  facet normal 0.511183 -0.859472 0
    outer loop
      vertex 30.458 -17.5933 3
      vertex 30.3625 -17.6501 0.4
      vertex 30.458 -17.5933 0.4
    endloop
  endfacet
  facet normal 0.618973 -0.785412 0
    outer loop
      vertex 30.2752 -17.7189 0.4
      vertex 30.3625 -17.6501 3
      vertex 30.2752 -17.7189 3
    endloop
  endfacet
  facet normal 0.618973 -0.785412 0
    outer loop
      vertex 30.3625 -17.6501 3
      vertex 30.2752 -17.7189 0.4
      vertex 30.3625 -17.6501 0.4
    endloop
  endfacet
  facet normal 0.14394 -0.989586 0
    outer loop
      vertex 30.6672 -17.5192 0.4
      vertex 30.7772 -17.5032 3
      vertex 30.6672 -17.5192 3
    endloop
  endfacet
  facet normal 0.14394 -0.989586 0
    outer loop
      vertex 30.7772 -17.5032 3
      vertex 30.6672 -17.5192 0.4
      vertex 30.7772 -17.5032 0.4
    endloop
  endfacet
  facet normal -0.143812 0.989605 0
    outer loop
      vertex 31.0207 -19.182 0.4
      vertex 30.9106 -19.198 3
      vertex 31.0207 -19.182 3
    endloop
  endfacet
  facet normal -0.143812 0.989605 0
    outer loop
      vertex 30.9106 -19.198 3
      vertex 31.0207 -19.182 0.4
      vertex 30.9106 -19.198 0.4
    endloop
  endfacet
  facet normal 0.969397 -0.245497 0
    outer loop
      vertex 30.0082 -18.1957 3
      vertex 30.0355 -18.0879 0.4
      vertex 30.0355 -18.0879 3
    endloop
  endfacet
  facet normal 0.969397 -0.245497 0
    outer loop
      vertex 30.0355 -18.0879 0.4
      vertex 30.0082 -18.1957 3
      vertex 30.0082 -18.1957 0.4
    endloop
  endfacet
  facet normal -0.698054 -0.716045 0
    outer loop
      vertex 31.396 -17.7043 0.4
      vertex 31.4756 -17.7819 3
      vertex 31.396 -17.7043 3
    endloop
  endfacet
  facet normal -0.698054 -0.716045 -0
    outer loop
      vertex 31.4756 -17.7819 3
      vertex 31.396 -17.7043 0.4
      vertex 31.4756 -17.7819 0.4
    endloop
  endfacet
  facet normal 0.993033 -0.117833 0
    outer loop
      vertex 29.9951 -18.3061 3
      vertex 30.0082 -18.1957 0.4
      vertex 30.0082 -18.1957 3
    endloop
  endfacet
  facet normal 0.993033 -0.117833 0
    outer loop
      vertex 30.0082 -18.1957 0.4
      vertex 29.9951 -18.3061 3
      vertex 29.9951 -18.3061 0.4
    endloop
  endfacet
  facet normal 0.801401 -0.598128 0
    outer loop
      vertex 30.1311 -17.8877 3
      vertex 30.1976 -17.7986 0.4
      vertex 30.1976 -17.7986 3
    endloop
  endfacet
  facet normal 0.801401 -0.598128 0
    outer loop
      vertex 30.1976 -17.7986 0.4
      vertex 30.1311 -17.8877 3
      vertex 30.1311 -17.8877 0.4
    endloop
  endfacet
  facet normal -0.859076 -0.511848 0
    outer loop
      vertex 31.6013 -17.9647 0.4
      vertex 31.5444 -17.8692 3
      vertex 31.5444 -17.8692 0.4
    endloop
  endfacet
  facet normal -0.859076 -0.511848 0
    outer loop
      vertex 31.5444 -17.8692 3
      vertex 31.6013 -17.9647 0.4
      vertex 31.6013 -17.9647 3
    endloop
  endfacet
  facet normal -0.116946 -0.993138 0
    outer loop
      vertex 30.8884 -17.5018 0.4
      vertex 30.9988 -17.5148 3
      vertex 30.8884 -17.5018 3
    endloop
  endfacet
  facet normal -0.116946 -0.993138 -0
    outer loop
      vertex 30.9988 -17.5148 3
      vertex 30.8884 -17.5018 0.4
      vertex 30.9988 -17.5148 0.4
    endloop
  endfacet
  facet normal 0.928725 -0.37077 0
    outer loop
      vertex 30.0355 -18.0879 3
      vertex 30.0767 -17.9847 0.4
      vertex 30.0767 -17.9847 3
    endloop
  endfacet
  facet normal 0.928725 -0.37077 0
    outer loop
      vertex 30.0767 -17.9847 0.4
      vertex 30.0355 -18.0879 3
      vertex 30.0355 -18.0879 0.4
    endloop
  endfacet
  facet normal -0.785412 -0.618973 0
    outer loop
      vertex 31.5444 -17.8692 0.4
      vertex 31.4756 -17.7819 3
      vertex 31.4756 -17.7819 0.4
    endloop
  endfacet
  facet normal -0.785412 -0.618973 0
    outer loop
      vertex 31.4756 -17.7819 3
      vertex 31.5444 -17.8692 0.4
      vertex 31.5444 -17.8692 3
    endloop
  endfacet
  facet normal 0.598128 0.801401 -0
    outer loop
      vertex 30.381 -19.0635 0.4
      vertex 30.2919 -18.997 3
      vertex 30.381 -19.0635 3
    endloop
  endfacet
  facet normal 0.598128 0.801401 0
    outer loop
      vertex 30.2919 -18.997 3
      vertex 30.381 -19.0635 0.4
      vertex 30.2919 -18.997 0.4
    endloop
  endfacet
  facet normal -0.246342 -0.969183 0
    outer loop
      vertex 30.9988 -17.5148 0.4
      vertex 31.1066 -17.5422 3
      vertex 30.9988 -17.5148 3
    endloop
  endfacet
  facet normal -0.246342 -0.969183 -0
    outer loop
      vertex 31.1066 -17.5422 3
      vertex 30.9988 -17.5148 0.4
      vertex 31.1066 -17.5422 0.4
    endloop
  endfacet
  facet normal 0.872199 -0.489151 0
    outer loop
      vertex 30.0767 -17.9847 3
      vertex 30.1311 -17.8877 0.4
      vertex 30.1311 -17.8877 3
    endloop
  endfacet
  facet normal 0.872199 -0.489151 0
    outer loop
      vertex 30.1311 -17.8877 0.4
      vertex 30.0767 -17.9847 3
      vertex 30.0767 -17.9847 0.4
    endloop
  endfacet
  facet normal 0.989714 0.143059 0
    outer loop
      vertex 30.0125 -18.5273 3
      vertex 29.9966 -18.4173 0.4
      vertex 29.9966 -18.4173 3
    endloop
  endfacet
  facet normal 0.989714 0.143059 0
    outer loop
      vertex 29.9966 -18.4173 0.4
      vertex 30.0125 -18.5273 3
      vertex 30.0125 -18.5273 0.4
    endloop
  endfacet
  facet normal 0 0 1
    outer loop
      vertex 31.6913 -18.2839 0.4
      vertex 31.6797 -18.5055 0.4
      vertex 31.6928 -18.3951 0.4
    endloop
  endfacet
  facet normal 0 0 1
    outer loop
      vertex 31.6754 -18.1739 0.4
      vertex 31.6797 -18.5055 0.4
      vertex 31.6913 -18.2839 0.4
    endloop
  endfacet
  facet normal 0 0 1
    outer loop
      vertex 31.6754 -18.1739 0.4
      vertex 31.6523 -18.6133 0.4
      vertex 31.6797 -18.5055 0.4
    endloop
  endfacet
  facet normal 0 0 1
    outer loop
      vertex 31.6452 -18.0669 0.4
      vertex 31.6523 -18.6133 0.4
      vertex 31.6754 -18.1739 0.4
    endloop
  endfacet
  facet normal 0 0 1
    outer loop
      vertex 31.6452 -18.0669 0.4
      vertex 31.6111 -18.7165 0.4
      vertex 31.6523 -18.6133 0.4
    endloop
  endfacet
  facet normal 0 0 1
    outer loop
      vertex 31.6013 -17.9647 0.4
      vertex 31.6111 -18.7165 0.4
      vertex 31.6452 -18.0669 0.4
    endloop
  endfacet
  facet normal 0 0 1
    outer loop
      vertex 31.6013 -17.9647 0.4
      vertex 31.5568 -18.8136 0.4
      vertex 31.6111 -18.7165 0.4
    endloop
  endfacet
  facet normal 0 0 1
    outer loop
      vertex 31.5444 -17.8692 0.4
      vertex 31.5568 -18.8136 0.4
      vertex 31.6013 -17.9647 0.4
    endloop
  endfacet
  facet normal 0 0 1
    outer loop
      vertex 31.5444 -17.8692 0.4
      vertex 31.4903 -18.9026 0.4
      vertex 31.5568 -18.8136 0.4
    endloop
  endfacet
  facet normal 0 0 1
    outer loop
      vertex 31.4756 -17.7819 0.4
      vertex 31.4903 -18.9026 0.4
      vertex 31.5444 -17.8692 0.4
    endloop
  endfacet
  facet normal 0 0 1
    outer loop
      vertex 31.4756 -17.7819 0.4
      vertex 31.4127 -18.9823 0.4
      vertex 31.4903 -18.9026 0.4
    endloop
  endfacet
  facet normal 0 0 1
    outer loop
      vertex 31.396 -17.7043 0.4
      vertex 31.4127 -18.9823 0.4
      vertex 31.4756 -17.7819 0.4
    endloop
  endfacet
  facet normal 0 0 1
    outer loop
      vertex 31.396 -17.7043 0.4
      vertex 31.3254 -19.0511 0.4
      vertex 31.4127 -18.9823 0.4
    endloop
  endfacet
  facet normal 0 0 1
    outer loop
      vertex 31.3069 -17.6377 0.4
      vertex 31.3254 -19.0511 0.4
      vertex 31.396 -17.7043 0.4
    endloop
  endfacet
  facet normal 0 0 1
    outer loop
      vertex 31.3069 -17.6377 0.4
      vertex 31.2298 -19.108 0.4
      vertex 31.3254 -19.0511 0.4
    endloop
  endfacet
  facet normal 0 0 1
    outer loop
      vertex 31.2099 -17.5834 0.4
      vertex 31.2298 -19.108 0.4
      vertex 31.3069 -17.6377 0.4
    endloop
  endfacet
  facet normal 0 0 1
    outer loop
      vertex 31.2099 -17.5834 0.4
      vertex 31.1277 -19.1519 0.4
      vertex 31.2298 -19.108 0.4
    endloop
  endfacet
  facet normal 0 0 1
    outer loop
      vertex 31.1066 -17.5422 0.4
      vertex 31.1277 -19.1519 0.4
      vertex 31.2099 -17.5834 0.4
    endloop
  endfacet
  facet normal 0 0 1
    outer loop
      vertex 31.1066 -17.5422 0.4
      vertex 31.0207 -19.182 0.4
      vertex 31.1277 -19.1519 0.4
    endloop
  endfacet
  facet normal 0 0 1
    outer loop
      vertex 30.9988 -17.5148 0.4
      vertex 31.0207 -19.182 0.4
      vertex 31.1066 -17.5422 0.4
    endloop
  endfacet
  facet normal 0 0 1
    outer loop
      vertex 30.9988 -17.5148 0.4
      vertex 30.9106 -19.198 0.4
      vertex 31.0207 -19.182 0.4
    endloop
  endfacet
  facet normal 0 0 1
    outer loop
      vertex 30.8884 -17.5018 0.4
      vertex 30.9106 -19.198 0.4
      vertex 30.9988 -17.5148 0.4
    endloop
  endfacet
  facet normal 0 0 1
    outer loop
      vertex 30.8884 -17.5018 0.4
      vertex 30.7995 -19.1994 0.4
      vertex 30.9106 -19.198 0.4
    endloop
  endfacet
  facet normal -0 0 1
    outer loop
      vertex 30.7772 -17.5032 0.4
      vertex 30.7995 -19.1994 0.4
      vertex 30.8884 -17.5018 0.4
    endloop
  endfacet
  facet normal 0 0 1
    outer loop
      vertex 30.7772 -17.5032 0.4
      vertex 30.689 -19.1864 0.4
      vertex 30.7995 -19.1994 0.4
    endloop
  endfacet
  facet normal -0 0 1
    outer loop
      vertex 30.6672 -17.5192 0.4
      vertex 30.689 -19.1864 0.4
      vertex 30.7772 -17.5032 0.4
    endloop
  endfacet
  facet normal 0 0 1
    outer loop
      vertex 30.6672 -17.5192 0.4
      vertex 30.5813 -19.159 0.4
      vertex 30.689 -19.1864 0.4
    endloop
  endfacet
  facet normal -0 0 1
    outer loop
      vertex 30.5602 -17.5494 0.4
      vertex 30.5813 -19.159 0.4
      vertex 30.6672 -17.5192 0.4
    endloop
  endfacet
  facet normal 0 0 1
    outer loop
      vertex 30.5602 -17.5494 0.4
      vertex 30.478 -19.1178 0.4
      vertex 30.5813 -19.159 0.4
    endloop
  endfacet
  facet normal -0 0 1
    outer loop
      vertex 30.458 -17.5933 0.4
      vertex 30.478 -19.1178 0.4
      vertex 30.5602 -17.5494 0.4
    endloop
  endfacet
  facet normal 0 0 1
    outer loop
      vertex 30.458 -17.5933 0.4
      vertex 30.381 -19.0635 0.4
      vertex 30.478 -19.1178 0.4
    endloop
  endfacet
  facet normal -0 0 1
    outer loop
      vertex 30.3625 -17.6501 0.4
      vertex 30.381 -19.0635 0.4
      vertex 30.458 -17.5933 0.4
    endloop
  endfacet
  facet normal 0 0 1
    outer loop
      vertex 30.3625 -17.6501 0.4
      vertex 30.2919 -18.997 0.4
      vertex 30.381 -19.0635 0.4
    endloop
  endfacet
  facet normal -0 0 1
    outer loop
      vertex 30.2752 -17.7189 0.4
      vertex 30.2919 -18.997 0.4
      vertex 30.3625 -17.6501 0.4
    endloop
  endfacet
  facet normal 0 0 1
    outer loop
      vertex 30.2752 -17.7189 0.4
      vertex 30.2123 -18.9194 0.4
      vertex 30.2919 -18.997 0.4
    endloop
  endfacet
  facet normal -0 0 1
    outer loop
      vertex 30.1976 -17.7986 0.4
      vertex 30.2123 -18.9194 0.4
      vertex 30.2752 -17.7189 0.4
    endloop
  endfacet
  facet normal 0 0 1
    outer loop
      vertex 30.1976 -17.7986 0.4
      vertex 30.1434 -18.8321 0.4
      vertex 30.2123 -18.9194 0.4
    endloop
  endfacet
  facet normal -0 0 1
    outer loop
      vertex 30.1311 -17.8877 0.4
      vertex 30.1434 -18.8321 0.4
      vertex 30.1976 -17.7986 0.4
    endloop
  endfacet
  facet normal 0 0 1
    outer loop
      vertex 30.1311 -17.8877 0.4
      vertex 30.0866 -18.7365 0.4
      vertex 30.1434 -18.8321 0.4
    endloop
  endfacet
  facet normal -0 0 1
    outer loop
      vertex 30.0767 -17.9847 0.4
      vertex 30.0866 -18.7365 0.4
      vertex 30.1311 -17.8877 0.4
    endloop
  endfacet
  facet normal 0 0 1
    outer loop
      vertex 30.0767 -17.9847 0.4
      vertex 30.0427 -18.6343 0.4
      vertex 30.0866 -18.7365 0.4
    endloop
  endfacet
  facet normal -0 0 1
    outer loop
      vertex 30.0355 -18.0879 0.4
      vertex 30.0427 -18.6343 0.4
      vertex 30.0767 -17.9847 0.4
    endloop
  endfacet
  facet normal 0 0 1
    outer loop
      vertex 30.0355 -18.0879 0.4
      vertex 30.0125 -18.5273 0.4
      vertex 30.0427 -18.6343 0.4
    endloop
  endfacet
  facet normal -0 0 1
    outer loop
      vertex 30.0082 -18.1957 0.4
      vertex 30.0125 -18.5273 0.4
      vertex 30.0355 -18.0879 0.4
    endloop
  endfacet
  facet normal 0 0 1
    outer loop
      vertex 30.0082 -18.1957 0.4
      vertex 29.9966 -18.4173 0.4
      vertex 30.0125 -18.5273 0.4
    endloop
  endfacet
  facet normal 0 -0 1
    outer loop
      vertex 29.9966 -18.4173 0.4
      vertex 30.0082 -18.1957 0.4
      vertex 29.9951 -18.3061 0.4
    endloop
  endfacet
  facet normal 0.716483 -0.697605 0
    outer loop
      vertex 30.1976 -17.7986 3
      vertex 30.2752 -17.7189 0.4
      vertex 30.2752 -17.7189 3
    endloop
  endfacet
  facet normal 0.716483 -0.697605 0
    outer loop
      vertex 30.2752 -17.7189 0.4
      vertex 30.1976 -17.7986 3
      vertex 30.1976 -17.7986 0.4
    endloop
  endfacet
  facet normal 0.999909 0.013488 0
    outer loop
      vertex 29.9966 -18.4173 3
      vertex 29.9951 -18.3061 0.4
      vertex 29.9951 -18.3061 3
    endloop
  endfacet
  facet normal 0.999909 0.013488 0
    outer loop
      vertex 29.9951 -18.3061 0.4
      vertex 29.9966 -18.4173 3
      vertex 29.9966 -18.4173 0.4
    endloop
  endfacet
  facet normal 0.135927 -0.990719 0
    outer loop
      vertex 20.305 -47.5757 0
      vertex 20.8101 -47.5064 5.6
      vertex 20.305 -47.5757 5.6
    endloop
  endfacet
  facet normal 0.135927 -0.990719 0
    outer loop
      vertex 20.8101 -47.5064 5.6
      vertex 20.305 -47.5757 0
      vertex 20.8101 -47.5064 0
    endloop
  endfacet
  facet normal 0.380573 -0.924751 0
    outer loop
      vertex 91.9467 -30.4922 0
      vertex 92.6555 -30.2005 5.6
      vertex 91.9467 -30.4922 5.6
    endloop
  endfacet
  facet normal 0.380573 -0.924751 0
    outer loop
      vertex 92.6555 -30.2005 5.6
      vertex 91.9467 -30.4922 0
      vertex 92.6555 -30.2005 0
    endloop
  endfacet
  facet normal 0.0449902 -0.998987 0
    outer loop
      vertex 20.1096 -47.5845 0
      vertex 20.305 -47.5757 5.6
      vertex 20.1096 -47.5845 5.6
    endloop
  endfacet
  facet normal 0.0449902 -0.998987 0
    outer loop
      vertex 20.305 -47.5757 5.6
      vertex 20.1096 -47.5845 0
      vertex 20.305 -47.5757 0
    endloop
  endfacet
  facet normal -0.246679 0.969097 0
    outer loop
      vertex -101.379 66.033 1
      vertex -101.379 66.033 0
      vertex -101.489 66.005 1
    endloop
  endfacet
  facet normal -0.24869 0.968583 0
    outer loop
      vertex -101.489 66.005 1
      vertex -101.563 65.986 5.6
      vertex -101.489 66.005 5.6
    endloop
  endfacet
  facet normal -0.24869 0.968583 0
    outer loop
      vertex -101.489 66.005 1
      vertex -101.563 65.986 0
      vertex -101.563 65.986 5.6
    endloop
  endfacet
  facet normal -0.247488 0.968891 -9.47828e-05
    outer loop
      vertex -101.563 65.986 0
      vertex -101.489 66.005 1
      vertex -101.379 66.033 0
    endloop
  endfacet
  facet normal 0.544281 0.838903 -0
    outer loop
      vertex 102.889 65.3412 0
      vertex 102.43 65.639 5.6
      vertex 102.889 65.3412 5.6
    endloop
  endfacet
  facet normal 0.544281 0.838903 0
    outer loop
      vertex 102.43 65.639 5.6
      vertex 102.889 65.3412 0
      vertex 102.43 65.639 0
    endloop
  endfacet
  facet normal 0 -1 0
    outer loop
      vertex -19.9831 -47.5874 0
      vertex 19.9831 -47.5874 5.6
      vertex -19.9831 -47.5874 5.6
    endloop
  endfacet
  facet normal 0 -1 -0
    outer loop
      vertex 19.9831 -47.5874 5.6
      vertex -19.9831 -47.5874 0
      vertex 19.9831 -47.5874 0
    endloop
  endfacet
  facet normal -0.978148 0.207911 0
    outer loop
      vertex -118.743 -4.77878 0
      vertex -104.314 63.1046 5.6
      vertex -104.314 63.1046 0
    endloop
  endfacet
  facet normal -0.978148 0.207911 0
    outer loop
      vertex -104.314 63.1046 5.6
      vertex -118.743 -4.77878 0
      vertex -118.743 -4.77878 5.6
    endloop
  endfacet
  facet normal 0.978148 0.207911 0
    outer loop
      vertex 118.743 -4.77878 5.6
      vertex 104.314 63.1046 0
      vertex 104.314 63.1046 5.6
    endloop
  endfacet
  facet normal 0.978148 0.207911 0
    outer loop
      vertex 104.314 63.1046 0
      vertex 118.743 -4.77878 5.6
      vertex 118.743 -4.77878 0
    endloop
  endfacet
  facet normal 0.696542 0.717516 -0
    outer loop
      vertex 103.431 64.8407 0
      vertex 103.041 65.2193 5.6
      vertex 103.431 64.8407 5.6
    endloop
  endfacet
  facet normal 0.696542 0.717516 0
    outer loop
      vertex 103.041 65.2193 5.6
      vertex 103.431 64.8407 0
      vertex 103.041 65.2193 0
    endloop
  endfacet
  facet normal -0.973289 -0.229584 0
    outer loop
      vertex -118.345 -8.62125 0
      vertex -118.392 -8.422 5.6
      vertex -118.392 -8.422 0
    endloop
  endfacet
  facet normal -0.973289 -0.229584 0
    outer loop
      vertex -118.392 -8.422 5.6
      vertex -118.345 -8.62125 0
      vertex -118.345 -8.62125 5.6
    endloop
  endfacet
  facet normal -0.46111 0.887343 0
    outer loop
      vertex -102.257 65.7289 0
      vertex -102.43 65.639 5.6
      vertex -102.257 65.7289 5.6
    endloop
  endfacet
  facet normal -0.46111 0.887343 0
    outer loop
      vertex -102.43 65.639 5.6
      vertex -102.257 65.7289 0
      vertex -102.43 65.639 0
    endloop
  endfacet
  facet normal -0.23384 -0.972275 0
    outer loop
      vertex -90.0764 -31.095 0
      vertex -48.3813 -41.123 5.6
      vertex -90.0764 -31.095 5.6
    endloop
  endfacet
  facet normal -0.23384 -0.972275 -0
    outer loop
      vertex -48.3813 -41.123 5.6
      vertex -90.0764 -31.095 0
      vertex -48.3813 -41.123 0
    endloop
  endfacet
  facet normal 0.992553 -0.121812 0
    outer loop
      vertex 118.771 -6.21678 5.6
      vertex 118.799 -5.98863 0
      vertex 118.799 -5.98863 5.6
    endloop
  endfacet
  facet normal 0.992553 -0.121812 0
    outer loop
      vertex 118.799 -5.98863 0
      vertex 118.771 -6.21678 5.6
      vertex 118.771 -6.21678 0
    endloop
  endfacet
  facet normal 0.840995 -0.541043 0
    outer loop
      vertex 117.784 -9.82506 5.6
      vertex 117.982 -9.51729 0
      vertex 117.982 -9.51729 5.6
    endloop
  endfacet
  facet normal 0.840995 -0.541043 0
    outer loop
      vertex 117.982 -9.51729 0
      vertex 117.784 -9.82506 5.6
      vertex 117.784 -9.82506 0
    endloop
  endfacet
  facet normal -0.35622 -0.934402 0
    outer loop
      vertex -91.9467 -30.4922 0
      vertex -91.8082 -30.545 5.6
      vertex -91.9467 -30.4922 5.6
    endloop
  endfacet
  facet normal -0.35622 -0.934402 -0
    outer loop
      vertex -91.8082 -30.545 5.6
      vertex -91.9467 -30.4922 0
      vertex -91.8082 -30.545 0
    endloop
  endfacet
  facet normal -0.993675 0.112291 0
    outer loop
      vertex -118.809 -5.24203 0
      vertex -118.787 -5.04735 5.6
      vertex -118.787 -5.04735 0
    endloop
  endfacet
  facet normal -0.993675 0.112291 0
    outer loop
      vertex -118.787 -5.04735 5.6
      vertex -118.809 -5.24203 0
      vertex -118.809 -5.24203 5.6
    endloop
  endfacet
  facet normal 0.405391 -0.914143 0
    outer loop
      vertex 92.6555 -30.2005 0
      vertex 92.7917 -30.1401 5.6
      vertex 92.6555 -30.2005 5.6
    endloop
  endfacet
  facet normal 0.405391 -0.914143 0
    outer loop
      vertex 92.7917 -30.1401 5.6
      vertex 92.6555 -30.2005 0
      vertex 92.7917 -30.1401 0
    endloop
  endfacet
  facet normal -0.609572 -0.792731 0
    outer loop
      vertex -96.5577 -27.8331 0
      vertex -95.9496 -28.3007 5.6
      vertex -96.5577 -27.8331 5.6
    endloop
  endfacet
  facet normal -0.609572 -0.792731 -0
    outer loop
      vertex -95.9496 -28.3007 5.6
      vertex -96.5577 -27.8331 0
      vertex -95.9496 -28.3007 0
    endloop
  endfacet
  facet normal 0.522583 -0.852588 0
    outer loop
      vertex 94.42 -29.3032 0
      vertex 95.0739 -28.9024 5.6
      vertex 94.42 -29.3032 5.6
    endloop
  endfacet
  facet normal 0.522583 -0.852588 0
    outer loop
      vertex 95.0739 -28.9024 5.6
      vertex 94.42 -29.3032 0
      vertex 95.0739 -28.9024 0
    endloop
  endfacet
  facet normal -0.544281 0.838903 0
    outer loop
      vertex -102.43 65.639 0
      vertex -102.889 65.3412 5.6
      vertex -102.43 65.639 5.6
    endloop
  endfacet
  facet normal -0.544281 0.838903 0
    outer loop
      vertex -102.889 65.3412 5.6
      vertex -102.43 65.639 0
      vertex -102.889 65.3412 0
    endloop
  endfacet
  facet normal 0.986844 0.161675 0
    outer loop
      vertex 118.787 -5.04735 5.6
      vertex 118.743 -4.77878 0
      vertex 118.743 -4.77878 5.6
    endloop
  endfacet
  facet normal 0.986844 0.161675 0
    outer loop
      vertex 118.743 -4.77878 0
      vertex 118.787 -5.04735 5.6
      vertex 118.787 -5.04735 0
    endloop
  endfacet
  facet normal 0.905801 -0.423704 0
    outer loop
      vertex 118.075 -9.33424 5.6
      vertex 118.162 -9.14825 0
      vertex 118.162 -9.14825 5.6
    endloop
  endfacet
  facet normal 0.905801 -0.423704 0
    outer loop
      vertex 118.162 -9.14825 0
      vertex 118.075 -9.33424 5.6
      vertex 118.075 -9.33424 0
    endloop
  endfacet
  facet normal 0.973289 -0.229584 0
    outer loop
      vertex 118.345 -8.62125 5.6
      vertex 118.392 -8.422 0
      vertex 118.392 -8.422 5.6
    endloop
  endfacet
  facet normal 0.973289 -0.229584 0
    outer loop
      vertex 118.392 -8.422 0
      vertex 118.345 -8.62125 5.6
      vertex 118.345 -8.62125 0
    endloop
  endfacet
  facet normal -0.588251 -0.808679 0
    outer loop
      vertex -95.9496 -28.3007 0
      vertex -95.8278 -28.3893 5.6
      vertex -95.9496 -28.3007 5.6
    endloop
  endfacet
  facet normal -0.588251 -0.808679 -0
    outer loop
      vertex -95.8278 -28.3893 5.6
      vertex -95.9496 -28.3007 0
      vertex -95.8278 -28.3893 0
    endloop
  endfacet
  facet normal -0.0449902 -0.998987 0
    outer loop
      vertex -20.305 -47.5757 0
      vertex -20.1096 -47.5845 5.6
      vertex -20.305 -47.5757 5.6
    endloop
  endfacet
  facet normal -0.0449902 -0.998987 -0
    outer loop
      vertex -20.1096 -47.5845 5.6
      vertex -20.305 -47.5757 0
      vertex -20.1096 -47.5845 0
    endloop
  endfacet
  facet normal 0.0229189 -0.999737 0
    outer loop
      vertex 19.9831 -47.5874 0
      vertex 20.1096 -47.5845 5.6
      vertex 19.9831 -47.5874 5.6
    endloop
  endfacet
  facet normal 0.0229189 -0.999737 0
    outer loop
      vertex 20.1096 -47.5845 5.6
      vertex 19.9831 -47.5874 0
      vertex 20.1096 -47.5845 0
    endloop
  endfacet
  facet normal -0.257708 -0.966223 0
    outer loop
      vertex -90.2095 -31.0595 0
      vertex -90.0764 -31.095 5.6
      vertex -90.2095 -31.0595 5.6
    endloop
  endfacet
  facet normal -0.257708 -0.966223 -0
    outer loop
      vertex -90.0764 -31.095 5.6
      vertex -90.2095 -31.0595 0
      vertex -90.0764 -31.095 0
    endloop
  endfacet
  facet normal -0.824952 -0.565203 0
    outer loop
      vertex -117.784 -9.82506 0
      vertex -117.9 -9.65575 5.6
      vertex -117.9 -9.65575 0
    endloop
  endfacet
  facet normal -0.824952 -0.565203 0
    outer loop
      vertex -117.9 -9.65575 5.6
      vertex -117.784 -9.82506 0
      vertex -117.784 -9.82506 5.6
    endloop
  endfacet
  facet normal -0.986844 0.161675 0
    outer loop
      vertex -118.787 -5.04735 0
      vertex -118.743 -4.77878 5.6
      vertex -118.743 -4.77878 0
    endloop
  endfacet
  facet normal -0.986844 0.161675 0
    outer loop
      vertex -118.743 -4.77878 5.6
      vertex -118.787 -5.04735 0
      vertex -118.787 -5.04735 5.6
    endloop
  endfacet
  facet normal 0.453318 -0.891349 0
    outer loop
      vertex 93.4844 -29.8109 0
      vertex 93.6185 -29.7427 5.6
      vertex 93.4844 -29.8109 5.6
    endloop
  endfacet
  facet normal 0.453318 -0.891349 0
    outer loop
      vertex 93.6185 -29.7427 5.6
      vertex 93.4844 -29.8109 0
      vertex 93.6185 -29.7427 0
    endloop
  endfacet
  facet normal -0.229738 -0.973253 0
    outer loop
      vertex -48.3813 -41.123 0
      vertex -48.358 -41.1285 5.6
      vertex -48.3813 -41.123 5.6
    endloop
  endfacet
  facet normal -0.229738 -0.973253 -0
    outer loop
      vertex -48.358 -41.1285 5.6
      vertex -48.3813 -41.123 0
      vertex -48.358 -41.1285 0
    endloop
  endfacet
  facet normal -0.643499 -0.765447 0
    outer loop
      vertex -117.061 -10.5997 0
      vertex -96.6525 -27.7568 5.6
      vertex -117.061 -10.5997 5.6
    endloop
  endfacet
  facet normal -0.643499 -0.765447 -0
    outer loop
      vertex -96.6525 -27.7568 5.6
      vertex -117.061 -10.5997 0
      vertex -96.6525 -27.7568 0
    endloop
  endfacet
  facet normal -0.905801 -0.423704 0
    outer loop
      vertex -118.075 -9.33424 0
      vertex -118.162 -9.14825 5.6
      vertex -118.162 -9.14825 0
    endloop
  endfacet
  facet normal -0.905801 -0.423704 0
    outer loop
      vertex -118.162 -9.14825 5.6
      vertex -118.075 -9.33424 0
      vertex -118.075 -9.33424 5.6
    endloop
  endfacet
  facet normal 0.46111 0.887343 -0
    outer loop
      vertex 102.43 65.639 0
      vertex 102.257 65.7289 5.6
      vertex 102.43 65.639 5.6
    endloop
  endfacet
  facet normal 0.46111 0.887343 0
    outer loop
      vertex 102.257 65.7289 5.6
      vertex 102.43 65.639 0
      vertex 102.257 65.7289 0
    endloop
  endfacet
  facet normal 0.331047 -0.943614 0
    outer loop
      vertex 91.0842 -30.799 0
      vertex 91.8082 -30.545 5.6
      vertex 91.0842 -30.799 5.6
    endloop
  endfacet
  facet normal 0.331047 -0.943614 0
    outer loop
      vertex 91.8082 -30.545 5.6
      vertex 91.0842 -30.799 0
      vertex 91.8082 -30.545 0
    endloop
  endfacet
  facet normal 0 1 -0
    outer loop
      vertex 100.584 66.1147 0
      vertex 70.3777 66.1147 3
      vertex 100.584 66.1147 3
    endloop
  endfacet
  facet normal 0 1 0
    outer loop
      vertex 70.3777 66.1147 3
      vertex 100.584 66.1147 0
      vertex -70.3777 66.1147 3
    endloop
  endfacet
  facet normal 0 1 0
    outer loop
      vertex -100.584 66.1147 0
      vertex -70.3777 66.1147 3
      vertex 100.584 66.1147 0
    endloop
  endfacet
  facet normal 0 1 0
    outer loop
      vertex -70.3777 66.1147 3
      vertex -100.584 66.1147 0
      vertex -100.584 66.1147 3
    endloop
  endfacet
  facet normal 0 1 -0
    outer loop
      vertex 70.3777 66.1147 3
      vertex -70.3777 66.1147 5.6
      vertex 70.3777 66.1147 5.6
    endloop
  endfacet
  facet normal 0 1 0
    outer loop
      vertex -70.3777 66.1147 5.6
      vertex 70.3777 66.1147 3
      vertex -70.3777 66.1147 3
    endloop
  endfacet
  facet normal -0.626997 -0.779021 0
    outer loop
      vertex -96.6525 -27.7568 0
      vertex -96.5577 -27.8331 5.6
      vertex -96.6525 -27.7568 5.6
    endloop
  endfacet
  facet normal -0.626997 -0.779021 -0
    outer loop
      vertex -96.5577 -27.8331 5.6
      vertex -96.6525 -27.7568 0
      vertex -96.5577 -27.8331 0
    endloop
  endfacet
  facet normal -0.566152 -0.824301 0
    outer loop
      vertex -95.8278 -28.3893 0
      vertex -95.1962 -28.8231 5.6
      vertex -95.8278 -28.3893 5.6
    endloop
  endfacet
  facet normal -0.566152 -0.824301 -0
    outer loop
      vertex -95.1962 -28.8231 5.6
      vertex -95.8278 -28.3893 0
      vertex -95.1962 -28.8231 0
    endloop
  endfacet
  facet normal 0.219194 0.975681 0
    outer loop
      vertex 101.563 65.986 5.6
      vertex 101.49 66.0024 1
      vertex 101.49 66.0024 5.6
    endloop
  endfacet
  facet normal 0.216384 0.976308 -0.000215445
    outer loop
      vertex 101.49 66.0024 1
      vertex 101.563 65.986 0
      vertex 101.282 66.0485 1
    endloop
  endfacet
  facet normal 0.219194 0.975681 -0
    outer loop
      vertex 101.563 65.986 0
      vertex 101.49 66.0024 1
      vertex 101.563 65.986 5.6
    endloop
  endfacet
  facet normal 0.217066 0.976157 -0
    outer loop
      vertex 101.282 66.0485 1
      vertex 101.206 66.0654 3
      vertex 101.282 66.0485 3
    endloop
  endfacet
  facet normal 0.217066 0.976157 0
    outer loop
      vertex 101.282 66.0485 1
      vertex 101.206 66.0654 0
      vertex 101.206 66.0654 3
    endloop
  endfacet
  facet normal 0.217104 0.976148 -3.00774e-06
    outer loop
      vertex 101.206 66.0654 0
      vertex 101.282 66.0485 1
      vertex 101.563 65.986 0
    endloop
  endfacet
  facet normal -0.135927 -0.990719 0
    outer loop
      vertex -20.8101 -47.5064 0
      vertex -20.305 -47.5757 5.6
      vertex -20.8101 -47.5064 5.6
    endloop
  endfacet
  facet normal -0.135927 -0.990719 -0
    outer loop
      vertex -20.305 -47.5757 5.6
      vertex -20.8101 -47.5064 0
      vertex -20.305 -47.5757 0
    endloop
  endfacet
  facet normal 0.842817 0.538201 0
    outer loop
      vertex 103.873 64.233 5.6
      vertex 103.676 64.5415 0
      vertex 103.676 64.5415 5.6
    endloop
  endfacet
  facet normal 0.842817 0.538201 0
    outer loop
      vertex 103.676 64.5415 0
      vertex 103.873 64.233 5.6
      vertex 103.873 64.233 0
    endloop
  endfacet
  facet normal 0.762768 0.646672 0
    outer loop
      vertex 103.558 64.6909 5.6
      vertex 103.431 64.8407 0
      vertex 103.431 64.8407 5.6
    endloop
  endfacet
  facet normal 0.762768 0.646672 0
    outer loop
      vertex 103.431 64.8407 0
      vertex 103.558 64.6909 5.6
      vertex 103.558 64.6909 0
    endloop
  endfacet
  facet normal -0.371549 0.928413 0
    outer loop
      vertex -101.752 65.931 0
      vertex -102.257 65.7289 5.6
      vertex -101.752 65.931 5.6
    endloop
  endfacet
  facet normal -0.371549 0.928413 0
    outer loop
      vertex -102.257 65.7289 5.6
      vertex -101.752 65.931 0
      vertex -102.257 65.7289 0
    endloop
  endfacet
  facet normal 0.932796 -0.360406 0
    outer loop
      vertex 118.162 -9.14825 5.6
      vertex 118.294 -8.80661 0
      vertex 118.294 -8.80661 5.6
    endloop
  endfacet
  facet normal 0.932796 -0.360406 0
    outer loop
      vertex 118.294 -8.80661 0
      vertex 118.162 -9.14825 5.6
      vertex 118.162 -9.14825 0
    endloop
  endfacet
  facet normal -0.979611 -0.200903 0
    outer loop
      vertex -118.392 -8.422 0
      vertex -118.43 -8.23671 5.6
      vertex -118.43 -8.23671 0
    endloop
  endfacet
  facet normal -0.979611 -0.200903 0
    outer loop
      vertex -118.43 -8.23671 5.6
      vertex -118.392 -8.422 0
      vertex -118.392 -8.422 5.6
    endloop
  endfacet
  facet normal 0.661944 -0.749554 0
    outer loop
      vertex 117.112 -10.5556 0
      vertex 117.266 -10.4196 5.6
      vertex 117.112 -10.5556 5.6
    endloop
  endfacet
  facet normal 0.661944 -0.749554 0
    outer loop
      vertex 117.266 -10.4196 5.6
      vertex 117.112 -10.5556 0
      vertex 117.266 -10.4196 0
    endloop
  endfacet
  facet normal -0.689826 -0.723975 0
    outer loop
      vertex -117.425 -10.2681 0
      vertex -117.266 -10.4196 5.6
      vertex -117.425 -10.2681 5.6
    endloop
  endfacet
  facet normal -0.689826 -0.723975 -0
    outer loop
      vertex -117.266 -10.4196 5.6
      vertex -117.425 -10.2681 0
      vertex -117.266 -10.4196 0
    endloop
  endfacet
  facet normal -0.0425774 0.999093 0
    outer loop
      vertex -100.584 66.1147 0
      vertex -100.821 66.1046 3
      vertex -100.584 66.1147 3
    endloop
  endfacet
  facet normal -0.0425774 0.999093 0
    outer loop
      vertex -100.821 66.1046 3
      vertex -100.584 66.1147 0
      vertex -100.821 66.1046 0
    endloop
  endfacet
  facet normal -0.625633 0.780117 0
    outer loop
      vertex -102.889 65.3412 0
      vertex -103.041 65.2193 5.6
      vertex -102.889 65.3412 5.6
    endloop
  endfacet
  facet normal -0.625633 0.780117 0
    outer loop
      vertex -103.041 65.2193 5.6
      vertex -102.889 65.3412 0
      vertex -103.041 65.2193 0
    endloop
  endfacet
  facet normal 0.875474 0.483266 0
    outer loop
      vertex 103.968 64.0609 5.6
      vertex 103.873 64.233 0
      vertex 103.873 64.233 5.6
    endloop
  endfacet
  facet normal 0.875474 0.483266 0
    outer loop
      vertex 103.873 64.233 0
      vertex 103.968 64.0609 5.6
      vertex 103.968 64.0609 0
    endloop
  endfacet
  facet normal 0.99625 -0.0865198 0
    outer loop
      vertex 118.799 -5.98863 5.6
      vertex 118.816 -5.79288 0
      vertex 118.816 -5.79288 5.6
    endloop
  endfacet
  facet normal 0.99625 -0.0865198 0
    outer loop
      vertex 118.816 -5.79288 0
      vertex 118.799 -5.98863 5.6
      vertex 118.799 -5.98863 0
    endloop
  endfacet
  facet normal -0.966405 0.257023 0
    outer loop
      vertex -104.314 63.1046 0
      vertex -104.244 63.3678 5.6
      vertex -104.244 63.3678 0
    endloop
  endfacet
  facet normal -0.966405 0.257023 0
    outer loop
      vertex -104.244 63.3678 5.6
      vertex -104.314 63.1046 0
      vertex -104.314 63.1046 5.6
    endloop
  endfacet
  facet normal -0.453318 -0.891349 0
    outer loop
      vertex -93.6185 -29.7427 0
      vertex -93.4844 -29.8109 5.6
      vertex -93.6185 -29.7427 5.6
    endloop
  endfacet
  facet normal -0.453318 -0.891349 -0
    outer loop
      vertex -93.4844 -29.8109 5.6
      vertex -93.6185 -29.7427 0
      vertex -93.4844 -29.8109 0
    endloop
  endfacet
  facet normal 0.229738 -0.973253 0
    outer loop
      vertex 48.358 -41.1285 0
      vertex 48.3813 -41.123 5.6
      vertex 48.358 -41.1285 5.6
    endloop
  endfacet
  facet normal 0.229738 -0.973253 0
    outer loop
      vertex 48.3813 -41.123 5.6
      vertex 48.358 -41.1285 0
      vertex 48.3813 -41.123 0
    endloop
  endfacet
  facet normal -0.954747 -0.29742 0
    outer loop
      vertex -118.236 -8.97115 0
      vertex -118.345 -8.62125 5.6
      vertex -118.345 -8.62125 0
    endloop
  endfacet
  facet normal -0.954747 -0.29742 0
    outer loop
      vertex -118.345 -8.62125 5.6
      vertex -118.236 -8.97115 0
      vertex -118.236 -8.97115 5.6
    endloop
  endfacet
  facet normal 0.118213 0.992988 -0
    outer loop
      vertex 101.206 66.0654 0
      vertex 101.017 66.0879 3
      vertex 101.206 66.0654 3
    endloop
  endfacet
  facet normal 0.118213 0.992988 0
    outer loop
      vertex 101.017 66.0879 3
      vertex 101.206 66.0654 0
      vertex 101.017 66.0879 0
    endloop
  endfacet
  facet normal -0.331047 -0.943614 0
    outer loop
      vertex -91.8082 -30.545 0
      vertex -91.0842 -30.799 5.6
      vertex -91.8082 -30.545 5.6
    endloop
  endfacet
  facet normal -0.331047 -0.943614 -0
    outer loop
      vertex -91.0842 -30.799 5.6
      vertex -91.8082 -30.545 0
      vertex -91.0842 -30.799 0
    endloop
  endfacet
  facet normal -0.0848965 0.99639 0
    outer loop
      vertex -100.821 66.1046 0
      vertex -101.017 66.0879 3
      vertex -100.821 66.1046 3
    endloop
  endfacet
  facet normal -0.0848965 0.99639 0
    outer loop
      vertex -101.017 66.0879 3
      vertex -100.821 66.1046 0
      vertex -101.017 66.0879 0
    endloop
  endfacet
  facet normal 0.784748 0.619815 0
    outer loop
      vertex 103.676 64.5415 5.6
      vertex 103.558 64.6909 0
      vertex 103.558 64.6909 5.6
    endloop
  endfacet
  facet normal 0.784748 0.619815 0
    outer loop
      vertex 103.558 64.6909 0
      vertex 103.676 64.5415 5.6
      vertex 103.676 64.5415 0
    endloop
  endfacet
  facet normal 0.986048 -0.166462 0
    outer loop
      vertex 118.43 -8.23671 5.6
      vertex 118.771 -6.21678 0
      vertex 118.771 -6.21678 5.6
    endloop
  endfacet
  facet normal 0.986048 -0.166462 0
    outer loop
      vertex 118.771 -6.21678 0
      vertex 118.43 -8.23671 5.6
      vertex 118.43 -8.23671 0
    endloop
  endfacet
  facet normal 0.643499 -0.765447 0
    outer loop
      vertex 96.6525 -27.7568 0
      vertex 117.061 -10.5997 5.6
      vertex 96.6525 -27.7568 5.6
    endloop
  endfacet
  facet normal 0.643499 -0.765447 0
    outer loop
      vertex 117.061 -10.5997 5.6
      vertex 96.6525 -27.7568 0
      vertex 117.061 -10.5997 0
    endloop
  endfacet
  facet normal -0.998542 -0.0539753 0
    outer loop
      vertex -118.816 -5.79288 0
      vertex -118.826 -5.60788 5.6
      vertex -118.826 -5.60788 0
    endloop
  endfacet
  facet normal -0.998542 -0.0539753 0
    outer loop
      vertex -118.826 -5.60788 5.6
      vertex -118.816 -5.79288 0
      vertex -118.816 -5.79288 5.6
    endloop
  endfacet
  facet normal -0.654083 -0.756423 0
    outer loop
      vertex -117.112 -10.5556 0
      vertex -117.061 -10.5997 5.6
      vertex -117.112 -10.5556 5.6
    endloop
  endfacet
  facet normal -0.654083 -0.756423 -0
    outer loop
      vertex -117.061 -10.5997 5.6
      vertex -117.112 -10.5556 0
      vertex -117.061 -10.5997 0
    endloop
  endfacet
  facet normal -0.661944 -0.749554 0
    outer loop
      vertex -117.266 -10.4196 0
      vertex -117.112 -10.5556 5.6
      vertex -117.266 -10.4196 5.6
    endloop
  endfacet
  facet normal -0.661944 -0.749554 -0
    outer loop
      vertex -117.112 -10.5556 5.6
      vertex -117.266 -10.4196 0
      vertex -117.112 -10.5556 0
    endloop
  endfacet
  facet normal 0.964171 -0.265282 0
    outer loop
      vertex 118.294 -8.80661 5.6
      vertex 118.345 -8.62125 0
      vertex 118.345 -8.62125 5.6
    endloop
  endfacet
  facet normal 0.964171 -0.265282 0
    outer loop
      vertex 118.345 -8.62125 0
      vertex 118.294 -8.80661 5.6
      vertex 118.294 -8.80661 0
    endloop
  endfacet
  facet normal -0.802081 -0.597216 0
    outer loop
      vertex -117.662 -9.98891 0
      vertex -117.784 -9.82506 5.6
      vertex -117.784 -9.82506 0
    endloop
  endfacet
  facet normal -0.802081 -0.597216 0
    outer loop
      vertex -117.784 -9.82506 5.6
      vertex -117.662 -9.98891 0
      vertex -117.662 -9.98891 5.6
    endloop
  endfacet
  facet normal 0.708196 -0.706016 0
    outer loop
      vertex 117.266 -10.4196 5.6
      vertex 117.525 -10.1598 0
      vertex 117.525 -10.1598 5.6
    endloop
  endfacet
  facet normal 0.708196 -0.706016 0
    outer loop
      vertex 117.525 -10.1598 0
      vertex 117.266 -10.4196 5.6
      vertex 117.266 -10.4196 0
    endloop
  endfacet
  facet normal -0.225554 -0.974231 0
    outer loop
      vertex -48.358 -41.1285 0
      vertex -20.8101 -47.5064 5.6
      vertex -48.358 -41.1285 5.6
    endloop
  endfacet
  facet normal -0.225554 -0.974231 -0
    outer loop
      vertex -20.8101 -47.5064 5.6
      vertex -48.358 -41.1285 0
      vertex -20.8101 -47.5064 0
    endloop
  endfacet
  facet normal -0.904868 0.425692 0
    outer loop
      vertex -104.124 63.7293 0
      vertex -103.968 64.0609 5.6
      vertex -103.968 64.0609 0
    endloop
  endfacet
  facet normal -0.904868 0.425692 0
    outer loop
      vertex -103.968 64.0609 5.6
      vertex -104.124 63.7293 0
      vertex -104.124 63.7293 5.6
    endloop
  endfacet
  facet normal -0.998922 0.046417 0
    outer loop
      vertex -118.826 -5.60788 0
      vertex -118.809 -5.24203 5.6
      vertex -118.809 -5.24203 0
    endloop
  endfacet
  facet normal -0.998922 0.046417 0
    outer loop
      vertex -118.809 -5.24203 5.6
      vertex -118.826 -5.60788 0
      vertex -118.826 -5.60788 5.6
    endloop
  endfacet
  facet normal -0.860035 0.510235 0
    outer loop
      vertex -103.873 64.233 0
      vertex -103.776 64.3965 5.6
      vertex -103.776 64.3965 0
    endloop
  endfacet
  facet normal -0.860035 0.510235 0
    outer loop
      vertex -103.776 64.3965 5.6
      vertex -103.873 64.233 0
      vertex -103.873 64.233 5.6
    endloop
  endfacet
  facet normal -0.696542 0.717516 0
    outer loop
      vertex -103.041 65.2193 0
      vertex -103.431 64.8407 5.6
      vertex -103.041 65.2193 5.6
    endloop
  endfacet
  facet normal -0.696542 0.717516 0
    outer loop
      vertex -103.431 64.8407 5.6
      vertex -103.041 65.2193 0
      vertex -103.431 64.8407 0
    endloop
  endfacet
  facet normal 0.891535 -0.452951 0
    outer loop
      vertex 117.982 -9.51729 5.6
      vertex 118.075 -9.33424 0
      vertex 118.075 -9.33424 5.6
    endloop
  endfacet
  facet normal 0.891535 -0.452951 0
    outer loop
      vertex 118.075 -9.33424 0
      vertex 117.982 -9.51729 5.6
      vertex 117.982 -9.51729 0
    endloop
  endfacet
  facet normal -0.878319 -0.478075 0
    outer loop
      vertex -117.9 -9.65575 0
      vertex -118.075 -9.33424 5.6
      vertex -118.075 -9.33424 0
    endloop
  endfacet
  facet normal -0.878319 -0.478075 0
    outer loop
      vertex -118.075 -9.33424 5.6
      vertex -117.9 -9.65575 0
      vertex -117.9 -9.65575 5.6
    endloop
  endfacet
  facet normal 0.499368 -0.86639 0
    outer loop
      vertex 94.293 -29.3764 0
      vertex 94.42 -29.3032 5.6
      vertex 94.293 -29.3764 5.6
    endloop
  endfacet
  facet normal 0.499368 -0.86639 0
    outer loop
      vertex 94.42 -29.3032 5.6
      vertex 94.293 -29.3764 0
      vertex 94.42 -29.3032 0
    endloop
  endfacet
  facet normal -0.149627 0.988742 0
    outer loop
      vertex -101.017 66.0879 3
      vertex -101.28 66.0481 1
      vertex -101.28 66.0481 3
    endloop
  endfacet
  facet normal -0.149627 0.988742 0
    outer loop
      vertex -101.017 66.0879 0
      vertex -101.28 66.0481 1
      vertex -101.017 66.0879 3
    endloop
  endfacet
  facet normal -0.149943 0.988695 -8.49403e-05
    outer loop
      vertex -101.379 66.033 0
      vertex -101.28 66.0481 1
      vertex -101.017 66.0879 0
    endloop
  endfacet
  facet normal -0.150781 0.988567 0
    outer loop
      vertex -101.28 66.0481 1
      vertex -101.379 66.033 0
      vertex -101.379 66.033 1
    endloop
  endfacet
  facet normal -0.306385 -0.951908 0
    outer loop
      vertex -91.0842 -30.799 0
      vertex -90.9447 -30.8439 5.6
      vertex -91.0842 -30.799 5.6
    endloop
  endfacet
  facet normal -0.306385 -0.951908 -0
    outer loop
      vertex -90.9447 -30.8439 5.6
      vertex -91.0842 -30.799 0
      vertex -90.9447 -30.8439 0
    endloop
  endfacet
  facet normal -0.0229189 -0.999737 0
    outer loop
      vertex -20.1096 -47.5845 0
      vertex -19.9831 -47.5874 5.6
      vertex -20.1096 -47.5845 5.6
    endloop
  endfacet
  facet normal -0.0229189 -0.999737 -0
    outer loop
      vertex -19.9831 -47.5874 5.6
      vertex -20.1096 -47.5845 0
      vertex -19.9831 -47.5874 0
    endloop
  endfacet
  facet normal 0.609572 -0.792731 0
    outer loop
      vertex 95.9496 -28.3007 0
      vertex 96.5577 -27.8331 5.6
      vertex 95.9496 -28.3007 5.6
    endloop
  endfacet
  facet normal 0.609572 -0.792731 0
    outer loop
      vertex 96.5577 -27.8331 5.6
      vertex 95.9496 -28.3007 0
      vertex 96.5577 -27.8331 0
    endloop
  endfacet
  facet normal -0.762359 -0.647154 0
    outer loop
      vertex -117.425 -10.2681 0
      vertex -117.662 -9.98891 5.6
      vertex -117.662 -9.98891 0
    endloop
  endfacet
  facet normal -0.762359 -0.647154 0
    outer loop
      vertex -117.662 -9.98891 5.6
      vertex -117.425 -10.2681 0
      vertex -117.425 -10.2681 5.6
    endloop
  endfacet
  facet normal 0.23384 -0.972275 0
    outer loop
      vertex 48.3813 -41.123 0
      vertex 90.0764 -31.095 5.6
      vertex 48.3813 -41.123 5.6
    endloop
  endfacet
  facet normal 0.23384 -0.972275 0
    outer loop
      vertex 90.0764 -31.095 5.6
      vertex 48.3813 -41.123 0
      vertex 90.0764 -31.095 0
    endloop
  endfacet
  facet normal 0.999817 -0.0191128 0
    outer loop
      vertex 118.816 -5.79288 5.6
      vertex 118.823 -5.4267 0
      vertex 118.823 -5.4267 5.6
    endloop
  endfacet
  facet normal 0.999817 -0.0191128 0
    outer loop
      vertex 118.823 -5.4267 0
      vertex 118.816 -5.79288 5.6
      vertex 118.816 -5.79288 0
    endloop
  endfacet
  facet normal 0.279415 0.960171 -0
    outer loop
      vertex 101.752 65.931 0
      vertex 101.563 65.986 5.6
      vertex 101.752 65.931 5.6
    endloop
  endfacet
  facet normal 0.279415 0.960171 0
    outer loop
      vertex 101.563 65.986 5.6
      vertex 101.752 65.931 0
      vertex 101.563 65.986 0
    endloop
  endfacet
  facet normal -0.99625 -0.0865198 0
    outer loop
      vertex -118.799 -5.98863 0
      vertex -118.816 -5.79288 5.6
      vertex -118.816 -5.79288 0
    endloop
  endfacet
  facet normal -0.99625 -0.0865198 0
    outer loop
      vertex -118.816 -5.79288 5.6
      vertex -118.799 -5.98863 0
      vertex -118.799 -5.98863 5.6
    endloop
  endfacet
  facet normal 0.371549 0.928413 -0
    outer loop
      vertex 102.257 65.7289 0
      vertex 101.752 65.931 5.6
      vertex 102.257 65.7289 5.6
    endloop
  endfacet
  facet normal 0.371549 0.928413 0
    outer loop
      vertex 101.752 65.931 5.6
      vertex 102.257 65.7289 0
      vertex 101.752 65.931 0
    endloop
  endfacet
  facet normal 0.625633 0.780117 -0
    outer loop
      vertex 103.041 65.2193 0
      vertex 102.889 65.3412 5.6
      vertex 103.041 65.2193 5.6
    endloop
  endfacet
  facet normal 0.625633 0.780117 0
    outer loop
      vertex 102.889 65.3412 5.6
      vertex 103.041 65.2193 0
      vertex 102.889 65.3412 0
    endloop
  endfacet
  facet normal -0.499368 -0.86639 0
    outer loop
      vertex -94.42 -29.3032 0
      vertex -94.293 -29.3764 5.6
      vertex -94.42 -29.3032 5.6
    endloop
  endfacet
  facet normal -0.499368 -0.86639 -0
    outer loop
      vertex -94.293 -29.3764 5.6
      vertex -94.42 -29.3032 0
      vertex -94.293 -29.3764 0
    endloop
  endfacet
  facet normal -0.762768 0.646672 0
    outer loop
      vertex -103.558 64.6909 0
      vertex -103.431 64.8407 5.6
      vertex -103.431 64.8407 0
    endloop
  endfacet
  facet normal -0.762768 0.646672 0
    outer loop
      vertex -103.431 64.8407 5.6
      vertex -103.558 64.6909 0
      vertex -103.558 64.6909 5.6
    endloop
  endfacet
  facet normal 0.566152 -0.824301 0
    outer loop
      vertex 95.1962 -28.8231 0
      vertex 95.8278 -28.3893 5.6
      vertex 95.1962 -28.8231 5.6
    endloop
  endfacet
  facet normal 0.566152 -0.824301 0
    outer loop
      vertex 95.8278 -28.3893 5.6
      vertex 95.1962 -28.8231 0
      vertex 95.8278 -28.3893 0
    endloop
  endfacet
  facet normal -0.279415 0.960171 0
    outer loop
      vertex -101.563 65.986 0
      vertex -101.752 65.931 5.6
      vertex -101.563 65.986 5.6
    endloop
  endfacet
  facet normal -0.279415 0.960171 0
    outer loop
      vertex -101.752 65.931 5.6
      vertex -101.563 65.986 0
      vertex -101.752 65.931 0
    endloop
  endfacet
  facet normal -0.380573 -0.924751 0
    outer loop
      vertex -92.6555 -30.2005 0
      vertex -91.9467 -30.4922 5.6
      vertex -92.6555 -30.2005 5.6
    endloop
  endfacet
  facet normal -0.380573 -0.924751 -0
    outer loop
      vertex -91.9467 -30.4922 5.6
      vertex -92.6555 -30.2005 0
      vertex -91.9467 -30.4922 0
    endloop
  endfacet
  facet normal 0.588251 -0.808679 0
    outer loop
      vertex 95.8278 -28.3893 0
      vertex 95.9496 -28.3007 5.6
      vertex 95.8278 -28.3893 5.6
    endloop
  endfacet
  facet normal 0.588251 -0.808679 0
    outer loop
      vertex 95.9496 -28.3007 5.6
      vertex 95.8278 -28.3893 0
      vertex 95.9496 -28.3007 0
    endloop
  endfacet
  facet normal -0.803654 0.595097 0
    outer loop
      vertex -103.776 64.3965 0
      vertex -103.558 64.6909 5.6
      vertex -103.558 64.6909 0
    endloop
  endfacet
  facet normal -0.803654 0.595097 0
    outer loop
      vertex -103.558 64.6909 5.6
      vertex -103.776 64.3965 0
      vertex -103.776 64.3965 5.6
    endloop
  endfacet
  facet normal 0.891274 0.453465 0
    outer loop
      vertex 104.052 63.8958 5.6
      vertex 103.968 64.0609 0
      vertex 103.968 64.0609 5.6
    endloop
  endfacet
  facet normal 0.891274 0.453465 0
    outer loop
      vertex 103.968 64.0609 0
      vertex 104.052 63.8958 5.6
      vertex 104.052 63.8958 0
    endloop
  endfacet
  facet normal -0.986048 -0.166462 0
    outer loop
      vertex -118.43 -8.23671 0
      vertex -118.771 -6.21678 5.6
      vertex -118.771 -6.21678 0
    endloop
  endfacet
  facet normal -0.986048 -0.166462 0
    outer loop
      vertex -118.771 -6.21678 5.6
      vertex -118.43 -8.23671 0
      vertex -118.43 -8.23671 5.6
    endloop
  endfacet
  facet normal 0.802081 -0.597216 0
    outer loop
      vertex 117.662 -9.98891 5.6
      vertex 117.784 -9.82506 0
      vertex 117.784 -9.82506 5.6
    endloop
  endfacet
  facet normal 0.802081 -0.597216 0
    outer loop
      vertex 117.784 -9.82506 0
      vertex 117.662 -9.98891 5.6
      vertex 117.662 -9.98891 0
    endloop
  endfacet
  facet normal -0.992553 -0.121812 0
    outer loop
      vertex -118.771 -6.21678 0
      vertex -118.799 -5.98863 5.6
      vertex -118.799 -5.98863 0
    endloop
  endfacet
  facet normal -0.992553 -0.121812 0
    outer loop
      vertex -118.799 -5.98863 5.6
      vertex -118.771 -6.21678 0
      vertex -118.771 -6.21678 5.6
    endloop
  endfacet
  facet normal 0.979611 -0.200903 0
    outer loop
      vertex 118.392 -8.422 5.6
      vertex 118.43 -8.23671 0
      vertex 118.43 -8.23671 5.6
    endloop
  endfacet
  facet normal 0.979611 -0.200903 0
    outer loop
      vertex 118.43 -8.23671 0
      vertex 118.392 -8.422 5.6
      vertex 118.392 -8.422 0
    endloop
  endfacet
  facet normal 0.35622 -0.934402 0
    outer loop
      vertex 91.8082 -30.545 0
      vertex 91.9467 -30.4922 5.6
      vertex 91.8082 -30.545 5.6
    endloop
  endfacet
  facet normal 0.35622 -0.934402 0
    outer loop
      vertex 91.9467 -30.4922 5.6
      vertex 91.8082 -30.545 0
      vertex 91.9467 -30.4922 0
    endloop
  endfacet
  facet normal 0.966405 0.257023 0
    outer loop
      vertex 104.314 63.1046 5.6
      vertex 104.244 63.3678 0
      vertex 104.244 63.3678 5.6
    endloop
  endfacet
  facet normal 0.966405 0.257023 0
    outer loop
      vertex 104.244 63.3678 0
      vertex 104.314 63.1046 5.6
      vertex 104.314 63.1046 0
    endloop
  endfacet
  facet normal -0.522583 -0.852588 0
    outer loop
      vertex -95.0739 -28.9024 0
      vertex -94.42 -29.3032 5.6
      vertex -95.0739 -28.9024 5.6
    endloop
  endfacet
  facet normal -0.522583 -0.852588 -0
    outer loop
      vertex -94.42 -29.3032 5.6
      vertex -95.0739 -28.9024 0
      vertex -94.42 -29.3032 0
    endloop
  endfacet
  facet normal -0.544048 -0.839054 0
    outer loop
      vertex -95.1962 -28.8231 0
      vertex -95.0739 -28.9024 5.6
      vertex -95.1962 -28.8231 5.6
    endloop
  endfacet
  facet normal -0.544048 -0.839054 -0
    outer loop
      vertex -95.0739 -28.9024 5.6
      vertex -95.1962 -28.8231 0
      vertex -95.0739 -28.9024 0
    endloop
  endfacet
  facet normal 0.0425774 0.999093 -0
    outer loop
      vertex 100.821 66.1046 0
      vertex 100.584 66.1147 3
      vertex 100.821 66.1046 3
    endloop
  endfacet
  facet normal 0.0425774 0.999093 0
    outer loop
      vertex 100.584 66.1147 3
      vertex 100.821 66.1046 0
      vertex 100.584 66.1147 0
    endloop
  endfacet
  facet normal -0.405391 -0.914143 0
    outer loop
      vertex -92.7917 -30.1401 0
      vertex -92.6555 -30.2005 5.6
      vertex -92.7917 -30.1401 5.6
    endloop
  endfacet
  facet normal -0.405391 -0.914143 -0
    outer loop
      vertex -92.6555 -30.2005 5.6
      vertex -92.7917 -30.1401 0
      vertex -92.6555 -30.2005 0
    endloop
  endfacet
  facet normal 0.225554 -0.974231 0
    outer loop
      vertex 20.8101 -47.5064 0
      vertex 48.358 -41.1285 5.6
      vertex 20.8101 -47.5064 5.6
    endloop
  endfacet
  facet normal 0.225554 -0.974231 0
    outer loop
      vertex 48.358 -41.1285 5.6
      vertex 20.8101 -47.5064 0
      vertex 48.358 -41.1285 0
    endloop
  endfacet
  facet normal 0 0 -1
    outer loop
      vertex 118.816 -5.79288 0
      vertex 118.809 -5.24203 0
      vertex 118.823 -5.4267 0
    endloop
  endfacet
  facet normal 0 0 -1
    outer loop
      vertex 118.799 -5.98863 0
      vertex 118.809 -5.24203 0
      vertex 118.816 -5.79288 0
    endloop
  endfacet
  facet normal 0 0 -1
    outer loop
      vertex 118.799 -5.98863 0
      vertex 118.787 -5.04735 0
      vertex 118.809 -5.24203 0
    endloop
  endfacet
  facet normal 0 0 -1
    outer loop
      vertex 118.771 -6.21678 0
      vertex 118.787 -5.04735 0
      vertex 118.799 -5.98863 0
    endloop
  endfacet
  facet normal 0 0 -1
    outer loop
      vertex 118.771 -6.21678 0
      vertex 118.743 -4.77878 0
      vertex 118.787 -5.04735 0
    endloop
  endfacet
  facet normal 0 0 -1
    outer loop
      vertex 117.061 -10.5997 0
      vertex 118.771 -6.21678 0
      vertex 118.43 -8.23671 0
    endloop
  endfacet
  facet normal 0 0 -1
    outer loop
      vertex 117.061 -10.5997 0
      vertex 118.43 -8.23671 0
      vertex 118.392 -8.422 0
    endloop
  endfacet
  facet normal 0 0 -1
    outer loop
      vertex 117.112 -10.5556 0
      vertex 118.392 -8.422 0
      vertex 118.345 -8.62125 0
    endloop
  endfacet
  facet normal 0 0 -1
    outer loop
      vertex 118.162 -9.14825 0
      vertex 118.345 -8.62125 0
      vertex 118.294 -8.80661 0
    endloop
  endfacet
  facet normal 0 0 -1
    outer loop
      vertex 118.345 -8.62125 0
      vertex 118.162 -9.14825 0
      vertex 117.112 -10.5556 0
    endloop
  endfacet
  facet normal 0 0 -1
    outer loop
      vertex 117.112 -10.5556 0
      vertex 118.162 -9.14825 0
      vertex 118.075 -9.33424 0
    endloop
  endfacet
  facet normal 0 0 -1
    outer loop
      vertex 117.784 -9.82506 0
      vertex 118.075 -9.33424 0
      vertex 117.982 -9.51729 0
    endloop
  endfacet
  facet normal 0 0 -1
    outer loop
      vertex 118.075 -9.33424 0
      vertex 117.784 -9.82506 0
      vertex 117.112 -10.5556 0
    endloop
  endfacet
  facet normal 0 0 -1
    outer loop
      vertex 117.112 -10.5556 0
      vertex 117.784 -9.82506 0
      vertex 117.662 -9.98891 0
    endloop
  endfacet
  facet normal 0 0 -1
    outer loop
      vertex 117.266 -10.4196 0
      vertex 117.662 -9.98891 0
      vertex 117.525 -10.1598 0
    endloop
  endfacet
  facet normal 0 0 -1
    outer loop
      vertex 117.662 -9.98891 0
      vertex 117.266 -10.4196 0
      vertex 117.112 -10.5556 0
    endloop
  endfacet
  facet normal 0 0 -1
    outer loop
      vertex 118.392 -8.422 0
      vertex 117.112 -10.5556 0
      vertex 117.061 -10.5997 0
    endloop
  endfacet
  facet normal -0 0 -1
    outer loop
      vertex 118.771 -6.21678 0
      vertex 117.061 -10.5997 0
      vertex 118.743 -4.77878 0
    endloop
  endfacet
  facet normal 0 0 -1
    outer loop
      vertex 96.6525 -27.7568 0
      vertex 118.743 -4.77878 0
      vertex 117.061 -10.5997 0
    endloop
  endfacet
  facet normal -0 0 -1
    outer loop
      vertex 118.743 -4.77878 0
      vertex 96.6525 -27.7568 0
      vertex 104.314 63.1046 0
    endloop
  endfacet
  facet normal 0 0 -1
    outer loop
      vertex 90.0764 -31.095 0
      vertex 104.314 63.1046 0
      vertex 96.6525 -27.7568 0
    endloop
  endfacet
  facet normal 0 0 -1
    outer loop
      vertex 104.314 63.1046 0
      vertex 100.584 66.1147 0
      vertex 104.244 63.3678 0
    endloop
  endfacet
  facet normal 0 0 -1
    outer loop
      vertex 104.244 63.3678 0
      vertex 100.821 66.1046 0
      vertex 104.185 63.5546 0
    endloop
  endfacet
  facet normal 0 0 -1
    outer loop
      vertex 104.185 63.5546 0
      vertex 103.968 64.0609 0
      vertex 104.052 63.8958 0
    endloop
  endfacet
  facet normal 0 0 -1
    outer loop
      vertex 104.185 63.5546 0
      vertex 100.821 66.1046 0
      vertex 103.968 64.0609 0
    endloop
  endfacet
  facet normal 0 0 -1
    outer loop
      vertex 103.968 64.0609 0
      vertex 100.821 66.1046 0
      vertex 103.873 64.233 0
    endloop
  endfacet
  facet normal 0 0 -1
    outer loop
      vertex 103.873 64.233 0
      vertex 103.558 64.6909 0
      vertex 103.676 64.5415 0
    endloop
  endfacet
  facet normal 0 0 -1
    outer loop
      vertex 103.873 64.233 0
      vertex 100.821 66.1046 0
      vertex 103.558 64.6909 0
    endloop
  endfacet
  facet normal 0 0 -1
    outer loop
      vertex 103.558 64.6909 0
      vertex 100.821 66.1046 0
      vertex 103.431 64.8407 0
    endloop
  endfacet
  facet normal 0 0 -1
    outer loop
      vertex 103.431 64.8407 0
      vertex 100.821 66.1046 0
      vertex 103.041 65.2193 0
    endloop
  endfacet
  facet normal 0 0 -1
    outer loop
      vertex 103.041 65.2193 0
      vertex 100.821 66.1046 0
      vertex 102.889 65.3412 0
    endloop
  endfacet
  facet normal 0 0 -1
    outer loop
      vertex 102.889 65.3412 0
      vertex 100.821 66.1046 0
      vertex 102.43 65.639 0
    endloop
  endfacet
  facet normal 0 0 -1
    outer loop
      vertex 102.43 65.639 0
      vertex 100.821 66.1046 0
      vertex 102.257 65.7289 0
    endloop
  endfacet
  facet normal 0 0 -1
    outer loop
      vertex 102.257 65.7289 0
      vertex 100.821 66.1046 0
      vertex 101.752 65.931 0
    endloop
  endfacet
  facet normal 0 0 -1
    outer loop
      vertex 101.752 65.931 0
      vertex 100.821 66.1046 0
      vertex 101.563 65.986 0
    endloop
  endfacet
  facet normal 0 0 -1
    outer loop
      vertex 101.563 65.986 0
      vertex 101.017 66.0879 0
      vertex 101.206 66.0654 0
    endloop
  endfacet
  facet normal 0 0 -1
    outer loop
      vertex 101.563 65.986 0
      vertex 100.821 66.1046 0
      vertex 101.017 66.0879 0
    endloop
  endfacet
  facet normal -0 -0 -1
    outer loop
      vertex 100.821 66.1046 0
      vertex 104.244 63.3678 0
      vertex 100.584 66.1147 0
    endloop
  endfacet
  facet normal 0 0 -1
    outer loop
      vertex 90.0764 -31.095 0
      vertex 96.6525 -27.7568 0
      vertex 96.5577 -27.8331 0
    endloop
  endfacet
  facet normal 0 0 -1
    outer loop
      vertex 90.0764 -31.095 0
      vertex 96.5577 -27.8331 0
      vertex 95.9496 -28.3007 0
    endloop
  endfacet
  facet normal 0 0 -1
    outer loop
      vertex 90.0764 -31.095 0
      vertex 95.9496 -28.3007 0
      vertex 95.8278 -28.3893 0
    endloop
  endfacet
  facet normal 0 0 -1
    outer loop
      vertex 90.0764 -31.095 0
      vertex 95.8278 -28.3893 0
      vertex 95.1962 -28.8231 0
    endloop
  endfacet
  facet normal 0 0 -1
    outer loop
      vertex 90.0764 -31.095 0
      vertex 95.1962 -28.8231 0
      vertex 95.0739 -28.9024 0
    endloop
  endfacet
  facet normal 0 0 -1
    outer loop
      vertex 90.0764 -31.095 0
      vertex 95.0739 -28.9024 0
      vertex 94.42 -29.3032 0
    endloop
  endfacet
  facet normal 0 0 -1
    outer loop
      vertex 90.0764 -31.095 0
      vertex 94.42 -29.3032 0
      vertex 94.293 -29.3764 0
    endloop
  endfacet
  facet normal 0 0 -1
    outer loop
      vertex 90.0764 -31.095 0
      vertex 94.293 -29.3764 0
      vertex 93.6185 -29.7427 0
    endloop
  endfacet
  facet normal 0 0 -1
    outer loop
      vertex 90.0764 -31.095 0
      vertex 93.6185 -29.7427 0
      vertex 93.4844 -29.8109 0
    endloop
  endfacet
  facet normal 0 0 -1
    outer loop
      vertex 90.0764 -31.095 0
      vertex 93.4844 -29.8109 0
      vertex 92.7917 -30.1401 0
    endloop
  endfacet
  facet normal 0 0 -1
    outer loop
      vertex 90.0764 -31.095 0
      vertex 92.7917 -30.1401 0
      vertex 92.6555 -30.2005 0
    endloop
  endfacet
  facet normal 0 0 -1
    outer loop
      vertex 90.0764 -31.095 0
      vertex 92.6555 -30.2005 0
      vertex 91.9467 -30.4922 0
    endloop
  endfacet
  facet normal 0 0 -1
    outer loop
      vertex 90.0764 -31.095 0
      vertex 91.9467 -30.4922 0
      vertex 91.8082 -30.545 0
    endloop
  endfacet
  facet normal 0 0 -1
    outer loop
      vertex 90.0764 -31.095 0
      vertex 91.8082 -30.545 0
      vertex 91.0842 -30.799 0
    endloop
  endfacet
  facet normal 0 0 -1
    outer loop
      vertex 90.0764 -31.095 0
      vertex 91.0842 -30.799 0
      vertex 90.9447 -30.8439 0
    endloop
  endfacet
  facet normal 0 0 -1
    outer loop
      vertex 90.0764 -31.095 0
      vertex 90.9447 -30.8439 0
      vertex 90.2095 -31.0595 0
    endloop
  endfacet
  facet normal -0 0 -1
    outer loop
      vertex 104.314 63.1046 0
      vertex 90.0764 -31.095 0
      vertex 100.584 66.1147 0
    endloop
  endfacet
  facet normal 0 0 -1
    outer loop
      vertex 48.3813 -41.123 0
      vertex 100.584 66.1147 0
      vertex 90.0764 -31.095 0
    endloop
  endfacet
  facet normal 0 0 -1
    outer loop
      vertex 48.358 -41.1285 0
      vertex 100.584 66.1147 0
      vertex 48.3813 -41.123 0
    endloop
  endfacet
  facet normal 0 0 -1
    outer loop
      vertex 20.8101 -47.5064 0
      vertex 100.584 66.1147 0
      vertex 48.358 -41.1285 0
    endloop
  endfacet
  facet normal 0 0 -1
    outer loop
      vertex 20.1096 -47.5845 0
      vertex 20.8101 -47.5064 0
      vertex 20.305 -47.5757 0
    endloop
  endfacet
  facet normal 0 0 -1
    outer loop
      vertex 20.8101 -47.5064 0
      vertex 20.1096 -47.5845 0
      vertex 19.9831 -47.5874 0
    endloop
  endfacet
  facet normal -0 0 -1
    outer loop
      vertex 20.8101 -47.5064 0
      vertex 19.9831 -47.5874 0
      vertex 100.584 66.1147 0
    endloop
  endfacet
  facet normal 0 0 -1
    outer loop
      vertex -19.9831 -47.5874 0
      vertex 100.584 66.1147 0
      vertex 19.9831 -47.5874 0
    endloop
  endfacet
  facet normal 0 0 -1
    outer loop
      vertex -20.8101 -47.5064 0
      vertex -19.9831 -47.5874 0
      vertex -20.1096 -47.5845 0
    endloop
  endfacet
  facet normal 0 0 -1
    outer loop
      vertex -20.8101 -47.5064 0
      vertex -20.1096 -47.5845 0
      vertex -20.305 -47.5757 0
    endloop
  endfacet
  facet normal 0 0 -1
    outer loop
      vertex -19.9831 -47.5874 0
      vertex -20.8101 -47.5064 0
      vertex -100.584 66.1147 0
    endloop
  endfacet
  facet normal 0 0 -1
    outer loop
      vertex -100.584 66.1147 0
      vertex -20.8101 -47.5064 0
      vertex -48.358 -41.1285 0
    endloop
  endfacet
  facet normal 0 0 -1
    outer loop
      vertex -100.584 66.1147 0
      vertex -48.358 -41.1285 0
      vertex -48.3813 -41.123 0
    endloop
  endfacet
  facet normal 0 0 -1
    outer loop
      vertex -100.584 66.1147 0
      vertex -48.3813 -41.123 0
      vertex -90.0764 -31.095 0
    endloop
  endfacet
  facet normal 0 0 -1
    outer loop
      vertex -96.6525 -27.7568 0
      vertex -90.0764 -31.095 0
      vertex -90.2095 -31.0595 0
    endloop
  endfacet
  facet normal 0 0 -1
    outer loop
      vertex -96.6525 -27.7568 0
      vertex -90.2095 -31.0595 0
      vertex -90.9447 -30.8439 0
    endloop
  endfacet
  facet normal 0 0 -1
    outer loop
      vertex -96.6525 -27.7568 0
      vertex -90.9447 -30.8439 0
      vertex -91.0842 -30.799 0
    endloop
  endfacet
  facet normal 0 0 -1
    outer loop
      vertex -96.6525 -27.7568 0
      vertex -91.0842 -30.799 0
      vertex -91.8082 -30.545 0
    endloop
  endfacet
  facet normal 0 0 -1
    outer loop
      vertex -96.6525 -27.7568 0
      vertex -91.8082 -30.545 0
      vertex -91.9467 -30.4922 0
    endloop
  endfacet
  facet normal 0 0 -1
    outer loop
      vertex -96.6525 -27.7568 0
      vertex -91.9467 -30.4922 0
      vertex -92.6555 -30.2005 0
    endloop
  endfacet
  facet normal 0 0 -1
    outer loop
      vertex -96.6525 -27.7568 0
      vertex -92.6555 -30.2005 0
      vertex -92.7917 -30.1401 0
    endloop
  endfacet
  facet normal 0 0 -1
    outer loop
      vertex -96.6525 -27.7568 0
      vertex -92.7917 -30.1401 0
      vertex -93.4844 -29.8109 0
    endloop
  endfacet
  facet normal 0 0 -1
    outer loop
      vertex -96.6525 -27.7568 0
      vertex -93.4844 -29.8109 0
      vertex -93.6185 -29.7427 0
    endloop
  endfacet
  facet normal 0 0 -1
    outer loop
      vertex -96.6525 -27.7568 0
      vertex -93.6185 -29.7427 0
      vertex -94.293 -29.3764 0
    endloop
  endfacet
  facet normal 0 0 -1
    outer loop
      vertex -96.6525 -27.7568 0
      vertex -94.293 -29.3764 0
      vertex -94.42 -29.3032 0
    endloop
  endfacet
  facet normal 0 0 -1
    outer loop
      vertex -96.6525 -27.7568 0
      vertex -94.42 -29.3032 0
      vertex -95.0739 -28.9024 0
    endloop
  endfacet
  facet normal 0 0 -1
    outer loop
      vertex -96.6525 -27.7568 0
      vertex -95.0739 -28.9024 0
      vertex -95.1962 -28.8231 0
    endloop
  endfacet
  facet normal 0 0 -1
    outer loop
      vertex -96.6525 -27.7568 0
      vertex -95.1962 -28.8231 0
      vertex -95.8278 -28.3893 0
    endloop
  endfacet
  facet normal 0 0 -1
    outer loop
      vertex -96.6525 -27.7568 0
      vertex -95.8278 -28.3893 0
      vertex -95.9496 -28.3007 0
    endloop
  endfacet
  facet normal 0 0 -1
    outer loop
      vertex -96.6525 -27.7568 0
      vertex -95.9496 -28.3007 0
      vertex -96.5577 -27.8331 0
    endloop
  endfacet
  facet normal 0 0 -1
    outer loop
      vertex -90.0764 -31.095 0
      vertex -96.6525 -27.7568 0
      vertex -104.314 63.1046 0
    endloop
  endfacet
  facet normal 0 0 -1
    outer loop
      vertex -19.9831 -47.5874 0
      vertex -100.584 66.1147 0
      vertex 100.584 66.1147 0
    endloop
  endfacet
  facet normal 0 0 -1
    outer loop
      vertex -90.0764 -31.095 0
      vertex -104.314 63.1046 0
      vertex -100.584 66.1147 0
    endloop
  endfacet
  facet normal 0 0 -1
    outer loop
      vertex -100.584 66.1147 0
      vertex -104.314 63.1046 0
      vertex -100.821 66.1046 0
    endloop
  endfacet
  facet normal 0 0 -1
    outer loop
      vertex -100.821 66.1046 0
      vertex -104.314 63.1046 0
      vertex -101.017 66.0879 0
    endloop
  endfacet
  facet normal 0 -0 -1
    outer loop
      vertex -101.563 65.986 0
      vertex -101.017 66.0879 0
      vertex -104.314 63.1046 0
    endloop
  endfacet
  facet normal 0 0 -1
    outer loop
      vertex -101.017 66.0879 0
      vertex -101.563 65.986 0
      vertex -101.379 66.033 0
    endloop
  endfacet
  facet normal 0 0 -1
    outer loop
      vertex -101.563 65.986 0
      vertex -104.314 63.1046 0
      vertex -101.752 65.931 0
    endloop
  endfacet
  facet normal 0 0 -1
    outer loop
      vertex -101.752 65.931 0
      vertex -104.314 63.1046 0
      vertex -102.257 65.7289 0
    endloop
  endfacet
  facet normal 0 0 -1
    outer loop
      vertex -102.257 65.7289 0
      vertex -104.314 63.1046 0
      vertex -102.43 65.639 0
    endloop
  endfacet
  facet normal 0 0 -1
    outer loop
      vertex -102.43 65.639 0
      vertex -104.314 63.1046 0
      vertex -102.889 65.3412 0
    endloop
  endfacet
  facet normal 0 0 -1
    outer loop
      vertex -102.889 65.3412 0
      vertex -104.314 63.1046 0
      vertex -103.041 65.2193 0
    endloop
  endfacet
  facet normal 0 0 -1
    outer loop
      vertex -103.041 65.2193 0
      vertex -104.314 63.1046 0
      vertex -103.431 64.8407 0
    endloop
  endfacet
  facet normal 0 0 -1
    outer loop
      vertex -103.431 64.8407 0
      vertex -104.314 63.1046 0
      vertex -103.558 64.6909 0
    endloop
  endfacet
  facet normal 0 -0 -1
    outer loop
      vertex -103.873 64.233 0
      vertex -103.558 64.6909 0
      vertex -104.314 63.1046 0
    endloop
  endfacet
  facet normal 0 0 -1
    outer loop
      vertex -103.558 64.6909 0
      vertex -103.873 64.233 0
      vertex -103.776 64.3965 0
    endloop
  endfacet
  facet normal 0 0 -1
    outer loop
      vertex -103.873 64.233 0
      vertex -104.314 63.1046 0
      vertex -103.968 64.0609 0
    endloop
  endfacet
  facet normal 0 -0 -1
    outer loop
      vertex -104.185 63.5546 0
      vertex -103.968 64.0609 0
      vertex -104.314 63.1046 0
    endloop
  endfacet
  facet normal 0 0 -1
    outer loop
      vertex -103.968 64.0609 0
      vertex -104.185 63.5546 0
      vertex -104.124 63.7293 0
    endloop
  endfacet
  facet normal 0 0 -1
    outer loop
      vertex -104.185 63.5546 0
      vertex -104.314 63.1046 0
      vertex -104.244 63.3678 0
    endloop
  endfacet
  facet normal 0 0 -1
    outer loop
      vertex -118.743 -4.77878 0
      vertex -96.6525 -27.7568 0
      vertex -117.061 -10.5997 0
    endloop
  endfacet
  facet normal 0 0 -1
    outer loop
      vertex -118.43 -8.23671 0
      vertex -117.061 -10.5997 0
      vertex -117.112 -10.5556 0
    endloop
  endfacet
  facet normal 0 0 -1
    outer loop
      vertex -118.392 -8.422 0
      vertex -117.112 -10.5556 0
      vertex -117.266 -10.4196 0
    endloop
  endfacet
  facet normal 0 0 -1
    outer loop
      vertex -117.662 -9.98891 0
      vertex -117.266 -10.4196 0
      vertex -117.425 -10.2681 0
    endloop
  endfacet
  facet normal 0 0 -1
    outer loop
      vertex -118.392 -8.422 0
      vertex -117.266 -10.4196 0
      vertex -117.662 -9.98891 0
    endloop
  endfacet
  facet normal 0 0 -1
    outer loop
      vertex -118.392 -8.422 0
      vertex -117.662 -9.98891 0
      vertex -117.784 -9.82506 0
    endloop
  endfacet
  facet normal 0 0 -1
    outer loop
      vertex -118.075 -9.33424 0
      vertex -117.784 -9.82506 0
      vertex -117.9 -9.65575 0
    endloop
  endfacet
  facet normal 0 0 -1
    outer loop
      vertex -118.392 -8.422 0
      vertex -117.784 -9.82506 0
      vertex -118.075 -9.33424 0
    endloop
  endfacet
  facet normal 0 0 -1
    outer loop
      vertex -118.392 -8.422 0
      vertex -118.075 -9.33424 0
      vertex -118.162 -9.14825 0
    endloop
  endfacet
  facet normal 0 0 -1
    outer loop
      vertex -118.345 -8.62125 0
      vertex -118.162 -9.14825 0
      vertex -118.236 -8.97115 0
    endloop
  endfacet
  facet normal 0 0 -1
    outer loop
      vertex -118.392 -8.422 0
      vertex -118.162 -9.14825 0
      vertex -118.345 -8.62125 0
    endloop
  endfacet
  facet normal 0 0 -1
    outer loop
      vertex -117.112 -10.5556 0
      vertex -118.392 -8.422 0
      vertex -118.43 -8.23671 0
    endloop
  endfacet
  facet normal 0 0 -1
    outer loop
      vertex -117.061 -10.5997 0
      vertex -118.43 -8.23671 0
      vertex -118.771 -6.21678 0
    endloop
  endfacet
  facet normal 0 0 -1
    outer loop
      vertex -96.6525 -27.7568 0
      vertex -118.743 -4.77878 0
      vertex -104.314 63.1046 0
    endloop
  endfacet
  facet normal 0 0 -1
    outer loop
      vertex -117.061 -10.5997 0
      vertex -118.771 -6.21678 0
      vertex -118.743 -4.77878 0
    endloop
  endfacet
  facet normal 0 0 -1
    outer loop
      vertex -118.771 -6.21678 0
      vertex -118.787 -5.04735 0
      vertex -118.743 -4.77878 0
    endloop
  endfacet
  facet normal 0 0 -1
    outer loop
      vertex -118.799 -5.98863 0
      vertex -118.787 -5.04735 0
      vertex -118.771 -6.21678 0
    endloop
  endfacet
  facet normal 0 0 -1
    outer loop
      vertex -118.799 -5.98863 0
      vertex -118.809 -5.24203 0
      vertex -118.787 -5.04735 0
    endloop
  endfacet
  facet normal 0 0 -1
    outer loop
      vertex -118.816 -5.79288 0
      vertex -118.809 -5.24203 0
      vertex -118.799 -5.98863 0
    endloop
  endfacet
  facet normal 0 0 -1
    outer loop
      vertex -118.809 -5.24203 0
      vertex -118.816 -5.79288 0
      vertex -118.826 -5.60788 0
    endloop
  endfacet
  facet normal 0.931717 0.363184 0
    outer loop
      vertex 104.185 63.5546 5.6
      vertex 104.052 63.8958 0
      vertex 104.052 63.8958 5.6
    endloop
  endfacet
  facet normal 0.931717 0.363184 0
    outer loop
      vertex 104.052 63.8958 0
      vertex 104.185 63.5546 5.6
      vertex 104.185 63.5546 0
    endloop
  endfacet
  facet normal 0.0848965 0.99639 -0
    outer loop
      vertex 101.017 66.0879 0
      vertex 100.821 66.1046 3
      vertex 101.017 66.0879 3
    endloop
  endfacet
  facet normal 0.0848965 0.99639 0
    outer loop
      vertex 100.821 66.1046 3
      vertex 101.017 66.0879 0
      vertex 100.821 66.1046 0
    endloop
  endfacet
  facet normal -0.922691 -0.38554 0
    outer loop
      vertex -118.162 -9.14825 0
      vertex -118.236 -8.97115 5.6
      vertex -118.236 -8.97115 0
    endloop
  endfacet
  facet normal -0.922691 -0.38554 0
    outer loop
      vertex -118.236 -8.97115 5.6
      vertex -118.162 -9.14825 0
      vertex -118.162 -9.14825 5.6
    endloop
  endfacet
  facet normal -0.281403 -0.95959 0
    outer loop
      vertex -90.9447 -30.8439 0
      vertex -90.2095 -31.0595 5.6
      vertex -90.9447 -30.8439 5.6
    endloop
  endfacet
  facet normal -0.281403 -0.95959 -0
    outer loop
      vertex -90.2095 -31.0595 5.6
      vertex -90.9447 -30.8439 0
      vertex -90.2095 -31.0595 0
    endloop
  endfacet
  facet normal 0.780227 -0.625496 0
    outer loop
      vertex 117.525 -10.1598 5.6
      vertex 117.662 -9.98891 0
      vertex 117.662 -9.98891 5.6
    endloop
  endfacet
  facet normal 0.780227 -0.625496 0
    outer loop
      vertex 117.662 -9.98891 0
      vertex 117.525 -10.1598 5.6
      vertex 117.525 -10.1598 0
    endloop
  endfacet
  facet normal -0.429235 -0.903193 0
    outer loop
      vertex -93.4844 -29.8109 0
      vertex -92.7917 -30.1401 5.6
      vertex -93.4844 -29.8109 5.6
    endloop
  endfacet
  facet normal -0.429235 -0.903193 -0
    outer loop
      vertex -92.7917 -30.1401 5.6
      vertex -93.4844 -29.8109 0
      vertex -92.7917 -30.1401 0
    endloop
  endfacet
  facet normal 0.993675 0.112291 0
    outer loop
      vertex 118.809 -5.24203 5.6
      vertex 118.787 -5.04735 0
      vertex 118.787 -5.04735 5.6
    endloop
  endfacet
  facet normal 0.993675 0.112291 0
    outer loop
      vertex 118.787 -5.04735 0
      vertex 118.809 -5.24203 5.6
      vertex 118.809 -5.24203 0
    endloop
  endfacet
  facet normal 0.953567 0.30118 0
    outer loop
      vertex 104.244 63.3678 5.6
      vertex 104.185 63.5546 0
      vertex 104.185 63.5546 5.6
    endloop
  endfacet
  facet normal 0.953567 0.30118 0
    outer loop
      vertex 104.185 63.5546 0
      vertex 104.244 63.3678 5.6
      vertex 104.244 63.3678 0
    endloop
  endfacet
  facet normal 0.257708 -0.966223 0
    outer loop
      vertex 90.0764 -31.095 0
      vertex 90.2095 -31.0595 5.6
      vertex 90.0764 -31.095 5.6
    endloop
  endfacet
  facet normal 0.257708 -0.966223 0
    outer loop
      vertex 90.2095 -31.0595 5.6
      vertex 90.0764 -31.095 0
      vertex 90.2095 -31.0595 0
    endloop
  endfacet
  facet normal 0.626997 -0.779021 0
    outer loop
      vertex 96.5577 -27.8331 0
      vertex 96.6525 -27.7568 5.6
      vertex 96.5577 -27.8331 5.6
    endloop
  endfacet
  facet normal 0.626997 -0.779021 0
    outer loop
      vertex 96.6525 -27.7568 5.6
      vertex 96.5577 -27.8331 0
      vertex 96.6525 -27.7568 0
    endloop
  endfacet
  facet normal -0.477236 -0.878775 0
    outer loop
      vertex -94.293 -29.3764 0
      vertex -93.6185 -29.7427 5.6
      vertex -94.293 -29.3764 5.6
    endloop
  endfacet
  facet normal -0.477236 -0.878775 -0
    outer loop
      vertex -93.6185 -29.7427 5.6
      vertex -94.293 -29.3764 0
      vertex -93.6185 -29.7427 0
    endloop
  endfacet
  facet normal -0.953567 0.30118 0
    outer loop
      vertex -104.244 63.3678 0
      vertex -104.185 63.5546 5.6
      vertex -104.185 63.5546 0
    endloop
  endfacet
  facet normal -0.953567 0.30118 0
    outer loop
      vertex -104.185 63.5546 5.6
      vertex -104.244 63.3678 0
      vertex -104.244 63.3678 5.6
    endloop
  endfacet
  facet normal -0.944102 0.329652 0
    outer loop
      vertex -104.185 63.5546 0
      vertex -104.124 63.7293 5.6
      vertex -104.124 63.7293 0
    endloop
  endfacet
  facet normal -0.944102 0.329652 0
    outer loop
      vertex -104.124 63.7293 5.6
      vertex -104.185 63.5546 0
      vertex -104.185 63.5546 5.6
    endloop
  endfacet
  facet normal 0.429235 -0.903193 0
    outer loop
      vertex 92.7917 -30.1401 0
      vertex 93.4844 -29.8109 5.6
      vertex 92.7917 -30.1401 5.6
    endloop
  endfacet
  facet normal 0.429235 -0.903193 0
    outer loop
      vertex 93.4844 -29.8109 5.6
      vertex 92.7917 -30.1401 0
      vertex 93.4844 -29.8109 0
    endloop
  endfacet
  facet normal 0.544048 -0.839054 0
    outer loop
      vertex 95.0739 -28.9024 0
      vertex 95.1962 -28.8231 5.6
      vertex 95.0739 -28.9024 5.6
    endloop
  endfacet
  facet normal 0.544048 -0.839054 0
    outer loop
      vertex 95.1962 -28.8231 5.6
      vertex 95.0739 -28.9024 0
      vertex 95.1962 -28.8231 0
    endloop
  endfacet
  facet normal -0.875474 0.483266 0
    outer loop
      vertex -103.968 64.0609 0
      vertex -103.873 64.233 5.6
      vertex -103.873 64.233 0
    endloop
  endfacet
  facet normal -0.875474 0.483266 0
    outer loop
      vertex -103.873 64.233 5.6
      vertex -103.968 64.0609 0
      vertex -103.968 64.0609 5.6
    endloop
  endfacet
  facet normal 0.997139 0.075594 0
    outer loop
      vertex 118.823 -5.4267 5.6
      vertex 118.809 -5.24203 0
      vertex 118.809 -5.24203 5.6
    endloop
  endfacet
  facet normal 0.997139 0.075594 0
    outer loop
      vertex 118.809 -5.24203 0
      vertex 118.823 -5.4267 5.6
      vertex 118.823 -5.4267 0
    endloop
  endfacet
  facet normal 0.281403 -0.95959 0
    outer loop
      vertex 90.2095 -31.0595 0
      vertex 90.9447 -30.8439 5.6
      vertex 90.2095 -31.0595 5.6
    endloop
  endfacet
  facet normal 0.281403 -0.95959 0
    outer loop
      vertex 90.9447 -30.8439 5.6
      vertex 90.2095 -31.0595 0
      vertex 90.9447 -30.8439 0
    endloop
  endfacet
  facet normal 0.306385 -0.951908 0
    outer loop
      vertex 90.9447 -30.8439 0
      vertex 91.0842 -30.799 5.6
      vertex 90.9447 -30.8439 5.6
    endloop
  endfacet
  facet normal 0.306385 -0.951908 0
    outer loop
      vertex 91.0842 -30.799 5.6
      vertex 90.9447 -30.8439 0
      vertex 91.0842 -30.799 0
    endloop
  endfacet
  facet normal 0.654083 -0.756423 0
    outer loop
      vertex 117.061 -10.5997 0
      vertex 117.112 -10.5556 5.6
      vertex 117.061 -10.5997 5.6
    endloop
  endfacet
  facet normal 0.654083 -0.756423 0
    outer loop
      vertex 117.112 -10.5556 5.6
      vertex 117.061 -10.5997 0
      vertex 117.112 -10.5556 0
    endloop
  endfacet
  facet normal 0.477236 -0.878775 0
    outer loop
      vertex 93.6185 -29.7427 0
      vertex 94.293 -29.3764 5.6
      vertex 93.6185 -29.7427 5.6
    endloop
  endfacet
  facet normal 0.477236 -0.878775 0
    outer loop
      vertex 94.293 -29.3764 5.6
      vertex 93.6185 -29.7427 0
      vertex 94.293 -29.3764 0
    endloop
  endfacet
  facet normal 0 0 1
    outer loop
      vertex -115.821 -6.72406 5.6
      vertex -115.915 -6.98651 5.6
      vertex -115.761 -6.75696 5.6
    endloop
  endfacet
  facet normal 0 0 1
    outer loop
      vertex -116.031 -6.54613 5.6
      vertex -115.915 -6.98651 5.6
      vertex -115.821 -6.72406 5.6
    endloop
  endfacet
  facet normal 0 0 1
    outer loop
      vertex -115.915 -6.98651 5.6
      vertex -116.031 -6.54613 5.6
      vertex -116.023 -7.25281 5.6
    endloop
  endfacet
  facet normal 0 0 1
    outer loop
      vertex -116.202 -6.33229 5.6
      vertex -116.023 -7.25281 5.6
      vertex -116.031 -6.54613 5.6
    endloop
  endfacet
  facet normal 0 0 1
    outer loop
      vertex -118.43 -8.23671 5.6
      vertex -116.023 -7.25281 5.6
      vertex -116.202 -6.33229 5.6
    endloop
  endfacet
  facet normal 0 0 1
    outer loop
      vertex 47.8807 48.6757 5.6
      vertex 45.562 47.9415 5.6
      vertex 45.5671 47.5491 5.6
    endloop
  endfacet
  facet normal 0 0 1
    outer loop
      vertex 47.8521 48.929 5.6
      vertex 45.5325 48.1864 5.6
      vertex 45.562 47.9415 5.6
    endloop
  endfacet
  facet normal 0 0 1
    outer loop
      vertex 47.8755 49.2039 5.6
      vertex 45.4807 49.3674 5.6
      vertex 47.8521 48.929 5.6
    endloop
  endfacet
  facet normal 0 0 1
    outer loop
      vertex 47.8521 48.929 5.6
      vertex 45.4936 48.4262 5.6
      vertex 45.5325 48.1864 5.6
    endloop
  endfacet
  facet normal -0 0 1
    outer loop
      vertex 45.4641 49.1718 5.6
      vertex 47.8521 48.929 5.6
      vertex 45.4807 49.3674 5.6
    endloop
  endfacet
  facet normal 0 0 1
    outer loop
      vertex 47.8521 48.929 5.6
      vertex 45.4717 48.6209 5.6
      vertex 45.4936 48.4262 5.6
    endloop
  endfacet
  facet normal 0 0 1
    outer loop
      vertex 45.457 48.8056 5.6
      vertex 47.8521 48.929 5.6
      vertex 45.4641 49.1718 5.6
    endloop
  endfacet
  facet normal 0 0 1
    outer loop
      vertex 47.8521 48.929 5.6
      vertex 45.457 48.8056 5.6
      vertex 45.4717 48.6209 5.6
    endloop
  endfacet
  facet normal 0 0 1
    outer loop
      vertex 31.2522 37.3515 5.6
      vertex 31.7448 37.9501 5.6
      vertex 31.7294 38.0863 5.6
    endloop
  endfacet
  facet normal 0 0 1
    outer loop
      vertex 31.7448 37.9501 5.6
      vertex 31.7019 37.7208 5.6
      vertex 31.7348 37.8336 5.6
    endloop
  endfacet
  facet normal 0 0 1
    outer loop
      vertex 31.2522 37.3515 5.6
      vertex 31.7294 38.0863 5.6
      vertex 31.6514 38.453 5.6
    endloop
  endfacet
  facet normal 0 0 1
    outer loop
      vertex 31.7448 37.9501 5.6
      vertex 31.2522 37.3515 5.6
      vertex 31.7019 37.7208 5.6
    endloop
  endfacet
  facet normal 0 0 1
    outer loop
      vertex 31.2522 37.3515 5.6
      vertex 31.6514 38.453 5.6
      vertex 31.6229 38.7063 5.6
    endloop
  endfacet
  facet normal 0 0 1
    outer loop
      vertex 31.7019 37.7208 5.6
      vertex 31.2522 37.3515 5.6
      vertex 31.648 37.6168 5.6
    endloop
  endfacet
  facet normal -0 0 1
    outer loop
      vertex 63.3546 60.9501 5.6
      vertex 70.4724 57.3427 5.6
      vertex 68.6843 65.7547 5.6
    endloop
  endfacet
  facet normal -0 0 1
    outer loop
      vertex 63.3137 60.168 5.6
      vertex 70.4724 57.3427 5.6
      vertex 63.3598 60.5577 5.6
    endloop
  endfacet
  facet normal -0 0 1
    outer loop
      vertex 63.2171 59.7876 5.6
      vertex 70.4724 57.3427 5.6
      vertex 63.3137 60.168 5.6
    endloop
  endfacet
  facet normal -0 0 1
    outer loop
      vertex 63.0716 59.4232 5.6
      vertex 70.4724 57.3427 5.6
      vertex 63.2171 59.7876 5.6
    endloop
  endfacet
  facet normal -0 0 1
    outer loop
      vertex 62.8799 59.0808 5.6
      vertex 70.4724 57.3427 5.6
      vertex 63.0716 59.4232 5.6
    endloop
  endfacet
  facet normal -0 0 1
    outer loop
      vertex 62.6451 58.7663 5.6
      vertex 70.4724 57.3427 5.6
      vertex 62.8799 59.0808 5.6
    endloop
  endfacet
  facet normal -0 0 1
    outer loop
      vertex 62.3713 58.4853 5.6
      vertex 70.4724 57.3427 5.6
      vertex 62.6451 58.7663 5.6
    endloop
  endfacet
  facet normal -0 0 1
    outer loop
      vertex 62.0631 58.2423 5.6
      vertex 70.4724 57.3427 5.6
      vertex 62.3713 58.4853 5.6
    endloop
  endfacet
  facet normal -0 0 1
    outer loop
      vertex 61.7259 58.0417 5.6
      vertex 70.4724 57.3427 5.6
      vertex 62.0631 58.2423 5.6
    endloop
  endfacet
  facet normal 0 0 1
    outer loop
      vertex 57.7375 54.6358 5.6
      vertex 61.7259 58.0417 5.6
      vertex 61.3653 57.8868 5.6
    endloop
  endfacet
  facet normal 0 0 1
    outer loop
      vertex 57.7375 54.6358 5.6
      vertex 61.3653 57.8868 5.6
      vertex 60.9876 57.7802 5.6
    endloop
  endfacet
  facet normal 0 0 1
    outer loop
      vertex 61.7259 58.0417 5.6
      vertex 57.7375 54.6358 5.6
      vertex 70.4724 57.3427 5.6
    endloop
  endfacet
  facet normal -0 0 1
    outer loop
      vertex 57.2573 56.9873 5.6
      vertex 57.7375 54.6358 5.6
      vertex 60.9876 57.7802 5.6
    endloop
  endfacet
  facet normal -0 0 1
    outer loop
      vertex 56.9946 56.918 5.6
      vertex 57.7375 54.6358 5.6
      vertex 57.2573 56.9873 5.6
    endloop
  endfacet
  facet normal 0 0 1
    outer loop
      vertex 57.7375 54.6358 5.6
      vertex 56.9946 56.918 5.6
      vertex 57.4944 54.5588 5.6
    endloop
  endfacet
  facet normal -0 0 1
    outer loop
      vertex 56.8078 56.8589 5.6
      vertex 57.4944 54.5588 5.6
      vertex 56.9946 56.918 5.6
    endloop
  endfacet
  facet normal -0 0 1
    outer loop
      vertex 56.4667 56.7258 5.6
      vertex 57.4944 54.5588 5.6
      vertex 56.8078 56.8589 5.6
    endloop
  endfacet
  facet normal -0 0 1
    outer loop
      vertex 56.3011 56.6415 5.6
      vertex 57.4944 54.5588 5.6
      vertex 56.4667 56.7258 5.6
    endloop
  endfacet
  facet normal 0 0 1
    outer loop
      vertex 57.4944 54.5588 5.6
      vertex 56.3011 56.6415 5.6
      vertex 57.2527 54.4256 5.6
    endloop
  endfacet
  facet normal -0 0 1
    outer loop
      vertex 56.129 56.5467 5.6
      vertex 57.2527 54.4256 5.6
      vertex 56.3011 56.6415 5.6
    endloop
  endfacet
  facet normal -0 0 1
    outer loop
      vertex 55.8204 56.3492 5.6
      vertex 57.2527 54.4256 5.6
      vertex 56.129 56.5467 5.6
    endloop
  endfacet
  facet normal -0 0 1
    outer loop
      vertex 55.6711 56.2312 5.6
      vertex 57.2527 54.4256 5.6
      vertex 55.8204 56.3492 5.6
    endloop
  endfacet
  facet normal 0 0 1
    outer loop
      vertex 56.7572 52.6072 5.6
      vertex 56.5131 51.9702 5.6
      vertex 56.6028 52.0461 5.6
    endloop
  endfacet
  facet normal 0 0 1
    outer loop
      vertex 57.2527 54.4256 5.6
      vertex 55.6711 56.2312 5.6
      vertex 57.0427 54.2477 5.6
    endloop
  endfacet
  facet normal -0 0 1
    outer loop
      vertex 55.5214 56.1044 5.6
      vertex 57.0427 54.2477 5.6
      vertex 55.6711 56.2312 5.6
    endloop
  endfacet
  facet normal -0 0 1
    outer loop
      vertex 55.1428 55.7147 5.6
      vertex 57.0427 54.2477 5.6
      vertex 55.5214 56.1044 5.6
    endloop
  endfacet
  facet normal 0 0 1
    outer loop
      vertex 57.0427 54.2477 5.6
      vertex 55.1428 55.7147 5.6
      vertex 56.8719 54.0339 5.6
    endloop
  endfacet
  facet normal -0 0 1
    outer loop
      vertex 55.0209 55.562 5.6
      vertex 56.8719 54.0339 5.6
      vertex 55.1428 55.7147 5.6
    endloop
  endfacet
  facet normal -0 0 1
    outer loop
      vertex 54.7146 55.0903 5.6
      vertex 56.8719 54.0339 5.6
      vertex 55.0209 55.562 5.6
    endloop
  endfacet
  facet normal 0 0 1
    outer loop
      vertex 56.8719 54.0339 5.6
      vertex 54.7146 55.0903 5.6
      vertex 56.746 53.7909 5.6
    endloop
  endfacet
  facet normal -0 0 1
    outer loop
      vertex 54.5826 54.8635 5.6
      vertex 56.746 53.7909 5.6
      vertex 54.7146 55.0903 5.6
    endloop
  endfacet
  facet normal 0 0 1
    outer loop
      vertex 56.746 53.7909 5.6
      vertex 54.5826 54.8635 5.6
      vertex 56.6689 53.5266 5.6
    endloop
  endfacet
  facet normal -0 0 1
    outer loop
      vertex 54.3478 54.5491 5.6
      vertex 56.6689 53.5266 5.6
      vertex 54.5826 54.8635 5.6
    endloop
  endfacet
  facet normal 0 0 1
    outer loop
      vertex 56.6689 53.5266 5.6
      vertex 54.3478 54.5491 5.6
      vertex 56.6455 53.2517 5.6
    endloop
  endfacet
  facet normal -0 0 1
    outer loop
      vertex 54.074 54.268 5.6
      vertex 56.6455 53.2517 5.6
      vertex 54.3478 54.5491 5.6
    endloop
  endfacet
  facet normal 0 0 1
    outer loop
      vertex 56.6741 52.9984 5.6
      vertex 56.2801 51.8724 5.6
      vertex 56.5131 51.9702 5.6
    endloop
  endfacet
  facet normal 0 0 1
    outer loop
      vertex 56.5131 51.9702 5.6
      vertex 56.2801 51.8724 5.6
      vertex 56.4107 51.9137 5.6
    endloop
  endfacet
  facet normal 0 0 1
    outer loop
      vertex 56.6455 53.2517 5.6
      vertex 54.074 54.268 5.6
      vertex 56.2801 51.8724 5.6
    endloop
  endfacet
  facet normal -0 0 1
    outer loop
      vertex 53.7658 54.025 5.6
      vertex 56.2801 51.8724 5.6
      vertex 54.074 54.268 5.6
    endloop
  endfacet
  facet normal -0 0 1
    outer loop
      vertex 53.4286 53.8244 5.6
      vertex 56.2801 51.8724 5.6
      vertex 53.7658 54.025 5.6
    endloop
  endfacet
  facet normal -0 0 1
    outer loop
      vertex 53.068 53.6695 5.6
      vertex 56.2801 51.8724 5.6
      vertex 53.4286 53.8244 5.6
    endloop
  endfacet
  facet normal -0 0 1
    outer loop
      vertex 52.6903 53.563 5.6
      vertex 56.2801 51.8724 5.6
      vertex 53.068 53.6695 5.6
    endloop
  endfacet
  facet normal 0 0 1
    outer loop
      vertex 52.6903 53.563 5.6
      vertex 48.944 50.3131 5.6
      vertex 56.2801 51.8724 5.6
    endloop
  endfacet
  facet normal -0 0 1
    outer loop
      vertex 48.464 52.6646 5.6
      vertex 48.944 50.3131 5.6
      vertex 52.6903 53.563 5.6
    endloop
  endfacet
  facet normal -0 0 1
    outer loop
      vertex 48.2008 52.5952 5.6
      vertex 48.944 50.3131 5.6
      vertex 48.464 52.6646 5.6
    endloop
  endfacet
  facet normal 0 0 1
    outer loop
      vertex 48.944 50.3131 5.6
      vertex 48.2008 52.5952 5.6
      vertex 48.701 50.2361 5.6
    endloop
  endfacet
  facet normal -0 0 1
    outer loop
      vertex 48.0144 52.5361 5.6
      vertex 48.701 50.2361 5.6
      vertex 48.2008 52.5952 5.6
    endloop
  endfacet
  facet normal -0 0 1
    outer loop
      vertex 47.6729 52.4029 5.6
      vertex 48.701 50.2361 5.6
      vertex 48.0144 52.5361 5.6
    endloop
  endfacet
  facet normal -0 0 1
    outer loop
      vertex 47.5079 52.3189 5.6
      vertex 48.701 50.2361 5.6
      vertex 47.6729 52.4029 5.6
    endloop
  endfacet
  facet normal 0 0 1
    outer loop
      vertex 48.701 50.2361 5.6
      vertex 47.5079 52.3189 5.6
      vertex 48.4594 50.1029 5.6
    endloop
  endfacet
  facet normal -0 0 1
    outer loop
      vertex 47.3358 52.2241 5.6
      vertex 48.4594 50.1029 5.6
      vertex 47.5079 52.3189 5.6
    endloop
  endfacet
  facet normal -0 0 1
    outer loop
      vertex 47.0271 52.0266 5.6
      vertex 48.4594 50.1029 5.6
      vertex 47.3358 52.2241 5.6
    endloop
  endfacet
  facet normal -0 0 1
    outer loop
      vertex 46.8776 51.9084 5.6
      vertex 48.4594 50.1029 5.6
      vertex 47.0271 52.0266 5.6
    endloop
  endfacet
  facet normal 0 0 1
    outer loop
      vertex 48.4594 50.1029 5.6
      vertex 46.8776 51.9084 5.6
      vertex 48.2492 49.925 5.6
    endloop
  endfacet
  facet normal 0 0 1
    outer loop
      vertex 70.4724 57.3427 5.6
      vertex 63.3546 60.9501 5.6
      vertex 63.3598 60.5577 5.6
    endloop
  endfacet
  facet normal 0 0 1
    outer loop
      vertex 68.6843 65.7547 5.6
      vertex 63.2983 61.3384 5.6
      vertex 63.3546 60.9501 5.6
    endloop
  endfacet
  facet normal 0 0 1
    outer loop
      vertex 68.6843 65.7547 5.6
      vertex 63.1918 61.7161 5.6
      vertex 63.2983 61.3384 5.6
    endloop
  endfacet
  facet normal 0 0 1
    outer loop
      vertex 68.6843 65.7547 5.6
      vertex 63.0369 62.0767 5.6
      vertex 63.1918 61.7161 5.6
    endloop
  endfacet
  facet normal 0 0 1
    outer loop
      vertex 68.6843 65.7547 5.6
      vertex 62.8363 62.4139 5.6
      vertex 63.0369 62.0767 5.6
    endloop
  endfacet
  facet normal 0 0 1
    outer loop
      vertex 68.6843 65.7547 5.6
      vertex 62.5933 62.7221 5.6
      vertex 62.8363 62.4139 5.6
    endloop
  endfacet
  facet normal 0 0 1
    outer loop
      vertex 68.6843 65.7547 5.6
      vertex 62.3122 62.9959 5.6
      vertex 62.5933 62.7221 5.6
    endloop
  endfacet
  facet normal 0 0 1
    outer loop
      vertex 68.6843 65.7547 5.6
      vertex 61.9978 63.2307 5.6
      vertex 62.3122 62.9959 5.6
    endloop
  endfacet
  facet normal 0 0 1
    outer loop
      vertex 68.6843 65.7547 5.6
      vertex 61.6554 63.4224 5.6
      vertex 61.9978 63.2307 5.6
    endloop
  endfacet
  facet normal 0 0 1
    outer loop
      vertex 68.6843 65.7547 5.6
      vertex 61.2909 63.5679 5.6
      vertex 61.6554 63.4224 5.6
    endloop
  endfacet
  facet normal 0 0 1
    outer loop
      vertex 68.6843 65.7547 5.6
      vertex 60.9106 63.6645 5.6
      vertex 61.2909 63.5679 5.6
    endloop
  endfacet
  facet normal 0 0 1
    outer loop
      vertex 68.6843 65.7547 5.6
      vertex 60.3639 63.7147 5.6
      vertex 60.9106 63.6645 5.6
    endloop
  endfacet
  facet normal 0 0 1
    outer loop
      vertex 68.6843 65.7547 5.6
      vertex -60.3639 63.7147 5.6
      vertex 60.3639 63.7147 5.6
    endloop
  endfacet
  facet normal 0 0 1
    outer loop
      vertex -68.6843 65.7547 5.6
      vertex 68.6843 65.7547 5.6
      vertex 70.3777 66.1147 5.6
    endloop
  endfacet
  facet normal 0 0 1
    outer loop
      vertex -63.3382 61.1063 5.6
      vertex -68.6843 65.7547 5.6
      vertex -63.3639 60.7147 5.6
    endloop
  endfacet
  facet normal 0 0 1
    outer loop
      vertex -63.2617 61.4911 5.6
      vertex -68.6843 65.7547 5.6
      vertex -63.3382 61.1063 5.6
    endloop
  endfacet
  facet normal 0 0 1
    outer loop
      vertex -63.1355 61.8627 5.6
      vertex -68.6843 65.7547 5.6
      vertex -63.2617 61.4911 5.6
    endloop
  endfacet
  facet normal 0 0 1
    outer loop
      vertex -62.962 62.2147 5.6
      vertex -68.6843 65.7547 5.6
      vertex -63.1355 61.8627 5.6
    endloop
  endfacet
  facet normal 0 0 1
    outer loop
      vertex -62.744 62.541 5.6
      vertex -68.6843 65.7547 5.6
      vertex -62.962 62.2147 5.6
    endloop
  endfacet
  facet normal 0 0 1
    outer loop
      vertex -62.4852 62.836 5.6
      vertex -68.6843 65.7547 5.6
      vertex -62.744 62.541 5.6
    endloop
  endfacet
  facet normal 0 0 1
    outer loop
      vertex -62.1902 63.0948 5.6
      vertex -68.6843 65.7547 5.6
      vertex -62.4852 62.836 5.6
    endloop
  endfacet
  facet normal 0 0 1
    outer loop
      vertex -61.8639 63.3128 5.6
      vertex -68.6843 65.7547 5.6
      vertex -62.1902 63.0948 5.6
    endloop
  endfacet
  facet normal 0 0 1
    outer loop
      vertex -61.5119 63.4863 5.6
      vertex -68.6843 65.7547 5.6
      vertex -61.8639 63.3128 5.6
    endloop
  endfacet
  facet normal 0 0 1
    outer loop
      vertex -61.1404 63.6125 5.6
      vertex -68.6843 65.7547 5.6
      vertex -61.5119 63.4863 5.6
    endloop
  endfacet
  facet normal 0 0 1
    outer loop
      vertex -60.7555 63.689 5.6
      vertex -68.6843 65.7547 5.6
      vertex -61.1404 63.6125 5.6
    endloop
  endfacet
  facet normal 0 0 1
    outer loop
      vertex -60.3639 63.7147 5.6
      vertex -68.6843 65.7547 5.6
      vertex -60.7555 63.689 5.6
    endloop
  endfacet
  facet normal 0 0 1
    outer loop
      vertex 68.6843 65.7547 5.6
      vertex -68.6843 65.7547 5.6
      vertex -60.3639 63.7147 5.6
    endloop
  endfacet
  facet normal 0 -0 1
    outer loop
      vertex -68.6843 65.7547 5.6
      vertex 70.3777 66.1147 5.6
      vertex -70.3777 66.1147 5.6
    endloop
  endfacet
  facet normal 0 0 1
    outer loop
      vertex 56.7298 52.2417 5.6
      vertex 56.7726 52.471 5.6
      vertex 56.7572 52.6072 5.6
    endloop
  endfacet
  facet normal 0 0 1
    outer loop
      vertex 56.7726 52.471 5.6
      vertex 56.7298 52.2417 5.6
      vertex 56.7627 52.3545 5.6
    endloop
  endfacet
  facet normal 0 0 1
    outer loop
      vertex 56.7572 52.6072 5.6
      vertex 56.6759 52.1377 5.6
      vertex 56.7298 52.2417 5.6
    endloop
  endfacet
  facet normal 0 0 1
    outer loop
      vertex 56.5131 51.9702 5.6
      vertex 56.7572 52.6072 5.6
      vertex 56.6741 52.9984 5.6
    endloop
  endfacet
  facet normal 0 0 1
    outer loop
      vertex 56.2801 51.8724 5.6
      vertex 56.6741 52.9984 5.6
      vertex 56.6455 53.2517 5.6
    endloop
  endfacet
  facet normal 0 0 1
    outer loop
      vertex 56.7572 52.6072 5.6
      vertex 56.6028 52.0461 5.6
      vertex 56.6759 52.1377 5.6
    endloop
  endfacet
  facet normal 0 0 1
    outer loop
      vertex 48.8148 43.7863 5.6
      vertex 48.8576 44.0156 5.6
      vertex 48.8423 44.1518 5.6
    endloop
  endfacet
  facet normal 0 0 1
    outer loop
      vertex 48.8576 44.0156 5.6
      vertex 48.8148 43.7863 5.6
      vertex 48.8477 43.8991 5.6
    endloop
  endfacet
  facet normal 0 0 1
    outer loop
      vertex 48.8423 44.1518 5.6
      vertex 48.7609 43.6823 5.6
      vertex 48.8148 43.7863 5.6
    endloop
  endfacet
  facet normal 0 0 1
    outer loop
      vertex 48.8423 44.1518 5.6
      vertex 48.6878 43.5907 5.6
      vertex 48.7609 43.6823 5.6
    endloop
  endfacet
  facet normal 0 0 1
    outer loop
      vertex 48.8423 44.1518 5.6
      vertex 48.5981 43.5148 5.6
      vertex 48.6878 43.5907 5.6
    endloop
  endfacet
  facet normal 0 0 1
    outer loop
      vertex 48.8423 44.1518 5.6
      vertex 48.4957 43.4583 5.6
      vertex 48.5981 43.5148 5.6
    endloop
  endfacet
  facet normal 0 0 1
    outer loop
      vertex 48.8423 44.1518 5.6
      vertex 48.3651 43.417 5.6
      vertex 48.4957 43.4583 5.6
    endloop
  endfacet
  facet normal -0 0 1
    outer loop
      vertex 45.4244 46.7791 5.6
      vertex 48.8423 44.1518 5.6
      vertex 47.8807 48.6757 5.6
    endloop
  endfacet
  facet normal 0 0 1
    outer loop
      vertex 45.562 47.9415 5.6
      vertex 47.8807 48.6757 5.6
      vertex 47.8521 48.929 5.6
    endloop
  endfacet
  facet normal -0 0 1
    outer loop
      vertex 46.7281 51.7818 5.6
      vertex 48.2492 49.925 5.6
      vertex 46.8776 51.9084 5.6
    endloop
  endfacet
  facet normal -0 0 1
    outer loop
      vertex 46.3493 51.3918 5.6
      vertex 48.2492 49.925 5.6
      vertex 46.7281 51.7818 5.6
    endloop
  endfacet
  facet normal 0 0 1
    outer loop
      vertex 48.2492 49.925 5.6
      vertex 46.3493 51.3918 5.6
      vertex 48.0785 49.7112 5.6
    endloop
  endfacet
  facet normal -0 0 1
    outer loop
      vertex 46.2274 51.2391 5.6
      vertex 48.0785 49.7112 5.6
      vertex 46.3493 51.3918 5.6
    endloop
  endfacet
  facet normal -0 0 1
    outer loop
      vertex 45.9297 50.7807 5.6
      vertex 48.0785 49.7112 5.6
      vertex 46.2274 51.2391 5.6
    endloop
  endfacet
  facet normal 0 0 1
    outer loop
      vertex 48.0785 49.7112 5.6
      vertex 45.9297 50.7807 5.6
      vertex 47.9526 49.4682 5.6
    endloop
  endfacet
  facet normal -0 0 1
    outer loop
      vertex 45.8398 50.6073 5.6
      vertex 47.9526 49.4682 5.6
      vertex 45.9297 50.7807 5.6
    endloop
  endfacet
  facet normal -0 0 1
    outer loop
      vertex 45.6377 50.1029 5.6
      vertex 47.9526 49.4682 5.6
      vertex 45.8398 50.6073 5.6
    endloop
  endfacet
  facet normal 0 0 1
    outer loop
      vertex 47.9526 49.4682 5.6
      vertex 45.6377 50.1029 5.6
      vertex 47.8755 49.2039 5.6
    endloop
  endfacet
  facet normal -0 0 1
    outer loop
      vertex 45.5827 49.9144 5.6
      vertex 47.8755 49.2039 5.6
      vertex 45.6377 50.1029 5.6
    endloop
  endfacet
  facet normal -0 0 1
    outer loop
      vertex 45.5034 49.5568 5.6
      vertex 47.8755 49.2039 5.6
      vertex 45.5827 49.9144 5.6
    endloop
  endfacet
  facet normal -0 0 1
    outer loop
      vertex 45.4807 49.3674 5.6
      vertex 47.8755 49.2039 5.6
      vertex 45.5034 49.5568 5.6
    endloop
  endfacet
  facet normal 0 0 1
    outer loop
      vertex 47.8807 48.6757 5.6
      vertex 45.5671 47.5491 5.6
      vertex 45.521 47.1594 5.6
    endloop
  endfacet
  facet normal 0 0 1
    outer loop
      vertex 47.8807 48.6757 5.6
      vertex 45.521 47.1594 5.6
      vertex 45.4244 46.7791 5.6
    endloop
  endfacet
  facet normal -0 0 1
    outer loop
      vertex 45.2789 46.4146 5.6
      vertex 48.8423 44.1518 5.6
      vertex 45.4244 46.7791 5.6
    endloop
  endfacet
  facet normal -0 0 1
    outer loop
      vertex 45.0872 46.0722 5.6
      vertex 48.8423 44.1518 5.6
      vertex 45.2789 46.4146 5.6
    endloop
  endfacet
  facet normal 0 0 1
    outer loop
      vertex 48.8423 44.1518 5.6
      vertex 45.0872 46.0722 5.6
      vertex 48.3651 43.417 5.6
    endloop
  endfacet
  facet normal -0 0 1
    outer loop
      vertex 44.8524 45.7578 5.6
      vertex 48.3651 43.417 5.6
      vertex 45.0872 46.0722 5.6
    endloop
  endfacet
  facet normal -0 0 1
    outer loop
      vertex 44.5786 45.4767 5.6
      vertex 48.3651 43.417 5.6
      vertex 44.8524 45.7578 5.6
    endloop
  endfacet
  facet normal -0 0 1
    outer loop
      vertex 44.2704 45.2337 5.6
      vertex 48.3651 43.417 5.6
      vertex 44.5786 45.4767 5.6
    endloop
  endfacet
  facet normal -0 0 1
    outer loop
      vertex 43.9332 45.0331 5.6
      vertex 48.3651 43.417 5.6
      vertex 44.2704 45.2337 5.6
    endloop
  endfacet
  facet normal -0 0 1
    outer loop
      vertex 43.5726 44.8782 5.6
      vertex 48.3651 43.417 5.6
      vertex 43.9332 45.0331 5.6
    endloop
  endfacet
  facet normal -0 0 1
    outer loop
      vertex 43.1949 44.7717 5.6
      vertex 48.3651 43.417 5.6
      vertex 43.5726 44.8782 5.6
    endloop
  endfacet
  facet normal 0 0 1
    outer loop
      vertex 43.1949 44.7717 5.6
      vertex 32.7148 40.0904 5.6
      vertex 48.3651 43.417 5.6
    endloop
  endfacet
  facet normal -0 0 1
    outer loop
      vertex 32.2347 42.442 5.6
      vertex 32.7148 40.0904 5.6
      vertex 43.1949 44.7717 5.6
    endloop
  endfacet
  facet normal -0 0 1
    outer loop
      vertex 31.9717 42.3726 5.6
      vertex 32.7148 40.0904 5.6
      vertex 32.2347 42.442 5.6
    endloop
  endfacet
  facet normal 0 0 1
    outer loop
      vertex 32.7148 40.0904 5.6
      vertex 31.9717 42.3726 5.6
      vertex 32.4717 40.0135 5.6
    endloop
  endfacet
  facet normal -0 0 1
    outer loop
      vertex 31.7849 42.3134 5.6
      vertex 32.4717 40.0135 5.6
      vertex 31.9717 42.3726 5.6
    endloop
  endfacet
  facet normal -0 0 1
    outer loop
      vertex 31.4437 42.1803 5.6
      vertex 32.4717 40.0135 5.6
      vertex 31.7849 42.3134 5.6
    endloop
  endfacet
  facet normal -0 0 1
    outer loop
      vertex 31.2785 42.0962 5.6
      vertex 32.4717 40.0135 5.6
      vertex 31.4437 42.1803 5.6
    endloop
  endfacet
  facet normal 0 0 1
    outer loop
      vertex 32.4717 40.0135 5.6
      vertex 31.2785 42.0962 5.6
      vertex 32.2301 39.8803 5.6
    endloop
  endfacet
  facet normal -0 0 1
    outer loop
      vertex 31.1067 42.0015 5.6
      vertex 32.2301 39.8803 5.6
      vertex 31.2785 42.0962 5.6
    endloop
  endfacet
  facet normal -0 0 1
    outer loop
      vertex 30.798 41.804 5.6
      vertex 32.2301 39.8803 5.6
      vertex 31.1067 42.0015 5.6
    endloop
  endfacet
  facet normal -0 0 1
    outer loop
      vertex 30.6487 41.686 5.6
      vertex 32.2301 39.8803 5.6
      vertex 30.798 41.804 5.6
    endloop
  endfacet
  facet normal 0 0 1
    outer loop
      vertex 31.648 37.6168 5.6
      vertex 31.2522 37.3515 5.6
      vertex 31.5749 37.5252 5.6
    endloop
  endfacet
  facet normal 0 0 1
    outer loop
      vertex 32.2301 39.8803 5.6
      vertex 30.6487 41.686 5.6
      vertex 32.02 39.7023 5.6
    endloop
  endfacet
  facet normal -0 0 1
    outer loop
      vertex 30.4987 41.559 5.6
      vertex 32.02 39.7023 5.6
      vertex 30.6487 41.686 5.6
    endloop
  endfacet
  facet normal -0 0 1
    outer loop
      vertex 30.12 41.1692 5.6
      vertex 32.02 39.7023 5.6
      vertex 30.4987 41.559 5.6
    endloop
  endfacet
  facet normal 0 0 1
    outer loop
      vertex 32.02 39.7023 5.6
      vertex 30.12 41.1692 5.6
      vertex 31.8493 39.4885 5.6
    endloop
  endfacet
  facet normal -0 0 1
    outer loop
      vertex 29.9981 41.0165 5.6
      vertex 31.8493 39.4885 5.6
      vertex 30.12 41.1692 5.6
    endloop
  endfacet
  facet normal -0 0 1
    outer loop
      vertex 29.6744 40.5181 5.6
      vertex 31.8493 39.4885 5.6
      vertex 29.9981 41.0165 5.6
    endloop
  endfacet
  facet normal 0 0 1
    outer loop
      vertex 31.8493 39.4885 5.6
      vertex 29.6744 40.5181 5.6
      vertex 31.7234 39.2456 5.6
    endloop
  endfacet
  facet normal -0 0 1
    outer loop
      vertex 29.5748 40.3469 5.6
      vertex 31.7234 39.2456 5.6
      vertex 29.6744 40.5181 5.6
    endloop
  endfacet
  facet normal 0 0 1
    outer loop
      vertex 31.7234 39.2456 5.6
      vertex 29.5748 40.3469 5.6
      vertex 31.6463 38.9813 5.6
    endloop
  endfacet
  facet normal -0 0 1
    outer loop
      vertex 29.34 40.0325 5.6
      vertex 31.6463 38.9813 5.6
      vertex 29.5748 40.3469 5.6
    endloop
  endfacet
  facet normal 0 0 1
    outer loop
      vertex 31.6463 38.9813 5.6
      vertex 29.34 40.0325 5.6
      vertex 31.6229 38.7063 5.6
    endloop
  endfacet
  facet normal -0 0 1
    outer loop
      vertex 29.0662 39.7514 5.6
      vertex 31.6229 38.7063 5.6
      vertex 29.34 40.0325 5.6
    endloop
  endfacet
  facet normal 0 -0 1
    outer loop
      vertex 31.3828 37.3928 5.6
      vertex 31.5749 37.5252 5.6
      vertex 31.2522 37.3515 5.6
    endloop
  endfacet
  facet normal 0 0 1
    outer loop
      vertex 31.5749 37.5252 5.6
      vertex 31.3828 37.3928 5.6
      vertex 31.4852 37.4493 5.6
    endloop
  endfacet
  facet normal 0 0 1
    outer loop
      vertex 31.6229 38.7063 5.6
      vertex 29.0662 39.7514 5.6
      vertex 31.2522 37.3515 5.6
    endloop
  endfacet
  facet normal -0 0 1
    outer loop
      vertex 28.758 39.5084 5.6
      vertex 31.2522 37.3515 5.6
      vertex 29.0662 39.7514 5.6
    endloop
  endfacet
  facet normal -0 0 1
    outer loop
      vertex 28.4208 39.3078 5.6
      vertex 31.2522 37.3515 5.6
      vertex 28.758 39.5084 5.6
    endloop
  endfacet
  facet normal -0 0 1
    outer loop
      vertex 28.0602 39.1529 5.6
      vertex 31.2522 37.3515 5.6
      vertex 28.4208 39.3078 5.6
    endloop
  endfacet
  facet normal -0 0 1
    outer loop
      vertex 27.6825 39.0464 5.6
      vertex 31.2522 37.3515 5.6
      vertex 28.0602 39.1529 5.6
    endloop
  endfacet
  facet normal 0 0 1
    outer loop
      vertex 27.6825 39.0464 5.6
      vertex 15.6019 34.0249 5.6
      vertex 31.2522 37.3515 5.6
    endloop
  endfacet
  facet normal -0 0 1
    outer loop
      vertex 15.1217 36.3765 5.6
      vertex 15.6019 34.0249 5.6
      vertex 27.6825 39.0464 5.6
    endloop
  endfacet
  facet normal -0 0 1
    outer loop
      vertex 14.859 36.3071 5.6
      vertex 15.6019 34.0249 5.6
      vertex 15.1217 36.3765 5.6
    endloop
  endfacet
  facet normal 0 0 1
    outer loop
      vertex 15.6019 34.0249 5.6
      vertex 14.859 36.3071 5.6
      vertex 15.3589 33.948 5.6
    endloop
  endfacet
  facet normal -0 0 1
    outer loop
      vertex 14.6722 36.248 5.6
      vertex 15.3589 33.948 5.6
      vertex 14.859 36.3071 5.6
    endloop
  endfacet
  facet normal -0 0 1
    outer loop
      vertex 14.3311 36.1149 5.6
      vertex 15.3589 33.948 5.6
      vertex 14.6722 36.248 5.6
    endloop
  endfacet
  facet normal -0 0 1
    outer loop
      vertex 14.1657 36.0307 5.6
      vertex 15.3589 33.948 5.6
      vertex 14.3311 36.1149 5.6
    endloop
  endfacet
  facet normal 0 0 1
    outer loop
      vertex 15.3589 33.948 5.6
      vertex 14.1657 36.0307 5.6
      vertex 15.1172 33.8148 5.6
    endloop
  endfacet
  facet normal -0 0 1
    outer loop
      vertex 13.9937 35.9359 5.6
      vertex 15.1172 33.8148 5.6
      vertex 14.1657 36.0307 5.6
    endloop
  endfacet
  facet normal -0 0 1
    outer loop
      vertex 13.685 35.7384 5.6
      vertex 15.1172 33.8148 5.6
      vertex 13.9937 35.9359 5.6
    endloop
  endfacet
  facet normal -0 0 1
    outer loop
      vertex 13.5356 35.6203 5.6
      vertex 15.1172 33.8148 5.6
      vertex 13.685 35.7384 5.6
    endloop
  endfacet
  facet normal 0 0 1
    outer loop
      vertex 15.1172 33.8148 5.6
      vertex 13.5356 35.6203 5.6
      vertex 14.9071 33.6368 5.6
    endloop
  endfacet
  facet normal 0 0 1
    outer loop
      vertex 26.3418 -17.2489 5.6
      vertex 26.3509 -17.4784 5.6
      vertex 26.3576 -17.3638 5.6
    endloop
  endfacet
  facet normal 0 0 1
    outer loop
      vertex 26.3418 -17.2489 5.6
      vertex 26.3173 -17.6093 5.6
      vertex 26.3509 -17.4784 5.6
    endloop
  endfacet
  facet normal 0 0 1
    outer loop
      vertex 26.3045 -17.1396 5.6
      vertex 26.3173 -17.6093 5.6
      vertex 26.3418 -17.2489 5.6
    endloop
  endfacet
  facet normal 0 0 1
    outer loop
      vertex 26.2461 -17.0387 5.6
      vertex 26.3173 -17.6093 5.6
      vertex 26.3045 -17.1396 5.6
    endloop
  endfacet
  facet normal 0 0 1
    outer loop
      vertex 26.08 -16.8817 5.6
      vertex 26.2461 -17.0387 5.6
      vertex 26.1711 -16.9519 5.6
    endloop
  endfacet
  facet normal 0 0 1
    outer loop
      vertex 26.2461 -17.0387 5.6
      vertex 26.08 -16.8817 5.6
      vertex 26.3173 -17.6093 5.6
    endloop
  endfacet
  facet normal 0 0 1
    outer loop
      vertex 25.9765 -16.8292 5.6
      vertex 26.3173 -17.6093 5.6
      vertex 26.08 -16.8817 5.6
    endloop
  endfacet
  facet normal 0 0 1
    outer loop
      vertex 25.8658 -16.798 5.6
      vertex 26.3173 -17.6093 5.6
      vertex 25.9765 -16.8292 5.6
    endloop
  endfacet
  facet normal 0 0 1
    outer loop
      vertex 25.7506 -16.7888 5.6
      vertex 26.3173 -17.6093 5.6
      vertex 25.8658 -16.798 5.6
    endloop
  endfacet
  facet normal -0 0 1
    outer loop
      vertex 25.6154 -16.8039 5.6
      vertex 26.3173 -17.6093 5.6
      vertex 25.7506 -16.7888 5.6
    endloop
  endfacet
  facet normal -0 0 1
    outer loop
      vertex 25.0214 -16.9301 5.6
      vertex 26.3173 -17.6093 5.6
      vertex 25.6154 -16.8039 5.6
    endloop
  endfacet
  facet normal 0 0 1
    outer loop
      vertex 26.3173 -17.6093 5.6
      vertex 25.0214 -16.9301 5.6
      vertex 25.2034 -20.6825 5.6
    endloop
  endfacet
  facet normal -0 0 1
    outer loop
      vertex 23.4711 -20.1431 5.6
      vertex 25.2034 -20.6825 5.6
      vertex 25.0214 -16.9301 5.6
    endloop
  endfacet
  facet normal 0 -0 1
    outer loop
      vertex 24.1724 -20.8848 5.6
      vertex 25.2034 -20.6825 5.6
      vertex 23.6593 -20.3157 5.6
    endloop
  endfacet
  facet normal 0 0 1
    outer loop
      vertex 25.2034 -20.6825 5.6
      vertex 24.1724 -20.8848 5.6
      vertex 25.1397 -20.8126 5.6
    endloop
  endfacet
  facet normal 0 0 1
    outer loop
      vertex 25.1397 -20.8126 5.6
      vertex 24.1724 -20.8848 5.6
      vertex 25.0648 -20.9108 5.6
    endloop
  endfacet
  facet normal 0 0 1
    outer loop
      vertex 25.0648 -20.9108 5.6
      vertex 24.1724 -20.8848 5.6
      vertex 24.9721 -20.9897 5.6
    endloop
  endfacet
  facet normal 0 0 1
    outer loop
      vertex 24.9721 -20.9897 5.6
      vertex 24.1724 -20.8848 5.6
      vertex 24.8636 -21.049 5.6
    endloop
  endfacet
  facet normal 0 0 1
    outer loop
      vertex 24.8636 -21.049 5.6
      vertex 24.1724 -20.8848 5.6
      vertex 24.7461 -21.085 5.6
    endloop
  endfacet
  facet normal 0 0 1
    outer loop
      vertex 24.7461 -21.085 5.6
      vertex 24.1724 -20.8848 5.6
      vertex 24.6241 -21.0957 5.6
    endloop
  endfacet
  facet normal 0 0 1
    outer loop
      vertex 24.5013 -21.0813 5.6
      vertex 24.1724 -20.8848 5.6
      vertex 24.3841 -21.0422 5.6
    endloop
  endfacet
  facet normal 0 0 1
    outer loop
      vertex 24.3841 -21.0422 5.6
      vertex 24.1724 -20.8848 5.6
      vertex 24.2781 -20.9809 5.6
    endloop
  endfacet
  facet normal 0 0 1
    outer loop
      vertex 24.6241 -21.0957 5.6
      vertex 24.1724 -20.8848 5.6
      vertex 24.5013 -21.0813 5.6
    endloop
  endfacet
  facet normal 0 0 1
    outer loop
      vertex 25.2034 -20.6825 5.6
      vertex 23.4711 -20.1431 5.6
      vertex 23.6593 -20.3157 5.6
    endloop
  endfacet
  facet normal 0 0 1
    outer loop
      vertex 25.0214 -16.9301 5.6
      vertex 23.2348 -20.0003 5.6
      vertex 23.4711 -20.1431 5.6
    endloop
  endfacet
  facet normal 0 0 1
    outer loop
      vertex 25.0214 -16.9301 5.6
      vertex 22.976 -19.9078 5.6
      vertex 23.2348 -20.0003 5.6
    endloop
  endfacet
  facet normal 0 0 1
    outer loop
      vertex 21.7992 -16.8865 5.6
      vertex 22.976 -19.9078 5.6
      vertex 25.0214 -16.9301 5.6
    endloop
  endfacet
  facet normal -0 0 1
    outer loop
      vertex 21.5857 -17.2158 5.6
      vertex 22.976 -19.9078 5.6
      vertex 21.7992 -16.8865 5.6
    endloop
  endfacet
  facet normal -0 0 1
    outer loop
      vertex 22.1599 -15.7729 5.6
      vertex 25.0214 -16.9301 5.6
      vertex 22.1801 -15.381 5.6
    endloop
  endfacet
  facet normal 0 0 1
    outer loop
      vertex 25.0214 -16.9301 5.6
      vertex 22.1148 -14.7992 5.6
      vertex 22.1801 -15.381 5.6
    endloop
  endfacet
  facet normal 0 0 1
    outer loop
      vertex 14.5386 32.3875 5.6
      vertex 22.1148 -14.7992 5.6
      vertex 25.0214 -16.9301 5.6
    endloop
  endfacet
  facet normal -0 0 1
    outer loop
      vertex 13.3859 35.4936 5.6
      vertex 14.9071 33.6368 5.6
      vertex 13.5356 35.6203 5.6
    endloop
  endfacet
  facet normal -0 0 1
    outer loop
      vertex 13.0073 35.1039 5.6
      vertex 14.9071 33.6368 5.6
      vertex 13.3859 35.4936 5.6
    endloop
  endfacet
  facet normal 0 0 1
    outer loop
      vertex 14.9071 33.6368 5.6
      vertex 13.0073 35.1039 5.6
      vertex 14.7364 33.423 5.6
    endloop
  endfacet
  facet normal -0 0 1
    outer loop
      vertex 12.8854 34.9512 5.6
      vertex 14.7364 33.423 5.6
      vertex 13.0073 35.1039 5.6
    endloop
  endfacet
  facet normal -0 0 1
    outer loop
      vertex 12.5875 34.4924 5.6
      vertex 14.7364 33.423 5.6
      vertex 12.8854 34.9512 5.6
    endloop
  endfacet
  facet normal 0 0 1
    outer loop
      vertex 14.7364 33.423 5.6
      vertex 12.5875 34.4924 5.6
      vertex 14.6105 33.1801 5.6
    endloop
  endfacet
  facet normal -0 0 1
    outer loop
      vertex 12.4976 34.319 5.6
      vertex 14.6105 33.1801 5.6
      vertex 12.5875 34.4924 5.6
    endloop
  endfacet
  facet normal -0 0 1
    outer loop
      vertex 12.2956 33.8146 5.6
      vertex 14.6105 33.1801 5.6
      vertex 12.4976 34.319 5.6
    endloop
  endfacet
  facet normal 0 0 1
    outer loop
      vertex 14.6105 33.1801 5.6
      vertex 12.2956 33.8146 5.6
      vertex 14.5334 32.9158 5.6
    endloop
  endfacet
  facet normal -0 0 1
    outer loop
      vertex 12.2406 33.626 5.6
      vertex 14.5334 32.9158 5.6
      vertex 12.2956 33.8146 5.6
    endloop
  endfacet
  facet normal -0 0 1
    outer loop
      vertex 12.1613 33.2686 5.6
      vertex 14.5334 32.9158 5.6
      vertex 12.2406 33.626 5.6
    endloop
  endfacet
  facet normal -0 0 1
    outer loop
      vertex 12.1386 33.0792 5.6
      vertex 14.5334 32.9158 5.6
      vertex 12.1613 33.2686 5.6
    endloop
  endfacet
  facet normal 0 0 1
    outer loop
      vertex 14.5334 32.9158 5.6
      vertex 12.1386 33.0792 5.6
      vertex 14.51 32.6408 5.6
    endloop
  endfacet
  facet normal 0 0 1
    outer loop
      vertex 14.5386 32.3875 5.6
      vertex 12.195 31.8695 5.6
      vertex 22.1148 -14.7992 5.6
    endloop
  endfacet
  facet normal -0 0 1
    outer loop
      vertex 12.122 32.884 5.6
      vertex 14.51 32.6408 5.6
      vertex 12.1386 33.0792 5.6
    endloop
  endfacet
  facet normal 0 0 1
    outer loop
      vertex 14.5386 32.3875 5.6
      vertex 12.1515 32.1381 5.6
      vertex 12.195 31.8695 5.6
    endloop
  endfacet
  facet normal 0 0 1
    outer loop
      vertex 12.1149 32.5177 5.6
      vertex 14.51 32.6408 5.6
      vertex 12.122 32.884 5.6
    endloop
  endfacet
  facet normal 0 0 1
    outer loop
      vertex 14.5386 32.3875 5.6
      vertex 12.1296 32.3327 5.6
      vertex 12.1515 32.1381 5.6
    endloop
  endfacet
  facet normal 0 -0 1
    outer loop
      vertex 12.1296 32.3327 5.6
      vertex 14.51 32.6408 5.6
      vertex 12.1149 32.5177 5.6
    endloop
  endfacet
  facet normal 0 0 1
    outer loop
      vertex 14.51 32.6408 5.6
      vertex 12.1296 32.3327 5.6
      vertex 14.5386 32.3875 5.6
    endloop
  endfacet
  facet normal -0 0 1
    outer loop
      vertex 22.0887 -16.1588 5.6
      vertex 25.0214 -16.9301 5.6
      vertex 22.1599 -15.7729 5.6
    endloop
  endfacet
  facet normal -0 0 1
    outer loop
      vertex 21.9678 -16.5322 5.6
      vertex 25.0214 -16.9301 5.6
      vertex 22.0887 -16.1588 5.6
    endloop
  endfacet
  facet normal -0 0 1
    outer loop
      vertex 21.7992 -16.8865 5.6
      vertex 25.0214 -16.9301 5.6
      vertex 21.9678 -16.5322 5.6
    endloop
  endfacet
  facet normal 0 0 1
    outer loop
      vertex 22.976 -19.9078 5.6
      vertex 21.5857 -17.2158 5.6
      vertex 22.7056 -19.8666 5.6
    endloop
  endfacet
  facet normal -0 0 1
    outer loop
      vertex 21.3311 -17.5144 5.6
      vertex 22.7056 -19.8666 5.6
      vertex 21.5857 -17.2158 5.6
    endloop
  endfacet
  facet normal 0 0 1
    outer loop
      vertex 22.7056 -19.8666 5.6
      vertex 21.3311 -17.5144 5.6
      vertex 22.4317 -19.879 5.6
    endloop
  endfacet
  facet normal -0 0 1
    outer loop
      vertex 21.0397 -17.7773 5.6
      vertex 22.4317 -19.879 5.6
      vertex 21.3311 -17.5144 5.6
    endloop
  endfacet
  facet normal 0 0 1
    outer loop
      vertex 22.4317 -19.879 5.6
      vertex 21.0397 -17.7773 5.6
      vertex 22.1641 -19.9445 5.6
    endloop
  endfacet
  facet normal -0 0 1
    outer loop
      vertex 20.7166 -17.9998 5.6
      vertex 22.1641 -19.9445 5.6
      vertex 21.0397 -17.7773 5.6
    endloop
  endfacet
  facet normal 0 0 1
    outer loop
      vertex 22.1641 -19.9445 5.6
      vertex 20.7166 -17.9998 5.6
      vertex 21.9151 -20.062 5.6
    endloop
  endfacet
  facet normal -0 0 1
    outer loop
      vertex 20.4614 -18.1519 5.6
      vertex 21.9151 -20.062 5.6
      vertex 20.7166 -17.9998 5.6
    endloop
  endfacet
  facet normal 0 0 1
    outer loop
      vertex 21.9151 -20.062 5.6
      vertex 20.4614 -18.1519 5.6
      vertex 21.7097 -20.2131 5.6
    endloop
  endfacet
  facet normal -0 0 1
    outer loop
      vertex 20.3033 -18.2683 5.6
      vertex 21.7097 -20.2131 5.6
      vertex 20.4614 -18.1519 5.6
    endloop
  endfacet
  facet normal -0 0 1
    outer loop
      vertex 20.089 -18.4429 5.6
      vertex 21.7097 -20.2131 5.6
      vertex 20.3033 -18.2683 5.6
    endloop
  endfacet
  facet normal 0 0 1
    outer loop
      vertex 20.089 -18.4429 5.6
      vertex 9.04776 -31.6143 5.6
      vertex 21.7097 -20.2131 5.6
    endloop
  endfacet
  facet normal -0 0 1
    outer loop
      vertex 7.45602 -29.8179 5.6
      vertex 9.04776 -31.6143 5.6
      vertex 20.089 -18.4429 5.6
    endloop
  endfacet
  facet normal -0 0 1
    outer loop
      vertex 6.90399 -30.4363 5.6
      vertex 8.87506 -31.8025 5.6
      vertex 7.13335 -30.1509 5.6
    endloop
  endfacet
  facet normal -0 0 1
    outer loop
      vertex 7.13335 -30.1509 5.6
      vertex 8.87506 -31.8025 5.6
      vertex 7.26625 -30.006 5.6
    endloop
  endfacet
  facet normal 0 0 1
    outer loop
      vertex 9.04776 -31.6143 5.6
      vertex 7.26625 -30.006 5.6
      vertex 8.87506 -31.8025 5.6
    endloop
  endfacet
  facet normal -0 0 1
    outer loop
      vertex 7.26625 -30.006 5.6
      vertex 9.04776 -31.6143 5.6
      vertex 7.45602 -29.8179 5.6
    endloop
  endfacet
  facet normal 0 0 1
    outer loop
      vertex 19.008 -44.7396 5.6
      vertex 12.4178 -41.7958 5.6
      vertex 12.4434 -42.1874 5.6
    endloop
  endfacet
  facet normal 0 0 1
    outer loop
      vertex 19.008 -44.7396 5.6
      vertex 12.3412 -41.4109 5.6
      vertex 12.4178 -41.7958 5.6
    endloop
  endfacet
  facet normal 0 0 1
    outer loop
      vertex 19.008 -44.7396 5.6
      vertex 12.2151 -41.0394 5.6
      vertex 12.3412 -41.4109 5.6
    endloop
  endfacet
  facet normal 0 0 1
    outer loop
      vertex 19.008 -44.7396 5.6
      vertex 12.0415 -40.6874 5.6
      vertex 12.2151 -41.0394 5.6
    endloop
  endfacet
  facet normal 0 0 1
    outer loop
      vertex 19.008 -44.7396 5.6
      vertex 11.8235 -40.3611 5.6
      vertex 12.0415 -40.6874 5.6
    endloop
  endfacet
  facet normal 0 0 1
    outer loop
      vertex 8.94516 -33.564 5.6
      vertex 11.8235 -40.3611 5.6
      vertex 19.008 -44.7396 5.6
    endloop
  endfacet
  facet normal 0 0 1
    outer loop
      vertex 11.8235 -40.3611 5.6
      vertex 8.94516 -33.564 5.6
      vertex 11.6729 -40.18 5.6
    endloop
  endfacet
  facet normal 0 0 1
    outer loop
      vertex 7.00043 -34.9705 5.6
      vertex 8.94516 -33.564 5.6
      vertex 8.79398 -33.3585 5.6
    endloop
  endfacet
  facet normal 0 0 1
    outer loop
      vertex 6.60689 -34.3475 5.6
      vertex 8.79398 -33.3585 5.6
      vertex 8.6765 -33.1095 5.6
    endloop
  endfacet
  facet normal -0 0 1
    outer loop
      vertex 6.80029 -30.5955 5.6
      vertex 8.87506 -31.8025 5.6
      vertex 6.90399 -30.4363 5.6
    endloop
  endfacet
  facet normal 0 0 1
    outer loop
      vertex 8.87506 -31.8025 5.6
      vertex 6.80029 -30.5955 5.6
      vertex 8.73233 -32.0388 5.6
    endloop
  endfacet
  facet normal -0 0 1
    outer loop
      vertex 6.69887 -30.7634 5.6
      vertex 8.73233 -32.0388 5.6
      vertex 6.80029 -30.5955 5.6
    endloop
  endfacet
  facet normal -0 0 1
    outer loop
      vertex 6.53046 -31.0884 5.6
      vertex 8.73233 -32.0388 5.6
      vertex 6.69887 -30.7634 5.6
    endloop
  endfacet
  facet normal 0 0 1
    outer loop
      vertex 8.94516 -33.564 5.6
      vertex 7.17482 -35.1845 5.6
      vertex 11.6729 -40.18 5.6
    endloop
  endfacet
  facet normal -0 0 1
    outer loop
      vertex 6.45868 -31.2692 5.6
      vertex 8.73233 -32.0388 5.6
      vertex 6.53046 -31.0884 5.6
    endloop
  endfacet
  facet normal 0 0 1
    outer loop
      vertex 8.94516 -33.564 5.6
      vertex 7.00043 -34.9705 5.6
      vertex 7.17482 -35.1845 5.6
    endloop
  endfacet
  facet normal 0 0 1
    outer loop
      vertex 8.73233 -32.0388 5.6
      vertex 6.45868 -31.2692 5.6
      vertex 8.6398 -32.2977 5.6
    endloop
  endfacet
  facet normal -0 0 1
    outer loop
      vertex 6.39273 -31.4538 5.6
      vertex 8.6398 -32.2977 5.6
      vertex 6.45868 -31.2692 5.6
    endloop
  endfacet
  facet normal 0 0 1
    outer loop
      vertex 8.79398 -33.3585 5.6
      vertex 6.884 -34.8123 5.6
      vertex 7.00043 -34.9705 5.6
    endloop
  endfacet
  facet normal -0 0 1
    outer loop
      vertex 6.26134 -31.9745 5.6
      vertex 8.6398 -32.2977 5.6
      vertex 6.39273 -31.4538 5.6
    endloop
  endfacet
  facet normal 0 0 1
    outer loop
      vertex 8.79398 -33.3585 5.6
      vertex 6.60689 -34.3475 5.6
      vertex 6.884 -34.8123 5.6
    endloop
  endfacet
  facet normal 0 0 1
    outer loop
      vertex 8.6398 -32.2977 5.6
      vertex 6.26134 -31.9745 5.6
      vertex 8.59863 -32.5681 5.6
    endloop
  endfacet
  facet normal -0 0 1
    outer loop
      vertex 6.23189 -32.1681 5.6
      vertex 8.59863 -32.5681 5.6
      vertex 6.26134 -31.9745 5.6
    endloop
  endfacet
  facet normal 0 0 1
    outer loop
      vertex 8.6765 -33.1095 5.6
      vertex 6.52306 -34.1699 5.6
      vertex 6.60689 -34.3475 5.6
    endloop
  endfacet
  facet normal 0 0 1
    outer loop
      vertex 6.20285 -32.7156 5.6
      vertex 8.59863 -32.5681 5.6
      vertex 6.23189 -32.1681 5.6
    endloop
  endfacet
  facet normal 0 -0 1
    outer loop
      vertex 6.4458 -33.9901 5.6
      vertex 8.6765 -33.1095 5.6
      vertex 6.33571 -33.641 5.6
    endloop
  endfacet
  facet normal 0 0 1
    outer loop
      vertex 8.6765 -33.1095 5.6
      vertex 6.4458 -33.9901 5.6
      vertex 6.52306 -34.1699 5.6
    endloop
  endfacet
  facet normal 0 0 1
    outer loop
      vertex 8.6765 -33.1095 5.6
      vertex 6.28908 -33.4504 5.6
      vertex 6.33571 -33.641 5.6
    endloop
  endfacet
  facet normal 0 0 1
    outer loop
      vertex 8.59863 -32.5681 5.6
      vertex 6.20285 -32.7156 5.6
      vertex 8.61099 -32.8419 5.6
    endloop
  endfacet
  facet normal 0 -0 1
    outer loop
      vertex 6.21167 -32.911 5.6
      vertex 8.61099 -32.8419 5.6
      vertex 6.20285 -32.7156 5.6
    endloop
  endfacet
  facet normal 0 0 1
    outer loop
      vertex 8.61099 -32.8419 5.6
      vertex 6.28908 -33.4504 5.6
      vertex 8.6765 -33.1095 5.6
    endloop
  endfacet
  facet normal 0 -0 1
    outer loop
      vertex 6.28908 -33.4504 5.6
      vertex 8.61099 -32.8419 5.6
      vertex 6.21167 -32.911 5.6
    endloop
  endfacet
  facet normal 0 0 1
    outer loop
      vertex 116.023 -7.25281 5.6
      vertex 116.202 -6.33229 5.6
      vertex 116.031 -6.54613 5.6
    endloop
  endfacet
  facet normal 0 0 1
    outer loop
      vertex 116.202 -6.33229 5.6
      vertex 116.023 -7.25281 5.6
      vertex 116.074 -7.53522 5.6
    endloop
  endfacet
  facet normal 0 0 1
    outer loop
      vertex 116.031 -6.54613 5.6
      vertex 115.915 -6.98651 5.6
      vertex 116.023 -7.25281 5.6
    endloop
  endfacet
  facet normal -0 0 1
    outer loop
      vertex 115.821 -6.72406 5.6
      vertex 115.915 -6.98651 5.6
      vertex 116.031 -6.54613 5.6
    endloop
  endfacet
  facet normal 0 0 1
    outer loop
      vertex 115.915 -6.98651 5.6
      vertex 115.821 -6.72406 5.6
      vertex 115.761 -6.75696 5.6
    endloop
  endfacet
  facet normal 0 0 1
    outer loop
      vertex 116.428 -5.55013 5.6
      vertex 118.823 -5.4267 5.6
      vertex 118.809 -5.24203 5.6
    endloop
  endfacet
  facet normal 0 0 1
    outer loop
      vertex 118.823 -5.4267 5.6
      vertex 116.428 -5.55013 5.6
      vertex 118.816 -5.79288 5.6
    endloop
  endfacet
  facet normal 0 0 1
    outer loop
      vertex 116.428 -5.55013 5.6
      vertex 118.809 -5.24203 5.6
      vertex 118.787 -5.04735 5.6
    endloop
  endfacet
  facet normal 0 0 1
    outer loop
      vertex 118.816 -5.79288 5.6
      vertex 116.428 -5.55013 5.6
      vertex 118.799 -5.98863 5.6
    endloop
  endfacet
  facet normal 0 0 1
    outer loop
      vertex 116.399 -5.2968 5.6
      vertex 118.787 -5.04735 5.6
      vertex 118.743 -4.77878 5.6
    endloop
  endfacet
  facet normal -0 0 1
    outer loop
      vertex 116.405 -5.82506 5.6
      vertex 118.799 -5.98863 5.6
      vertex 116.428 -5.55013 5.6
    endloop
  endfacet
  facet normal 0 0 1
    outer loop
      vertex 116.202 -6.33229 5.6
      vertex 118.771 -6.21678 5.6
      vertex 116.328 -6.08936 5.6
    endloop
  endfacet
  facet normal 0 0 1
    outer loop
      vertex 118.771 -6.21678 5.6
      vertex 116.202 -6.33229 5.6
      vertex 118.43 -8.23671 5.6
    endloop
  endfacet
  facet normal -0 0 1
    outer loop
      vertex 116.074 -7.53522 5.6
      vertex 118.43 -8.23671 5.6
      vertex 116.202 -6.33229 5.6
    endloop
  endfacet
  facet normal -0 0 1
    outer loop
      vertex 116.068 -7.82286 5.6
      vertex 118.43 -8.23671 5.6
      vertex 116.074 -7.53522 5.6
    endloop
  endfacet
  facet normal 0 0 1
    outer loop
      vertex 118.43 -8.23671 5.6
      vertex 116.068 -7.82286 5.6
      vertex 118.392 -8.422 5.6
    endloop
  endfacet
  facet normal -0 0 1
    outer loop
      vertex 116.001 -8.10245 5.6
      vertex 118.345 -8.62125 5.6
      vertex 116.068 -7.82286 5.6
    endloop
  endfacet
  facet normal 0 0 1
    outer loop
      vertex 118.345 -8.62125 5.6
      vertex 116.001 -8.10245 5.6
      vertex 118.294 -8.80661 5.6
    endloop
  endfacet
  facet normal 0 0 1
    outer loop
      vertex 118.162 -9.14825 5.6
      vertex 116.001 -8.10245 5.6
      vertex 118.075 -9.33424 5.6
    endloop
  endfacet
  facet normal -0 0 1
    outer loop
      vertex 115.881 -8.36197 5.6
      vertex 118.075 -9.33424 5.6
      vertex 116.001 -8.10245 5.6
    endloop
  endfacet
  facet normal 0 0 1
    outer loop
      vertex 118.075 -9.33424 5.6
      vertex 115.881 -8.36197 5.6
      vertex 117.982 -9.51729 5.6
    endloop
  endfacet
  facet normal 0 0 1
    outer loop
      vertex 117.784 -9.82506 5.6
      vertex 115.881 -8.36197 5.6
      vertex 117.662 -9.98891 5.6
    endloop
  endfacet
  facet normal -0 0 1
    outer loop
      vertex 115.71 -8.59248 5.6
      vertex 117.662 -9.98891 5.6
      vertex 115.881 -8.36197 5.6
    endloop
  endfacet
  facet normal 0 0 1
    outer loop
      vertex 118.799 -5.98863 5.6
      vertex 116.405 -5.82506 5.6
      vertex 118.771 -6.21678 5.6
    endloop
  endfacet
  facet normal 0 0 1
    outer loop
      vertex 118.787 -5.04735 5.6
      vertex 116.399 -5.2968 5.6
      vertex 116.428 -5.55013 5.6
    endloop
  endfacet
  facet normal 0 0 1
    outer loop
      vertex 118.743 -4.77878 5.6
      vertex 106.391 42.9459 5.6
      vertex 116.399 -5.2968 5.6
    endloop
  endfacet
  facet normal 0 0 1
    outer loop
      vertex 104.314 63.1046 5.6
      vertex 106.391 42.9459 5.6
      vertex 118.743 -4.77878 5.6
    endloop
  endfacet
  facet normal 0 0 1
    outer loop
      vertex 101.49 66.0024 5.6
      vertex 104.314 63.1046 5.6
      vertex 104.244 63.3678 5.6
    endloop
  endfacet
  facet normal 0 0 1
    outer loop
      vertex 101.49 66.0024 5.6
      vertex 104.244 63.3678 5.6
      vertex 104.185 63.5546 5.6
    endloop
  endfacet
  facet normal 0 0 1
    outer loop
      vertex 103.968 64.0609 5.6
      vertex 104.185 63.5546 5.6
      vertex 104.052 63.8958 5.6
    endloop
  endfacet
  facet normal 0 0 1
    outer loop
      vertex 104.185 63.5546 5.6
      vertex 103.968 64.0609 5.6
      vertex 101.49 66.0024 5.6
    endloop
  endfacet
  facet normal 0 0 1
    outer loop
      vertex 101.49 66.0024 5.6
      vertex 103.968 64.0609 5.6
      vertex 103.873 64.233 5.6
    endloop
  endfacet
  facet normal 0 0 1
    outer loop
      vertex 103.558 64.6909 5.6
      vertex 103.873 64.233 5.6
      vertex 103.676 64.5415 5.6
    endloop
  endfacet
  facet normal 0 0 1
    outer loop
      vertex 103.873 64.233 5.6
      vertex 103.558 64.6909 5.6
      vertex 101.49 66.0024 5.6
    endloop
  endfacet
  facet normal 0 0 1
    outer loop
      vertex 101.49 66.0024 5.6
      vertex 103.558 64.6909 5.6
      vertex 103.431 64.8407 5.6
    endloop
  endfacet
  facet normal 0 0 1
    outer loop
      vertex 101.49 66.0024 5.6
      vertex 103.431 64.8407 5.6
      vertex 103.041 65.2193 5.6
    endloop
  endfacet
  facet normal 0 0 1
    outer loop
      vertex 101.49 66.0024 5.6
      vertex 103.041 65.2193 5.6
      vertex 102.889 65.3412 5.6
    endloop
  endfacet
  facet normal 0 0 1
    outer loop
      vertex 101.49 66.0024 5.6
      vertex 102.889 65.3412 5.6
      vertex 102.43 65.639 5.6
    endloop
  endfacet
  facet normal 0 0 1
    outer loop
      vertex 101.49 66.0024 5.6
      vertex 102.43 65.639 5.6
      vertex 102.257 65.7289 5.6
    endloop
  endfacet
  facet normal 0 0 1
    outer loop
      vertex 101.49 66.0024 5.6
      vertex 102.257 65.7289 5.6
      vertex 101.752 65.931 5.6
    endloop
  endfacet
  facet normal 0 0 1
    outer loop
      vertex 101.49 66.0024 5.6
      vertex 101.752 65.931 5.6
      vertex 101.563 65.986 5.6
    endloop
  endfacet
  facet normal 0 0 1
    outer loop
      vertex 104.314 63.1046 5.6
      vertex 101.49 66.0024 5.6
      vertex 106.391 42.9459 5.6
    endloop
  endfacet
  facet normal 0 0 1
    outer loop
      vertex 118.771 -6.21678 5.6
      vertex 116.405 -5.82506 5.6
      vertex 116.328 -6.08936 5.6
    endloop
  endfacet
  facet normal 0 0 1
    outer loop
      vertex 118.294 -8.80661 5.6
      vertex 116.001 -8.10245 5.6
      vertex 118.162 -9.14825 5.6
    endloop
  endfacet
  facet normal 0 0 1
    outer loop
      vertex 118.392 -8.422 5.6
      vertex 116.068 -7.82286 5.6
      vertex 118.345 -8.62125 5.6
    endloop
  endfacet
  facet normal 0 0 1
    outer loop
      vertex 117.982 -9.51729 5.6
      vertex 115.881 -8.36197 5.6
      vertex 117.784 -9.82506 5.6
    endloop
  endfacet
  facet normal 0 0 1
    outer loop
      vertex 117.662 -9.98891 5.6
      vertex 115.71 -8.59248 5.6
      vertex 117.525 -10.1598 5.6
    endloop
  endfacet
  facet normal 0 0 1
    outer loop
      vertex 117.525 -10.1598 5.6
      vertex 115.71 -8.59248 5.6
      vertex 117.266 -10.4196 5.6
    endloop
  endfacet
  facet normal 0 0 1
    outer loop
      vertex 117.266 -10.4196 5.6
      vertex 115.71 -8.59248 5.6
      vertex 117.112 -10.5556 5.6
    endloop
  endfacet
  facet normal -0 0 1
    outer loop
      vertex 115.494 -8.783 5.6
      vertex 117.112 -10.5556 5.6
      vertex 115.71 -8.59248 5.6
    endloop
  endfacet
  facet normal 0 0 1
    outer loop
      vertex 117.112 -10.5556 5.6
      vertex 115.494 -8.783 5.6
      vertex 117.061 -10.5997 5.6
    endloop
  endfacet
  facet normal -0 0 1
    outer loop
      vertex 115.263 -8.91574 5.6
      vertex 117.061 -10.5997 5.6
      vertex 115.494 -8.783 5.6
    endloop
  endfacet
  facet normal 0 0 1
    outer loop
      vertex 100.917 -15.2775 5.6
      vertex 117.061 -10.5997 5.6
      vertex 115.263 -8.91574 5.6
    endloop
  endfacet
  facet normal 0 0 1
    outer loop
      vertex 100.541 -15.8029 5.6
      vertex 100.917 -15.2775 5.6
      vertex 100.79 -15.3508 5.6
    endloop
  endfacet
  facet normal 0 0 1
    outer loop
      vertex 100.541 -15.8029 5.6
      vertex 100.79 -15.3508 5.6
      vertex 100.697 -15.4353 5.6
    endloop
  endfacet
  facet normal 0 0 1
    outer loop
      vertex 100.572 -15.653 5.6
      vertex 100.697 -15.4353 5.6
      vertex 100.622 -15.5386 5.6
    endloop
  endfacet
  facet normal 0 0 1
    outer loop
      vertex 100.697 -15.4353 5.6
      vertex 100.572 -15.653 5.6
      vertex 100.541 -15.8029 5.6
    endloop
  endfacet
  facet normal 0 0 1
    outer loop
      vertex 100.917 -15.2775 5.6
      vertex 100.541 -15.8029 5.6
      vertex 100.448 -16.5591 5.6
    endloop
  endfacet
  facet normal 0 0 1
    outer loop
      vertex 100.312 -17.3349 5.6
      vertex 100.917 -15.2775 5.6
      vertex 100.448 -16.5591 5.6
    endloop
  endfacet
  facet normal -0 0 1
    outer loop
      vertex 100.917 -15.2775 5.6
      vertex 100.312 -17.3349 5.6
      vertex 117.061 -10.5997 5.6
    endloop
  endfacet
  facet normal 0 0 1
    outer loop
      vertex 100.133 -18.1031 5.6
      vertex 117.061 -10.5997 5.6
      vertex 100.312 -17.3349 5.6
    endloop
  endfacet
  facet normal 0 0 1
    outer loop
      vertex 99.9151 -18.8596 5.6
      vertex 117.061 -10.5997 5.6
      vertex 100.133 -18.1031 5.6
    endloop
  endfacet
  facet normal 0 0 1
    outer loop
      vertex 99.6575 -19.6044 5.6
      vertex 117.061 -10.5997 5.6
      vertex 99.9151 -18.8596 5.6
    endloop
  endfacet
  facet normal 0 0 1
    outer loop
      vertex 99.3609 -20.3348 5.6
      vertex 117.061 -10.5997 5.6
      vertex 99.6575 -19.6044 5.6
    endloop
  endfacet
  facet normal 0 0 1
    outer loop
      vertex 99.0249 -21.0482 5.6
      vertex 117.061 -10.5997 5.6
      vertex 99.3609 -20.3348 5.6
    endloop
  endfacet
  facet normal 0 0 1
    outer loop
      vertex 98.6525 -21.7418 5.6
      vertex 117.061 -10.5997 5.6
      vertex 99.0249 -21.0482 5.6
    endloop
  endfacet
  facet normal 0 0 1
    outer loop
      vertex 96.6525 -27.7568 5.6
      vertex 98.6525 -21.7418 5.6
      vertex 98.2442 -22.4158 5.6
    endloop
  endfacet
  facet normal 0 0 1
    outer loop
      vertex 96.6525 -27.7568 5.6
      vertex 98.2442 -22.4158 5.6
      vertex 97.8005 -23.067 5.6
    endloop
  endfacet
  facet normal 0 0 1
    outer loop
      vertex 96.6525 -27.7568 5.6
      vertex 97.8005 -23.067 5.6
      vertex 97.3224 -23.6939 5.6
    endloop
  endfacet
  facet normal 0 0 1
    outer loop
      vertex 96.6525 -27.7568 5.6
      vertex 97.3224 -23.6939 5.6
      vertex 96.8125 -24.2949 5.6
    endloop
  endfacet
  facet normal -0 0 1
    outer loop
      vertex 98.6525 -21.7418 5.6
      vertex 96.6525 -27.7568 5.6
      vertex 117.061 -10.5997 5.6
    endloop
  endfacet
  facet normal -0 0 1
    outer loop
      vertex 96.2714 -24.868 5.6
      vertex 96.6525 -27.7568 5.6
      vertex 96.8125 -24.2949 5.6
    endloop
  endfacet
  facet normal -0 0 1
    outer loop
      vertex 95.701 -25.4115 5.6
      vertex 96.6525 -27.7568 5.6
      vertex 96.2714 -24.868 5.6
    endloop
  endfacet
  facet normal -0 0 1
    outer loop
      vertex 95.103 -25.9241 5.6
      vertex 96.6525 -27.7568 5.6
      vertex 95.701 -25.4115 5.6
    endloop
  endfacet
  facet normal 0 0 1
    outer loop
      vertex 96.6525 -27.7568 5.6
      vertex 95.103 -25.9241 5.6
      vertex 96.5577 -27.8331 5.6
    endloop
  endfacet
  facet normal 0 0 1
    outer loop
      vertex 96.5577 -27.8331 5.6
      vertex 95.103 -25.9241 5.6
      vertex 95.9496 -28.3007 5.6
    endloop
  endfacet
  facet normal -0 0 1
    outer loop
      vertex 94.478 -26.4048 5.6
      vertex 95.9496 -28.3007 5.6
      vertex 95.103 -25.9241 5.6
    endloop
  endfacet
  facet normal 0 0 1
    outer loop
      vertex 95.9496 -28.3007 5.6
      vertex 94.478 -26.4048 5.6
      vertex 95.8278 -28.3893 5.6
    endloop
  endfacet
  facet normal 0 0 1
    outer loop
      vertex 95.8278 -28.3893 5.6
      vertex 94.478 -26.4048 5.6
      vertex 95.1962 -28.8231 5.6
    endloop
  endfacet
  facet normal -0 0 1
    outer loop
      vertex 93.8289 -26.8506 5.6
      vertex 95.1962 -28.8231 5.6
      vertex 94.478 -26.4048 5.6
    endloop
  endfacet
  facet normal 0 0 1
    outer loop
      vertex 95.1962 -28.8231 5.6
      vertex 93.8289 -26.8506 5.6
      vertex 95.0739 -28.9024 5.6
    endloop
  endfacet
  facet normal 0 0 1
    outer loop
      vertex 95.0739 -28.9024 5.6
      vertex 93.8289 -26.8506 5.6
      vertex 94.42 -29.3032 5.6
    endloop
  endfacet
  facet normal -0 0 1
    outer loop
      vertex 93.1571 -27.2623 5.6
      vertex 94.42 -29.3032 5.6
      vertex 93.8289 -26.8506 5.6
    endloop
  endfacet
  facet normal 0 0 1
    outer loop
      vertex 94.42 -29.3032 5.6
      vertex 93.1571 -27.2623 5.6
      vertex 94.293 -29.3764 5.6
    endloop
  endfacet
  facet normal 0 0 1
    outer loop
      vertex 94.293 -29.3764 5.6
      vertex 93.1571 -27.2623 5.6
      vertex 93.6185 -29.7427 5.6
    endloop
  endfacet
  facet normal -0 0 1
    outer loop
      vertex 92.4639 -27.6386 5.6
      vertex 93.6185 -29.7427 5.6
      vertex 93.1571 -27.2623 5.6
    endloop
  endfacet
  facet normal 0 0 1
    outer loop
      vertex 93.6185 -29.7427 5.6
      vertex 92.4639 -27.6386 5.6
      vertex 93.4844 -29.8109 5.6
    endloop
  endfacet
  facet normal 0 0 1
    outer loop
      vertex 93.4844 -29.8109 5.6
      vertex 92.4639 -27.6386 5.6
      vertex 92.7917 -30.1401 5.6
    endloop
  endfacet
  facet normal -0 0 1
    outer loop
      vertex 91.7519 -27.977 5.6
      vertex 92.7917 -30.1401 5.6
      vertex 92.4639 -27.6386 5.6
    endloop
  endfacet
  facet normal 0 0 1
    outer loop
      vertex 92.7917 -30.1401 5.6
      vertex 91.7519 -27.977 5.6
      vertex 92.6555 -30.2005 5.6
    endloop
  endfacet
  facet normal 0 0 1
    outer loop
      vertex 92.6555 -30.2005 5.6
      vertex 91.7519 -27.977 5.6
      vertex 91.9467 -30.4922 5.6
    endloop
  endfacet
  facet normal -0 0 1
    outer loop
      vertex 91.0234 -28.2769 5.6
      vertex 91.9467 -30.4922 5.6
      vertex 91.7519 -27.977 5.6
    endloop
  endfacet
  facet normal 0 0 1
    outer loop
      vertex 91.9467 -30.4922 5.6
      vertex 91.0234 -28.2769 5.6
      vertex 91.8082 -30.545 5.6
    endloop
  endfacet
  facet normal 0 0 1
    outer loop
      vertex 91.8082 -30.545 5.6
      vertex 91.0234 -28.2769 5.6
      vertex 91.0842 -30.799 5.6
    endloop
  endfacet
  facet normal -0 0 1
    outer loop
      vertex 90.2795 -28.5379 5.6
      vertex 91.0842 -30.799 5.6
      vertex 91.0234 -28.2769 5.6
    endloop
  endfacet
  facet normal 0 0 1
    outer loop
      vertex 91.0842 -30.799 5.6
      vertex 90.2795 -28.5379 5.6
      vertex 90.9447 -30.8439 5.6
    endloop
  endfacet
  facet normal 0 0 1
    outer loop
      vertex 90.2795 -28.5379 5.6
      vertex 90.2095 -31.0595 5.6
      vertex 90.9447 -30.8439 5.6
    endloop
  endfacet
  facet normal -0 0 1
    outer loop
      vertex 89.5242 -28.7594 5.6
      vertex 90.2095 -31.0595 5.6
      vertex 90.2795 -28.5379 5.6
    endloop
  endfacet
  facet normal 0 0 1
    outer loop
      vertex 90.2095 -31.0595 5.6
      vertex 89.5242 -28.7594 5.6
      vertex 90.0764 -31.095 5.6
    endloop
  endfacet
  facet normal -0 0 1
    outer loop
      vertex 88.7571 -28.9414 5.6
      vertex 90.0764 -31.095 5.6
      vertex 89.5242 -28.7594 5.6
    endloop
  endfacet
  facet normal -0 0 1
    outer loop
      vertex 87.982 -29.0819 5.6
      vertex 90.0764 -31.095 5.6
      vertex 88.7571 -28.9414 5.6
    endloop
  endfacet
  facet normal -0 0 1
    outer loop
      vertex 87.1994 -29.181 5.6
      vertex 90.0764 -31.095 5.6
      vertex 87.982 -29.0819 5.6
    endloop
  endfacet
  facet normal -0 0 1
    outer loop
      vertex 86.4133 -29.2389 5.6
      vertex 90.0764 -31.095 5.6
      vertex 87.1994 -29.181 5.6
    endloop
  endfacet
  facet normal -0 0 1
    outer loop
      vertex 85.6258 -29.255 5.6
      vertex 90.0764 -31.095 5.6
      vertex 86.4133 -29.2389 5.6
    endloop
  endfacet
  facet normal 0 0 1
    outer loop
      vertex 84.8388 -29.23 5.6
      vertex 90.0764 -31.095 5.6
      vertex 85.6258 -29.255 5.6
    endloop
  endfacet
  facet normal 0 0 1
    outer loop
      vertex 84.0533 -29.1627 5.6
      vertex 90.0764 -31.095 5.6
      vertex 84.8388 -29.23 5.6
    endloop
  endfacet
  facet normal 0 0 1
    outer loop
      vertex 83.273 -29.0544 5.6
      vertex 90.0764 -31.095 5.6
      vertex 84.0533 -29.1627 5.6
    endloop
  endfacet
  facet normal 0 0 1
    outer loop
      vertex 82.4984 -28.9049 5.6
      vertex 90.0764 -31.095 5.6
      vertex 83.273 -29.0544 5.6
    endloop
  endfacet
  facet normal 0 0 1
    outer loop
      vertex 48.3813 -41.123 5.6
      vertex 82.4984 -28.9049 5.6
      vertex 81.7342 -28.7144 5.6
    endloop
  endfacet
  facet normal -0 0 1
    outer loop
      vertex 76.1871 -26.2434 5.6
      vertex 76.8298 -26.3174 5.6
      vertex 76.698 -26.2398 5.6
    endloop
  endfacet
  facet normal 0 0 1
    outer loop
      vertex 76.1871 -26.2434 5.6
      vertex 76.698 -26.2398 5.6
      vertex 76.5776 -26.1996 5.6
    endloop
  endfacet
  facet normal -0 0 1
    outer loop
      vertex 76.3274 -26.1978 5.6
      vertex 76.5776 -26.1996 5.6
      vertex 76.4522 -26.1853 5.6
    endloop
  endfacet
  facet normal 0 0 1
    outer loop
      vertex 76.8298 -26.3174 5.6
      vertex 76.1871 -26.2434 5.6
      vertex 77.4518 -26.7565 5.6
    endloop
  endfacet
  facet normal 0 0 1
    outer loop
      vertex 76.5776 -26.1996 5.6
      vertex 76.3274 -26.1978 5.6
      vertex 76.1871 -26.2434 5.6
    endloop
  endfacet
  facet normal 0 0 1
    outer loop
      vertex 77.4518 -26.7565 5.6
      vertex 76.1871 -26.2434 5.6
      vertex 78.1189 -27.1759 5.6
    endloop
  endfacet
  facet normal 0 0 1
    outer loop
      vertex 48.3813 -41.123 5.6
      vertex 78.1189 -27.1759 5.6
      vertex 76.1871 -26.2434 5.6
    endloop
  endfacet
  facet normal 0 0 1
    outer loop
      vertex 82.4984 -28.9049 5.6
      vertex 48.3813 -41.123 5.6
      vertex 90.0764 -31.095 5.6
    endloop
  endfacet
  facet normal 0 0 1
    outer loop
      vertex 80.9805 -28.4849 5.6
      vertex 48.3813 -41.123 5.6
      vertex 81.7342 -28.7144 5.6
    endloop
  endfacet
  facet normal 0 0 1
    outer loop
      vertex 80.24 -28.2146 5.6
      vertex 48.3813 -41.123 5.6
      vertex 80.9805 -28.4849 5.6
    endloop
  endfacet
  facet normal 0 0 1
    outer loop
      vertex 79.5145 -27.9055 5.6
      vertex 48.3813 -41.123 5.6
      vertex 80.24 -28.2146 5.6
    endloop
  endfacet
  facet normal 0 0 1
    outer loop
      vertex 78.8075 -27.5589 5.6
      vertex 48.3813 -41.123 5.6
      vertex 79.5145 -27.9055 5.6
    endloop
  endfacet
  facet normal 0 0 1
    outer loop
      vertex 78.1189 -27.1759 5.6
      vertex 48.3813 -41.123 5.6
      vertex 78.8075 -27.5589 5.6
    endloop
  endfacet
  facet normal -0 0 1
    outer loop
      vertex 48.0708 -38.7107 5.6
      vertex 48.3813 -41.123 5.6
      vertex 76.1871 -26.2434 5.6
    endloop
  endfacet
  facet normal -0 0 1
    outer loop
      vertex 47.8075 -38.7947 5.6
      vertex 48.3813 -41.123 5.6
      vertex 48.0708 -38.7107 5.6
    endloop
  endfacet
  facet normal 0 0 1
    outer loop
      vertex 48.3813 -41.123 5.6
      vertex 47.8075 -38.7947 5.6
      vertex 48.358 -41.1285 5.6
    endloop
  endfacet
  facet normal -0 0 1
    outer loop
      vertex 47.5104 -38.8235 5.6
      vertex 48.358 -41.1285 5.6
      vertex 47.8075 -38.7947 5.6
    endloop
  endfacet
  facet normal 0 0 1
    outer loop
      vertex 47.2351 -38.7916 5.6
      vertex 48.358 -41.1285 5.6
      vertex 47.5104 -38.8235 5.6
    endloop
  endfacet
  facet normal 0 0 1
    outer loop
      vertex 37.9951 -36.703 5.6
      vertex 48.358 -41.1285 5.6
      vertex 47.2351 -38.7916 5.6
    endloop
  endfacet
  facet normal 0 0 1
    outer loop
      vertex 37.547 -36.7596 5.6
      vertex 37.9951 -36.703 5.6
      vertex 37.8349 -36.6863 5.6
    endloop
  endfacet
  facet normal 0 0 1
    outer loop
      vertex 37.547 -36.7596 5.6
      vertex 37.8349 -36.6863 5.6
      vertex 37.6978 -36.7032 5.6
    endloop
  endfacet
  facet normal 0 0 1
    outer loop
      vertex 37.9951 -36.703 5.6
      vertex 37.547 -36.7596 5.6
      vertex 37.2656 -36.9024 5.6
    endloop
  endfacet
  facet normal 0 0 1
    outer loop
      vertex 37.0282 -36.9953 5.6
      vertex 37.9951 -36.703 5.6
      vertex 37.2656 -36.9024 5.6
    endloop
  endfacet
  facet normal 0 0 1
    outer loop
      vertex 37.9951 -36.703 5.6
      vertex 37.0282 -36.9953 5.6
      vertex 48.358 -41.1285 5.6
    endloop
  endfacet
  facet normal -0 0 1
    outer loop
      vertex 36.7573 -37.0442 5.6
      vertex 48.358 -41.1285 5.6
      vertex 37.0282 -36.9953 5.6
    endloop
  endfacet
  facet normal 0 0 1
    outer loop
      vertex 20.8101 -47.5064 5.6
      vertex 36.7573 -37.0442 5.6
      vertex 36.4816 -37.0382 5.6
    endloop
  endfacet
  facet normal 0 0 1
    outer loop
      vertex 20.8101 -47.5064 5.6
      vertex 36.4816 -37.0382 5.6
      vertex 36.2146 -36.9792 5.6
    endloop
  endfacet
  facet normal 0 0 1
    outer loop
      vertex 31.9229 -35.3316 5.6
      vertex 35.4091 -36.2991 5.6
      vertex 35.3052 -36.0957 5.6
    endloop
  endfacet
  facet normal 0 0 1
    outer loop
      vertex 31.9229 -35.3316 5.6
      vertex 35.5464 -36.5142 5.6
      vertex 35.4091 -36.2991 5.6
    endloop
  endfacet
  facet normal -0 0 1
    outer loop
      vertex 31.357 -35.4791 5.6
      vertex 35.5464 -36.5142 5.6
      vertex 31.9229 -35.3316 5.6
    endloop
  endfacet
  facet normal 0 0 1
    outer loop
      vertex 35.5464 -36.5142 5.6
      vertex 31.357 -35.4791 5.6
      vertex 35.7365 -36.7122 5.6
    endloop
  endfacet
  facet normal 0 0 1
    outer loop
      vertex 35.7365 -36.7122 5.6
      vertex 31.357 -35.4791 5.6
      vertex 35.9625 -36.8697 5.6
    endloop
  endfacet
  facet normal 0 0 1
    outer loop
      vertex 31.357 -35.4791 5.6
      vertex 31.9229 -35.3316 5.6
      vertex 31.7904 -35.3146 5.6
    endloop
  endfacet
  facet normal 0 0 1
    outer loop
      vertex 31.357 -35.4791 5.6
      vertex 31.7904 -35.3146 5.6
      vertex 31.6766 -35.3217 5.6
    endloop
  endfacet
  facet normal 0 0 1
    outer loop
      vertex 31.357 -35.4791 5.6
      vertex 31.6766 -35.3217 5.6
      vertex 31.5672 -35.3505 5.6
    endloop
  endfacet
  facet normal 0 0 1
    outer loop
      vertex 31.357 -35.4791 5.6
      vertex 31.5672 -35.3505 5.6
      vertex 31.4636 -35.4001 5.6
    endloop
  endfacet
  facet normal 0 0 1
    outer loop
      vertex 20.9577 -44.8423 5.6
      vertex 35.9625 -36.8697 5.6
      vertex 31.357 -35.4791 5.6
    endloop
  endfacet
  facet normal 0 0 1
    outer loop
      vertex 20.8101 -47.5064 5.6
      vertex 35.9625 -36.8697 5.6
      vertex 20.9577 -44.8423 5.6
    endloop
  endfacet
  facet normal 0 0 1
    outer loop
      vertex 35.9625 -36.8697 5.6
      vertex 20.8101 -47.5064 5.6
      vertex 36.2146 -36.9792 5.6
    endloop
  endfacet
  facet normal 0 0 1
    outer loop
      vertex 36.7573 -37.0442 5.6
      vertex 20.8101 -47.5064 5.6
      vertex 48.358 -41.1285 5.6
    endloop
  endfacet
  facet normal -0 0 1
    outer loop
      vertex 20.7523 -44.9934 5.6
      vertex 20.8101 -47.5064 5.6
      vertex 20.9577 -44.8423 5.6
    endloop
  endfacet
  facet normal -0 0 1
    outer loop
      vertex 20.5033 -45.1109 5.6
      vertex 20.8101 -47.5064 5.6
      vertex 20.7523 -44.9934 5.6
    endloop
  endfacet
  facet normal -0 0 1
    outer loop
      vertex 20.2357 -45.1764 5.6
      vertex 20.8101 -47.5064 5.6
      vertex 20.5033 -45.1109 5.6
    endloop
  endfacet
  facet normal 0 0 1
    outer loop
      vertex 20.8101 -47.5064 5.6
      vertex 20.2357 -45.1764 5.6
      vertex 20.305 -47.5757 5.6
    endloop
  endfacet
  facet normal 0 0 1
    outer loop
      vertex 20.2357 -45.1764 5.6
      vertex 20.1096 -47.5845 5.6
      vertex 20.305 -47.5757 5.6
    endloop
  endfacet
  facet normal -0 0 1
    outer loop
      vertex 19.9618 -45.1888 5.6
      vertex 20.1096 -47.5845 5.6
      vertex 20.2357 -45.1764 5.6
    endloop
  endfacet
  facet normal 0 0 1
    outer loop
      vertex 20.1096 -47.5845 5.6
      vertex 19.9618 -45.1888 5.6
      vertex 19.9831 -47.5874 5.6
    endloop
  endfacet
  facet normal 0 0 1
    outer loop
      vertex 19.6914 -45.1476 5.6
      vertex 19.9831 -47.5874 5.6
      vertex 19.9618 -45.1888 5.6
    endloop
  endfacet
  facet normal 0 0 1
    outer loop
      vertex 19.4326 -45.0551 5.6
      vertex 19.9831 -47.5874 5.6
      vertex 19.6914 -45.1476 5.6
    endloop
  endfacet
  facet normal 0 0 1
    outer loop
      vertex 19.1963 -44.9123 5.6
      vertex 19.9831 -47.5874 5.6
      vertex 19.4326 -45.0551 5.6
    endloop
  endfacet
  facet normal 0 0 1
    outer loop
      vertex 19.008 -44.7396 5.6
      vertex 19.9831 -47.5874 5.6
      vertex 19.1963 -44.9123 5.6
    endloop
  endfacet
  facet normal -0 0 1
    outer loop
      vertex 12.4178 -42.579 5.6
      vertex 19.008 -44.7396 5.6
      vertex 12.4434 -42.1874 5.6
    endloop
  endfacet
  facet normal -0 0 1
    outer loop
      vertex 12.3412 -42.9639 5.6
      vertex 19.008 -44.7396 5.6
      vertex 12.4178 -42.579 5.6
    endloop
  endfacet
  facet normal -0 0 1
    outer loop
      vertex 12.2151 -43.3355 5.6
      vertex 19.008 -44.7396 5.6
      vertex 12.3412 -42.9639 5.6
    endloop
  endfacet
  facet normal -0 0 1
    outer loop
      vertex 12.0415 -43.6874 5.6
      vertex 19.008 -44.7396 5.6
      vertex 12.2151 -43.3355 5.6
    endloop
  endfacet
  facet normal -0 0 1
    outer loop
      vertex 11.8235 -44.0137 5.6
      vertex 19.008 -44.7396 5.6
      vertex 12.0415 -43.6874 5.6
    endloop
  endfacet
  facet normal -0 0 1
    outer loop
      vertex 11.5648 -44.3087 5.6
      vertex 19.008 -44.7396 5.6
      vertex 11.8235 -44.0137 5.6
    endloop
  endfacet
  facet normal 0 0 1
    outer loop
      vertex 19.008 -44.7396 5.6
      vertex 11.5648 -44.3087 5.6
      vertex 19.9831 -47.5874 5.6
    endloop
  endfacet
  facet normal -0 0 1
    outer loop
      vertex 11.2697 -44.5675 5.6
      vertex 19.9831 -47.5874 5.6
      vertex 11.5648 -44.3087 5.6
    endloop
  endfacet
  facet normal -0 0 1
    outer loop
      vertex 10.9434 -44.7855 5.6
      vertex 19.9831 -47.5874 5.6
      vertex 11.2697 -44.5675 5.6
    endloop
  endfacet
  facet normal -0 0 1
    outer loop
      vertex 10.5915 -44.959 5.6
      vertex 19.9831 -47.5874 5.6
      vertex 10.9434 -44.7855 5.6
    endloop
  endfacet
  facet normal -0 0 1
    outer loop
      vertex 10.2199 -45.0852 5.6
      vertex 19.9831 -47.5874 5.6
      vertex 10.5915 -44.959 5.6
    endloop
  endfacet
  facet normal -0 0 1
    outer loop
      vertex 9.83501 -45.1617 5.6
      vertex 19.9831 -47.5874 5.6
      vertex 10.2199 -45.0852 5.6
    endloop
  endfacet
  facet normal -0 0 1
    outer loop
      vertex 9.44344 -45.1874 5.6
      vertex 19.9831 -47.5874 5.6
      vertex 9.83501 -45.1617 5.6
    endloop
  endfacet
  facet normal -0 0 1
    outer loop
      vertex -9.44344 -45.1874 5.6
      vertex 19.9831 -47.5874 5.6
      vertex 9.44344 -45.1874 5.6
    endloop
  endfacet
  facet normal 0 0 1
    outer loop
      vertex -19.9831 -47.5874 5.6
      vertex -9.44344 -45.1874 5.6
      vertex -9.67885 -45.1782 5.6
    endloop
  endfacet
  facet normal 0 0 1
    outer loop
      vertex -19.008 -44.7396 5.6
      vertex -12.3932 -42.7341 5.6
      vertex -12.4393 -42.3444 5.6
    endloop
  endfacet
  facet normal 0 0 1
    outer loop
      vertex -19.008 -44.7396 5.6
      vertex -12.2966 -43.1144 5.6
      vertex -12.3932 -42.7341 5.6
    endloop
  endfacet
  facet normal 0 0 1
    outer loop
      vertex -19.008 -44.7396 5.6
      vertex -12.1512 -43.4789 5.6
      vertex -12.2966 -43.1144 5.6
    endloop
  endfacet
  facet normal 0 0 1
    outer loop
      vertex -19.008 -44.7396 5.6
      vertex -11.9595 -43.8213 5.6
      vertex -12.1512 -43.4789 5.6
    endloop
  endfacet
  facet normal 0 0 1
    outer loop
      vertex -19.008 -44.7396 5.6
      vertex -11.7247 -44.1357 5.6
      vertex -11.9595 -43.8213 5.6
    endloop
  endfacet
  facet normal 0 0 1
    outer loop
      vertex -19.008 -44.7396 5.6
      vertex -11.4509 -44.4168 5.6
      vertex -11.7247 -44.1357 5.6
    endloop
  endfacet
  facet normal 0 0 1
    outer loop
      vertex -19.9831 -47.5874 5.6
      vertex -11.4509 -44.4168 5.6
      vertex -19.008 -44.7396 5.6
    endloop
  endfacet
  facet normal 0 0 1
    outer loop
      vertex -11.4509 -44.4168 5.6
      vertex -19.9831 -47.5874 5.6
      vertex -11.1427 -44.6598 5.6
    endloop
  endfacet
  facet normal 0 0 1
    outer loop
      vertex -11.1427 -44.6598 5.6
      vertex -19.9831 -47.5874 5.6
      vertex -10.8054 -44.8604 5.6
    endloop
  endfacet
  facet normal 0 0 1
    outer loop
      vertex -10.8054 -44.8604 5.6
      vertex -19.9831 -47.5874 5.6
      vertex -10.4449 -45.0153 5.6
    endloop
  endfacet
  facet normal 0 0 1
    outer loop
      vertex -10.4449 -45.0153 5.6
      vertex -19.9831 -47.5874 5.6
      vertex -10.0672 -45.1218 5.6
    endloop
  endfacet
  facet normal 0 0 1
    outer loop
      vertex -10.0672 -45.1218 5.6
      vertex -19.9831 -47.5874 5.6
      vertex -9.67885 -45.1782 5.6
    endloop
  endfacet
  facet normal 0 0 1
    outer loop
      vertex -19.9831 -47.5874 5.6
      vertex -19.008 -44.7396 5.6
      vertex -19.1963 -44.9123 5.6
    endloop
  endfacet
  facet normal 0 0 1
    outer loop
      vertex -19.9831 -47.5874 5.6
      vertex -19.1963 -44.9123 5.6
      vertex -19.4326 -45.0551 5.6
    endloop
  endfacet
  facet normal 0 0 1
    outer loop
      vertex -19.9831 -47.5874 5.6
      vertex -19.4326 -45.0551 5.6
      vertex -19.6914 -45.1476 5.6
    endloop
  endfacet
  facet normal 0 0 1
    outer loop
      vertex -19.9831 -47.5874 5.6
      vertex -19.6914 -45.1476 5.6
      vertex -19.9618 -45.1888 5.6
    endloop
  endfacet
  facet normal 0 0 1
    outer loop
      vertex -9.44344 -45.1874 5.6
      vertex -19.9831 -47.5874 5.6
      vertex 19.9831 -47.5874 5.6
    endloop
  endfacet
  facet normal 0 0 1
    outer loop
      vertex -19.9618 -45.1888 5.6
      vertex -20.1096 -47.5845 5.6
      vertex -19.9831 -47.5874 5.6
    endloop
  endfacet
  facet normal 0 0 1
    outer loop
      vertex -20.2357 -45.1764 5.6
      vertex -20.1096 -47.5845 5.6
      vertex -19.9618 -45.1888 5.6
    endloop
  endfacet
  facet normal 0 0 1
    outer loop
      vertex -20.2357 -45.1764 5.6
      vertex -20.305 -47.5757 5.6
      vertex -20.1096 -47.5845 5.6
    endloop
  endfacet
  facet normal 0 0 1
    outer loop
      vertex -20.8101 -47.5064 5.6
      vertex -20.2357 -45.1764 5.6
      vertex -20.5033 -45.1109 5.6
    endloop
  endfacet
  facet normal 0 0 1
    outer loop
      vertex -20.8101 -47.5064 5.6
      vertex -20.5033 -45.1109 5.6
      vertex -20.7523 -44.9934 5.6
    endloop
  endfacet
  facet normal 0 0 1
    outer loop
      vertex -20.2357 -45.1764 5.6
      vertex -20.8101 -47.5064 5.6
      vertex -20.305 -47.5757 5.6
    endloop
  endfacet
  facet normal 0 0 1
    outer loop
      vertex -20.9577 -44.8423 5.6
      vertex -20.8101 -47.5064 5.6
      vertex -20.7523 -44.9934 5.6
    endloop
  endfacet
  facet normal -0 0 1
    outer loop
      vertex -35.9625 -36.8697 5.6
      vertex -20.9577 -44.8423 5.6
      vertex -31.357 -35.4791 5.6
    endloop
  endfacet
  facet normal 0 0 1
    outer loop
      vertex -31.9229 -35.3316 5.6
      vertex -31.357 -35.4791 5.6
      vertex -31.4636 -35.4001 5.6
    endloop
  endfacet
  facet normal 0 0 1
    outer loop
      vertex -31.7904 -35.3146 5.6
      vertex -31.4636 -35.4001 5.6
      vertex -31.5672 -35.3505 5.6
    endloop
  endfacet
  facet normal 0 0 1
    outer loop
      vertex -31.7904 -35.3146 5.6
      vertex -31.5672 -35.3505 5.6
      vertex -31.6766 -35.3217 5.6
    endloop
  endfacet
  facet normal 0 0 1
    outer loop
      vertex -31.4636 -35.4001 5.6
      vertex -31.7904 -35.3146 5.6
      vertex -31.9229 -35.3316 5.6
    endloop
  endfacet
  facet normal 0 0 1
    outer loop
      vertex -35.5464 -36.5142 5.6
      vertex -31.357 -35.4791 5.6
      vertex -31.9229 -35.3316 5.6
    endloop
  endfacet
  facet normal 0 0 1
    outer loop
      vertex -35.4091 -36.2991 5.6
      vertex -31.9229 -35.3316 5.6
      vertex -35.3052 -36.0957 5.6
    endloop
  endfacet
  facet normal 0 0 1
    outer loop
      vertex -35.5464 -36.5142 5.6
      vertex -31.9229 -35.3316 5.6
      vertex -35.4091 -36.2991 5.6
    endloop
  endfacet
  facet normal 0 0 1
    outer loop
      vertex -31.357 -35.4791 5.6
      vertex -35.5464 -36.5142 5.6
      vertex -35.7365 -36.7122 5.6
    endloop
  endfacet
  facet normal 0 0 1
    outer loop
      vertex -31.357 -35.4791 5.6
      vertex -35.7365 -36.7122 5.6
      vertex -35.9625 -36.8697 5.6
    endloop
  endfacet
  facet normal 0 0 1
    outer loop
      vertex -20.9577 -44.8423 5.6
      vertex -35.9625 -36.8697 5.6
      vertex -20.8101 -47.5064 5.6
    endloop
  endfacet
  facet normal -0 0 1
    outer loop
      vertex -36.2146 -36.9792 5.6
      vertex -20.8101 -47.5064 5.6
      vertex -35.9625 -36.8697 5.6
    endloop
  endfacet
  facet normal -0 0 1
    outer loop
      vertex -36.4816 -37.0382 5.6
      vertex -20.8101 -47.5064 5.6
      vertex -36.2146 -36.9792 5.6
    endloop
  endfacet
  facet normal -0 0 1
    outer loop
      vertex -36.7573 -37.0442 5.6
      vertex -20.8101 -47.5064 5.6
      vertex -36.4816 -37.0382 5.6
    endloop
  endfacet
  facet normal 0 0 1
    outer loop
      vertex -48.358 -41.1285 5.6
      vertex -36.7573 -37.0442 5.6
      vertex -37.0282 -36.9953 5.6
    endloop
  endfacet
  facet normal 0 0 1
    outer loop
      vertex -37.9951 -36.703 5.6
      vertex -37.0282 -36.9953 5.6
      vertex -37.2656 -36.9024 5.6
    endloop
  endfacet
  facet normal 0 0 1
    outer loop
      vertex -37.9951 -36.703 5.6
      vertex -37.2656 -36.9024 5.6
      vertex -37.547 -36.7596 5.6
    endloop
  endfacet
  facet normal 0 0 1
    outer loop
      vertex -37.9951 -36.703 5.6
      vertex -37.547 -36.7596 5.6
      vertex -37.6978 -36.7032 5.6
    endloop
  endfacet
  facet normal -0 0 1
    outer loop
      vertex -37.9951 -36.703 5.6
      vertex -37.6978 -36.7032 5.6
      vertex -37.8349 -36.6863 5.6
    endloop
  endfacet
  facet normal 0 0 1
    outer loop
      vertex -37.0282 -36.9953 5.6
      vertex -37.9951 -36.703 5.6
      vertex -48.358 -41.1285 5.6
    endloop
  endfacet
  facet normal 0 0 1
    outer loop
      vertex -48.358 -41.1285 5.6
      vertex -37.9951 -36.703 5.6
      vertex -47.2351 -38.7916 5.6
    endloop
  endfacet
  facet normal 0 0 1
    outer loop
      vertex -48.358 -41.1285 5.6
      vertex -47.2351 -38.7916 5.6
      vertex -47.5104 -38.8235 5.6
    endloop
  endfacet
  facet normal 0 0 1
    outer loop
      vertex -48.358 -41.1285 5.6
      vertex -47.5104 -38.8235 5.6
      vertex -47.8075 -38.7947 5.6
    endloop
  endfacet
  facet normal 0 0 1
    outer loop
      vertex -48.3813 -41.123 5.6
      vertex -47.8075 -38.7947 5.6
      vertex -48.0708 -38.7107 5.6
    endloop
  endfacet
  facet normal 0 0 1
    outer loop
      vertex -36.7573 -37.0442 5.6
      vertex -48.358 -41.1285 5.6
      vertex -20.8101 -47.5064 5.6
    endloop
  endfacet
  facet normal 0 0 1
    outer loop
      vertex -47.8075 -38.7947 5.6
      vertex -48.3813 -41.123 5.6
      vertex -48.358 -41.1285 5.6
    endloop
  endfacet
  facet normal 0 0 1
    outer loop
      vertex -76.1871 -26.2434 5.6
      vertex -48.3813 -41.123 5.6
      vertex -48.0708 -38.7107 5.6
    endloop
  endfacet
  facet normal 0 0 1
    outer loop
      vertex -76.8298 -26.3174 5.6
      vertex -76.1871 -26.2434 5.6
      vertex -76.3274 -26.1978 5.6
    endloop
  endfacet
  facet normal 0 0 1
    outer loop
      vertex -76.698 -26.2398 5.6
      vertex -76.3274 -26.1978 5.6
      vertex -76.4522 -26.1853 5.6
    endloop
  endfacet
  facet normal 0 0 1
    outer loop
      vertex -76.698 -26.2398 5.6
      vertex -76.4522 -26.1853 5.6
      vertex -76.5776 -26.1996 5.6
    endloop
  endfacet
  facet normal 0 0 1
    outer loop
      vertex -76.3274 -26.1978 5.6
      vertex -76.698 -26.2398 5.6
      vertex -76.8298 -26.3174 5.6
    endloop
  endfacet
  facet normal 0 0 1
    outer loop
      vertex -76.1871 -26.2434 5.6
      vertex -76.8298 -26.3174 5.6
      vertex -77.4518 -26.7565 5.6
    endloop
  endfacet
  facet normal 0 0 1
    outer loop
      vertex -76.1871 -26.2434 5.6
      vertex -77.4518 -26.7565 5.6
      vertex -78.1189 -27.1759 5.6
    endloop
  endfacet
  facet normal 0 0 1
    outer loop
      vertex -76.1871 -26.2434 5.6
      vertex -78.1189 -27.1759 5.6
      vertex -48.3813 -41.123 5.6
    endloop
  endfacet
  facet normal -0 0 1
    outer loop
      vertex -78.8075 -27.5589 5.6
      vertex -48.3813 -41.123 5.6
      vertex -78.1189 -27.1759 5.6
    endloop
  endfacet
  facet normal -0 0 1
    outer loop
      vertex -79.5145 -27.9055 5.6
      vertex -48.3813 -41.123 5.6
      vertex -78.8075 -27.5589 5.6
    endloop
  endfacet
  facet normal -0 0 1
    outer loop
      vertex -80.24 -28.2146 5.6
      vertex -48.3813 -41.123 5.6
      vertex -79.5145 -27.9055 5.6
    endloop
  endfacet
  facet normal -0 0 1
    outer loop
      vertex -80.9805 -28.4849 5.6
      vertex -48.3813 -41.123 5.6
      vertex -80.24 -28.2146 5.6
    endloop
  endfacet
  facet normal -0 0 1
    outer loop
      vertex -81.7342 -28.7144 5.6
      vertex -48.3813 -41.123 5.6
      vertex -80.9805 -28.4849 5.6
    endloop
  endfacet
  facet normal -0 0 1
    outer loop
      vertex -82.4984 -28.9049 5.6
      vertex -48.3813 -41.123 5.6
      vertex -81.7342 -28.7144 5.6
    endloop
  endfacet
  facet normal -0 0 1
    outer loop
      vertex -83.273 -29.0544 5.6
      vertex -48.3813 -41.123 5.6
      vertex -82.4984 -28.9049 5.6
    endloop
  endfacet
  facet normal 0 0 1
    outer loop
      vertex -90.0764 -31.095 5.6
      vertex -83.273 -29.0544 5.6
      vertex -84.0533 -29.1627 5.6
    endloop
  endfacet
  facet normal 0 0 1
    outer loop
      vertex -90.0764 -31.095 5.6
      vertex -84.0533 -29.1627 5.6
      vertex -84.8388 -29.23 5.6
    endloop
  endfacet
  facet normal 0 0 1
    outer loop
      vertex -90.0764 -31.095 5.6
      vertex -84.8388 -29.23 5.6
      vertex -85.6258 -29.255 5.6
    endloop
  endfacet
  facet normal 0 0 1
    outer loop
      vertex -90.0764 -31.095 5.6
      vertex -85.6258 -29.255 5.6
      vertex -86.4133 -29.2389 5.6
    endloop
  endfacet
  facet normal 0 0 1
    outer loop
      vertex -90.0764 -31.095 5.6
      vertex -86.4133 -29.2389 5.6
      vertex -87.1994 -29.181 5.6
    endloop
  endfacet
  facet normal 0 0 1
    outer loop
      vertex -90.0764 -31.095 5.6
      vertex -87.1994 -29.181 5.6
      vertex -87.982 -29.0819 5.6
    endloop
  endfacet
  facet normal 0 0 1
    outer loop
      vertex -90.0764 -31.095 5.6
      vertex -87.982 -29.0819 5.6
      vertex -88.7571 -28.9414 5.6
    endloop
  endfacet
  facet normal 0 0 1
    outer loop
      vertex -90.0764 -31.095 5.6
      vertex -88.7571 -28.9414 5.6
      vertex -89.5242 -28.7594 5.6
    endloop
  endfacet
  facet normal 0 0 1
    outer loop
      vertex -83.273 -29.0544 5.6
      vertex -90.0764 -31.095 5.6
      vertex -48.3813 -41.123 5.6
    endloop
  endfacet
  facet normal 0 0 1
    outer loop
      vertex -89.5242 -28.7594 5.6
      vertex -90.2095 -31.0595 5.6
      vertex -90.0764 -31.095 5.6
    endloop
  endfacet
  facet normal 0 0 1
    outer loop
      vertex -90.2795 -28.5379 5.6
      vertex -90.2095 -31.0595 5.6
      vertex -89.5242 -28.7594 5.6
    endloop
  endfacet
  facet normal 0 0 1
    outer loop
      vertex -90.2795 -28.5379 5.6
      vertex -90.9447 -30.8439 5.6
      vertex -90.2095 -31.0595 5.6
    endloop
  endfacet
  facet normal 0 0 1
    outer loop
      vertex -91.0842 -30.799 5.6
      vertex -90.2795 -28.5379 5.6
      vertex -91.0234 -28.2769 5.6
    endloop
  endfacet
  facet normal 0 0 1
    outer loop
      vertex -90.2795 -28.5379 5.6
      vertex -91.0842 -30.799 5.6
      vertex -90.9447 -30.8439 5.6
    endloop
  endfacet
  facet normal 0 0 1
    outer loop
      vertex -91.9467 -30.4922 5.6
      vertex -91.0234 -28.2769 5.6
      vertex -91.7519 -27.977 5.6
    endloop
  endfacet
  facet normal 0 0 1
    outer loop
      vertex -91.0234 -28.2769 5.6
      vertex -91.8082 -30.545 5.6
      vertex -91.0842 -30.799 5.6
    endloop
  endfacet
  facet normal 0 0 1
    outer loop
      vertex -91.0234 -28.2769 5.6
      vertex -91.9467 -30.4922 5.6
      vertex -91.8082 -30.545 5.6
    endloop
  endfacet
  facet normal 0 0 1
    outer loop
      vertex -92.7917 -30.1401 5.6
      vertex -91.7519 -27.977 5.6
      vertex -92.4639 -27.6386 5.6
    endloop
  endfacet
  facet normal 0 0 1
    outer loop
      vertex -91.7519 -27.977 5.6
      vertex -92.6555 -30.2005 5.6
      vertex -91.9467 -30.4922 5.6
    endloop
  endfacet
  facet normal 0 0 1
    outer loop
      vertex -91.7519 -27.977 5.6
      vertex -92.7917 -30.1401 5.6
      vertex -92.6555 -30.2005 5.6
    endloop
  endfacet
  facet normal 0 0 1
    outer loop
      vertex -93.6185 -29.7427 5.6
      vertex -92.4639 -27.6386 5.6
      vertex -93.1571 -27.2623 5.6
    endloop
  endfacet
  facet normal 0 0 1
    outer loop
      vertex -92.4639 -27.6386 5.6
      vertex -93.4844 -29.8109 5.6
      vertex -92.7917 -30.1401 5.6
    endloop
  endfacet
  facet normal 0 0 1
    outer loop
      vertex -92.4639 -27.6386 5.6
      vertex -93.6185 -29.7427 5.6
      vertex -93.4844 -29.8109 5.6
    endloop
  endfacet
  facet normal 0 0 1
    outer loop
      vertex -94.42 -29.3032 5.6
      vertex -93.1571 -27.2623 5.6
      vertex -93.8289 -26.8506 5.6
    endloop
  endfacet
  facet normal 0 0 1
    outer loop
      vertex -93.1571 -27.2623 5.6
      vertex -94.293 -29.3764 5.6
      vertex -93.6185 -29.7427 5.6
    endloop
  endfacet
  facet normal 0 0 1
    outer loop
      vertex -93.1571 -27.2623 5.6
      vertex -94.42 -29.3032 5.6
      vertex -94.293 -29.3764 5.6
    endloop
  endfacet
  facet normal 0 0 1
    outer loop
      vertex -95.1962 -28.8231 5.6
      vertex -93.8289 -26.8506 5.6
      vertex -94.478 -26.4048 5.6
    endloop
  endfacet
  facet normal 0 0 1
    outer loop
      vertex -93.8289 -26.8506 5.6
      vertex -95.0739 -28.9024 5.6
      vertex -94.42 -29.3032 5.6
    endloop
  endfacet
  facet normal 0 0 1
    outer loop
      vertex -95.9496 -28.3007 5.6
      vertex -94.478 -26.4048 5.6
      vertex -95.103 -25.9241 5.6
    endloop
  endfacet
  facet normal 0 0 1
    outer loop
      vertex -93.8289 -26.8506 5.6
      vertex -95.1962 -28.8231 5.6
      vertex -95.0739 -28.9024 5.6
    endloop
  endfacet
  facet normal 0 0 1
    outer loop
      vertex -96.6525 -27.7568 5.6
      vertex -95.103 -25.9241 5.6
      vertex -95.701 -25.4115 5.6
    endloop
  endfacet
  facet normal 0 0 1
    outer loop
      vertex -94.478 -26.4048 5.6
      vertex -95.8278 -28.3893 5.6
      vertex -95.1962 -28.8231 5.6
    endloop
  endfacet
  facet normal 0 0 1
    outer loop
      vertex -94.478 -26.4048 5.6
      vertex -95.9496 -28.3007 5.6
      vertex -95.8278 -28.3893 5.6
    endloop
  endfacet
  facet normal 0 0 1
    outer loop
      vertex -96.6525 -27.7568 5.6
      vertex -95.701 -25.4115 5.6
      vertex -96.2714 -24.868 5.6
    endloop
  endfacet
  facet normal 0 0 1
    outer loop
      vertex -95.103 -25.9241 5.6
      vertex -96.5577 -27.8331 5.6
      vertex -95.9496 -28.3007 5.6
    endloop
  endfacet
  facet normal 0 0 1
    outer loop
      vertex -95.103 -25.9241 5.6
      vertex -96.6525 -27.7568 5.6
      vertex -96.5577 -27.8331 5.6
    endloop
  endfacet
  facet normal 0 0 1
    outer loop
      vertex -96.8125 -24.2949 5.6
      vertex -96.6525 -27.7568 5.6
      vertex -96.2714 -24.868 5.6
    endloop
  endfacet
  facet normal 0 0 1
    outer loop
      vertex -97.3224 -23.6939 5.6
      vertex -96.6525 -27.7568 5.6
      vertex -96.8125 -24.2949 5.6
    endloop
  endfacet
  facet normal 0 0 1
    outer loop
      vertex -97.8005 -23.067 5.6
      vertex -96.6525 -27.7568 5.6
      vertex -97.3224 -23.6939 5.6
    endloop
  endfacet
  facet normal 0 0 1
    outer loop
      vertex -98.2442 -22.4158 5.6
      vertex -96.6525 -27.7568 5.6
      vertex -97.8005 -23.067 5.6
    endloop
  endfacet
  facet normal 0 0 1
    outer loop
      vertex -98.6525 -21.7418 5.6
      vertex -96.6525 -27.7568 5.6
      vertex -98.2442 -22.4158 5.6
    endloop
  endfacet
  facet normal 0 0 1
    outer loop
      vertex -99.0249 -21.0482 5.6
      vertex -96.6525 -27.7568 5.6
      vertex -98.6525 -21.7418 5.6
    endloop
  endfacet
  facet normal 0 0 1
    outer loop
      vertex -117.061 -10.5997 5.6
      vertex -99.0249 -21.0482 5.6
      vertex -99.3609 -20.3348 5.6
    endloop
  endfacet
  facet normal 0 0 1
    outer loop
      vertex -117.061 -10.5997 5.6
      vertex -99.3609 -20.3348 5.6
      vertex -99.6575 -19.6044 5.6
    endloop
  endfacet
  facet normal 0 0 1
    outer loop
      vertex -100.917 -15.2775 5.6
      vertex -100.541 -15.8029 5.6
      vertex -100.572 -15.653 5.6
    endloop
  endfacet
  facet normal 0 0 1
    outer loop
      vertex -100.917 -15.2775 5.6
      vertex -100.572 -15.653 5.6
      vertex -100.622 -15.5386 5.6
    endloop
  endfacet
  facet normal 0 0 1
    outer loop
      vertex -100.917 -15.2775 5.6
      vertex -100.622 -15.5386 5.6
      vertex -100.697 -15.4353 5.6
    endloop
  endfacet
  facet normal 0 0 1
    outer loop
      vertex -100.541 -15.8029 5.6
      vertex -100.917 -15.2775 5.6
      vertex -100.448 -16.5591 5.6
    endloop
  endfacet
  facet normal 0 0 1
    outer loop
      vertex -100.917 -15.2775 5.6
      vertex -100.697 -15.4353 5.6
      vertex -100.79 -15.3508 5.6
    endloop
  endfacet
  facet normal 0 0 1
    outer loop
      vertex -100.448 -16.5591 5.6
      vertex -100.917 -15.2775 5.6
      vertex -100.312 -17.3349 5.6
    endloop
  endfacet
  facet normal 0 0 1
    outer loop
      vertex -117.061 -10.5997 5.6
      vertex -100.312 -17.3349 5.6
      vertex -100.917 -15.2775 5.6
    endloop
  endfacet
  facet normal -0 0 1
    outer loop
      vertex -117.061 -10.5997 5.6
      vertex -100.917 -15.2775 5.6
      vertex -115.263 -8.91574 5.6
    endloop
  endfacet
  facet normal 0 0 1
    outer loop
      vertex -100.312 -17.3349 5.6
      vertex -117.061 -10.5997 5.6
      vertex -100.133 -18.1031 5.6
    endloop
  endfacet
  facet normal 0 0 1
    outer loop
      vertex -100.133 -18.1031 5.6
      vertex -117.061 -10.5997 5.6
      vertex -99.9151 -18.8596 5.6
    endloop
  endfacet
  facet normal 0 0 1
    outer loop
      vertex -99.9151 -18.8596 5.6
      vertex -117.061 -10.5997 5.6
      vertex -99.6575 -19.6044 5.6
    endloop
  endfacet
  facet normal 0 0 1
    outer loop
      vertex -117.061 -10.5997 5.6
      vertex -115.263 -8.91574 5.6
      vertex -115.494 -8.783 5.6
    endloop
  endfacet
  facet normal 0 0 1
    outer loop
      vertex -117.112 -10.5556 5.6
      vertex -115.494 -8.783 5.6
      vertex -115.71 -8.59248 5.6
    endloop
  endfacet
  facet normal 0 0 1
    outer loop
      vertex -116.023 -7.25281 5.6
      vertex -118.43 -8.23671 5.6
      vertex -116.074 -7.53522 5.6
    endloop
  endfacet
  facet normal -0 0 1
    outer loop
      vertex -118.771 -6.21678 5.6
      vertex -116.202 -6.33229 5.6
      vertex -116.328 -6.08936 5.6
    endloop
  endfacet
  facet normal 0 0 1
    outer loop
      vertex -118.771 -6.21678 5.6
      vertex -116.328 -6.08936 5.6
      vertex -116.405 -5.82506 5.6
    endloop
  endfacet
  facet normal 0 0 1
    outer loop
      vertex -99.0249 -21.0482 5.6
      vertex -117.061 -10.5997 5.6
      vertex -96.6525 -27.7568 5.6
    endloop
  endfacet
  facet normal 0 0 1
    outer loop
      vertex -117.662 -9.98891 5.6
      vertex -115.71 -8.59248 5.6
      vertex -115.881 -8.36197 5.6
    endloop
  endfacet
  facet normal 0 0 1
    outer loop
      vertex -118.075 -9.33424 5.6
      vertex -115.881 -8.36197 5.6
      vertex -116.001 -8.10245 5.6
    endloop
  endfacet
  facet normal 0 0 1
    outer loop
      vertex -118.345 -8.62125 5.6
      vertex -116.001 -8.10245 5.6
      vertex -116.068 -7.82286 5.6
    endloop
  endfacet
  facet normal 0 0 1
    outer loop
      vertex -116.074 -7.53522 5.6
      vertex -118.43 -8.23671 5.6
      vertex -116.068 -7.82286 5.6
    endloop
  endfacet
  facet normal 0 0 1
    outer loop
      vertex -118.799 -5.98863 5.6
      vertex -116.405 -5.82506 5.6
      vertex -116.428 -5.55013 5.6
    endloop
  endfacet
  facet normal 0 0 1
    outer loop
      vertex 116.399 -5.2968 5.6
      vertex 106.391 42.9459 5.6
      vertex 106.156 42.896 5.6
    endloop
  endfacet
  facet normal 0 0 1
    outer loop
      vertex -54.2821 54.4747 5.6
      vertex -56.6689 53.5266 5.6
      vertex -56.6455 53.2517 5.6
    endloop
  endfacet
  facet normal 0 0 1
    outer loop
      vertex -56.3011 56.6415 5.6
      vertex -56.746 53.7909 5.6
      vertex -56.6689 53.5266 5.6
    endloop
  endfacet
  facet normal 0 0 1
    outer loop
      vertex -57.4944 54.5588 5.6
      vertex -56.6326 56.7969 5.6
      vertex -56.8082 56.859 5.6
    endloop
  endfacet
  facet normal 0 0 1
    outer loop
      vertex -56.3011 56.6415 5.6
      vertex -56.8719 54.0339 5.6
      vertex -56.746 53.7909 5.6
    endloop
  endfacet
  facet normal 0 0 1
    outer loop
      vertex -57.4944 54.5588 5.6
      vertex -56.8082 56.859 5.6
      vertex -56.9946 56.918 5.6
    endloop
  endfacet
  facet normal 0 0 1
    outer loop
      vertex -56.3011 56.6415 5.6
      vertex -57.0427 54.2477 5.6
      vertex -56.8719 54.0339 5.6
    endloop
  endfacet
  facet normal 0 0 1
    outer loop
      vertex -56.3011 56.6415 5.6
      vertex -57.2527 54.4256 5.6
      vertex -57.0427 54.2477 5.6
    endloop
  endfacet
  facet normal 0 0 1
    outer loop
      vertex -57.7375 54.6358 5.6
      vertex -56.9946 56.918 5.6
      vertex -57.2573 56.9873 5.6
    endloop
  endfacet
  facet normal 0 0 1
    outer loop
      vertex -56.3011 56.6415 5.6
      vertex -57.4944 54.5588 5.6
      vertex -57.2527 54.4256 5.6
    endloop
  endfacet
  facet normal 0 0 1
    outer loop
      vertex -56.9946 56.918 5.6
      vertex -57.7375 54.6358 5.6
      vertex -57.4944 54.5588 5.6
    endloop
  endfacet
  facet normal 0 0 1
    outer loop
      vertex -60.9876 57.7802 5.6
      vertex -57.7375 54.6358 5.6
      vertex -57.2573 56.9873 5.6
    endloop
  endfacet
  facet normal 0 0 1
    outer loop
      vertex -61.5119 57.9431 5.6
      vertex -57.7375 54.6358 5.6
      vertex -60.9876 57.7802 5.6
    endloop
  endfacet
  facet normal 0 0 1
    outer loop
      vertex -70.4724 57.3427 5.6
      vertex -61.5119 57.9431 5.6
      vertex -61.8639 58.1166 5.6
    endloop
  endfacet
  facet normal 0 0 1
    outer loop
      vertex -70.4724 57.3427 5.6
      vertex -61.8639 58.1166 5.6
      vertex -62.1902 58.3346 5.6
    endloop
  endfacet
  facet normal 0 0 1
    outer loop
      vertex -70.4724 57.3427 5.6
      vertex -63.3639 60.7147 5.6
      vertex -68.6843 65.7547 5.6
    endloop
  endfacet
  facet normal 0 0 1
    outer loop
      vertex -63.3639 60.7147 5.6
      vertex -70.4724 57.3427 5.6
      vertex -63.3382 60.3231 5.6
    endloop
  endfacet
  facet normal 0 0 1
    outer loop
      vertex -63.3382 60.3231 5.6
      vertex -70.4724 57.3427 5.6
      vertex -63.2617 59.9382 5.6
    endloop
  endfacet
  facet normal 0 0 1
    outer loop
      vertex -63.2617 59.9382 5.6
      vertex -70.4724 57.3427 5.6
      vertex -63.1355 59.5666 5.6
    endloop
  endfacet
  facet normal 0 0 1
    outer loop
      vertex -63.1355 59.5666 5.6
      vertex -70.4724 57.3427 5.6
      vertex -62.962 59.2147 5.6
    endloop
  endfacet
  facet normal 0 0 1
    outer loop
      vertex -61.5119 57.9431 5.6
      vertex -70.4724 57.3427 5.6
      vertex -57.7375 54.6358 5.6
    endloop
  endfacet
  facet normal 0 0 1
    outer loop
      vertex -62.4852 58.5934 5.6
      vertex -70.4724 57.3427 5.6
      vertex -62.1902 58.3346 5.6
    endloop
  endfacet
  facet normal 0 0 1
    outer loop
      vertex -62.744 58.8884 5.6
      vertex -70.4724 57.3427 5.6
      vertex -62.4852 58.5934 5.6
    endloop
  endfacet
  facet normal 0 0 1
    outer loop
      vertex -62.962 59.2147 5.6
      vertex -70.4724 57.3427 5.6
      vertex -62.744 58.8884 5.6
    endloop
  endfacet
  facet normal 0 0 1
    outer loop
      vertex -45.4807 49.3674 5.6
      vertex -47.8755 49.2039 5.6
      vertex -47.8521 48.929 5.6
    endloop
  endfacet
  facet normal 0 0 1
    outer loop
      vertex -47.5078 52.3189 5.6
      vertex -47.9526 49.4682 5.6
      vertex -47.8755 49.2039 5.6
    endloop
  endfacet
  facet normal 0 0 1
    outer loop
      vertex -48.701 50.2361 5.6
      vertex -47.8394 52.4743 5.6
      vertex -48.0141 52.5361 5.6
    endloop
  endfacet
  facet normal 0 0 1
    outer loop
      vertex -47.5078 52.3189 5.6
      vertex -48.0785 49.7112 5.6
      vertex -47.9526 49.4682 5.6
    endloop
  endfacet
  facet normal 0 0 1
    outer loop
      vertex -48.701 50.2361 5.6
      vertex -48.0141 52.5361 5.6
      vertex -48.201 52.5952 5.6
    endloop
  endfacet
  facet normal 0 0 1
    outer loop
      vertex -47.5078 52.3189 5.6
      vertex -48.2492 49.925 5.6
      vertex -48.0785 49.7112 5.6
    endloop
  endfacet
  facet normal 0 0 1
    outer loop
      vertex -47.5078 52.3189 5.6
      vertex -48.4594 50.1029 5.6
      vertex -48.2492 49.925 5.6
    endloop
  endfacet
  facet normal 0 0 1
    outer loop
      vertex -48.944 50.3131 5.6
      vertex -48.201 52.5952 5.6
      vertex -48.464 52.6646 5.6
    endloop
  endfacet
  facet normal 0 0 1
    outer loop
      vertex -47.5078 52.3189 5.6
      vertex -48.701 50.2361 5.6
      vertex -48.4594 50.1029 5.6
    endloop
  endfacet
  facet normal 0 0 1
    outer loop
      vertex -48.201 52.5952 5.6
      vertex -48.944 50.3131 5.6
      vertex -48.701 50.2361 5.6
    endloop
  endfacet
  facet normal 0 0 1
    outer loop
      vertex -52.6903 53.563 5.6
      vertex -48.944 50.3131 5.6
      vertex -48.464 52.6646 5.6
    endloop
  endfacet
  facet normal 0 0 1
    outer loop
      vertex -56.2801 51.8724 5.6
      vertex -52.6903 53.563 5.6
      vertex -52.9739 53.6379 5.6
    endloop
  endfacet
  facet normal 0 0 1
    outer loop
      vertex -56.2801 51.8724 5.6
      vertex -52.9739 53.6379 5.6
      vertex -53.3394 53.7808 5.6
    endloop
  endfacet
  facet normal 0 0 1
    outer loop
      vertex -56.2801 51.8724 5.6
      vertex -53.3394 53.7808 5.6
      vertex -53.6831 53.9702 5.6
    endloop
  endfacet
  facet normal 0 0 1
    outer loop
      vertex -56.2801 51.8724 5.6
      vertex -53.6831 53.9702 5.6
      vertex -53.9991 54.2028 5.6
    endloop
  endfacet
  facet normal 0 0 1
    outer loop
      vertex -56.6689 53.5266 5.6
      vertex -54.7061 55.0772 5.6
      vertex -55.0209 55.562 5.6
    endloop
  endfacet
  facet normal 0 0 1
    outer loop
      vertex -56.6689 53.5266 5.6
      vertex -55.0209 55.562 5.6
      vertex -55.1428 55.7147 5.6
    endloop
  endfacet
  facet normal 0 0 1
    outer loop
      vertex -56.6689 53.5266 5.6
      vertex -55.1428 55.7147 5.6
      vertex -55.5214 56.1044 5.6
    endloop
  endfacet
  facet normal 0 0 1
    outer loop
      vertex -56.6689 53.5266 5.6
      vertex -55.5214 56.1044 5.6
      vertex -55.6713 56.2313 5.6
    endloop
  endfacet
  facet normal 0 0 1
    outer loop
      vertex -56.6689 53.5266 5.6
      vertex -55.6713 56.2313 5.6
      vertex -55.9656 56.4492 5.6
    endloop
  endfacet
  facet normal 0 0 1
    outer loop
      vertex -56.6689 53.5266 5.6
      vertex -54.5272 54.7812 5.6
      vertex -54.7061 55.0772 5.6
    endloop
  endfacet
  facet normal 0 0 1
    outer loop
      vertex -56.6689 53.5266 5.6
      vertex -55.9656 56.4492 5.6
      vertex -56.1287 56.5465 5.6
    endloop
  endfacet
  facet normal 0 0 1
    outer loop
      vertex -52.6903 53.563 5.6
      vertex -56.2801 51.8724 5.6
      vertex -48.944 50.3131 5.6
    endloop
  endfacet
  facet normal 0 0 1
    outer loop
      vertex -56.6455 53.2517 5.6
      vertex -53.9991 54.2028 5.6
      vertex -54.2821 54.4747 5.6
    endloop
  endfacet
  facet normal 0 0 1
    outer loop
      vertex -56.6689 53.5266 5.6
      vertex -54.2821 54.4747 5.6
      vertex -54.5272 54.7812 5.6
    endloop
  endfacet
  facet normal 0 0 1
    outer loop
      vertex -56.6689 53.5266 5.6
      vertex -56.1287 56.5465 5.6
      vertex -56.3011 56.6415 5.6
    endloop
  endfacet
  facet normal 0 0 1
    outer loop
      vertex -53.9991 54.2028 5.6
      vertex -56.6455 53.2517 5.6
      vertex -56.2801 51.8724 5.6
    endloop
  endfacet
  facet normal -0 0 1
    outer loop
      vertex -56.6741 52.9984 5.6
      vertex -56.2801 51.8724 5.6
      vertex -56.6455 53.2517 5.6
    endloop
  endfacet
  facet normal -0 0 1
    outer loop
      vertex -56.7572 52.6072 5.6
      vertex -56.2801 51.8724 5.6
      vertex -56.6741 52.9984 5.6
    endloop
  endfacet
  facet normal 0 0 1
    outer loop
      vertex -57.4944 54.5588 5.6
      vertex -56.3011 56.6415 5.6
      vertex -56.6326 56.7969 5.6
    endloop
  endfacet
  facet normal 0 0 1
    outer loop
      vertex -56.2801 51.8724 5.6
      vertex -56.7572 52.6072 5.6
      vertex -56.4107 51.9137 5.6
    endloop
  endfacet
  facet normal 0 0 1
    outer loop
      vertex -56.4107 51.9137 5.6
      vertex -56.7572 52.6072 5.6
      vertex -56.5131 51.9702 5.6
    endloop
  endfacet
  facet normal 0 0 1
    outer loop
      vertex -56.5131 51.9702 5.6
      vertex -56.7572 52.6072 5.6
      vertex -56.6028 52.0461 5.6
    endloop
  endfacet
  facet normal 0 0 1
    outer loop
      vertex -56.6028 52.0461 5.6
      vertex -56.7572 52.6072 5.6
      vertex -56.6759 52.1377 5.6
    endloop
  endfacet
  facet normal 0 0 1
    outer loop
      vertex -56.6759 52.1377 5.6
      vertex -56.7572 52.6072 5.6
      vertex -56.7298 52.2417 5.6
    endloop
  endfacet
  facet normal -0 0 1
    outer loop
      vertex -56.7726 52.471 5.6
      vertex -56.7298 52.2417 5.6
      vertex -56.7572 52.6072 5.6
    endloop
  endfacet
  facet normal 0 0 1
    outer loop
      vertex -56.7298 52.2417 5.6
      vertex -56.7726 52.471 5.6
      vertex -56.7627 52.3545 5.6
    endloop
  endfacet
  facet normal 0 0 1
    outer loop
      vertex -101.752 65.931 5.6
      vertex -101.489 66.005 5.6
      vertex -101.563 65.986 5.6
    endloop
  endfacet
  facet normal 0 0 1
    outer loop
      vertex -102.257 65.7289 5.6
      vertex -101.489 66.005 5.6
      vertex -101.752 65.931 5.6
    endloop
  endfacet
  facet normal 0 0 1
    outer loop
      vertex -102.43 65.639 5.6
      vertex -101.489 66.005 5.6
      vertex -102.257 65.7289 5.6
    endloop
  endfacet
  facet normal 0 0 1
    outer loop
      vertex -102.889 65.3412 5.6
      vertex -101.489 66.005 5.6
      vertex -102.43 65.639 5.6
    endloop
  endfacet
  facet normal 0 0 1
    outer loop
      vertex -103.041 65.2193 5.6
      vertex -101.489 66.005 5.6
      vertex -102.889 65.3412 5.6
    endloop
  endfacet
  facet normal 0 0 1
    outer loop
      vertex -103.431 64.8407 5.6
      vertex -101.489 66.005 5.6
      vertex -103.041 65.2193 5.6
    endloop
  endfacet
  facet normal 0 0 1
    outer loop
      vertex -103.558 64.6909 5.6
      vertex -101.489 66.005 5.6
      vertex -103.431 64.8407 5.6
    endloop
  endfacet
  facet normal 0 0 1
    outer loop
      vertex -103.873 64.233 5.6
      vertex -103.558 64.6909 5.6
      vertex -103.776 64.3965 5.6
    endloop
  endfacet
  facet normal -0 0 1
    outer loop
      vertex -103.558 64.6909 5.6
      vertex -103.873 64.233 5.6
      vertex -101.489 66.005 5.6
    endloop
  endfacet
  facet normal 0 0 1
    outer loop
      vertex -103.968 64.0609 5.6
      vertex -101.489 66.005 5.6
      vertex -103.873 64.233 5.6
    endloop
  endfacet
  facet normal 0 0 1
    outer loop
      vertex -104.185 63.5546 5.6
      vertex -103.968 64.0609 5.6
      vertex -104.124 63.7293 5.6
    endloop
  endfacet
  facet normal -0 0 1
    outer loop
      vertex -103.968 64.0609 5.6
      vertex -104.185 63.5546 5.6
      vertex -101.489 66.005 5.6
    endloop
  endfacet
  facet normal 0 0 1
    outer loop
      vertex -104.244 63.3678 5.6
      vertex -101.489 66.005 5.6
      vertex -104.185 63.5546 5.6
    endloop
  endfacet
  facet normal 0 0 1
    outer loop
      vertex -104.314 63.1046 5.6
      vertex -101.489 66.005 5.6
      vertex -104.244 63.3678 5.6
    endloop
  endfacet
  facet normal -0 0 1
    outer loop
      vertex -104.314 63.1046 5.6
      vertex -106.391 42.9459 5.6
      vertex -101.489 66.005 5.6
    endloop
  endfacet
  facet normal 0 0 1
    outer loop
      vertex -118.743 -4.77878 5.6
      vertex -106.391 42.9459 5.6
      vertex -104.314 63.1046 5.6
    endloop
  endfacet
  facet normal 0 0 1
    outer loop
      vertex -118.809 -5.24203 5.6
      vertex -116.428 -5.55013 5.6
      vertex -116.399 -5.2968 5.6
    endloop
  endfacet
  facet normal 0 0 1
    outer loop
      vertex -115.494 -8.783 5.6
      vertex -117.112 -10.5556 5.6
      vertex -117.061 -10.5997 5.6
    endloop
  endfacet
  facet normal 0 0 1
    outer loop
      vertex -115.71 -8.59248 5.6
      vertex -117.266 -10.4196 5.6
      vertex -117.112 -10.5556 5.6
    endloop
  endfacet
  facet normal 0 0 1
    outer loop
      vertex -115.71 -8.59248 5.6
      vertex -117.425 -10.2681 5.6
      vertex -117.266 -10.4196 5.6
    endloop
  endfacet
  facet normal 0 0 1
    outer loop
      vertex -106.391 42.9459 5.6
      vertex -118.743 -4.77878 5.6
      vertex -116.399 -5.2968 5.6
    endloop
  endfacet
  facet normal -0 0 1
    outer loop
      vertex -118.787 -5.04735 5.6
      vertex -116.399 -5.2968 5.6
      vertex -118.743 -4.77878 5.6
    endloop
  endfacet
  facet normal 0 0 1
    outer loop
      vertex -116.202 -6.33229 5.6
      vertex -118.771 -6.21678 5.6
      vertex -118.43 -8.23671 5.6
    endloop
  endfacet
  facet normal 0 0 1
    outer loop
      vertex -116.068 -7.82286 5.6
      vertex -118.43 -8.23671 5.6
      vertex -118.392 -8.422 5.6
    endloop
  endfacet
  facet normal 0 0 1
    outer loop
      vertex -115.71 -8.59248 5.6
      vertex -117.662 -9.98891 5.6
      vertex -117.425 -10.2681 5.6
    endloop
  endfacet
  facet normal 0 0 1
    outer loop
      vertex -115.881 -8.36197 5.6
      vertex -117.784 -9.82506 5.6
      vertex -117.662 -9.98891 5.6
    endloop
  endfacet
  facet normal 0 0 1
    outer loop
      vertex -115.881 -8.36197 5.6
      vertex -117.9 -9.65575 5.6
      vertex -117.784 -9.82506 5.6
    endloop
  endfacet
  facet normal 0 0 1
    outer loop
      vertex -115.881 -8.36197 5.6
      vertex -118.075 -9.33424 5.6
      vertex -117.9 -9.65575 5.6
    endloop
  endfacet
  facet normal 0 0 1
    outer loop
      vertex -116.001 -8.10245 5.6
      vertex -118.162 -9.14825 5.6
      vertex -118.075 -9.33424 5.6
    endloop
  endfacet
  facet normal 0 0 1
    outer loop
      vertex -116.001 -8.10245 5.6
      vertex -118.236 -8.97115 5.6
      vertex -118.162 -9.14825 5.6
    endloop
  endfacet
  facet normal 0 0 1
    outer loop
      vertex -116.001 -8.10245 5.6
      vertex -118.345 -8.62125 5.6
      vertex -118.236 -8.97115 5.6
    endloop
  endfacet
  facet normal 0 0 1
    outer loop
      vertex -116.068 -7.82286 5.6
      vertex -118.392 -8.422 5.6
      vertex -118.345 -8.62125 5.6
    endloop
  endfacet
  facet normal -0 0 1
    outer loop
      vertex -118.809 -5.24203 5.6
      vertex -116.399 -5.2968 5.6
      vertex -118.787 -5.04735 5.6
    endloop
  endfacet
  facet normal 0 0 1
    outer loop
      vertex -116.405 -5.82506 5.6
      vertex -118.799 -5.98863 5.6
      vertex -118.771 -6.21678 5.6
    endloop
  endfacet
  facet normal 0 0 1
    outer loop
      vertex -116.428 -5.55013 5.6
      vertex -118.809 -5.24203 5.6
      vertex -118.826 -5.60788 5.6
    endloop
  endfacet
  facet normal 0 0 1
    outer loop
      vertex -116.428 -5.55013 5.6
      vertex -118.816 -5.79288 5.6
      vertex -118.799 -5.98863 5.6
    endloop
  endfacet
  facet normal 0 0 1
    outer loop
      vertex -116.428 -5.55013 5.6
      vertex -118.826 -5.60788 5.6
      vertex -118.816 -5.79288 5.6
    endloop
  endfacet
  facet normal 0 0 1
    outer loop
      vertex -106.156 42.896 5.6
      vertex -106.391 42.9459 5.6
      vertex -116.399 -5.2968 5.6
    endloop
  endfacet
  facet normal 0 0 1
    outer loop
      vertex -47.8521 48.929 5.6
      vertex -45.4545 48.9868 5.6
      vertex -45.4641 49.1718 5.6
    endloop
  endfacet
  facet normal 0 0 1
    outer loop
      vertex -47.8521 48.929 5.6
      vertex -45.4641 49.1718 5.6
      vertex -45.4807 49.3674 5.6
    endloop
  endfacet
  facet normal 0 0 1
    outer loop
      vertex -45.4545 48.9868 5.6
      vertex -47.8521 48.929 5.6
      vertex -45.4717 48.621 5.6
    endloop
  endfacet
  facet normal 0 0 1
    outer loop
      vertex -45.4717 48.621 5.6
      vertex -47.8521 48.929 5.6
      vertex -45.4936 48.4261 5.6
    endloop
  endfacet
  facet normal 0 0 1
    outer loop
      vertex -47.8755 49.2039 5.6
      vertex -45.4807 49.3674 5.6
      vertex -45.5356 49.7297 5.6
    endloop
  endfacet
  facet normal -0 0 1
    outer loop
      vertex -47.8807 48.6757 5.6
      vertex -45.4936 48.4261 5.6
      vertex -47.8521 48.929 5.6
    endloop
  endfacet
  facet normal 0 0 1
    outer loop
      vertex -47.8755 49.2039 5.6
      vertex -45.5356 49.7297 5.6
      vertex -45.5827 49.9143 5.6
    endloop
  endfacet
  facet normal 0 0 1
    outer loop
      vertex -6.26134 -31.9745 5.6
      vertex -8.6398 -32.2977 5.6
      vertex -8.59863 -32.5681 5.6
    endloop
  endfacet
  facet normal 0 0 1
    outer loop
      vertex -7.2661 -30.0061 5.6
      vertex -8.73233 -32.0388 5.6
      vertex -8.6398 -32.2977 5.6
    endloop
  endfacet
  facet normal 0 0 1
    outer loop
      vertex -7.2661 -30.0061 5.6
      vertex -8.87506 -31.8025 5.6
      vertex -8.73233 -32.0388 5.6
    endloop
  endfacet
  facet normal 0 0 1
    outer loop
      vertex -7.2661 -30.0061 5.6
      vertex -9.04776 -31.6143 5.6
      vertex -8.87506 -31.8025 5.6
    endloop
  endfacet
  facet normal 0 0 1
    outer loop
      vertex -20.089 -18.4429 5.6
      vertex -9.04776 -31.6143 5.6
      vertex -7.45602 -29.8179 5.6
    endloop
  endfacet
  facet normal 0 0 1
    outer loop
      vertex -21.7097 -20.2131 5.6
      vertex -20.089 -18.4429 5.6
      vertex -20.3033 -18.2683 5.6
    endloop
  endfacet
  facet normal 0 0 1
    outer loop
      vertex -21.7097 -20.2131 5.6
      vertex -20.3033 -18.2683 5.6
      vertex -20.4614 -18.1519 5.6
    endloop
  endfacet
  facet normal 0 0 1
    outer loop
      vertex -21.9151 -20.062 5.6
      vertex -20.4614 -18.1519 5.6
      vertex -20.7166 -17.9998 5.6
    endloop
  endfacet
  facet normal 0 0 1
    outer loop
      vertex -22.1641 -19.9445 5.6
      vertex -20.7166 -17.9998 5.6
      vertex -21.1877 -17.6524 5.6
    endloop
  endfacet
  facet normal 0 0 1
    outer loop
      vertex -22.4317 -19.879 5.6
      vertex -21.1877 -17.6524 5.6
      vertex -21.4616 -17.3713 5.6
    endloop
  endfacet
  facet normal 0 0 1
    outer loop
      vertex -20.089 -18.4429 5.6
      vertex -21.7097 -20.2131 5.6
      vertex -9.04776 -31.6143 5.6
    endloop
  endfacet
  facet normal 0 0 1
    outer loop
      vertex -22.7056 -19.8666 5.6
      vertex -21.4616 -17.3713 5.6
      vertex -21.6964 -17.0569 5.6
    endloop
  endfacet
  facet normal -0 0 1
    outer loop
      vertex -25.0214 -16.9301 5.6
      vertex -21.6964 -17.0569 5.6
      vertex -21.8881 -16.7145 5.6
    endloop
  endfacet
  facet normal 0 0 1
    outer loop
      vertex -20.4614 -18.1519 5.6
      vertex -21.9151 -20.062 5.6
      vertex -21.7097 -20.2131 5.6
    endloop
  endfacet
  facet normal 0 0 1
    outer loop
      vertex -25.0214 -16.9301 5.6
      vertex -21.8881 -16.7145 5.6
      vertex -22.0335 -16.35 5.6
    endloop
  endfacet
  facet normal 0 0 1
    outer loop
      vertex -25.0214 -16.9301 5.6
      vertex -22.0335 -16.35 5.6
      vertex -22.1301 -15.9697 5.6
    endloop
  endfacet
  facet normal 0 0 1
    outer loop
      vertex -20.7166 -17.9998 5.6
      vertex -22.1641 -19.9445 5.6
      vertex -21.9151 -20.062 5.6
    endloop
  endfacet
  facet normal 0 0 1
    outer loop
      vertex -25.0214 -16.9301 5.6
      vertex -22.1301 -15.9697 5.6
      vertex -22.1763 -15.58 5.6
    endloop
  endfacet
  facet normal 0 0 1
    outer loop
      vertex -21.1877 -17.6524 5.6
      vertex -22.4317 -19.879 5.6
      vertex -22.1641 -19.9445 5.6
    endloop
  endfacet
  facet normal -0 0 1
    outer loop
      vertex -8.59863 -32.5681 5.6
      vertex -6.20285 -32.7156 5.6
      vertex -6.23189 -32.1681 5.6
    endloop
  endfacet
  facet normal 0 0 1
    outer loop
      vertex -8.59863 -32.5681 5.6
      vertex -6.23189 -32.1681 5.6
      vertex -6.26134 -31.9745 5.6
    endloop
  endfacet
  facet normal 0 0 1
    outer loop
      vertex -6.20285 -32.7156 5.6
      vertex -8.59863 -32.5681 5.6
      vertex -6.21167 -32.911 5.6
    endloop
  endfacet
  facet normal -0 0 1
    outer loop
      vertex -8.61099 -32.8419 5.6
      vertex -6.21167 -32.911 5.6
      vertex -8.59863 -32.5681 5.6
    endloop
  endfacet
  facet normal 0 0 1
    outer loop
      vertex -6.28908 -33.4504 5.6
      vertex -8.61099 -32.8419 5.6
      vertex -6.33569 -33.6409 5.6
    endloop
  endfacet
  facet normal 0 0 1
    outer loop
      vertex -8.6398 -32.2977 5.6
      vertex -6.26134 -31.9745 5.6
      vertex -6.3927 -31.4539 5.6
    endloop
  endfacet
  facet normal 0 0 1
    outer loop
      vertex -8.6398 -32.2977 5.6
      vertex -6.3927 -31.4539 5.6
      vertex -6.4588 -31.2689 5.6
    endloop
  endfacet
  facet normal 0 0 1
    outer loop
      vertex -6.21167 -32.911 5.6
      vertex -8.61099 -32.8419 5.6
      vertex -6.28908 -33.4504 5.6
    endloop
  endfacet
  facet normal 0 0 1
    outer loop
      vertex -8.6398 -32.2977 5.6
      vertex -6.4588 -31.2689 5.6
      vertex -6.60426 -30.933 5.6
    endloop
  endfacet
  facet normal -0 0 1
    outer loop
      vertex -8.6765 -33.1095 5.6
      vertex -6.33569 -33.6409 5.6
      vertex -8.61099 -32.8419 5.6
    endloop
  endfacet
  facet normal 0 0 1
    outer loop
      vertex -8.6398 -32.2977 5.6
      vertex -6.60426 -30.933 5.6
      vertex -6.69901 -30.7631 5.6
    endloop
  endfacet
  facet normal 0 0 1
    outer loop
      vertex -8.6398 -32.2977 5.6
      vertex -6.69901 -30.7631 5.6
      vertex -6.80025 -30.5956 5.6
    endloop
  endfacet
  facet normal 0 0 1
    outer loop
      vertex -6.33569 -33.6409 5.6
      vertex -8.6765 -33.1095 5.6
      vertex -6.38882 -33.8292 5.6
    endloop
  endfacet
  facet normal 0 0 1
    outer loop
      vertex -6.38882 -33.8292 5.6
      vertex -8.6765 -33.1095 5.6
      vertex -6.52316 -34.1701 5.6
    endloop
  endfacet
  facet normal 0 0 1
    outer loop
      vertex -8.6398 -32.2977 5.6
      vertex -6.80025 -30.5956 5.6
      vertex -7.0098 -30.2951 5.6
    endloop
  endfacet
  facet normal 0 0 1
    outer loop
      vertex -8.6398 -32.2977 5.6
      vertex -7.0098 -30.2951 5.6
      vertex -7.13333 -30.1509 5.6
    endloop
  endfacet
  facet normal 0 0 1
    outer loop
      vertex -6.52316 -34.1701 5.6
      vertex -8.6765 -33.1095 5.6
      vertex -6.6068 -34.3474 5.6
    endloop
  endfacet
  facet normal 0 0 1
    outer loop
      vertex -8.6398 -32.2977 5.6
      vertex -7.13333 -30.1509 5.6
      vertex -7.2661 -30.0061 5.6
    endloop
  endfacet
  facet normal 0 0 1
    outer loop
      vertex -9.04776 -31.6143 5.6
      vertex -7.2661 -30.0061 5.6
      vertex -7.45602 -29.8179 5.6
    endloop
  endfacet
  facet normal -0 0 1
    outer loop
      vertex -8.79398 -33.3585 5.6
      vertex -6.6068 -34.3474 5.6
      vertex -8.6765 -33.1095 5.6
    endloop
  endfacet
  facet normal 0 0 1
    outer loop
      vertex -6.6068 -34.3474 5.6
      vertex -8.79398 -33.3585 5.6
      vertex -6.884 -34.8123 5.6
    endloop
  endfacet
  facet normal 0 0 1
    outer loop
      vertex -6.884 -34.8123 5.6
      vertex -8.79398 -33.3585 5.6
      vertex -7.00043 -34.9705 5.6
    endloop
  endfacet
  facet normal -0 0 1
    outer loop
      vertex -8.94516 -33.564 5.6
      vertex -7.00043 -34.9705 5.6
      vertex -8.79398 -33.3585 5.6
    endloop
  endfacet
  facet normal 0 0 1
    outer loop
      vertex -7.00043 -34.9705 5.6
      vertex -8.94516 -33.564 5.6
      vertex -7.17482 -35.1845 5.6
    endloop
  endfacet
  facet normal 0 0 1
    outer loop
      vertex -8.94516 -33.564 5.6
      vertex -11.6729 -40.18 5.6
      vertex -7.17482 -35.1845 5.6
    endloop
  endfacet
  facet normal 0 0 1
    outer loop
      vertex -19.008 -44.7396 5.6
      vertex -11.6729 -40.18 5.6
      vertex -8.94516 -33.564 5.6
    endloop
  endfacet
  facet normal 0 0 1
    outer loop
      vertex -11.6729 -40.18 5.6
      vertex -19.008 -44.7396 5.6
      vertex -11.9158 -40.4882 5.6
    endloop
  endfacet
  facet normal 0 0 1
    outer loop
      vertex -12.4342 -41.952 5.6
      vertex -19.008 -44.7396 5.6
      vertex -12.4393 -42.3444 5.6
    endloop
  endfacet
  facet normal 0 0 1
    outer loop
      vertex -12.3779 -41.5636 5.6
      vertex -19.008 -44.7396 5.6
      vertex -12.4342 -41.952 5.6
    endloop
  endfacet
  facet normal 0 0 1
    outer loop
      vertex -12.2713 -41.186 5.6
      vertex -19.008 -44.7396 5.6
      vertex -12.3779 -41.5636 5.6
    endloop
  endfacet
  facet normal 0 0 1
    outer loop
      vertex -12.1164 -40.8254 5.6
      vertex -19.008 -44.7396 5.6
      vertex -12.2713 -41.186 5.6
    endloop
  endfacet
  facet normal 0 0 1
    outer loop
      vertex -11.9158 -40.4882 5.6
      vertex -19.008 -44.7396 5.6
      vertex -12.1164 -40.8254 5.6
    endloop
  endfacet
  facet normal 0 0 1
    outer loop
      vertex -29.2741 39.9579 5.6
      vertex -31.6463 38.9813 5.6
      vertex -31.6229 38.7063 5.6
    endloop
  endfacet
  facet normal 0 0 1
    outer loop
      vertex -31.2785 42.0962 5.6
      vertex -31.7234 39.2456 5.6
      vertex -31.6463 38.9813 5.6
    endloop
  endfacet
  facet normal 0 0 1
    outer loop
      vertex -32.4717 40.0135 5.6
      vertex -31.6104 42.2517 5.6
      vertex -31.7849 42.3134 5.6
    endloop
  endfacet
  facet normal 0 0 1
    outer loop
      vertex -31.2785 42.0962 5.6
      vertex -31.8493 39.4885 5.6
      vertex -31.7234 39.2456 5.6
    endloop
  endfacet
  facet normal 0 0 1
    outer loop
      vertex -32.4717 40.0135 5.6
      vertex -31.7849 42.3134 5.6
      vertex -31.9716 42.3726 5.6
    endloop
  endfacet
  facet normal 0 0 1
    outer loop
      vertex -31.2785 42.0962 5.6
      vertex -32.02 39.7023 5.6
      vertex -31.8493 39.4885 5.6
    endloop
  endfacet
  facet normal 0 0 1
    outer loop
      vertex -31.2785 42.0962 5.6
      vertex -32.2301 39.8803 5.6
      vertex -32.02 39.7023 5.6
    endloop
  endfacet
  facet normal 0 0 1
    outer loop
      vertex -32.7148 40.0904 5.6
      vertex -31.9716 42.3726 5.6
      vertex -32.2347 42.442 5.6
    endloop
  endfacet
  facet normal 0 0 1
    outer loop
      vertex -31.2785 42.0962 5.6
      vertex -32.4717 40.0135 5.6
      vertex -32.2301 39.8803 5.6
    endloop
  endfacet
  facet normal 0 0 1
    outer loop
      vertex -31.9716 42.3726 5.6
      vertex -32.7148 40.0904 5.6
      vertex -32.4717 40.0135 5.6
    endloop
  endfacet
  facet normal 0 0 1
    outer loop
      vertex -43.1949 44.7717 5.6
      vertex -32.7148 40.0904 5.6
      vertex -32.2347 42.442 5.6
    endloop
  endfacet
  facet normal 0 0 1
    outer loop
      vertex -48.3651 43.417 5.6
      vertex -43.1949 44.7717 5.6
      vertex -43.4339 44.8328 5.6
    endloop
  endfacet
  facet normal 0 0 1
    outer loop
      vertex -48.3651 43.417 5.6
      vertex -43.4339 44.8328 5.6
      vertex -43.8016 44.97 5.6
    endloop
  endfacet
  facet normal 0 0 1
    outer loop
      vertex -47.8755 49.2039 5.6
      vertex -45.5827 49.9143 5.6
      vertex -45.6377 50.1028 5.6
    endloop
  endfacet
  facet normal 0 0 1
    outer loop
      vertex -47.8755 49.2039 5.6
      vertex -45.6377 50.1028 5.6
      vertex -45.8398 50.6073 5.6
    endloop
  endfacet
  facet normal 0 0 1
    outer loop
      vertex -45.4936 48.4261 5.6
      vertex -47.8807 48.6757 5.6
      vertex -45.5325 48.1864 5.6
    endloop
  endfacet
  facet normal 0 0 1
    outer loop
      vertex -47.8755 49.2039 5.6
      vertex -45.8398 50.6073 5.6
      vertex -45.9297 50.7807 5.6
    endloop
  endfacet
  facet normal 0 0 1
    outer loop
      vertex -47.8755 49.2039 5.6
      vertex -45.9297 50.7807 5.6
      vertex -46.2274 51.2391 5.6
    endloop
  endfacet
  facet normal 0 0 1
    outer loop
      vertex -45.5325 48.1864 5.6
      vertex -47.8807 48.6757 5.6
      vertex -45.5699 47.7958 5.6
    endloop
  endfacet
  facet normal 0 0 1
    outer loop
      vertex -47.8755 49.2039 5.6
      vertex -46.2274 51.2391 5.6
      vertex -46.3493 51.3918 5.6
    endloop
  endfacet
  facet normal 0 0 1
    outer loop
      vertex -47.8755 49.2039 5.6
      vertex -46.3493 51.3918 5.6
      vertex -46.728 51.7817 5.6
    endloop
  endfacet
  facet normal 0 0 1
    outer loop
      vertex -47.8755 49.2039 5.6
      vertex -46.728 51.7817 5.6
      vertex -46.8778 51.9086 5.6
    endloop
  endfacet
  facet normal 0 0 1
    outer loop
      vertex -47.8755 49.2039 5.6
      vertex -46.8778 51.9086 5.6
      vertex -47.1722 52.1265 5.6
    endloop
  endfacet
  facet normal 0 0 1
    outer loop
      vertex -45.5699 47.7958 5.6
      vertex -47.8807 48.6757 5.6
      vertex -45.5559 47.4036 5.6
    endloop
  endfacet
  facet normal 0 0 1
    outer loop
      vertex -47.8755 49.2039 5.6
      vertex -47.1722 52.1265 5.6
      vertex -47.3358 52.224 5.6
    endloop
  endfacet
  facet normal 0 0 1
    outer loop
      vertex -47.8755 49.2039 5.6
      vertex -47.3358 52.224 5.6
      vertex -47.5078 52.3189 5.6
    endloop
  endfacet
  facet normal 0 0 1
    outer loop
      vertex -48.701 50.2361 5.6
      vertex -47.5078 52.3189 5.6
      vertex -47.8394 52.4743 5.6
    endloop
  endfacet
  facet normal 0 0 1
    outer loop
      vertex -45.5559 47.4036 5.6
      vertex -47.8807 48.6757 5.6
      vertex -45.4909 47.0166 5.6
    endloop
  endfacet
  facet normal 0 0 1
    outer loop
      vertex -48.8423 44.1518 5.6
      vertex -45.4909 47.0166 5.6
      vertex -47.8807 48.6757 5.6
    endloop
  endfacet
  facet normal 0 0 1
    outer loop
      vertex -45.4909 47.0166 5.6
      vertex -48.8423 44.1518 5.6
      vertex -45.3759 46.6414 5.6
    endloop
  endfacet
  facet normal 0 0 1
    outer loop
      vertex -45.3759 46.6414 5.6
      vertex -48.8423 44.1518 5.6
      vertex -45.2129 46.2844 5.6
    endloop
  endfacet
  facet normal 0 0 1
    outer loop
      vertex -45.2129 46.2844 5.6
      vertex -48.8423 44.1518 5.6
      vertex -45.0048 45.9518 5.6
    endloop
  endfacet
  facet normal 0 0 1
    outer loop
      vertex -43.1949 44.7717 5.6
      vertex -48.3651 43.417 5.6
      vertex -32.7148 40.0904 5.6
    endloop
  endfacet
  facet normal 0 0 1
    outer loop
      vertex -44.1482 45.154 5.6
      vertex -48.3651 43.417 5.6
      vertex -43.8016 44.97 5.6
    endloop
  endfacet
  facet normal 0 0 1
    outer loop
      vertex -44.4678 45.3817 5.6
      vertex -48.3651 43.417 5.6
      vertex -44.1482 45.154 5.6
    endloop
  endfacet
  facet normal 0 0 1
    outer loop
      vertex -44.755 45.6491 5.6
      vertex -48.3651 43.417 5.6
      vertex -44.4678 45.3817 5.6
    endloop
  endfacet
  facet normal 0 -0 1
    outer loop
      vertex -48.3651 43.417 5.6
      vertex -45.0048 45.9518 5.6
      vertex -48.8423 44.1518 5.6
    endloop
  endfacet
  facet normal 0 0 1
    outer loop
      vertex -45.0048 45.9518 5.6
      vertex -48.3651 43.417 5.6
      vertex -44.755 45.6491 5.6
    endloop
  endfacet
  facet normal 0 0 1
    outer loop
      vertex -48.3651 43.417 5.6
      vertex -48.8423 44.1518 5.6
      vertex -48.4957 43.4583 5.6
    endloop
  endfacet
  facet normal 0 0 1
    outer loop
      vertex -48.4957 43.4583 5.6
      vertex -48.8423 44.1518 5.6
      vertex -48.5981 43.5148 5.6
    endloop
  endfacet
  facet normal 0 0 1
    outer loop
      vertex -48.5981 43.5148 5.6
      vertex -48.8423 44.1518 5.6
      vertex -48.6878 43.5907 5.6
    endloop
  endfacet
  facet normal 0 0 1
    outer loop
      vertex -48.6878 43.5907 5.6
      vertex -48.8423 44.1518 5.6
      vertex -48.7609 43.6823 5.6
    endloop
  endfacet
  facet normal 0 0 1
    outer loop
      vertex -48.7609 43.6823 5.6
      vertex -48.8423 44.1518 5.6
      vertex -48.8148 43.7863 5.6
    endloop
  endfacet
  facet normal -0 0 1
    outer loop
      vertex -48.8576 44.0156 5.6
      vertex -48.8148 43.7863 5.6
      vertex -48.8423 44.1518 5.6
    endloop
  endfacet
  facet normal 0 0 1
    outer loop
      vertex -48.8148 43.7863 5.6
      vertex -48.8576 44.0156 5.6
      vertex -48.8477 43.8991 5.6
    endloop
  endfacet
  facet normal 0 0 1
    outer loop
      vertex -12.1387 33.0796 5.6
      vertex -14.5334 32.9158 5.6
      vertex -14.51 32.6408 5.6
    endloop
  endfacet
  facet normal 0 0 1
    outer loop
      vertex -14.1657 36.0307 5.6
      vertex -14.6105 33.1801 5.6
      vertex -14.5334 32.9158 5.6
    endloop
  endfacet
  facet normal 0 0 1
    outer loop
      vertex -15.3589 33.948 5.6
      vertex -14.4972 36.1861 5.6
      vertex -14.6723 36.248 5.6
    endloop
  endfacet
  facet normal 0 0 1
    outer loop
      vertex -14.1657 36.0307 5.6
      vertex -14.7364 33.423 5.6
      vertex -14.6105 33.1801 5.6
    endloop
  endfacet
  facet normal 0 0 1
    outer loop
      vertex -15.3589 33.948 5.6
      vertex -14.6723 36.248 5.6
      vertex -14.8592 36.3072 5.6
    endloop
  endfacet
  facet normal 0 0 1
    outer loop
      vertex -14.1657 36.0307 5.6
      vertex -14.9071 33.6368 5.6
      vertex -14.7364 33.423 5.6
    endloop
  endfacet
  facet normal 0 0 1
    outer loop
      vertex -14.1657 36.0307 5.6
      vertex -15.1172 33.8148 5.6
      vertex -14.9071 33.6368 5.6
    endloop
  endfacet
  facet normal 0 0 1
    outer loop
      vertex -15.6019 34.0249 5.6
      vertex -14.8592 36.3072 5.6
      vertex -15.1217 36.3765 5.6
    endloop
  endfacet
  facet normal 0 0 1
    outer loop
      vertex -14.1657 36.0307 5.6
      vertex -15.3589 33.948 5.6
      vertex -15.1172 33.8148 5.6
    endloop
  endfacet
  facet normal 0 0 1
    outer loop
      vertex -14.8592 36.3072 5.6
      vertex -15.6019 34.0249 5.6
      vertex -15.3589 33.948 5.6
    endloop
  endfacet
  facet normal 0 0 1
    outer loop
      vertex -27.6825 39.0464 5.6
      vertex -15.6019 34.0249 5.6
      vertex -15.1217 36.3765 5.6
    endloop
  endfacet
  facet normal 0 0 1
    outer loop
      vertex -31.2522 37.3515 5.6
      vertex -27.6825 39.0464 5.6
      vertex -27.9659 39.1212 5.6
    endloop
  endfacet
  facet normal 0 0 1
    outer loop
      vertex -31.2522 37.3515 5.6
      vertex -27.9659 39.1212 5.6
      vertex -28.3314 39.2641 5.6
    endloop
  endfacet
  facet normal 0 0 1
    outer loop
      vertex -31.6463 38.9813 5.6
      vertex -29.6479 40.4772 5.6
      vertex -29.9981 41.0165 5.6
    endloop
  endfacet
  facet normal 0 0 1
    outer loop
      vertex -31.6463 38.9813 5.6
      vertex -29.9981 41.0165 5.6
      vertex -30.12 41.1692 5.6
    endloop
  endfacet
  facet normal 0 0 1
    outer loop
      vertex -31.6463 38.9813 5.6
      vertex -30.12 41.1692 5.6
      vertex -30.4988 41.5591 5.6
    endloop
  endfacet
  facet normal 0 0 1
    outer loop
      vertex -31.6463 38.9813 5.6
      vertex -30.4988 41.5591 5.6
      vertex -30.6486 41.686 5.6
    endloop
  endfacet
  facet normal 0 0 1
    outer loop
      vertex -31.6463 38.9813 5.6
      vertex -30.6486 41.686 5.6
      vertex -30.9429 41.9038 5.6
    endloop
  endfacet
  facet normal 0 0 1
    outer loop
      vertex -31.6463 38.9813 5.6
      vertex -29.5192 40.2643 5.6
      vertex -29.6479 40.4772 5.6
    endloop
  endfacet
  facet normal 0 0 1
    outer loop
      vertex -31.6463 38.9813 5.6
      vertex -30.9429 41.9038 5.6
      vertex -31.1068 42.0016 5.6
    endloop
  endfacet
  facet normal 0 0 1
    outer loop
      vertex -27.6825 39.0464 5.6
      vertex -31.2522 37.3515 5.6
      vertex -15.6019 34.0249 5.6
    endloop
  endfacet
  facet normal 0 0 1
    outer loop
      vertex -28.6751 39.4534 5.6
      vertex -31.2522 37.3515 5.6
      vertex -28.3314 39.2641 5.6
    endloop
  endfacet
  facet normal 0 0 1
    outer loop
      vertex -28.9911 39.686 5.6
      vertex -31.2522 37.3515 5.6
      vertex -28.6751 39.4534 5.6
    endloop
  endfacet
  facet normal 0 0 1
    outer loop
      vertex -31.6229 38.7063 5.6
      vertex -28.9911 39.686 5.6
      vertex -29.2741 39.9579 5.6
    endloop
  endfacet
  facet normal 0 0 1
    outer loop
      vertex -31.6463 38.9813 5.6
      vertex -29.2741 39.9579 5.6
      vertex -29.5192 40.2643 5.6
    endloop
  endfacet
  facet normal 0 0 1
    outer loop
      vertex -31.6463 38.9813 5.6
      vertex -31.1068 42.0016 5.6
      vertex -31.2785 42.0962 5.6
    endloop
  endfacet
  facet normal 0 0 1
    outer loop
      vertex -28.9911 39.686 5.6
      vertex -31.6229 38.7063 5.6
      vertex -31.2522 37.3515 5.6
    endloop
  endfacet
  facet normal -0 0 1
    outer loop
      vertex -31.6514 38.453 5.6
      vertex -31.2522 37.3515 5.6
      vertex -31.6229 38.7063 5.6
    endloop
  endfacet
  facet normal -0 0 1
    outer loop
      vertex -31.7294 38.0863 5.6
      vertex -31.2522 37.3515 5.6
      vertex -31.6514 38.453 5.6
    endloop
  endfacet
  facet normal 0 0 1
    outer loop
      vertex -32.4717 40.0135 5.6
      vertex -31.2785 42.0962 5.6
      vertex -31.6104 42.2517 5.6
    endloop
  endfacet
  facet normal 0 0 1
    outer loop
      vertex -31.2522 37.3515 5.6
      vertex -31.7294 38.0863 5.6
      vertex -31.3828 37.3928 5.6
    endloop
  endfacet
  facet normal 0 0 1
    outer loop
      vertex -31.3828 37.3928 5.6
      vertex -31.7294 38.0863 5.6
      vertex -31.4852 37.4493 5.6
    endloop
  endfacet
  facet normal 0 0 1
    outer loop
      vertex -31.4852 37.4493 5.6
      vertex -31.7294 38.0863 5.6
      vertex -31.5749 37.5252 5.6
    endloop
  endfacet
  facet normal 0 0 1
    outer loop
      vertex -31.5749 37.5252 5.6
      vertex -31.7294 38.0863 5.6
      vertex -31.648 37.6168 5.6
    endloop
  endfacet
  facet normal 0 0 1
    outer loop
      vertex -31.648 37.6168 5.6
      vertex -31.7294 38.0863 5.6
      vertex -31.7019 37.7208 5.6
    endloop
  endfacet
  facet normal -0 0 1
    outer loop
      vertex -31.7448 37.9501 5.6
      vertex -31.7019 37.7208 5.6
      vertex -31.7294 38.0863 5.6
    endloop
  endfacet
  facet normal 0 0 1
    outer loop
      vertex -31.7019 37.7208 5.6
      vertex -31.7448 37.9501 5.6
      vertex -31.7348 37.8336 5.6
    endloop
  endfacet
  facet normal 0 0 1
    outer loop
      vertex -14.51 32.6408 5.6
      vertex -12.1124 32.6986 5.6
      vertex -12.122 32.8839 5.6
    endloop
  endfacet
  facet normal 0 0 1
    outer loop
      vertex -14.51 32.6408 5.6
      vertex -12.122 32.8839 5.6
      vertex -12.1387 33.0796 5.6
    endloop
  endfacet
  facet normal 0 0 1
    outer loop
      vertex -12.1124 32.6986 5.6
      vertex -14.51 32.6408 5.6
      vertex -12.1295 32.3328 5.6
    endloop
  endfacet
  facet normal 0 0 1
    outer loop
      vertex -14.5334 32.9158 5.6
      vertex -12.1387 33.0796 5.6
      vertex -12.1936 33.4417 5.6
    endloop
  endfacet
  facet normal 0 0 1
    outer loop
      vertex -12.1295 32.3328 5.6
      vertex -14.51 32.6408 5.6
      vertex -12.1515 32.138 5.6
    endloop
  endfacet
  facet normal 0 0 1
    outer loop
      vertex -14.5334 32.9158 5.6
      vertex -12.1936 33.4417 5.6
      vertex -12.2406 33.6263 5.6
    endloop
  endfacet
  facet normal 0 0 1
    outer loop
      vertex -14.5334 32.9158 5.6
      vertex -12.2406 33.6263 5.6
      vertex -12.2955 33.8146 5.6
    endloop
  endfacet
  facet normal 0 0 1
    outer loop
      vertex -14.5334 32.9158 5.6
      vertex -12.2955 33.8146 5.6
      vertex -12.4976 34.319 5.6
    endloop
  endfacet
  facet normal 0 0 1
    outer loop
      vertex -14.5334 32.9158 5.6
      vertex -12.4976 34.319 5.6
      vertex -12.5875 34.4924 5.6
    endloop
  endfacet
  facet normal 0 0 1
    outer loop
      vertex -14.5334 32.9158 5.6
      vertex -12.5875 34.4924 5.6
      vertex -12.8854 34.9512 5.6
    endloop
  endfacet
  facet normal 0 0 1
    outer loop
      vertex -14.5334 32.9158 5.6
      vertex -12.8854 34.9512 5.6
      vertex -13.0073 35.1039 5.6
    endloop
  endfacet
  facet normal 0 0 1
    outer loop
      vertex -14.5334 32.9158 5.6
      vertex -13.0073 35.1039 5.6
      vertex -13.3859 35.4935 5.6
    endloop
  endfacet
  facet normal 0 0 1
    outer loop
      vertex -14.5334 32.9158 5.6
      vertex -13.3859 35.4935 5.6
      vertex -13.5358 35.6205 5.6
    endloop
  endfacet
  facet normal 0 0 1
    outer loop
      vertex -14.5334 32.9158 5.6
      vertex -13.5358 35.6205 5.6
      vertex -13.8301 35.8383 5.6
    endloop
  endfacet
  facet normal 0 0 1
    outer loop
      vertex -14.5334 32.9158 5.6
      vertex -13.8301 35.8383 5.6
      vertex -13.9937 35.9359 5.6
    endloop
  endfacet
  facet normal 0 0 1
    outer loop
      vertex -14.5334 32.9158 5.6
      vertex -13.9937 35.9359 5.6
      vertex -14.1657 36.0307 5.6
    endloop
  endfacet
  facet normal 0 0 1
    outer loop
      vertex -15.3589 33.948 5.6
      vertex -14.1657 36.0307 5.6
      vertex -14.4972 36.1861 5.6
    endloop
  endfacet
  facet normal -0 0 1
    outer loop
      vertex -14.5386 32.3875 5.6
      vertex -12.1515 32.138 5.6
      vertex -14.51 32.6408 5.6
    endloop
  endfacet
  facet normal 0 0 1
    outer loop
      vertex -12.1515 32.138 5.6
      vertex -14.5386 32.3875 5.6
      vertex -12.195 31.8695 5.6
    endloop
  endfacet
  facet normal 0 0 1
    outer loop
      vertex -14.5386 32.3875 5.6
      vertex -22.1148 -14.7992 5.6
      vertex -12.195 31.8695 5.6
    endloop
  endfacet
  facet normal 0 0 1
    outer loop
      vertex -25.0214 -16.9301 5.6
      vertex -22.1763 -15.58 5.6
      vertex -22.1711 -15.1876 5.6
    endloop
  endfacet
  facet normal 0 0 1
    outer loop
      vertex -21.4616 -17.3713 5.6
      vertex -22.7056 -19.8666 5.6
      vertex -22.4317 -19.879 5.6
    endloop
  endfacet
  facet normal 0 0 1
    outer loop
      vertex -21.6964 -17.0569 5.6
      vertex -25.0214 -16.9301 5.6
      vertex -22.976 -19.9078 5.6
    endloop
  endfacet
  facet normal 0 0 1
    outer loop
      vertex -25.0214 -16.9301 5.6
      vertex -22.1711 -15.1876 5.6
      vertex -22.1148 -14.7992 5.6
    endloop
  endfacet
  facet normal 0 0 1
    outer loop
      vertex -25.0214 -16.9301 5.6
      vertex -22.1148 -14.7992 5.6
      vertex -14.5386 32.3875 5.6
    endloop
  endfacet
  facet normal 0 0 1
    outer loop
      vertex -21.6964 -17.0569 5.6
      vertex -22.976 -19.9078 5.6
      vertex -22.7056 -19.8666 5.6
    endloop
  endfacet
  facet normal 0 0 1
    outer loop
      vertex -22.976 -19.9078 5.6
      vertex -25.0214 -16.9301 5.6
      vertex -23.2348 -20.0003 5.6
    endloop
  endfacet
  facet normal 0 0 1
    outer loop
      vertex -23.2348 -20.0003 5.6
      vertex -25.0214 -16.9301 5.6
      vertex -23.4711 -20.1431 5.6
    endloop
  endfacet
  facet normal 0 0 1
    outer loop
      vertex -25.2034 -20.6825 5.6
      vertex -23.4711 -20.1431 5.6
      vertex -25.0214 -16.9301 5.6
    endloop
  endfacet
  facet normal 0 0 1
    outer loop
      vertex -23.4711 -20.1431 5.6
      vertex -25.2034 -20.6825 5.6
      vertex -23.6593 -20.3157 5.6
    endloop
  endfacet
  facet normal 0 0 1
    outer loop
      vertex -23.6593 -20.3157 5.6
      vertex -25.2034 -20.6825 5.6
      vertex -24.1724 -20.8848 5.6
    endloop
  endfacet
  facet normal 0 0 1
    outer loop
      vertex -24.1724 -20.8848 5.6
      vertex -25.2034 -20.6825 5.6
      vertex -24.2781 -20.9809 5.6
    endloop
  endfacet
  facet normal -0 -0 1
    outer loop
      vertex -25.1397 -20.8126 5.6
      vertex -24.2781 -20.9809 5.6
      vertex -25.2034 -20.6825 5.6
    endloop
  endfacet
  facet normal 0 0 1
    outer loop
      vertex -24.2781 -20.9809 5.6
      vertex -25.1397 -20.8126 5.6
      vertex -24.3841 -21.0422 5.6
    endloop
  endfacet
  facet normal 0 0 1
    outer loop
      vertex -24.3841 -21.0422 5.6
      vertex -25.1397 -20.8126 5.6
      vertex -24.5013 -21.0813 5.6
    endloop
  endfacet
  facet normal 0 0 1
    outer loop
      vertex -24.5013 -21.0813 5.6
      vertex -25.1397 -20.8126 5.6
      vertex -24.6241 -21.0957 5.6
    endloop
  endfacet
  facet normal 0 0 1
    outer loop
      vertex -24.6241 -21.0957 5.6
      vertex -25.1397 -20.8126 5.6
      vertex -24.7461 -21.085 5.6
    endloop
  endfacet
  facet normal 0 0 1
    outer loop
      vertex -24.7461 -21.085 5.6
      vertex -25.1397 -20.8126 5.6
      vertex -24.8636 -21.049 5.6
    endloop
  endfacet
  facet normal 0 0 1
    outer loop
      vertex -24.8636 -21.049 5.6
      vertex -25.1397 -20.8126 5.6
      vertex -24.9721 -20.9897 5.6
    endloop
  endfacet
  facet normal 0 0 1
    outer loop
      vertex -24.9721 -20.9897 5.6
      vertex -25.1397 -20.8126 5.6
      vertex -25.0648 -20.9108 5.6
    endloop
  endfacet
  facet normal 0 0 1
    outer loop
      vertex -26.3173 -17.6093 5.6
      vertex -25.0214 -16.9301 5.6
      vertex -25.6154 -16.8039 5.6
    endloop
  endfacet
  facet normal 0 0 1
    outer loop
      vertex -26.3173 -17.6093 5.6
      vertex -25.6154 -16.8039 5.6
      vertex -25.7506 -16.7888 5.6
    endloop
  endfacet
  facet normal 0 0 1
    outer loop
      vertex -26.3173 -17.6093 5.6
      vertex -25.7506 -16.7888 5.6
      vertex -25.8658 -16.798 5.6
    endloop
  endfacet
  facet normal 0 0 1
    outer loop
      vertex -26.3173 -17.6093 5.6
      vertex -25.8658 -16.798 5.6
      vertex -25.9765 -16.8292 5.6
    endloop
  endfacet
  facet normal 0 0 1
    outer loop
      vertex -26.3173 -17.6093 5.6
      vertex -25.9765 -16.8292 5.6
      vertex -26.08 -16.8817 5.6
    endloop
  endfacet
  facet normal 0 0 1
    outer loop
      vertex -26.2461 -17.0387 5.6
      vertex -26.08 -16.8817 5.6
      vertex -26.1711 -16.9519 5.6
    endloop
  endfacet
  facet normal 0 0 1
    outer loop
      vertex -26.08 -16.8817 5.6
      vertex -26.2461 -17.0387 5.6
      vertex -26.3173 -17.6093 5.6
    endloop
  endfacet
  facet normal 0 0 1
    outer loop
      vertex -26.3173 -17.6093 5.6
      vertex -26.2461 -17.0387 5.6
      vertex -26.3045 -17.1396 5.6
    endloop
  endfacet
  facet normal 0 0 1
    outer loop
      vertex -25.0214 -16.9301 5.6
      vertex -26.3173 -17.6093 5.6
      vertex -25.2034 -20.6825 5.6
    endloop
  endfacet
  facet normal -0 0 1
    outer loop
      vertex -26.3418 -17.2489 5.6
      vertex -26.3173 -17.6093 5.6
      vertex -26.3045 -17.1396 5.6
    endloop
  endfacet
  facet normal 0 0 1
    outer loop
      vertex -26.3418 -17.2489 5.6
      vertex -26.3509 -17.4784 5.6
      vertex -26.3173 -17.6093 5.6
    endloop
  endfacet
  facet normal 0 -0 1
    outer loop
      vertex -26.3509 -17.4784 5.6
      vertex -26.3418 -17.2489 5.6
      vertex -26.3576 -17.3638 5.6
    endloop
  endfacet
  facet normal 0 0 1
    outer loop
      vertex -56.6689 53.5266 3
      vertex -56.6741 52.9984 3
      vertex -56.6455 53.2517 3
    endloop
  endfacet
  facet normal 0 0 1
    outer loop
      vertex -56.746 53.7909 3
      vertex -56.6741 52.9984 3
      vertex -56.6689 53.5266 3
    endloop
  endfacet
  facet normal 0 0 1
    outer loop
      vertex -57.7375 54.6358 3
      vertex -56.6741 52.9984 3
      vertex -56.746 53.7909 3
    endloop
  endfacet
  facet normal 0 0 1
    outer loop
      vertex -56.6741 52.9984 3
      vertex -57.7375 54.6358 3
      vertex -56.7572 52.6072 3
    endloop
  endfacet
  facet normal 0 0 1
    outer loop
      vertex -57.7375 54.6358 3
      vertex -56.746 53.7909 3
      vertex -56.8719 54.0339 3
    endloop
  endfacet
  facet normal 0 0 1
    outer loop
      vertex -47.8755 49.2039 3
      vertex -47.8807 48.6757 3
      vertex -47.8521 48.929 3
    endloop
  endfacet
  facet normal 0 0 1
    outer loop
      vertex -47.9526 49.4682 3
      vertex -47.8807 48.6757 3
      vertex -47.8755 49.2039 3
    endloop
  endfacet
  facet normal 0 0 1
    outer loop
      vertex -48.0785 49.7112 3
      vertex -47.8807 48.6757 3
      vertex -47.9526 49.4682 3
    endloop
  endfacet
  facet normal 0 0 1
    outer loop
      vertex -48.2492 49.925 3
      vertex -47.8807 48.6757 3
      vertex -48.0785 49.7112 3
    endloop
  endfacet
  facet normal 0 0 1
    outer loop
      vertex -48.4594 50.1029 3
      vertex -47.8807 48.6757 3
      vertex -48.2492 49.925 3
    endloop
  endfacet
  facet normal 0 0 1
    outer loop
      vertex -48.701 50.2361 3
      vertex -47.8807 48.6757 3
      vertex -48.4594 50.1029 3
    endloop
  endfacet
  facet normal 0 0 1
    outer loop
      vertex -48.944 50.3131 3
      vertex -47.8807 48.6757 3
      vertex -48.701 50.2361 3
    endloop
  endfacet
  facet normal 0 0 1
    outer loop
      vertex -47.8807 48.6757 3
      vertex -48.944 50.3131 3
      vertex -48.8423 44.1518 3
    endloop
  endfacet
  facet normal 0 0 1
    outer loop
      vertex -56.2801 51.8724 3
      vertex -48.8423 44.1518 3
      vertex -48.944 50.3131 3
    endloop
  endfacet
  facet normal 0 0 1
    outer loop
      vertex -31.6463 38.9813 3
      vertex -31.6514 38.453 3
      vertex -31.6229 38.7063 3
    endloop
  endfacet
  facet normal 0 0 1
    outer loop
      vertex -31.7234 39.2456 3
      vertex -31.6514 38.453 3
      vertex -31.6463 38.9813 3
    endloop
  endfacet
  facet normal 0 0 1
    outer loop
      vertex -31.8493 39.4885 3
      vertex -31.6514 38.453 3
      vertex -31.7234 39.2456 3
    endloop
  endfacet
  facet normal 0 0 1
    outer loop
      vertex -31.6514 38.453 3
      vertex -31.8493 39.4885 3
      vertex -31.7294 38.0863 3
    endloop
  endfacet
  facet normal 0 0 1
    outer loop
      vertex -31.7294 38.0863 3
      vertex -31.8493 39.4885 3
      vertex -31.7448 37.9501 3
    endloop
  endfacet
  facet normal 0 0 1
    outer loop
      vertex -31.6754 -18.1739 3
      vertex -76.1871 -26.2434 3
      vertex -31.6913 -18.2839 3
    endloop
  endfacet
  facet normal 0 0 1
    outer loop
      vertex -31.6928 -18.3951 3
      vertex -31.9229 -35.3316 3
      vertex -31.7904 -35.3146 3
    endloop
  endfacet
  facet normal 0 0 1
    outer loop
      vertex -32.7148 40.0904 3
      vertex -31.8493 39.4885 3
      vertex -32.02 39.7023 3
    endloop
  endfacet
  facet normal 0 0 1
    outer loop
      vertex -32.7148 40.0904 3
      vertex -32.02 39.7023 3
      vertex -32.2301 39.8803 3
    endloop
  endfacet
  facet normal 0 0 1
    outer loop
      vertex -32.7148 40.0904 3
      vertex -32.2301 39.8803 3
      vertex -32.4717 40.0135 3
    endloop
  endfacet
  facet normal 0 0 1
    outer loop
      vertex -31.8493 39.4885 3
      vertex -32.7148 40.0904 3
      vertex -48.3651 43.417 3
    endloop
  endfacet
  facet normal 0 0 1
    outer loop
      vertex -31.6928 -18.3951 3
      vertex -35.3052 -36.0957 3
      vertex -31.9229 -35.3316 3
    endloop
  endfacet
  facet normal 0 0 1
    outer loop
      vertex -31.6928 -18.3951 3
      vertex -37.9951 -36.703 3
      vertex -35.3052 -36.0957 3
    endloop
  endfacet
  facet normal 0 -0 1
    outer loop
      vertex -37.8349 -36.6863 3
      vertex -35.3052 -36.0957 3
      vertex -37.9951 -36.703 3
    endloop
  endfacet
  facet normal 0 -0 1
    outer loop
      vertex -37.547 -36.7596 3
      vertex -35.3052 -36.0957 3
      vertex -37.6978 -36.7032 3
    endloop
  endfacet
  facet normal 0 -0 1
    outer loop
      vertex -37.2656 -36.9024 3
      vertex -35.3052 -36.0957 3
      vertex -37.547 -36.7596 3
    endloop
  endfacet
  facet normal 0 0 1
    outer loop
      vertex -35.4091 -36.2991 3
      vertex -37.2656 -36.9024 3
      vertex -35.5464 -36.5142 3
    endloop
  endfacet
  facet normal 0 0 1
    outer loop
      vertex -35.5464 -36.5142 3
      vertex -37.2656 -36.9024 3
      vertex -35.7365 -36.7122 3
    endloop
  endfacet
  facet normal 0 0 1
    outer loop
      vertex -35.7365 -36.7122 3
      vertex -37.2656 -36.9024 3
      vertex -35.9625 -36.8697 3
    endloop
  endfacet
  facet normal 0 0 1
    outer loop
      vertex -36.2146 -36.9792 3
      vertex -37.2656 -36.9024 3
      vertex -36.4816 -37.0382 3
    endloop
  endfacet
  facet normal 0 0 1
    outer loop
      vertex -36.4816 -37.0382 3
      vertex -37.2656 -36.9024 3
      vertex -36.7573 -37.0442 3
    endloop
  endfacet
  facet normal 0 0 1
    outer loop
      vertex -36.7573 -37.0442 3
      vertex -37.2656 -36.9024 3
      vertex -37.0282 -36.9953 3
    endloop
  endfacet
  facet normal 0 0 1
    outer loop
      vertex -35.9625 -36.8697 3
      vertex -37.2656 -36.9024 3
      vertex -36.2146 -36.9792 3
    endloop
  endfacet
  facet normal 0 0 1
    outer loop
      vertex -35.3052 -36.0957 3
      vertex -37.2656 -36.9024 3
      vertex -35.4091 -36.2991 3
    endloop
  endfacet
  facet normal 0 -0 1
    outer loop
      vertex -37.6978 -36.7032 3
      vertex -35.3052 -36.0957 3
      vertex -37.8349 -36.6863 3
    endloop
  endfacet
  facet normal 0 0 1
    outer loop
      vertex -31.6913 -18.2839 3
      vertex -48.0708 -38.7107 3
      vertex -31.6928 -18.3951 3
    endloop
  endfacet
  facet normal 0 0 1
    outer loop
      vertex -31.6928 -18.3951 3
      vertex -47.2351 -38.7916 3
      vertex -37.9951 -36.703 3
    endloop
  endfacet
  facet normal 0 0 1
    outer loop
      vertex -47.2351 -38.7916 3
      vertex -48.0708 -38.7107 3
      vertex -47.5104 -38.8235 3
    endloop
  endfacet
  facet normal 0 0 1
    outer loop
      vertex -47.5104 -38.8235 3
      vertex -48.0708 -38.7107 3
      vertex -47.8075 -38.7947 3
    endloop
  endfacet
  facet normal 0 -0 1
    outer loop
      vertex -48.0708 -38.7107 3
      vertex -31.6913 -18.2839 3
      vertex -76.1871 -26.2434 3
    endloop
  endfacet
  facet normal 0 0 1
    outer loop
      vertex -76.1871 -26.2434 3
      vertex -48.3651 43.417 3
      vertex -48.4957 43.4583 3
    endloop
  endfacet
  facet normal 0 0 1
    outer loop
      vertex -86.7396 38.7689 3
      vertex -48.4957 43.4583 3
      vertex -48.5981 43.5148 3
    endloop
  endfacet
  facet normal 0 0 1
    outer loop
      vertex -86.7396 38.7689 3
      vertex -48.5981 43.5148 3
      vertex -48.6878 43.5907 3
    endloop
  endfacet
  facet normal 0 0 1
    outer loop
      vertex -86.7396 38.7689 3
      vertex -48.6878 43.5907 3
      vertex -48.7609 43.6823 3
    endloop
  endfacet
  facet normal 0 0 1
    outer loop
      vertex -68.5544 52.2975 3
      vertex -48.7609 43.6823 3
      vertex -48.8148 43.7863 3
    endloop
  endfacet
  facet normal 0 0 1
    outer loop
      vertex -56.4107 51.9137 3
      vertex -48.8148 43.7863 3
      vertex -48.8477 43.8991 3
    endloop
  endfacet
  facet normal 0 0 1
    outer loop
      vertex -56.2801 51.8724 3
      vertex -48.8477 43.8991 3
      vertex -48.8576 44.0156 3
    endloop
  endfacet
  facet normal 0 0 1
    outer loop
      vertex -48.8423 44.1518 3
      vertex -56.2801 51.8724 3
      vertex -48.8576 44.0156 3
    endloop
  endfacet
  facet normal 0 0 1
    outer loop
      vertex -48.8477 43.8991 3
      vertex -56.2801 51.8724 3
      vertex -56.4107 51.9137 3
    endloop
  endfacet
  facet normal 0 0 1
    outer loop
      vertex -48.8148 43.7863 3
      vertex -56.4107 51.9137 3
      vertex -68.5544 52.2975 3
    endloop
  endfacet
  facet normal 0 0 1
    outer loop
      vertex -68.4512 52.3387 3
      vertex -56.4107 51.9137 3
      vertex -56.5131 51.9702 3
    endloop
  endfacet
  facet normal 0 0 1
    outer loop
      vertex -68.3541 52.3931 3
      vertex -56.5131 51.9702 3
      vertex -56.6028 52.0461 3
    endloop
  endfacet
  facet normal 0 0 1
    outer loop
      vertex -68.1854 52.5372 3
      vertex -56.6028 52.0461 3
      vertex -56.6759 52.1377 3
    endloop
  endfacet
  facet normal 0 0 1
    outer loop
      vertex -68.1166 52.6245 3
      vertex -56.6759 52.1377 3
      vertex -56.7298 52.2417 3
    endloop
  endfacet
  facet normal 0 0 1
    outer loop
      vertex -68.0158 52.8222 3
      vertex -56.7298 52.2417 3
      vertex -56.7627 52.3545 3
    endloop
  endfacet
  facet normal 0 0 1
    outer loop
      vertex -57.7375 54.6358 3
      vertex -56.8719 54.0339 3
      vertex -57.0427 54.2477 3
    endloop
  endfacet
  facet normal 0 0 1
    outer loop
      vertex -56.7572 52.6072 3
      vertex -57.7375 54.6358 3
      vertex -56.7726 52.471 3
    endloop
  endfacet
  facet normal 0 0 1
    outer loop
      vertex -56.7726 52.471 3
      vertex -57.7375 54.6358 3
      vertex -56.7627 52.3545 3
    endloop
  endfacet
  facet normal 0 0 1
    outer loop
      vertex -57.7375 54.6358 3
      vertex -57.0427 54.2477 3
      vertex -57.2527 54.4256 3
    endloop
  endfacet
  facet normal 0 0 1
    outer loop
      vertex -57.7375 54.6358 3
      vertex -57.2527 54.4256 3
      vertex -57.4944 54.5588 3
    endloop
  endfacet
  facet normal -0 0 1
    outer loop
      vertex -68.0158 52.8222 3
      vertex -56.7627 52.3545 3
      vertex -57.7375 54.6358 3
    endloop
  endfacet
  facet normal 0 0 1
    outer loop
      vertex -67.9697 53.0393 3
      vertex -57.7375 54.6358 3
      vertex -67.9683 53.1504 3
    endloop
  endfacet
  facet normal 0 0 1
    outer loop
      vertex -67.9857 52.9292 3
      vertex -57.7375 54.6358 3
      vertex -67.9697 53.0393 3
    endloop
  endfacet
  facet normal 0 0 1
    outer loop
      vertex -68.0158 52.8222 3
      vertex -57.7375 54.6358 3
      vertex -67.9857 52.9292 3
    endloop
  endfacet
  facet normal 0 0 1
    outer loop
      vertex -56.7298 52.2417 3
      vertex -68.0158 52.8222 3
      vertex -68.0597 52.7201 3
    endloop
  endfacet
  facet normal 0 0 1
    outer loop
      vertex -56.7298 52.2417 3
      vertex -68.0597 52.7201 3
      vertex -68.1166 52.6245 3
    endloop
  endfacet
  facet normal 0 0 1
    outer loop
      vertex -56.6759 52.1377 3
      vertex -68.1166 52.6245 3
      vertex -68.1854 52.5372 3
    endloop
  endfacet
  facet normal 0 0 1
    outer loop
      vertex -56.6028 52.0461 3
      vertex -68.1854 52.5372 3
      vertex -68.2651 52.4596 3
    endloop
  endfacet
  facet normal 0 0 1
    outer loop
      vertex -56.6028 52.0461 3
      vertex -68.2651 52.4596 3
      vertex -68.3541 52.3931 3
    endloop
  endfacet
  facet normal 0 0 1
    outer loop
      vertex -56.5131 51.9702 3
      vertex -68.3541 52.3931 3
      vertex -68.4512 52.3387 3
    endloop
  endfacet
  facet normal 0 0 1
    outer loop
      vertex -56.4107 51.9137 3
      vertex -68.4512 52.3387 3
      vertex -68.5544 52.2975 3
    endloop
  endfacet
  facet normal 0 0 1
    outer loop
      vertex -48.7609 43.6823 3
      vertex -68.5544 52.2975 3
      vertex -68.6622 52.2702 3
    endloop
  endfacet
  facet normal 0 0 1
    outer loop
      vertex -48.7609 43.6823 3
      vertex -68.6622 52.2702 3
      vertex -86.7396 38.7689 3
    endloop
  endfacet
  facet normal 0 0 1
    outer loop
      vertex -86.7396 38.7689 3
      vertex -68.6622 52.2702 3
      vertex -68.7726 52.2571 3
    endloop
  endfacet
  facet normal 0 0 1
    outer loop
      vertex -86.7396 38.7689 3
      vertex -68.7726 52.2571 3
      vertex -68.8838 52.2586 3
    endloop
  endfacet
  facet normal 0 0 1
    outer loop
      vertex -86.7396 38.7689 3
      vertex -68.8838 52.2586 3
      vertex -68.9938 52.2745 3
    endloop
  endfacet
  facet normal 0 0 1
    outer loop
      vertex -86.7396 38.7689 3
      vertex -68.9938 52.2745 3
      vertex -69.1008 52.3047 3
    endloop
  endfacet
  facet normal 0 0 1
    outer loop
      vertex -86.7396 38.7689 3
      vertex -69.1008 52.3047 3
      vertex -69.203 52.3486 3
    endloop
  endfacet
  facet normal 0 0 1
    outer loop
      vertex -86.7396 38.7689 3
      vertex -69.203 52.3486 3
      vertex -69.2985 52.4054 3
    endloop
  endfacet
  facet normal 0 0 1
    outer loop
      vertex -86.7396 38.7689 3
      vertex -69.2985 52.4054 3
      vertex -69.3858 52.4743 3
    endloop
  endfacet
  facet normal 0 0 1
    outer loop
      vertex -86.7396 38.7689 3
      vertex -69.3858 52.4743 3
      vertex -69.4634 52.5539 3
    endloop
  endfacet
  facet normal 0 0 1
    outer loop
      vertex -86.7396 38.7689 3
      vertex -69.4634 52.5539 3
      vertex -69.53 52.643 3
    endloop
  endfacet
  facet normal 0 0 1
    outer loop
      vertex -86.7396 38.7689 3
      vertex -69.53 52.643 3
      vertex -69.5843 52.74 3
    endloop
  endfacet
  facet normal 0 0 1
    outer loop
      vertex -86.7396 38.7689 3
      vertex -69.5843 52.74 3
      vertex -69.6255 52.8433 3
    endloop
  endfacet
  facet normal 0 0 1
    outer loop
      vertex -81.8204 61.9119 3
      vertex -69.6255 52.8433 3
      vertex -69.6529 52.951 3
    endloop
  endfacet
  facet normal 0 0 1
    outer loop
      vertex -69.6645 53.1726 3
      vertex -81.8204 61.9119 3
      vertex -69.6659 53.0615 3
    endloop
  endfacet
  facet normal 0 -0 1
    outer loop
      vertex -47.2351 -38.7916 3
      vertex -31.6928 -18.3951 3
      vertex -48.0708 -38.7107 3
    endloop
  endfacet
  facet normal 0 0 1
    outer loop
      vertex -69.6659 53.0615 3
      vertex -81.8204 61.9119 3
      vertex -69.6529 52.951 3
    endloop
  endfacet
  facet normal 0 0 1
    outer loop
      vertex -70.3777 66.1147 3
      vertex -70.4724 57.3427 3
      vertex -68.6843 65.7547 3
    endloop
  endfacet
  facet normal -0 0 1
    outer loop
      vertex -81.8204 61.9119 3
      vertex -70.4724 57.3427 3
      vertex -70.3777 66.1147 3
    endloop
  endfacet
  facet normal 0 0 1
    outer loop
      vertex -48.4957 43.4583 3
      vertex -86.7396 38.7689 3
      vertex -76.1871 -26.2434 3
    endloop
  endfacet
  facet normal 0 0 1
    outer loop
      vertex -76.1871 -26.2434 3
      vertex -86.7396 38.7689 3
      vertex -76.3274 -26.1978 3
    endloop
  endfacet
  facet normal 0 0 1
    outer loop
      vertex -76.3274 -26.1978 3
      vertex -86.7396 38.7689 3
      vertex -76.4522 -26.1853 3
    endloop
  endfacet
  facet normal -0 0 1
    outer loop
      vertex -100.697 -15.4353 3
      vertex -76.4522 -26.1853 3
      vertex -86.7396 38.7689 3
    endloop
  endfacet
  facet normal 0 0 1
    outer loop
      vertex -76.4522 -26.1853 3
      vertex -100.697 -15.4353 3
      vertex -76.5776 -26.1996 3
    endloop
  endfacet
  facet normal -0 -0 1
    outer loop
      vertex -100.622 -15.5386 3
      vertex -76.5776 -26.1996 3
      vertex -100.697 -15.4353 3
    endloop
  endfacet
  facet normal 0 0 1
    outer loop
      vertex -76.5776 -26.1996 3
      vertex -100.622 -15.5386 3
      vertex -76.698 -26.2398 3
    endloop
  endfacet
  facet normal -0 -0 1
    outer loop
      vertex -100.572 -15.653 3
      vertex -76.698 -26.2398 3
      vertex -100.622 -15.5386 3
    endloop
  endfacet
  facet normal 0 0 1
    outer loop
      vertex -76.698 -26.2398 3
      vertex -100.572 -15.653 3
      vertex -76.8298 -26.3174 3
    endloop
  endfacet
  facet normal -0 -0 1
    outer loop
      vertex -100.541 -15.8029 3
      vertex -76.8298 -26.3174 3
      vertex -100.572 -15.653 3
    endloop
  endfacet
  facet normal 0 0 1
    outer loop
      vertex -76.8298 -26.3174 3
      vertex -100.541 -15.8029 3
      vertex -77.4518 -26.7565 3
    endloop
  endfacet
  facet normal 0 0 1
    outer loop
      vertex -77.4518 -26.7565 3
      vertex -100.541 -15.8029 3
      vertex -78.1189 -27.1759 3
    endloop
  endfacet
  facet normal 0 0 1
    outer loop
      vertex -69.6255 52.8433 3
      vertex -81.8204 61.9119 3
      vertex -86.7396 38.7689 3
    endloop
  endfacet
  facet normal -0 0 1
    outer loop
      vertex -100.584 66.1147 3
      vertex -81.8204 61.9119 3
      vertex -70.3777 66.1147 3
    endloop
  endfacet
  facet normal 0 0 1
    outer loop
      vertex -101.28 66.0481 3
      vertex -100.584 66.1147 3
      vertex -100.821 66.1046 3
    endloop
  endfacet
  facet normal 0 0 1
    outer loop
      vertex -101.28 66.0481 3
      vertex -100.821 66.1046 3
      vertex -101.017 66.0879 3
    endloop
  endfacet
  facet normal 0 0 1
    outer loop
      vertex -100.584 66.1147 3
      vertex -101.28 66.0481 3
      vertex -81.8204 61.9119 3
    endloop
  endfacet
  facet normal 0 0 1
    outer loop
      vertex -78.1189 -27.1759 3
      vertex -100.541 -15.8029 3
      vertex -78.8075 -27.5589 3
    endloop
  endfacet
  facet normal 0 0 1
    outer loop
      vertex -79.5145 -27.9055 3
      vertex -100.541 -15.8029 3
      vertex -80.24 -28.2146 3
    endloop
  endfacet
  facet normal 0 0 1
    outer loop
      vertex -80.24 -28.2146 3
      vertex -100.541 -15.8029 3
      vertex -80.9805 -28.4849 3
    endloop
  endfacet
  facet normal 0 0 1
    outer loop
      vertex -80.9805 -28.4849 3
      vertex -100.541 -15.8029 3
      vertex -81.7342 -28.7144 3
    endloop
  endfacet
  facet normal 0 0 1
    outer loop
      vertex -81.7342 -28.7144 3
      vertex -100.541 -15.8029 3
      vertex -82.4984 -28.9049 3
    endloop
  endfacet
  facet normal 0 0 1
    outer loop
      vertex -82.4984 -28.9049 3
      vertex -100.541 -15.8029 3
      vertex -83.273 -29.0544 3
    endloop
  endfacet
  facet normal 0 0 1
    outer loop
      vertex -83.273 -29.0544 3
      vertex -100.541 -15.8029 3
      vertex -84.0533 -29.1627 3
    endloop
  endfacet
  facet normal 0 0 1
    outer loop
      vertex -84.0533 -29.1627 3
      vertex -100.541 -15.8029 3
      vertex -84.8388 -29.23 3
    endloop
  endfacet
  facet normal 0 0 1
    outer loop
      vertex -84.8388 -29.23 3
      vertex -100.541 -15.8029 3
      vertex -85.6258 -29.255 3
    endloop
  endfacet
  facet normal 0 0 1
    outer loop
      vertex -85.6258 -29.255 3
      vertex -100.541 -15.8029 3
      vertex -86.4133 -29.2389 3
    endloop
  endfacet
  facet normal 0 0 1
    outer loop
      vertex -86.4133 -29.2389 3
      vertex -100.541 -15.8029 3
      vertex -87.1994 -29.181 3
    endloop
  endfacet
  facet normal 0 0 1
    outer loop
      vertex -87.1994 -29.181 3
      vertex -100.541 -15.8029 3
      vertex -87.982 -29.0819 3
    endloop
  endfacet
  facet normal 0 0 1
    outer loop
      vertex -87.982 -29.0819 3
      vertex -100.541 -15.8029 3
      vertex -88.7571 -28.9414 3
    endloop
  endfacet
  facet normal 0 0 1
    outer loop
      vertex -88.7571 -28.9414 3
      vertex -100.541 -15.8029 3
      vertex -89.5242 -28.7594 3
    endloop
  endfacet
  facet normal 0 0 1
    outer loop
      vertex -89.5242 -28.7594 3
      vertex -100.541 -15.8029 3
      vertex -90.2795 -28.5379 3
    endloop
  endfacet
  facet normal 0 0 1
    outer loop
      vertex -90.2795 -28.5379 3
      vertex -100.541 -15.8029 3
      vertex -91.0234 -28.2769 3
    endloop
  endfacet
  facet normal 0 0 1
    outer loop
      vertex -91.7519 -27.977 3
      vertex -100.541 -15.8029 3
      vertex -92.4639 -27.6386 3
    endloop
  endfacet
  facet normal 0 0 1
    outer loop
      vertex -92.4639 -27.6386 3
      vertex -100.541 -15.8029 3
      vertex -93.1571 -27.2623 3
    endloop
  endfacet
  facet normal 0 0 1
    outer loop
      vertex -93.1571 -27.2623 3
      vertex -100.541 -15.8029 3
      vertex -93.8289 -26.8506 3
    endloop
  endfacet
  facet normal 0 0 1
    outer loop
      vertex -93.8289 -26.8506 3
      vertex -100.541 -15.8029 3
      vertex -94.478 -26.4048 3
    endloop
  endfacet
  facet normal 0 0 1
    outer loop
      vertex -94.478 -26.4048 3
      vertex -100.541 -15.8029 3
      vertex -95.103 -25.9241 3
    endloop
  endfacet
  facet normal 0 0 1
    outer loop
      vertex -95.103 -25.9241 3
      vertex -100.541 -15.8029 3
      vertex -95.701 -25.4115 3
    endloop
  endfacet
  facet normal 0 0 1
    outer loop
      vertex -95.701 -25.4115 3
      vertex -100.541 -15.8029 3
      vertex -96.2714 -24.868 3
    endloop
  endfacet
  facet normal 0 0 1
    outer loop
      vertex -96.2714 -24.868 3
      vertex -100.541 -15.8029 3
      vertex -96.8125 -24.2949 3
    endloop
  endfacet
  facet normal 0 0 1
    outer loop
      vertex -96.8125 -24.2949 3
      vertex -100.541 -15.8029 3
      vertex -97.3224 -23.6939 3
    endloop
  endfacet
  facet normal 0 0 1
    outer loop
      vertex -97.3224 -23.6939 3
      vertex -100.541 -15.8029 3
      vertex -97.8005 -23.067 3
    endloop
  endfacet
  facet normal 0 0 1
    outer loop
      vertex -97.8005 -23.067 3
      vertex -100.541 -15.8029 3
      vertex -98.2442 -22.4158 3
    endloop
  endfacet
  facet normal 0 0 1
    outer loop
      vertex -98.2442 -22.4158 3
      vertex -100.541 -15.8029 3
      vertex -98.6525 -21.7418 3
    endloop
  endfacet
  facet normal 0 0 1
    outer loop
      vertex -98.6525 -21.7418 3
      vertex -100.541 -15.8029 3
      vertex -99.0249 -21.0482 3
    endloop
  endfacet
  facet normal 0 0 1
    outer loop
      vertex -99.3609 -20.3348 3
      vertex -100.541 -15.8029 3
      vertex -99.6575 -19.6044 3
    endloop
  endfacet
  facet normal 0 0 1
    outer loop
      vertex -99.6575 -19.6044 3
      vertex -100.541 -15.8029 3
      vertex -99.9151 -18.8596 3
    endloop
  endfacet
  facet normal 0 0 1
    outer loop
      vertex -99.9151 -18.8596 3
      vertex -100.541 -15.8029 3
      vertex -100.133 -18.1031 3
    endloop
  endfacet
  facet normal 0 0 1
    outer loop
      vertex -100.133 -18.1031 3
      vertex -100.541 -15.8029 3
      vertex -100.312 -17.3349 3
    endloop
  endfacet
  facet normal 0 0 1
    outer loop
      vertex -100.312 -17.3349 3
      vertex -100.541 -15.8029 3
      vertex -100.448 -16.5591 3
    endloop
  endfacet
  facet normal 0 0 1
    outer loop
      vertex -99.0249 -21.0482 3
      vertex -100.541 -15.8029 3
      vertex -99.3609 -20.3348 3
    endloop
  endfacet
  facet normal 0 0 1
    outer loop
      vertex -91.0234 -28.2769 3
      vertex -100.541 -15.8029 3
      vertex -91.7519 -27.977 3
    endloop
  endfacet
  facet normal 0 0 1
    outer loop
      vertex -78.8075 -27.5589 3
      vertex -100.541 -15.8029 3
      vertex -79.5145 -27.9055 3
    endloop
  endfacet
  facet normal -0 0 1
    outer loop
      vertex -104.729 -10.5169 3
      vertex -100.697 -15.4353 3
      vertex -86.7396 38.7689 3
    endloop
  endfacet
  facet normal 0 0 1
    outer loop
      vertex -100.697 -15.4353 3
      vertex -104.729 -10.5169 3
      vertex -100.79 -15.3508 3
    endloop
  endfacet
  facet normal -0 -0 1
    outer loop
      vertex -104.674 -10.6139 3
      vertex -100.79 -15.3508 3
      vertex -104.729 -10.5169 3
    endloop
  endfacet
  facet normal 0 0 1
    outer loop
      vertex -100.917 -15.2775 3
      vertex -104.606 -10.8249 3
      vertex -104.593 -10.9353 3
    endloop
  endfacet
  facet normal 0 0 1
    outer loop
      vertex -100.917 -15.2775 3
      vertex -104.633 -10.7172 3
      vertex -104.606 -10.8249 3
    endloop
  endfacet
  facet normal 0 0 1
    outer loop
      vertex -100.79 -15.3508 3
      vertex -104.633 -10.7172 3
      vertex -100.917 -15.2775 3
    endloop
  endfacet
  facet normal -0 -0 1
    outer loop
      vertex -104.633 -10.7172 3
      vertex -100.79 -15.3508 3
      vertex -104.674 -10.6139 3
    endloop
  endfacet
  facet normal 0 0 1
    outer loop
      vertex -86.7396 38.7689 3
      vertex -104.795 -10.4278 3
      vertex -104.729 -10.5169 3
    endloop
  endfacet
  facet normal 0 0 1
    outer loop
      vertex -86.7396 38.7689 3
      vertex -104.873 -10.3481 3
      vertex -104.795 -10.4278 3
    endloop
  endfacet
  facet normal 0 0 1
    outer loop
      vertex -86.7396 38.7689 3
      vertex -104.96 -10.2793 3
      vertex -104.873 -10.3481 3
    endloop
  endfacet
  facet normal 0 0 1
    outer loop
      vertex -86.7396 38.7689 3
      vertex -105.056 -10.2225 3
      vertex -104.96 -10.2793 3
    endloop
  endfacet
  facet normal 0 0 1
    outer loop
      vertex -86.7396 38.7689 3
      vertex -105.158 -10.1786 3
      vertex -105.056 -10.2225 3
    endloop
  endfacet
  facet normal 0 0 1
    outer loop
      vertex -86.7396 38.7689 3
      vertex -105.265 -10.1484 3
      vertex -105.158 -10.1786 3
    endloop
  endfacet
  facet normal -0 0 1
    outer loop
      vertex -116.399 -5.2968 3
      vertex -105.265 -10.1484 3
      vertex -86.7396 38.7689 3
    endloop
  endfacet
  facet normal 0 0 1
    outer loop
      vertex -105.265 -10.1484 3
      vertex -116.399 -5.2968 3
      vertex -105.375 -10.1324 3
    endloop
  endfacet
  facet normal 0 0 1
    outer loop
      vertex -105.375 -10.1324 3
      vertex -116.399 -5.2968 3
      vertex -105.486 -10.131 3
    endloop
  endfacet
  facet normal 0 0 1
    outer loop
      vertex -105.486 -10.131 3
      vertex -116.399 -5.2968 3
      vertex -105.597 -10.1441 3
    endloop
  endfacet
  facet normal 0 0 1
    outer loop
      vertex -105.597 -10.1441 3
      vertex -116.399 -5.2968 3
      vertex -105.704 -10.1714 3
    endloop
  endfacet
  facet normal 0 0 1
    outer loop
      vertex -105.704 -10.1714 3
      vertex -116.399 -5.2968 3
      vertex -105.808 -10.2126 3
    endloop
  endfacet
  facet normal -0 -0 1
    outer loop
      vertex -115.761 -6.75696 3
      vertex -105.808 -10.2126 3
      vertex -116.399 -5.2968 3
    endloop
  endfacet
  facet normal 0 0 1
    outer loop
      vertex -105.808 -10.2126 3
      vertex -115.761 -6.75696 3
      vertex -105.905 -10.2669 3
    endloop
  endfacet
  facet normal 0 0 1
    outer loop
      vertex -105.905 -10.2669 3
      vertex -115.761 -6.75696 3
      vertex -105.994 -10.3335 3
    endloop
  endfacet
  facet normal 0 0 1
    outer loop
      vertex -116.399 -5.2968 3
      vertex -86.7396 38.7689 3
      vertex -106.156 42.896 3
    endloop
  endfacet
  facet normal 0 0 1
    outer loop
      vertex -105.994 -10.3335 3
      vertex -115.761 -6.75696 3
      vertex -106.073 -10.4111 3
    endloop
  endfacet
  facet normal -0 -0 1
    outer loop
      vertex -115.263 -8.91574 3
      vertex -106.073 -10.4111 3
      vertex -115.761 -6.75696 3
    endloop
  endfacet
  facet normal 0 0 1
    outer loop
      vertex -106.073 -10.4111 3
      vertex -115.263 -8.91574 3
      vertex -106.142 -10.4984 3
    endloop
  endfacet
  facet normal 0 0 1
    outer loop
      vertex -106.142 -10.4984 3
      vertex -115.263 -8.91574 3
      vertex -106.199 -10.5939 3
    endloop
  endfacet
  facet normal 0 0 1
    outer loop
      vertex -106.199 -10.5939 3
      vertex -115.263 -8.91574 3
      vertex -106.243 -10.6961 3
    endloop
  endfacet
  facet normal 0 0 1
    outer loop
      vertex -106.243 -10.6961 3
      vertex -115.263 -8.91574 3
      vertex -106.273 -10.8031 3
    endloop
  endfacet
  facet normal 0 0 1
    outer loop
      vertex -106.289 -10.9131 3
      vertex -115.263 -8.91574 3
      vertex -106.29 -11.0243 3
    endloop
  endfacet
  facet normal 0 0 1
    outer loop
      vertex -115.263 -8.91574 3
      vertex -115.761 -6.75696 3
      vertex -115.494 -8.783 3
    endloop
  endfacet
  facet normal 0 0 1
    outer loop
      vertex -115.494 -8.783 3
      vertex -115.761 -6.75696 3
      vertex -115.71 -8.59248 3
    endloop
  endfacet
  facet normal 0 0 1
    outer loop
      vertex -106.273 -10.8031 3
      vertex -115.263 -8.91574 3
      vertex -106.289 -10.9131 3
    endloop
  endfacet
  facet normal -0 -0 1
    outer loop
      vertex -116.202 -6.33229 3
      vertex -115.761 -6.75696 3
      vertex -116.399 -5.2968 3
    endloop
  endfacet
  facet normal 0 0 1
    outer loop
      vertex -115.761 -6.75696 3
      vertex -116.031 -6.54613 3
      vertex -115.821 -6.72406 3
    endloop
  endfacet
  facet normal 0 0 1
    outer loop
      vertex -115.761 -6.75696 3
      vertex -116.202 -6.33229 3
      vertex -116.031 -6.54613 3
    endloop
  endfacet
  facet normal 0 0 1
    outer loop
      vertex -116.202 -6.33229 3
      vertex -116.399 -5.2968 3
      vertex -116.328 -6.08936 3
    endloop
  endfacet
  facet normal 0 0 1
    outer loop
      vertex -116.399 -5.2968 3
      vertex -116.405 -5.82506 3
      vertex -116.328 -6.08936 3
    endloop
  endfacet
  facet normal 0 -0 1
    outer loop
      vertex -116.405 -5.82506 3
      vertex -116.399 -5.2968 3
      vertex -116.428 -5.55013 3
    endloop
  endfacet
  facet normal -0 0 1
    outer loop
      vertex -104.594 -11.0465 3
      vertex -100.917 -15.2775 3
      vertex -104.593 -10.9353 3
    endloop
  endfacet
  facet normal -0 0 1
    outer loop
      vertex -104.61 -11.1565 3
      vertex -100.917 -15.2775 3
      vertex -104.594 -11.0465 3
    endloop
  endfacet
  facet normal -0 0 1
    outer loop
      vertex -104.64 -11.2636 3
      vertex -100.917 -15.2775 3
      vertex -104.61 -11.1565 3
    endloop
  endfacet
  facet normal -0 0 1
    outer loop
      vertex -104.684 -11.3657 3
      vertex -100.917 -15.2775 3
      vertex -104.64 -11.2636 3
    endloop
  endfacet
  facet normal -0 0 1
    outer loop
      vertex -104.741 -11.4613 3
      vertex -100.917 -15.2775 3
      vertex -104.684 -11.3657 3
    endloop
  endfacet
  facet normal -0 0 1
    outer loop
      vertex -104.81 -11.5486 3
      vertex -100.917 -15.2775 3
      vertex -104.741 -11.4613 3
    endloop
  endfacet
  facet normal -0 0 1
    outer loop
      vertex -104.89 -11.6262 3
      vertex -100.917 -15.2775 3
      vertex -104.81 -11.5486 3
    endloop
  endfacet
  facet normal -0 0 1
    outer loop
      vertex -104.979 -11.6927 3
      vertex -100.917 -15.2775 3
      vertex -104.89 -11.6262 3
    endloop
  endfacet
  facet normal -0 0 1
    outer loop
      vertex -105.076 -11.747 3
      vertex -100.917 -15.2775 3
      vertex -104.979 -11.6927 3
    endloop
  endfacet
  facet normal -0 0 1
    outer loop
      vertex -105.179 -11.7882 3
      vertex -100.917 -15.2775 3
      vertex -105.076 -11.747 3
    endloop
  endfacet
  facet normal -0 0 1
    outer loop
      vertex -105.287 -11.8156 3
      vertex -100.917 -15.2775 3
      vertex -105.179 -11.7882 3
    endloop
  endfacet
  facet normal -0 0 1
    outer loop
      vertex -105.397 -11.8287 3
      vertex -100.917 -15.2775 3
      vertex -105.287 -11.8156 3
    endloop
  endfacet
  facet normal 0 0 1
    outer loop
      vertex -105.508 -11.8272 3
      vertex -100.917 -15.2775 3
      vertex -105.397 -11.8287 3
    endloop
  endfacet
  facet normal 0 0 1
    outer loop
      vertex -105.618 -11.8112 3
      vertex -100.917 -15.2775 3
      vertex -105.508 -11.8272 3
    endloop
  endfacet
  facet normal 0 0 1
    outer loop
      vertex -105.725 -11.7811 3
      vertex -100.917 -15.2775 3
      vertex -105.618 -11.8112 3
    endloop
  endfacet
  facet normal 0 0 1
    outer loop
      vertex -105.827 -11.7372 3
      vertex -100.917 -15.2775 3
      vertex -105.725 -11.7811 3
    endloop
  endfacet
  facet normal 0 0 1
    outer loop
      vertex -115.263 -8.91574 3
      vertex -105.827 -11.7372 3
      vertex -105.923 -11.6803 3
    endloop
  endfacet
  facet normal 0 0 1
    outer loop
      vertex -105.827 -11.7372 3
      vertex -115.263 -8.91574 3
      vertex -100.917 -15.2775 3
    endloop
  endfacet
  facet normal 0 0 1
    outer loop
      vertex -106.01 -11.6115 3
      vertex -115.263 -8.91574 3
      vertex -105.923 -11.6803 3
    endloop
  endfacet
  facet normal 0 0 1
    outer loop
      vertex -106.088 -11.5318 3
      vertex -115.263 -8.91574 3
      vertex -106.01 -11.6115 3
    endloop
  endfacet
  facet normal 0 0 1
    outer loop
      vertex -106.154 -11.4428 3
      vertex -115.263 -8.91574 3
      vertex -106.088 -11.5318 3
    endloop
  endfacet
  facet normal 0 0 1
    outer loop
      vertex -106.209 -11.3458 3
      vertex -115.263 -8.91574 3
      vertex -106.154 -11.4428 3
    endloop
  endfacet
  facet normal 0 0 1
    outer loop
      vertex -106.25 -11.2425 3
      vertex -115.263 -8.91574 3
      vertex -106.209 -11.3458 3
    endloop
  endfacet
  facet normal 0 0 1
    outer loop
      vertex -106.277 -11.1347 3
      vertex -115.263 -8.91574 3
      vertex -106.25 -11.2425 3
    endloop
  endfacet
  facet normal 0 0 1
    outer loop
      vertex -115.263 -8.91574 3
      vertex -106.277 -11.1347 3
      vertex -106.29 -11.0243 3
    endloop
  endfacet
  facet normal 0 0 1
    outer loop
      vertex -115.761 -6.75696 3
      vertex -115.881 -8.36197 3
      vertex -115.71 -8.59248 3
    endloop
  endfacet
  facet normal -0 0 1
    outer loop
      vertex -115.915 -6.98651 3
      vertex -115.881 -8.36197 3
      vertex -115.761 -6.75696 3
    endloop
  endfacet
  facet normal 0 0 1
    outer loop
      vertex -115.915 -6.98651 3
      vertex -116.001 -8.10245 3
      vertex -115.881 -8.36197 3
    endloop
  endfacet
  facet normal -0 0 1
    outer loop
      vertex -116.023 -7.25281 3
      vertex -116.001 -8.10245 3
      vertex -115.915 -6.98651 3
    endloop
  endfacet
  facet normal 0 0 1
    outer loop
      vertex -116.023 -7.25281 3
      vertex -116.068 -7.82286 3
      vertex -116.001 -8.10245 3
    endloop
  endfacet
  facet normal 0 -0 1
    outer loop
      vertex -116.068 -7.82286 3
      vertex -116.023 -7.25281 3
      vertex -116.074 -7.53522 3
    endloop
  endfacet
  facet normal 0 0 1
    outer loop
      vertex -57.7375 54.6358 3
      vertex -67.9813 53.2608 3
      vertex -67.9683 53.1504 3
    endloop
  endfacet
  facet normal 0 0 1
    outer loop
      vertex -57.7375 54.6358 3
      vertex -68.0087 53.3686 3
      vertex -67.9813 53.2608 3
    endloop
  endfacet
  facet normal 0 0 1
    outer loop
      vertex -57.7375 54.6358 3
      vertex -68.0499 53.4719 3
      vertex -68.0087 53.3686 3
    endloop
  endfacet
  facet normal 0 0 1
    outer loop
      vertex -57.7375 54.6358 3
      vertex -68.1042 53.5689 3
      vertex -68.0499 53.4719 3
    endloop
  endfacet
  facet normal 0 0 1
    outer loop
      vertex -57.7375 54.6358 3
      vertex -68.1707 53.658 3
      vertex -68.1042 53.5689 3
    endloop
  endfacet
  facet normal 0 0 1
    outer loop
      vertex -57.7375 54.6358 3
      vertex -68.2483 53.7376 3
      vertex -68.1707 53.658 3
    endloop
  endfacet
  facet normal 0 0 1
    outer loop
      vertex -70.4724 57.3427 3
      vertex -68.2483 53.7376 3
      vertex -57.7375 54.6358 3
    endloop
  endfacet
  facet normal 0 0 1
    outer loop
      vertex -68.2483 53.7376 3
      vertex -70.4724 57.3427 3
      vertex -68.3356 53.8065 3
    endloop
  endfacet
  facet normal 0 0 1
    outer loop
      vertex -68.3356 53.8065 3
      vertex -70.4724 57.3427 3
      vertex -68.4312 53.8633 3
    endloop
  endfacet
  facet normal 0 0 1
    outer loop
      vertex -68.4312 53.8633 3
      vertex -70.4724 57.3427 3
      vertex -68.5334 53.9072 3
    endloop
  endfacet
  facet normal 0 0 1
    outer loop
      vertex -68.5334 53.9072 3
      vertex -70.4724 57.3427 3
      vertex -68.6404 53.9374 3
    endloop
  endfacet
  facet normal 0 0 1
    outer loop
      vertex -68.6404 53.9374 3
      vertex -70.4724 57.3427 3
      vertex -68.7504 53.9533 3
    endloop
  endfacet
  facet normal 0 0 1
    outer loop
      vertex -81.8204 61.9119 3
      vertex -69.6645 53.1726 3
      vertex -70.4724 57.3427 3
    endloop
  endfacet
  facet normal 0 0 1
    outer loop
      vertex -69.6485 53.2827 3
      vertex -70.4724 57.3427 3
      vertex -69.6645 53.1726 3
    endloop
  endfacet
  facet normal 0 0 1
    outer loop
      vertex -69.6183 53.3897 3
      vertex -70.4724 57.3427 3
      vertex -69.6485 53.2827 3
    endloop
  endfacet
  facet normal 0 0 1
    outer loop
      vertex -69.5744 53.4918 3
      vertex -70.4724 57.3427 3
      vertex -69.6183 53.3897 3
    endloop
  endfacet
  facet normal 0 0 1
    outer loop
      vertex -69.5176 53.5874 3
      vertex -70.4724 57.3427 3
      vertex -69.5744 53.4918 3
    endloop
  endfacet
  facet normal 0 0 1
    outer loop
      vertex -69.4488 53.6747 3
      vertex -70.4724 57.3427 3
      vertex -69.5176 53.5874 3
    endloop
  endfacet
  facet normal 0 0 1
    outer loop
      vertex -69.3691 53.7523 3
      vertex -70.4724 57.3427 3
      vertex -69.4488 53.6747 3
    endloop
  endfacet
  facet normal 0 0 1
    outer loop
      vertex -69.28 53.8188 3
      vertex -70.4724 57.3427 3
      vertex -69.3691 53.7523 3
    endloop
  endfacet
  facet normal 0 0 1
    outer loop
      vertex -69.183 53.8731 3
      vertex -70.4724 57.3427 3
      vertex -69.28 53.8188 3
    endloop
  endfacet
  facet normal 0 0 1
    outer loop
      vertex -69.0798 53.9143 3
      vertex -70.4724 57.3427 3
      vertex -69.183 53.8731 3
    endloop
  endfacet
  facet normal 0 0 1
    outer loop
      vertex -68.972 53.9417 3
      vertex -70.4724 57.3427 3
      vertex -69.0798 53.9143 3
    endloop
  endfacet
  facet normal 0 0 1
    outer loop
      vertex -68.8616 53.9548 3
      vertex -70.4724 57.3427 3
      vertex -68.972 53.9417 3
    endloop
  endfacet
  facet normal 0 0 1
    outer loop
      vertex -68.7504 53.9533 3
      vertex -70.4724 57.3427 3
      vertex -68.8616 53.9548 3
    endloop
  endfacet
  facet normal 0 0 1
    outer loop
      vertex -14.5334 32.9158 3
      vertex -14.5386 32.3875 3
      vertex -14.51 32.6408 3
    endloop
  endfacet
  facet normal 0 0 1
    outer loop
      vertex -14.6105 33.1801 3
      vertex -14.5386 32.3875 3
      vertex -14.5334 32.9158 3
    endloop
  endfacet
  facet normal 0 0 1
    outer loop
      vertex -14.7364 33.423 3
      vertex -14.5386 32.3875 3
      vertex -14.6105 33.1801 3
    endloop
  endfacet
  facet normal 0 0 1
    outer loop
      vertex -14.9071 33.6368 3
      vertex -14.5386 32.3875 3
      vertex -14.7364 33.423 3
    endloop
  endfacet
  facet normal 0 0 1
    outer loop
      vertex -15.1172 33.8148 3
      vertex -14.5386 32.3875 3
      vertex -14.9071 33.6368 3
    endloop
  endfacet
  facet normal 0 0 1
    outer loop
      vertex -15.3589 33.948 3
      vertex -14.5386 32.3875 3
      vertex -15.1172 33.8148 3
    endloop
  endfacet
  facet normal 0 0 1
    outer loop
      vertex -15.6019 34.0249 3
      vertex -14.5386 32.3875 3
      vertex -15.3589 33.948 3
    endloop
  endfacet
  facet normal 0 0 1
    outer loop
      vertex -31.2522 37.3515 3
      vertex -14.5386 32.3875 3
      vertex -15.6019 34.0249 3
    endloop
  endfacet
  facet normal 0 0 1
    outer loop
      vertex -14.5386 32.3875 3
      vertex -25.6154 -16.8039 3
      vertex -25.0214 -16.9301 3
    endloop
  endfacet
  facet normal 0 0 1
    outer loop
      vertex -14.5386 32.3875 3
      vertex -25.7506 -16.7888 3
      vertex -25.6154 -16.8039 3
    endloop
  endfacet
  facet normal 0 0 1
    outer loop
      vertex -14.5386 32.3875 3
      vertex -25.8658 -16.798 3
      vertex -25.7506 -16.7888 3
    endloop
  endfacet
  facet normal 0 0 1
    outer loop
      vertex -14.5386 32.3875 3
      vertex -31.2522 37.3515 3
      vertex -25.8658 -16.798 3
    endloop
  endfacet
  facet normal 0 -0 1
    outer loop
      vertex -30.8884 -17.5018 3
      vertex -25.8658 -16.798 3
      vertex -31.2522 37.3515 3
    endloop
  endfacet
  facet normal 0 0 1
    outer loop
      vertex -25.8658 -16.798 3
      vertex -30.8884 -17.5018 3
      vertex -25.9765 -16.8292 3
    endloop
  endfacet
  facet normal 0 -0 1
    outer loop
      vertex -30.7772 -17.5032 3
      vertex -25.9765 -16.8292 3
      vertex -30.8884 -17.5018 3
    endloop
  endfacet
  facet normal 0 -0 1
    outer loop
      vertex -30.6672 -17.5192 3
      vertex -25.9765 -16.8292 3
      vertex -30.7772 -17.5032 3
    endloop
  endfacet
  facet normal 0 0 1
    outer loop
      vertex -25.9765 -16.8292 3
      vertex -30.6672 -17.5192 3
      vertex -26.08 -16.8817 3
    endloop
  endfacet
  facet normal 0 0 1
    outer loop
      vertex -30.0767 -17.9847 3
      vertex -26.3576 -17.3638 3
      vertex -26.3418 -17.2489 3
    endloop
  endfacet
  facet normal 0 -0 1
    outer loop
      vertex -30.5602 -17.5494 3
      vertex -26.08 -16.8817 3
      vertex -30.6672 -17.5192 3
    endloop
  endfacet
  facet normal 0 0 1
    outer loop
      vertex -26.3576 -17.3638 3
      vertex -30.0082 -18.1957 3
      vertex -29.9951 -18.3061 3
    endloop
  endfacet
  facet normal 0 0 1
    outer loop
      vertex -26.3576 -17.3638 3
      vertex -30.0355 -18.0879 3
      vertex -30.0082 -18.1957 3
    endloop
  endfacet
  facet normal 0 0 1
    outer loop
      vertex -26.3576 -17.3638 3
      vertex -30.0767 -17.9847 3
      vertex -30.0355 -18.0879 3
    endloop
  endfacet
  facet normal 0 0 1
    outer loop
      vertex -26.3418 -17.2489 3
      vertex -30.1311 -17.8877 3
      vertex -30.0767 -17.9847 3
    endloop
  endfacet
  facet normal 0 0 1
    outer loop
      vertex -26.3418 -17.2489 3
      vertex -30.1976 -17.7986 3
      vertex -30.1311 -17.8877 3
    endloop
  endfacet
  facet normal 0 0 1
    outer loop
      vertex -26.3045 -17.1396 3
      vertex -30.1976 -17.7986 3
      vertex -26.3418 -17.2489 3
    endloop
  endfacet
  facet normal 0 -0 1
    outer loop
      vertex -30.1976 -17.7986 3
      vertex -26.3045 -17.1396 3
      vertex -30.2752 -17.7189 3
    endloop
  endfacet
  facet normal 0 0 1
    outer loop
      vertex -26.2461 -17.0387 3
      vertex -30.2752 -17.7189 3
      vertex -26.3045 -17.1396 3
    endloop
  endfacet
  facet normal 0 -0 1
    outer loop
      vertex -30.2752 -17.7189 3
      vertex -26.2461 -17.0387 3
      vertex -30.3625 -17.6501 3
    endloop
  endfacet
  facet normal 0 0 1
    outer loop
      vertex -26.1711 -16.9519 3
      vertex -30.3625 -17.6501 3
      vertex -26.2461 -17.0387 3
    endloop
  endfacet
  facet normal 0 -0 1
    outer loop
      vertex -30.3625 -17.6501 3
      vertex -26.1711 -16.9519 3
      vertex -30.458 -17.5933 3
    endloop
  endfacet
  facet normal 0 -0 1
    outer loop
      vertex -30.458 -17.5933 3
      vertex -26.1711 -16.9519 3
      vertex -30.5602 -17.5494 3
    endloop
  endfacet
  facet normal 0 0 1
    outer loop
      vertex -26.08 -16.8817 3
      vertex -30.5602 -17.5494 3
      vertex -26.1711 -16.9519 3
    endloop
  endfacet
  facet normal 0 0 1
    outer loop
      vertex -30.8884 -17.5018 3
      vertex -31.2522 37.3515 3
      vertex -30.9988 -17.5148 3
    endloop
  endfacet
  facet normal 0 0 1
    outer loop
      vertex -30.9988 -17.5148 3
      vertex -31.2522 37.3515 3
      vertex -31.1066 -17.5422 3
    endloop
  endfacet
  facet normal 0 0 1
    outer loop
      vertex -31.3828 37.3928 3
      vertex -31.1066 -17.5422 3
      vertex -31.2522 37.3515 3
    endloop
  endfacet
  facet normal 0 0 1
    outer loop
      vertex -31.1066 -17.5422 3
      vertex -31.3828 37.3928 3
      vertex -31.2099 -17.5834 3
    endloop
  endfacet
  facet normal 0 0 1
    outer loop
      vertex -31.2099 -17.5834 3
      vertex -31.3828 37.3928 3
      vertex -31.3069 -17.6377 3
    endloop
  endfacet
  facet normal 0 0 1
    outer loop
      vertex -31.4852 37.4493 3
      vertex -31.3069 -17.6377 3
      vertex -31.3828 37.3928 3
    endloop
  endfacet
  facet normal 0 0 1
    outer loop
      vertex -48.3651 43.417 3
      vertex -31.3069 -17.6377 3
      vertex -31.4852 37.4493 3
    endloop
  endfacet
  facet normal 0 0 1
    outer loop
      vertex -48.3651 43.417 3
      vertex -31.4852 37.4493 3
      vertex -31.5749 37.5252 3
    endloop
  endfacet
  facet normal 0 0 1
    outer loop
      vertex -31.3069 -17.6377 3
      vertex -48.3651 43.417 3
      vertex -31.396 -17.7043 3
    endloop
  endfacet
  facet normal 0 0 1
    outer loop
      vertex -31.396 -17.7043 3
      vertex -48.3651 43.417 3
      vertex -31.4756 -17.7819 3
    endloop
  endfacet
  facet normal 0 0 1
    outer loop
      vertex -48.3651 43.417 3
      vertex -31.5749 37.5252 3
      vertex -31.648 37.6168 3
    endloop
  endfacet
  facet normal 0 0 1
    outer loop
      vertex -76.1871 -26.2434 3
      vertex -31.4756 -17.7819 3
      vertex -48.3651 43.417 3
    endloop
  endfacet
  facet normal 0 0 1
    outer loop
      vertex -48.3651 43.417 3
      vertex -31.648 37.6168 3
      vertex -31.7019 37.7208 3
    endloop
  endfacet
  facet normal 0 0 1
    outer loop
      vertex -31.4756 -17.7819 3
      vertex -76.1871 -26.2434 3
      vertex -31.5444 -17.8692 3
    endloop
  endfacet
  facet normal 0 0 1
    outer loop
      vertex -31.5444 -17.8692 3
      vertex -76.1871 -26.2434 3
      vertex -31.6013 -17.9647 3
    endloop
  endfacet
  facet normal 0 0 1
    outer loop
      vertex -48.3651 43.417 3
      vertex -31.7019 37.7208 3
      vertex -31.7348 37.8336 3
    endloop
  endfacet
  facet normal 0 0 1
    outer loop
      vertex -31.6013 -17.9647 3
      vertex -76.1871 -26.2434 3
      vertex -31.6452 -18.0669 3
    endloop
  endfacet
  facet normal 0 0 1
    outer loop
      vertex -8.6398 -32.2977 3
      vertex -8.61099 -32.8419 3
      vertex -8.59863 -32.5681 3
    endloop
  endfacet
  facet normal 0 0 1
    outer loop
      vertex -8.6398 -32.2977 3
      vertex -8.6765 -33.1095 3
      vertex -8.61099 -32.8419 3
    endloop
  endfacet
  facet normal 0 0 1
    outer loop
      vertex -8.73233 -32.0388 3
      vertex -8.6765 -33.1095 3
      vertex -8.6398 -32.2977 3
    endloop
  endfacet
  facet normal 0 0 1
    outer loop
      vertex -8.73233 -32.0388 3
      vertex -8.79398 -33.3585 3
      vertex -8.6765 -33.1095 3
    endloop
  endfacet
  facet normal 0 0 1
    outer loop
      vertex -8.87506 -31.8025 3
      vertex -8.79398 -33.3585 3
      vertex -8.73233 -32.0388 3
    endloop
  endfacet
  facet normal 0 0 1
    outer loop
      vertex -8.87506 -31.8025 3
      vertex -8.94516 -33.564 3
      vertex -8.79398 -33.3585 3
    endloop
  endfacet
  facet normal 0 0 1
    outer loop
      vertex -9.04776 -31.6143 3
      vertex -8.94516 -33.564 3
      vertex -8.87506 -31.8025 3
    endloop
  endfacet
  facet normal 0 0 1
    outer loop
      vertex -31.357 -35.4791 3
      vertex -8.94516 -33.564 3
      vertex -9.04776 -31.6143 3
    endloop
  endfacet
  facet normal 0 0 1
    outer loop
      vertex -8.94516 -33.564 3
      vertex -31.357 -35.4791 3
      vertex -19.008 -44.7396 3
    endloop
  endfacet
  facet normal 0 0 1
    outer loop
      vertex -19.008 -44.7396 3
      vertex -20.9577 -44.8423 3
      vertex -19.1963 -44.9123 3
    endloop
  endfacet
  facet normal 0 0 1
    outer loop
      vertex -19.1963 -44.9123 3
      vertex -20.9577 -44.8423 3
      vertex -19.4326 -45.0551 3
    endloop
  endfacet
  facet normal 0 0 1
    outer loop
      vertex -19.4326 -45.0551 3
      vertex -20.9577 -44.8423 3
      vertex -19.6914 -45.1476 3
    endloop
  endfacet
  facet normal 0 0 1
    outer loop
      vertex -19.6914 -45.1476 3
      vertex -20.9577 -44.8423 3
      vertex -19.9618 -45.1888 3
    endloop
  endfacet
  facet normal 0 0 1
    outer loop
      vertex -19.9618 -45.1888 3
      vertex -20.9577 -44.8423 3
      vertex -20.2357 -45.1764 3
    endloop
  endfacet
  facet normal 0 0 1
    outer loop
      vertex -20.2357 -45.1764 3
      vertex -20.9577 -44.8423 3
      vertex -20.5033 -45.1109 3
    endloop
  endfacet
  facet normal 0 0 1
    outer loop
      vertex -20.5033 -45.1109 3
      vertex -20.9577 -44.8423 3
      vertex -20.7523 -44.9934 3
    endloop
  endfacet
  facet normal -0 0 1
    outer loop
      vertex -24.3841 -21.0422 3
      vertex -9.04776 -31.6143 3
      vertex -21.7097 -20.2131 3
    endloop
  endfacet
  facet normal 0 0 1
    outer loop
      vertex -23.6593 -20.3157 3
      vertex -21.7097 -20.2131 3
      vertex -21.9151 -20.062 3
    endloop
  endfacet
  facet normal 0 0 1
    outer loop
      vertex -23.6593 -20.3157 3
      vertex -21.9151 -20.062 3
      vertex -22.1641 -19.9445 3
    endloop
  endfacet
  facet normal 0 0 1
    outer loop
      vertex -23.6593 -20.3157 3
      vertex -22.1641 -19.9445 3
      vertex -22.4317 -19.879 3
    endloop
  endfacet
  facet normal 0 0 1
    outer loop
      vertex -23.6593 -20.3157 3
      vertex -22.4317 -19.879 3
      vertex -22.7056 -19.8666 3
    endloop
  endfacet
  facet normal 0 0 1
    outer loop
      vertex -23.6593 -20.3157 3
      vertex -22.7056 -19.8666 3
      vertex -22.976 -19.9078 3
    endloop
  endfacet
  facet normal 0 0 1
    outer loop
      vertex -23.6593 -20.3157 3
      vertex -22.976 -19.9078 3
      vertex -23.2348 -20.0003 3
    endloop
  endfacet
  facet normal 0 0 1
    outer loop
      vertex -23.6593 -20.3157 3
      vertex -23.2348 -20.0003 3
      vertex -23.4711 -20.1431 3
    endloop
  endfacet
  facet normal 0 0 1
    outer loop
      vertex -21.7097 -20.2131 3
      vertex -23.6593 -20.3157 3
      vertex -24.1724 -20.8848 3
    endloop
  endfacet
  facet normal 0 0 1
    outer loop
      vertex -21.7097 -20.2131 3
      vertex -24.1724 -20.8848 3
      vertex -24.2781 -20.9809 3
    endloop
  endfacet
  facet normal 0 0 1
    outer loop
      vertex -21.7097 -20.2131 3
      vertex -24.2781 -20.9809 3
      vertex -24.3841 -21.0422 3
    endloop
  endfacet
  facet normal 0 0 1
    outer loop
      vertex -9.04776 -31.6143 3
      vertex -24.3841 -21.0422 3
      vertex -31.357 -35.4791 3
    endloop
  endfacet
  facet normal 0 0 1
    outer loop
      vertex -31.357 -35.4791 3
      vertex -24.3841 -21.0422 3
      vertex -24.5013 -21.0813 3
    endloop
  endfacet
  facet normal 0 0 1
    outer loop
      vertex -31.357 -35.4791 3
      vertex -24.5013 -21.0813 3
      vertex -24.6241 -21.0957 3
    endloop
  endfacet
  facet normal 0 0 1
    outer loop
      vertex -31.357 -35.4791 3
      vertex -24.6241 -21.0957 3
      vertex -24.7461 -21.085 3
    endloop
  endfacet
  facet normal 0 0 1
    outer loop
      vertex -31.4636 -35.4001 3
      vertex -24.7461 -21.085 3
      vertex -24.8636 -21.049 3
    endloop
  endfacet
  facet normal 0 0 1
    outer loop
      vertex -31.5672 -35.3505 3
      vertex -24.8636 -21.049 3
      vertex -24.9721 -20.9897 3
    endloop
  endfacet
  facet normal 0 0 1
    outer loop
      vertex -30.7995 -19.1994 3
      vertex -24.9721 -20.9897 3
      vertex -25.0648 -20.9108 3
    endloop
  endfacet
  facet normal 0 0 1
    outer loop
      vertex -30.5813 -19.159 3
      vertex -25.0648 -20.9108 3
      vertex -25.1397 -20.8126 3
    endloop
  endfacet
  facet normal 0 0 1
    outer loop
      vertex -30.478 -19.1178 3
      vertex -25.1397 -20.8126 3
      vertex -25.2034 -20.6825 3
    endloop
  endfacet
  facet normal -0 0 1
    outer loop
      vertex -30.0866 -18.7365 3
      vertex -25.2034 -20.6825 3
      vertex -26.3173 -17.6093 3
    endloop
  endfacet
  facet normal 0 0 1
    outer loop
      vertex -29.9951 -18.3061 3
      vertex -26.3173 -17.6093 3
      vertex -26.3509 -17.4784 3
    endloop
  endfacet
  facet normal 0 0 1
    outer loop
      vertex -29.9951 -18.3061 3
      vertex -26.3509 -17.4784 3
      vertex -26.3576 -17.3638 3
    endloop
  endfacet
  facet normal 0 0 1
    outer loop
      vertex -26.3173 -17.6093 3
      vertex -29.9951 -18.3061 3
      vertex -29.9966 -18.4173 3
    endloop
  endfacet
  facet normal 0 0 1
    outer loop
      vertex -26.3173 -17.6093 3
      vertex -29.9966 -18.4173 3
      vertex -30.0125 -18.5273 3
    endloop
  endfacet
  facet normal 0 0 1
    outer loop
      vertex -26.3173 -17.6093 3
      vertex -30.0125 -18.5273 3
      vertex -30.0427 -18.6343 3
    endloop
  endfacet
  facet normal 0 0 1
    outer loop
      vertex -26.3173 -17.6093 3
      vertex -30.0427 -18.6343 3
      vertex -30.0866 -18.7365 3
    endloop
  endfacet
  facet normal 0 0 1
    outer loop
      vertex -25.2034 -20.6825 3
      vertex -30.0866 -18.7365 3
      vertex -30.1434 -18.8321 3
    endloop
  endfacet
  facet normal 0 0 1
    outer loop
      vertex -25.2034 -20.6825 3
      vertex -30.1434 -18.8321 3
      vertex -30.2123 -18.9194 3
    endloop
  endfacet
  facet normal 0 0 1
    outer loop
      vertex -25.2034 -20.6825 3
      vertex -30.2123 -18.9194 3
      vertex -30.2919 -18.997 3
    endloop
  endfacet
  facet normal 0 0 1
    outer loop
      vertex -25.2034 -20.6825 3
      vertex -30.2919 -18.997 3
      vertex -30.381 -19.0635 3
    endloop
  endfacet
  facet normal -0 0 1
    outer loop
      vertex -30.478 -19.1178 3
      vertex -25.2034 -20.6825 3
      vertex -30.381 -19.0635 3
    endloop
  endfacet
  facet normal 0 0 1
    outer loop
      vertex -25.1397 -20.8126 3
      vertex -30.478 -19.1178 3
      vertex -30.5813 -19.159 3
    endloop
  endfacet
  facet normal 0 0 1
    outer loop
      vertex -25.0648 -20.9108 3
      vertex -30.5813 -19.159 3
      vertex -30.689 -19.1864 3
    endloop
  endfacet
  facet normal 0 0 1
    outer loop
      vertex -25.0648 -20.9108 3
      vertex -30.689 -19.1864 3
      vertex -30.7995 -19.1994 3
    endloop
  endfacet
  facet normal 0 0 1
    outer loop
      vertex -24.9721 -20.9897 3
      vertex -30.7995 -19.1994 3
      vertex -31.6766 -35.3217 3
    endloop
  endfacet
  facet normal 0 0 1
    outer loop
      vertex -31.6766 -35.3217 3
      vertex -30.7995 -19.1994 3
      vertex -30.9106 -19.198 3
    endloop
  endfacet
  facet normal 0 0 1
    outer loop
      vertex -31.7904 -35.3146 3
      vertex -30.9106 -19.198 3
      vertex -31.0207 -19.182 3
    endloop
  endfacet
  facet normal 0 0 1
    outer loop
      vertex -31.7904 -35.3146 3
      vertex -31.0207 -19.182 3
      vertex -31.1277 -19.1519 3
    endloop
  endfacet
  facet normal 0 0 1
    outer loop
      vertex -31.7904 -35.3146 3
      vertex -31.1277 -19.1519 3
      vertex -31.2298 -19.108 3
    endloop
  endfacet
  facet normal 0 0 1
    outer loop
      vertex -31.7904 -35.3146 3
      vertex -31.2298 -19.108 3
      vertex -31.3254 -19.0511 3
    endloop
  endfacet
  facet normal 0 0 1
    outer loop
      vertex -19.008 -44.7396 3
      vertex -31.357 -35.4791 3
      vertex -20.9577 -44.8423 3
    endloop
  endfacet
  facet normal 0 0 1
    outer loop
      vertex -31.7904 -35.3146 3
      vertex -31.3254 -19.0511 3
      vertex -31.4127 -18.9823 3
    endloop
  endfacet
  facet normal 0 0 1
    outer loop
      vertex -24.7461 -21.085 3
      vertex -31.4636 -35.4001 3
      vertex -31.357 -35.4791 3
    endloop
  endfacet
  facet normal 0 0 1
    outer loop
      vertex -31.7904 -35.3146 3
      vertex -31.4127 -18.9823 3
      vertex -31.4903 -18.9026 3
    endloop
  endfacet
  facet normal 0 0 1
    outer loop
      vertex -31.7904 -35.3146 3
      vertex -31.4903 -18.9026 3
      vertex -31.5568 -18.8136 3
    endloop
  endfacet
  facet normal 0 0 1
    outer loop
      vertex -24.8636 -21.049 3
      vertex -31.5672 -35.3505 3
      vertex -31.4636 -35.4001 3
    endloop
  endfacet
  facet normal 0 0 1
    outer loop
      vertex -31.7904 -35.3146 3
      vertex -31.5568 -18.8136 3
      vertex -31.6111 -18.7165 3
    endloop
  endfacet
  facet normal 0 0 1
    outer loop
      vertex -31.7904 -35.3146 3
      vertex -31.6111 -18.7165 3
      vertex -31.6523 -18.6133 3
    endloop
  endfacet
  facet normal 0 0 1
    outer loop
      vertex -24.9721 -20.9897 3
      vertex -31.6766 -35.3217 3
      vertex -31.5672 -35.3505 3
    endloop
  endfacet
  facet normal 0 0 1
    outer loop
      vertex -31.7904 -35.3146 3
      vertex -31.6523 -18.6133 3
      vertex -31.6797 -18.5055 3
    endloop
  endfacet
  facet normal 0 0 1
    outer loop
      vertex -31.7904 -35.3146 3
      vertex -31.6797 -18.5055 3
      vertex -31.6928 -18.3951 3
    endloop
  endfacet
  facet normal 0 0 1
    outer loop
      vertex -48.3651 43.417 3
      vertex -31.7348 37.8336 3
      vertex -31.7448 37.9501 3
    endloop
  endfacet
  facet normal 0 0 1
    outer loop
      vertex -48.3651 43.417 3
      vertex -31.7448 37.9501 3
      vertex -31.8493 39.4885 3
    endloop
  endfacet
  facet normal 0 0 1
    outer loop
      vertex -30.9106 -19.198 3
      vertex -31.7904 -35.3146 3
      vertex -31.6766 -35.3217 3
    endloop
  endfacet
  facet normal 0 0 1
    outer loop
      vertex -31.6452 -18.0669 3
      vertex -76.1871 -26.2434 3
      vertex -31.6754 -18.1739 3
    endloop
  endfacet
  facet normal 0 0 1
    outer loop
      vertex 48.0708 -38.7107 3
      vertex 31.6913 -18.2839 3
      vertex 31.6928 -18.3951 3
    endloop
  endfacet
  facet normal 0 0 1
    outer loop
      vertex 31.7348 37.8336 3
      vertex 31.6754 -18.1739 3
      vertex 31.6913 -18.2839 3
    endloop
  endfacet
  facet normal 0 0 1
    outer loop
      vertex 31.6013 -17.9647 3
      vertex 31.7019 37.7208 3
      vertex 31.648 37.6168 3
    endloop
  endfacet
  facet normal 0 0 1
    outer loop
      vertex 31.7019 37.7208 3
      vertex 31.6452 -18.0669 3
      vertex 31.6754 -18.1739 3
    endloop
  endfacet
  facet normal 0 0 1
    outer loop
      vertex 31.7019 37.7208 3
      vertex 31.6013 -17.9647 3
      vertex 31.6452 -18.0669 3
    endloop
  endfacet
  facet normal 0 0 1
    outer loop
      vertex 31.5444 -17.8692 3
      vertex 31.648 37.6168 3
      vertex 31.5749 37.5252 3
    endloop
  endfacet
  facet normal 0 0 1
    outer loop
      vertex 31.648 37.6168 3
      vertex 31.5444 -17.8692 3
      vertex 31.6013 -17.9647 3
    endloop
  endfacet
  facet normal 0 0 1
    outer loop
      vertex 31.396 -17.7043 3
      vertex 31.5749 37.5252 3
      vertex 31.4852 37.4493 3
    endloop
  endfacet
  facet normal 0 0 1
    outer loop
      vertex 31.5749 37.5252 3
      vertex 31.4756 -17.7819 3
      vertex 31.5444 -17.8692 3
    endloop
  endfacet
  facet normal 0 0 1
    outer loop
      vertex 31.5749 37.5252 3
      vertex 31.396 -17.7043 3
      vertex 31.4756 -17.7819 3
    endloop
  endfacet
  facet normal 0 0 1
    outer loop
      vertex 31.3069 -17.6377 3
      vertex 31.4852 37.4493 3
      vertex 31.3828 37.3928 3
    endloop
  endfacet
  facet normal 0 0 1
    outer loop
      vertex 31.4852 37.4493 3
      vertex 31.3069 -17.6377 3
      vertex 31.396 -17.7043 3
    endloop
  endfacet
  facet normal 0 0 1
    outer loop
      vertex 31.1066 -17.5422 3
      vertex 31.3828 37.3928 3
      vertex 31.2522 37.3515 3
    endloop
  endfacet
  facet normal 0 0 1
    outer loop
      vertex 31.3828 37.3928 3
      vertex 31.2099 -17.5834 3
      vertex 31.3069 -17.6377 3
    endloop
  endfacet
  facet normal 0 0 1
    outer loop
      vertex 31.3828 37.3928 3
      vertex 31.1066 -17.5422 3
      vertex 31.2099 -17.5834 3
    endloop
  endfacet
  facet normal 0 0 1
    outer loop
      vertex 31.2522 37.3515 3
      vertex 30.9988 -17.5148 3
      vertex 31.1066 -17.5422 3
    endloop
  endfacet
  facet normal 0 0 1
    outer loop
      vertex 31.2522 37.3515 3
      vertex 30.8884 -17.5018 3
      vertex 30.9988 -17.5148 3
    endloop
  endfacet
  facet normal -0 0 1
    outer loop
      vertex 25.8658 -16.798 3
      vertex 30.8884 -17.5018 3
      vertex 31.2522 37.3515 3
    endloop
  endfacet
  facet normal -0 -0 1
    outer loop
      vertex 25.9765 -16.8292 3
      vertex 30.8884 -17.5018 3
      vertex 25.8658 -16.798 3
    endloop
  endfacet
  facet normal 0 0 1
    outer loop
      vertex 30.8884 -17.5018 3
      vertex 25.9765 -16.8292 3
      vertex 30.7772 -17.5032 3
    endloop
  endfacet
  facet normal 0 0 1
    outer loop
      vertex 30.7772 -17.5032 3
      vertex 25.9765 -16.8292 3
      vertex 30.6672 -17.5192 3
    endloop
  endfacet
  facet normal -0 -0 1
    outer loop
      vertex 26.08 -16.8817 3
      vertex 30.6672 -17.5192 3
      vertex 25.9765 -16.8292 3
    endloop
  endfacet
  facet normal -0 -0 1
    outer loop
      vertex 26.1711 -16.9519 3
      vertex 30.5602 -17.5494 3
      vertex 26.08 -16.8817 3
    endloop
  endfacet
  facet normal 0 0 1
    outer loop
      vertex 30.5602 -17.5494 3
      vertex 26.1711 -16.9519 3
      vertex 30.458 -17.5933 3
    endloop
  endfacet
  facet normal 0 0 1
    outer loop
      vertex 30.458 -17.5933 3
      vertex 26.1711 -16.9519 3
      vertex 30.3625 -17.6501 3
    endloop
  endfacet
  facet normal -0 -0 1
    outer loop
      vertex 26.2461 -17.0387 3
      vertex 30.3625 -17.6501 3
      vertex 26.1711 -16.9519 3
    endloop
  endfacet
  facet normal 0 0 1
    outer loop
      vertex 30.3625 -17.6501 3
      vertex 26.2461 -17.0387 3
      vertex 30.2752 -17.7189 3
    endloop
  endfacet
  facet normal -0 -0 1
    outer loop
      vertex 26.3045 -17.1396 3
      vertex 30.2752 -17.7189 3
      vertex 26.2461 -17.0387 3
    endloop
  endfacet
  facet normal 0 0 1
    outer loop
      vertex 30.2752 -17.7189 3
      vertex 26.3045 -17.1396 3
      vertex 30.1976 -17.7986 3
    endloop
  endfacet
  facet normal -0 -0 1
    outer loop
      vertex 26.3418 -17.2489 3
      vertex 30.1976 -17.7986 3
      vertex 26.3045 -17.1396 3
    endloop
  endfacet
  facet normal 0 0 1
    outer loop
      vertex 30.0355 -18.0879 3
      vertex 26.3509 -17.4784 3
      vertex 30.0082 -18.1957 3
    endloop
  endfacet
  facet normal -0 0 1
    outer loop
      vertex 26.3509 -17.4784 3
      vertex 30.0355 -18.0879 3
      vertex 26.3576 -17.3638 3
    endloop
  endfacet
  facet normal 0 0 1
    outer loop
      vertex 30.0767 -17.9847 3
      vertex 26.3576 -17.3638 3
      vertex 30.0355 -18.0879 3
    endloop
  endfacet
  facet normal -0 -0 1
    outer loop
      vertex 26.3576 -17.3638 3
      vertex 30.0767 -17.9847 3
      vertex 26.3418 -17.2489 3
    endloop
  endfacet
  facet normal 0 0 1
    outer loop
      vertex 30.1311 -17.8877 3
      vertex 26.3418 -17.2489 3
      vertex 30.0767 -17.9847 3
    endloop
  endfacet
  facet normal 0 0 1
    outer loop
      vertex 30.1976 -17.7986 3
      vertex 26.3418 -17.2489 3
      vertex 30.1311 -17.8877 3
    endloop
  endfacet
  facet normal 0 0 1
    outer loop
      vertex 30.6672 -17.5192 3
      vertex 26.08 -16.8817 3
      vertex 30.5602 -17.5494 3
    endloop
  endfacet
  facet normal -0 0 1
    outer loop
      vertex 14.5386 32.3875 3
      vertex 25.8658 -16.798 3
      vertex 31.2522 37.3515 3
    endloop
  endfacet
  facet normal 0 0 1
    outer loop
      vertex 25.8658 -16.798 3
      vertex 14.5386 32.3875 3
      vertex 25.7506 -16.7888 3
    endloop
  endfacet
  facet normal 0 0 1
    outer loop
      vertex 25.7506 -16.7888 3
      vertex 14.5386 32.3875 3
      vertex 25.6154 -16.8039 3
    endloop
  endfacet
  facet normal 0 0 1
    outer loop
      vertex 14.5386 32.3875 3
      vertex 31.2522 37.3515 3
      vertex 15.6019 34.0249 3
    endloop
  endfacet
  facet normal 0 0 1
    outer loop
      vertex 14.5386 32.3875 3
      vertex 15.6019 34.0249 3
      vertex 15.3589 33.948 3
    endloop
  endfacet
  facet normal 0 0 1
    outer loop
      vertex 14.5386 32.3875 3
      vertex 15.3589 33.948 3
      vertex 15.1172 33.8148 3
    endloop
  endfacet
  facet normal 0 0 1
    outer loop
      vertex 14.5386 32.3875 3
      vertex 15.1172 33.8148 3
      vertex 14.9071 33.6368 3
    endloop
  endfacet
  facet normal 0 0 1
    outer loop
      vertex 14.5386 32.3875 3
      vertex 14.9071 33.6368 3
      vertex 14.7364 33.423 3
    endloop
  endfacet
  facet normal 0 0 1
    outer loop
      vertex 14.5386 32.3875 3
      vertex 14.7364 33.423 3
      vertex 14.6105 33.1801 3
    endloop
  endfacet
  facet normal 0 0 1
    outer loop
      vertex 25.6154 -16.8039 3
      vertex 14.5386 32.3875 3
      vertex 25.0214 -16.9301 3
    endloop
  endfacet
  facet normal -0 0 1
    outer loop
      vertex 14.5334 32.9158 3
      vertex 14.5386 32.3875 3
      vertex 14.6105 33.1801 3
    endloop
  endfacet
  facet normal 0 0 1
    outer loop
      vertex 14.5386 32.3875 3
      vertex 14.5334 32.9158 3
      vertex 14.51 32.6408 3
    endloop
  endfacet
  facet normal 0 0 1
    outer loop
      vertex 56.2801 51.8724 3
      vertex 48.8423 44.1518 3
      vertex 48.8576 44.0156 3
    endloop
  endfacet
  facet normal 0 0 1
    outer loop
      vertex 47.8807 48.6757 3
      vertex 48.944 50.3131 3
      vertex 48.701 50.2361 3
    endloop
  endfacet
  facet normal 0 0 1
    outer loop
      vertex 47.8807 48.6757 3
      vertex 48.701 50.2361 3
      vertex 48.4594 50.1029 3
    endloop
  endfacet
  facet normal 0 0 1
    outer loop
      vertex 47.8807 48.6757 3
      vertex 48.4594 50.1029 3
      vertex 48.2492 49.925 3
    endloop
  endfacet
  facet normal 0 0 1
    outer loop
      vertex 47.8807 48.6757 3
      vertex 48.2492 49.925 3
      vertex 48.0785 49.7112 3
    endloop
  endfacet
  facet normal 0 0 1
    outer loop
      vertex 47.8807 48.6757 3
      vertex 48.0785 49.7112 3
      vertex 47.9526 49.4682 3
    endloop
  endfacet
  facet normal 0 0 1
    outer loop
      vertex 48.944 50.3131 3
      vertex 47.8807 48.6757 3
      vertex 48.8423 44.1518 3
    endloop
  endfacet
  facet normal -0 0 1
    outer loop
      vertex 47.8755 49.2039 3
      vertex 47.8807 48.6757 3
      vertex 47.9526 49.4682 3
    endloop
  endfacet
  facet normal 0 0 1
    outer loop
      vertex 47.8807 48.6757 3
      vertex 47.8755 49.2039 3
      vertex 47.8521 48.929 3
    endloop
  endfacet
  facet normal 0 0 1
    outer loop
      vertex 57.7375 54.6358 3
      vertex 56.7572 52.6072 3
      vertex 56.7726 52.471 3
    endloop
  endfacet
  facet normal 0 0 1
    outer loop
      vertex 56.6741 52.9984 3
      vertex 56.8719 54.0339 3
      vertex 56.746 53.7909 3
    endloop
  endfacet
  facet normal 0 0 1
    outer loop
      vertex 57.7375 54.6358 3
      vertex 56.6741 52.9984 3
      vertex 56.7572 52.6072 3
    endloop
  endfacet
  facet normal -0 0 1
    outer loop
      vertex 56.6689 53.5266 3
      vertex 56.6741 52.9984 3
      vertex 56.746 53.7909 3
    endloop
  endfacet
  facet normal 0 0 1
    outer loop
      vertex 56.6741 52.9984 3
      vertex 56.6689 53.5266 3
      vertex 56.6455 53.2517 3
    endloop
  endfacet
  facet normal 0 0 1
    outer loop
      vertex 47.2351 -38.7916 3
      vertex 31.6523 -18.6133 3
      vertex 37.9951 -36.703 3
    endloop
  endfacet
  facet normal 0 0 1
    outer loop
      vertex 31.6754 -18.1739 3
      vertex 31.7348 37.8336 3
      vertex 31.7019 37.7208 3
    endloop
  endfacet
  facet normal -0 0 1
    outer loop
      vertex 31.6111 -18.7165 3
      vertex 37.9951 -36.703 3
      vertex 31.6523 -18.6133 3
    endloop
  endfacet
  facet normal -0 0 1
    outer loop
      vertex 31.5568 -18.8136 3
      vertex 37.9951 -36.703 3
      vertex 31.6111 -18.7165 3
    endloop
  endfacet
  facet normal -0 0 1
    outer loop
      vertex 31.4903 -18.9026 3
      vertex 37.9951 -36.703 3
      vertex 31.5568 -18.8136 3
    endloop
  endfacet
  facet normal 0 0 1
    outer loop
      vertex 37.9951 -36.703 3
      vertex 31.4903 -18.9026 3
      vertex 35.3052 -36.0957 3
    endloop
  endfacet
  facet normal -0 0 1
    outer loop
      vertex 31.4127 -18.9823 3
      vertex 35.3052 -36.0957 3
      vertex 31.4903 -18.9026 3
    endloop
  endfacet
  facet normal -0 0 1
    outer loop
      vertex 31.3254 -19.0511 3
      vertex 35.3052 -36.0957 3
      vertex 31.4127 -18.9823 3
    endloop
  endfacet
  facet normal -0 0 1
    outer loop
      vertex 31.2298 -19.108 3
      vertex 35.3052 -36.0957 3
      vertex 31.3254 -19.0511 3
    endloop
  endfacet
  facet normal 0 0 1
    outer loop
      vertex 35.3052 -36.0957 3
      vertex 31.2298 -19.108 3
      vertex 31.9229 -35.3316 3
    endloop
  endfacet
  facet normal -0 0 1
    outer loop
      vertex 31.1277 -19.1519 3
      vertex 31.9229 -35.3316 3
      vertex 31.2298 -19.108 3
    endloop
  endfacet
  facet normal -0 0 1
    outer loop
      vertex 31.0207 -19.182 3
      vertex 31.9229 -35.3316 3
      vertex 31.1277 -19.1519 3
    endloop
  endfacet
  facet normal 0 0 1
    outer loop
      vertex 31.9229 -35.3316 3
      vertex 31.0207 -19.182 3
      vertex 31.7904 -35.3146 3
    endloop
  endfacet
  facet normal -0 0 1
    outer loop
      vertex 30.9106 -19.198 3
      vertex 31.7904 -35.3146 3
      vertex 31.0207 -19.182 3
    endloop
  endfacet
  facet normal 0 0 1
    outer loop
      vertex 31.7904 -35.3146 3
      vertex 30.9106 -19.198 3
      vertex 31.6766 -35.3217 3
    endloop
  endfacet
  facet normal -0 0 1
    outer loop
      vertex 30.7995 -19.1994 3
      vertex 31.6766 -35.3217 3
      vertex 30.9106 -19.198 3
    endloop
  endfacet
  facet normal -0 0 1
    outer loop
      vertex 24.9721 -20.9897 3
      vertex 31.6766 -35.3217 3
      vertex 30.7995 -19.1994 3
    endloop
  endfacet
  facet normal 0 0 1
    outer loop
      vertex 31.6766 -35.3217 3
      vertex 24.9721 -20.9897 3
      vertex 31.5672 -35.3505 3
    endloop
  endfacet
  facet normal -0 0 1
    outer loop
      vertex 24.8636 -21.049 3
      vertex 31.5672 -35.3505 3
      vertex 24.9721 -20.9897 3
    endloop
  endfacet
  facet normal 0 0 1
    outer loop
      vertex 24.9721 -20.9897 3
      vertex 30.7995 -19.1994 3
      vertex 30.689 -19.1864 3
    endloop
  endfacet
  facet normal 0 0 1
    outer loop
      vertex 25.0648 -20.9108 3
      vertex 30.689 -19.1864 3
      vertex 30.5813 -19.159 3
    endloop
  endfacet
  facet normal 0 0 1
    outer loop
      vertex 25.1397 -20.8126 3
      vertex 30.5813 -19.159 3
      vertex 30.478 -19.1178 3
    endloop
  endfacet
  facet normal 0 0 1
    outer loop
      vertex 25.1397 -20.8126 3
      vertex 30.478 -19.1178 3
      vertex 30.381 -19.0635 3
    endloop
  endfacet
  facet normal 0 0 1
    outer loop
      vertex 25.2034 -20.6825 3
      vertex 30.381 -19.0635 3
      vertex 30.2919 -18.997 3
    endloop
  endfacet
  facet normal 0 0 1
    outer loop
      vertex 25.2034 -20.6825 3
      vertex 30.2919 -18.997 3
      vertex 30.2123 -18.9194 3
    endloop
  endfacet
  facet normal 0 0 1
    outer loop
      vertex 25.2034 -20.6825 3
      vertex 30.2123 -18.9194 3
      vertex 30.1434 -18.8321 3
    endloop
  endfacet
  facet normal 0 0 1
    outer loop
      vertex 25.2034 -20.6825 3
      vertex 30.1434 -18.8321 3
      vertex 30.0866 -18.7365 3
    endloop
  endfacet
  facet normal 0 0 1
    outer loop
      vertex 26.3173 -17.6093 3
      vertex 30.0866 -18.7365 3
      vertex 30.0427 -18.6343 3
    endloop
  endfacet
  facet normal 0 0 1
    outer loop
      vertex 26.3173 -17.6093 3
      vertex 30.0427 -18.6343 3
      vertex 30.0125 -18.5273 3
    endloop
  endfacet
  facet normal 0 0 1
    outer loop
      vertex 26.3173 -17.6093 3
      vertex 30.0125 -18.5273 3
      vertex 29.9966 -18.4173 3
    endloop
  endfacet
  facet normal -0 0 1
    outer loop
      vertex 26.3173 -17.6093 3
      vertex 30.0082 -18.1957 3
      vertex 26.3509 -17.4784 3
    endloop
  endfacet
  facet normal 0 0 1
    outer loop
      vertex 30.0082 -18.1957 3
      vertex 26.3173 -17.6093 3
      vertex 29.9951 -18.3061 3
    endloop
  endfacet
  facet normal 0 0 1
    outer loop
      vertex 29.9951 -18.3061 3
      vertex 26.3173 -17.6093 3
      vertex 29.9966 -18.4173 3
    endloop
  endfacet
  facet normal 0 0 1
    outer loop
      vertex 30.0866 -18.7365 3
      vertex 26.3173 -17.6093 3
      vertex 25.2034 -20.6825 3
    endloop
  endfacet
  facet normal 0 0 1
    outer loop
      vertex 30.381 -19.0635 3
      vertex 25.2034 -20.6825 3
      vertex 25.1397 -20.8126 3
    endloop
  endfacet
  facet normal 0 0 1
    outer loop
      vertex 30.5813 -19.159 3
      vertex 25.1397 -20.8126 3
      vertex 25.0648 -20.9108 3
    endloop
  endfacet
  facet normal 0 0 1
    outer loop
      vertex 30.689 -19.1864 3
      vertex 25.0648 -20.9108 3
      vertex 24.9721 -20.9897 3
    endloop
  endfacet
  facet normal 0 0 1
    outer loop
      vertex 31.5672 -35.3505 3
      vertex 24.8636 -21.049 3
      vertex 31.4636 -35.4001 3
    endloop
  endfacet
  facet normal -0 0 1
    outer loop
      vertex 24.7461 -21.085 3
      vertex 31.4636 -35.4001 3
      vertex 24.8636 -21.049 3
    endloop
  endfacet
  facet normal 0 0 1
    outer loop
      vertex 31.4636 -35.4001 3
      vertex 24.7461 -21.085 3
      vertex 31.357 -35.4791 3
    endloop
  endfacet
  facet normal -0 0 1
    outer loop
      vertex 24.6241 -21.0957 3
      vertex 31.357 -35.4791 3
      vertex 24.7461 -21.085 3
    endloop
  endfacet
  facet normal 0 0 1
    outer loop
      vertex 24.5013 -21.0813 3
      vertex 31.357 -35.4791 3
      vertex 24.6241 -21.0957 3
    endloop
  endfacet
  facet normal 0 0 1
    outer loop
      vertex 24.3841 -21.0422 3
      vertex 31.357 -35.4791 3
      vertex 24.5013 -21.0813 3
    endloop
  endfacet
  facet normal 0 0 1
    outer loop
      vertex 21.7097 -20.2131 3
      vertex 24.3841 -21.0422 3
      vertex 24.2781 -20.9809 3
    endloop
  endfacet
  facet normal 0 0 1
    outer loop
      vertex 21.7097 -20.2131 3
      vertex 24.2781 -20.9809 3
      vertex 24.1724 -20.8848 3
    endloop
  endfacet
  facet normal 0 0 1
    outer loop
      vertex 21.7097 -20.2131 3
      vertex 24.1724 -20.8848 3
      vertex 23.6593 -20.3157 3
    endloop
  endfacet
  facet normal -0 0 1
    outer loop
      vertex 21.7097 -20.2131 3
      vertex 23.6593 -20.3157 3
      vertex 23.4711 -20.1431 3
    endloop
  endfacet
  facet normal 0 0 1
    outer loop
      vertex 21.7097 -20.2131 3
      vertex 23.4711 -20.1431 3
      vertex 23.2348 -20.0003 3
    endloop
  endfacet
  facet normal 0 0 1
    outer loop
      vertex 21.7097 -20.2131 3
      vertex 23.2348 -20.0003 3
      vertex 22.976 -19.9078 3
    endloop
  endfacet
  facet normal 0 0 1
    outer loop
      vertex 21.7097 -20.2131 3
      vertex 22.976 -19.9078 3
      vertex 22.7056 -19.8666 3
    endloop
  endfacet
  facet normal 0 0 1
    outer loop
      vertex 21.7097 -20.2131 3
      vertex 22.7056 -19.8666 3
      vertex 22.4317 -19.879 3
    endloop
  endfacet
  facet normal 0 0 1
    outer loop
      vertex 21.7097 -20.2131 3
      vertex 22.4317 -19.879 3
      vertex 22.1641 -19.9445 3
    endloop
  endfacet
  facet normal 0 0 1
    outer loop
      vertex 21.7097 -20.2131 3
      vertex 22.1641 -19.9445 3
      vertex 21.9151 -20.062 3
    endloop
  endfacet
  facet normal 0 0 1
    outer loop
      vertex 24.3841 -21.0422 3
      vertex 21.7097 -20.2131 3
      vertex 9.04776 -31.6143 3
    endloop
  endfacet
  facet normal 0 0 1
    outer loop
      vertex 24.3841 -21.0422 3
      vertex 9.04776 -31.6143 3
      vertex 31.357 -35.4791 3
    endloop
  endfacet
  facet normal -0 0 1
    outer loop
      vertex 8.94516 -33.564 3
      vertex 31.357 -35.4791 3
      vertex 9.04776 -31.6143 3
    endloop
  endfacet
  facet normal 0 0 1
    outer loop
      vertex 20.9577 -44.8423 3
      vertex 19.008 -44.7396 3
      vertex 20.7523 -44.9934 3
    endloop
  endfacet
  facet normal 0 0 1
    outer loop
      vertex 20.7523 -44.9934 3
      vertex 19.008 -44.7396 3
      vertex 20.5033 -45.1109 3
    endloop
  endfacet
  facet normal 0 0 1
    outer loop
      vertex 20.5033 -45.1109 3
      vertex 19.008 -44.7396 3
      vertex 20.2357 -45.1764 3
    endloop
  endfacet
  facet normal 0 0 1
    outer loop
      vertex 20.2357 -45.1764 3
      vertex 19.008 -44.7396 3
      vertex 19.9618 -45.1888 3
    endloop
  endfacet
  facet normal 0 0 1
    outer loop
      vertex 19.9618 -45.1888 3
      vertex 19.008 -44.7396 3
      vertex 19.6914 -45.1476 3
    endloop
  endfacet
  facet normal 0 0 1
    outer loop
      vertex 19.6914 -45.1476 3
      vertex 19.008 -44.7396 3
      vertex 19.4326 -45.0551 3
    endloop
  endfacet
  facet normal 0 0 1
    outer loop
      vertex 19.4326 -45.0551 3
      vertex 19.008 -44.7396 3
      vertex 19.1963 -44.9123 3
    endloop
  endfacet
  facet normal 0 0 1
    outer loop
      vertex 31.357 -35.4791 3
      vertex 19.008 -44.7396 3
      vertex 20.9577 -44.8423 3
    endloop
  endfacet
  facet normal 0 0 1
    outer loop
      vertex 31.357 -35.4791 3
      vertex 8.94516 -33.564 3
      vertex 19.008 -44.7396 3
    endloop
  endfacet
  facet normal -0 0 1
    outer loop
      vertex 8.87506 -31.8025 3
      vertex 8.94516 -33.564 3
      vertex 9.04776 -31.6143 3
    endloop
  endfacet
  facet normal 0 0 1
    outer loop
      vertex 8.87506 -31.8025 3
      vertex 8.79398 -33.3585 3
      vertex 8.94516 -33.564 3
    endloop
  endfacet
  facet normal -0 0 1
    outer loop
      vertex 8.73233 -32.0388 3
      vertex 8.79398 -33.3585 3
      vertex 8.87506 -31.8025 3
    endloop
  endfacet
  facet normal 0 0 1
    outer loop
      vertex 8.73233 -32.0388 3
      vertex 8.6765 -33.1095 3
      vertex 8.79398 -33.3585 3
    endloop
  endfacet
  facet normal -0 0 1
    outer loop
      vertex 8.6398 -32.2977 3
      vertex 8.6765 -33.1095 3
      vertex 8.73233 -32.0388 3
    endloop
  endfacet
  facet normal 0 0 1
    outer loop
      vertex 8.6398 -32.2977 3
      vertex 8.61099 -32.8419 3
      vertex 8.6765 -33.1095 3
    endloop
  endfacet
  facet normal 0 -0 1
    outer loop
      vertex 8.61099 -32.8419 3
      vertex 8.6398 -32.2977 3
      vertex 8.59863 -32.5681 3
    endloop
  endfacet
  facet normal 0 0 1
    outer loop
      vertex 81.8204 61.9119 3
      vertex 69.6645 53.1726 3
      vertex 69.6659 53.0615 3
    endloop
  endfacet
  facet normal 0 0 1
    outer loop
      vertex 70.4724 57.3427 3
      vertex 69.6485 53.2827 3
      vertex 69.6645 53.1726 3
    endloop
  endfacet
  facet normal 0 0 1
    outer loop
      vertex 70.4724 57.3427 3
      vertex 69.6183 53.3897 3
      vertex 69.6485 53.2827 3
    endloop
  endfacet
  facet normal 0 0 1
    outer loop
      vertex 70.4724 57.3427 3
      vertex 69.5744 53.4918 3
      vertex 69.6183 53.3897 3
    endloop
  endfacet
  facet normal 0 0 1
    outer loop
      vertex 70.4724 57.3427 3
      vertex 69.5176 53.5874 3
      vertex 69.5744 53.4918 3
    endloop
  endfacet
  facet normal 0 0 1
    outer loop
      vertex 70.4724 57.3427 3
      vertex 69.4488 53.6747 3
      vertex 69.5176 53.5874 3
    endloop
  endfacet
  facet normal 0 0 1
    outer loop
      vertex 70.4724 57.3427 3
      vertex 69.3691 53.7523 3
      vertex 69.4488 53.6747 3
    endloop
  endfacet
  facet normal 0 0 1
    outer loop
      vertex 70.4724 57.3427 3
      vertex 69.28 53.8188 3
      vertex 69.3691 53.7523 3
    endloop
  endfacet
  facet normal 0 0 1
    outer loop
      vertex 70.4724 57.3427 3
      vertex 69.183 53.8731 3
      vertex 69.28 53.8188 3
    endloop
  endfacet
  facet normal 0 0 1
    outer loop
      vertex 70.4724 57.3427 3
      vertex 69.0798 53.9143 3
      vertex 69.183 53.8731 3
    endloop
  endfacet
  facet normal 0 0 1
    outer loop
      vertex 70.4724 57.3427 3
      vertex 68.972 53.9417 3
      vertex 69.0798 53.9143 3
    endloop
  endfacet
  facet normal 0 0 1
    outer loop
      vertex 70.4724 57.3427 3
      vertex 68.8616 53.9548 3
      vertex 68.972 53.9417 3
    endloop
  endfacet
  facet normal 0 0 1
    outer loop
      vertex 70.4724 57.3427 3
      vertex 68.7504 53.9533 3
      vertex 68.8616 53.9548 3
    endloop
  endfacet
  facet normal 0 0 1
    outer loop
      vertex 70.4724 57.3427 3
      vertex 68.6404 53.9374 3
      vertex 68.7504 53.9533 3
    endloop
  endfacet
  facet normal 0 0 1
    outer loop
      vertex 70.4724 57.3427 3
      vertex 68.5334 53.9072 3
      vertex 68.6404 53.9374 3
    endloop
  endfacet
  facet normal 0 0 1
    outer loop
      vertex 70.4724 57.3427 3
      vertex 68.4312 53.8633 3
      vertex 68.5334 53.9072 3
    endloop
  endfacet
  facet normal 0 0 1
    outer loop
      vertex 70.4724 57.3427 3
      vertex 68.3356 53.8065 3
      vertex 68.4312 53.8633 3
    endloop
  endfacet
  facet normal 0 0 1
    outer loop
      vertex 70.4724 57.3427 3
      vertex 68.2483 53.7376 3
      vertex 68.3356 53.8065 3
    endloop
  endfacet
  facet normal -0 0 1
    outer loop
      vertex 57.7375 54.6358 3
      vertex 68.2483 53.7376 3
      vertex 70.4724 57.3427 3
    endloop
  endfacet
  facet normal 0 0 1
    outer loop
      vertex 68.2483 53.7376 3
      vertex 57.7375 54.6358 3
      vertex 68.1707 53.658 3
    endloop
  endfacet
  facet normal 0 0 1
    outer loop
      vertex 67.9813 53.2608 3
      vertex 57.7375 54.6358 3
      vertex 67.9683 53.1504 3
    endloop
  endfacet
  facet normal 0 0 1
    outer loop
      vertex 68.0087 53.3686 3
      vertex 57.7375 54.6358 3
      vertex 67.9813 53.2608 3
    endloop
  endfacet
  facet normal 0 0 1
    outer loop
      vertex 68.0499 53.4719 3
      vertex 57.7375 54.6358 3
      vertex 68.0087 53.3686 3
    endloop
  endfacet
  facet normal 0 0 1
    outer loop
      vertex 68.1042 53.5689 3
      vertex 57.7375 54.6358 3
      vertex 68.0499 53.4719 3
    endloop
  endfacet
  facet normal 0 0 1
    outer loop
      vertex 68.1707 53.658 3
      vertex 57.7375 54.6358 3
      vertex 68.1042 53.5689 3
    endloop
  endfacet
  facet normal 0 0 1
    outer loop
      vertex 101.017 66.0879 3
      vertex 101.282 66.0485 3
      vertex 101.206 66.0654 3
    endloop
  endfacet
  facet normal 0 0 1
    outer loop
      vertex 100.821 66.1046 3
      vertex 101.282 66.0485 3
      vertex 101.017 66.0879 3
    endloop
  endfacet
  facet normal 0 0 1
    outer loop
      vertex 100.584 66.1147 3
      vertex 101.282 66.0485 3
      vertex 100.821 66.1046 3
    endloop
  endfacet
  facet normal 0 0 1
    outer loop
      vertex 100.584 66.1147 3
      vertex 81.8204 61.9119 3
      vertex 101.282 66.0485 3
    endloop
  endfacet
  facet normal 0 0 1
    outer loop
      vertex 100.541 -15.8029 3
      vertex 80.9805 -28.4849 3
      vertex 81.7342 -28.7144 3
    endloop
  endfacet
  facet normal -0 0 1
    outer loop
      vertex 69.3858 52.4743 3
      vertex 86.7396 38.7689 3
      vertex 69.4634 52.5539 3
    endloop
  endfacet
  facet normal -0 0 1
    outer loop
      vertex 69.2985 52.4054 3
      vertex 86.7396 38.7689 3
      vertex 69.3858 52.4743 3
    endloop
  endfacet
  facet normal 0 0 1
    outer loop
      vertex 86.7396 38.7689 3
      vertex 76.8298 -26.3174 3
      vertex 80.9805 -28.4849 3
    endloop
  endfacet
  facet normal 0 0 1
    outer loop
      vertex 80.9805 -28.4849 3
      vertex 76.8298 -26.3174 3
      vertex 80.24 -28.2146 3
    endloop
  endfacet
  facet normal 0 0 1
    outer loop
      vertex 78.8075 -27.5589 3
      vertex 76.8298 -26.3174 3
      vertex 78.1189 -27.1759 3
    endloop
  endfacet
  facet normal 0 0 1
    outer loop
      vertex 78.1189 -27.1759 3
      vertex 76.8298 -26.3174 3
      vertex 77.4518 -26.7565 3
    endloop
  endfacet
  facet normal 0 0 1
    outer loop
      vertex 80.24 -28.2146 3
      vertex 76.8298 -26.3174 3
      vertex 79.5145 -27.9055 3
    endloop
  endfacet
  facet normal 0 0 1
    outer loop
      vertex 79.5145 -27.9055 3
      vertex 76.8298 -26.3174 3
      vertex 78.8075 -27.5589 3
    endloop
  endfacet
  facet normal 0 0 1
    outer loop
      vertex 86.7396 38.7689 3
      vertex 76.698 -26.2398 3
      vertex 76.8298 -26.3174 3
    endloop
  endfacet
  facet normal -0 0 1
    outer loop
      vertex 69.203 52.3486 3
      vertex 86.7396 38.7689 3
      vertex 69.2985 52.4054 3
    endloop
  endfacet
  facet normal -0 0 1
    outer loop
      vertex 69.1008 52.3047 3
      vertex 86.7396 38.7689 3
      vertex 69.203 52.3486 3
    endloop
  endfacet
  facet normal 0 0 1
    outer loop
      vertex 69.6645 53.1726 3
      vertex 81.8204 61.9119 3
      vertex 70.4724 57.3427 3
    endloop
  endfacet
  facet normal -0 0 1
    outer loop
      vertex 70.3777 66.1147 3
      vertex 81.8204 61.9119 3
      vertex 100.584 66.1147 3
    endloop
  endfacet
  facet normal 0 0 1
    outer loop
      vertex 70.3777 66.1147 3
      vertex 70.4724 57.3427 3
      vertex 81.8204 61.9119 3
    endloop
  endfacet
  facet normal 0 0 1
    outer loop
      vertex 70.4724 57.3427 3
      vertex 70.3777 66.1147 3
      vertex 68.6843 65.7547 3
    endloop
  endfacet
  facet normal 0 0 1
    outer loop
      vertex 116.399 -5.2968 3
      vertex 116.405 -5.82506 3
      vertex 116.428 -5.55013 3
    endloop
  endfacet
  facet normal 0 0 1
    outer loop
      vertex 116.399 -5.2968 3
      vertex 116.328 -6.08936 3
      vertex 116.405 -5.82506 3
    endloop
  endfacet
  facet normal 0 0 1
    outer loop
      vertex 116.399 -5.2968 3
      vertex 116.202 -6.33229 3
      vertex 116.328 -6.08936 3
    endloop
  endfacet
  facet normal 0 0 1
    outer loop
      vertex 115.761 -6.75696 3
      vertex 116.202 -6.33229 3
      vertex 116.399 -5.2968 3
    endloop
  endfacet
  facet normal 0 0 1
    outer loop
      vertex 116.202 -6.33229 3
      vertex 115.761 -6.75696 3
      vertex 116.031 -6.54613 3
    endloop
  endfacet
  facet normal 0 0 1
    outer loop
      vertex 116.031 -6.54613 3
      vertex 115.761 -6.75696 3
      vertex 115.821 -6.72406 3
    endloop
  endfacet
  facet normal 0 0 1
    outer loop
      vertex 115.761 -6.75696 3
      vertex 115.494 -8.783 3
      vertex 115.71 -8.59248 3
    endloop
  endfacet
  facet normal 0 0 1
    outer loop
      vertex 115.761 -6.75696 3
      vertex 115.263 -8.91574 3
      vertex 115.494 -8.783 3
    endloop
  endfacet
  facet normal 0 0 1
    outer loop
      vertex 106.073 -10.4111 3
      vertex 115.263 -8.91574 3
      vertex 115.761 -6.75696 3
    endloop
  endfacet
  facet normal 0 0 1
    outer loop
      vertex 105.808 -10.2126 3
      vertex 115.761 -6.75696 3
      vertex 116.399 -5.2968 3
    endloop
  endfacet
  facet normal 0 0 1
    outer loop
      vertex 115.263 -8.91574 3
      vertex 106.289 -10.9131 3
      vertex 106.29 -11.0243 3
    endloop
  endfacet
  facet normal 0 0 1
    outer loop
      vertex 115.263 -8.91574 3
      vertex 106.273 -10.8031 3
      vertex 106.289 -10.9131 3
    endloop
  endfacet
  facet normal 0 0 1
    outer loop
      vertex 115.263 -8.91574 3
      vertex 106.243 -10.6961 3
      vertex 106.273 -10.8031 3
    endloop
  endfacet
  facet normal 0 0 1
    outer loop
      vertex 115.263 -8.91574 3
      vertex 106.199 -10.5939 3
      vertex 106.243 -10.6961 3
    endloop
  endfacet
  facet normal -0 0 1
    outer loop
      vertex 86.7396 38.7689 3
      vertex 116.399 -5.2968 3
      vertex 106.156 42.896 3
    endloop
  endfacet
  facet normal 0 0 1
    outer loop
      vertex 115.263 -8.91574 3
      vertex 106.142 -10.4984 3
      vertex 106.199 -10.5939 3
    endloop
  endfacet
  facet normal 0 0 1
    outer loop
      vertex 115.263 -8.91574 3
      vertex 106.073 -10.4111 3
      vertex 106.142 -10.4984 3
    endloop
  endfacet
  facet normal 0 0 1
    outer loop
      vertex 115.761 -6.75696 3
      vertex 105.994 -10.3335 3
      vertex 106.073 -10.4111 3
    endloop
  endfacet
  facet normal 0 0 1
    outer loop
      vertex 115.761 -6.75696 3
      vertex 105.905 -10.2669 3
      vertex 105.994 -10.3335 3
    endloop
  endfacet
  facet normal 0 0 1
    outer loop
      vertex 115.761 -6.75696 3
      vertex 105.808 -10.2126 3
      vertex 105.905 -10.2669 3
    endloop
  endfacet
  facet normal 0 0 1
    outer loop
      vertex 116.399 -5.2968 3
      vertex 105.704 -10.1714 3
      vertex 105.808 -10.2126 3
    endloop
  endfacet
  facet normal 0 0 1
    outer loop
      vertex 116.399 -5.2968 3
      vertex 105.597 -10.1441 3
      vertex 105.704 -10.1714 3
    endloop
  endfacet
  facet normal 0 0 1
    outer loop
      vertex 116.399 -5.2968 3
      vertex 105.486 -10.131 3
      vertex 105.597 -10.1441 3
    endloop
  endfacet
  facet normal 0 0 1
    outer loop
      vertex 116.399 -5.2968 3
      vertex 105.375 -10.1324 3
      vertex 105.486 -10.131 3
    endloop
  endfacet
  facet normal 0 0 1
    outer loop
      vertex 116.399 -5.2968 3
      vertex 105.265 -10.1484 3
      vertex 105.375 -10.1324 3
    endloop
  endfacet
  facet normal 0 0 1
    outer loop
      vertex 116.399 -5.2968 3
      vertex 86.7396 38.7689 3
      vertex 105.265 -10.1484 3
    endloop
  endfacet
  facet normal 0 0 1
    outer loop
      vertex 105.265 -10.1484 3
      vertex 86.7396 38.7689 3
      vertex 105.158 -10.1786 3
    endloop
  endfacet
  facet normal 0 0 1
    outer loop
      vertex 105.158 -10.1786 3
      vertex 86.7396 38.7689 3
      vertex 105.056 -10.2225 3
    endloop
  endfacet
  facet normal 0 0 1
    outer loop
      vertex 105.056 -10.2225 3
      vertex 86.7396 38.7689 3
      vertex 104.96 -10.2793 3
    endloop
  endfacet
  facet normal 0 0 1
    outer loop
      vertex 104.96 -10.2793 3
      vertex 86.7396 38.7689 3
      vertex 104.873 -10.3481 3
    endloop
  endfacet
  facet normal 0 0 1
    outer loop
      vertex 104.873 -10.3481 3
      vertex 86.7396 38.7689 3
      vertex 104.795 -10.4278 3
    endloop
  endfacet
  facet normal 0 0 1
    outer loop
      vertex 104.795 -10.4278 3
      vertex 86.7396 38.7689 3
      vertex 104.729 -10.5169 3
    endloop
  endfacet
  facet normal 0 -0 1
    outer loop
      vertex 100.697 -15.4353 3
      vertex 104.729 -10.5169 3
      vertex 86.7396 38.7689 3
    endloop
  endfacet
  facet normal 0 -0 1
    outer loop
      vertex 100.79 -15.3508 3
      vertex 104.729 -10.5169 3
      vertex 100.697 -15.4353 3
    endloop
  endfacet
  facet normal 0 0 1
    outer loop
      vertex 104.729 -10.5169 3
      vertex 100.79 -15.3508 3
      vertex 104.674 -10.6139 3
    endloop
  endfacet
  facet normal 0 0 1
    outer loop
      vertex 104.674 -10.6139 3
      vertex 100.79 -15.3508 3
      vertex 104.633 -10.7172 3
    endloop
  endfacet
  facet normal 0 -0 1
    outer loop
      vertex 100.917 -15.2775 3
      vertex 104.633 -10.7172 3
      vertex 100.79 -15.3508 3
    endloop
  endfacet
  facet normal 0 0 1
    outer loop
      vertex 104.606 -10.8249 3
      vertex 100.917 -15.2775 3
      vertex 104.593 -10.9353 3
    endloop
  endfacet
  facet normal 0 0 1
    outer loop
      vertex 104.633 -10.7172 3
      vertex 100.917 -15.2775 3
      vertex 104.606 -10.8249 3
    endloop
  endfacet
  facet normal 0 0 1
    outer loop
      vertex 80.9805 -28.4849 3
      vertex 100.697 -15.4353 3
      vertex 86.7396 38.7689 3
    endloop
  endfacet
  facet normal 0 0 1
    outer loop
      vertex 100.697 -15.4353 3
      vertex 80.9805 -28.4849 3
      vertex 100.622 -15.5386 3
    endloop
  endfacet
  facet normal 0 0 1
    outer loop
      vertex 80.9805 -28.4849 3
      vertex 100.572 -15.653 3
      vertex 100.622 -15.5386 3
    endloop
  endfacet
  facet normal 0 0 1
    outer loop
      vertex 80.9805 -28.4849 3
      vertex 100.541 -15.8029 3
      vertex 100.572 -15.653 3
    endloop
  endfacet
  facet normal 0 0 1
    outer loop
      vertex 100.541 -15.8029 3
      vertex 81.7342 -28.7144 3
      vertex 100.448 -16.5591 3
    endloop
  endfacet
  facet normal 0 0 1
    outer loop
      vertex 100.448 -16.5591 3
      vertex 81.7342 -28.7144 3
      vertex 100.312 -17.3349 3
    endloop
  endfacet
  facet normal 0 0 1
    outer loop
      vertex 100.312 -17.3349 3
      vertex 81.7342 -28.7144 3
      vertex 100.133 -18.1031 3
    endloop
  endfacet
  facet normal 0 0 1
    outer loop
      vertex 100.133 -18.1031 3
      vertex 81.7342 -28.7144 3
      vertex 99.9151 -18.8596 3
    endloop
  endfacet
  facet normal 0 0 1
    outer loop
      vertex 99.9151 -18.8596 3
      vertex 81.7342 -28.7144 3
      vertex 99.6575 -19.6044 3
    endloop
  endfacet
  facet normal 0 0 1
    outer loop
      vertex 99.6575 -19.6044 3
      vertex 81.7342 -28.7144 3
      vertex 99.3609 -20.3348 3
    endloop
  endfacet
  facet normal 0 0 1
    outer loop
      vertex 99.3609 -20.3348 3
      vertex 81.7342 -28.7144 3
      vertex 99.0249 -21.0482 3
    endloop
  endfacet
  facet normal 0 0 1
    outer loop
      vertex 99.0249 -21.0482 3
      vertex 81.7342 -28.7144 3
      vertex 98.6525 -21.7418 3
    endloop
  endfacet
  facet normal 0 0 1
    outer loop
      vertex 98.6525 -21.7418 3
      vertex 81.7342 -28.7144 3
      vertex 98.2442 -22.4158 3
    endloop
  endfacet
  facet normal 0 0 1
    outer loop
      vertex 98.2442 -22.4158 3
      vertex 81.7342 -28.7144 3
      vertex 97.8005 -23.067 3
    endloop
  endfacet
  facet normal 0 0 1
    outer loop
      vertex 97.8005 -23.067 3
      vertex 81.7342 -28.7144 3
      vertex 97.3224 -23.6939 3
    endloop
  endfacet
  facet normal 0 0 1
    outer loop
      vertex 97.3224 -23.6939 3
      vertex 81.7342 -28.7144 3
      vertex 96.8125 -24.2949 3
    endloop
  endfacet
  facet normal 0 0 1
    outer loop
      vertex 96.8125 -24.2949 3
      vertex 81.7342 -28.7144 3
      vertex 96.2714 -24.868 3
    endloop
  endfacet
  facet normal 0 0 1
    outer loop
      vertex 96.2714 -24.868 3
      vertex 81.7342 -28.7144 3
      vertex 95.701 -25.4115 3
    endloop
  endfacet
  facet normal 0 0 1
    outer loop
      vertex 95.701 -25.4115 3
      vertex 81.7342 -28.7144 3
      vertex 95.103 -25.9241 3
    endloop
  endfacet
  facet normal 0 0 1
    outer loop
      vertex 95.103 -25.9241 3
      vertex 81.7342 -28.7144 3
      vertex 94.478 -26.4048 3
    endloop
  endfacet
  facet normal 0 0 1
    outer loop
      vertex 94.478 -26.4048 3
      vertex 81.7342 -28.7144 3
      vertex 93.8289 -26.8506 3
    endloop
  endfacet
  facet normal 0 0 1
    outer loop
      vertex 93.8289 -26.8506 3
      vertex 81.7342 -28.7144 3
      vertex 93.1571 -27.2623 3
    endloop
  endfacet
  facet normal 0 0 1
    outer loop
      vertex 93.1571 -27.2623 3
      vertex 81.7342 -28.7144 3
      vertex 92.4639 -27.6386 3
    endloop
  endfacet
  facet normal 0 0 1
    outer loop
      vertex 92.4639 -27.6386 3
      vertex 81.7342 -28.7144 3
      vertex 91.7519 -27.977 3
    endloop
  endfacet
  facet normal 0 0 1
    outer loop
      vertex 91.7519 -27.977 3
      vertex 81.7342 -28.7144 3
      vertex 91.0234 -28.2769 3
    endloop
  endfacet
  facet normal 0 0 1
    outer loop
      vertex 91.0234 -28.2769 3
      vertex 81.7342 -28.7144 3
      vertex 90.2795 -28.5379 3
    endloop
  endfacet
  facet normal 0 0 1
    outer loop
      vertex 90.2795 -28.5379 3
      vertex 81.7342 -28.7144 3
      vertex 89.5242 -28.7594 3
    endloop
  endfacet
  facet normal 0 0 1
    outer loop
      vertex 89.5242 -28.7594 3
      vertex 81.7342 -28.7144 3
      vertex 88.7571 -28.9414 3
    endloop
  endfacet
  facet normal 0 0 1
    outer loop
      vertex 88.7571 -28.9414 3
      vertex 81.7342 -28.7144 3
      vertex 87.982 -29.0819 3
    endloop
  endfacet
  facet normal 0 0 1
    outer loop
      vertex 87.982 -29.0819 3
      vertex 81.7342 -28.7144 3
      vertex 87.1994 -29.181 3
    endloop
  endfacet
  facet normal 0 0 1
    outer loop
      vertex 87.1994 -29.181 3
      vertex 81.7342 -28.7144 3
      vertex 86.4133 -29.2389 3
    endloop
  endfacet
  facet normal 0 0 1
    outer loop
      vertex 86.4133 -29.2389 3
      vertex 81.7342 -28.7144 3
      vertex 85.6258 -29.255 3
    endloop
  endfacet
  facet normal 0 0 1
    outer loop
      vertex 85.6258 -29.255 3
      vertex 81.7342 -28.7144 3
      vertex 84.8388 -29.23 3
    endloop
  endfacet
  facet normal 0 0 1
    outer loop
      vertex 84.8388 -29.23 3
      vertex 81.7342 -28.7144 3
      vertex 84.0533 -29.1627 3
    endloop
  endfacet
  facet normal 0 0 1
    outer loop
      vertex 84.0533 -29.1627 3
      vertex 81.7342 -28.7144 3
      vertex 83.273 -29.0544 3
    endloop
  endfacet
  facet normal -0 0 1
    outer loop
      vertex 69.6255 52.8433 3
      vertex 86.7396 38.7689 3
      vertex 81.8204 61.9119 3
    endloop
  endfacet
  facet normal 0 0 1
    outer loop
      vertex 83.273 -29.0544 3
      vertex 81.7342 -28.7144 3
      vertex 82.4984 -28.9049 3
    endloop
  endfacet
  facet normal 0 0 1
    outer loop
      vertex 116.023 -7.25281 3
      vertex 116.068 -7.82286 3
      vertex 116.074 -7.53522 3
    endloop
  endfacet
  facet normal 0 0 1
    outer loop
      vertex 116.023 -7.25281 3
      vertex 116.001 -8.10245 3
      vertex 116.068 -7.82286 3
    endloop
  endfacet
  facet normal 0 0 1
    outer loop
      vertex 115.915 -6.98651 3
      vertex 116.001 -8.10245 3
      vertex 116.023 -7.25281 3
    endloop
  endfacet
  facet normal 0 0 1
    outer loop
      vertex 115.915 -6.98651 3
      vertex 115.881 -8.36197 3
      vertex 116.001 -8.10245 3
    endloop
  endfacet
  facet normal 0 0 1
    outer loop
      vertex 115.761 -6.75696 3
      vertex 115.881 -8.36197 3
      vertex 115.915 -6.98651 3
    endloop
  endfacet
  facet normal 0 0 1
    outer loop
      vertex 115.881 -8.36197 3
      vertex 115.761 -6.75696 3
      vertex 115.71 -8.59248 3
    endloop
  endfacet
  facet normal 0 0 1
    outer loop
      vertex 106.277 -11.1347 3
      vertex 115.263 -8.91574 3
      vertex 106.29 -11.0243 3
    endloop
  endfacet
  facet normal 0 0 1
    outer loop
      vertex 106.25 -11.2425 3
      vertex 115.263 -8.91574 3
      vertex 106.277 -11.1347 3
    endloop
  endfacet
  facet normal 0 0 1
    outer loop
      vertex 106.209 -11.3458 3
      vertex 115.263 -8.91574 3
      vertex 106.25 -11.2425 3
    endloop
  endfacet
  facet normal 0 0 1
    outer loop
      vertex 106.154 -11.4428 3
      vertex 115.263 -8.91574 3
      vertex 106.209 -11.3458 3
    endloop
  endfacet
  facet normal 0 0 1
    outer loop
      vertex 106.088 -11.5318 3
      vertex 115.263 -8.91574 3
      vertex 106.154 -11.4428 3
    endloop
  endfacet
  facet normal 0 0 1
    outer loop
      vertex 106.01 -11.6115 3
      vertex 115.263 -8.91574 3
      vertex 106.088 -11.5318 3
    endloop
  endfacet
  facet normal 0 0 1
    outer loop
      vertex 105.923 -11.6803 3
      vertex 115.263 -8.91574 3
      vertex 106.01 -11.6115 3
    endloop
  endfacet
  facet normal 0 0 1
    outer loop
      vertex 105.827 -11.7372 3
      vertex 115.263 -8.91574 3
      vertex 105.923 -11.6803 3
    endloop
  endfacet
  facet normal 0 0 1
    outer loop
      vertex 100.917 -15.2775 3
      vertex 105.827 -11.7372 3
      vertex 105.725 -11.7811 3
    endloop
  endfacet
  facet normal -0 0 1
    outer loop
      vertex 105.827 -11.7372 3
      vertex 100.917 -15.2775 3
      vertex 115.263 -8.91574 3
    endloop
  endfacet
  facet normal -0 0 1
    outer loop
      vertex 105.618 -11.8112 3
      vertex 100.917 -15.2775 3
      vertex 105.725 -11.7811 3
    endloop
  endfacet
  facet normal -0 0 1
    outer loop
      vertex 105.508 -11.8272 3
      vertex 100.917 -15.2775 3
      vertex 105.618 -11.8112 3
    endloop
  endfacet
  facet normal -0 0 1
    outer loop
      vertex 105.397 -11.8287 3
      vertex 100.917 -15.2775 3
      vertex 105.508 -11.8272 3
    endloop
  endfacet
  facet normal 0 0 1
    outer loop
      vertex 105.287 -11.8156 3
      vertex 100.917 -15.2775 3
      vertex 105.397 -11.8287 3
    endloop
  endfacet
  facet normal 0 0 1
    outer loop
      vertex 105.179 -11.7882 3
      vertex 100.917 -15.2775 3
      vertex 105.287 -11.8156 3
    endloop
  endfacet
  facet normal 0 0 1
    outer loop
      vertex 105.076 -11.747 3
      vertex 100.917 -15.2775 3
      vertex 105.179 -11.7882 3
    endloop
  endfacet
  facet normal 0 0 1
    outer loop
      vertex 104.979 -11.6927 3
      vertex 100.917 -15.2775 3
      vertex 105.076 -11.747 3
    endloop
  endfacet
  facet normal 0 0 1
    outer loop
      vertex 104.89 -11.6262 3
      vertex 100.917 -15.2775 3
      vertex 104.979 -11.6927 3
    endloop
  endfacet
  facet normal 0 0 1
    outer loop
      vertex 104.81 -11.5486 3
      vertex 100.917 -15.2775 3
      vertex 104.89 -11.6262 3
    endloop
  endfacet
  facet normal 0 0 1
    outer loop
      vertex 104.741 -11.4613 3
      vertex 100.917 -15.2775 3
      vertex 104.81 -11.5486 3
    endloop
  endfacet
  facet normal 0 0 1
    outer loop
      vertex 104.684 -11.3657 3
      vertex 100.917 -15.2775 3
      vertex 104.741 -11.4613 3
    endloop
  endfacet
  facet normal 0 0 1
    outer loop
      vertex 104.64 -11.2636 3
      vertex 100.917 -15.2775 3
      vertex 104.684 -11.3657 3
    endloop
  endfacet
  facet normal 0 0 1
    outer loop
      vertex 104.61 -11.1565 3
      vertex 100.917 -15.2775 3
      vertex 104.64 -11.2636 3
    endloop
  endfacet
  facet normal 0 0 1
    outer loop
      vertex 104.594 -11.0465 3
      vertex 100.917 -15.2775 3
      vertex 104.61 -11.1565 3
    endloop
  endfacet
  facet normal 0 0 1
    outer loop
      vertex 100.917 -15.2775 3
      vertex 104.594 -11.0465 3
      vertex 104.593 -10.9353 3
    endloop
  endfacet
  facet normal 0 0 1
    outer loop
      vertex 81.8204 61.9119 3
      vertex 69.6659 53.0615 3
      vertex 69.6529 52.951 3
    endloop
  endfacet
  facet normal 0 0 1
    outer loop
      vertex 69.6255 52.8433 3
      vertex 81.8204 61.9119 3
      vertex 69.6529 52.951 3
    endloop
  endfacet
  facet normal 0 0 1
    outer loop
      vertex 86.7396 38.7689 3
      vertex 69.6255 52.8433 3
      vertex 69.5843 52.74 3
    endloop
  endfacet
  facet normal 0 0 1
    outer loop
      vertex 86.7396 38.7689 3
      vertex 69.5843 52.74 3
      vertex 69.53 52.643 3
    endloop
  endfacet
  facet normal 0 0 1
    outer loop
      vertex 86.7396 38.7689 3
      vertex 69.53 52.643 3
      vertex 69.4634 52.5539 3
    endloop
  endfacet
  facet normal 0 0 1
    outer loop
      vertex 86.7396 38.7689 3
      vertex 76.5776 -26.1996 3
      vertex 76.698 -26.2398 3
    endloop
  endfacet
  facet normal -0 0 1
    outer loop
      vertex 68.9938 52.2745 3
      vertex 86.7396 38.7689 3
      vertex 69.1008 52.3047 3
    endloop
  endfacet
  facet normal 0 0 1
    outer loop
      vertex 86.7396 38.7689 3
      vertex 76.4522 -26.1853 3
      vertex 76.5776 -26.1996 3
    endloop
  endfacet
  facet normal -0 0 1
    outer loop
      vertex 68.8838 52.2586 3
      vertex 86.7396 38.7689 3
      vertex 68.9938 52.2745 3
    endloop
  endfacet
  facet normal -0 0 1
    outer loop
      vertex 68.7726 52.2571 3
      vertex 86.7396 38.7689 3
      vertex 68.8838 52.2586 3
    endloop
  endfacet
  facet normal -0 0 1
    outer loop
      vertex 48.4957 43.4583 3
      vertex 86.7396 38.7689 3
      vertex 48.5981 43.5148 3
    endloop
  endfacet
  facet normal 0 0 1
    outer loop
      vertex 86.7396 38.7689 3
      vertex 76.3274 -26.1978 3
      vertex 76.4522 -26.1853 3
    endloop
  endfacet
  facet normal -0 0 1
    outer loop
      vertex 48.7609 43.6823 3
      vertex 86.7396 38.7689 3
      vertex 68.7726 52.2571 3
    endloop
  endfacet
  facet normal 0 0 1
    outer loop
      vertex 48.7609 43.6823 3
      vertex 68.7726 52.2571 3
      vertex 68.6622 52.2702 3
    endloop
  endfacet
  facet normal 0 0 1
    outer loop
      vertex 48.7609 43.6823 3
      vertex 68.6622 52.2702 3
      vertex 68.5544 52.2975 3
    endloop
  endfacet
  facet normal 0 0 1
    outer loop
      vertex 48.8148 43.7863 3
      vertex 68.5544 52.2975 3
      vertex 68.4512 52.3387 3
    endloop
  endfacet
  facet normal 0 0 1
    outer loop
      vertex 56.5131 51.9702 3
      vertex 68.4512 52.3387 3
      vertex 68.3541 52.3931 3
    endloop
  endfacet
  facet normal 0 0 1
    outer loop
      vertex 56.5131 51.9702 3
      vertex 68.3541 52.3931 3
      vertex 68.2651 52.4596 3
    endloop
  endfacet
  facet normal 0 0 1
    outer loop
      vertex 56.6028 52.0461 3
      vertex 68.2651 52.4596 3
      vertex 68.1854 52.5372 3
    endloop
  endfacet
  facet normal 0 0 1
    outer loop
      vertex 56.6759 52.1377 3
      vertex 68.1854 52.5372 3
      vertex 68.1166 52.6245 3
    endloop
  endfacet
  facet normal 0 0 1
    outer loop
      vertex 56.7298 52.2417 3
      vertex 68.1166 52.6245 3
      vertex 68.0597 52.7201 3
    endloop
  endfacet
  facet normal 0 0 1
    outer loop
      vertex 56.7298 52.2417 3
      vertex 68.0597 52.7201 3
      vertex 68.0158 52.8222 3
    endloop
  endfacet
  facet normal 0 0 1
    outer loop
      vertex 56.7627 52.3545 3
      vertex 68.0158 52.8222 3
      vertex 67.9857 52.9292 3
    endloop
  endfacet
  facet normal 0 0 1
    outer loop
      vertex 57.7375 54.6358 3
      vertex 67.9857 52.9292 3
      vertex 67.9697 53.0393 3
    endloop
  endfacet
  facet normal 0 0 1
    outer loop
      vertex 57.7375 54.6358 3
      vertex 67.9697 53.0393 3
      vertex 67.9683 53.1504 3
    endloop
  endfacet
  facet normal 0 0 1
    outer loop
      vertex 67.9857 52.9292 3
      vertex 57.7375 54.6358 3
      vertex 56.7627 52.3545 3
    endloop
  endfacet
  facet normal 0 0 1
    outer loop
      vertex 56.8719 54.0339 3
      vertex 57.7375 54.6358 3
      vertex 57.4944 54.5588 3
    endloop
  endfacet
  facet normal 0 0 1
    outer loop
      vertex 56.8719 54.0339 3
      vertex 57.4944 54.5588 3
      vertex 57.2527 54.4256 3
    endloop
  endfacet
  facet normal 0 0 1
    outer loop
      vertex 56.8719 54.0339 3
      vertex 57.2527 54.4256 3
      vertex 57.0427 54.2477 3
    endloop
  endfacet
  facet normal 0 0 1
    outer loop
      vertex 56.6741 52.9984 3
      vertex 57.7375 54.6358 3
      vertex 56.8719 54.0339 3
    endloop
  endfacet
  facet normal 0 0 1
    outer loop
      vertex 57.7375 54.6358 3
      vertex 56.7726 52.471 3
      vertex 56.7627 52.3545 3
    endloop
  endfacet
  facet normal 0 0 1
    outer loop
      vertex 68.0158 52.8222 3
      vertex 56.7627 52.3545 3
      vertex 56.7298 52.2417 3
    endloop
  endfacet
  facet normal 0 0 1
    outer loop
      vertex 68.1166 52.6245 3
      vertex 56.7298 52.2417 3
      vertex 56.6759 52.1377 3
    endloop
  endfacet
  facet normal 0 0 1
    outer loop
      vertex 68.1854 52.5372 3
      vertex 56.6759 52.1377 3
      vertex 56.6028 52.0461 3
    endloop
  endfacet
  facet normal 0 0 1
    outer loop
      vertex 68.2651 52.4596 3
      vertex 56.6028 52.0461 3
      vertex 56.5131 51.9702 3
    endloop
  endfacet
  facet normal 0 0 1
    outer loop
      vertex 68.4512 52.3387 3
      vertex 56.5131 51.9702 3
      vertex 56.4107 51.9137 3
    endloop
  endfacet
  facet normal 0 0 1
    outer loop
      vertex 68.4512 52.3387 3
      vertex 56.4107 51.9137 3
      vertex 48.8148 43.7863 3
    endloop
  endfacet
  facet normal 0 0 1
    outer loop
      vertex 48.8477 43.8991 3
      vertex 56.4107 51.9137 3
      vertex 56.2801 51.8724 3
    endloop
  endfacet
  facet normal 0 0 1
    outer loop
      vertex 48.8423 44.1518 3
      vertex 56.2801 51.8724 3
      vertex 48.944 50.3131 3
    endloop
  endfacet
  facet normal 0 0 1
    outer loop
      vertex 48.8477 43.8991 3
      vertex 56.2801 51.8724 3
      vertex 48.8576 44.0156 3
    endloop
  endfacet
  facet normal 0 0 1
    outer loop
      vertex 56.4107 51.9137 3
      vertex 48.8477 43.8991 3
      vertex 48.8148 43.7863 3
    endloop
  endfacet
  facet normal 0 0 1
    outer loop
      vertex 68.5544 52.2975 3
      vertex 48.8148 43.7863 3
      vertex 48.7609 43.6823 3
    endloop
  endfacet
  facet normal 0 0 1
    outer loop
      vertex 86.7396 38.7689 3
      vertex 48.7609 43.6823 3
      vertex 48.6878 43.5907 3
    endloop
  endfacet
  facet normal 0 0 1
    outer loop
      vertex 86.7396 38.7689 3
      vertex 48.6878 43.5907 3
      vertex 48.5981 43.5148 3
    endloop
  endfacet
  facet normal 0 -0 1
    outer loop
      vertex 76.1871 -26.2434 3
      vertex 86.7396 38.7689 3
      vertex 48.4957 43.4583 3
    endloop
  endfacet
  facet normal 0 0 1
    outer loop
      vertex 86.7396 38.7689 3
      vertex 76.1871 -26.2434 3
      vertex 76.3274 -26.1978 3
    endloop
  endfacet
  facet normal -0 0 1
    outer loop
      vertex 48.3651 43.417 3
      vertex 76.1871 -26.2434 3
      vertex 48.4957 43.4583 3
    endloop
  endfacet
  facet normal -0 0 1
    outer loop
      vertex 32.7148 40.0904 3
      vertex 31.7348 37.8336 3
      vertex 48.3651 43.417 3
    endloop
  endfacet
  facet normal 0 0 1
    outer loop
      vertex 31.6913 -18.2839 3
      vertex 48.3651 43.417 3
      vertex 31.7348 37.8336 3
    endloop
  endfacet
  facet normal 0 0 1
    outer loop
      vertex 31.6913 -18.2839 3
      vertex 48.0708 -38.7107 3
      vertex 76.1871 -26.2434 3
    endloop
  endfacet
  facet normal -0 0 1
    outer loop
      vertex 31.6797 -18.5055 3
      vertex 48.0708 -38.7107 3
      vertex 31.6928 -18.3951 3
    endloop
  endfacet
  facet normal 0 0 1
    outer loop
      vertex 47.8075 -38.7947 3
      vertex 47.2351 -38.7916 3
      vertex 47.5104 -38.8235 3
    endloop
  endfacet
  facet normal 0 0 1
    outer loop
      vertex 48.0708 -38.7107 3
      vertex 47.2351 -38.7916 3
      vertex 47.8075 -38.7947 3
    endloop
  endfacet
  facet normal -0 0 1
    outer loop
      vertex 31.6913 -18.2839 3
      vertex 76.1871 -26.2434 3
      vertex 48.3651 43.417 3
    endloop
  endfacet
  facet normal 0 0 1
    outer loop
      vertex 37.9951 -36.703 3
      vertex 35.3052 -36.0957 3
      vertex 37.8349 -36.6863 3
    endloop
  endfacet
  facet normal 0 0 1
    outer loop
      vertex 37.8349 -36.6863 3
      vertex 35.3052 -36.0957 3
      vertex 37.6978 -36.7032 3
    endloop
  endfacet
  facet normal 0 0 1
    outer loop
      vertex 37.6978 -36.7032 3
      vertex 35.3052 -36.0957 3
      vertex 37.547 -36.7596 3
    endloop
  endfacet
  facet normal -0 -0 1
    outer loop
      vertex 35.4091 -36.2991 3
      vertex 37.2656 -36.9024 3
      vertex 35.3052 -36.0957 3
    endloop
  endfacet
  facet normal 0 0 1
    outer loop
      vertex 37.2656 -36.9024 3
      vertex 35.4091 -36.2991 3
      vertex 37.0282 -36.9953 3
    endloop
  endfacet
  facet normal 0 0 1
    outer loop
      vertex 37.0282 -36.9953 3
      vertex 35.4091 -36.2991 3
      vertex 36.7573 -37.0442 3
    endloop
  endfacet
  facet normal 0 0 1
    outer loop
      vertex 36.7573 -37.0442 3
      vertex 35.4091 -36.2991 3
      vertex 36.4816 -37.0382 3
    endloop
  endfacet
  facet normal 0 0 1
    outer loop
      vertex 36.4816 -37.0382 3
      vertex 35.4091 -36.2991 3
      vertex 36.2146 -36.9792 3
    endloop
  endfacet
  facet normal 0 0 1
    outer loop
      vertex 36.2146 -36.9792 3
      vertex 35.4091 -36.2991 3
      vertex 35.9625 -36.8697 3
    endloop
  endfacet
  facet normal 0 0 1
    outer loop
      vertex 35.9625 -36.8697 3
      vertex 35.4091 -36.2991 3
      vertex 35.7365 -36.7122 3
    endloop
  endfacet
  facet normal 0 0 1
    outer loop
      vertex 35.7365 -36.7122 3
      vertex 35.4091 -36.2991 3
      vertex 35.5464 -36.5142 3
    endloop
  endfacet
  facet normal 0 0 1
    outer loop
      vertex 31.7348 37.8336 3
      vertex 32.7148 40.0904 3
      vertex 31.7448 37.9501 3
    endloop
  endfacet
  facet normal 0 0 1
    outer loop
      vertex 31.6514 38.453 3
      vertex 32.7148 40.0904 3
      vertex 32.4717 40.0135 3
    endloop
  endfacet
  facet normal 0 0 1
    outer loop
      vertex 31.6514 38.453 3
      vertex 32.4717 40.0135 3
      vertex 32.2301 39.8803 3
    endloop
  endfacet
  facet normal 0 0 1
    outer loop
      vertex 31.6514 38.453 3
      vertex 32.2301 39.8803 3
      vertex 32.02 39.7023 3
    endloop
  endfacet
  facet normal 0 0 1
    outer loop
      vertex 37.547 -36.7596 3
      vertex 35.3052 -36.0957 3
      vertex 37.2656 -36.9024 3
    endloop
  endfacet
  facet normal 0 0 1
    outer loop
      vertex 31.6514 38.453 3
      vertex 32.02 39.7023 3
      vertex 31.8493 39.4885 3
    endloop
  endfacet
  facet normal -0 0 1
    outer loop
      vertex 31.6523 -18.6133 3
      vertex 48.0708 -38.7107 3
      vertex 31.6797 -18.5055 3
    endloop
  endfacet
  facet normal 0 0 1
    outer loop
      vertex 48.0708 -38.7107 3
      vertex 31.6523 -18.6133 3
      vertex 47.2351 -38.7916 3
    endloop
  endfacet
  facet normal 0 0 1
    outer loop
      vertex 32.7148 40.0904 3
      vertex 31.7294 38.0863 3
      vertex 31.7448 37.9501 3
    endloop
  endfacet
  facet normal 0 0 1
    outer loop
      vertex 31.6514 38.453 3
      vertex 31.8493 39.4885 3
      vertex 31.7234 39.2456 3
    endloop
  endfacet
  facet normal 0 0 1
    outer loop
      vertex 32.7148 40.0904 3
      vertex 31.6514 38.453 3
      vertex 31.7294 38.0863 3
    endloop
  endfacet
  facet normal -0 0 1
    outer loop
      vertex 31.6463 38.9813 3
      vertex 31.6514 38.453 3
      vertex 31.7234 39.2456 3
    endloop
  endfacet
  facet normal 0 0 1
    outer loop
      vertex 31.6514 38.453 3
      vertex 31.6463 38.9813 3
      vertex 31.6229 38.7063 3
    endloop
  endfacet
  facet normal -0.336567 0.94166 0
    outer loop
      vertex -19.4326 -45.0551 3
      vertex -19.6914 -45.1476 5.6
      vertex -19.4326 -45.0551 5.6
    endloop
  endfacet
  facet normal -0.336567 0.94166 0
    outer loop
      vertex -19.6914 -45.1476 5.6
      vertex -19.4326 -45.0551 3
      vertex -19.6914 -45.1476 3
    endloop
  endfacet
  facet normal -0.51721 0.855859 0
    outer loop
      vertex -19.1963 -44.9123 3
      vertex -19.4326 -45.0551 5.6
      vertex -19.1963 -44.9123 5.6
    endloop
  endfacet
  facet normal -0.51721 0.855859 0
    outer loop
      vertex -19.4326 -45.0551 5.6
      vertex -19.1963 -44.9123 3
      vertex -19.4326 -45.0551 3
    endloop
  endfacet
  facet normal -0.67592 0.736975 0
    outer loop
      vertex -19.008 -44.7396 3
      vertex -19.1963 -44.9123 5.6
      vertex -19.008 -44.7396 5.6
    endloop
  endfacet
  facet normal -0.67592 0.736975 0
    outer loop
      vertex -19.1963 -44.9123 5.6
      vertex -19.008 -44.7396 3
      vertex -19.1963 -44.9123 3
    endloop
  endfacet
  facet normal -0.743135 0.669141 0
    outer loop
      vertex -19.008 -44.7396 3
      vertex -8.94516 -33.564 5.6
      vertex -8.94516 -33.564 3
    endloop
  endfacet
  facet normal -0.743135 0.669141 0
    outer loop
      vertex -8.94516 -33.564 5.6
      vertex -19.008 -44.7396 3
      vertex -19.008 -44.7396 5.6
    endloop
  endfacet
  facet normal -0.805507 0.592586 0
    outer loop
      vertex -8.94516 -33.564 3
      vertex -8.79398 -33.3585 5.6
      vertex -8.79398 -33.3585 3
    endloop
  endfacet
  facet normal -0.805507 0.592586 0
    outer loop
      vertex -8.79398 -33.3585 5.6
      vertex -8.94516 -33.564 3
      vertex -8.94516 -33.564 5.6
    endloop
  endfacet
  facet normal -0.904394 0.426699 0
    outer loop
      vertex -8.79398 -33.3585 3
      vertex -8.6765 -33.1095 5.6
      vertex -8.6765 -33.1095 3
    endloop
  endfacet
  facet normal -0.904394 0.426699 0
    outer loop
      vertex -8.6765 -33.1095 5.6
      vertex -8.79398 -33.3585 3
      vertex -8.79398 -33.3585 5.6
    endloop
  endfacet
  facet normal -0.971318 0.237784 0
    outer loop
      vertex -8.6765 -33.1095 3
      vertex -8.61099 -32.8419 5.6
      vertex -8.61099 -32.8419 3
    endloop
  endfacet
  facet normal -0.971318 0.237784 0
    outer loop
      vertex -8.61099 -32.8419 5.6
      vertex -8.6765 -33.1095 3
      vertex -8.6765 -33.1095 5.6
    endloop
  endfacet
  facet normal -0.998983 0.0450965 0
    outer loop
      vertex -8.61099 -32.8419 3
      vertex -8.59863 -32.5681 5.6
      vertex -8.59863 -32.5681 3
    endloop
  endfacet
  facet normal -0.998983 0.0450965 0
    outer loop
      vertex -8.59863 -32.5681 5.6
      vertex -8.61099 -32.8419 3
      vertex -8.61099 -32.8419 5.6
    endloop
  endfacet
  facet normal -0.988607 -0.150521 0
    outer loop
      vertex -8.59863 -32.5681 3
      vertex -8.6398 -32.2977 5.6
      vertex -8.6398 -32.2977 3
    endloop
  endfacet
  facet normal -0.988607 -0.150521 0
    outer loop
      vertex -8.6398 -32.2977 5.6
      vertex -8.59863 -32.5681 3
      vertex -8.59863 -32.5681 5.6
    endloop
  endfacet
  facet normal -0.941666 -0.336548 0
    outer loop
      vertex -8.6398 -32.2977 3
      vertex -8.73233 -32.0388 5.6
      vertex -8.73233 -32.0388 3
    endloop
  endfacet
  facet normal -0.941666 -0.336548 0
    outer loop
      vertex -8.73233 -32.0388 5.6
      vertex -8.6398 -32.2977 3
      vertex -8.6398 -32.2977 5.6
    endloop
  endfacet
  facet normal -0.855971 -0.517024 0
    outer loop
      vertex -8.73233 -32.0388 3
      vertex -8.87506 -31.8025 5.6
      vertex -8.87506 -31.8025 3
    endloop
  endfacet
  facet normal -0.855971 -0.517024 0
    outer loop
      vertex -8.87506 -31.8025 5.6
      vertex -8.73233 -32.0388 3
      vertex -8.73233 -32.0388 5.6
    endloop
  endfacet
  facet normal -0.736797 -0.676115 0
    outer loop
      vertex -8.87506 -31.8025 3
      vertex -9.04776 -31.6143 5.6
      vertex -9.04776 -31.6143 3
    endloop
  endfacet
  facet normal -0.736797 -0.676115 0
    outer loop
      vertex -9.04776 -31.6143 5.6
      vertex -8.87506 -31.8025 3
      vertex -8.87506 -31.8025 5.6
    endloop
  endfacet
  facet normal -0.669142 -0.743135 0
    outer loop
      vertex -21.7097 -20.2131 3
      vertex -9.04776 -31.6143 5.6
      vertex -21.7097 -20.2131 5.6
    endloop
  endfacet
  facet normal -0.669142 -0.743135 -0
    outer loop
      vertex -9.04776 -31.6143 5.6
      vertex -21.7097 -20.2131 3
      vertex -9.04776 -31.6143 3
    endloop
  endfacet
  facet normal -0.59257 -0.805519 0
    outer loop
      vertex -21.9151 -20.062 3
      vertex -21.7097 -20.2131 5.6
      vertex -21.9151 -20.062 5.6
    endloop
  endfacet
  facet normal -0.59257 -0.805519 -0
    outer loop
      vertex -21.7097 -20.2131 5.6
      vertex -21.9151 -20.062 3
      vertex -21.7097 -20.2131 3
    endloop
  endfacet
  facet normal -0.426759 -0.904365 0
    outer loop
      vertex -22.1641 -19.9445 3
      vertex -21.9151 -20.062 5.6
      vertex -22.1641 -19.9445 5.6
    endloop
  endfacet
  facet normal -0.426759 -0.904365 -0
    outer loop
      vertex -21.9151 -20.062 5.6
      vertex -22.1641 -19.9445 3
      vertex -21.9151 -20.062 3
    endloop
  endfacet
  facet normal -0.23775 -0.971326 0
    outer loop
      vertex -22.4317 -19.879 3
      vertex -22.1641 -19.9445 5.6
      vertex -22.4317 -19.879 5.6
    endloop
  endfacet
  facet normal -0.23775 -0.971326 -0
    outer loop
      vertex -22.1641 -19.9445 5.6
      vertex -22.4317 -19.879 3
      vertex -22.1641 -19.9445 3
    endloop
  endfacet
  facet normal -0.0452257 -0.998977 0
    outer loop
      vertex -22.7056 -19.8666 3
      vertex -22.4317 -19.879 5.6
      vertex -22.7056 -19.8666 5.6
    endloop
  endfacet
  facet normal -0.0452257 -0.998977 -0
    outer loop
      vertex -22.4317 -19.879 5.6
      vertex -22.7056 -19.8666 3
      vertex -22.4317 -19.879 3
    endloop
  endfacet
  facet normal 0.150628 -0.98859 0
    outer loop
      vertex -22.976 -19.9078 3
      vertex -22.7056 -19.8666 5.6
      vertex -22.976 -19.9078 5.6
    endloop
  endfacet
  facet normal 0.150628 -0.98859 0
    outer loop
      vertex -22.7056 -19.8666 5.6
      vertex -22.976 -19.9078 3
      vertex -22.7056 -19.8666 3
    endloop
  endfacet
  facet normal 0.336567 -0.94166 0
    outer loop
      vertex -23.2348 -20.0003 3
      vertex -22.976 -19.9078 5.6
      vertex -23.2348 -20.0003 5.6
    endloop
  endfacet
  facet normal 0.336567 -0.94166 0
    outer loop
      vertex -22.976 -19.9078 5.6
      vertex -23.2348 -20.0003 3
      vertex -22.976 -19.9078 3
    endloop
  endfacet
  facet normal 0.51721 -0.855859 0
    outer loop
      vertex -23.4711 -20.1431 3
      vertex -23.2348 -20.0003 5.6
      vertex -23.4711 -20.1431 5.6
    endloop
  endfacet
  facet normal 0.51721 -0.855859 0
    outer loop
      vertex -23.2348 -20.0003 5.6
      vertex -23.4711 -20.1431 3
      vertex -23.2348 -20.0003 3
    endloop
  endfacet
  facet normal 0.675902 -0.736992 0
    outer loop
      vertex -23.6593 -20.3157 3
      vertex -23.4711 -20.1431 5.6
      vertex -23.6593 -20.3157 5.6
    endloop
  endfacet
  facet normal 0.675902 -0.736992 0
    outer loop
      vertex -23.4711 -20.1431 5.6
      vertex -23.6593 -20.3157 3
      vertex -23.4711 -20.1431 3
    endloop
  endfacet
  facet normal 0.742703 -0.669621 0
    outer loop
      vertex -24.1724 -20.8848 5.6
      vertex -23.6593 -20.3157 3
      vertex -23.6593 -20.3157 5.6
    endloop
  endfacet
  facet normal 0.742703 -0.669621 0
    outer loop
      vertex -23.6593 -20.3157 3
      vertex -24.1724 -20.8848 5.6
      vertex -24.1724 -20.8848 3
    endloop
  endfacet
  facet normal 0.672708 -0.739908 0
    outer loop
      vertex -24.2781 -20.9809 3
      vertex -24.1724 -20.8848 5.6
      vertex -24.2781 -20.9809 5.6
    endloop
  endfacet
  facet normal 0.672708 -0.739908 0
    outer loop
      vertex -24.1724 -20.8848 5.6
      vertex -24.2781 -20.9809 3
      vertex -24.1724 -20.8848 3
    endloop
  endfacet
  facet normal 0.500618 -0.865668 0
    outer loop
      vertex -24.3841 -21.0422 3
      vertex -24.2781 -20.9809 5.6
      vertex -24.3841 -21.0422 5.6
    endloop
  endfacet
  facet normal 0.500618 -0.865668 0
    outer loop
      vertex -24.2781 -20.9809 5.6
      vertex -24.3841 -21.0422 3
      vertex -24.2781 -20.9809 3
    endloop
  endfacet
  facet normal 0.316471 -0.948602 0
    outer loop
      vertex -24.5013 -21.0813 3
      vertex -24.3841 -21.0422 5.6
      vertex -24.5013 -21.0813 5.6
    endloop
  endfacet
  facet normal 0.316471 -0.948602 0
    outer loop
      vertex -24.3841 -21.0422 5.6
      vertex -24.5013 -21.0813 3
      vertex -24.3841 -21.0422 3
    endloop
  endfacet
  facet normal 0.116466 -0.993195 0
    outer loop
      vertex -24.6241 -21.0957 3
      vertex -24.5013 -21.0813 5.6
      vertex -24.6241 -21.0957 5.6
    endloop
  endfacet
  facet normal 0.116466 -0.993195 0
    outer loop
      vertex -24.5013 -21.0813 5.6
      vertex -24.6241 -21.0957 3
      vertex -24.5013 -21.0813 3
    endloop
  endfacet
  facet normal -0.0873695 -0.996176 0
    outer loop
      vertex -24.7461 -21.085 3
      vertex -24.6241 -21.0957 5.6
      vertex -24.7461 -21.085 5.6
    endloop
  endfacet
  facet normal -0.0873695 -0.996176 -0
    outer loop
      vertex -24.6241 -21.0957 5.6
      vertex -24.7461 -21.085 3
      vertex -24.6241 -21.0957 3
    endloop
  endfacet
  facet normal -0.292942 -0.95613 0
    outer loop
      vertex -24.8636 -21.049 3
      vertex -24.7461 -21.085 5.6
      vertex -24.8636 -21.049 5.6
    endloop
  endfacet
  facet normal -0.292942 -0.95613 -0
    outer loop
      vertex -24.7461 -21.085 5.6
      vertex -24.8636 -21.049 3
      vertex -24.7461 -21.085 3
    endloop
  endfacet
  facet normal -0.479589 -0.877493 0
    outer loop
      vertex -24.9721 -20.9897 3
      vertex -24.8636 -21.049 5.6
      vertex -24.9721 -20.9897 5.6
    endloop
  endfacet
  facet normal -0.479589 -0.877493 -0
    outer loop
      vertex -24.8636 -21.049 5.6
      vertex -24.9721 -20.9897 3
      vertex -24.8636 -21.049 3
    endloop
  endfacet
  facet normal -0.648149 -0.761514 0
    outer loop
      vertex -25.0648 -20.9108 3
      vertex -24.9721 -20.9897 5.6
      vertex -25.0648 -20.9108 5.6
    endloop
  endfacet
  facet normal -0.648149 -0.761514 -0
    outer loop
      vertex -24.9721 -20.9897 5.6
      vertex -25.0648 -20.9108 3
      vertex -24.9721 -20.9897 3
    endloop
  endfacet
  facet normal -0.795116 -0.606458 0
    outer loop
      vertex -25.0648 -20.9108 3
      vertex -25.1397 -20.8126 5.6
      vertex -25.1397 -20.8126 3
    endloop
  endfacet
  facet normal -0.795116 -0.606458 0
    outer loop
      vertex -25.1397 -20.8126 5.6
      vertex -25.0648 -20.9108 3
      vertex -25.0648 -20.9108 5.6
    endloop
  endfacet
  facet normal -0.898124 -0.439742 0
    outer loop
      vertex -25.1397 -20.8126 3
      vertex -25.2034 -20.6825 5.6
      vertex -25.2034 -20.6825 3
    endloop
  endfacet
  facet normal -0.898124 -0.439742 0
    outer loop
      vertex -25.2034 -20.6825 5.6
      vertex -25.1397 -20.8126 3
      vertex -25.1397 -20.8126 5.6
    endloop
  endfacet
  facet normal -0.940149 -0.340763 0
    outer loop
      vertex -25.2034 -20.6825 3
      vertex -26.3173 -17.6093 5.6
      vertex -26.3173 -17.6093 3
    endloop
  endfacet
  facet normal -0.940149 -0.340763 0
    outer loop
      vertex -26.3173 -17.6093 5.6
      vertex -25.2034 -20.6825 3
      vertex -25.2034 -20.6825 5.6
    endloop
  endfacet
  facet normal -0.9686 -0.248625 0
    outer loop
      vertex -26.3173 -17.6093 3
      vertex -26.3509 -17.4784 5.6
      vertex -26.3509 -17.4784 3
    endloop
  endfacet
  facet normal -0.9686 -0.248625 0
    outer loop
      vertex -26.3509 -17.4784 5.6
      vertex -26.3173 -17.6093 3
      vertex -26.3173 -17.6093 5.6
    endloop
  endfacet
  facet normal -0.998295 -0.0583646 0
    outer loop
      vertex -26.3509 -17.4784 3
      vertex -26.3576 -17.3638 5.6
      vertex -26.3576 -17.3638 3
    endloop
  endfacet
  facet normal -0.998295 -0.0583646 0
    outer loop
      vertex -26.3576 -17.3638 5.6
      vertex -26.3509 -17.4784 3
      vertex -26.3509 -17.4784 5.6
    endloop
  endfacet
  facet normal -0.990677 0.136229 0
    outer loop
      vertex -26.3576 -17.3638 3
      vertex -26.3418 -17.2489 5.6
      vertex -26.3418 -17.2489 3
    endloop
  endfacet
  facet normal -0.990677 0.136229 0
    outer loop
      vertex -26.3418 -17.2489 5.6
      vertex -26.3576 -17.3638 3
      vertex -26.3576 -17.3638 5.6
    endloop
  endfacet
  facet normal -0.946408 0.322974 0
    outer loop
      vertex -26.3418 -17.2489 3
      vertex -26.3045 -17.1396 5.6
      vertex -26.3045 -17.1396 3
    endloop
  endfacet
  facet normal -0.946408 0.322974 0
    outer loop
      vertex -26.3045 -17.1396 5.6
      vertex -26.3418 -17.2489 3
      vertex -26.3418 -17.2489 5.6
    endloop
  endfacet
  facet normal -0.865485 0.500935 0
    outer loop
      vertex -26.3045 -17.1396 3
      vertex -26.2461 -17.0387 5.6
      vertex -26.2461 -17.0387 3
    endloop
  endfacet
  facet normal -0.865485 0.500935 0
    outer loop
      vertex -26.2461 -17.0387 5.6
      vertex -26.3045 -17.1396 3
      vertex -26.3045 -17.1396 5.6
    endloop
  endfacet
  facet normal -0.756666 0.653801 0
    outer loop
      vertex -26.2461 -17.0387 3
      vertex -26.1711 -16.9519 5.6
      vertex -26.1711 -16.9519 3
    endloop
  endfacet
  facet normal -0.756666 0.653801 0
    outer loop
      vertex -26.1711 -16.9519 5.6
      vertex -26.2461 -17.0387 3
      vertex -26.2461 -17.0387 5.6
    endloop
  endfacet
  facet normal -0.610383 0.792107 0
    outer loop
      vertex -26.08 -16.8817 3
      vertex -26.1711 -16.9519 5.6
      vertex -26.08 -16.8817 5.6
    endloop
  endfacet
  facet normal -0.610383 0.792107 0
    outer loop
      vertex -26.1711 -16.9519 5.6
      vertex -26.08 -16.8817 3
      vertex -26.1711 -16.9519 3
    endloop
  endfacet
  facet normal -0.452376 0.891827 0
    outer loop
      vertex -25.9765 -16.8292 3
      vertex -26.08 -16.8817 5.6
      vertex -25.9765 -16.8292 5.6
    endloop
  endfacet
  facet normal -0.452376 0.891827 0
    outer loop
      vertex -26.08 -16.8817 5.6
      vertex -25.9765 -16.8292 3
      vertex -26.08 -16.8817 3
    endloop
  endfacet
  facet normal -0.271274 0.962502 0
    outer loop
      vertex -25.8658 -16.798 3
      vertex -25.9765 -16.8292 5.6
      vertex -25.8658 -16.798 5.6
    endloop
  endfacet
  facet normal -0.271274 0.962502 0
    outer loop
      vertex -25.9765 -16.8292 5.6
      vertex -25.8658 -16.798 3
      vertex -25.9765 -16.8292 3
    endloop
  endfacet
  facet normal -0.0796077 0.996826 0
    outer loop
      vertex -25.7506 -16.7888 3
      vertex -25.8658 -16.798 5.6
      vertex -25.7506 -16.7888 5.6
    endloop
  endfacet
  facet normal -0.0796077 0.996826 0
    outer loop
      vertex -25.8658 -16.798 5.6
      vertex -25.7506 -16.7888 3
      vertex -25.8658 -16.798 3
    endloop
  endfacet
  facet normal 0.110996 0.993821 -0
    outer loop
      vertex -25.6154 -16.8039 3
      vertex -25.7506 -16.7888 5.6
      vertex -25.6154 -16.8039 5.6
    endloop
  endfacet
  facet normal 0.110996 0.993821 0
    outer loop
      vertex -25.7506 -16.7888 5.6
      vertex -25.6154 -16.8039 3
      vertex -25.7506 -16.7888 3
    endloop
  endfacet
  facet normal 0.207819 0.978167 -0
    outer loop
      vertex -25.0214 -16.9301 3
      vertex -25.6154 -16.8039 5.6
      vertex -25.0214 -16.9301 5.6
    endloop
  endfacet
  facet normal 0.207819 0.978167 0
    outer loop
      vertex -25.6154 -16.8039 5.6
      vertex -25.0214 -16.9301 3
      vertex -25.6154 -16.8039 3
    endloop
  endfacet
  facet normal -0.978148 0.207912 0
    outer loop
      vertex -25.0214 -16.9301 3
      vertex -14.5386 32.3875 5.6
      vertex -14.5386 32.3875 3
    endloop
  endfacet
  facet normal -0.978148 0.207912 0
    outer loop
      vertex -14.5386 32.3875 5.6
      vertex -25.0214 -16.9301 3
      vertex -25.0214 -16.9301 5.6
    endloop
  endfacet
  facet normal -0.993686 0.112197 0
    outer loop
      vertex -14.5386 32.3875 3
      vertex -14.51 32.6408 5.6
      vertex -14.51 32.6408 3
    endloop
  endfacet
  facet normal -0.993686 0.112197 0
    outer loop
      vertex -14.51 32.6408 5.6
      vertex -14.5386 32.3875 3
      vertex -14.5386 32.3875 5.6
    endloop
  endfacet
  facet normal -0.996399 -0.0847845 0
    outer loop
      vertex -14.51 32.6408 3
      vertex -14.5334 32.9158 5.6
      vertex -14.5334 32.9158 3
    endloop
  endfacet
  facet normal -0.996399 -0.0847845 0
    outer loop
      vertex -14.5334 32.9158 5.6
      vertex -14.51 32.6408 3
      vertex -14.51 32.6408 5.6
    endloop
  endfacet
  facet normal -0.959988 -0.280042 0
    outer loop
      vertex -14.5334 32.9158 3
      vertex -14.6105 33.1801 5.6
      vertex -14.6105 33.1801 3
    endloop
  endfacet
  facet normal -0.959988 -0.280042 0
    outer loop
      vertex -14.6105 33.1801 5.6
      vertex -14.5334 32.9158 3
      vertex -14.5334 32.9158 5.6
    endloop
  endfacet
  facet normal -0.887826 -0.460178 0
    outer loop
      vertex -14.6105 33.1801 3
      vertex -14.7364 33.423 5.6
      vertex -14.7364 33.423 3
    endloop
  endfacet
  facet normal -0.887826 -0.460178 0
    outer loop
      vertex -14.7364 33.423 5.6
      vertex -14.6105 33.1801 3
      vertex -14.6105 33.1801 5.6
    endloop
  endfacet
  facet normal -0.781475 -0.623937 0
    outer loop
      vertex -14.7364 33.423 3
      vertex -14.9071 33.6368 5.6
      vertex -14.9071 33.6368 3
    endloop
  endfacet
  facet normal -0.781475 -0.623937 0
    outer loop
      vertex -14.9071 33.6368 5.6
      vertex -14.7364 33.423 3
      vertex -14.7364 33.423 5.6
    endloop
  endfacet
  facet normal -0.646414 -0.762987 0
    outer loop
      vertex -15.1172 33.8148 3
      vertex -14.9071 33.6368 5.6
      vertex -15.1172 33.8148 5.6
    endloop
  endfacet
  facet normal -0.646414 -0.762987 -0
    outer loop
      vertex -14.9071 33.6368 5.6
      vertex -15.1172 33.8148 3
      vertex -14.9071 33.6368 3
    endloop
  endfacet
  facet normal -0.482656 -0.87581 0
    outer loop
      vertex -15.3589 33.948 3
      vertex -15.1172 33.8148 5.6
      vertex -15.3589 33.948 5.6
    endloop
  endfacet
  facet normal -0.482656 -0.87581 -0
    outer loop
      vertex -15.1172 33.8148 5.6
      vertex -15.3589 33.948 3
      vertex -15.1172 33.8148 3
    endloop
  endfacet
  facet normal -0.301713 -0.953399 0
    outer loop
      vertex -15.6019 34.0249 3
      vertex -15.3589 33.948 5.6
      vertex -15.6019 34.0249 5.6
    endloop
  endfacet
  facet normal -0.301713 -0.953399 -0
    outer loop
      vertex -15.3589 33.948 5.6
      vertex -15.6019 34.0249 3
      vertex -15.3589 33.948 3
    endloop
  endfacet
  facet normal -0.207913 -0.978147 0
    outer loop
      vertex -31.2522 37.3515 3
      vertex -15.6019 34.0249 5.6
      vertex -31.2522 37.3515 5.6
    endloop
  endfacet
  facet normal -0.207913 -0.978147 -0
    outer loop
      vertex -15.6019 34.0249 5.6
      vertex -31.2522 37.3515 3
      vertex -15.6019 34.0249 3
    endloop
  endfacet
  facet normal -0.301516 -0.953461 0
    outer loop
      vertex -31.3828 37.3928 3
      vertex -31.2522 37.3515 5.6
      vertex -31.3828 37.3928 5.6
    endloop
  endfacet
  facet normal -0.301516 -0.953461 -0
    outer loop
      vertex -31.2522 37.3515 5.6
      vertex -31.3828 37.3928 3
      vertex -31.2522 37.3515 3
    endloop
  endfacet
  facet normal -0.4831 -0.875565 0
    outer loop
      vertex -31.4852 37.4493 3
      vertex -31.3828 37.3928 5.6
      vertex -31.4852 37.4493 5.6
    endloop
  endfacet
  facet normal -0.4831 -0.875565 -0
    outer loop
      vertex -31.3828 37.3928 5.6
      vertex -31.4852 37.4493 3
      vertex -31.3828 37.3928 3
    endloop
  endfacet
  facet normal -0.645942 -0.763386 0
    outer loop
      vertex -31.5749 37.5252 3
      vertex -31.4852 37.4493 5.6
      vertex -31.5749 37.5252 5.6
    endloop
  endfacet
  facet normal -0.645942 -0.763386 -0
    outer loop
      vertex -31.4852 37.4493 5.6
      vertex -31.5749 37.5252 3
      vertex -31.4852 37.4493 3
    endloop
  endfacet
  facet normal -0.781617 -0.623758 0
    outer loop
      vertex -31.5749 37.5252 3
      vertex -31.648 37.6168 5.6
      vertex -31.648 37.6168 3
    endloop
  endfacet
  facet normal -0.781617 -0.623758 0
    outer loop
      vertex -31.648 37.6168 5.6
      vertex -31.5749 37.5252 3
      vertex -31.5749 37.5252 5.6
    endloop
  endfacet
  facet normal -0.887845 -0.460143 0
    outer loop
      vertex -31.648 37.6168 3
      vertex -31.7019 37.7208 5.6
      vertex -31.7019 37.7208 3
    endloop
  endfacet
  facet normal -0.887845 -0.460143 0
    outer loop
      vertex -31.7019 37.7208 5.6
      vertex -31.648 37.6168 3
      vertex -31.648 37.6168 5.6
    endloop
  endfacet
  facet normal -0.96 -0.28 0
    outer loop
      vertex -31.7019 37.7208 3
      vertex -31.7348 37.8336 5.6
      vertex -31.7348 37.8336 3
    endloop
  endfacet
  facet normal -0.96 -0.28 0
    outer loop
      vertex -31.7348 37.8336 5.6
      vertex -31.7019 37.7208 3
      vertex -31.7019 37.7208 5.6
    endloop
  endfacet
  facet normal -0.996336 -0.0855224 0
    outer loop
      vertex -31.7348 37.8336 3
      vertex -31.7448 37.9501 5.6
      vertex -31.7448 37.9501 3
    endloop
  endfacet
  facet normal -0.996336 -0.0855224 0
    outer loop
      vertex -31.7448 37.9501 5.6
      vertex -31.7348 37.8336 3
      vertex -31.7348 37.8336 5.6
    endloop
  endfacet
  facet normal -0.993668 0.112353 0
    outer loop
      vertex -31.7448 37.9501 3
      vertex -31.7294 38.0863 5.6
      vertex -31.7294 38.0863 3
    endloop
  endfacet
  facet normal -0.993668 0.112353 0
    outer loop
      vertex -31.7294 38.0863 5.6
      vertex -31.7448 37.9501 3
      vertex -31.7448 37.9501 5.6
    endloop
  endfacet
  facet normal -0.978117 0.208053 0
    outer loop
      vertex -31.7294 38.0863 3
      vertex -31.6514 38.453 5.6
      vertex -31.6514 38.453 3
    endloop
  endfacet
  facet normal -0.978117 0.208053 0
    outer loop
      vertex -31.6514 38.453 5.6
      vertex -31.7294 38.0863 3
      vertex -31.7294 38.0863 5.6
    endloop
  endfacet
  facet normal -0.99373 0.111809 0
    outer loop
      vertex -31.6514 38.453 3
      vertex -31.6229 38.7063 5.6
      vertex -31.6229 38.7063 3
    endloop
  endfacet
  facet normal -0.99373 0.111809 0
    outer loop
      vertex -31.6229 38.7063 5.6
      vertex -31.6514 38.453 3
      vertex -31.6514 38.453 5.6
    endloop
  endfacet
  facet normal -0.996399 -0.0847845 0
    outer loop
      vertex -31.6229 38.7063 3
      vertex -31.6463 38.9813 5.6
      vertex -31.6463 38.9813 3
    endloop
  endfacet
  facet normal -0.996399 -0.0847845 0
    outer loop
      vertex -31.6463 38.9813 5.6
      vertex -31.6229 38.7063 3
      vertex -31.6229 38.7063 5.6
    endloop
  endfacet
  facet normal -0.959988 -0.280042 0
    outer loop
      vertex -31.6463 38.9813 3
      vertex -31.7234 39.2456 5.6
      vertex -31.7234 39.2456 3
    endloop
  endfacet
  facet normal -0.959988 -0.280042 0
    outer loop
      vertex -31.7234 39.2456 5.6
      vertex -31.6463 38.9813 3
      vertex -31.6463 38.9813 5.6
    endloop
  endfacet
  facet normal -0.887826 -0.460178 0
    outer loop
      vertex -31.7234 39.2456 3
      vertex -31.8493 39.4885 5.6
      vertex -31.8493 39.4885 3
    endloop
  endfacet
  facet normal -0.887826 -0.460178 0
    outer loop
      vertex -31.8493 39.4885 5.6
      vertex -31.7234 39.2456 3
      vertex -31.7234 39.2456 5.6
    endloop
  endfacet
  facet normal -0.781475 -0.623937 0
    outer loop
      vertex -31.8493 39.4885 3
      vertex -32.02 39.7023 5.6
      vertex -32.02 39.7023 3
    endloop
  endfacet
  facet normal -0.781475 -0.623937 0
    outer loop
      vertex -32.02 39.7023 5.6
      vertex -31.8493 39.4885 3
      vertex -31.8493 39.4885 5.6
    endloop
  endfacet
  facet normal -0.646414 -0.762987 0
    outer loop
      vertex -32.2301 39.8803 3
      vertex -32.02 39.7023 5.6
      vertex -32.2301 39.8803 5.6
    endloop
  endfacet
  facet normal -0.646414 -0.762987 -0
    outer loop
      vertex -32.02 39.7023 5.6
      vertex -32.2301 39.8803 3
      vertex -32.02 39.7023 3
    endloop
  endfacet
  facet normal -0.482809 -0.875726 0
    outer loop
      vertex -32.4717 40.0135 3
      vertex -32.2301 39.8803 5.6
      vertex -32.4717 40.0135 5.6
    endloop
  endfacet
  facet normal -0.482809 -0.875726 -0
    outer loop
      vertex -32.2301 39.8803 5.6
      vertex -32.4717 40.0135 3
      vertex -32.2301 39.8803 3
    endloop
  endfacet
  facet normal -0.301601 -0.953434 0
    outer loop
      vertex -32.7148 40.0904 3
      vertex -32.4717 40.0135 5.6
      vertex -32.7148 40.0904 5.6
    endloop
  endfacet
  facet normal -0.301601 -0.953434 -0
    outer loop
      vertex -32.4717 40.0135 5.6
      vertex -32.7148 40.0904 3
      vertex -32.4717 40.0135 3
    endloop
  endfacet
  facet normal -0.207913 -0.978147 0
    outer loop
      vertex -48.3651 43.417 3
      vertex -32.7148 40.0904 5.6
      vertex -48.3651 43.417 5.6
    endloop
  endfacet
  facet normal -0.207913 -0.978147 -0
    outer loop
      vertex -32.7148 40.0904 5.6
      vertex -48.3651 43.417 3
      vertex -32.7148 40.0904 3
    endloop
  endfacet
  facet normal -0.301516 -0.953461 0
    outer loop
      vertex -48.4957 43.4583 3
      vertex -48.3651 43.417 5.6
      vertex -48.4957 43.4583 5.6
    endloop
  endfacet
  facet normal -0.301516 -0.953461 -0
    outer loop
      vertex -48.3651 43.417 5.6
      vertex -48.4957 43.4583 3
      vertex -48.3651 43.417 3
    endloop
  endfacet
  facet normal -0.4831 -0.875565 0
    outer loop
      vertex -48.5981 43.5148 3
      vertex -48.4957 43.4583 5.6
      vertex -48.5981 43.5148 5.6
    endloop
  endfacet
  facet normal -0.4831 -0.875565 -0
    outer loop
      vertex -48.4957 43.4583 5.6
      vertex -48.5981 43.5148 3
      vertex -48.4957 43.4583 3
    endloop
  endfacet
  facet normal -0.645942 -0.763386 0
    outer loop
      vertex -48.6878 43.5907 3
      vertex -48.5981 43.5148 5.6
      vertex -48.6878 43.5907 5.6
    endloop
  endfacet
  facet normal -0.645942 -0.763386 -0
    outer loop
      vertex -48.5981 43.5148 5.6
      vertex -48.6878 43.5907 3
      vertex -48.5981 43.5148 3
    endloop
  endfacet
  facet normal -0.781617 -0.623758 0
    outer loop
      vertex -48.6878 43.5907 3
      vertex -48.7609 43.6823 5.6
      vertex -48.7609 43.6823 3
    endloop
  endfacet
  facet normal -0.781617 -0.623758 0
    outer loop
      vertex -48.7609 43.6823 5.6
      vertex -48.6878 43.5907 3
      vertex -48.6878 43.5907 5.6
    endloop
  endfacet
  facet normal -0.887845 -0.460143 0
    outer loop
      vertex -48.7609 43.6823 3
      vertex -48.8148 43.7863 5.6
      vertex -48.8148 43.7863 3
    endloop
  endfacet
  facet normal -0.887845 -0.460143 0
    outer loop
      vertex -48.8148 43.7863 5.6
      vertex -48.7609 43.6823 3
      vertex -48.7609 43.6823 5.6
    endloop
  endfacet
  facet normal -0.96 -0.28 0
    outer loop
      vertex -48.8148 43.7863 3
      vertex -48.8477 43.8991 5.6
      vertex -48.8477 43.8991 3
    endloop
  endfacet
  facet normal -0.96 -0.28 0
    outer loop
      vertex -48.8477 43.8991 5.6
      vertex -48.8148 43.7863 3
      vertex -48.8148 43.7863 5.6
    endloop
  endfacet
  facet normal -0.996409 -0.0846734 0
    outer loop
      vertex -48.8477 43.8991 3
      vertex -48.8576 44.0156 5.6
      vertex -48.8576 44.0156 3
    endloop
  endfacet
  facet normal -0.996409 -0.0846734 0
    outer loop
      vertex -48.8576 44.0156 5.6
      vertex -48.8477 43.8991 3
      vertex -48.8477 43.8991 5.6
    endloop
  endfacet
  facet normal -0.99375 0.111633 0
    outer loop
      vertex -48.8576 44.0156 3
      vertex -48.8423 44.1518 5.6
      vertex -48.8423 44.1518 3
    endloop
  endfacet
  facet normal -0.99375 0.111633 0
    outer loop
      vertex -48.8423 44.1518 5.6
      vertex -48.8576 44.0156 3
      vertex -48.8576 44.0156 5.6
    endloop
  endfacet
  facet normal -0.978147 0.207915 0
    outer loop
      vertex -48.8423 44.1518 3
      vertex -47.8807 48.6757 5.6
      vertex -47.8807 48.6757 3
    endloop
  endfacet
  facet normal -0.978147 0.207915 0
    outer loop
      vertex -47.8807 48.6757 5.6
      vertex -48.8423 44.1518 3
      vertex -48.8423 44.1518 5.6
    endloop
  endfacet
  facet normal -0.993686 0.112197 0
    outer loop
      vertex -47.8807 48.6757 3
      vertex -47.8521 48.929 5.6
      vertex -47.8521 48.929 3
    endloop
  endfacet
  facet normal -0.993686 0.112197 0
    outer loop
      vertex -47.8521 48.929 5.6
      vertex -47.8807 48.6757 3
      vertex -47.8807 48.6757 5.6
    endloop
  endfacet
  facet normal -0.996397 -0.0848151 0
    outer loop
      vertex -47.8521 48.929 3
      vertex -47.8755 49.2039 5.6
      vertex -47.8755 49.2039 3
    endloop
  endfacet
  facet normal -0.996397 -0.0848151 0
    outer loop
      vertex -47.8755 49.2039 5.6
      vertex -47.8521 48.929 3
      vertex -47.8521 48.929 5.6
    endloop
  endfacet
  facet normal -0.959988 -0.280042 0
    outer loop
      vertex -47.8755 49.2039 3
      vertex -47.9526 49.4682 5.6
      vertex -47.9526 49.4682 3
    endloop
  endfacet
  facet normal -0.959988 -0.280042 0
    outer loop
      vertex -47.9526 49.4682 5.6
      vertex -47.8755 49.2039 3
      vertex -47.8755 49.2039 5.6
    endloop
  endfacet
  facet normal -0.887904 -0.460029 0
    outer loop
      vertex -47.9526 49.4682 3
      vertex -48.0785 49.7112 5.6
      vertex -48.0785 49.7112 3
    endloop
  endfacet
  facet normal -0.887904 -0.460029 0
    outer loop
      vertex -48.0785 49.7112 5.6
      vertex -47.9526 49.4682 3
      vertex -47.9526 49.4682 5.6
    endloop
  endfacet
  facet normal -0.781475 -0.623937 0
    outer loop
      vertex -48.0785 49.7112 3
      vertex -48.2492 49.925 5.6
      vertex -48.2492 49.925 3
    endloop
  endfacet
  facet normal -0.781475 -0.623937 0
    outer loop
      vertex -48.2492 49.925 5.6
      vertex -48.0785 49.7112 3
      vertex -48.0785 49.7112 5.6
    endloop
  endfacet
  facet normal -0.646024 -0.763317 0
    outer loop
      vertex -48.4594 50.1029 3
      vertex -48.2492 49.925 5.6
      vertex -48.4594 50.1029 5.6
    endloop
  endfacet
  facet normal -0.646024 -0.763317 -0
    outer loop
      vertex -48.2492 49.925 5.6
      vertex -48.4594 50.1029 3
      vertex -48.2492 49.925 3
    endloop
  endfacet
  facet normal -0.482809 -0.875726 0
    outer loop
      vertex -48.701 50.2361 3
      vertex -48.4594 50.1029 5.6
      vertex -48.701 50.2361 5.6
    endloop
  endfacet
  facet normal -0.482809 -0.875726 -0
    outer loop
      vertex -48.4594 50.1029 5.6
      vertex -48.701 50.2361 3
      vertex -48.4594 50.1029 3
    endloop
  endfacet
  facet normal -0.30207 -0.953286 0
    outer loop
      vertex -48.944 50.3131 3
      vertex -48.701 50.2361 5.6
      vertex -48.944 50.3131 5.6
    endloop
  endfacet
  facet normal -0.30207 -0.953286 -0
    outer loop
      vertex -48.701 50.2361 5.6
      vertex -48.944 50.3131 3
      vertex -48.701 50.2361 3
    endloop
  endfacet
  facet normal -0.207907 -0.978149 0
    outer loop
      vertex -56.2801 51.8724 3
      vertex -48.944 50.3131 5.6
      vertex -56.2801 51.8724 5.6
    endloop
  endfacet
  facet normal -0.207907 -0.978149 -0
    outer loop
      vertex -48.944 50.3131 5.6
      vertex -56.2801 51.8724 3
      vertex -48.944 50.3131 3
    endloop
  endfacet
  facet normal -0.301516 -0.953461 0
    outer loop
      vertex -56.4107 51.9137 3
      vertex -56.2801 51.8724 5.6
      vertex -56.4107 51.9137 5.6
    endloop
  endfacet
  facet normal -0.301516 -0.953461 -0
    outer loop
      vertex -56.2801 51.8724 5.6
      vertex -56.4107 51.9137 3
      vertex -56.2801 51.8724 3
    endloop
  endfacet
  facet normal -0.4831 -0.875565 0
    outer loop
      vertex -56.5131 51.9702 3
      vertex -56.4107 51.9137 5.6
      vertex -56.5131 51.9702 5.6
    endloop
  endfacet
  facet normal -0.4831 -0.875565 -0
    outer loop
      vertex -56.4107 51.9137 5.6
      vertex -56.5131 51.9702 3
      vertex -56.4107 51.9137 3
    endloop
  endfacet
  facet normal -0.645942 -0.763386 0
    outer loop
      vertex -56.6028 52.0461 3
      vertex -56.5131 51.9702 5.6
      vertex -56.6028 52.0461 5.6
    endloop
  endfacet
  facet normal -0.645942 -0.763386 -0
    outer loop
      vertex -56.5131 51.9702 5.6
      vertex -56.6028 52.0461 3
      vertex -56.5131 51.9702 3
    endloop
  endfacet
  facet normal -0.781617 -0.623758 0
    outer loop
      vertex -56.6028 52.0461 3
      vertex -56.6759 52.1377 5.6
      vertex -56.6759 52.1377 3
    endloop
  endfacet
  facet normal -0.781617 -0.623758 0
    outer loop
      vertex -56.6759 52.1377 5.6
      vertex -56.6028 52.0461 3
      vertex -56.6028 52.0461 5.6
    endloop
  endfacet
  facet normal -0.887845 -0.460143 0
    outer loop
      vertex -56.6759 52.1377 3
      vertex -56.7298 52.2417 5.6
      vertex -56.7298 52.2417 3
    endloop
  endfacet
  facet normal -0.887845 -0.460143 0
    outer loop
      vertex -56.7298 52.2417 5.6
      vertex -56.6759 52.1377 3
      vertex -56.6759 52.1377 5.6
    endloop
  endfacet
  facet normal -0.96 -0.28 0
    outer loop
      vertex -56.7298 52.2417 3
      vertex -56.7627 52.3545 5.6
      vertex -56.7627 52.3545 3
    endloop
  endfacet
  facet normal -0.96 -0.28 0
    outer loop
      vertex -56.7627 52.3545 5.6
      vertex -56.7298 52.2417 3
      vertex -56.7298 52.2417 5.6
    endloop
  endfacet
  facet normal -0.996409 -0.0846734 0
    outer loop
      vertex -56.7627 52.3545 3
      vertex -56.7726 52.471 5.6
      vertex -56.7726 52.471 3
    endloop
  endfacet
  facet normal -0.996409 -0.0846734 0
    outer loop
      vertex -56.7726 52.471 5.6
      vertex -56.7627 52.3545 3
      vertex -56.7627 52.3545 5.6
    endloop
  endfacet
  facet normal -0.993668 0.112353 0
    outer loop
      vertex -56.7726 52.471 3
      vertex -56.7572 52.6072 5.6
      vertex -56.7572 52.6072 3
    endloop
  endfacet
  facet normal -0.993668 0.112353 0
    outer loop
      vertex -56.7572 52.6072 5.6
      vertex -56.7726 52.471 3
      vertex -56.7726 52.471 5.6
    endloop
  endfacet
  facet normal -0.978174 0.207787 0
    outer loop
      vertex -56.7572 52.6072 3
      vertex -56.6741 52.9984 5.6
      vertex -56.6741 52.9984 3
    endloop
  endfacet
  facet normal -0.978174 0.207787 0
    outer loop
      vertex -56.6741 52.9984 5.6
      vertex -56.7572 52.6072 3
      vertex -56.7572 52.6072 5.6
    endloop
  endfacet
  facet normal -0.993686 0.112197 0
    outer loop
      vertex -56.6741 52.9984 3
      vertex -56.6455 53.2517 5.6
      vertex -56.6455 53.2517 3
    endloop
  endfacet
  facet normal -0.993686 0.112197 0
    outer loop
      vertex -56.6455 53.2517 5.6
      vertex -56.6741 52.9984 3
      vertex -56.6741 52.9984 5.6
    endloop
  endfacet
  facet normal -0.996397 -0.0848151 0
    outer loop
      vertex -56.6455 53.2517 3
      vertex -56.6689 53.5266 5.6
      vertex -56.6689 53.5266 3
    endloop
  endfacet
  facet normal -0.996397 -0.0848151 0
    outer loop
      vertex -56.6689 53.5266 5.6
      vertex -56.6455 53.2517 3
      vertex -56.6455 53.2517 5.6
    endloop
  endfacet
  facet normal -0.959988 -0.280042 0
    outer loop
      vertex -56.6689 53.5266 3
      vertex -56.746 53.7909 5.6
      vertex -56.746 53.7909 3
    endloop
  endfacet
  facet normal -0.959988 -0.280042 0
    outer loop
      vertex -56.746 53.7909 5.6
      vertex -56.6689 53.5266 3
      vertex -56.6689 53.5266 5.6
    endloop
  endfacet
  facet normal -0.887904 -0.460029 0
    outer loop
      vertex -56.746 53.7909 3
      vertex -56.8719 54.0339 5.6
      vertex -56.8719 54.0339 3
    endloop
  endfacet
  facet normal -0.887904 -0.460029 0
    outer loop
      vertex -56.8719 54.0339 5.6
      vertex -56.746 53.7909 3
      vertex -56.746 53.7909 5.6
    endloop
  endfacet
  facet normal -0.781296 -0.62416 0
    outer loop
      vertex -56.8719 54.0339 3
      vertex -57.0427 54.2477 5.6
      vertex -57.0427 54.2477 3
    endloop
  endfacet
  facet normal -0.781296 -0.62416 0
    outer loop
      vertex -57.0427 54.2477 5.6
      vertex -56.8719 54.0339 3
      vertex -56.8719 54.0339 5.6
    endloop
  endfacet
  facet normal -0.646382 -0.763014 0
    outer loop
      vertex -57.2527 54.4256 3
      vertex -57.0427 54.2477 5.6
      vertex -57.2527 54.4256 5.6
    endloop
  endfacet
  facet normal -0.646382 -0.763014 -0
    outer loop
      vertex -57.0427 54.2477 5.6
      vertex -57.2527 54.4256 3
      vertex -57.0427 54.2477 3
    endloop
  endfacet
  facet normal -0.482656 -0.87581 0
    outer loop
      vertex -57.4944 54.5588 3
      vertex -57.2527 54.4256 5.6
      vertex -57.4944 54.5588 5.6
    endloop
  endfacet
  facet normal -0.482656 -0.87581 -0
    outer loop
      vertex -57.2527 54.4256 5.6
      vertex -57.4944 54.5588 3
      vertex -57.2527 54.4256 3
    endloop
  endfacet
  facet normal -0.301957 -0.953322 0
    outer loop
      vertex -57.7375 54.6358 3
      vertex -57.4944 54.5588 5.6
      vertex -57.7375 54.6358 5.6
    endloop
  endfacet
  facet normal -0.301957 -0.953322 -0
    outer loop
      vertex -57.4944 54.5588 5.6
      vertex -57.7375 54.6358 3
      vertex -57.4944 54.5588 3
    endloop
  endfacet
  facet normal -0.207913 -0.978147 0
    outer loop
      vertex -70.4724 57.3427 3
      vertex -57.7375 54.6358 5.6
      vertex -70.4724 57.3427 5.6
    endloop
  endfacet
  facet normal -0.207913 -0.978147 -0
    outer loop
      vertex -57.7375 54.6358 5.6
      vertex -70.4724 57.3427 3
      vertex -57.7375 54.6358 3
    endloop
  endfacet
  facet normal 0.97815 -0.207898 0
    outer loop
      vertex -116.399 -5.2968 5.6
      vertex -106.156 42.896 3
      vertex -106.156 42.896 5.6
    endloop
  endfacet
  facet normal 0.97815 -0.207898 0
    outer loop
      vertex -106.156 42.896 3
      vertex -116.399 -5.2968 5.6
      vertex -116.399 -5.2968 3
    endloop
  endfacet
  facet normal 0.993511 -0.113732 0
    outer loop
      vertex -116.428 -5.55013 5.6
      vertex -116.399 -5.2968 3
      vertex -116.399 -5.2968 5.6
    endloop
  endfacet
  facet normal 0.993511 -0.113732 0
    outer loop
      vertex -116.399 -5.2968 3
      vertex -116.428 -5.55013 5.6
      vertex -116.428 -5.55013 3
    endloop
  endfacet
  facet normal 0.996519 0.0833664 0
    outer loop
      vertex -116.405 -5.82506 5.6
      vertex -116.428 -5.55013 3
      vertex -116.428 -5.55013 5.6
    endloop
  endfacet
  facet normal 0.996519 0.0833664 0
    outer loop
      vertex -116.428 -5.55013 3
      vertex -116.405 -5.82506 5.6
      vertex -116.405 -5.82506 3
    endloop
  endfacet
  facet normal 0.960085 0.279707 0
    outer loop
      vertex -116.328 -6.08936 5.6
      vertex -116.405 -5.82506 3
      vertex -116.405 -5.82506 5.6
    endloop
  endfacet
  facet normal 0.960085 0.279707 0
    outer loop
      vertex -116.405 -5.82506 3
      vertex -116.328 -6.08936 5.6
      vertex -116.328 -6.08936 3
    endloop
  endfacet
  facet normal 0.8877 0.460422 0
    outer loop
      vertex -116.202 -6.33229 5.6
      vertex -116.328 -6.08936 3
      vertex -116.328 -6.08936 5.6
    endloop
  endfacet
  facet normal 0.8877 0.460422 0
    outer loop
      vertex -116.328 -6.08936 3
      vertex -116.202 -6.33229 5.6
      vertex -116.202 -6.33229 3
    endloop
  endfacet
  facet normal 0.780997 0.624535 0
    outer loop
      vertex -116.031 -6.54613 5.6
      vertex -116.202 -6.33229 3
      vertex -116.202 -6.33229 5.6
    endloop
  endfacet
  facet normal 0.780997 0.624535 0
    outer loop
      vertex -116.202 -6.33229 3
      vertex -116.031 -6.54613 5.6
      vertex -116.031 -6.54613 3
    endloop
  endfacet
  facet normal 0.646445 0.76296 -0
    outer loop
      vertex -115.821 -6.72406 3
      vertex -116.031 -6.54613 5.6
      vertex -115.821 -6.72406 5.6
    endloop
  endfacet
  facet normal 0.646445 0.76296 0
    outer loop
      vertex -116.031 -6.54613 5.6
      vertex -115.821 -6.72406 3
      vertex -116.031 -6.54613 3
    endloop
  endfacet
  facet normal 0.480796 0.876832 -0
    outer loop
      vertex -115.761 -6.75696 3
      vertex -115.821 -6.72406 5.6
      vertex -115.761 -6.75696 5.6
    endloop
  endfacet
  facet normal 0.480796 0.876832 0
    outer loop
      vertex -115.821 -6.72406 5.6
      vertex -115.761 -6.75696 3
      vertex -115.821 -6.72406 3
    endloop
  endfacet
  facet normal 0.830433 -0.557119 0
    outer loop
      vertex -115.915 -6.98651 5.6
      vertex -115.761 -6.75696 3
      vertex -115.761 -6.75696 5.6
    endloop
  endfacet
  facet normal 0.830433 -0.557119 0
    outer loop
      vertex -115.761 -6.75696 3
      vertex -115.915 -6.98651 5.6
      vertex -115.915 -6.98651 3
    endloop
  endfacet
  facet normal 0.92669 -0.375826 0
    outer loop
      vertex -116.023 -7.25281 5.6
      vertex -115.915 -6.98651 3
      vertex -115.915 -6.98651 5.6
    endloop
  endfacet
  facet normal 0.92669 -0.375826 0
    outer loop
      vertex -115.915 -6.98651 3
      vertex -116.023 -7.25281 5.6
      vertex -116.023 -7.25281 3
    endloop
  endfacet
  facet normal 0.984082 -0.177714 0
    outer loop
      vertex -116.074 -7.53522 5.6
      vertex -116.023 -7.25281 3
      vertex -116.023 -7.25281 5.6
    endloop
  endfacet
  facet normal 0.984082 -0.177714 0
    outer loop
      vertex -116.023 -7.25281 3
      vertex -116.074 -7.53522 5.6
      vertex -116.074 -7.53522 3
    endloop
  endfacet
  facet normal 0.999783 0.0208549 0
    outer loop
      vertex -116.068 -7.82286 5.6
      vertex -116.074 -7.53522 3
      vertex -116.074 -7.53522 5.6
    endloop
  endfacet
  facet normal 0.999783 0.0208549 0
    outer loop
      vertex -116.074 -7.53522 3
      vertex -116.068 -7.82286 5.6
      vertex -116.068 -7.82286 3
    endloop
  endfacet
  facet normal 0.972467 0.233039 0
    outer loop
      vertex -116.001 -8.10245 5.6
      vertex -116.068 -7.82286 3
      vertex -116.068 -7.82286 5.6
    endloop
  endfacet
  facet normal 0.972467 0.233039 0
    outer loop
      vertex -116.068 -7.82286 3
      vertex -116.001 -8.10245 5.6
      vertex -116.001 -8.10245 3
    endloop
  endfacet
  facet normal 0.907664 0.419697 0
    outer loop
      vertex -115.881 -8.36197 5.6
      vertex -116.001 -8.10245 3
      vertex -116.001 -8.10245 5.6
    endloop
  endfacet
  facet normal 0.907664 0.419697 0
    outer loop
      vertex -116.001 -8.10245 3
      vertex -115.881 -8.36197 5.6
      vertex -115.881 -8.36197 3
    endloop
  endfacet
  facet normal 0.803137 0.595794 0
    outer loop
      vertex -115.71 -8.59248 5.6
      vertex -115.881 -8.36197 3
      vertex -115.881 -8.36197 5.6
    endloop
  endfacet
  facet normal 0.803137 0.595794 0
    outer loop
      vertex -115.881 -8.36197 3
      vertex -115.71 -8.59248 5.6
      vertex -115.71 -8.59248 3
    endloop
  endfacet
  facet normal 0.661488 0.749955 -0
    outer loop
      vertex -115.494 -8.783 3
      vertex -115.71 -8.59248 5.6
      vertex -115.494 -8.783 5.6
    endloop
  endfacet
  facet normal 0.661488 0.749955 0
    outer loop
      vertex -115.71 -8.59248 5.6
      vertex -115.494 -8.783 3
      vertex -115.71 -8.59248 3
    endloop
  endfacet
  facet normal 0.498231 0.867044 -0
    outer loop
      vertex -115.263 -8.91574 3
      vertex -115.494 -8.783 5.6
      vertex -115.263 -8.91574 5.6
    endloop
  endfacet
  facet normal 0.498231 0.867044 0
    outer loop
      vertex -115.494 -8.783 5.6
      vertex -115.263 -8.91574 3
      vertex -115.494 -8.783 3
    endloop
  endfacet
  facet normal 0.405381 0.914148 -0
    outer loop
      vertex -100.917 -15.2775 3
      vertex -115.263 -8.91574 5.6
      vertex -100.917 -15.2775 5.6
    endloop
  endfacet
  facet normal 0.405381 0.914148 0
    outer loop
      vertex -115.263 -8.91574 5.6
      vertex -100.917 -15.2775 3
      vertex -115.263 -8.91574 3
    endloop
  endfacet
  facet normal 0.49988 0.866095 -0
    outer loop
      vertex -100.79 -15.3508 3
      vertex -100.917 -15.2775 5.6
      vertex -100.79 -15.3508 5.6
    endloop
  endfacet
  facet normal 0.49988 0.866095 0
    outer loop
      vertex -100.917 -15.2775 5.6
      vertex -100.79 -15.3508 3
      vertex -100.917 -15.2775 3
    endloop
  endfacet
  facet normal 0.672475 0.74012 -0
    outer loop
      vertex -100.697 -15.4353 3
      vertex -100.79 -15.3508 5.6
      vertex -100.697 -15.4353 5.6
    endloop
  endfacet
  facet normal 0.672475 0.74012 0
    outer loop
      vertex -100.79 -15.3508 5.6
      vertex -100.697 -15.4353 3
      vertex -100.79 -15.3508 3
    endloop
  endfacet
  facet normal 0.80921 0.587519 0
    outer loop
      vertex -100.622 -15.5386 5.6
      vertex -100.697 -15.4353 3
      vertex -100.697 -15.4353 5.6
    endloop
  endfacet
  facet normal 0.80921 0.587519 0
    outer loop
      vertex -100.697 -15.4353 3
      vertex -100.622 -15.5386 5.6
      vertex -100.622 -15.5386 3
    endloop
  endfacet
  facet normal 0.916304 0.400483 0
    outer loop
      vertex -100.572 -15.653 5.6
      vertex -100.622 -15.5386 3
      vertex -100.622 -15.5386 5.6
    endloop
  endfacet
  facet normal 0.916304 0.400483 0
    outer loop
      vertex -100.622 -15.5386 3
      vertex -100.572 -15.653 5.6
      vertex -100.572 -15.653 3
    endloop
  endfacet
  facet normal 0.979278 0.202519 0
    outer loop
      vertex -100.541 -15.8029 5.6
      vertex -100.572 -15.653 3
      vertex -100.572 -15.653 5.6
    endloop
  endfacet
  facet normal 0.979278 0.202519 0
    outer loop
      vertex -100.572 -15.653 3
      vertex -100.541 -15.8029 5.6
      vertex -100.541 -15.8029 3
    endloop
  endfacet
  facet normal 0.992522 0.122064 0
    outer loop
      vertex -100.448 -16.5591 5.6
      vertex -100.541 -15.8029 3
      vertex -100.541 -15.8029 5.6
    endloop
  endfacet
  facet normal 0.992522 0.122064 0
    outer loop
      vertex -100.541 -15.8029 3
      vertex -100.448 -16.5591 5.6
      vertex -100.448 -16.5591 3
    endloop
  endfacet
  facet normal 0.98498 0.17267 0
    outer loop
      vertex -100.312 -17.3349 5.6
      vertex -100.448 -16.5591 3
      vertex -100.448 -16.5591 5.6
    endloop
  endfacet
  facet normal 0.98498 0.17267 0
    outer loop
      vertex -100.448 -16.5591 3
      vertex -100.312 -17.3349 5.6
      vertex -100.312 -17.3349 3
    endloop
  endfacet
  facet normal 0.97391 0.226933 0
    outer loop
      vertex -100.133 -18.1031 5.6
      vertex -100.312 -17.3349 3
      vertex -100.312 -17.3349 5.6
    endloop
  endfacet
  facet normal 0.97391 0.226933 0
    outer loop
      vertex -100.312 -17.3349 3
      vertex -100.133 -18.1031 5.6
      vertex -100.133 -18.1031 3
    endloop
  endfacet
  facet normal 0.960932 0.276784 0
    outer loop
      vertex -99.9151 -18.8596 5.6
      vertex -100.133 -18.1031 3
      vertex -100.133 -18.1031 5.6
    endloop
  endfacet
  facet normal 0.960932 0.276784 0
    outer loop
      vertex -100.133 -18.1031 3
      vertex -99.9151 -18.8596 5.6
      vertex -99.9151 -18.8596 3
    endloop
  endfacet
  facet normal 0.945071 0.326866 0
    outer loop
      vertex -99.6575 -19.6044 5.6
      vertex -99.9151 -18.8596 3
      vertex -99.9151 -18.8596 5.6
    endloop
  endfacet
  facet normal 0.945071 0.326866 0
    outer loop
      vertex -99.9151 -18.8596 3
      vertex -99.6575 -19.6044 5.6
      vertex -99.6575 -19.6044 3
    endloop
  endfacet
  facet normal 0.926522 0.376241 0
    outer loop
      vertex -99.3609 -20.3348 5.6
      vertex -99.6575 -19.6044 3
      vertex -99.6575 -19.6044 5.6
    endloop
  endfacet
  facet normal 0.926522 0.376241 0
    outer loop
      vertex -99.6575 -19.6044 3
      vertex -99.3609 -20.3348 5.6
      vertex -99.3609 -20.3348 3
    endloop
  endfacet
  facet normal 0.904681 0.42609 0
    outer loop
      vertex -99.0249 -21.0482 5.6
      vertex -99.3609 -20.3348 3
      vertex -99.3609 -20.3348 5.6
    endloop
  endfacet
  facet normal 0.904681 0.42609 0
    outer loop
      vertex -99.3609 -20.3348 3
      vertex -99.0249 -21.0482 5.6
      vertex -99.0249 -21.0482 3
    endloop
  endfacet
  facet normal 0.881041 0.473039 0
    outer loop
      vertex -98.6525 -21.7418 5.6
      vertex -99.0249 -21.0482 3
      vertex -99.0249 -21.0482 5.6
    endloop
  endfacet
  facet normal 0.881041 0.473039 0
    outer loop
      vertex -99.0249 -21.0482 3
      vertex -98.6525 -21.7418 5.6
      vertex -98.6525 -21.7418 3
    endloop
  endfacet
  facet normal 0.855302 0.51813 0
    outer loop
      vertex -98.2442 -22.4158 5.6
      vertex -98.6525 -21.7418 3
      vertex -98.6525 -21.7418 5.6
    endloop
  endfacet
  facet normal 0.855302 0.51813 0
    outer loop
      vertex -98.6525 -21.7418 3
      vertex -98.2442 -22.4158 5.6
      vertex -98.2442 -22.4158 3
    endloop
  endfacet
  facet normal 0.826405 0.563077 0
    outer loop
      vertex -97.8005 -23.067 5.6
      vertex -98.2442 -22.4158 3
      vertex -98.2442 -22.4158 5.6
    endloop
  endfacet
  facet normal 0.826405 0.563077 0
    outer loop
      vertex -98.2442 -22.4158 3
      vertex -97.8005 -23.067 5.6
      vertex -97.8005 -23.067 3
    endloop
  endfacet
  facet normal 0.795149 0.606414 0
    outer loop
      vertex -97.3224 -23.6939 5.6
      vertex -97.8005 -23.067 3
      vertex -97.8005 -23.067 5.6
    endloop
  endfacet
  facet normal 0.795149 0.606414 0
    outer loop
      vertex -97.8005 -23.067 3
      vertex -97.3224 -23.6939 5.6
      vertex -97.3224 -23.6939 3
    endloop
  endfacet
  facet normal 0.762534 0.646948 0
    outer loop
      vertex -96.8125 -24.2949 5.6
      vertex -97.3224 -23.6939 3
      vertex -97.3224 -23.6939 5.6
    endloop
  endfacet
  facet normal 0.762534 0.646948 0
    outer loop
      vertex -97.3224 -23.6939 3
      vertex -96.8125 -24.2949 5.6
      vertex -96.8125 -24.2949 3
    endloop
  endfacet
  facet normal 0.727115 0.686515 0
    outer loop
      vertex -96.2714 -24.868 5.6
      vertex -96.8125 -24.2949 3
      vertex -96.8125 -24.2949 5.6
    endloop
  endfacet
  facet normal 0.727115 0.686515 0
    outer loop
      vertex -96.8125 -24.2949 3
      vertex -96.2714 -24.868 5.6
      vertex -96.2714 -24.868 3
    endloop
  endfacet
  facet normal 0.689829 0.723972 -0
    outer loop
      vertex -95.701 -25.4115 3
      vertex -96.2714 -24.868 5.6
      vertex -95.701 -25.4115 5.6
    endloop
  endfacet
  facet normal 0.689829 0.723972 0
    outer loop
      vertex -96.2714 -24.868 5.6
      vertex -95.701 -25.4115 3
      vertex -96.2714 -24.868 3
    endloop
  endfacet
  facet normal 0.650812 0.759239 -0
    outer loop
      vertex -95.103 -25.9241 3
      vertex -95.701 -25.4115 5.6
      vertex -95.103 -25.9241 5.6
    endloop
  endfacet
  facet normal 0.650812 0.759239 0
    outer loop
      vertex -95.701 -25.4115 5.6
      vertex -95.103 -25.9241 3
      vertex -95.701 -25.4115 3
    endloop
  endfacet
  facet normal 0.609656 0.792666 -0
    outer loop
      vertex -94.478 -26.4048 3
      vertex -95.103 -25.9241 5.6
      vertex -94.478 -26.4048 5.6
    endloop
  endfacet
  facet normal 0.609656 0.792666 0
    outer loop
      vertex -95.103 -25.9241 5.6
      vertex -94.478 -26.4048 3
      vertex -95.103 -25.9241 3
    endloop
  endfacet
  facet normal 0.566135 0.824312 -0
    outer loop
      vertex -93.8289 -26.8506 3
      vertex -94.478 -26.4048 5.6
      vertex -93.8289 -26.8506 5.6
    endloop
  endfacet
  facet normal 0.566135 0.824312 0
    outer loop
      vertex -94.478 -26.4048 5.6
      vertex -93.8289 -26.8506 3
      vertex -94.478 -26.4048 3
    endloop
  endfacet
  facet normal 0.522517 0.852629 -0
    outer loop
      vertex -93.1571 -27.2623 3
      vertex -93.8289 -26.8506 5.6
      vertex -93.1571 -27.2623 5.6
    endloop
  endfacet
  facet normal 0.522517 0.852629 0
    outer loop
      vertex -93.8289 -26.8506 5.6
      vertex -93.1571 -27.2623 3
      vertex -93.8289 -26.8506 3
    endloop
  endfacet
  facet normal 0.477083 0.878858 -0
    outer loop
      vertex -92.4639 -27.6386 3
      vertex -93.1571 -27.2623 5.6
      vertex -92.4639 -27.6386 5.6
    endloop
  endfacet
  facet normal 0.477083 0.878858 0
    outer loop
      vertex -93.1571 -27.2623 5.6
      vertex -92.4639 -27.6386 3
      vertex -93.1571 -27.2623 3
    endloop
  endfacet
  facet normal 0.429264 0.903179 -0
    outer loop
      vertex -91.7519 -27.977 3
      vertex -92.4639 -27.6386 5.6
      vertex -91.7519 -27.977 5.6
    endloop
  endfacet
  facet normal 0.429264 0.903179 0
    outer loop
      vertex -92.4639 -27.6386 5.6
      vertex -91.7519 -27.977 3
      vertex -92.4639 -27.6386 3
    endloop
  endfacet
  facet normal 0.380673 0.92471 -0
    outer loop
      vertex -91.0234 -28.2769 3
      vertex -91.7519 -27.977 5.6
      vertex -91.0234 -28.2769 5.6
    endloop
  endfacet
  facet normal 0.380673 0.92471 0
    outer loop
      vertex -91.7519 -27.977 5.6
      vertex -91.0234 -28.2769 3
      vertex -91.7519 -27.977 3
    endloop
  endfacet
  facet normal 0.331068 0.943607 -0
    outer loop
      vertex -90.2795 -28.5379 3
      vertex -91.0234 -28.2769 5.6
      vertex -90.2795 -28.5379 5.6
    endloop
  endfacet
  facet normal 0.331068 0.943607 0
    outer loop
      vertex -91.0234 -28.2769 5.6
      vertex -90.2795 -28.5379 3
      vertex -91.0234 -28.2769 3
    endloop
  endfacet
  facet normal 0.28141 0.959588 -0
    outer loop
      vertex -89.5242 -28.7594 3
      vertex -90.2795 -28.5379 5.6
      vertex -89.5242 -28.7594 5.6
    endloop
  endfacet
  facet normal 0.28141 0.959588 0
    outer loop
      vertex -90.2795 -28.5379 5.6
      vertex -89.5242 -28.7594 3
      vertex -90.2795 -28.5379 3
    endloop
  endfacet
  facet normal 0.230849 0.97299 -0
    outer loop
      vertex -88.7571 -28.9414 3
      vertex -89.5242 -28.7594 5.6
      vertex -88.7571 -28.9414 5.6
    endloop
  endfacet
  facet normal 0.230849 0.97299 0
    outer loop
      vertex -89.5242 -28.7594 5.6
      vertex -88.7571 -28.9414 3
      vertex -89.5242 -28.7594 3
    endloop
  endfacet
  facet normal 0.17836 0.983965 -0
    outer loop
      vertex -87.982 -29.0819 3
      vertex -88.7571 -28.9414 5.6
      vertex -87.982 -29.0819 5.6
    endloop
  endfacet
  facet normal 0.17836 0.983965 0
    outer loop
      vertex -88.7571 -28.9414 5.6
      vertex -87.982 -29.0819 3
      vertex -88.7571 -28.9414 3
    endloop
  endfacet
  facet normal 0.125626 0.992078 -0
    outer loop
      vertex -87.1994 -29.181 3
      vertex -87.982 -29.0819 5.6
      vertex -87.1994 -29.181 5.6
    endloop
  endfacet
  facet normal 0.125626 0.992078 0
    outer loop
      vertex -87.982 -29.0819 5.6
      vertex -87.1994 -29.181 3
      vertex -87.982 -29.0819 3
    endloop
  endfacet
  facet normal 0.0734558 0.997298 -0
    outer loop
      vertex -86.4133 -29.2389 3
      vertex -87.1994 -29.181 5.6
      vertex -86.4133 -29.2389 5.6
    endloop
  endfacet
  facet normal 0.0734558 0.997298 0
    outer loop
      vertex -87.1994 -29.181 5.6
      vertex -86.4133 -29.2389 3
      vertex -87.1994 -29.181 3
    endloop
  endfacet
  facet normal 0.0204402 0.999791 -0
    outer loop
      vertex -85.6258 -29.255 3
      vertex -86.4133 -29.2389 5.6
      vertex -85.6258 -29.255 5.6
    endloop
  endfacet
  facet normal 0.0204402 0.999791 0
    outer loop
      vertex -86.4133 -29.2389 5.6
      vertex -85.6258 -29.255 3
      vertex -86.4133 -29.2389 3
    endloop
  endfacet
  facet normal -0.0317502 0.999496 0
    outer loop
      vertex -84.8388 -29.23 3
      vertex -85.6258 -29.255 5.6
      vertex -84.8388 -29.23 5.6
    endloop
  endfacet
  facet normal -0.0317502 0.999496 0
    outer loop
      vertex -85.6258 -29.255 5.6
      vertex -84.8388 -29.23 3
      vertex -85.6258 -29.255 3
    endloop
  endfacet
  facet normal -0.0853652 0.99635 0
    outer loop
      vertex -84.0533 -29.1627 3
      vertex -84.8388 -29.23 5.6
      vertex -84.0533 -29.1627 5.6
    endloop
  endfacet
  facet normal -0.0853652 0.99635 0
    outer loop
      vertex -84.8388 -29.23 5.6
      vertex -84.0533 -29.1627 3
      vertex -84.8388 -29.23 3
    endloop
  endfacet
  facet normal -0.137475 0.990505 0
    outer loop
      vertex -83.273 -29.0544 3
      vertex -84.0533 -29.1627 5.6
      vertex -83.273 -29.0544 5.6
    endloop
  endfacet
  facet normal -0.137475 0.990505 0
    outer loop
      vertex -84.0533 -29.1627 5.6
      vertex -83.273 -29.0544 3
      vertex -84.0533 -29.1627 3
    endloop
  endfacet
  facet normal -0.189506 0.98188 0
    outer loop
      vertex -82.4984 -28.9049 3
      vertex -83.273 -29.0544 5.6
      vertex -82.4984 -28.9049 5.6
    endloop
  endfacet
  facet normal -0.189506 0.98188 0
    outer loop
      vertex -83.273 -29.0544 5.6
      vertex -82.4984 -28.9049 3
      vertex -83.273 -29.0544 3
    endloop
  endfacet
  facet normal -0.241878 0.970307 0
    outer loop
      vertex -81.7342 -28.7144 3
      vertex -82.4984 -28.9049 5.6
      vertex -81.7342 -28.7144 5.6
    endloop
  endfacet
  facet normal -0.241878 0.970307 0
    outer loop
      vertex -82.4984 -28.9049 5.6
      vertex -81.7342 -28.7144 3
      vertex -82.4984 -28.9049 3
    endloop
  endfacet
  facet normal -0.291293 0.956634 0
    outer loop
      vertex -80.9805 -28.4849 3
      vertex -81.7342 -28.7144 5.6
      vertex -80.9805 -28.4849 5.6
    endloop
  endfacet
  facet normal -0.291293 0.956634 0
    outer loop
      vertex -81.7342 -28.7144 5.6
      vertex -80.9805 -28.4849 3
      vertex -81.7342 -28.7144 3
    endloop
  endfacet
  facet normal -0.342894 0.939374 0
    outer loop
      vertex -80.24 -28.2146 3
      vertex -80.9805 -28.4849 5.6
      vertex -80.24 -28.2146 5.6
    endloop
  endfacet
  facet normal -0.342894 0.939374 0
    outer loop
      vertex -80.9805 -28.4849 5.6
      vertex -80.24 -28.2146 3
      vertex -80.9805 -28.4849 3
    endloop
  endfacet
  facet normal -0.391959 0.919982 0
    outer loop
      vertex -79.5145 -27.9055 3
      vertex -80.24 -28.2146 5.6
      vertex -79.5145 -27.9055 5.6
    endloop
  endfacet
  facet normal -0.391959 0.919982 0
    outer loop
      vertex -80.24 -28.2146 5.6
      vertex -79.5145 -27.9055 3
      vertex -80.24 -28.2146 3
    endloop
  endfacet
  facet normal -0.440189 0.897905 0
    outer loop
      vertex -78.8075 -27.5589 3
      vertex -79.5145 -27.9055 5.6
      vertex -78.8075 -27.5589 5.6
    endloop
  endfacet
  facet normal -0.440189 0.897905 0
    outer loop
      vertex -79.5145 -27.9055 5.6
      vertex -78.8075 -27.5589 3
      vertex -79.5145 -27.9055 3
    endloop
  endfacet
  facet normal -0.486074 0.873918 0
    outer loop
      vertex -78.1189 -27.1759 3
      vertex -78.8075 -27.5589 5.6
      vertex -78.1189 -27.1759 5.6
    endloop
  endfacet
  facet normal -0.486074 0.873918 0
    outer loop
      vertex -78.8075 -27.5589 5.6
      vertex -78.1189 -27.1759 3
      vertex -78.8075 -27.5589 3
    endloop
  endfacet
  facet normal -0.532244 0.846591 0
    outer loop
      vertex -77.4518 -26.7565 3
      vertex -78.1189 -27.1759 5.6
      vertex -77.4518 -26.7565 5.6
    endloop
  endfacet
  facet normal -0.532244 0.846591 0
    outer loop
      vertex -78.1189 -27.1759 5.6
      vertex -77.4518 -26.7565 3
      vertex -78.1189 -27.1759 3
    endloop
  endfacet
  facet normal -0.576719 0.816942 0
    outer loop
      vertex -76.8298 -26.3174 3
      vertex -77.4518 -26.7565 5.6
      vertex -76.8298 -26.3174 5.6
    endloop
  endfacet
  facet normal -0.576719 0.816942 0
    outer loop
      vertex -77.4518 -26.7565 5.6
      vertex -76.8298 -26.3174 3
      vertex -77.4518 -26.7565 3
    endloop
  endfacet
  facet normal -0.507363 0.861732 0
    outer loop
      vertex -76.698 -26.2398 3
      vertex -76.8298 -26.3174 5.6
      vertex -76.698 -26.2398 5.6
    endloop
  endfacet
  facet normal -0.507363 0.861732 0
    outer loop
      vertex -76.8298 -26.3174 5.6
      vertex -76.698 -26.2398 3
      vertex -76.8298 -26.3174 3
    endloop
  endfacet
  facet normal -0.3167 0.948526 0
    outer loop
      vertex -76.5776 -26.1996 3
      vertex -76.698 -26.2398 5.6
      vertex -76.5776 -26.1996 5.6
    endloop
  endfacet
  facet normal -0.3167 0.948526 0
    outer loop
      vertex -76.698 -26.2398 5.6
      vertex -76.5776 -26.1996 3
      vertex -76.698 -26.2398 3
    endloop
  endfacet
  facet normal -0.113301 0.993561 0
    outer loop
      vertex -76.4522 -26.1853 3
      vertex -76.5776 -26.1996 5.6
      vertex -76.4522 -26.1853 5.6
    endloop
  endfacet
  facet normal -0.113301 0.993561 0
    outer loop
      vertex -76.5776 -26.1996 5.6
      vertex -76.4522 -26.1853 3
      vertex -76.5776 -26.1996 3
    endloop
  endfacet
  facet normal 0.0996616 0.995021 -0
    outer loop
      vertex -76.3274 -26.1978 3
      vertex -76.4522 -26.1853 5.6
      vertex -76.3274 -26.1978 5.6
    endloop
  endfacet
  facet normal 0.0996616 0.995021 0
    outer loop
      vertex -76.4522 -26.1853 5.6
      vertex -76.3274 -26.1978 3
      vertex -76.4522 -26.1853 3
    endloop
  endfacet
  facet normal 0.309101 0.951029 -0
    outer loop
      vertex -76.1871 -26.2434 3
      vertex -76.3274 -26.1978 5.6
      vertex -76.1871 -26.2434 5.6
    endloop
  endfacet
  facet normal 0.309101 0.951029 0
    outer loop
      vertex -76.3274 -26.1978 5.6
      vertex -76.1871 -26.2434 3
      vertex -76.3274 -26.1978 3
    endloop
  endfacet
  facet normal 0.405355 0.914159 -0
    outer loop
      vertex -48.0708 -38.7107 3
      vertex -76.1871 -26.2434 5.6
      vertex -48.0708 -38.7107 5.6
    endloop
  endfacet
  facet normal 0.405355 0.914159 0
    outer loop
      vertex -76.1871 -26.2434 5.6
      vertex -48.0708 -38.7107 3
      vertex -76.1871 -26.2434 3
    endloop
  endfacet
  facet normal 0.303935 0.952693 -0
    outer loop
      vertex -47.8075 -38.7947 3
      vertex -48.0708 -38.7107 5.6
      vertex -47.8075 -38.7947 5.6
    endloop
  endfacet
  facet normal 0.303935 0.952693 0
    outer loop
      vertex -48.0708 -38.7107 5.6
      vertex -47.8075 -38.7947 3
      vertex -48.0708 -38.7107 3
    endloop
  endfacet
  facet normal 0.0964848 0.995334 -0
    outer loop
      vertex -47.5104 -38.8235 3
      vertex -47.8075 -38.7947 5.6
      vertex -47.5104 -38.8235 5.6
    endloop
  endfacet
  facet normal 0.0964848 0.995334 0
    outer loop
      vertex -47.8075 -38.7947 5.6
      vertex -47.5104 -38.8235 3
      vertex -47.8075 -38.7947 3
    endloop
  endfacet
  facet normal -0.115103 0.993354 0
    outer loop
      vertex -47.2351 -38.7916 3
      vertex -47.5104 -38.8235 5.6
      vertex -47.2351 -38.7916 5.6
    endloop
  endfacet
  facet normal -0.115103 0.993354 0
    outer loop
      vertex -47.5104 -38.8235 5.6
      vertex -47.2351 -38.7916 3
      vertex -47.5104 -38.8235 3
    endloop
  endfacet
  facet normal -0.220477 0.975392 0
    outer loop
      vertex -37.9951 -36.703 3
      vertex -47.2351 -38.7916 5.6
      vertex -37.9951 -36.703 5.6
    endloop
  endfacet
  facet normal -0.220477 0.975392 0
    outer loop
      vertex -47.2351 -38.7916 5.6
      vertex -37.9951 -36.703 3
      vertex -47.2351 -38.7916 3
    endloop
  endfacet
  facet normal -0.103683 0.99461 0
    outer loop
      vertex -37.8349 -36.6863 3
      vertex -37.9951 -36.703 5.6
      vertex -37.8349 -36.6863 5.6
    endloop
  endfacet
  facet normal -0.103683 0.99461 0
    outer loop
      vertex -37.9951 -36.703 5.6
      vertex -37.8349 -36.6863 3
      vertex -37.9951 -36.703 3
    endloop
  endfacet
  facet normal 0.122342 0.992488 -0
    outer loop
      vertex -37.6978 -36.7032 3
      vertex -37.8349 -36.6863 5.6
      vertex -37.6978 -36.7032 5.6
    endloop
  endfacet
  facet normal 0.122342 0.992488 0
    outer loop
      vertex -37.8349 -36.6863 5.6
      vertex -37.6978 -36.7032 3
      vertex -37.8349 -36.6863 3
    endloop
  endfacet
  facet normal 0.350307 0.936635 -0
    outer loop
      vertex -37.547 -36.7596 3
      vertex -37.6978 -36.7032 5.6
      vertex -37.547 -36.7596 5.6
    endloop
  endfacet
  facet normal 0.350307 0.936635 0
    outer loop
      vertex -37.6978 -36.7032 5.6
      vertex -37.547 -36.7596 3
      vertex -37.6978 -36.7032 3
    endloop
  endfacet
  facet normal 0.45253 0.891749 -0
    outer loop
      vertex -37.2656 -36.9024 3
      vertex -37.547 -36.7596 5.6
      vertex -37.2656 -36.9024 5.6
    endloop
  endfacet
  facet normal 0.45253 0.891749 0
    outer loop
      vertex -37.547 -36.7596 5.6
      vertex -37.2656 -36.9024 3
      vertex -37.547 -36.7596 3
    endloop
  endfacet
  facet normal 0.364414 0.931237 -0
    outer loop
      vertex -37.0282 -36.9953 3
      vertex -37.2656 -36.9024 5.6
      vertex -37.0282 -36.9953 5.6
    endloop
  endfacet
  facet normal 0.364414 0.931237 0
    outer loop
      vertex -37.2656 -36.9024 5.6
      vertex -37.0282 -36.9953 3
      vertex -37.2656 -36.9024 3
    endloop
  endfacet
  facet normal 0.177639 0.984096 -0
    outer loop
      vertex -36.7573 -37.0442 3
      vertex -37.0282 -36.9953 5.6
      vertex -36.7573 -37.0442 5.6
    endloop
  endfacet
  facet normal 0.177639 0.984096 0
    outer loop
      vertex -37.0282 -36.9953 5.6
      vertex -36.7573 -37.0442 3
      vertex -37.0282 -36.9953 3
    endloop
  endfacet
  facet normal -0.0217576 0.999763 0
    outer loop
      vertex -36.4816 -37.0382 3
      vertex -36.7573 -37.0442 5.6
      vertex -36.4816 -37.0382 5.6
    endloop
  endfacet
  facet normal -0.0217576 0.999763 0
    outer loop
      vertex -36.7573 -37.0442 5.6
      vertex -36.4816 -37.0382 3
      vertex -36.7573 -37.0442 3
    endloop
  endfacet
  facet normal -0.215769 0.976445 0
    outer loop
      vertex -36.2146 -36.9792 3
      vertex -36.4816 -37.0382 5.6
      vertex -36.2146 -36.9792 5.6
    endloop
  endfacet
  facet normal -0.215769 0.976445 0
    outer loop
      vertex -36.4816 -37.0382 5.6
      vertex -36.2146 -36.9792 3
      vertex -36.4816 -37.0382 3
    endloop
  endfacet
  facet normal -0.398393 0.917215 0
    outer loop
      vertex -35.9625 -36.8697 3
      vertex -36.2146 -36.9792 5.6
      vertex -35.9625 -36.8697 5.6
    endloop
  endfacet
  facet normal -0.398393 0.917215 0
    outer loop
      vertex -36.2146 -36.9792 5.6
      vertex -35.9625 -36.8697 3
      vertex -36.2146 -36.9792 3
    endloop
  endfacet
  facet normal -0.571756 0.820424 0
    outer loop
      vertex -35.7365 -36.7122 3
      vertex -35.9625 -36.8697 5.6
      vertex -35.7365 -36.7122 5.6
    endloop
  endfacet
  facet normal -0.571756 0.820424 0
    outer loop
      vertex -35.9625 -36.8697 5.6
      vertex -35.7365 -36.7122 3
      vertex -35.9625 -36.8697 3
    endloop
  endfacet
  facet normal -0.721351 0.69257 0
    outer loop
      vertex -35.7365 -36.7122 3
      vertex -35.5464 -36.5142 5.6
      vertex -35.5464 -36.5142 3
    endloop
  endfacet
  facet normal -0.721351 0.69257 0
    outer loop
      vertex -35.5464 -36.5142 5.6
      vertex -35.7365 -36.7122 3
      vertex -35.7365 -36.7122 5.6
    endloop
  endfacet
  facet normal -0.842918 0.538041 0
    outer loop
      vertex -35.5464 -36.5142 3
      vertex -35.4091 -36.2991 5.6
      vertex -35.4091 -36.2991 3
    endloop
  endfacet
  facet normal -0.842918 0.538041 0
    outer loop
      vertex -35.4091 -36.2991 5.6
      vertex -35.5464 -36.5142 3
      vertex -35.5464 -36.5142 5.6
    endloop
  endfacet
  facet normal -0.890541 0.454903 0
    outer loop
      vertex -35.4091 -36.2991 3
      vertex -35.3052 -36.0957 5.6
      vertex -35.3052 -36.0957 3
    endloop
  endfacet
  facet normal -0.890541 0.454903 0
    outer loop
      vertex -35.3052 -36.0957 5.6
      vertex -35.4091 -36.2991 3
      vertex -35.4091 -36.2991 5.6
    endloop
  endfacet
  facet normal -0.220358 0.975419 0
    outer loop
      vertex -31.9229 -35.3316 3
      vertex -35.3052 -36.0957 5.6
      vertex -31.9229 -35.3316 5.6
    endloop
  endfacet
  facet normal -0.220358 0.975419 0
    outer loop
      vertex -35.3052 -36.0957 5.6
      vertex -31.9229 -35.3316 3
      vertex -35.3052 -36.0957 3
    endloop
  endfacet
  facet normal -0.127259 0.99187 0
    outer loop
      vertex -31.7904 -35.3146 3
      vertex -31.9229 -35.3316 5.6
      vertex -31.7904 -35.3146 5.6
    endloop
  endfacet
  facet normal -0.127259 0.99187 0
    outer loop
      vertex -31.9229 -35.3316 5.6
      vertex -31.7904 -35.3146 3
      vertex -31.9229 -35.3316 3
    endloop
  endfacet
  facet normal 0.0622691 0.998059 -0
    outer loop
      vertex -31.6766 -35.3217 3
      vertex -31.7904 -35.3146 5.6
      vertex -31.6766 -35.3217 5.6
    endloop
  endfacet
  facet normal 0.0622691 0.998059 0
    outer loop
      vertex -31.7904 -35.3146 5.6
      vertex -31.6766 -35.3217 3
      vertex -31.7904 -35.3146 3
    endloop
  endfacet
  facet normal 0.25458 0.967052 -0
    outer loop
      vertex -31.5672 -35.3505 3
      vertex -31.6766 -35.3217 5.6
      vertex -31.5672 -35.3505 5.6
    endloop
  endfacet
  facet normal 0.25458 0.967052 0
    outer loop
      vertex -31.6766 -35.3217 5.6
      vertex -31.5672 -35.3505 3
      vertex -31.6766 -35.3217 3
    endloop
  endfacet
  facet normal 0.431825 0.901957 -0
    outer loop
      vertex -31.4636 -35.4001 3
      vertex -31.5672 -35.3505 5.6
      vertex -31.4636 -35.4001 5.6
    endloop
  endfacet
  facet normal 0.431825 0.901957 0
    outer loop
      vertex -31.5672 -35.3505 5.6
      vertex -31.4636 -35.4001 3
      vertex -31.5672 -35.3505 3
    endloop
  endfacet
  facet normal 0.595408 0.803424 -0
    outer loop
      vertex -31.357 -35.4791 3
      vertex -31.4636 -35.4001 5.6
      vertex -31.357 -35.4791 5.6
    endloop
  endfacet
  facet normal 0.595408 0.803424 0
    outer loop
      vertex -31.4636 -35.4001 5.6
      vertex -31.357 -35.4791 3
      vertex -31.4636 -35.4001 3
    endloop
  endfacet
  facet normal 0.669116 0.743158 -0
    outer loop
      vertex -20.9577 -44.8423 3
      vertex -31.357 -35.4791 5.6
      vertex -20.9577 -44.8423 5.6
    endloop
  endfacet
  facet normal 0.669116 0.743158 0
    outer loop
      vertex -31.357 -35.4791 5.6
      vertex -20.9577 -44.8423 3
      vertex -31.357 -35.4791 3
    endloop
  endfacet
  facet normal 0.59257 0.805519 -0
    outer loop
      vertex -20.7523 -44.9934 3
      vertex -20.9577 -44.8423 5.6
      vertex -20.7523 -44.9934 5.6
    endloop
  endfacet
  facet normal 0.59257 0.805519 0
    outer loop
      vertex -20.9577 -44.8423 5.6
      vertex -20.7523 -44.9934 3
      vertex -20.9577 -44.8423 3
    endloop
  endfacet
  facet normal 0.426759 0.904365 -0
    outer loop
      vertex -20.5033 -45.1109 3
      vertex -20.7523 -44.9934 5.6
      vertex -20.5033 -45.1109 5.6
    endloop
  endfacet
  facet normal 0.426759 0.904365 0
    outer loop
      vertex -20.7523 -44.9934 5.6
      vertex -20.5033 -45.1109 3
      vertex -20.7523 -44.9934 3
    endloop
  endfacet
  facet normal 0.23775 0.971326 -0
    outer loop
      vertex -20.2357 -45.1764 3
      vertex -20.5033 -45.1109 5.6
      vertex -20.2357 -45.1764 5.6
    endloop
  endfacet
  facet normal 0.23775 0.971326 0
    outer loop
      vertex -20.5033 -45.1109 5.6
      vertex -20.2357 -45.1764 3
      vertex -20.5033 -45.1109 3
    endloop
  endfacet
  facet normal 0.0452257 0.998977 -0
    outer loop
      vertex -19.9618 -45.1888 3
      vertex -20.2357 -45.1764 5.6
      vertex -19.9618 -45.1888 5.6
    endloop
  endfacet
  facet normal 0.0452257 0.998977 0
    outer loop
      vertex -20.2357 -45.1764 5.6
      vertex -19.9618 -45.1888 3
      vertex -20.2357 -45.1764 3
    endloop
  endfacet
  facet normal -0.150628 0.98859 0
    outer loop
      vertex -19.6914 -45.1476 3
      vertex -19.9618 -45.1888 5.6
      vertex -19.6914 -45.1476 5.6
    endloop
  endfacet
  facet normal -0.150628 0.98859 0
    outer loop
      vertex -19.9618 -45.1888 5.6
      vertex -19.6914 -45.1476 3
      vertex -19.9618 -45.1888 3
    endloop
  endfacet
  facet normal -0.23775 0.971326 0
    outer loop
      vertex 20.5033 -45.1109 3
      vertex 20.2357 -45.1764 5.6
      vertex 20.5033 -45.1109 5.6
    endloop
  endfacet
  facet normal -0.23775 0.971326 0
    outer loop
      vertex 20.2357 -45.1764 5.6
      vertex 20.5033 -45.1109 3
      vertex 20.2357 -45.1764 3
    endloop
  endfacet
  facet normal -0.426759 0.904365 0
    outer loop
      vertex 20.7523 -44.9934 3
      vertex 20.5033 -45.1109 5.6
      vertex 20.7523 -44.9934 5.6
    endloop
  endfacet
  facet normal -0.426759 0.904365 0
    outer loop
      vertex 20.5033 -45.1109 5.6
      vertex 20.7523 -44.9934 3
      vertex 20.5033 -45.1109 3
    endloop
  endfacet
  facet normal -0.59257 0.805519 0
    outer loop
      vertex 20.9577 -44.8423 3
      vertex 20.7523 -44.9934 5.6
      vertex 20.9577 -44.8423 5.6
    endloop
  endfacet
  facet normal -0.59257 0.805519 0
    outer loop
      vertex 20.7523 -44.9934 5.6
      vertex 20.9577 -44.8423 3
      vertex 20.7523 -44.9934 3
    endloop
  endfacet
  facet normal -0.669116 0.743158 0
    outer loop
      vertex 31.357 -35.4791 3
      vertex 20.9577 -44.8423 5.6
      vertex 31.357 -35.4791 5.6
    endloop
  endfacet
  facet normal -0.669116 0.743158 0
    outer loop
      vertex 20.9577 -44.8423 5.6
      vertex 31.357 -35.4791 3
      vertex 20.9577 -44.8423 3
    endloop
  endfacet
  facet normal -0.595408 0.803424 0
    outer loop
      vertex 31.4636 -35.4001 3
      vertex 31.357 -35.4791 5.6
      vertex 31.4636 -35.4001 5.6
    endloop
  endfacet
  facet normal -0.595408 0.803424 0
    outer loop
      vertex 31.357 -35.4791 5.6
      vertex 31.4636 -35.4001 3
      vertex 31.357 -35.4791 3
    endloop
  endfacet
  facet normal -0.431825 0.901957 0
    outer loop
      vertex 31.5672 -35.3505 3
      vertex 31.4636 -35.4001 5.6
      vertex 31.5672 -35.3505 5.6
    endloop
  endfacet
  facet normal -0.431825 0.901957 0
    outer loop
      vertex 31.4636 -35.4001 5.6
      vertex 31.5672 -35.3505 3
      vertex 31.4636 -35.4001 3
    endloop
  endfacet
  facet normal -0.25458 0.967052 0
    outer loop
      vertex 31.6766 -35.3217 3
      vertex 31.5672 -35.3505 5.6
      vertex 31.6766 -35.3217 5.6
    endloop
  endfacet
  facet normal -0.25458 0.967052 0
    outer loop
      vertex 31.5672 -35.3505 5.6
      vertex 31.6766 -35.3217 3
      vertex 31.5672 -35.3505 3
    endloop
  endfacet
  facet normal -0.0622691 0.998059 0
    outer loop
      vertex 31.7904 -35.3146 3
      vertex 31.6766 -35.3217 5.6
      vertex 31.7904 -35.3146 5.6
    endloop
  endfacet
  facet normal -0.0622691 0.998059 0
    outer loop
      vertex 31.6766 -35.3217 5.6
      vertex 31.7904 -35.3146 3
      vertex 31.6766 -35.3217 3
    endloop
  endfacet
  facet normal 0.127259 0.99187 -0
    outer loop
      vertex 31.9229 -35.3316 3
      vertex 31.7904 -35.3146 5.6
      vertex 31.9229 -35.3316 5.6
    endloop
  endfacet
  facet normal 0.127259 0.99187 0
    outer loop
      vertex 31.7904 -35.3146 5.6
      vertex 31.9229 -35.3316 3
      vertex 31.7904 -35.3146 3
    endloop
  endfacet
  facet normal 0.220358 0.975419 -0
    outer loop
      vertex 35.3052 -36.0957 3
      vertex 31.9229 -35.3316 5.6
      vertex 35.3052 -36.0957 5.6
    endloop
  endfacet
  facet normal 0.220358 0.975419 0
    outer loop
      vertex 31.9229 -35.3316 5.6
      vertex 35.3052 -36.0957 3
      vertex 31.9229 -35.3316 3
    endloop
  endfacet
  facet normal 0.890541 0.454903 0
    outer loop
      vertex 35.4091 -36.2991 5.6
      vertex 35.3052 -36.0957 3
      vertex 35.3052 -36.0957 5.6
    endloop
  endfacet
  facet normal 0.890541 0.454903 0
    outer loop
      vertex 35.3052 -36.0957 3
      vertex 35.4091 -36.2991 5.6
      vertex 35.4091 -36.2991 3
    endloop
  endfacet
  facet normal 0.842918 0.538041 0
    outer loop
      vertex 35.5464 -36.5142 5.6
      vertex 35.4091 -36.2991 3
      vertex 35.4091 -36.2991 5.6
    endloop
  endfacet
  facet normal 0.842918 0.538041 0
    outer loop
      vertex 35.4091 -36.2991 3
      vertex 35.5464 -36.5142 5.6
      vertex 35.5464 -36.5142 3
    endloop
  endfacet
  facet normal 0.721351 0.69257 0
    outer loop
      vertex 35.7365 -36.7122 5.6
      vertex 35.5464 -36.5142 3
      vertex 35.5464 -36.5142 5.6
    endloop
  endfacet
  facet normal 0.721351 0.69257 0
    outer loop
      vertex 35.5464 -36.5142 3
      vertex 35.7365 -36.7122 5.6
      vertex 35.7365 -36.7122 3
    endloop
  endfacet
  facet normal 0.571756 0.820424 -0
    outer loop
      vertex 35.9625 -36.8697 3
      vertex 35.7365 -36.7122 5.6
      vertex 35.9625 -36.8697 5.6
    endloop
  endfacet
  facet normal 0.571756 0.820424 0
    outer loop
      vertex 35.7365 -36.7122 5.6
      vertex 35.9625 -36.8697 3
      vertex 35.7365 -36.7122 3
    endloop
  endfacet
  facet normal 0.398393 0.917215 -0
    outer loop
      vertex 36.2146 -36.9792 3
      vertex 35.9625 -36.8697 5.6
      vertex 36.2146 -36.9792 5.6
    endloop
  endfacet
  facet normal 0.398393 0.917215 0
    outer loop
      vertex 35.9625 -36.8697 5.6
      vertex 36.2146 -36.9792 3
      vertex 35.9625 -36.8697 3
    endloop
  endfacet
  facet normal 0.215769 0.976445 -0
    outer loop
      vertex 36.4816 -37.0382 3
      vertex 36.2146 -36.9792 5.6
      vertex 36.4816 -37.0382 5.6
    endloop
  endfacet
  facet normal 0.215769 0.976445 0
    outer loop
      vertex 36.2146 -36.9792 5.6
      vertex 36.4816 -37.0382 3
      vertex 36.2146 -36.9792 3
    endloop
  endfacet
  facet normal 0.0217576 0.999763 -0
    outer loop
      vertex 36.7573 -37.0442 3
      vertex 36.4816 -37.0382 5.6
      vertex 36.7573 -37.0442 5.6
    endloop
  endfacet
  facet normal 0.0217576 0.999763 0
    outer loop
      vertex 36.4816 -37.0382 5.6
      vertex 36.7573 -37.0442 3
      vertex 36.4816 -37.0382 3
    endloop
  endfacet
  facet normal -0.177639 0.984096 0
    outer loop
      vertex 37.0282 -36.9953 3
      vertex 36.7573 -37.0442 5.6
      vertex 37.0282 -36.9953 5.6
    endloop
  endfacet
  facet normal -0.177639 0.984096 0
    outer loop
      vertex 36.7573 -37.0442 5.6
      vertex 37.0282 -36.9953 3
      vertex 36.7573 -37.0442 3
    endloop
  endfacet
  facet normal -0.364414 0.931237 0
    outer loop
      vertex 37.2656 -36.9024 3
      vertex 37.0282 -36.9953 5.6
      vertex 37.2656 -36.9024 5.6
    endloop
  endfacet
  facet normal -0.364414 0.931237 0
    outer loop
      vertex 37.0282 -36.9953 5.6
      vertex 37.2656 -36.9024 3
      vertex 37.0282 -36.9953 3
    endloop
  endfacet
  facet normal -0.45253 0.891749 0
    outer loop
      vertex 37.547 -36.7596 3
      vertex 37.2656 -36.9024 5.6
      vertex 37.547 -36.7596 5.6
    endloop
  endfacet
  facet normal -0.45253 0.891749 0
    outer loop
      vertex 37.2656 -36.9024 5.6
      vertex 37.547 -36.7596 3
      vertex 37.2656 -36.9024 3
    endloop
  endfacet
  facet normal -0.350307 0.936635 0
    outer loop
      vertex 37.6978 -36.7032 3
      vertex 37.547 -36.7596 5.6
      vertex 37.6978 -36.7032 5.6
    endloop
  endfacet
  facet normal -0.350307 0.936635 0
    outer loop
      vertex 37.547 -36.7596 5.6
      vertex 37.6978 -36.7032 3
      vertex 37.547 -36.7596 3
    endloop
  endfacet
  facet normal -0.122342 0.992488 0
    outer loop
      vertex 37.8349 -36.6863 3
      vertex 37.6978 -36.7032 5.6
      vertex 37.8349 -36.6863 5.6
    endloop
  endfacet
  facet normal -0.122342 0.992488 0
    outer loop
      vertex 37.6978 -36.7032 5.6
      vertex 37.8349 -36.6863 3
      vertex 37.6978 -36.7032 3
    endloop
  endfacet
  facet normal 0.103683 0.99461 -0
    outer loop
      vertex 37.9951 -36.703 3
      vertex 37.8349 -36.6863 5.6
      vertex 37.9951 -36.703 5.6
    endloop
  endfacet
  facet normal 0.103683 0.99461 0
    outer loop
      vertex 37.8349 -36.6863 5.6
      vertex 37.9951 -36.703 3
      vertex 37.8349 -36.6863 3
    endloop
  endfacet
  facet normal 0.220477 0.975392 -0
    outer loop
      vertex 47.2351 -38.7916 3
      vertex 37.9951 -36.703 5.6
      vertex 47.2351 -38.7916 5.6
    endloop
  endfacet
  facet normal 0.220477 0.975392 0
    outer loop
      vertex 37.9951 -36.703 5.6
      vertex 47.2351 -38.7916 3
      vertex 37.9951 -36.703 3
    endloop
  endfacet
  facet normal 0.115103 0.993354 -0
    outer loop
      vertex 47.5104 -38.8235 3
      vertex 47.2351 -38.7916 5.6
      vertex 47.5104 -38.8235 5.6
    endloop
  endfacet
  facet normal 0.115103 0.993354 0
    outer loop
      vertex 47.2351 -38.7916 5.6
      vertex 47.5104 -38.8235 3
      vertex 47.2351 -38.7916 3
    endloop
  endfacet
  facet normal -0.0964848 0.995334 0
    outer loop
      vertex 47.8075 -38.7947 3
      vertex 47.5104 -38.8235 5.6
      vertex 47.8075 -38.7947 5.6
    endloop
  endfacet
  facet normal -0.0964848 0.995334 0
    outer loop
      vertex 47.5104 -38.8235 5.6
      vertex 47.8075 -38.7947 3
      vertex 47.5104 -38.8235 3
    endloop
  endfacet
  facet normal -0.303935 0.952693 0
    outer loop
      vertex 48.0708 -38.7107 3
      vertex 47.8075 -38.7947 5.6
      vertex 48.0708 -38.7107 5.6
    endloop
  endfacet
  facet normal -0.303935 0.952693 0
    outer loop
      vertex 47.8075 -38.7947 5.6
      vertex 48.0708 -38.7107 3
      vertex 47.8075 -38.7947 3
    endloop
  endfacet
  facet normal -0.405355 0.914159 0
    outer loop
      vertex 76.1871 -26.2434 3
      vertex 48.0708 -38.7107 5.6
      vertex 76.1871 -26.2434 5.6
    endloop
  endfacet
  facet normal -0.405355 0.914159 0
    outer loop
      vertex 48.0708 -38.7107 5.6
      vertex 76.1871 -26.2434 3
      vertex 48.0708 -38.7107 3
    endloop
  endfacet
  facet normal -0.309101 0.951029 0
    outer loop
      vertex 76.3274 -26.1978 3
      vertex 76.1871 -26.2434 5.6
      vertex 76.3274 -26.1978 5.6
    endloop
  endfacet
  facet normal -0.309101 0.951029 0
    outer loop
      vertex 76.1871 -26.2434 5.6
      vertex 76.3274 -26.1978 3
      vertex 76.1871 -26.2434 3
    endloop
  endfacet
  facet normal -0.0996616 0.995021 0
    outer loop
      vertex 76.4522 -26.1853 3
      vertex 76.3274 -26.1978 5.6
      vertex 76.4522 -26.1853 5.6
    endloop
  endfacet
  facet normal -0.0996616 0.995021 0
    outer loop
      vertex 76.3274 -26.1978 5.6
      vertex 76.4522 -26.1853 3
      vertex 76.3274 -26.1978 3
    endloop
  endfacet
  facet normal 0.113301 0.993561 -0
    outer loop
      vertex 76.5776 -26.1996 3
      vertex 76.4522 -26.1853 5.6
      vertex 76.5776 -26.1996 5.6
    endloop
  endfacet
  facet normal 0.113301 0.993561 0
    outer loop
      vertex 76.4522 -26.1853 5.6
      vertex 76.5776 -26.1996 3
      vertex 76.4522 -26.1853 3
    endloop
  endfacet
  facet normal 0.3167 0.948526 -0
    outer loop
      vertex 76.698 -26.2398 3
      vertex 76.5776 -26.1996 5.6
      vertex 76.698 -26.2398 5.6
    endloop
  endfacet
  facet normal 0.3167 0.948526 0
    outer loop
      vertex 76.5776 -26.1996 5.6
      vertex 76.698 -26.2398 3
      vertex 76.5776 -26.1996 3
    endloop
  endfacet
  facet normal 0.507363 0.861732 -0
    outer loop
      vertex 76.8298 -26.3174 3
      vertex 76.698 -26.2398 5.6
      vertex 76.8298 -26.3174 5.6
    endloop
  endfacet
  facet normal 0.507363 0.861732 0
    outer loop
      vertex 76.698 -26.2398 5.6
      vertex 76.8298 -26.3174 3
      vertex 76.698 -26.2398 3
    endloop
  endfacet
  facet normal 0.576719 0.816942 -0
    outer loop
      vertex 77.4518 -26.7565 3
      vertex 76.8298 -26.3174 5.6
      vertex 77.4518 -26.7565 5.6
    endloop
  endfacet
  facet normal 0.576719 0.816942 0
    outer loop
      vertex 76.8298 -26.3174 5.6
      vertex 77.4518 -26.7565 3
      vertex 76.8298 -26.3174 3
    endloop
  endfacet
  facet normal 0.532244 0.846591 -0
    outer loop
      vertex 78.1189 -27.1759 3
      vertex 77.4518 -26.7565 5.6
      vertex 78.1189 -27.1759 5.6
    endloop
  endfacet
  facet normal 0.532244 0.846591 0
    outer loop
      vertex 77.4518 -26.7565 5.6
      vertex 78.1189 -27.1759 3
      vertex 77.4518 -26.7565 3
    endloop
  endfacet
  facet normal 0.486074 0.873918 -0
    outer loop
      vertex 78.8075 -27.5589 3
      vertex 78.1189 -27.1759 5.6
      vertex 78.8075 -27.5589 5.6
    endloop
  endfacet
  facet normal 0.486074 0.873918 0
    outer loop
      vertex 78.1189 -27.1759 5.6
      vertex 78.8075 -27.5589 3
      vertex 78.1189 -27.1759 3
    endloop
  endfacet
  facet normal 0.440189 0.897905 -0
    outer loop
      vertex 79.5145 -27.9055 3
      vertex 78.8075 -27.5589 5.6
      vertex 79.5145 -27.9055 5.6
    endloop
  endfacet
  facet normal 0.440189 0.897905 0
    outer loop
      vertex 78.8075 -27.5589 5.6
      vertex 79.5145 -27.9055 3
      vertex 78.8075 -27.5589 3
    endloop
  endfacet
  facet normal 0.391959 0.919982 -0
    outer loop
      vertex 80.24 -28.2146 3
      vertex 79.5145 -27.9055 5.6
      vertex 80.24 -28.2146 5.6
    endloop
  endfacet
  facet normal 0.391959 0.919982 0
    outer loop
      vertex 79.5145 -27.9055 5.6
      vertex 80.24 -28.2146 3
      vertex 79.5145 -27.9055 3
    endloop
  endfacet
  facet normal 0.342894 0.939374 -0
    outer loop
      vertex 80.9805 -28.4849 3
      vertex 80.24 -28.2146 5.6
      vertex 80.9805 -28.4849 5.6
    endloop
  endfacet
  facet normal 0.342894 0.939374 0
    outer loop
      vertex 80.24 -28.2146 5.6
      vertex 80.9805 -28.4849 3
      vertex 80.24 -28.2146 3
    endloop
  endfacet
  facet normal 0.291293 0.956634 -0
    outer loop
      vertex 81.7342 -28.7144 3
      vertex 80.9805 -28.4849 5.6
      vertex 81.7342 -28.7144 5.6
    endloop
  endfacet
  facet normal 0.291293 0.956634 0
    outer loop
      vertex 80.9805 -28.4849 5.6
      vertex 81.7342 -28.7144 3
      vertex 80.9805 -28.4849 3
    endloop
  endfacet
  facet normal 0.241878 0.970307 -0
    outer loop
      vertex 82.4984 -28.9049 3
      vertex 81.7342 -28.7144 5.6
      vertex 82.4984 -28.9049 5.6
    endloop
  endfacet
  facet normal 0.241878 0.970307 0
    outer loop
      vertex 81.7342 -28.7144 5.6
      vertex 82.4984 -28.9049 3
      vertex 81.7342 -28.7144 3
    endloop
  endfacet
  facet normal 0.189506 0.98188 -0
    outer loop
      vertex 83.273 -29.0544 3
      vertex 82.4984 -28.9049 5.6
      vertex 83.273 -29.0544 5.6
    endloop
  endfacet
  facet normal 0.189506 0.98188 0
    outer loop
      vertex 82.4984 -28.9049 5.6
      vertex 83.273 -29.0544 3
      vertex 82.4984 -28.9049 3
    endloop
  endfacet
  facet normal 0.137475 0.990505 -0
    outer loop
      vertex 84.0533 -29.1627 3
      vertex 83.273 -29.0544 5.6
      vertex 84.0533 -29.1627 5.6
    endloop
  endfacet
  facet normal 0.137475 0.990505 0
    outer loop
      vertex 83.273 -29.0544 5.6
      vertex 84.0533 -29.1627 3
      vertex 83.273 -29.0544 3
    endloop
  endfacet
  facet normal 0.0853652 0.99635 -0
    outer loop
      vertex 84.8388 -29.23 3
      vertex 84.0533 -29.1627 5.6
      vertex 84.8388 -29.23 5.6
    endloop
  endfacet
  facet normal 0.0853652 0.99635 0
    outer loop
      vertex 84.0533 -29.1627 5.6
      vertex 84.8388 -29.23 3
      vertex 84.0533 -29.1627 3
    endloop
  endfacet
  facet normal 0.0317502 0.999496 -0
    outer loop
      vertex 85.6258 -29.255 3
      vertex 84.8388 -29.23 5.6
      vertex 85.6258 -29.255 5.6
    endloop
  endfacet
  facet normal 0.0317502 0.999496 0
    outer loop
      vertex 84.8388 -29.23 5.6
      vertex 85.6258 -29.255 3
      vertex 84.8388 -29.23 3
    endloop
  endfacet
  facet normal -0.0204402 0.999791 0
    outer loop
      vertex 86.4133 -29.2389 3
      vertex 85.6258 -29.255 5.6
      vertex 86.4133 -29.2389 5.6
    endloop
  endfacet
  facet normal -0.0204402 0.999791 0
    outer loop
      vertex 85.6258 -29.255 5.6
      vertex 86.4133 -29.2389 3
      vertex 85.6258 -29.255 3
    endloop
  endfacet
  facet normal -0.0734558 0.997298 0
    outer loop
      vertex 87.1994 -29.181 3
      vertex 86.4133 -29.2389 5.6
      vertex 87.1994 -29.181 5.6
    endloop
  endfacet
  facet normal -0.0734558 0.997298 0
    outer loop
      vertex 86.4133 -29.2389 5.6
      vertex 87.1994 -29.181 3
      vertex 86.4133 -29.2389 3
    endloop
  endfacet
  facet normal -0.125626 0.992078 0
    outer loop
      vertex 87.982 -29.0819 3
      vertex 87.1994 -29.181 5.6
      vertex 87.982 -29.0819 5.6
    endloop
  endfacet
  facet normal -0.125626 0.992078 0
    outer loop
      vertex 87.1994 -29.181 5.6
      vertex 87.982 -29.0819 3
      vertex 87.1994 -29.181 3
    endloop
  endfacet
  facet normal -0.17836 0.983965 0
    outer loop
      vertex 88.7571 -28.9414 3
      vertex 87.982 -29.0819 5.6
      vertex 88.7571 -28.9414 5.6
    endloop
  endfacet
  facet normal -0.17836 0.983965 0
    outer loop
      vertex 87.982 -29.0819 5.6
      vertex 88.7571 -28.9414 3
      vertex 87.982 -29.0819 3
    endloop
  endfacet
  facet normal -0.230849 0.97299 0
    outer loop
      vertex 89.5242 -28.7594 3
      vertex 88.7571 -28.9414 5.6
      vertex 89.5242 -28.7594 5.6
    endloop
  endfacet
  facet normal -0.230849 0.97299 0
    outer loop
      vertex 88.7571 -28.9414 5.6
      vertex 89.5242 -28.7594 3
      vertex 88.7571 -28.9414 3
    endloop
  endfacet
  facet normal -0.28141 0.959588 0
    outer loop
      vertex 90.2795 -28.5379 3
      vertex 89.5242 -28.7594 5.6
      vertex 90.2795 -28.5379 5.6
    endloop
  endfacet
  facet normal -0.28141 0.959588 0
    outer loop
      vertex 89.5242 -28.7594 5.6
      vertex 90.2795 -28.5379 3
      vertex 89.5242 -28.7594 3
    endloop
  endfacet
  facet normal -0.331068 0.943607 0
    outer loop
      vertex 91.0234 -28.2769 3
      vertex 90.2795 -28.5379 5.6
      vertex 91.0234 -28.2769 5.6
    endloop
  endfacet
  facet normal -0.331068 0.943607 0
    outer loop
      vertex 90.2795 -28.5379 5.6
      vertex 91.0234 -28.2769 3
      vertex 90.2795 -28.5379 3
    endloop
  endfacet
  facet normal -0.380673 0.92471 0
    outer loop
      vertex 91.7519 -27.977 3
      vertex 91.0234 -28.2769 5.6
      vertex 91.7519 -27.977 5.6
    endloop
  endfacet
  facet normal -0.380673 0.92471 0
    outer loop
      vertex 91.0234 -28.2769 5.6
      vertex 91.7519 -27.977 3
      vertex 91.0234 -28.2769 3
    endloop
  endfacet
  facet normal -0.429264 0.903179 0
    outer loop
      vertex 92.4639 -27.6386 3
      vertex 91.7519 -27.977 5.6
      vertex 92.4639 -27.6386 5.6
    endloop
  endfacet
  facet normal -0.429264 0.903179 0
    outer loop
      vertex 91.7519 -27.977 5.6
      vertex 92.4639 -27.6386 3
      vertex 91.7519 -27.977 3
    endloop
  endfacet
  facet normal -0.477083 0.878858 0
    outer loop
      vertex 93.1571 -27.2623 3
      vertex 92.4639 -27.6386 5.6
      vertex 93.1571 -27.2623 5.6
    endloop
  endfacet
  facet normal -0.477083 0.878858 0
    outer loop
      vertex 92.4639 -27.6386 5.6
      vertex 93.1571 -27.2623 3
      vertex 92.4639 -27.6386 3
    endloop
  endfacet
  facet normal -0.522517 0.852629 0
    outer loop
      vertex 93.8289 -26.8506 3
      vertex 93.1571 -27.2623 5.6
      vertex 93.8289 -26.8506 5.6
    endloop
  endfacet
  facet normal -0.522517 0.852629 0
    outer loop
      vertex 93.1571 -27.2623 5.6
      vertex 93.8289 -26.8506 3
      vertex 93.1571 -27.2623 3
    endloop
  endfacet
  facet normal -0.566135 0.824312 0
    outer loop
      vertex 94.478 -26.4048 3
      vertex 93.8289 -26.8506 5.6
      vertex 94.478 -26.4048 5.6
    endloop
  endfacet
  facet normal -0.566135 0.824312 0
    outer loop
      vertex 93.8289 -26.8506 5.6
      vertex 94.478 -26.4048 3
      vertex 93.8289 -26.8506 3
    endloop
  endfacet
  facet normal -0.609656 0.792666 0
    outer loop
      vertex 95.103 -25.9241 3
      vertex 94.478 -26.4048 5.6
      vertex 95.103 -25.9241 5.6
    endloop
  endfacet
  facet normal -0.609656 0.792666 0
    outer loop
      vertex 94.478 -26.4048 5.6
      vertex 95.103 -25.9241 3
      vertex 94.478 -26.4048 3
    endloop
  endfacet
  facet normal -0.650812 0.759239 0
    outer loop
      vertex 95.701 -25.4115 3
      vertex 95.103 -25.9241 5.6
      vertex 95.701 -25.4115 5.6
    endloop
  endfacet
  facet normal -0.650812 0.759239 0
    outer loop
      vertex 95.103 -25.9241 5.6
      vertex 95.701 -25.4115 3
      vertex 95.103 -25.9241 3
    endloop
  endfacet
  facet normal -0.689829 0.723972 0
    outer loop
      vertex 96.2714 -24.868 3
      vertex 95.701 -25.4115 5.6
      vertex 96.2714 -24.868 5.6
    endloop
  endfacet
  facet normal -0.689829 0.723972 0
    outer loop
      vertex 95.701 -25.4115 5.6
      vertex 96.2714 -24.868 3
      vertex 95.701 -25.4115 3
    endloop
  endfacet
  facet normal -0.727115 0.686515 0
    outer loop
      vertex 96.2714 -24.868 3
      vertex 96.8125 -24.2949 5.6
      vertex 96.8125 -24.2949 3
    endloop
  endfacet
  facet normal -0.727115 0.686515 0
    outer loop
      vertex 96.8125 -24.2949 5.6
      vertex 96.2714 -24.868 3
      vertex 96.2714 -24.868 5.6
    endloop
  endfacet
  facet normal -0.762534 0.646948 0
    outer loop
      vertex 96.8125 -24.2949 3
      vertex 97.3224 -23.6939 5.6
      vertex 97.3224 -23.6939 3
    endloop
  endfacet
  facet normal -0.762534 0.646948 0
    outer loop
      vertex 97.3224 -23.6939 5.6
      vertex 96.8125 -24.2949 3
      vertex 96.8125 -24.2949 5.6
    endloop
  endfacet
  facet normal -0.795149 0.606414 0
    outer loop
      vertex 97.3224 -23.6939 3
      vertex 97.8005 -23.067 5.6
      vertex 97.8005 -23.067 3
    endloop
  endfacet
  facet normal -0.795149 0.606414 0
    outer loop
      vertex 97.8005 -23.067 5.6
      vertex 97.3224 -23.6939 3
      vertex 97.3224 -23.6939 5.6
    endloop
  endfacet
  facet normal -0.826405 0.563077 0
    outer loop
      vertex 97.8005 -23.067 3
      vertex 98.2442 -22.4158 5.6
      vertex 98.2442 -22.4158 3
    endloop
  endfacet
  facet normal -0.826405 0.563077 0
    outer loop
      vertex 98.2442 -22.4158 5.6
      vertex 97.8005 -23.067 3
      vertex 97.8005 -23.067 5.6
    endloop
  endfacet
  facet normal -0.855302 0.51813 0
    outer loop
      vertex 98.2442 -22.4158 3
      vertex 98.6525 -21.7418 5.6
      vertex 98.6525 -21.7418 3
    endloop
  endfacet
  facet normal -0.855302 0.51813 0
    outer loop
      vertex 98.6525 -21.7418 5.6
      vertex 98.2442 -22.4158 3
      vertex 98.2442 -22.4158 5.6
    endloop
  endfacet
  facet normal -0.881041 0.473039 0
    outer loop
      vertex 98.6525 -21.7418 3
      vertex 99.0249 -21.0482 5.6
      vertex 99.0249 -21.0482 3
    endloop
  endfacet
  facet normal -0.881041 0.473039 0
    outer loop
      vertex 99.0249 -21.0482 5.6
      vertex 98.6525 -21.7418 3
      vertex 98.6525 -21.7418 5.6
    endloop
  endfacet
  facet normal -0.904681 0.42609 0
    outer loop
      vertex 99.0249 -21.0482 3
      vertex 99.3609 -20.3348 5.6
      vertex 99.3609 -20.3348 3
    endloop
  endfacet
  facet normal -0.904681 0.42609 0
    outer loop
      vertex 99.3609 -20.3348 5.6
      vertex 99.0249 -21.0482 3
      vertex 99.0249 -21.0482 5.6
    endloop
  endfacet
  facet normal -0.926522 0.376241 0
    outer loop
      vertex 99.3609 -20.3348 3
      vertex 99.6575 -19.6044 5.6
      vertex 99.6575 -19.6044 3
    endloop
  endfacet
  facet normal -0.926522 0.376241 0
    outer loop
      vertex 99.6575 -19.6044 5.6
      vertex 99.3609 -20.3348 3
      vertex 99.3609 -20.3348 5.6
    endloop
  endfacet
  facet normal -0.945071 0.326866 0
    outer loop
      vertex 99.6575 -19.6044 3
      vertex 99.9151 -18.8596 5.6
      vertex 99.9151 -18.8596 3
    endloop
  endfacet
  facet normal -0.945071 0.326866 0
    outer loop
      vertex 99.9151 -18.8596 5.6
      vertex 99.6575 -19.6044 3
      vertex 99.6575 -19.6044 5.6
    endloop
  endfacet
  facet normal -0.960932 0.276784 0
    outer loop
      vertex 99.9151 -18.8596 3
      vertex 100.133 -18.1031 5.6
      vertex 100.133 -18.1031 3
    endloop
  endfacet
  facet normal -0.960932 0.276784 0
    outer loop
      vertex 100.133 -18.1031 5.6
      vertex 99.9151 -18.8596 3
      vertex 99.9151 -18.8596 5.6
    endloop
  endfacet
  facet normal -0.97391 0.226933 0
    outer loop
      vertex 100.133 -18.1031 3
      vertex 100.312 -17.3349 5.6
      vertex 100.312 -17.3349 3
    endloop
  endfacet
  facet normal -0.97391 0.226933 0
    outer loop
      vertex 100.312 -17.3349 5.6
      vertex 100.133 -18.1031 3
      vertex 100.133 -18.1031 5.6
    endloop
  endfacet
  facet normal -0.98498 0.17267 0
    outer loop
      vertex 100.312 -17.3349 3
      vertex 100.448 -16.5591 5.6
      vertex 100.448 -16.5591 3
    endloop
  endfacet
  facet normal -0.98498 0.17267 0
    outer loop
      vertex 100.448 -16.5591 5.6
      vertex 100.312 -17.3349 3
      vertex 100.312 -17.3349 5.6
    endloop
  endfacet
  facet normal -0.992522 0.122064 0
    outer loop
      vertex 100.448 -16.5591 3
      vertex 100.541 -15.8029 5.6
      vertex 100.541 -15.8029 3
    endloop
  endfacet
  facet normal -0.992522 0.122064 0
    outer loop
      vertex 100.541 -15.8029 5.6
      vertex 100.448 -16.5591 3
      vertex 100.448 -16.5591 5.6
    endloop
  endfacet
  facet normal -0.979278 0.202519 0
    outer loop
      vertex 100.541 -15.8029 3
      vertex 100.572 -15.653 5.6
      vertex 100.572 -15.653 3
    endloop
  endfacet
  facet normal -0.979278 0.202519 0
    outer loop
      vertex 100.572 -15.653 5.6
      vertex 100.541 -15.8029 3
      vertex 100.541 -15.8029 5.6
    endloop
  endfacet
  facet normal -0.916304 0.400483 0
    outer loop
      vertex 100.572 -15.653 3
      vertex 100.622 -15.5386 5.6
      vertex 100.622 -15.5386 3
    endloop
  endfacet
  facet normal -0.916304 0.400483 0
    outer loop
      vertex 100.622 -15.5386 5.6
      vertex 100.572 -15.653 3
      vertex 100.572 -15.653 5.6
    endloop
  endfacet
  facet normal -0.80921 0.587519 0
    outer loop
      vertex 100.622 -15.5386 3
      vertex 100.697 -15.4353 5.6
      vertex 100.697 -15.4353 3
    endloop
  endfacet
  facet normal -0.80921 0.587519 0
    outer loop
      vertex 100.697 -15.4353 5.6
      vertex 100.622 -15.5386 3
      vertex 100.622 -15.5386 5.6
    endloop
  endfacet
  facet normal -0.672475 0.74012 0
    outer loop
      vertex 100.79 -15.3508 3
      vertex 100.697 -15.4353 5.6
      vertex 100.79 -15.3508 5.6
    endloop
  endfacet
  facet normal -0.672475 0.74012 0
    outer loop
      vertex 100.697 -15.4353 5.6
      vertex 100.79 -15.3508 3
      vertex 100.697 -15.4353 3
    endloop
  endfacet
  facet normal -0.49988 0.866095 0
    outer loop
      vertex 100.917 -15.2775 3
      vertex 100.79 -15.3508 5.6
      vertex 100.917 -15.2775 5.6
    endloop
  endfacet
  facet normal -0.49988 0.866095 0
    outer loop
      vertex 100.79 -15.3508 5.6
      vertex 100.917 -15.2775 3
      vertex 100.79 -15.3508 3
    endloop
  endfacet
  facet normal -0.405381 0.914148 0
    outer loop
      vertex 115.263 -8.91574 3
      vertex 100.917 -15.2775 5.6
      vertex 115.263 -8.91574 5.6
    endloop
  endfacet
  facet normal -0.405381 0.914148 0
    outer loop
      vertex 100.917 -15.2775 5.6
      vertex 115.263 -8.91574 3
      vertex 100.917 -15.2775 3
    endloop
  endfacet
  facet normal -0.498231 0.867044 0
    outer loop
      vertex 115.494 -8.783 3
      vertex 115.263 -8.91574 5.6
      vertex 115.494 -8.783 5.6
    endloop
  endfacet
  facet normal -0.498231 0.867044 0
    outer loop
      vertex 115.263 -8.91574 5.6
      vertex 115.494 -8.783 3
      vertex 115.263 -8.91574 3
    endloop
  endfacet
  facet normal -0.661488 0.749955 0
    outer loop
      vertex 115.71 -8.59248 3
      vertex 115.494 -8.783 5.6
      vertex 115.71 -8.59248 5.6
    endloop
  endfacet
  facet normal -0.661488 0.749955 0
    outer loop
      vertex 115.494 -8.783 5.6
      vertex 115.71 -8.59248 3
      vertex 115.494 -8.783 3
    endloop
  endfacet
  facet normal -0.803137 0.595794 0
    outer loop
      vertex 115.71 -8.59248 3
      vertex 115.881 -8.36197 5.6
      vertex 115.881 -8.36197 3
    endloop
  endfacet
  facet normal -0.803137 0.595794 0
    outer loop
      vertex 115.881 -8.36197 5.6
      vertex 115.71 -8.59248 3
      vertex 115.71 -8.59248 5.6
    endloop
  endfacet
  facet normal -0.907664 0.419697 0
    outer loop
      vertex 115.881 -8.36197 3
      vertex 116.001 -8.10245 5.6
      vertex 116.001 -8.10245 3
    endloop
  endfacet
  facet normal -0.907664 0.419697 0
    outer loop
      vertex 116.001 -8.10245 5.6
      vertex 115.881 -8.36197 3
      vertex 115.881 -8.36197 5.6
    endloop
  endfacet
  facet normal -0.972467 0.233039 0
    outer loop
      vertex 116.001 -8.10245 3
      vertex 116.068 -7.82286 5.6
      vertex 116.068 -7.82286 3
    endloop
  endfacet
  facet normal -0.972467 0.233039 0
    outer loop
      vertex 116.068 -7.82286 5.6
      vertex 116.001 -8.10245 3
      vertex 116.001 -8.10245 5.6
    endloop
  endfacet
  facet normal -0.999783 0.0208549 0
    outer loop
      vertex 116.068 -7.82286 3
      vertex 116.074 -7.53522 5.6
      vertex 116.074 -7.53522 3
    endloop
  endfacet
  facet normal -0.999783 0.0208549 0
    outer loop
      vertex 116.074 -7.53522 5.6
      vertex 116.068 -7.82286 3
      vertex 116.068 -7.82286 5.6
    endloop
  endfacet
  facet normal -0.984082 -0.177714 0
    outer loop
      vertex 116.074 -7.53522 3
      vertex 116.023 -7.25281 5.6
      vertex 116.023 -7.25281 3
    endloop
  endfacet
  facet normal -0.984082 -0.177714 0
    outer loop
      vertex 116.023 -7.25281 5.6
      vertex 116.074 -7.53522 3
      vertex 116.074 -7.53522 5.6
    endloop
  endfacet
  facet normal -0.92669 -0.375826 0
    outer loop
      vertex 116.023 -7.25281 3
      vertex 115.915 -6.98651 5.6
      vertex 115.915 -6.98651 3
    endloop
  endfacet
  facet normal -0.92669 -0.375826 0
    outer loop
      vertex 115.915 -6.98651 5.6
      vertex 116.023 -7.25281 3
      vertex 116.023 -7.25281 5.6
    endloop
  endfacet
  facet normal -0.830433 -0.557119 0
    outer loop
      vertex 115.915 -6.98651 3
      vertex 115.761 -6.75696 5.6
      vertex 115.761 -6.75696 3
    endloop
  endfacet
  facet normal -0.830433 -0.557119 0
    outer loop
      vertex 115.761 -6.75696 5.6
      vertex 115.915 -6.98651 3
      vertex 115.915 -6.98651 5.6
    endloop
  endfacet
  facet normal -0.480796 0.876832 0
    outer loop
      vertex 115.821 -6.72406 3
      vertex 115.761 -6.75696 5.6
      vertex 115.821 -6.72406 5.6
    endloop
  endfacet
  facet normal -0.480796 0.876832 0
    outer loop
      vertex 115.761 -6.75696 5.6
      vertex 115.821 -6.72406 3
      vertex 115.761 -6.75696 3
    endloop
  endfacet
  facet normal -0.646445 0.76296 0
    outer loop
      vertex 116.031 -6.54613 3
      vertex 115.821 -6.72406 5.6
      vertex 116.031 -6.54613 5.6
    endloop
  endfacet
  facet normal -0.646445 0.76296 0
    outer loop
      vertex 115.821 -6.72406 5.6
      vertex 116.031 -6.54613 3
      vertex 115.821 -6.72406 3
    endloop
  endfacet
  facet normal -0.780997 0.624535 0
    outer loop
      vertex 116.031 -6.54613 3
      vertex 116.202 -6.33229 5.6
      vertex 116.202 -6.33229 3
    endloop
  endfacet
  facet normal -0.780997 0.624535 0
    outer loop
      vertex 116.202 -6.33229 5.6
      vertex 116.031 -6.54613 3
      vertex 116.031 -6.54613 5.6
    endloop
  endfacet
  facet normal -0.8877 0.460422 0
    outer loop
      vertex 116.202 -6.33229 3
      vertex 116.328 -6.08936 5.6
      vertex 116.328 -6.08936 3
    endloop
  endfacet
  facet normal -0.8877 0.460422 0
    outer loop
      vertex 116.328 -6.08936 5.6
      vertex 116.202 -6.33229 3
      vertex 116.202 -6.33229 5.6
    endloop
  endfacet
  facet normal -0.960085 0.279707 0
    outer loop
      vertex 116.328 -6.08936 3
      vertex 116.405 -5.82506 5.6
      vertex 116.405 -5.82506 3
    endloop
  endfacet
  facet normal -0.960085 0.279707 0
    outer loop
      vertex 116.405 -5.82506 5.6
      vertex 116.328 -6.08936 3
      vertex 116.328 -6.08936 5.6
    endloop
  endfacet
  facet normal -0.996519 0.0833664 0
    outer loop
      vertex 116.405 -5.82506 3
      vertex 116.428 -5.55013 5.6
      vertex 116.428 -5.55013 3
    endloop
  endfacet
  facet normal -0.996519 0.0833664 0
    outer loop
      vertex 116.428 -5.55013 5.6
      vertex 116.405 -5.82506 3
      vertex 116.405 -5.82506 5.6
    endloop
  endfacet
  facet normal -0.993511 -0.113732 0
    outer loop
      vertex 116.428 -5.55013 3
      vertex 116.399 -5.2968 5.6
      vertex 116.399 -5.2968 3
    endloop
  endfacet
  facet normal -0.993511 -0.113732 0
    outer loop
      vertex 116.399 -5.2968 5.6
      vertex 116.428 -5.55013 3
      vertex 116.428 -5.55013 5.6
    endloop
  endfacet
  facet normal -0.97815 -0.207898 0
    outer loop
      vertex 116.399 -5.2968 3
      vertex 106.156 42.896 5.6
      vertex 106.156 42.896 3
    endloop
  endfacet
  facet normal -0.97815 -0.207898 0
    outer loop
      vertex 106.156 42.896 5.6
      vertex 116.399 -5.2968 3
      vertex 116.399 -5.2968 5.6
    endloop
  endfacet
  facet normal 0.207913 -0.978147 0
    outer loop
      vertex 57.7375 54.6358 3
      vertex 70.4724 57.3427 5.6
      vertex 57.7375 54.6358 5.6
    endloop
  endfacet
  facet normal 0.207913 -0.978147 0
    outer loop
      vertex 70.4724 57.3427 5.6
      vertex 57.7375 54.6358 3
      vertex 70.4724 57.3427 3
    endloop
  endfacet
  facet normal 0.301957 -0.953322 0
    outer loop
      vertex 57.4944 54.5588 3
      vertex 57.7375 54.6358 5.6
      vertex 57.4944 54.5588 5.6
    endloop
  endfacet
  facet normal 0.301957 -0.953322 0
    outer loop
      vertex 57.7375 54.6358 5.6
      vertex 57.4944 54.5588 3
      vertex 57.7375 54.6358 3
    endloop
  endfacet
  facet normal 0.482656 -0.87581 0
    outer loop
      vertex 57.2527 54.4256 3
      vertex 57.4944 54.5588 5.6
      vertex 57.2527 54.4256 5.6
    endloop
  endfacet
  facet normal 0.482656 -0.87581 0
    outer loop
      vertex 57.4944 54.5588 5.6
      vertex 57.2527 54.4256 3
      vertex 57.4944 54.5588 3
    endloop
  endfacet
  facet normal 0.646382 -0.763014 0
    outer loop
      vertex 57.0427 54.2477 3
      vertex 57.2527 54.4256 5.6
      vertex 57.0427 54.2477 5.6
    endloop
  endfacet
  facet normal 0.646382 -0.763014 0
    outer loop
      vertex 57.2527 54.4256 5.6
      vertex 57.0427 54.2477 3
      vertex 57.2527 54.4256 3
    endloop
  endfacet
  facet normal 0.781296 -0.62416 0
    outer loop
      vertex 56.8719 54.0339 5.6
      vertex 57.0427 54.2477 3
      vertex 57.0427 54.2477 5.6
    endloop
  endfacet
  facet normal 0.781296 -0.62416 0
    outer loop
      vertex 57.0427 54.2477 3
      vertex 56.8719 54.0339 5.6
      vertex 56.8719 54.0339 3
    endloop
  endfacet
  facet normal 0.887904 -0.460029 0
    outer loop
      vertex 56.746 53.7909 5.6
      vertex 56.8719 54.0339 3
      vertex 56.8719 54.0339 5.6
    endloop
  endfacet
  facet normal 0.887904 -0.460029 0
    outer loop
      vertex 56.8719 54.0339 3
      vertex 56.746 53.7909 5.6
      vertex 56.746 53.7909 3
    endloop
  endfacet
  facet normal 0.959988 -0.280042 0
    outer loop
      vertex 56.6689 53.5266 5.6
      vertex 56.746 53.7909 3
      vertex 56.746 53.7909 5.6
    endloop
  endfacet
  facet normal 0.959988 -0.280042 0
    outer loop
      vertex 56.746 53.7909 3
      vertex 56.6689 53.5266 5.6
      vertex 56.6689 53.5266 3
    endloop
  endfacet
  facet normal 0.996397 -0.0848151 0
    outer loop
      vertex 56.6455 53.2517 5.6
      vertex 56.6689 53.5266 3
      vertex 56.6689 53.5266 5.6
    endloop
  endfacet
  facet normal 0.996397 -0.0848151 0
    outer loop
      vertex 56.6689 53.5266 3
      vertex 56.6455 53.2517 5.6
      vertex 56.6455 53.2517 3
    endloop
  endfacet
  facet normal 0.993686 0.112197 0
    outer loop
      vertex 56.6741 52.9984 5.6
      vertex 56.6455 53.2517 3
      vertex 56.6455 53.2517 5.6
    endloop
  endfacet
  facet normal 0.993686 0.112197 0
    outer loop
      vertex 56.6455 53.2517 3
      vertex 56.6741 52.9984 5.6
      vertex 56.6741 52.9984 3
    endloop
  endfacet
  facet normal 0.978174 0.207787 0
    outer loop
      vertex 56.7572 52.6072 5.6
      vertex 56.6741 52.9984 3
      vertex 56.6741 52.9984 5.6
    endloop
  endfacet
  facet normal 0.978174 0.207787 0
    outer loop
      vertex 56.6741 52.9984 3
      vertex 56.7572 52.6072 5.6
      vertex 56.7572 52.6072 3
    endloop
  endfacet
  facet normal 0.993668 0.112353 0
    outer loop
      vertex 56.7726 52.471 5.6
      vertex 56.7572 52.6072 3
      vertex 56.7572 52.6072 5.6
    endloop
  endfacet
  facet normal 0.993668 0.112353 0
    outer loop
      vertex 56.7572 52.6072 3
      vertex 56.7726 52.471 5.6
      vertex 56.7726 52.471 3
    endloop
  endfacet
  facet normal 0.996409 -0.0846734 0
    outer loop
      vertex 56.7627 52.3545 5.6
      vertex 56.7726 52.471 3
      vertex 56.7726 52.471 5.6
    endloop
  endfacet
  facet normal 0.996409 -0.0846734 0
    outer loop
      vertex 56.7726 52.471 3
      vertex 56.7627 52.3545 5.6
      vertex 56.7627 52.3545 3
    endloop
  endfacet
  facet normal 0.96 -0.28 0
    outer loop
      vertex 56.7298 52.2417 5.6
      vertex 56.7627 52.3545 3
      vertex 56.7627 52.3545 5.6
    endloop
  endfacet
  facet normal 0.96 -0.28 0
    outer loop
      vertex 56.7627 52.3545 3
      vertex 56.7298 52.2417 5.6
      vertex 56.7298 52.2417 3
    endloop
  endfacet
  facet normal 0.887845 -0.460143 0
    outer loop
      vertex 56.6759 52.1377 5.6
      vertex 56.7298 52.2417 3
      vertex 56.7298 52.2417 5.6
    endloop
  endfacet
  facet normal 0.887845 -0.460143 0
    outer loop
      vertex 56.7298 52.2417 3
      vertex 56.6759 52.1377 5.6
      vertex 56.6759 52.1377 3
    endloop
  endfacet
  facet normal 0.781617 -0.623758 0
    outer loop
      vertex 56.6028 52.0461 5.6
      vertex 56.6759 52.1377 3
      vertex 56.6759 52.1377 5.6
    endloop
  endfacet
  facet normal 0.781617 -0.623758 0
    outer loop
      vertex 56.6759 52.1377 3
      vertex 56.6028 52.0461 5.6
      vertex 56.6028 52.0461 3
    endloop
  endfacet
  facet normal 0.645942 -0.763386 0
    outer loop
      vertex 56.5131 51.9702 3
      vertex 56.6028 52.0461 5.6
      vertex 56.5131 51.9702 5.6
    endloop
  endfacet
  facet normal 0.645942 -0.763386 0
    outer loop
      vertex 56.6028 52.0461 5.6
      vertex 56.5131 51.9702 3
      vertex 56.6028 52.0461 3
    endloop
  endfacet
  facet normal 0.4831 -0.875565 0
    outer loop
      vertex 56.4107 51.9137 3
      vertex 56.5131 51.9702 5.6
      vertex 56.4107 51.9137 5.6
    endloop
  endfacet
  facet normal 0.4831 -0.875565 0
    outer loop
      vertex 56.5131 51.9702 5.6
      vertex 56.4107 51.9137 3
      vertex 56.5131 51.9702 3
    endloop
  endfacet
  facet normal 0.301516 -0.953461 0
    outer loop
      vertex 56.2801 51.8724 3
      vertex 56.4107 51.9137 5.6
      vertex 56.2801 51.8724 5.6
    endloop
  endfacet
  facet normal 0.301516 -0.953461 0
    outer loop
      vertex 56.4107 51.9137 5.6
      vertex 56.2801 51.8724 3
      vertex 56.4107 51.9137 3
    endloop
  endfacet
  facet normal 0.207907 -0.978149 0
    outer loop
      vertex 48.944 50.3131 3
      vertex 56.2801 51.8724 5.6
      vertex 48.944 50.3131 5.6
    endloop
  endfacet
  facet normal 0.207907 -0.978149 0
    outer loop
      vertex 56.2801 51.8724 5.6
      vertex 48.944 50.3131 3
      vertex 56.2801 51.8724 3
    endloop
  endfacet
  facet normal 0.30207 -0.953286 0
    outer loop
      vertex 48.701 50.2361 3
      vertex 48.944 50.3131 5.6
      vertex 48.701 50.2361 5.6
    endloop
  endfacet
  facet normal 0.30207 -0.953286 0
    outer loop
      vertex 48.944 50.3131 5.6
      vertex 48.701 50.2361 3
      vertex 48.944 50.3131 3
    endloop
  endfacet
  facet normal 0.482809 -0.875726 0
    outer loop
      vertex 48.4594 50.1029 3
      vertex 48.701 50.2361 5.6
      vertex 48.4594 50.1029 5.6
    endloop
  endfacet
  facet normal 0.482809 -0.875726 0
    outer loop
      vertex 48.701 50.2361 5.6
      vertex 48.4594 50.1029 3
      vertex 48.701 50.2361 3
    endloop
  endfacet
  facet normal 0.646024 -0.763317 0
    outer loop
      vertex 48.2492 49.925 3
      vertex 48.4594 50.1029 5.6
      vertex 48.2492 49.925 5.6
    endloop
  endfacet
  facet normal 0.646024 -0.763317 0
    outer loop
      vertex 48.4594 50.1029 5.6
      vertex 48.2492 49.925 3
      vertex 48.4594 50.1029 3
    endloop
  endfacet
  facet normal 0.781475 -0.623937 0
    outer loop
      vertex 48.0785 49.7112 5.6
      vertex 48.2492 49.925 3
      vertex 48.2492 49.925 5.6
    endloop
  endfacet
  facet normal 0.781475 -0.623937 0
    outer loop
      vertex 48.2492 49.925 3
      vertex 48.0785 49.7112 5.6
      vertex 48.0785 49.7112 3
    endloop
  endfacet
  facet normal 0.887904 -0.460029 0
    outer loop
      vertex 47.9526 49.4682 5.6
      vertex 48.0785 49.7112 3
      vertex 48.0785 49.7112 5.6
    endloop
  endfacet
  facet normal 0.887904 -0.460029 0
    outer loop
      vertex 48.0785 49.7112 3
      vertex 47.9526 49.4682 5.6
      vertex 47.9526 49.4682 3
    endloop
  endfacet
  facet normal 0.959988 -0.280042 0
    outer loop
      vertex 47.8755 49.2039 5.6
      vertex 47.9526 49.4682 3
      vertex 47.9526 49.4682 5.6
    endloop
  endfacet
  facet normal 0.959988 -0.280042 0
    outer loop
      vertex 47.9526 49.4682 3
      vertex 47.8755 49.2039 5.6
      vertex 47.8755 49.2039 3
    endloop
  endfacet
  facet normal 0.996397 -0.0848151 0
    outer loop
      vertex 47.8521 48.929 5.6
      vertex 47.8755 49.2039 3
      vertex 47.8755 49.2039 5.6
    endloop
  endfacet
  facet normal 0.996397 -0.0848151 0
    outer loop
      vertex 47.8755 49.2039 3
      vertex 47.8521 48.929 5.6
      vertex 47.8521 48.929 3
    endloop
  endfacet
  facet normal 0.993686 0.112197 0
    outer loop
      vertex 47.8807 48.6757 5.6
      vertex 47.8521 48.929 3
      vertex 47.8521 48.929 5.6
    endloop
  endfacet
  facet normal 0.993686 0.112197 0
    outer loop
      vertex 47.8521 48.929 3
      vertex 47.8807 48.6757 5.6
      vertex 47.8807 48.6757 3
    endloop
  endfacet
  facet normal 0.978147 0.207915 0
    outer loop
      vertex 48.8423 44.1518 5.6
      vertex 47.8807 48.6757 3
      vertex 47.8807 48.6757 5.6
    endloop
  endfacet
  facet normal 0.978147 0.207915 0
    outer loop
      vertex 47.8807 48.6757 3
      vertex 48.8423 44.1518 5.6
      vertex 48.8423 44.1518 3
    endloop
  endfacet
  facet normal 0.99375 0.111633 0
    outer loop
      vertex 48.8576 44.0156 5.6
      vertex 48.8423 44.1518 3
      vertex 48.8423 44.1518 5.6
    endloop
  endfacet
  facet normal 0.99375 0.111633 0
    outer loop
      vertex 48.8423 44.1518 3
      vertex 48.8576 44.0156 5.6
      vertex 48.8576 44.0156 3
    endloop
  endfacet
  facet normal 0.996409 -0.0846734 0
    outer loop
      vertex 48.8477 43.8991 5.6
      vertex 48.8576 44.0156 3
      vertex 48.8576 44.0156 5.6
    endloop
  endfacet
  facet normal 0.996409 -0.0846734 0
    outer loop
      vertex 48.8576 44.0156 3
      vertex 48.8477 43.8991 5.6
      vertex 48.8477 43.8991 3
    endloop
  endfacet
  facet normal 0.96 -0.28 0
    outer loop
      vertex 48.8148 43.7863 5.6
      vertex 48.8477 43.8991 3
      vertex 48.8477 43.8991 5.6
    endloop
  endfacet
  facet normal 0.96 -0.28 0
    outer loop
      vertex 48.8477 43.8991 3
      vertex 48.8148 43.7863 5.6
      vertex 48.8148 43.7863 3
    endloop
  endfacet
  facet normal 0.887845 -0.460143 0
    outer loop
      vertex 48.7609 43.6823 5.6
      vertex 48.8148 43.7863 3
      vertex 48.8148 43.7863 5.6
    endloop
  endfacet
  facet normal 0.887845 -0.460143 0
    outer loop
      vertex 48.8148 43.7863 3
      vertex 48.7609 43.6823 5.6
      vertex 48.7609 43.6823 3
    endloop
  endfacet
  facet normal 0.781617 -0.623758 0
    outer loop
      vertex 48.6878 43.5907 5.6
      vertex 48.7609 43.6823 3
      vertex 48.7609 43.6823 5.6
    endloop
  endfacet
  facet normal 0.781617 -0.623758 0
    outer loop
      vertex 48.7609 43.6823 3
      vertex 48.6878 43.5907 5.6
      vertex 48.6878 43.5907 3
    endloop
  endfacet
  facet normal 0.645942 -0.763386 0
    outer loop
      vertex 48.5981 43.5148 3
      vertex 48.6878 43.5907 5.6
      vertex 48.5981 43.5148 5.6
    endloop
  endfacet
  facet normal 0.645942 -0.763386 0
    outer loop
      vertex 48.6878 43.5907 5.6
      vertex 48.5981 43.5148 3
      vertex 48.6878 43.5907 3
    endloop
  endfacet
  facet normal 0.4831 -0.875565 0
    outer loop
      vertex 48.4957 43.4583 3
      vertex 48.5981 43.5148 5.6
      vertex 48.4957 43.4583 5.6
    endloop
  endfacet
  facet normal 0.4831 -0.875565 0
    outer loop
      vertex 48.5981 43.5148 5.6
      vertex 48.4957 43.4583 3
      vertex 48.5981 43.5148 3
    endloop
  endfacet
  facet normal 0.301516 -0.953461 0
    outer loop
      vertex 48.3651 43.417 3
      vertex 48.4957 43.4583 5.6
      vertex 48.3651 43.417 5.6
    endloop
  endfacet
  facet normal 0.301516 -0.953461 0
    outer loop
      vertex 48.4957 43.4583 5.6
      vertex 48.3651 43.417 3
      vertex 48.4957 43.4583 3
    endloop
  endfacet
  facet normal 0.207913 -0.978147 0
    outer loop
      vertex 32.7148 40.0904 3
      vertex 48.3651 43.417 5.6
      vertex 32.7148 40.0904 5.6
    endloop
  endfacet
  facet normal 0.207913 -0.978147 0
    outer loop
      vertex 48.3651 43.417 5.6
      vertex 32.7148 40.0904 3
      vertex 48.3651 43.417 3
    endloop
  endfacet
  facet normal 0.301601 -0.953434 0
    outer loop
      vertex 32.4717 40.0135 3
      vertex 32.7148 40.0904 5.6
      vertex 32.4717 40.0135 5.6
    endloop
  endfacet
  facet normal 0.301601 -0.953434 0
    outer loop
      vertex 32.7148 40.0904 5.6
      vertex 32.4717 40.0135 3
      vertex 32.7148 40.0904 3
    endloop
  endfacet
  facet normal 0.482809 -0.875726 0
    outer loop
      vertex 32.2301 39.8803 3
      vertex 32.4717 40.0135 5.6
      vertex 32.2301 39.8803 5.6
    endloop
  endfacet
  facet normal 0.482809 -0.875726 0
    outer loop
      vertex 32.4717 40.0135 5.6
      vertex 32.2301 39.8803 3
      vertex 32.4717 40.0135 3
    endloop
  endfacet
  facet normal 0.646414 -0.762987 0
    outer loop
      vertex 32.02 39.7023 3
      vertex 32.2301 39.8803 5.6
      vertex 32.02 39.7023 5.6
    endloop
  endfacet
  facet normal 0.646414 -0.762987 0
    outer loop
      vertex 32.2301 39.8803 5.6
      vertex 32.02 39.7023 3
      vertex 32.2301 39.8803 3
    endloop
  endfacet
  facet normal 0.781475 -0.623937 0
    outer loop
      vertex 31.8493 39.4885 5.6
      vertex 32.02 39.7023 3
      vertex 32.02 39.7023 5.6
    endloop
  endfacet
  facet normal 0.781475 -0.623937 0
    outer loop
      vertex 32.02 39.7023 3
      vertex 31.8493 39.4885 5.6
      vertex 31.8493 39.4885 3
    endloop
  endfacet
  facet normal 0.887826 -0.460178 0
    outer loop
      vertex 31.7234 39.2456 5.6
      vertex 31.8493 39.4885 3
      vertex 31.8493 39.4885 5.6
    endloop
  endfacet
  facet normal 0.887826 -0.460178 0
    outer loop
      vertex 31.8493 39.4885 3
      vertex 31.7234 39.2456 5.6
      vertex 31.7234 39.2456 3
    endloop
  endfacet
  facet normal 0.959988 -0.280042 0
    outer loop
      vertex 31.6463 38.9813 5.6
      vertex 31.7234 39.2456 3
      vertex 31.7234 39.2456 5.6
    endloop
  endfacet
  facet normal 0.959988 -0.280042 0
    outer loop
      vertex 31.7234 39.2456 3
      vertex 31.6463 38.9813 5.6
      vertex 31.6463 38.9813 3
    endloop
  endfacet
  facet normal 0.996399 -0.0847845 0
    outer loop
      vertex 31.6229 38.7063 5.6
      vertex 31.6463 38.9813 3
      vertex 31.6463 38.9813 5.6
    endloop
  endfacet
  facet normal 0.996399 -0.0847845 0
    outer loop
      vertex 31.6463 38.9813 3
      vertex 31.6229 38.7063 5.6
      vertex 31.6229 38.7063 3
    endloop
  endfacet
  facet normal 0.99373 0.111809 0
    outer loop
      vertex 31.6514 38.453 5.6
      vertex 31.6229 38.7063 3
      vertex 31.6229 38.7063 5.6
    endloop
  endfacet
  facet normal 0.99373 0.111809 0
    outer loop
      vertex 31.6229 38.7063 3
      vertex 31.6514 38.453 5.6
      vertex 31.6514 38.453 3
    endloop
  endfacet
  facet normal 0.978117 0.208053 0
    outer loop
      vertex 31.7294 38.0863 5.6
      vertex 31.6514 38.453 3
      vertex 31.6514 38.453 5.6
    endloop
  endfacet
  facet normal 0.978117 0.208053 0
    outer loop
      vertex 31.6514 38.453 3
      vertex 31.7294 38.0863 5.6
      vertex 31.7294 38.0863 3
    endloop
  endfacet
  facet normal 0.993668 0.112353 0
    outer loop
      vertex 31.7448 37.9501 5.6
      vertex 31.7294 38.0863 3
      vertex 31.7294 38.0863 5.6
    endloop
  endfacet
  facet normal 0.993668 0.112353 0
    outer loop
      vertex 31.7294 38.0863 3
      vertex 31.7448 37.9501 5.6
      vertex 31.7448 37.9501 3
    endloop
  endfacet
  facet normal 0.996336 -0.0855224 0
    outer loop
      vertex 31.7348 37.8336 5.6
      vertex 31.7448 37.9501 3
      vertex 31.7448 37.9501 5.6
    endloop
  endfacet
  facet normal 0.996336 -0.0855224 0
    outer loop
      vertex 31.7448 37.9501 3
      vertex 31.7348 37.8336 5.6
      vertex 31.7348 37.8336 3
    endloop
  endfacet
  facet normal 0.96 -0.28 0
    outer loop
      vertex 31.7019 37.7208 5.6
      vertex 31.7348 37.8336 3
      vertex 31.7348 37.8336 5.6
    endloop
  endfacet
  facet normal 0.96 -0.28 0
    outer loop
      vertex 31.7348 37.8336 3
      vertex 31.7019 37.7208 5.6
      vertex 31.7019 37.7208 3
    endloop
  endfacet
  facet normal 0.887845 -0.460143 0
    outer loop
      vertex 31.648 37.6168 5.6
      vertex 31.7019 37.7208 3
      vertex 31.7019 37.7208 5.6
    endloop
  endfacet
  facet normal 0.887845 -0.460143 0
    outer loop
      vertex 31.7019 37.7208 3
      vertex 31.648 37.6168 5.6
      vertex 31.648 37.6168 3
    endloop
  endfacet
  facet normal 0.781617 -0.623758 0
    outer loop
      vertex 31.5749 37.5252 5.6
      vertex 31.648 37.6168 3
      vertex 31.648 37.6168 5.6
    endloop
  endfacet
  facet normal 0.781617 -0.623758 0
    outer loop
      vertex 31.648 37.6168 3
      vertex 31.5749 37.5252 5.6
      vertex 31.5749 37.5252 3
    endloop
  endfacet
  facet normal 0.645942 -0.763386 0
    outer loop
      vertex 31.4852 37.4493 3
      vertex 31.5749 37.5252 5.6
      vertex 31.4852 37.4493 5.6
    endloop
  endfacet
  facet normal 0.645942 -0.763386 0
    outer loop
      vertex 31.5749 37.5252 5.6
      vertex 31.4852 37.4493 3
      vertex 31.5749 37.5252 3
    endloop
  endfacet
  facet normal 0.4831 -0.875565 0
    outer loop
      vertex 31.3828 37.3928 3
      vertex 31.4852 37.4493 5.6
      vertex 31.3828 37.3928 5.6
    endloop
  endfacet
  facet normal 0.4831 -0.875565 0
    outer loop
      vertex 31.4852 37.4493 5.6
      vertex 31.3828 37.3928 3
      vertex 31.4852 37.4493 3
    endloop
  endfacet
  facet normal 0.301516 -0.953461 0
    outer loop
      vertex 31.2522 37.3515 3
      vertex 31.3828 37.3928 5.6
      vertex 31.2522 37.3515 5.6
    endloop
  endfacet
  facet normal 0.301516 -0.953461 0
    outer loop
      vertex 31.3828 37.3928 5.6
      vertex 31.2522 37.3515 3
      vertex 31.3828 37.3928 3
    endloop
  endfacet
  facet normal 0.207913 -0.978147 0
    outer loop
      vertex 15.6019 34.0249 3
      vertex 31.2522 37.3515 5.6
      vertex 15.6019 34.0249 5.6
    endloop
  endfacet
  facet normal 0.207913 -0.978147 0
    outer loop
      vertex 31.2522 37.3515 5.6
      vertex 15.6019 34.0249 3
      vertex 31.2522 37.3515 3
    endloop
  endfacet
  facet normal 0.301713 -0.953399 0
    outer loop
      vertex 15.3589 33.948 3
      vertex 15.6019 34.0249 5.6
      vertex 15.3589 33.948 5.6
    endloop
  endfacet
  facet normal 0.301713 -0.953399 0
    outer loop
      vertex 15.6019 34.0249 5.6
      vertex 15.3589 33.948 3
      vertex 15.6019 34.0249 3
    endloop
  endfacet
  facet normal 0.482656 -0.87581 0
    outer loop
      vertex 15.1172 33.8148 3
      vertex 15.3589 33.948 5.6
      vertex 15.1172 33.8148 5.6
    endloop
  endfacet
  facet normal 0.482656 -0.87581 0
    outer loop
      vertex 15.3589 33.948 5.6
      vertex 15.1172 33.8148 3
      vertex 15.3589 33.948 3
    endloop
  endfacet
  facet normal 0.646414 -0.762987 0
    outer loop
      vertex 14.9071 33.6368 3
      vertex 15.1172 33.8148 5.6
      vertex 14.9071 33.6368 5.6
    endloop
  endfacet
  facet normal 0.646414 -0.762987 0
    outer loop
      vertex 15.1172 33.8148 5.6
      vertex 14.9071 33.6368 3
      vertex 15.1172 33.8148 3
    endloop
  endfacet
  facet normal 0.781475 -0.623937 0
    outer loop
      vertex 14.7364 33.423 5.6
      vertex 14.9071 33.6368 3
      vertex 14.9071 33.6368 5.6
    endloop
  endfacet
  facet normal 0.781475 -0.623937 0
    outer loop
      vertex 14.9071 33.6368 3
      vertex 14.7364 33.423 5.6
      vertex 14.7364 33.423 3
    endloop
  endfacet
  facet normal 0.887826 -0.460178 0
    outer loop
      vertex 14.6105 33.1801 5.6
      vertex 14.7364 33.423 3
      vertex 14.7364 33.423 5.6
    endloop
  endfacet
  facet normal 0.887826 -0.460178 0
    outer loop
      vertex 14.7364 33.423 3
      vertex 14.6105 33.1801 5.6
      vertex 14.6105 33.1801 3
    endloop
  endfacet
  facet normal 0.959988 -0.280042 0
    outer loop
      vertex 14.5334 32.9158 5.6
      vertex 14.6105 33.1801 3
      vertex 14.6105 33.1801 5.6
    endloop
  endfacet
  facet normal 0.959988 -0.280042 0
    outer loop
      vertex 14.6105 33.1801 3
      vertex 14.5334 32.9158 5.6
      vertex 14.5334 32.9158 3
    endloop
  endfacet
  facet normal 0.996399 -0.0847845 0
    outer loop
      vertex 14.51 32.6408 5.6
      vertex 14.5334 32.9158 3
      vertex 14.5334 32.9158 5.6
    endloop
  endfacet
  facet normal 0.996399 -0.0847845 0
    outer loop
      vertex 14.5334 32.9158 3
      vertex 14.51 32.6408 5.6
      vertex 14.51 32.6408 3
    endloop
  endfacet
  facet normal 0.993686 0.112197 0
    outer loop
      vertex 14.5386 32.3875 5.6
      vertex 14.51 32.6408 3
      vertex 14.51 32.6408 5.6
    endloop
  endfacet
  facet normal 0.993686 0.112197 0
    outer loop
      vertex 14.51 32.6408 3
      vertex 14.5386 32.3875 5.6
      vertex 14.5386 32.3875 3
    endloop
  endfacet
  facet normal 0.978148 0.207912 0
    outer loop
      vertex 25.0214 -16.9301 5.6
      vertex 14.5386 32.3875 3
      vertex 14.5386 32.3875 5.6
    endloop
  endfacet
  facet normal 0.978148 0.207912 0
    outer loop
      vertex 14.5386 32.3875 3
      vertex 25.0214 -16.9301 5.6
      vertex 25.0214 -16.9301 3
    endloop
  endfacet
  facet normal -0.207819 0.978167 0
    outer loop
      vertex 25.6154 -16.8039 3
      vertex 25.0214 -16.9301 5.6
      vertex 25.6154 -16.8039 5.6
    endloop
  endfacet
  facet normal -0.207819 0.978167 0
    outer loop
      vertex 25.0214 -16.9301 5.6
      vertex 25.6154 -16.8039 3
      vertex 25.0214 -16.9301 3
    endloop
  endfacet
  facet normal -0.110996 0.993821 0
    outer loop
      vertex 25.7506 -16.7888 3
      vertex 25.6154 -16.8039 5.6
      vertex 25.7506 -16.7888 5.6
    endloop
  endfacet
  facet normal -0.110996 0.993821 0
    outer loop
      vertex 25.6154 -16.8039 5.6
      vertex 25.7506 -16.7888 3
      vertex 25.6154 -16.8039 3
    endloop
  endfacet
  facet normal 0.0796077 0.996826 -0
    outer loop
      vertex 25.8658 -16.798 3
      vertex 25.7506 -16.7888 5.6
      vertex 25.8658 -16.798 5.6
    endloop
  endfacet
  facet normal 0.0796077 0.996826 0
    outer loop
      vertex 25.7506 -16.7888 5.6
      vertex 25.8658 -16.798 3
      vertex 25.7506 -16.7888 3
    endloop
  endfacet
  facet normal 0.271274 0.962502 -0
    outer loop
      vertex 25.9765 -16.8292 3
      vertex 25.8658 -16.798 5.6
      vertex 25.9765 -16.8292 5.6
    endloop
  endfacet
  facet normal 0.271274 0.962502 0
    outer loop
      vertex 25.8658 -16.798 5.6
      vertex 25.9765 -16.8292 3
      vertex 25.8658 -16.798 3
    endloop
  endfacet
  facet normal 0.452376 0.891827 -0
    outer loop
      vertex 26.08 -16.8817 3
      vertex 25.9765 -16.8292 5.6
      vertex 26.08 -16.8817 5.6
    endloop
  endfacet
  facet normal 0.452376 0.891827 0
    outer loop
      vertex 25.9765 -16.8292 5.6
      vertex 26.08 -16.8817 3
      vertex 25.9765 -16.8292 3
    endloop
  endfacet
  facet normal 0.610383 0.792107 -0
    outer loop
      vertex 26.1711 -16.9519 3
      vertex 26.08 -16.8817 5.6
      vertex 26.1711 -16.9519 5.6
    endloop
  endfacet
  facet normal 0.610383 0.792107 0
    outer loop
      vertex 26.08 -16.8817 5.6
      vertex 26.1711 -16.9519 3
      vertex 26.08 -16.8817 3
    endloop
  endfacet
  facet normal 0.756666 0.653801 0
    outer loop
      vertex 26.2461 -17.0387 5.6
      vertex 26.1711 -16.9519 3
      vertex 26.1711 -16.9519 5.6
    endloop
  endfacet
  facet normal 0.756666 0.653801 0
    outer loop
      vertex 26.1711 -16.9519 3
      vertex 26.2461 -17.0387 5.6
      vertex 26.2461 -17.0387 3
    endloop
  endfacet
  facet normal 0.865485 0.500935 0
    outer loop
      vertex 26.3045 -17.1396 5.6
      vertex 26.2461 -17.0387 3
      vertex 26.2461 -17.0387 5.6
    endloop
  endfacet
  facet normal 0.865485 0.500935 0
    outer loop
      vertex 26.2461 -17.0387 3
      vertex 26.3045 -17.1396 5.6
      vertex 26.3045 -17.1396 3
    endloop
  endfacet
  facet normal 0.946408 0.322974 0
    outer loop
      vertex 26.3418 -17.2489 5.6
      vertex 26.3045 -17.1396 3
      vertex 26.3045 -17.1396 5.6
    endloop
  endfacet
  facet normal 0.946408 0.322974 0
    outer loop
      vertex 26.3045 -17.1396 3
      vertex 26.3418 -17.2489 5.6
      vertex 26.3418 -17.2489 3
    endloop
  endfacet
  facet normal 0.990677 0.136229 0
    outer loop
      vertex 26.3576 -17.3638 5.6
      vertex 26.3418 -17.2489 3
      vertex 26.3418 -17.2489 5.6
    endloop
  endfacet
  facet normal 0.990677 0.136229 0
    outer loop
      vertex 26.3418 -17.2489 3
      vertex 26.3576 -17.3638 5.6
      vertex 26.3576 -17.3638 3
    endloop
  endfacet
  facet normal 0.998295 -0.0583646 0
    outer loop
      vertex 26.3509 -17.4784 5.6
      vertex 26.3576 -17.3638 3
      vertex 26.3576 -17.3638 5.6
    endloop
  endfacet
  facet normal 0.998295 -0.0583646 0
    outer loop
      vertex 26.3576 -17.3638 3
      vertex 26.3509 -17.4784 5.6
      vertex 26.3509 -17.4784 3
    endloop
  endfacet
  facet normal 0.9686 -0.248625 0
    outer loop
      vertex 26.3173 -17.6093 5.6
      vertex 26.3509 -17.4784 3
      vertex 26.3509 -17.4784 5.6
    endloop
  endfacet
  facet normal 0.9686 -0.248625 0
    outer loop
      vertex 26.3509 -17.4784 3
      vertex 26.3173 -17.6093 5.6
      vertex 26.3173 -17.6093 3
    endloop
  endfacet
  facet normal 0.940149 -0.340763 0
    outer loop
      vertex 25.2034 -20.6825 5.6
      vertex 26.3173 -17.6093 3
      vertex 26.3173 -17.6093 5.6
    endloop
  endfacet
  facet normal 0.940149 -0.340763 0
    outer loop
      vertex 26.3173 -17.6093 3
      vertex 25.2034 -20.6825 5.6
      vertex 25.2034 -20.6825 3
    endloop
  endfacet
  facet normal 0.898124 -0.439742 0
    outer loop
      vertex 25.1397 -20.8126 5.6
      vertex 25.2034 -20.6825 3
      vertex 25.2034 -20.6825 5.6
    endloop
  endfacet
  facet normal 0.898124 -0.439742 0
    outer loop
      vertex 25.2034 -20.6825 3
      vertex 25.1397 -20.8126 5.6
      vertex 25.1397 -20.8126 3
    endloop
  endfacet
  facet normal 0.795116 -0.606458 0
    outer loop
      vertex 25.0648 -20.9108 5.6
      vertex 25.1397 -20.8126 3
      vertex 25.1397 -20.8126 5.6
    endloop
  endfacet
  facet normal 0.795116 -0.606458 0
    outer loop
      vertex 25.1397 -20.8126 3
      vertex 25.0648 -20.9108 5.6
      vertex 25.0648 -20.9108 3
    endloop
  endfacet
  facet normal 0.648149 -0.761514 0
    outer loop
      vertex 24.9721 -20.9897 3
      vertex 25.0648 -20.9108 5.6
      vertex 24.9721 -20.9897 5.6
    endloop
  endfacet
  facet normal 0.648149 -0.761514 0
    outer loop
      vertex 25.0648 -20.9108 5.6
      vertex 24.9721 -20.9897 3
      vertex 25.0648 -20.9108 3
    endloop
  endfacet
  facet normal 0.479589 -0.877493 0
    outer loop
      vertex 24.8636 -21.049 3
      vertex 24.9721 -20.9897 5.6
      vertex 24.8636 -21.049 5.6
    endloop
  endfacet
  facet normal 0.479589 -0.877493 0
    outer loop
      vertex 24.9721 -20.9897 5.6
      vertex 24.8636 -21.049 3
      vertex 24.9721 -20.9897 3
    endloop
  endfacet
  facet normal 0.292942 -0.95613 0
    outer loop
      vertex 24.7461 -21.085 3
      vertex 24.8636 -21.049 5.6
      vertex 24.7461 -21.085 5.6
    endloop
  endfacet
  facet normal 0.292942 -0.95613 0
    outer loop
      vertex 24.8636 -21.049 5.6
      vertex 24.7461 -21.085 3
      vertex 24.8636 -21.049 3
    endloop
  endfacet
  facet normal 0.0873695 -0.996176 0
    outer loop
      vertex 24.6241 -21.0957 3
      vertex 24.7461 -21.085 5.6
      vertex 24.6241 -21.0957 5.6
    endloop
  endfacet
  facet normal 0.0873695 -0.996176 0
    outer loop
      vertex 24.7461 -21.085 5.6
      vertex 24.6241 -21.0957 3
      vertex 24.7461 -21.085 3
    endloop
  endfacet
  facet normal -0.116466 -0.993195 0
    outer loop
      vertex 24.5013 -21.0813 3
      vertex 24.6241 -21.0957 5.6
      vertex 24.5013 -21.0813 5.6
    endloop
  endfacet
  facet normal -0.116466 -0.993195 -0
    outer loop
      vertex 24.6241 -21.0957 5.6
      vertex 24.5013 -21.0813 3
      vertex 24.6241 -21.0957 3
    endloop
  endfacet
  facet normal -0.316471 -0.948602 0
    outer loop
      vertex 24.3841 -21.0422 3
      vertex 24.5013 -21.0813 5.6
      vertex 24.3841 -21.0422 5.6
    endloop
  endfacet
  facet normal -0.316471 -0.948602 -0
    outer loop
      vertex 24.5013 -21.0813 5.6
      vertex 24.3841 -21.0422 3
      vertex 24.5013 -21.0813 3
    endloop
  endfacet
  facet normal -0.500618 -0.865668 0
    outer loop
      vertex 24.2781 -20.9809 3
      vertex 24.3841 -21.0422 5.6
      vertex 24.2781 -20.9809 5.6
    endloop
  endfacet
  facet normal -0.500618 -0.865668 -0
    outer loop
      vertex 24.3841 -21.0422 5.6
      vertex 24.2781 -20.9809 3
      vertex 24.3841 -21.0422 3
    endloop
  endfacet
  facet normal -0.672708 -0.739908 0
    outer loop
      vertex 24.1724 -20.8848 3
      vertex 24.2781 -20.9809 5.6
      vertex 24.1724 -20.8848 5.6
    endloop
  endfacet
  facet normal -0.672708 -0.739908 -0
    outer loop
      vertex 24.2781 -20.9809 5.6
      vertex 24.1724 -20.8848 3
      vertex 24.2781 -20.9809 3
    endloop
  endfacet
  facet normal -0.742703 -0.669621 0
    outer loop
      vertex 24.1724 -20.8848 3
      vertex 23.6593 -20.3157 5.6
      vertex 23.6593 -20.3157 3
    endloop
  endfacet
  facet normal -0.742703 -0.669621 0
    outer loop
      vertex 23.6593 -20.3157 5.6
      vertex 24.1724 -20.8848 3
      vertex 24.1724 -20.8848 5.6
    endloop
  endfacet
  facet normal -0.675902 -0.736992 0
    outer loop
      vertex 23.4711 -20.1431 3
      vertex 23.6593 -20.3157 5.6
      vertex 23.4711 -20.1431 5.6
    endloop
  endfacet
  facet normal -0.675902 -0.736992 -0
    outer loop
      vertex 23.6593 -20.3157 5.6
      vertex 23.4711 -20.1431 3
      vertex 23.6593 -20.3157 3
    endloop
  endfacet
  facet normal -0.51721 -0.855859 0
    outer loop
      vertex 23.2348 -20.0003 3
      vertex 23.4711 -20.1431 5.6
      vertex 23.2348 -20.0003 5.6
    endloop
  endfacet
  facet normal -0.51721 -0.855859 -0
    outer loop
      vertex 23.4711 -20.1431 5.6
      vertex 23.2348 -20.0003 3
      vertex 23.4711 -20.1431 3
    endloop
  endfacet
  facet normal -0.336567 -0.94166 0
    outer loop
      vertex 22.976 -19.9078 3
      vertex 23.2348 -20.0003 5.6
      vertex 22.976 -19.9078 5.6
    endloop
  endfacet
  facet normal -0.336567 -0.94166 -0
    outer loop
      vertex 23.2348 -20.0003 5.6
      vertex 22.976 -19.9078 3
      vertex 23.2348 -20.0003 3
    endloop
  endfacet
  facet normal -0.150628 -0.98859 0
    outer loop
      vertex 22.7056 -19.8666 3
      vertex 22.976 -19.9078 5.6
      vertex 22.7056 -19.8666 5.6
    endloop
  endfacet
  facet normal -0.150628 -0.98859 -0
    outer loop
      vertex 22.976 -19.9078 5.6
      vertex 22.7056 -19.8666 3
      vertex 22.976 -19.9078 3
    endloop
  endfacet
  facet normal 0.0452257 -0.998977 0
    outer loop
      vertex 22.4317 -19.879 3
      vertex 22.7056 -19.8666 5.6
      vertex 22.4317 -19.879 5.6
    endloop
  endfacet
  facet normal 0.0452257 -0.998977 0
    outer loop
      vertex 22.7056 -19.8666 5.6
      vertex 22.4317 -19.879 3
      vertex 22.7056 -19.8666 3
    endloop
  endfacet
  facet normal 0.23775 -0.971326 0
    outer loop
      vertex 22.1641 -19.9445 3
      vertex 22.4317 -19.879 5.6
      vertex 22.1641 -19.9445 5.6
    endloop
  endfacet
  facet normal 0.23775 -0.971326 0
    outer loop
      vertex 22.4317 -19.879 5.6
      vertex 22.1641 -19.9445 3
      vertex 22.4317 -19.879 3
    endloop
  endfacet
  facet normal 0.426759 -0.904365 0
    outer loop
      vertex 21.9151 -20.062 3
      vertex 22.1641 -19.9445 5.6
      vertex 21.9151 -20.062 5.6
    endloop
  endfacet
  facet normal 0.426759 -0.904365 0
    outer loop
      vertex 22.1641 -19.9445 5.6
      vertex 21.9151 -20.062 3
      vertex 22.1641 -19.9445 3
    endloop
  endfacet
  facet normal 0.59257 -0.805519 0
    outer loop
      vertex 21.7097 -20.2131 3
      vertex 21.9151 -20.062 5.6
      vertex 21.7097 -20.2131 5.6
    endloop
  endfacet
  facet normal 0.59257 -0.805519 0
    outer loop
      vertex 21.9151 -20.062 5.6
      vertex 21.7097 -20.2131 3
      vertex 21.9151 -20.062 3
    endloop
  endfacet
  facet normal 0.669142 -0.743135 0
    outer loop
      vertex 9.04776 -31.6143 3
      vertex 21.7097 -20.2131 5.6
      vertex 9.04776 -31.6143 5.6
    endloop
  endfacet
  facet normal 0.669142 -0.743135 0
    outer loop
      vertex 21.7097 -20.2131 5.6
      vertex 9.04776 -31.6143 3
      vertex 21.7097 -20.2131 3
    endloop
  endfacet
  facet normal 0.736797 -0.676115 0
    outer loop
      vertex 8.87506 -31.8025 5.6
      vertex 9.04776 -31.6143 3
      vertex 9.04776 -31.6143 5.6
    endloop
  endfacet
  facet normal 0.736797 -0.676115 0
    outer loop
      vertex 9.04776 -31.6143 3
      vertex 8.87506 -31.8025 5.6
      vertex 8.87506 -31.8025 3
    endloop
  endfacet
  facet normal 0.855971 -0.517024 0
    outer loop
      vertex 8.73233 -32.0388 5.6
      vertex 8.87506 -31.8025 3
      vertex 8.87506 -31.8025 5.6
    endloop
  endfacet
  facet normal 0.855971 -0.517024 0
    outer loop
      vertex 8.87506 -31.8025 3
      vertex 8.73233 -32.0388 5.6
      vertex 8.73233 -32.0388 3
    endloop
  endfacet
  facet normal 0.941666 -0.336548 0
    outer loop
      vertex 8.6398 -32.2977 5.6
      vertex 8.73233 -32.0388 3
      vertex 8.73233 -32.0388 5.6
    endloop
  endfacet
  facet normal 0.941666 -0.336548 0
    outer loop
      vertex 8.73233 -32.0388 3
      vertex 8.6398 -32.2977 5.6
      vertex 8.6398 -32.2977 3
    endloop
  endfacet
  facet normal 0.988607 -0.150521 0
    outer loop
      vertex 8.59863 -32.5681 5.6
      vertex 8.6398 -32.2977 3
      vertex 8.6398 -32.2977 5.6
    endloop
  endfacet
  facet normal 0.988607 -0.150521 0
    outer loop
      vertex 8.6398 -32.2977 3
      vertex 8.59863 -32.5681 5.6
      vertex 8.59863 -32.5681 3
    endloop
  endfacet
  facet normal 0.998983 0.0450965 0
    outer loop
      vertex 8.61099 -32.8419 5.6
      vertex 8.59863 -32.5681 3
      vertex 8.59863 -32.5681 5.6
    endloop
  endfacet
  facet normal 0.998983 0.0450965 0
    outer loop
      vertex 8.59863 -32.5681 3
      vertex 8.61099 -32.8419 5.6
      vertex 8.61099 -32.8419 3
    endloop
  endfacet
  facet normal 0.971318 0.237784 0
    outer loop
      vertex 8.6765 -33.1095 5.6
      vertex 8.61099 -32.8419 3
      vertex 8.61099 -32.8419 5.6
    endloop
  endfacet
  facet normal 0.971318 0.237784 0
    outer loop
      vertex 8.61099 -32.8419 3
      vertex 8.6765 -33.1095 5.6
      vertex 8.6765 -33.1095 3
    endloop
  endfacet
  facet normal 0.904394 0.426699 0
    outer loop
      vertex 8.79398 -33.3585 5.6
      vertex 8.6765 -33.1095 3
      vertex 8.6765 -33.1095 5.6
    endloop
  endfacet
  facet normal 0.904394 0.426699 0
    outer loop
      vertex 8.6765 -33.1095 3
      vertex 8.79398 -33.3585 5.6
      vertex 8.79398 -33.3585 3
    endloop
  endfacet
  facet normal 0.805507 0.592586 0
    outer loop
      vertex 8.94516 -33.564 5.6
      vertex 8.79398 -33.3585 3
      vertex 8.79398 -33.3585 5.6
    endloop
  endfacet
  facet normal 0.805507 0.592586 0
    outer loop
      vertex 8.79398 -33.3585 3
      vertex 8.94516 -33.564 5.6
      vertex 8.94516 -33.564 3
    endloop
  endfacet
  facet normal 0.743135 0.669141 0
    outer loop
      vertex 19.008 -44.7396 5.6
      vertex 8.94516 -33.564 3
      vertex 8.94516 -33.564 5.6
    endloop
  endfacet
  facet normal 0.743135 0.669141 0
    outer loop
      vertex 8.94516 -33.564 3
      vertex 19.008 -44.7396 5.6
      vertex 19.008 -44.7396 3
    endloop
  endfacet
  facet normal 0.67592 0.736975 -0
    outer loop
      vertex 19.1963 -44.9123 3
      vertex 19.008 -44.7396 5.6
      vertex 19.1963 -44.9123 5.6
    endloop
  endfacet
  facet normal 0.67592 0.736975 0
    outer loop
      vertex 19.008 -44.7396 5.6
      vertex 19.1963 -44.9123 3
      vertex 19.008 -44.7396 3
    endloop
  endfacet
  facet normal 0.51721 0.855859 -0
    outer loop
      vertex 19.4326 -45.0551 3
      vertex 19.1963 -44.9123 5.6
      vertex 19.4326 -45.0551 5.6
    endloop
  endfacet
  facet normal 0.51721 0.855859 0
    outer loop
      vertex 19.1963 -44.9123 5.6
      vertex 19.4326 -45.0551 3
      vertex 19.1963 -44.9123 3
    endloop
  endfacet
  facet normal 0.336567 0.94166 -0
    outer loop
      vertex 19.6914 -45.1476 3
      vertex 19.4326 -45.0551 5.6
      vertex 19.6914 -45.1476 5.6
    endloop
  endfacet
  facet normal 0.336567 0.94166 0
    outer loop
      vertex 19.4326 -45.0551 5.6
      vertex 19.6914 -45.1476 3
      vertex 19.4326 -45.0551 3
    endloop
  endfacet
  facet normal 0.150628 0.98859 -0
    outer loop
      vertex 19.9618 -45.1888 3
      vertex 19.6914 -45.1476 5.6
      vertex 19.9618 -45.1888 5.6
    endloop
  endfacet
  facet normal 0.150628 0.98859 0
    outer loop
      vertex 19.6914 -45.1476 5.6
      vertex 19.9618 -45.1888 3
      vertex 19.6914 -45.1476 3
    endloop
  endfacet
  facet normal -0.0452257 0.998977 0
    outer loop
      vertex 20.2357 -45.1764 3
      vertex 19.9618 -45.1888 5.6
      vertex 20.2357 -45.1764 5.6
    endloop
  endfacet
  facet normal -0.0452257 0.998977 0
    outer loop
      vertex 19.9618 -45.1888 5.6
      vertex 20.2357 -45.1764 3
      vertex 19.9618 -45.1888 3
    endloop
  endfacet
  facet normal 0 0 1
    outer loop
      vertex 63.3546 60.9501 3
      vertex 63.3137 60.168 3
      vertex 63.3598 60.5577 3
    endloop
  endfacet
  facet normal 0 0 1
    outer loop
      vertex 63.2983 61.3384 3
      vertex 63.3137 60.168 3
      vertex 63.3546 60.9501 3
    endloop
  endfacet
  facet normal 0 0 1
    outer loop
      vertex 63.2983 61.3384 3
      vertex 63.2171 59.7876 3
      vertex 63.3137 60.168 3
    endloop
  endfacet
  facet normal 0 0 1
    outer loop
      vertex 63.1918 61.7161 3
      vertex 63.2171 59.7876 3
      vertex 63.2983 61.3384 3
    endloop
  endfacet
  facet normal 0 0 1
    outer loop
      vertex 63.1918 61.7161 3
      vertex 63.0716 59.4232 3
      vertex 63.2171 59.7876 3
    endloop
  endfacet
  facet normal 0 0 1
    outer loop
      vertex 63.0369 62.0767 3
      vertex 63.0716 59.4232 3
      vertex 63.1918 61.7161 3
    endloop
  endfacet
  facet normal 0 0 1
    outer loop
      vertex 63.0369 62.0767 3
      vertex 62.8799 59.0808 3
      vertex 63.0716 59.4232 3
    endloop
  endfacet
  facet normal 0 0 1
    outer loop
      vertex 62.8363 62.4139 3
      vertex 62.8799 59.0808 3
      vertex 63.0369 62.0767 3
    endloop
  endfacet
  facet normal 0 0 1
    outer loop
      vertex 62.8363 62.4139 3
      vertex 62.6451 58.7663 3
      vertex 62.8799 59.0808 3
    endloop
  endfacet
  facet normal 0 0 1
    outer loop
      vertex 62.5933 62.7221 3
      vertex 62.6451 58.7663 3
      vertex 62.8363 62.4139 3
    endloop
  endfacet
  facet normal 0 0 1
    outer loop
      vertex 62.5933 62.7221 3
      vertex 62.3713 58.4853 3
      vertex 62.6451 58.7663 3
    endloop
  endfacet
  facet normal 0 0 1
    outer loop
      vertex 62.3122 62.9959 3
      vertex 62.3713 58.4853 3
      vertex 62.5933 62.7221 3
    endloop
  endfacet
  facet normal 0 0 1
    outer loop
      vertex 62.3122 62.9959 3
      vertex 62.0631 58.2423 3
      vertex 62.3713 58.4853 3
    endloop
  endfacet
  facet normal 0 0 1
    outer loop
      vertex 61.9978 63.2307 3
      vertex 62.0631 58.2423 3
      vertex 62.3122 62.9959 3
    endloop
  endfacet
  facet normal 0 0 1
    outer loop
      vertex 61.9978 63.2307 3
      vertex 61.7259 58.0417 3
      vertex 62.0631 58.2423 3
    endloop
  endfacet
  facet normal 0 0 1
    outer loop
      vertex 61.6554 63.4224 3
      vertex 61.7259 58.0417 3
      vertex 61.9978 63.2307 3
    endloop
  endfacet
  facet normal 0 0 1
    outer loop
      vertex 61.6554 63.4224 3
      vertex 61.3653 57.8868 3
      vertex 61.7259 58.0417 3
    endloop
  endfacet
  facet normal 0 0 1
    outer loop
      vertex 61.2909 63.5679 3
      vertex 61.3653 57.8868 3
      vertex 61.6554 63.4224 3
    endloop
  endfacet
  facet normal 0 0 1
    outer loop
      vertex 61.2909 63.5679 3
      vertex 60.9876 57.7802 3
      vertex 61.3653 57.8868 3
    endloop
  endfacet
  facet normal 0 0 1
    outer loop
      vertex 60.9106 63.6645 3
      vertex 60.9876 57.7802 3
      vertex 61.2909 63.5679 3
    endloop
  endfacet
  facet normal 0 0 1
    outer loop
      vertex 60.3639 63.7147 3
      vertex 60.9876 57.7802 3
      vertex 60.9106 63.6645 3
    endloop
  endfacet
  facet normal 0 0 1
    outer loop
      vertex 60.3639 63.7147 3
      vertex 57.2573 56.9873 3
      vertex 60.9876 57.7802 3
    endloop
  endfacet
  facet normal 0 0 1
    outer loop
      vertex 60.3639 63.7147 3
      vertex 56.9946 56.918 3
      vertex 57.2573 56.9873 3
    endloop
  endfacet
  facet normal 0 0 1
    outer loop
      vertex 60.3639 63.7147 3
      vertex 56.8078 56.8589 3
      vertex 56.9946 56.918 3
    endloop
  endfacet
  facet normal 0 0 1
    outer loop
      vertex 60.3639 63.7147 3
      vertex 56.4667 56.7258 3
      vertex 56.8078 56.8589 3
    endloop
  endfacet
  facet normal 0 0 1
    outer loop
      vertex 60.3639 63.7147 3
      vertex 56.3011 56.6415 3
      vertex 56.4667 56.7258 3
    endloop
  endfacet
  facet normal 0 0 1
    outer loop
      vertex 60.3639 63.7147 3
      vertex 56.129 56.5467 3
      vertex 56.3011 56.6415 3
    endloop
  endfacet
  facet normal 0 0 1
    outer loop
      vertex 60.3639 63.7147 3
      vertex 55.8204 56.3492 3
      vertex 56.129 56.5467 3
    endloop
  endfacet
  facet normal 0 0 1
    outer loop
      vertex 60.3639 63.7147 3
      vertex 55.6711 56.2312 3
      vertex 55.8204 56.3492 3
    endloop
  endfacet
  facet normal 0 0 1
    outer loop
      vertex 60.3639 63.7147 3
      vertex 55.5214 56.1044 3
      vertex 55.6711 56.2312 3
    endloop
  endfacet
  facet normal 0 0 1
    outer loop
      vertex 48.464 52.6646 3
      vertex 55.5214 56.1044 3
      vertex 60.3639 63.7147 3
    endloop
  endfacet
  facet normal 0 0 1
    outer loop
      vertex 55.5214 56.1044 3
      vertex 48.464 52.6646 3
      vertex 55.1428 55.7147 3
    endloop
  endfacet
  facet normal 0 0 1
    outer loop
      vertex 54.7146 55.0903 3
      vertex 54.3478 54.5491 3
      vertex 54.5826 54.8635 3
    endloop
  endfacet
  facet normal 0 0 1
    outer loop
      vertex 52.6903 53.563 3
      vertex 54.7146 55.0903 3
      vertex 55.0209 55.562 3
    endloop
  endfacet
  facet normal 0 0 1
    outer loop
      vertex 55.1428 55.7147 3
      vertex 48.464 52.6646 3
      vertex 55.0209 55.562 3
    endloop
  endfacet
  facet normal 0 -0 1
    outer loop
      vertex 52.6903 53.563 3
      vertex 55.0209 55.562 3
      vertex 48.464 52.6646 3
    endloop
  endfacet
  facet normal 0 0 1
    outer loop
      vertex 54.7146 55.0903 3
      vertex 52.6903 53.563 3
      vertex 54.3478 54.5491 3
    endloop
  endfacet
  facet normal 0 0 1
    outer loop
      vertex 54.074 54.268 3
      vertex 52.6903 53.563 3
      vertex 53.7658 54.025 3
    endloop
  endfacet
  facet normal 0 0 1
    outer loop
      vertex 53.7658 54.025 3
      vertex 52.6903 53.563 3
      vertex 53.4286 53.8244 3
    endloop
  endfacet
  facet normal 0 0 1
    outer loop
      vertex 53.4286 53.8244 3
      vertex 52.6903 53.563 3
      vertex 53.068 53.6695 3
    endloop
  endfacet
  facet normal 0 0 1
    outer loop
      vertex 54.3478 54.5491 3
      vertex 52.6903 53.563 3
      vertex 54.074 54.268 3
    endloop
  endfacet
  facet normal 0 0 1
    outer loop
      vertex 60.3639 63.7147 3
      vertex 48.2008 52.5952 3
      vertex 48.464 52.6646 3
    endloop
  endfacet
  facet normal 0 0 1
    outer loop
      vertex 60.3639 63.7147 3
      vertex 48.0144 52.5361 3
      vertex 48.2008 52.5952 3
    endloop
  endfacet
  facet normal 0 0 1
    outer loop
      vertex 60.3639 63.7147 3
      vertex 47.6729 52.4029 3
      vertex 48.0144 52.5361 3
    endloop
  endfacet
  facet normal 0 0 1
    outer loop
      vertex 60.3639 63.7147 3
      vertex 47.5079 52.3189 3
      vertex 47.6729 52.4029 3
    endloop
  endfacet
  facet normal 0 0 1
    outer loop
      vertex 60.3639 63.7147 3
      vertex 47.3358 52.2241 3
      vertex 47.5079 52.3189 3
    endloop
  endfacet
  facet normal 0 0 1
    outer loop
      vertex 60.3639 63.7147 3
      vertex 47.0271 52.0266 3
      vertex 47.3358 52.2241 3
    endloop
  endfacet
  facet normal -0 0 1
    outer loop
      vertex -47.1722 52.1265 3
      vertex 47.0271 52.0266 3
      vertex 60.3639 63.7147 3
    endloop
  endfacet
  facet normal 0 -0 1
    outer loop
      vertex -46.8778 51.9086 3
      vertex 47.0271 52.0266 3
      vertex -47.1722 52.1265 3
    endloop
  endfacet
  facet normal 0 0 1
    outer loop
      vertex 45.5325 48.1864 3
      vertex 45.2789 46.4146 3
      vertex 45.4244 46.7791 3
    endloop
  endfacet
  facet normal 0 0 1
    outer loop
      vertex 43.1949 44.7717 3
      vertex 45.457 48.8056 3
      vertex 45.4641 49.1718 3
    endloop
  endfacet
  facet normal 0 0 1
    outer loop
      vertex 45.4717 48.6209 3
      vertex 43.1949 44.7717 3
      vertex 45.2789 46.4146 3
    endloop
  endfacet
  facet normal 0 0 1
    outer loop
      vertex 43.1949 44.7717 3
      vertex 45.4641 49.1718 3
      vertex 45.4807 49.3674 3
    endloop
  endfacet
  facet normal 0 0 1
    outer loop
      vertex 45.2789 46.4146 3
      vertex 43.1949 44.7717 3
      vertex 45.0872 46.0722 3
    endloop
  endfacet
  facet normal 0 0 1
    outer loop
      vertex 43.1949 44.7717 3
      vertex 45.4807 49.3674 3
      vertex 45.5034 49.5568 3
    endloop
  endfacet
  facet normal 0 0 1
    outer loop
      vertex 45.0872 46.0722 3
      vertex 43.1949 44.7717 3
      vertex 44.8524 45.7578 3
    endloop
  endfacet
  facet normal 0 0 1
    outer loop
      vertex 32.2347 42.442 3
      vertex 45.5034 49.5568 3
      vertex 45.5827 49.9144 3
    endloop
  endfacet
  facet normal 0 0 1
    outer loop
      vertex 44.8524 45.7578 3
      vertex 43.1949 44.7717 3
      vertex 44.5786 45.4767 3
    endloop
  endfacet
  facet normal 0 0 1
    outer loop
      vertex 44.5786 45.4767 3
      vertex 43.1949 44.7717 3
      vertex 44.2704 45.2337 3
    endloop
  endfacet
  facet normal 0 0 1
    outer loop
      vertex 32.2347 42.442 3
      vertex 45.5827 49.9144 3
      vertex 45.6377 50.1029 3
    endloop
  endfacet
  facet normal 0 0 1
    outer loop
      vertex 44.2704 45.2337 3
      vertex 43.1949 44.7717 3
      vertex 43.9332 45.0331 3
    endloop
  endfacet
  facet normal 0 0 1
    outer loop
      vertex 43.9332 45.0331 3
      vertex 43.1949 44.7717 3
      vertex 43.5726 44.8782 3
    endloop
  endfacet
  facet normal 0 0 1
    outer loop
      vertex 32.2347 42.442 3
      vertex 45.6377 50.1029 3
      vertex 45.8398 50.6073 3
    endloop
  endfacet
  facet normal 0 0 1
    outer loop
      vertex 45.5034 49.5568 3
      vertex 32.2347 42.442 3
      vertex 43.1949 44.7717 3
    endloop
  endfacet
  facet normal 0 0 1
    outer loop
      vertex 45.9297 50.7807 3
      vertex 32.2347 42.442 3
      vertex 45.8398 50.6073 3
    endloop
  endfacet
  facet normal 0 0 1
    outer loop
      vertex 46.2274 51.2391 3
      vertex 32.2347 42.442 3
      vertex 45.9297 50.7807 3
    endloop
  endfacet
  facet normal 0 0 1
    outer loop
      vertex 46.3493 51.3918 3
      vertex 32.2347 42.442 3
      vertex 46.2274 51.2391 3
    endloop
  endfacet
  facet normal 0 0 1
    outer loop
      vertex 31.7849 42.3134 3
      vertex 46.3493 51.3918 3
      vertex 46.7281 51.7818 3
    endloop
  endfacet
  facet normal 0 0 1
    outer loop
      vertex 47.0271 52.0266 3
      vertex -46.8778 51.9086 3
      vertex 46.8776 51.9084 3
    endloop
  endfacet
  facet normal 0 0 1
    outer loop
      vertex 46.3493 51.3918 3
      vertex 31.9717 42.3726 3
      vertex 32.2347 42.442 3
    endloop
  endfacet
  facet normal 0 0 1
    outer loop
      vertex 46.3493 51.3918 3
      vertex 31.7849 42.3134 3
      vertex 31.9717 42.3726 3
    endloop
  endfacet
  facet normal 0 0 1
    outer loop
      vertex 46.7281 51.7818 3
      vertex 31.4437 42.1803 3
      vertex 31.7849 42.3134 3
    endloop
  endfacet
  facet normal 0 0 1
    outer loop
      vertex 46.8776 51.9084 3
      vertex 31.4437 42.1803 3
      vertex 46.7281 51.7818 3
    endloop
  endfacet
  facet normal -0 -0 1
    outer loop
      vertex -31.6104 42.2517 3
      vertex 31.4437 42.1803 3
      vertex -46.8778 51.9086 3
    endloop
  endfacet
  facet normal 0 -0 1
    outer loop
      vertex -31.2785 42.0962 3
      vertex 31.4437 42.1803 3
      vertex -31.6104 42.2517 3
    endloop
  endfacet
  facet normal 0 0 1
    outer loop
      vertex 29.6744 40.5181 3
      vertex 29.34 40.0325 3
      vertex 29.5748 40.3469 3
    endloop
  endfacet
  facet normal 0 0 1
    outer loop
      vertex 27.6825 39.0464 3
      vertex 29.6744 40.5181 3
      vertex 29.9981 41.0165 3
    endloop
  endfacet
  facet normal 0 0 1
    outer loop
      vertex 29.6744 40.5181 3
      vertex 27.6825 39.0464 3
      vertex 29.34 40.0325 3
    endloop
  endfacet
  facet normal 0 0 1
    outer loop
      vertex 29.34 40.0325 3
      vertex 27.6825 39.0464 3
      vertex 29.0662 39.7514 3
    endloop
  endfacet
  facet normal 0 0 1
    outer loop
      vertex 27.6825 39.0464 3
      vertex 29.9981 41.0165 3
      vertex 30.12 41.1692 3
    endloop
  endfacet
  facet normal 0 0 1
    outer loop
      vertex 29.0662 39.7514 3
      vertex 27.6825 39.0464 3
      vertex 28.758 39.5084 3
    endloop
  endfacet
  facet normal 0 0 1
    outer loop
      vertex 28.758 39.5084 3
      vertex 27.6825 39.0464 3
      vertex 28.4208 39.3078 3
    endloop
  endfacet
  facet normal 0 0 1
    outer loop
      vertex 15.1217 36.3765 3
      vertex 30.12 41.1692 3
      vertex 30.4987 41.559 3
    endloop
  endfacet
  facet normal 0 0 1
    outer loop
      vertex 28.4208 39.3078 3
      vertex 27.6825 39.0464 3
      vertex 28.0602 39.1529 3
    endloop
  endfacet
  facet normal 0 0 1
    outer loop
      vertex 30.12 41.1692 3
      vertex 15.1217 36.3765 3
      vertex 27.6825 39.0464 3
    endloop
  endfacet
  facet normal 0 0 1
    outer loop
      vertex 30.6487 41.686 3
      vertex 15.1217 36.3765 3
      vertex 30.4987 41.559 3
    endloop
  endfacet
  facet normal 0 0 1
    outer loop
      vertex 30.798 41.804 3
      vertex 15.1217 36.3765 3
      vertex 30.6487 41.686 3
    endloop
  endfacet
  facet normal 0 0 1
    outer loop
      vertex 31.4437 42.1803 3
      vertex -31.2785 42.0962 3
      vertex 31.2785 42.0962 3
    endloop
  endfacet
  facet normal 0 0 1
    outer loop
      vertex 31.1067 42.0015 3
      vertex 15.1217 36.3765 3
      vertex 30.798 41.804 3
    endloop
  endfacet
  facet normal 0 -0 1
    outer loop
      vertex -15.1217 36.3765 3
      vertex 15.1217 36.3765 3
      vertex -31.2785 42.0962 3
    endloop
  endfacet
  facet normal 0 0 1
    outer loop
      vertex 15.1217 36.3765 3
      vertex -15.1217 36.3765 3
      vertex 14.859 36.3071 3
    endloop
  endfacet
  facet normal -0 -0 1
    outer loop
      vertex -14.8592 36.3072 3
      vertex 14.859 36.3071 3
      vertex -15.1217 36.3765 3
    endloop
  endfacet
  facet normal 0 0 1
    outer loop
      vertex 14.859 36.3071 3
      vertex -14.8592 36.3072 3
      vertex 14.6722 36.248 3
    endloop
  endfacet
  facet normal -0 0 1
    outer loop
      vertex -12.1124 32.6986 3
      vertex 12.1149 32.5177 3
      vertex 12.122 32.884 3
    endloop
  endfacet
  facet normal 0 0 1
    outer loop
      vertex 12.1149 32.5177 3
      vertex -22.1148 -14.7992 3
      vertex 7.45602 -29.8179 3
    endloop
  endfacet
  facet normal -0 -0 1
    outer loop
      vertex -20.089 -18.4429 3
      vertex 7.45602 -29.8179 3
      vertex -22.1148 -14.7992 3
    endloop
  endfacet
  facet normal 0 -0 1
    outer loop
      vertex -7.45602 -29.8179 3
      vertex 7.45602 -29.8179 3
      vertex -20.089 -18.4429 3
    endloop
  endfacet
  facet normal 0 0 1
    outer loop
      vertex 7.45602 -29.8179 3
      vertex -7.45602 -29.8179 3
      vertex 7.26625 -30.006 3
    endloop
  endfacet
  facet normal 0 -0 1
    outer loop
      vertex -7.2661 -30.0061 3
      vertex 7.26625 -30.006 3
      vertex -7.45602 -29.8179 3
    endloop
  endfacet
  facet normal 0 0 1
    outer loop
      vertex -12.122 32.8839 3
      vertex 12.122 32.884 3
      vertex 12.1386 33.0792 3
    endloop
  endfacet
  facet normal 0 0 1
    outer loop
      vertex 7.26625 -30.006 3
      vertex -7.2661 -30.0061 3
      vertex 7.13335 -30.1509 3
    endloop
  endfacet
  facet normal 0 -0 1
    outer loop
      vertex -7.13333 -30.1509 3
      vertex 7.13335 -30.1509 3
      vertex -7.2661 -30.0061 3
    endloop
  endfacet
  facet normal 0 -0 1
    outer loop
      vertex -7.0098 -30.2951 3
      vertex 7.13335 -30.1509 3
      vertex -7.13333 -30.1509 3
    endloop
  endfacet
  facet normal 0 0 1
    outer loop
      vertex 7.13335 -30.1509 3
      vertex -7.0098 -30.2951 3
      vertex 6.90399 -30.4363 3
    endloop
  endfacet
  facet normal 0 -0 1
    outer loop
      vertex -6.80025 -30.5956 3
      vertex 6.90399 -30.4363 3
      vertex -7.0098 -30.2951 3
    endloop
  endfacet
  facet normal 0 0 1
    outer loop
      vertex 6.23189 -32.1681 3
      vertex -6.20285 -32.7156 3
      vertex 6.20285 -32.7156 3
    endloop
  endfacet
  facet normal 0 0 1
    outer loop
      vertex 6.90399 -30.4363 3
      vertex -6.80025 -30.5956 3
      vertex 6.80029 -30.5955 3
    endloop
  endfacet
  facet normal -0 0 1
    outer loop
      vertex -12.1387 33.0796 3
      vertex 12.1386 33.0792 3
      vertex 12.1613 33.2686 3
    endloop
  endfacet
  facet normal -0 0 1
    outer loop
      vertex -12.1936 33.4417 3
      vertex 12.1613 33.2686 3
      vertex 12.2406 33.626 3
    endloop
  endfacet
  facet normal 0 0 1
    outer loop
      vertex 6.23189 -32.1681 3
      vertex -6.23189 -32.1681 3
      vertex -6.20285 -32.7156 3
    endloop
  endfacet
  facet normal 0 0 1
    outer loop
      vertex 6.23189 -32.1681 3
      vertex -6.26134 -31.9745 3
      vertex -6.23189 -32.1681 3
    endloop
  endfacet
  facet normal 0 0 1
    outer loop
      vertex 6.26134 -31.9745 3
      vertex -6.26134 -31.9745 3
      vertex 6.23189 -32.1681 3
    endloop
  endfacet
  facet normal 0 -0 1
    outer loop
      vertex -6.26134 -31.9745 3
      vertex 6.26134 -31.9745 3
      vertex -6.3927 -31.4539 3
    endloop
  endfacet
  facet normal 0 0 1
    outer loop
      vertex 6.39273 -31.4538 3
      vertex -6.3927 -31.4539 3
      vertex 6.26134 -31.9745 3
    endloop
  endfacet
  facet normal -0 0 1
    outer loop
      vertex -12.2406 33.6263 3
      vertex 12.2406 33.626 3
      vertex 12.2956 33.8146 3
    endloop
  endfacet
  facet normal 0 -0 1
    outer loop
      vertex -6.3927 -31.4539 3
      vertex 6.39273 -31.4538 3
      vertex -6.4588 -31.2689 3
    endloop
  endfacet
  facet normal 0 0 1
    outer loop
      vertex 6.45868 -31.2692 3
      vertex -6.4588 -31.2689 3
      vertex 6.39273 -31.4538 3
    endloop
  endfacet
  facet normal 0 0 1
    outer loop
      vertex 6.53046 -31.0884 3
      vertex -6.4588 -31.2689 3
      vertex 6.45868 -31.2692 3
    endloop
  endfacet
  facet normal 0 -0 1
    outer loop
      vertex -6.4588 -31.2689 3
      vertex 6.53046 -31.0884 3
      vertex -6.60426 -30.933 3
    endloop
  endfacet
  facet normal 0 0 1
    outer loop
      vertex 6.69887 -30.7634 3
      vertex -6.60426 -30.933 3
      vertex 6.53046 -31.0884 3
    endloop
  endfacet
  facet normal 0 -0 1
    outer loop
      vertex -6.60426 -30.933 3
      vertex 6.69887 -30.7634 3
      vertex -6.69901 -30.7631 3
    endloop
  endfacet
  facet normal 0 0 1
    outer loop
      vertex 12.1149 32.5177 3
      vertex -12.1124 32.6986 3
      vertex -12.1295 32.3328 3
    endloop
  endfacet
  facet normal 0 0 1
    outer loop
      vertex -12.2955 33.8146 3
      vertex 12.2956 33.8146 3
      vertex 12.4976 34.319 3
    endloop
  endfacet
  facet normal 0 0 1
    outer loop
      vertex -12.4976 34.319 3
      vertex 12.4976 34.319 3
      vertex 12.5875 34.4924 3
    endloop
  endfacet
  facet normal 0 0 1
    outer loop
      vertex -12.5875 34.4924 3
      vertex 12.5875 34.4924 3
      vertex 12.8854 34.9512 3
    endloop
  endfacet
  facet normal 0 0 1
    outer loop
      vertex -12.8854 34.9512 3
      vertex 12.8854 34.9512 3
      vertex 13.0073 35.1039 3
    endloop
  endfacet
  facet normal 0 0 1
    outer loop
      vertex -13.0073 35.1039 3
      vertex 13.0073 35.1039 3
      vertex 13.3859 35.4936 3
    endloop
  endfacet
  facet normal 0 0 1
    outer loop
      vertex -13.3859 35.4935 3
      vertex 13.3859 35.4936 3
      vertex 13.5356 35.6203 3
    endloop
  endfacet
  facet normal -0 0 1
    outer loop
      vertex -13.5358 35.6205 3
      vertex 13.5356 35.6203 3
      vertex 13.685 35.7384 3
    endloop
  endfacet
  facet normal -0 0 1
    outer loop
      vertex -13.8301 35.8383 3
      vertex 13.685 35.7384 3
      vertex 13.9937 35.9359 3
    endloop
  endfacet
  facet normal 0 -0 1
    outer loop
      vertex -14.6723 36.248 3
      vertex 14.6722 36.248 3
      vertex -14.8592 36.3072 3
    endloop
  endfacet
  facet normal 0 0 1
    outer loop
      vertex 12.122 32.884 3
      vertex -12.122 32.8839 3
      vertex -12.1124 32.6986 3
    endloop
  endfacet
  facet normal 0 0 1
    outer loop
      vertex 12.1386 33.0792 3
      vertex -12.1387 33.0796 3
      vertex -12.122 32.8839 3
    endloop
  endfacet
  facet normal 0 0 1
    outer loop
      vertex 12.1613 33.2686 3
      vertex -12.1936 33.4417 3
      vertex -12.1387 33.0796 3
    endloop
  endfacet
  facet normal 0 0 1
    outer loop
      vertex 12.2406 33.626 3
      vertex -12.2406 33.6263 3
      vertex -12.1936 33.4417 3
    endloop
  endfacet
  facet normal 0 0 1
    outer loop
      vertex 12.2956 33.8146 3
      vertex -12.2955 33.8146 3
      vertex -12.2406 33.6263 3
    endloop
  endfacet
  facet normal 0 0 1
    outer loop
      vertex 12.4976 34.319 3
      vertex -12.4976 34.319 3
      vertex -12.2955 33.8146 3
    endloop
  endfacet
  facet normal 0 0 1
    outer loop
      vertex 12.5875 34.4924 3
      vertex -12.5875 34.4924 3
      vertex -12.4976 34.319 3
    endloop
  endfacet
  facet normal 0 0 1
    outer loop
      vertex 12.8854 34.9512 3
      vertex -12.8854 34.9512 3
      vertex -12.5875 34.4924 3
    endloop
  endfacet
  facet normal 0 0 1
    outer loop
      vertex 13.0073 35.1039 3
      vertex -13.0073 35.1039 3
      vertex -12.8854 34.9512 3
    endloop
  endfacet
  facet normal 0 0 1
    outer loop
      vertex 13.3859 35.4936 3
      vertex -13.3859 35.4935 3
      vertex -13.0073 35.1039 3
    endloop
  endfacet
  facet normal 0 0 1
    outer loop
      vertex 13.5356 35.6203 3
      vertex -13.5358 35.6205 3
      vertex -13.3859 35.4935 3
    endloop
  endfacet
  facet normal 0 0 1
    outer loop
      vertex 13.685 35.7384 3
      vertex -13.8301 35.8383 3
      vertex -13.5358 35.6205 3
    endloop
  endfacet
  facet normal 0 0 1
    outer loop
      vertex 13.9937 35.9359 3
      vertex -13.9937 35.9359 3
      vertex -13.8301 35.8383 3
    endloop
  endfacet
  facet normal 0 0 1
    outer loop
      vertex 13.9937 35.9359 3
      vertex -14.1657 36.0307 3
      vertex -13.9937 35.9359 3
    endloop
  endfacet
  facet normal 0 0 1
    outer loop
      vertex 14.1657 36.0307 3
      vertex -14.1657 36.0307 3
      vertex 13.9937 35.9359 3
    endloop
  endfacet
  facet normal 0 0 1
    outer loop
      vertex 14.3311 36.1149 3
      vertex -14.1657 36.0307 3
      vertex 14.1657 36.0307 3
    endloop
  endfacet
  facet normal 0 -0 1
    outer loop
      vertex -14.1657 36.0307 3
      vertex 14.3311 36.1149 3
      vertex -14.4972 36.1861 3
    endloop
  endfacet
  facet normal 0 0 1
    outer loop
      vertex 14.6722 36.248 3
      vertex -14.4972 36.1861 3
      vertex 14.3311 36.1149 3
    endloop
  endfacet
  facet normal 0 -0 1
    outer loop
      vertex -14.4972 36.1861 3
      vertex 14.6722 36.248 3
      vertex -14.6723 36.248 3
    endloop
  endfacet
  facet normal -0 -0 1
    outer loop
      vertex -30.12 41.1692 3
      vertex -15.1217 36.3765 3
      vertex -30.4988 41.5591 3
    endloop
  endfacet
  facet normal -0 -0 1
    outer loop
      vertex -29.9981 41.0165 3
      vertex -27.6825 39.0464 3
      vertex -30.12 41.1692 3
    endloop
  endfacet
  facet normal -0 -0 1
    outer loop
      vertex -29.6479 40.4772 3
      vertex -27.6825 39.0464 3
      vertex -29.9981 41.0165 3
    endloop
  endfacet
  facet normal 0 0 1
    outer loop
      vertex -27.9659 39.1212 3
      vertex -29.6479 40.4772 3
      vertex -28.3314 39.2641 3
    endloop
  endfacet
  facet normal 0 0 1
    outer loop
      vertex -28.3314 39.2641 3
      vertex -29.6479 40.4772 3
      vertex -28.6751 39.4534 3
    endloop
  endfacet
  facet normal 0 0 1
    outer loop
      vertex -28.6751 39.4534 3
      vertex -29.6479 40.4772 3
      vertex -28.9911 39.686 3
    endloop
  endfacet
  facet normal 0 0 1
    outer loop
      vertex -29.2741 39.9579 3
      vertex -29.6479 40.4772 3
      vertex -29.5192 40.2643 3
    endloop
  endfacet
  facet normal 0 0 1
    outer loop
      vertex -28.9911 39.686 3
      vertex -29.6479 40.4772 3
      vertex -29.2741 39.9579 3
    endloop
  endfacet
  facet normal 0 0 1
    outer loop
      vertex -27.6825 39.0464 3
      vertex -29.6479 40.4772 3
      vertex -27.9659 39.1212 3
    endloop
  endfacet
  facet normal 0 0 1
    outer loop
      vertex -15.1217 36.3765 3
      vertex -30.12 41.1692 3
      vertex -27.6825 39.0464 3
    endloop
  endfacet
  facet normal 0 0 1
    outer loop
      vertex -15.1217 36.3765 3
      vertex -30.6486 41.686 3
      vertex -30.4988 41.5591 3
    endloop
  endfacet
  facet normal 0 0 1
    outer loop
      vertex -15.1217 36.3765 3
      vertex -30.9429 41.9038 3
      vertex -30.6486 41.686 3
    endloop
  endfacet
  facet normal 0 0 1
    outer loop
      vertex -15.1217 36.3765 3
      vertex -31.1068 42.0016 3
      vertex -30.9429 41.9038 3
    endloop
  endfacet
  facet normal 0 0 1
    outer loop
      vertex -15.1217 36.3765 3
      vertex -31.2785 42.0962 3
      vertex -31.1068 42.0016 3
    endloop
  endfacet
  facet normal 0 0 1
    outer loop
      vertex 31.2785 42.0962 3
      vertex 15.1217 36.3765 3
      vertex 31.1067 42.0015 3
    endloop
  endfacet
  facet normal 0 -0 1
    outer loop
      vertex 15.1217 36.3765 3
      vertex 31.2785 42.0962 3
      vertex -31.2785 42.0962 3
    endloop
  endfacet
  facet normal -0 -0 1
    outer loop
      vertex -46.728 51.7817 3
      vertex -31.6104 42.2517 3
      vertex -46.8778 51.9086 3
    endloop
  endfacet
  facet normal 0 0 1
    outer loop
      vertex -31.6104 42.2517 3
      vertex -46.728 51.7817 3
      vertex -31.7849 42.3134 3
    endloop
  endfacet
  facet normal -0 -0 1
    outer loop
      vertex -46.3493 51.3918 3
      vertex -31.7849 42.3134 3
      vertex -46.728 51.7817 3
    endloop
  endfacet
  facet normal -0 -0 1
    outer loop
      vertex -45.5827 49.9143 3
      vertex -32.2347 42.442 3
      vertex -45.6377 50.1028 3
    endloop
  endfacet
  facet normal -0 -0 1
    outer loop
      vertex -45.5356 49.7297 3
      vertex -32.2347 42.442 3
      vertex -45.5827 49.9143 3
    endloop
  endfacet
  facet normal 0 0 1
    outer loop
      vertex -32.2347 42.442 3
      vertex -45.5356 49.7297 3
      vertex -43.1949 44.7717 3
    endloop
  endfacet
  facet normal -0 -0 1
    outer loop
      vertex -45.4545 48.9868 3
      vertex -43.1949 44.7717 3
      vertex -45.4641 49.1718 3
    endloop
  endfacet
  facet normal -0 0 1
    outer loop
      vertex -45.4717 48.621 3
      vertex -43.1949 44.7717 3
      vertex -45.4545 48.9868 3
    endloop
  endfacet
  facet normal -0 0 1
    outer loop
      vertex -45.5325 48.1864 3
      vertex -43.1949 44.7717 3
      vertex -45.4936 48.4261 3
    endloop
  endfacet
  facet normal 0 0 1
    outer loop
      vertex -43.1949 44.7717 3
      vertex -45.5325 48.1864 3
      vertex -43.4339 44.8328 3
    endloop
  endfacet
  facet normal 0 0 1
    outer loop
      vertex -43.8016 44.97 3
      vertex -45.5325 48.1864 3
      vertex -44.1482 45.154 3
    endloop
  endfacet
  facet normal 0 0 1
    outer loop
      vertex -44.4678 45.3817 3
      vertex -45.5325 48.1864 3
      vertex -44.755 45.6491 3
    endloop
  endfacet
  facet normal 0 0 1
    outer loop
      vertex -44.1482 45.154 3
      vertex -45.5325 48.1864 3
      vertex -44.4678 45.3817 3
    endloop
  endfacet
  facet normal 0 0 1
    outer loop
      vertex -43.4339 44.8328 3
      vertex -45.5325 48.1864 3
      vertex -43.8016 44.97 3
    endloop
  endfacet
  facet normal -0 0 1
    outer loop
      vertex -45.4936 48.4261 3
      vertex -43.1949 44.7717 3
      vertex -45.4717 48.621 3
    endloop
  endfacet
  facet normal -0 -0 1
    outer loop
      vertex -45.4641 49.1718 3
      vertex -43.1949 44.7717 3
      vertex -45.4807 49.3674 3
    endloop
  endfacet
  facet normal -0 -0 1
    outer loop
      vertex -45.4807 49.3674 3
      vertex -43.1949 44.7717 3
      vertex -45.5356 49.7297 3
    endloop
  endfacet
  facet normal 0 0 1
    outer loop
      vertex -32.2347 42.442 3
      vertex -45.8398 50.6073 3
      vertex -45.6377 50.1028 3
    endloop
  endfacet
  facet normal 0 0 1
    outer loop
      vertex -32.2347 42.442 3
      vertex -45.9297 50.7807 3
      vertex -45.8398 50.6073 3
    endloop
  endfacet
  facet normal 0 0 1
    outer loop
      vertex -32.2347 42.442 3
      vertex -46.2274 51.2391 3
      vertex -45.9297 50.7807 3
    endloop
  endfacet
  facet normal 0 0 1
    outer loop
      vertex -32.2347 42.442 3
      vertex -46.3493 51.3918 3
      vertex -46.2274 51.2391 3
    endloop
  endfacet
  facet normal 0 0 1
    outer loop
      vertex -31.9716 42.3726 3
      vertex -46.3493 51.3918 3
      vertex -32.2347 42.442 3
    endloop
  endfacet
  facet normal 0 0 1
    outer loop
      vertex -31.7849 42.3134 3
      vertex -46.3493 51.3918 3
      vertex -31.9716 42.3726 3
    endloop
  endfacet
  facet normal 0 -0 1
    outer loop
      vertex 31.4437 42.1803 3
      vertex 46.8776 51.9084 3
      vertex -46.8778 51.9086 3
    endloop
  endfacet
  facet normal -0 0 1
    outer loop
      vertex -60.3639 63.7147 3
      vertex -47.1722 52.1265 3
      vertex 60.3639 63.7147 3
    endloop
  endfacet
  facet normal 0 0 1
    outer loop
      vertex -47.1722 52.1265 3
      vertex -60.3639 63.7147 3
      vertex -47.3358 52.224 3
    endloop
  endfacet
  facet normal 0 0 1
    outer loop
      vertex -47.3358 52.224 3
      vertex -60.3639 63.7147 3
      vertex -47.5078 52.3189 3
    endloop
  endfacet
  facet normal 0 0 1
    outer loop
      vertex -47.5078 52.3189 3
      vertex -60.3639 63.7147 3
      vertex -47.8394 52.4743 3
    endloop
  endfacet
  facet normal 0 0 1
    outer loop
      vertex -47.8394 52.4743 3
      vertex -60.3639 63.7147 3
      vertex -48.0141 52.5361 3
    endloop
  endfacet
  facet normal 0 0 1
    outer loop
      vertex -48.0141 52.5361 3
      vertex -60.3639 63.7147 3
      vertex -48.201 52.5952 3
    endloop
  endfacet
  facet normal 0 0 1
    outer loop
      vertex -48.201 52.5952 3
      vertex -60.3639 63.7147 3
      vertex -48.464 52.6646 3
    endloop
  endfacet
  facet normal -0 -0 1
    outer loop
      vertex -55.5214 56.1044 3
      vertex -48.464 52.6646 3
      vertex -60.3639 63.7147 3
    endloop
  endfacet
  facet normal -0 -0 1
    outer loop
      vertex -55.0209 55.562 3
      vertex -48.464 52.6646 3
      vertex -55.1428 55.7147 3
    endloop
  endfacet
  facet normal 0 0 1
    outer loop
      vertex -48.464 52.6646 3
      vertex -55.0209 55.562 3
      vertex -52.6903 53.563 3
    endloop
  endfacet
  facet normal -0 -0 1
    outer loop
      vertex -54.7061 55.0772 3
      vertex -52.6903 53.563 3
      vertex -55.0209 55.562 3
    endloop
  endfacet
  facet normal 0 0 1
    outer loop
      vertex -53.3394 53.7808 3
      vertex -54.7061 55.0772 3
      vertex -53.6831 53.9702 3
    endloop
  endfacet
  facet normal 0 0 1
    outer loop
      vertex -53.6831 53.9702 3
      vertex -54.7061 55.0772 3
      vertex -53.9991 54.2028 3
    endloop
  endfacet
  facet normal 0 0 1
    outer loop
      vertex -54.2821 54.4747 3
      vertex -54.7061 55.0772 3
      vertex -54.5272 54.7812 3
    endloop
  endfacet
  facet normal 0 0 1
    outer loop
      vertex -53.9991 54.2028 3
      vertex -54.7061 55.0772 3
      vertex -54.2821 54.4747 3
    endloop
  endfacet
  facet normal 0 0 1
    outer loop
      vertex -52.9739 53.6379 3
      vertex -54.7061 55.0772 3
      vertex -53.3394 53.7808 3
    endloop
  endfacet
  facet normal 0 0 1
    outer loop
      vertex -52.6903 53.563 3
      vertex -54.7061 55.0772 3
      vertex -52.9739 53.6379 3
    endloop
  endfacet
  facet normal 0 0 1
    outer loop
      vertex -48.464 52.6646 3
      vertex -55.5214 56.1044 3
      vertex -55.1428 55.7147 3
    endloop
  endfacet
  facet normal 0 0 1
    outer loop
      vertex -55.5214 56.1044 3
      vertex -60.3639 63.7147 3
      vertex -55.6713 56.2313 3
    endloop
  endfacet
  facet normal 0 0 1
    outer loop
      vertex -55.6713 56.2313 3
      vertex -60.3639 63.7147 3
      vertex -55.9656 56.4492 3
    endloop
  endfacet
  facet normal 0 0 1
    outer loop
      vertex -55.9656 56.4492 3
      vertex -60.3639 63.7147 3
      vertex -56.1287 56.5465 3
    endloop
  endfacet
  facet normal 0 0 1
    outer loop
      vertex -56.1287 56.5465 3
      vertex -60.3639 63.7147 3
      vertex -56.3011 56.6415 3
    endloop
  endfacet
  facet normal 0 0 1
    outer loop
      vertex -56.3011 56.6415 3
      vertex -60.3639 63.7147 3
      vertex -56.6326 56.7969 3
    endloop
  endfacet
  facet normal 0 0 1
    outer loop
      vertex -56.6326 56.7969 3
      vertex -60.3639 63.7147 3
      vertex -56.8082 56.859 3
    endloop
  endfacet
  facet normal 0 0 1
    outer loop
      vertex -56.8082 56.859 3
      vertex -60.3639 63.7147 3
      vertex -56.9946 56.918 3
    endloop
  endfacet
  facet normal 0 0 1
    outer loop
      vertex -56.9946 56.918 3
      vertex -60.3639 63.7147 3
      vertex -57.2573 56.9873 3
    endloop
  endfacet
  facet normal 0 0 1
    outer loop
      vertex -60.9876 57.7802 3
      vertex -60.3639 63.7147 3
      vertex -60.7555 63.689 3
    endloop
  endfacet
  facet normal 0 0 1
    outer loop
      vertex -60.3639 63.7147 3
      vertex -60.9876 57.7802 3
      vertex -57.2573 56.9873 3
    endloop
  endfacet
  facet normal -0 0 1
    outer loop
      vertex -61.1404 63.6125 3
      vertex -60.9876 57.7802 3
      vertex -60.7555 63.689 3
    endloop
  endfacet
  facet normal -0 0 1
    outer loop
      vertex -61.5119 63.4863 3
      vertex -60.9876 57.7802 3
      vertex -61.1404 63.6125 3
    endloop
  endfacet
  facet normal 0 0 1
    outer loop
      vertex -61.5119 63.4863 3
      vertex -61.5119 57.9431 3
      vertex -60.9876 57.7802 3
    endloop
  endfacet
  facet normal -0 0 1
    outer loop
      vertex -61.8639 63.3128 3
      vertex -61.5119 57.9431 3
      vertex -61.5119 63.4863 3
    endloop
  endfacet
  facet normal 0 0 1
    outer loop
      vertex -61.8639 63.3128 3
      vertex -61.8639 58.1166 3
      vertex -61.5119 57.9431 3
    endloop
  endfacet
  facet normal -0 0 1
    outer loop
      vertex -62.1902 63.0948 3
      vertex -61.8639 58.1166 3
      vertex -61.8639 63.3128 3
    endloop
  endfacet
  facet normal 0 0 1
    outer loop
      vertex -62.1902 63.0948 3
      vertex -62.1902 58.3346 3
      vertex -61.8639 58.1166 3
    endloop
  endfacet
  facet normal -0 0 1
    outer loop
      vertex -62.4852 62.836 3
      vertex -62.1902 58.3346 3
      vertex -62.1902 63.0948 3
    endloop
  endfacet
  facet normal 0 0 1
    outer loop
      vertex -62.4852 62.836 3
      vertex -62.4852 58.5934 3
      vertex -62.1902 58.3346 3
    endloop
  endfacet
  facet normal -0 0 1
    outer loop
      vertex -62.744 62.541 3
      vertex -62.4852 58.5934 3
      vertex -62.4852 62.836 3
    endloop
  endfacet
  facet normal 0 0 1
    outer loop
      vertex -62.744 62.541 3
      vertex -62.744 58.8884 3
      vertex -62.4852 58.5934 3
    endloop
  endfacet
  facet normal -0 0 1
    outer loop
      vertex -62.962 62.2147 3
      vertex -62.744 58.8884 3
      vertex -62.744 62.541 3
    endloop
  endfacet
  facet normal 0 0 1
    outer loop
      vertex -62.962 62.2147 3
      vertex -62.962 59.2147 3
      vertex -62.744 58.8884 3
    endloop
  endfacet
  facet normal -0 0 1
    outer loop
      vertex -63.1355 61.8627 3
      vertex -62.962 59.2147 3
      vertex -62.962 62.2147 3
    endloop
  endfacet
  facet normal 0 0 1
    outer loop
      vertex -63.1355 61.8627 3
      vertex -63.1355 59.5666 3
      vertex -62.962 59.2147 3
    endloop
  endfacet
  facet normal -0 0 1
    outer loop
      vertex -63.2617 61.4911 3
      vertex -63.1355 59.5666 3
      vertex -63.1355 61.8627 3
    endloop
  endfacet
  facet normal 0 0 1
    outer loop
      vertex -63.2617 61.4911 3
      vertex -63.2617 59.9382 3
      vertex -63.1355 59.5666 3
    endloop
  endfacet
  facet normal -0 0 1
    outer loop
      vertex -63.3382 61.1063 3
      vertex -63.2617 59.9382 3
      vertex -63.2617 61.4911 3
    endloop
  endfacet
  facet normal 0 0 1
    outer loop
      vertex -63.3382 61.1063 3
      vertex -63.3382 60.3231 3
      vertex -63.2617 59.9382 3
    endloop
  endfacet
  facet normal 0 -0 1
    outer loop
      vertex -63.3382 60.3231 3
      vertex -63.3382 61.1063 3
      vertex -63.3639 60.7147 3
    endloop
  endfacet
  facet normal 0 0 1
    outer loop
      vertex 45.5325 48.1864 3
      vertex 45.5671 47.5491 3
      vertex 45.562 47.9415 3
    endloop
  endfacet
  facet normal 0 0 1
    outer loop
      vertex 45.5325 48.1864 3
      vertex 45.521 47.1594 3
      vertex 45.5671 47.5491 3
    endloop
  endfacet
  facet normal 0 0 1
    outer loop
      vertex 45.2789 46.4146 3
      vertex 45.5325 48.1864 3
      vertex 45.4936 48.4262 3
    endloop
  endfacet
  facet normal 0 0 1
    outer loop
      vertex 45.2789 46.4146 3
      vertex 45.4936 48.4262 3
      vertex 45.4717 48.6209 3
    endloop
  endfacet
  facet normal 0 0 1
    outer loop
      vertex 43.1949 44.7717 3
      vertex 45.4717 48.6209 3
      vertex 45.457 48.8056 3
    endloop
  endfacet
  facet normal 0 0 1
    outer loop
      vertex 45.5325 48.1864 3
      vertex 45.4244 46.7791 3
      vertex 45.521 47.1594 3
    endloop
  endfacet
  facet normal 0 0 1
    outer loop
      vertex 22.1148 -14.7992 3
      vertex 22.1599 -15.7729 3
      vertex 22.1801 -15.381 3
    endloop
  endfacet
  facet normal 0 0 1
    outer loop
      vertex 22.1148 -14.7992 3
      vertex 22.0887 -16.1588 3
      vertex 22.1599 -15.7729 3
    endloop
  endfacet
  facet normal 0 0 1
    outer loop
      vertex 22.1148 -14.7992 3
      vertex 21.9678 -16.5322 3
      vertex 22.0887 -16.1588 3
    endloop
  endfacet
  facet normal 0 0 1
    outer loop
      vertex 22.1148 -14.7992 3
      vertex 21.7992 -16.8865 3
      vertex 21.9678 -16.5322 3
    endloop
  endfacet
  facet normal 0 0 1
    outer loop
      vertex 22.1148 -14.7992 3
      vertex 21.5857 -17.2158 3
      vertex 21.7992 -16.8865 3
    endloop
  endfacet
  facet normal 0 0 1
    outer loop
      vertex 22.1148 -14.7992 3
      vertex 21.3311 -17.5144 3
      vertex 21.5857 -17.2158 3
    endloop
  endfacet
  facet normal 0 0 1
    outer loop
      vertex 22.1148 -14.7992 3
      vertex 21.0397 -17.7773 3
      vertex 21.3311 -17.5144 3
    endloop
  endfacet
  facet normal 0 0 1
    outer loop
      vertex 22.1148 -14.7992 3
      vertex 20.7166 -17.9998 3
      vertex 21.0397 -17.7773 3
    endloop
  endfacet
  facet normal 0 0 1
    outer loop
      vertex 22.1148 -14.7992 3
      vertex 20.4614 -18.1519 3
      vertex 20.7166 -17.9998 3
    endloop
  endfacet
  facet normal 0 0 1
    outer loop
      vertex 22.1148 -14.7992 3
      vertex 20.3033 -18.2683 3
      vertex 20.4614 -18.1519 3
    endloop
  endfacet
  facet normal 0 0 1
    outer loop
      vertex 22.1148 -14.7992 3
      vertex 20.089 -18.4429 3
      vertex 20.3033 -18.2683 3
    endloop
  endfacet
  facet normal 0 0 1
    outer loop
      vertex 7.45602 -29.8179 3
      vertex 22.1148 -14.7992 3
      vertex 12.195 31.8695 3
    endloop
  endfacet
  facet normal 0 0 1
    outer loop
      vertex 7.45602 -29.8179 3
      vertex 12.195 31.8695 3
      vertex 12.1515 32.1381 3
    endloop
  endfacet
  facet normal 0 0 1
    outer loop
      vertex 22.1148 -14.7992 3
      vertex 7.45602 -29.8179 3
      vertex 20.089 -18.4429 3
    endloop
  endfacet
  facet normal 0 0 1
    outer loop
      vertex 12.1296 32.3327 3
      vertex 7.45602 -29.8179 3
      vertex 12.1515 32.1381 3
    endloop
  endfacet
  facet normal 0 0 1
    outer loop
      vertex 7.45602 -29.8179 3
      vertex 12.1296 32.3327 3
      vertex 12.1149 32.5177 3
    endloop
  endfacet
  facet normal 0 0 1
    outer loop
      vertex 12.4178 -41.7958 3
      vertex 12.4178 -42.579 3
      vertex 12.4434 -42.1874 3
    endloop
  endfacet
  facet normal 0 0 1
    outer loop
      vertex 12.3412 -41.4109 3
      vertex 12.4178 -42.579 3
      vertex 12.4178 -41.7958 3
    endloop
  endfacet
  facet normal 0 0 1
    outer loop
      vertex 12.3412 -41.4109 3
      vertex 12.3412 -42.9639 3
      vertex 12.4178 -42.579 3
    endloop
  endfacet
  facet normal 0 0 1
    outer loop
      vertex 12.2151 -41.0394 3
      vertex 12.3412 -42.9639 3
      vertex 12.3412 -41.4109 3
    endloop
  endfacet
  facet normal 0 0 1
    outer loop
      vertex 12.2151 -41.0394 3
      vertex 12.2151 -43.3355 3
      vertex 12.3412 -42.9639 3
    endloop
  endfacet
  facet normal 0 0 1
    outer loop
      vertex 12.0415 -40.6874 3
      vertex 12.2151 -43.3355 3
      vertex 12.2151 -41.0394 3
    endloop
  endfacet
  facet normal 0 0 1
    outer loop
      vertex 12.0415 -40.6874 3
      vertex 12.0415 -43.6874 3
      vertex 12.2151 -43.3355 3
    endloop
  endfacet
  facet normal 0 0 1
    outer loop
      vertex 11.8235 -40.3611 3
      vertex 12.0415 -43.6874 3
      vertex 12.0415 -40.6874 3
    endloop
  endfacet
  facet normal 0 0 1
    outer loop
      vertex 11.8235 -40.3611 3
      vertex 11.8235 -44.0137 3
      vertex 12.0415 -43.6874 3
    endloop
  endfacet
  facet normal 0 0 1
    outer loop
      vertex 11.6729 -40.18 3
      vertex 11.8235 -44.0137 3
      vertex 11.8235 -40.3611 3
    endloop
  endfacet
  facet normal 0 0 1
    outer loop
      vertex 11.6729 -40.18 3
      vertex 11.5648 -44.3087 3
      vertex 11.8235 -44.0137 3
    endloop
  endfacet
  facet normal 0 0 1
    outer loop
      vertex 11.6729 -40.18 3
      vertex 11.2697 -44.5675 3
      vertex 11.5648 -44.3087 3
    endloop
  endfacet
  facet normal 0 0 1
    outer loop
      vertex 11.6729 -40.18 3
      vertex 10.9434 -44.7855 3
      vertex 11.2697 -44.5675 3
    endloop
  endfacet
  facet normal 0 0 1
    outer loop
      vertex 11.6729 -40.18 3
      vertex 10.5915 -44.959 3
      vertex 10.9434 -44.7855 3
    endloop
  endfacet
  facet normal 0 0 1
    outer loop
      vertex 11.6729 -40.18 3
      vertex 10.2199 -45.0852 3
      vertex 10.5915 -44.959 3
    endloop
  endfacet
  facet normal 0 0 1
    outer loop
      vertex 11.6729 -40.18 3
      vertex 9.83501 -45.1617 3
      vertex 10.2199 -45.0852 3
    endloop
  endfacet
  facet normal 0 0 1
    outer loop
      vertex 11.6729 -40.18 3
      vertex 9.44344 -45.1874 3
      vertex 9.83501 -45.1617 3
    endloop
  endfacet
  facet normal 0 0 1
    outer loop
      vertex 7.17482 -35.1845 3
      vertex 9.44344 -45.1874 3
      vertex 11.6729 -40.18 3
    endloop
  endfacet
  facet normal 0 0 1
    outer loop
      vertex -7.17482 -35.1845 3
      vertex 7.17482 -35.1845 3
      vertex 7.00043 -34.9705 3
    endloop
  endfacet
  facet normal 0 0 1
    outer loop
      vertex -7.00043 -34.9705 3
      vertex 7.00043 -34.9705 3
      vertex 6.884 -34.8123 3
    endloop
  endfacet
  facet normal 0 0 1
    outer loop
      vertex -6.884 -34.8123 3
      vertex 6.884 -34.8123 3
      vertex 6.60689 -34.3475 3
    endloop
  endfacet
  facet normal -0 0 1
    outer loop
      vertex -6.6068 -34.3474 3
      vertex 6.60689 -34.3475 3
      vertex 6.52306 -34.1699 3
    endloop
  endfacet
  facet normal 0 0 1
    outer loop
      vertex -6.52316 -34.1701 3
      vertex 6.52306 -34.1699 3
      vertex 6.4458 -33.9901 3
    endloop
  endfacet
  facet normal -0 0 1
    outer loop
      vertex -6.38882 -33.8292 3
      vertex 6.4458 -33.9901 3
      vertex 6.33571 -33.641 3
    endloop
  endfacet
  facet normal -0 0 1
    outer loop
      vertex -6.20285 -32.7156 3
      vertex 6.21167 -32.911 3
      vertex 6.20285 -32.7156 3
    endloop
  endfacet
  facet normal 0 0 1
    outer loop
      vertex -6.21167 -32.911 3
      vertex 6.21167 -32.911 3
      vertex -6.20285 -32.7156 3
    endloop
  endfacet
  facet normal 0 0 1
    outer loop
      vertex 6.21167 -32.911 3
      vertex -6.21167 -32.911 3
      vertex 6.28908 -33.4504 3
    endloop
  endfacet
  facet normal 0 0 1
    outer loop
      vertex -6.28908 -33.4504 3
      vertex 6.28908 -33.4504 3
      vertex -6.21167 -32.911 3
    endloop
  endfacet
  facet normal 0 0 1
    outer loop
      vertex 6.28908 -33.4504 3
      vertex -6.28908 -33.4504 3
      vertex 6.33571 -33.641 3
    endloop
  endfacet
  facet normal -0 0 1
    outer loop
      vertex -6.33569 -33.6409 3
      vertex 6.33571 -33.641 3
      vertex -6.28908 -33.4504 3
    endloop
  endfacet
  facet normal 0 0 1
    outer loop
      vertex -6.38882 -33.8292 3
      vertex 6.33571 -33.641 3
      vertex -6.33569 -33.6409 3
    endloop
  endfacet
  facet normal 0 0 1
    outer loop
      vertex 6.4458 -33.9901 3
      vertex -6.38882 -33.8292 3
      vertex -6.52316 -34.1701 3
    endloop
  endfacet
  facet normal 0 0 1
    outer loop
      vertex 6.52306 -34.1699 3
      vertex -6.52316 -34.1701 3
      vertex -6.6068 -34.3474 3
    endloop
  endfacet
  facet normal 0 0 1
    outer loop
      vertex 6.60689 -34.3475 3
      vertex -6.6068 -34.3474 3
      vertex -6.884 -34.8123 3
    endloop
  endfacet
  facet normal 0 0 1
    outer loop
      vertex 6.884 -34.8123 3
      vertex -6.884 -34.8123 3
      vertex -7.00043 -34.9705 3
    endloop
  endfacet
  facet normal 0 0 1
    outer loop
      vertex 7.00043 -34.9705 3
      vertex -7.00043 -34.9705 3
      vertex -7.17482 -35.1845 3
    endloop
  endfacet
  facet normal 0 0 1
    outer loop
      vertex 7.17482 -35.1845 3
      vertex -7.17482 -35.1845 3
      vertex 9.44344 -45.1874 3
    endloop
  endfacet
  facet normal 0 0 1
    outer loop
      vertex -7.17482 -35.1845 3
      vertex -9.44344 -45.1874 3
      vertex 9.44344 -45.1874 3
    endloop
  endfacet
  facet normal -0 0 1
    outer loop
      vertex -11.6729 -40.18 3
      vertex -9.44344 -45.1874 3
      vertex -7.17482 -35.1845 3
    endloop
  endfacet
  facet normal 0 0 1
    outer loop
      vertex -9.44344 -45.1874 3
      vertex -11.6729 -40.18 3
      vertex -9.67885 -45.1782 3
    endloop
  endfacet
  facet normal 0 0 1
    outer loop
      vertex -9.67885 -45.1782 3
      vertex -11.6729 -40.18 3
      vertex -10.0672 -45.1218 3
    endloop
  endfacet
  facet normal 0 0 1
    outer loop
      vertex -10.0672 -45.1218 3
      vertex -11.6729 -40.18 3
      vertex -10.4449 -45.0153 3
    endloop
  endfacet
  facet normal 0 0 1
    outer loop
      vertex -10.4449 -45.0153 3
      vertex -11.6729 -40.18 3
      vertex -10.8054 -44.8604 3
    endloop
  endfacet
  facet normal 0 0 1
    outer loop
      vertex -10.8054 -44.8604 3
      vertex -11.6729 -40.18 3
      vertex -11.1427 -44.6598 3
    endloop
  endfacet
  facet normal 0 0 1
    outer loop
      vertex -11.1427 -44.6598 3
      vertex -11.6729 -40.18 3
      vertex -11.4509 -44.4168 3
    endloop
  endfacet
  facet normal 0 0 1
    outer loop
      vertex -11.6729 -40.18 3
      vertex -11.7247 -44.1357 3
      vertex -11.4509 -44.4168 3
    endloop
  endfacet
  facet normal -0 0 1
    outer loop
      vertex -11.9158 -40.4882 3
      vertex -11.7247 -44.1357 3
      vertex -11.6729 -40.18 3
    endloop
  endfacet
  facet normal 0 0 1
    outer loop
      vertex -11.9158 -40.4882 3
      vertex -11.9595 -43.8213 3
      vertex -11.7247 -44.1357 3
    endloop
  endfacet
  facet normal -0 0 1
    outer loop
      vertex -12.1164 -40.8254 3
      vertex -11.9595 -43.8213 3
      vertex -11.9158 -40.4882 3
    endloop
  endfacet
  facet normal 0 0 1
    outer loop
      vertex -12.1164 -40.8254 3
      vertex -12.1512 -43.4789 3
      vertex -11.9595 -43.8213 3
    endloop
  endfacet
  facet normal -0 0 1
    outer loop
      vertex -12.2713 -41.186 3
      vertex -12.1512 -43.4789 3
      vertex -12.1164 -40.8254 3
    endloop
  endfacet
  facet normal 0 0 1
    outer loop
      vertex -12.2713 -41.186 3
      vertex -12.2966 -43.1144 3
      vertex -12.1512 -43.4789 3
    endloop
  endfacet
  facet normal -0 0 1
    outer loop
      vertex -12.3779 -41.5636 3
      vertex -12.2966 -43.1144 3
      vertex -12.2713 -41.186 3
    endloop
  endfacet
  facet normal 0 0 1
    outer loop
      vertex -12.3779 -41.5636 3
      vertex -12.3932 -42.7341 3
      vertex -12.2966 -43.1144 3
    endloop
  endfacet
  facet normal -0 0 1
    outer loop
      vertex -12.4342 -41.952 3
      vertex -12.3932 -42.7341 3
      vertex -12.3779 -41.5636 3
    endloop
  endfacet
  facet normal 0 0 1
    outer loop
      vertex -12.3932 -42.7341 3
      vertex -12.4342 -41.952 3
      vertex -12.4393 -42.3444 3
    endloop
  endfacet
  facet normal 0 0 1
    outer loop
      vertex 12.1149 32.5177 3
      vertex -12.1295 32.3328 3
      vertex -12.1515 32.138 3
    endloop
  endfacet
  facet normal 0 0 1
    outer loop
      vertex 12.1149 32.5177 3
      vertex -12.1515 32.138 3
      vertex -12.195 31.8695 3
    endloop
  endfacet
  facet normal 0 0 1
    outer loop
      vertex 12.1149 32.5177 3
      vertex -12.195 31.8695 3
      vertex -22.1148 -14.7992 3
    endloop
  endfacet
  facet normal 0 0 1
    outer loop
      vertex 6.80029 -30.5955 3
      vertex -6.80025 -30.5956 3
      vertex 6.69887 -30.7634 3
    endloop
  endfacet
  facet normal -0 -0 1
    outer loop
      vertex -6.69901 -30.7631 3
      vertex 6.69887 -30.7634 3
      vertex -6.80025 -30.5956 3
    endloop
  endfacet
  facet normal 0 0 1
    outer loop
      vertex -20.089 -18.4429 3
      vertex -22.1148 -14.7992 3
      vertex -20.3033 -18.2683 3
    endloop
  endfacet
  facet normal 0 0 1
    outer loop
      vertex -20.3033 -18.2683 3
      vertex -22.1148 -14.7992 3
      vertex -20.4614 -18.1519 3
    endloop
  endfacet
  facet normal 0 0 1
    outer loop
      vertex -20.4614 -18.1519 3
      vertex -22.1148 -14.7992 3
      vertex -20.7166 -17.9998 3
    endloop
  endfacet
  facet normal 0 0 1
    outer loop
      vertex -20.7166 -17.9998 3
      vertex -22.1148 -14.7992 3
      vertex -21.1877 -17.6524 3
    endloop
  endfacet
  facet normal 0 0 1
    outer loop
      vertex -21.1877 -17.6524 3
      vertex -22.1148 -14.7992 3
      vertex -21.4616 -17.3713 3
    endloop
  endfacet
  facet normal 0 0 1
    outer loop
      vertex -21.4616 -17.3713 3
      vertex -22.1148 -14.7992 3
      vertex -21.6964 -17.0569 3
    endloop
  endfacet
  facet normal 0 0 1
    outer loop
      vertex -21.6964 -17.0569 3
      vertex -22.1148 -14.7992 3
      vertex -21.8881 -16.7145 3
    endloop
  endfacet
  facet normal 0 0 1
    outer loop
      vertex -21.8881 -16.7145 3
      vertex -22.1148 -14.7992 3
      vertex -22.0335 -16.35 3
    endloop
  endfacet
  facet normal 0 0 1
    outer loop
      vertex -22.1148 -14.7992 3
      vertex -22.1301 -15.9697 3
      vertex -22.0335 -16.35 3
    endloop
  endfacet
  facet normal -0 0 1
    outer loop
      vertex -22.1711 -15.1876 3
      vertex -22.1301 -15.9697 3
      vertex -22.1148 -14.7992 3
    endloop
  endfacet
  facet normal 0 0 1
    outer loop
      vertex -22.1301 -15.9697 3
      vertex -22.1711 -15.1876 3
      vertex -22.1763 -15.58 3
    endloop
  endfacet
  facet normal 0 0 1
    outer loop
      vertex -44.755 45.6491 3
      vertex -45.5325 48.1864 3
      vertex -45.0048 45.9518 3
    endloop
  endfacet
  facet normal 0 0 1
    outer loop
      vertex -45.0048 45.9518 3
      vertex -45.5325 48.1864 3
      vertex -45.2129 46.2844 3
    endloop
  endfacet
  facet normal 0 0 1
    outer loop
      vertex -45.2129 46.2844 3
      vertex -45.5325 48.1864 3
      vertex -45.3759 46.6414 3
    endloop
  endfacet
  facet normal 0 0 1
    outer loop
      vertex -45.3759 46.6414 3
      vertex -45.5325 48.1864 3
      vertex -45.4909 47.0166 3
    endloop
  endfacet
  facet normal 0 0 1
    outer loop
      vertex -45.5325 48.1864 3
      vertex -45.5559 47.4036 3
      vertex -45.4909 47.0166 3
    endloop
  endfacet
  facet normal 0 -0 1
    outer loop
      vertex -45.5559 47.4036 3
      vertex -45.5325 48.1864 3
      vertex -45.5699 47.7958 3
    endloop
  endfacet
  facet normal -0.194945 0.980814 0
    outer loop
      vertex 10.2199 -45.0852 3
      vertex 9.83501 -45.1617 5.6
      vertex 10.2199 -45.0852 5.6
    endloop
  endfacet
  facet normal -0.194945 0.980814 0
    outer loop
      vertex 9.83501 -45.1617 5.6
      vertex 10.2199 -45.0852 3
      vertex 9.83501 -45.1617 3
    endloop
  endfacet
  facet normal -0.321574 0.946885 0
    outer loop
      vertex 10.5915 -44.959 3
      vertex 10.2199 -45.0852 5.6
      vertex 10.5915 -44.959 5.6
    endloop
  endfacet
  facet normal -0.321574 0.946885 0
    outer loop
      vertex 10.2199 -45.0852 5.6
      vertex 10.5915 -44.959 3
      vertex 10.2199 -45.0852 3
    endloop
  endfacet
  facet normal -0.442211 0.896911 0
    outer loop
      vertex 10.9434 -44.7855 3
      vertex 10.5915 -44.959 5.6
      vertex 10.9434 -44.7855 5.6
    endloop
  endfacet
  facet normal -0.442211 0.896911 0
    outer loop
      vertex 10.5915 -44.959 5.6
      vertex 10.9434 -44.7855 3
      vertex 10.5915 -44.959 3
    endloop
  endfacet
  facet normal -0.555523 0.831501 0
    outer loop
      vertex 11.2697 -44.5675 3
      vertex 10.9434 -44.7855 5.6
      vertex 11.2697 -44.5675 5.6
    endloop
  endfacet
  facet normal -0.555523 0.831501 0
    outer loop
      vertex 10.9434 -44.7855 5.6
      vertex 11.2697 -44.5675 3
      vertex 10.9434 -44.7855 3
    endloop
  endfacet
  facet normal -0.659352 0.751834 0
    outer loop
      vertex 11.5648 -44.3087 3
      vertex 11.2697 -44.5675 5.6
      vertex 11.5648 -44.3087 5.6
    endloop
  endfacet
  facet normal -0.659352 0.751834 0
    outer loop
      vertex 11.2697 -44.5675 5.6
      vertex 11.5648 -44.3087 3
      vertex 11.2697 -44.5675 3
    endloop
  endfacet
  facet normal -0.75185 0.659334 0
    outer loop
      vertex 11.5648 -44.3087 3
      vertex 11.8235 -44.0137 5.6
      vertex 11.8235 -44.0137 3
    endloop
  endfacet
  facet normal -0.75185 0.659334 0
    outer loop
      vertex 11.8235 -44.0137 5.6
      vertex 11.5648 -44.3087 3
      vertex 11.5648 -44.3087 5.6
    endloop
  endfacet
  facet normal -0.831501 0.555523 0
    outer loop
      vertex 11.8235 -44.0137 3
      vertex 12.0415 -43.6874 5.6
      vertex 12.0415 -43.6874 3
    endloop
  endfacet
  facet normal -0.831501 0.555523 0
    outer loop
      vertex 12.0415 -43.6874 5.6
      vertex 11.8235 -44.0137 3
      vertex 11.8235 -44.0137 5.6
    endloop
  endfacet
  facet normal -0.89681 0.442416 0
    outer loop
      vertex 12.0415 -43.6874 3
      vertex 12.2151 -43.3355 5.6
      vertex 12.2151 -43.3355 3
    endloop
  endfacet
  facet normal -0.89681 0.442416 0
    outer loop
      vertex 12.2151 -43.3355 5.6
      vertex 12.0415 -43.6874 3
      vertex 12.0415 -43.6874 5.6
    endloop
  endfacet
  facet normal -0.946962 0.321345 0
    outer loop
      vertex 12.2151 -43.3355 3
      vertex 12.3412 -42.9639 5.6
      vertex 12.3412 -42.9639 3
    endloop
  endfacet
  facet normal -0.946962 0.321345 0
    outer loop
      vertex 12.3412 -42.9639 5.6
      vertex 12.2151 -43.3355 3
      vertex 12.2151 -43.3355 5.6
    endloop
  endfacet
  facet normal -0.980766 0.195185 0
    outer loop
      vertex 12.3412 -42.9639 3
      vertex 12.4178 -42.579 5.6
      vertex 12.4178 -42.579 3
    endloop
  endfacet
  facet normal -0.980766 0.195185 0
    outer loop
      vertex 12.4178 -42.579 5.6
      vertex 12.3412 -42.9639 3
      vertex 12.3412 -42.9639 5.6
    endloop
  endfacet
  facet normal -0.99787 0.0652336 0
    outer loop
      vertex 12.4178 -42.579 3
      vertex 12.4434 -42.1874 5.6
      vertex 12.4434 -42.1874 3
    endloop
  endfacet
  facet normal -0.99787 0.0652336 0
    outer loop
      vertex 12.4434 -42.1874 5.6
      vertex 12.4178 -42.579 3
      vertex 12.4178 -42.579 5.6
    endloop
  endfacet
  facet normal -0.99787 -0.0652336 0
    outer loop
      vertex 12.4434 -42.1874 3
      vertex 12.4178 -41.7958 5.6
      vertex 12.4178 -41.7958 3
    endloop
  endfacet
  facet normal -0.99787 -0.0652336 0
    outer loop
      vertex 12.4178 -41.7958 5.6
      vertex 12.4434 -42.1874 3
      vertex 12.4434 -42.1874 5.6
    endloop
  endfacet
  facet normal -0.980766 -0.195185 0
    outer loop
      vertex 12.4178 -41.7958 3
      vertex 12.3412 -41.4109 5.6
      vertex 12.3412 -41.4109 3
    endloop
  endfacet
  facet normal -0.980766 -0.195185 0
    outer loop
      vertex 12.3412 -41.4109 5.6
      vertex 12.4178 -41.7958 3
      vertex 12.4178 -41.7958 5.6
    endloop
  endfacet
  facet normal -0.946936 -0.321423 0
    outer loop
      vertex 12.3412 -41.4109 3
      vertex 12.2151 -41.0394 5.6
      vertex 12.2151 -41.0394 3
    endloop
  endfacet
  facet normal -0.946936 -0.321423 0
    outer loop
      vertex 12.2151 -41.0394 5.6
      vertex 12.3412 -41.4109 3
      vertex 12.3412 -41.4109 5.6
    endloop
  endfacet
  facet normal -0.89686 -0.442315 0
    outer loop
      vertex 12.2151 -41.0394 3
      vertex 12.0415 -40.6874 5.6
      vertex 12.0415 -40.6874 3
    endloop
  endfacet
  facet normal -0.89686 -0.442315 0
    outer loop
      vertex 12.0415 -40.6874 5.6
      vertex 12.2151 -41.0394 3
      vertex 12.2151 -41.0394 5.6
    endloop
  endfacet
  facet normal -0.831501 -0.555523 0
    outer loop
      vertex 12.0415 -40.6874 3
      vertex 11.8235 -40.3611 5.6
      vertex 11.8235 -40.3611 3
    endloop
  endfacet
  facet normal -0.831501 -0.555523 0
    outer loop
      vertex 11.8235 -40.3611 5.6
      vertex 12.0415 -40.6874 3
      vertex 12.0415 -40.6874 5.6
    endloop
  endfacet
  facet normal -0.768882 -0.639391 0
    outer loop
      vertex 11.8235 -40.3611 3
      vertex 11.6729 -40.18 5.6
      vertex 11.6729 -40.18 3
    endloop
  endfacet
  facet normal -0.768882 -0.639391 0
    outer loop
      vertex 11.6729 -40.18 5.6
      vertex 11.8235 -40.3611 3
      vertex 11.8235 -40.3611 5.6
    endloop
  endfacet
  facet normal -0.743137 -0.66914 0
    outer loop
      vertex 11.6729 -40.18 3
      vertex 7.17482 -35.1845 5.6
      vertex 7.17482 -35.1845 3
    endloop
  endfacet
  facet normal -0.743137 -0.66914 0
    outer loop
      vertex 7.17482 -35.1845 5.6
      vertex 11.6729 -40.18 3
      vertex 11.6729 -40.18 5.6
    endloop
  endfacet
  facet normal -0.7752 -0.631716 0
    outer loop
      vertex 7.17482 -35.1845 3
      vertex 7.00043 -34.9705 5.6
      vertex 7.00043 -34.9705 3
    endloop
  endfacet
  facet normal -0.7752 -0.631716 0
    outer loop
      vertex 7.00043 -34.9705 5.6
      vertex 7.17482 -35.1845 3
      vertex 7.17482 -35.1845 5.6
    endloop
  endfacet
  facet normal -0.805392 -0.592742 0
    outer loop
      vertex 7.00043 -34.9705 3
      vertex 6.884 -34.8123 5.6
      vertex 6.884 -34.8123 3
    endloop
  endfacet
  facet normal -0.805392 -0.592742 0
    outer loop
      vertex 6.884 -34.8123 5.6
      vertex 7.00043 -34.9705 3
      vertex 7.00043 -34.9705 5.6
    endloop
  endfacet
  facet normal -0.858933 -0.512089 0
    outer loop
      vertex 6.884 -34.8123 3
      vertex 6.60689 -34.3475 5.6
      vertex 6.60689 -34.3475 3
    endloop
  endfacet
  facet normal -0.858933 -0.512089 0
    outer loop
      vertex 6.60689 -34.3475 5.6
      vertex 6.884 -34.8123 3
      vertex 6.884 -34.8123 5.6
    endloop
  endfacet
  facet normal -0.904321 -0.426854 0
    outer loop
      vertex 6.60689 -34.3475 3
      vertex 6.52306 -34.1699 5.6
      vertex 6.52306 -34.1699 3
    endloop
  endfacet
  facet normal -0.904321 -0.426854 0
    outer loop
      vertex 6.52306 -34.1699 5.6
      vertex 6.60689 -34.3475 3
      vertex 6.60689 -34.3475 5.6
    endloop
  endfacet
  facet normal -0.918769 -0.394795 0
    outer loop
      vertex 6.52306 -34.1699 3
      vertex 6.4458 -33.9901 5.6
      vertex 6.4458 -33.9901 3
    endloop
  endfacet
  facet normal -0.918769 -0.394795 0
    outer loop
      vertex 6.4458 -33.9901 5.6
      vertex 6.52306 -34.1699 3
      vertex 6.52306 -34.1699 5.6
    endloop
  endfacet
  facet normal -0.953702 -0.300753 0
    outer loop
      vertex 6.4458 -33.9901 3
      vertex 6.33571 -33.641 5.6
      vertex 6.33571 -33.641 3
    endloop
  endfacet
  facet normal -0.953702 -0.300753 0
    outer loop
      vertex 6.33571 -33.641 5.6
      vertex 6.4458 -33.9901 3
      vertex 6.4458 -33.9901 5.6
    endloop
  endfacet
  facet normal -0.971353 -0.23764 0
    outer loop
      vertex 6.33571 -33.641 3
      vertex 6.28908 -33.4504 5.6
      vertex 6.28908 -33.4504 3
    endloop
  endfacet
  facet normal -0.971353 -0.23764 0
    outer loop
      vertex 6.28908 -33.4504 5.6
      vertex 6.33571 -33.641 3
      vertex 6.33571 -33.641 5.6
    endloop
  endfacet
  facet normal -0.989859 -0.142056 0
    outer loop
      vertex 6.28908 -33.4504 3
      vertex 6.21167 -32.911 5.6
      vertex 6.21167 -32.911 3
    endloop
  endfacet
  facet normal -0.989859 -0.142056 0
    outer loop
      vertex 6.21167 -32.911 5.6
      vertex 6.28908 -33.4504 3
      vertex 6.28908 -33.4504 5.6
    endloop
  endfacet
  facet normal -0.998983 -0.0450923 0
    outer loop
      vertex 6.21167 -32.911 3
      vertex 6.20285 -32.7156 5.6
      vertex 6.20285 -32.7156 3
    endloop
  endfacet
  facet normal -0.998983 -0.0450923 0
    outer loop
      vertex 6.20285 -32.7156 5.6
      vertex 6.21167 -32.911 3
      vertex 6.21167 -32.911 5.6
    endloop
  endfacet
  facet normal -0.998596 0.0529666 0
    outer loop
      vertex 6.20285 -32.7156 3
      vertex 6.23189 -32.1681 5.6
      vertex 6.23189 -32.1681 3
    endloop
  endfacet
  facet normal -0.998596 0.0529666 0
    outer loop
      vertex 6.23189 -32.1681 5.6
      vertex 6.20285 -32.7156 3
      vertex 6.20285 -32.7156 5.6
    endloop
  endfacet
  facet normal -0.988627 0.150388 0
    outer loop
      vertex 6.23189 -32.1681 3
      vertex 6.26134 -31.9745 5.6
      vertex 6.26134 -31.9745 3
    endloop
  endfacet
  facet normal -0.988627 0.150388 0
    outer loop
      vertex 6.26134 -31.9745 5.6
      vertex 6.23189 -32.1681 3
      vertex 6.23189 -32.1681 5.6
    endloop
  endfacet
  facet normal -0.969608 0.244664 0
    outer loop
      vertex 6.26134 -31.9745 3
      vertex 6.39273 -31.4538 5.6
      vertex 6.39273 -31.4538 3
    endloop
  endfacet
  facet normal -0.969608 0.244664 0
    outer loop
      vertex 6.39273 -31.4538 5.6
      vertex 6.26134 -31.9745 3
      vertex 6.26134 -31.9745 5.6
    endloop
  endfacet
  facet normal -0.941707 0.336433 0
    outer loop
      vertex 6.39273 -31.4538 3
      vertex 6.45868 -31.2692 5.6
      vertex 6.45868 -31.2692 3
    endloop
  endfacet
  facet normal -0.941707 0.336433 0
    outer loop
      vertex 6.45868 -31.2692 5.6
      vertex 6.39273 -31.4538 3
      vertex 6.39273 -31.4538 5.6
    endloop
  endfacet
  facet normal -0.929431 0.368996 0
    outer loop
      vertex 6.45868 -31.2692 3
      vertex 6.53046 -31.0884 5.6
      vertex 6.53046 -31.0884 3
    endloop
  endfacet
  facet normal -0.929431 0.368996 0
    outer loop
      vertex 6.53046 -31.0884 5.6
      vertex 6.45868 -31.2692 3
      vertex 6.45868 -31.2692 5.6
    endloop
  endfacet
  facet normal -0.887876 0.460084 0
    outer loop
      vertex 6.53046 -31.0884 3
      vertex 6.69887 -30.7634 5.6
      vertex 6.69887 -30.7634 3
    endloop
  endfacet
  facet normal -0.887876 0.460084 0
    outer loop
      vertex 6.69887 -30.7634 5.6
      vertex 6.53046 -31.0884 3
      vertex 6.53046 -31.0884 5.6
    endloop
  endfacet
  facet normal -0.85596 0.517042 0
    outer loop
      vertex 6.69887 -30.7634 3
      vertex 6.80029 -30.5955 5.6
      vertex 6.80029 -30.5955 3
    endloop
  endfacet
  facet normal -0.85596 0.517042 0
    outer loop
      vertex 6.80029 -30.5955 5.6
      vertex 6.69887 -30.7634 3
      vertex 6.69887 -30.7634 5.6
    endloop
  endfacet
  facet normal -0.837914 0.545802 0
    outer loop
      vertex 6.80029 -30.5955 3
      vertex 6.90399 -30.4363 5.6
      vertex 6.90399 -30.4363 3
    endloop
  endfacet
  facet normal -0.837914 0.545802 0
    outer loop
      vertex 6.90399 -30.4363 5.6
      vertex 6.80029 -30.5955 3
      vertex 6.80029 -30.5955 5.6
    endloop
  endfacet
  facet normal -0.779481 0.626425 0
    outer loop
      vertex 6.90399 -30.4363 3
      vertex 7.13335 -30.1509 5.6
      vertex 7.13335 -30.1509 3
    endloop
  endfacet
  facet normal -0.779481 0.626425 0
    outer loop
      vertex 7.13335 -30.1509 5.6
      vertex 6.90399 -30.4363 3
      vertex 6.90399 -30.4363 5.6
    endloop
  endfacet
  facet normal -0.736964 0.675932 0
    outer loop
      vertex 7.13335 -30.1509 3
      vertex 7.26625 -30.006 5.6
      vertex 7.26625 -30.006 3
    endloop
  endfacet
  facet normal -0.736964 0.675932 0
    outer loop
      vertex 7.26625 -30.006 5.6
      vertex 7.13335 -30.1509 3
      vertex 7.13335 -30.1509 5.6
    endloop
  endfacet
  facet normal -0.703975 0.710225 0
    outer loop
      vertex 7.45602 -29.8179 3
      vertex 7.26625 -30.006 5.6
      vertex 7.45602 -29.8179 5.6
    endloop
  endfacet
  facet normal -0.703975 0.710225 0
    outer loop
      vertex 7.26625 -30.006 5.6
      vertex 7.45602 -29.8179 3
      vertex 7.26625 -30.006 3
    endloop
  endfacet
  facet normal -0.669138 0.743139 0
    outer loop
      vertex 20.089 -18.4429 3
      vertex 7.45602 -29.8179 5.6
      vertex 20.089 -18.4429 5.6
    endloop
  endfacet
  facet normal -0.669138 0.743139 0
    outer loop
      vertex 7.45602 -29.8179 5.6
      vertex 20.089 -18.4429 3
      vertex 7.45602 -29.8179 3
    endloop
  endfacet
  facet normal -0.631641 0.775261 0
    outer loop
      vertex 20.3033 -18.2683 3
      vertex 20.089 -18.4429 5.6
      vertex 20.3033 -18.2683 5.6
    endloop
  endfacet
  facet normal -0.631641 0.775261 0
    outer loop
      vertex 20.089 -18.4429 5.6
      vertex 20.3033 -18.2683 3
      vertex 20.089 -18.4429 3
    endloop
  endfacet
  facet normal -0.592886 0.805286 0
    outer loop
      vertex 20.4614 -18.1519 3
      vertex 20.3033 -18.2683 5.6
      vertex 20.4614 -18.1519 5.6
    endloop
  endfacet
  facet normal -0.592886 0.805286 0
    outer loop
      vertex 20.3033 -18.2683 5.6
      vertex 20.4614 -18.1519 3
      vertex 20.3033 -18.2683 3
    endloop
  endfacet
  facet normal -0.511969 0.859004 0
    outer loop
      vertex 20.7166 -17.9998 3
      vertex 20.4614 -18.1519 5.6
      vertex 20.7166 -17.9998 5.6
    endloop
  endfacet
  facet normal -0.511969 0.859004 0
    outer loop
      vertex 20.4614 -18.1519 5.6
      vertex 20.7166 -17.9998 3
      vertex 20.4614 -18.1519 3
    endloop
  endfacet
  facet normal -0.567167 0.823603 0
    outer loop
      vertex 21.0397 -17.7773 3
      vertex 20.7166 -17.9998 5.6
      vertex 21.0397 -17.7773 5.6
    endloop
  endfacet
  facet normal -0.567167 0.823603 0
    outer loop
      vertex 20.7166 -17.9998 5.6
      vertex 21.0397 -17.7773 3
      vertex 20.7166 -17.9998 3
    endloop
  endfacet
  facet normal -0.669865 0.742483 0
    outer loop
      vertex 21.3311 -17.5144 3
      vertex 21.0397 -17.7773 5.6
      vertex 21.3311 -17.5144 5.6
    endloop
  endfacet
  facet normal -0.669865 0.742483 0
    outer loop
      vertex 21.0397 -17.7773 5.6
      vertex 21.3311 -17.5144 3
      vertex 21.0397 -17.7773 3
    endloop
  endfacet
  facet normal -0.760945 0.648816 0
    outer loop
      vertex 21.3311 -17.5144 3
      vertex 21.5857 -17.2158 5.6
      vertex 21.5857 -17.2158 3
    endloop
  endfacet
  facet normal -0.760945 0.648816 0
    outer loop
      vertex 21.5857 -17.2158 5.6
      vertex 21.3311 -17.5144 3
      vertex 21.3311 -17.5144 5.6
    endloop
  endfacet
  facet normal -0.839078 0.544012 0
    outer loop
      vertex 21.5857 -17.2158 3
      vertex 21.7992 -16.8865 5.6
      vertex 21.7992 -16.8865 3
    endloop
  endfacet
  facet normal -0.839078 0.544012 0
    outer loop
      vertex 21.7992 -16.8865 5.6
      vertex 21.5857 -17.2158 3
      vertex 21.5857 -17.2158 5.6
    endloop
  endfacet
  facet normal -0.902974 0.429696 0
    outer loop
      vertex 21.7992 -16.8865 3
      vertex 21.9678 -16.5322 5.6
      vertex 21.9678 -16.5322 3
    endloop
  endfacet
  facet normal -0.902974 0.429696 0
    outer loop
      vertex 21.9678 -16.5322 5.6
      vertex 21.7992 -16.8865 3
      vertex 21.7992 -16.8865 5.6
    endloop
  endfacet
  facet normal -0.951374 0.308037 0
    outer loop
      vertex 21.9678 -16.5322 3
      vertex 22.0887 -16.1588 5.6
      vertex 22.0887 -16.1588 3
    endloop
  endfacet
  facet normal -0.951374 0.308037 0
    outer loop
      vertex 22.0887 -16.1588 5.6
      vertex 21.9678 -16.5322 3
      vertex 21.9678 -16.5322 5.6
    endloop
  endfacet
  facet normal -0.983402 0.181441 0
    outer loop
      vertex 22.0887 -16.1588 3
      vertex 22.1599 -15.7729 5.6
      vertex 22.1599 -15.7729 3
    endloop
  endfacet
  facet normal -0.983402 0.181441 0
    outer loop
      vertex 22.1599 -15.7729 5.6
      vertex 22.0887 -16.1588 3
      vertex 22.0887 -16.1588 5.6
    endloop
  endfacet
  facet normal -0.998674 0.0514754 0
    outer loop
      vertex 22.1599 -15.7729 3
      vertex 22.1801 -15.381 5.6
      vertex 22.1801 -15.381 3
    endloop
  endfacet
  facet normal -0.998674 0.0514754 0
    outer loop
      vertex 22.1801 -15.381 5.6
      vertex 22.1599 -15.7729 3
      vertex 22.1599 -15.7729 5.6
    endloop
  endfacet
  facet normal -0.99376 -0.111538 0
    outer loop
      vertex 22.1801 -15.381 3
      vertex 22.1148 -14.7992 5.6
      vertex 22.1148 -14.7992 3
    endloop
  endfacet
  facet normal -0.99376 -0.111538 0
    outer loop
      vertex 22.1148 -14.7992 5.6
      vertex 22.1801 -15.381 3
      vertex 22.1801 -15.381 5.6
    endloop
  endfacet
  facet normal -0.978147 -0.207913 0
    outer loop
      vertex 22.1148 -14.7992 3
      vertex 12.195 31.8695 5.6
      vertex 12.195 31.8695 3
    endloop
  endfacet
  facet normal -0.978147 -0.207913 0
    outer loop
      vertex 12.195 31.8695 5.6
      vertex 22.1148 -14.7992 3
      vertex 22.1148 -14.7992 5.6
    endloop
  endfacet
  facet normal -0.987138 -0.159868 0
    outer loop
      vertex 12.195 31.8695 3
      vertex 12.1515 32.1381 5.6
      vertex 12.1515 32.1381 3
    endloop
  endfacet
  facet normal -0.987138 -0.159868 0
    outer loop
      vertex 12.1515 32.1381 5.6
      vertex 12.195 31.8695 3
      vertex 12.195 31.8695 5.6
    endloop
  endfacet
  facet normal -0.993727 -0.111833 0
    outer loop
      vertex 12.1515 32.1381 3
      vertex 12.1296 32.3327 5.6
      vertex 12.1296 32.3327 3
    endloop
  endfacet
  facet normal -0.993727 -0.111833 0
    outer loop
      vertex 12.1296 32.3327 5.6
      vertex 12.1515 32.1381 3
      vertex 12.1515 32.1381 5.6
    endloop
  endfacet
  facet normal -0.996858 -0.0792098 0
    outer loop
      vertex 12.1296 32.3327 3
      vertex 12.1149 32.5177 5.6
      vertex 12.1149 32.5177 3
    endloop
  endfacet
  facet normal -0.996858 -0.0792098 0
    outer loop
      vertex 12.1149 32.5177 5.6
      vertex 12.1296 32.3327 3
      vertex 12.1296 32.3327 5.6
    endloop
  endfacet
  facet normal -0.999812 0.0193794 0
    outer loop
      vertex 12.1149 32.5177 3
      vertex 12.122 32.884 5.6
      vertex 12.122 32.884 3
    endloop
  endfacet
  facet normal -0.999812 0.0193794 0
    outer loop
      vertex 12.122 32.884 5.6
      vertex 12.1149 32.5177 3
      vertex 12.1149 32.5177 5.6
    endloop
  endfacet
  facet normal -0.996404 0.0847351 0
    outer loop
      vertex 12.122 32.884 3
      vertex 12.1386 33.0792 5.6
      vertex 12.1386 33.0792 3
    endloop
  endfacet
  facet normal -0.996404 0.0847351 0
    outer loop
      vertex 12.1386 33.0792 5.6
      vertex 12.122 32.884 3
      vertex 12.122 32.884 5.6
    endloop
  endfacet
  facet normal -0.992894 0.119001 0
    outer loop
      vertex 12.1386 33.0792 3
      vertex 12.1613 33.2686 5.6
      vertex 12.1613 33.2686 3
    endloop
  endfacet
  facet normal -0.992894 0.119001 0
    outer loop
      vertex 12.1613 33.2686 5.6
      vertex 12.1386 33.0792 3
      vertex 12.1386 33.0792 5.6
    endloop
  endfacet
  facet normal -0.976258 0.216612 0
    outer loop
      vertex 12.1613 33.2686 3
      vertex 12.2406 33.626 5.6
      vertex 12.2406 33.626 3
    endloop
  endfacet
  facet normal -0.976258 0.216612 0
    outer loop
      vertex 12.2406 33.626 5.6
      vertex 12.1613 33.2686 3
      vertex 12.1613 33.2686 5.6
    endloop
  endfacet
  facet normal -0.960011 0.279961 0
    outer loop
      vertex 12.2406 33.626 3
      vertex 12.2956 33.8146 5.6
      vertex 12.2956 33.8146 3
    endloop
  endfacet
  facet normal -0.960011 0.279961 0
    outer loop
      vertex 12.2956 33.8146 5.6
      vertex 12.2406 33.626 3
      vertex 12.2406 33.626 5.6
    endloop
  endfacet
  facet normal -0.928324 0.371771 0
    outer loop
      vertex 12.2956 33.8146 3
      vertex 12.4976 34.319 5.6
      vertex 12.4976 34.319 3
    endloop
  endfacet
  facet normal -0.928324 0.371771 0
    outer loop
      vertex 12.4976 34.319 5.6
      vertex 12.2956 33.8146 3
      vertex 12.2956 33.8146 5.6
    endloop
  endfacet
  facet normal -0.887778 0.460272 0
    outer loop
      vertex 12.4976 34.319 3
      vertex 12.5875 34.4924 5.6
      vertex 12.5875 34.4924 3
    endloop
  endfacet
  facet normal -0.887778 0.460272 0
    outer loop
      vertex 12.5875 34.4924 5.6
      vertex 12.4976 34.319 3
      vertex 12.4976 34.319 5.6
    endloop
  endfacet
  facet normal -0.838711 0.544577 0
    outer loop
      vertex 12.5875 34.4924 3
      vertex 12.8854 34.9512 5.6
      vertex 12.8854 34.9512 3
    endloop
  endfacet
  facet normal -0.838711 0.544577 0
    outer loop
      vertex 12.8854 34.9512 5.6
      vertex 12.5875 34.4924 3
      vertex 12.5875 34.4924 5.6
    endloop
  endfacet
  facet normal -0.781517 0.623883 0
    outer loop
      vertex 12.8854 34.9512 3
      vertex 13.0073 35.1039 5.6
      vertex 13.0073 35.1039 3
    endloop
  endfacet
  facet normal -0.781517 0.623883 0
    outer loop
      vertex 13.0073 35.1039 5.6
      vertex 12.8854 34.9512 3
      vertex 12.8854 34.9512 5.6
    endloop
  endfacet
  facet normal -0.717248 0.696818 0
    outer loop
      vertex 13.0073 35.1039 3
      vertex 13.3859 35.4936 5.6
      vertex 13.3859 35.4936 3
    endloop
  endfacet
  facet normal -0.717248 0.696818 0
    outer loop
      vertex 13.3859 35.4936 5.6
      vertex 13.0073 35.1039 3
      vertex 13.0073 35.1039 5.6
    endloop
  endfacet
  facet normal -0.646034 0.763309 0
    outer loop
      vertex 13.5356 35.6203 3
      vertex 13.3859 35.4936 5.6
      vertex 13.5356 35.6203 5.6
    endloop
  endfacet
  facet normal -0.646034 0.763309 0
    outer loop
      vertex 13.3859 35.4936 5.6
      vertex 13.5356 35.6203 3
      vertex 13.3859 35.4936 3
    endloop
  endfacet
  facet normal -0.620138 0.784493 0
    outer loop
      vertex 13.685 35.7384 3
      vertex 13.5356 35.6203 5.6
      vertex 13.685 35.7384 5.6
    endloop
  endfacet
  facet normal -0.620138 0.784493 0
    outer loop
      vertex 13.5356 35.6203 5.6
      vertex 13.685 35.7384 3
      vertex 13.5356 35.6203 3
    endloop
  endfacet
  facet normal -0.538922 0.842356 0
    outer loop
      vertex 13.9937 35.9359 3
      vertex 13.685 35.7384 5.6
      vertex 13.9937 35.9359 5.6
    endloop
  endfacet
  facet normal -0.538922 0.842356 0
    outer loop
      vertex 13.685 35.7384 5.6
      vertex 13.9937 35.9359 3
      vertex 13.685 35.7384 3
    endloop
  endfacet
  facet normal -0.4827 0.875786 0
    outer loop
      vertex 14.1657 36.0307 3
      vertex 13.9937 35.9359 5.6
      vertex 14.1657 36.0307 5.6
    endloop
  endfacet
  facet normal -0.4827 0.875786 0
    outer loop
      vertex 13.9937 35.9359 5.6
      vertex 14.1657 36.0307 3
      vertex 13.9937 35.9359 3
    endloop
  endfacet
  facet normal -0.453667 0.891171 0
    outer loop
      vertex 14.3311 36.1149 3
      vertex 14.1657 36.0307 5.6
      vertex 14.3311 36.1149 5.6
    endloop
  endfacet
  facet normal -0.453667 0.891171 0
    outer loop
      vertex 14.1657 36.0307 5.6
      vertex 14.3311 36.1149 3
      vertex 14.1657 36.0307 3
    endloop
  endfacet
  facet normal -0.363514 0.931589 0
    outer loop
      vertex 14.6722 36.248 3
      vertex 14.3311 36.1149 5.6
      vertex 14.6722 36.248 5.6
    endloop
  endfacet
  facet normal -0.363514 0.931589 0
    outer loop
      vertex 14.3311 36.1149 5.6
      vertex 14.6722 36.248 3
      vertex 14.3311 36.1149 3
    endloop
  endfacet
  facet normal -0.301644 0.953421 0
    outer loop
      vertex 14.859 36.3071 3
      vertex 14.6722 36.248 5.6
      vertex 14.859 36.3071 5.6
    endloop
  endfacet
  facet normal -0.301644 0.953421 0
    outer loop
      vertex 14.6722 36.248 5.6
      vertex 14.859 36.3071 3
      vertex 14.6722 36.248 3
    endloop
  endfacet
  facet normal -0.255417 0.966831 0
    outer loop
      vertex 15.1217 36.3765 3
      vertex 14.859 36.3071 5.6
      vertex 15.1217 36.3765 5.6
    endloop
  endfacet
  facet normal -0.255417 0.966831 0
    outer loop
      vertex 14.859 36.3071 5.6
      vertex 15.1217 36.3765 3
      vertex 14.859 36.3071 3
    endloop
  endfacet
  facet normal -0.207913 0.978147 0
    outer loop
      vertex 27.6825 39.0464 3
      vertex 15.1217 36.3765 5.6
      vertex 27.6825 39.0464 5.6
    endloop
  endfacet
  facet normal -0.207913 0.978147 0
    outer loop
      vertex 15.1217 36.3765 5.6
      vertex 27.6825 39.0464 3
      vertex 15.1217 36.3765 3
    endloop
  endfacet
  facet normal -0.271388 0.96247 0
    outer loop
      vertex 28.0602 39.1529 3
      vertex 27.6825 39.0464 5.6
      vertex 28.0602 39.1529 5.6
    endloop
  endfacet
  facet normal -0.271388 0.96247 0
    outer loop
      vertex 27.6825 39.0464 5.6
      vertex 28.0602 39.1529 3
      vertex 27.6825 39.0464 3
    endloop
  endfacet
  facet normal -0.394688 0.918815 0
    outer loop
      vertex 28.4208 39.3078 3
      vertex 28.0602 39.1529 5.6
      vertex 28.4208 39.3078 5.6
    endloop
  endfacet
  facet normal -0.394688 0.918815 0
    outer loop
      vertex 28.0602 39.1529 5.6
      vertex 28.4208 39.3078 3
      vertex 28.0602 39.1529 3
    endloop
  endfacet
  facet normal -0.511269 0.859421 0
    outer loop
      vertex 28.758 39.5084 3
      vertex 28.4208 39.3078 5.6
      vertex 28.758 39.5084 5.6
    endloop
  endfacet
  facet normal -0.511269 0.859421 0
    outer loop
      vertex 28.4208 39.3078 5.6
      vertex 28.758 39.5084 3
      vertex 28.4208 39.3078 3
    endloop
  endfacet
  facet normal -0.619148 0.785274 0
    outer loop
      vertex 29.0662 39.7514 3
      vertex 28.758 39.5084 5.6
      vertex 29.0662 39.7514 5.6
    endloop
  endfacet
  facet normal -0.619148 0.785274 0
    outer loop
      vertex 28.758 39.5084 5.6
      vertex 29.0662 39.7514 3
      vertex 28.758 39.5084 3
    endloop
  endfacet
  facet normal -0.716347 0.697744 0
    outer loop
      vertex 29.0662 39.7514 3
      vertex 29.34 40.0325 5.6
      vertex 29.34 40.0325 3
    endloop
  endfacet
  facet normal -0.716347 0.697744 0
    outer loop
      vertex 29.34 40.0325 5.6
      vertex 29.0662 39.7514 3
      vertex 29.0662 39.7514 5.6
    endloop
  endfacet
  facet normal -0.801222 0.598368 0
    outer loop
      vertex 29.34 40.0325 3
      vertex 29.5748 40.3469 5.6
      vertex 29.5748 40.3469 3
    endloop
  endfacet
  facet normal -0.801222 0.598368 0
    outer loop
      vertex 29.5748 40.3469 5.6
      vertex 29.34 40.0325 3
      vertex 29.34 40.0325 5.6
    endloop
  endfacet
  facet normal -0.864364 0.502866 0
    outer loop
      vertex 29.5748 40.3469 3
      vertex 29.6744 40.5181 5.6
      vertex 29.6744 40.5181 3
    endloop
  endfacet
  facet normal -0.864364 0.502866 0
    outer loop
      vertex 29.6744 40.5181 5.6
      vertex 29.5748 40.3469 3
      vertex 29.5748 40.3469 5.6
    endloop
  endfacet
  facet normal -0.838643 0.544681 0
    outer loop
      vertex 29.6744 40.5181 3
      vertex 29.9981 41.0165 5.6
      vertex 29.9981 41.0165 3
    endloop
  endfacet
  facet normal -0.838643 0.544681 0
    outer loop
      vertex 29.9981 41.0165 5.6
      vertex 29.6744 40.5181 3
      vertex 29.6744 40.5181 5.6
    endloop
  endfacet
  facet normal -0.781517 0.623883 0
    outer loop
      vertex 29.9981 41.0165 3
      vertex 30.12 41.1692 5.6
      vertex 30.12 41.1692 3
    endloop
  endfacet
  facet normal -0.781517 0.623883 0
    outer loop
      vertex 30.12 41.1692 5.6
      vertex 29.9981 41.0165 3
      vertex 29.9981 41.0165 5.6
    endloop
  endfacet
  facet normal -0.717245 0.696821 0
    outer loop
      vertex 30.12 41.1692 3
      vertex 30.4987 41.559 5.6
      vertex 30.4987 41.559 3
    endloop
  endfacet
  facet normal -0.717245 0.696821 0
    outer loop
      vertex 30.4987 41.559 5.6
      vertex 30.12 41.1692 3
      vertex 30.12 41.1692 5.6
    endloop
  endfacet
  facet normal -0.64617 0.763193 0
    outer loop
      vertex 30.6487 41.686 3
      vertex 30.4987 41.559 5.6
      vertex 30.6487 41.686 5.6
    endloop
  endfacet
  facet normal -0.64617 0.763193 0
    outer loop
      vertex 30.4987 41.559 5.6
      vertex 30.6487 41.686 3
      vertex 30.4987 41.559 3
    endloop
  endfacet
  facet normal -0.62007 0.784546 0
    outer loop
      vertex 30.798 41.804 3
      vertex 30.6487 41.686 5.6
      vertex 30.798 41.804 5.6
    endloop
  endfacet
  facet normal -0.62007 0.784546 0
    outer loop
      vertex 30.6487 41.686 5.6
      vertex 30.798 41.804 3
      vertex 30.6487 41.686 3
    endloop
  endfacet
  facet normal -0.538922 0.842356 0
    outer loop
      vertex 31.1067 42.0015 3
      vertex 30.798 41.804 5.6
      vertex 31.1067 42.0015 5.6
    endloop
  endfacet
  facet normal -0.538922 0.842356 0
    outer loop
      vertex 30.798 41.804 5.6
      vertex 31.1067 42.0015 3
      vertex 30.798 41.804 3
    endloop
  endfacet
  facet normal -0.48274 0.875763 0
    outer loop
      vertex 31.2785 42.0962 3
      vertex 31.1067 42.0015 5.6
      vertex 31.2785 42.0962 5.6
    endloop
  endfacet
  facet normal -0.48274 0.875763 0
    outer loop
      vertex 31.1067 42.0015 5.6
      vertex 31.2785 42.0962 3
      vertex 31.1067 42.0015 3
    endloop
  endfacet
  facet normal -0.453675 0.891167 0
    outer loop
      vertex 31.4437 42.1803 3
      vertex 31.2785 42.0962 5.6
      vertex 31.4437 42.1803 5.6
    endloop
  endfacet
  facet normal -0.453675 0.891167 0
    outer loop
      vertex 31.2785 42.0962 5.6
      vertex 31.4437 42.1803 3
      vertex 31.2785 42.0962 3
    endloop
  endfacet
  facet normal -0.363421 0.931625 0
    outer loop
      vertex 31.7849 42.3134 3
      vertex 31.4437 42.1803 5.6
      vertex 31.7849 42.3134 5.6
    endloop
  endfacet
  facet normal -0.363421 0.931625 0
    outer loop
      vertex 31.4437 42.1803 5.6
      vertex 31.7849 42.3134 3
      vertex 31.4437 42.1803 3
    endloop
  endfacet
  facet normal -0.302108 0.953274 0
    outer loop
      vertex 31.9717 42.3726 3
      vertex 31.7849 42.3134 5.6
      vertex 31.9717 42.3726 5.6
    endloop
  endfacet
  facet normal -0.302108 0.953274 0
    outer loop
      vertex 31.7849 42.3134 5.6
      vertex 31.9717 42.3726 3
      vertex 31.7849 42.3134 3
    endloop
  endfacet
  facet normal -0.255145 0.966903 0
    outer loop
      vertex 32.2347 42.442 3
      vertex 31.9717 42.3726 5.6
      vertex 32.2347 42.442 5.6
    endloop
  endfacet
  facet normal -0.255145 0.966903 0
    outer loop
      vertex 31.9717 42.3726 5.6
      vertex 32.2347 42.442 3
      vertex 31.9717 42.3726 3
    endloop
  endfacet
  facet normal -0.207915 0.978147 0
    outer loop
      vertex 43.1949 44.7717 3
      vertex 32.2347 42.442 5.6
      vertex 43.1949 44.7717 5.6
    endloop
  endfacet
  facet normal -0.207915 0.978147 0
    outer loop
      vertex 32.2347 42.442 5.6
      vertex 43.1949 44.7717 3
      vertex 32.2347 42.442 3
    endloop
  endfacet
  facet normal -0.271388 0.96247 0
    outer loop
      vertex 43.5726 44.8782 3
      vertex 43.1949 44.7717 5.6
      vertex 43.5726 44.8782 5.6
    endloop
  endfacet
  facet normal -0.271388 0.96247 0
    outer loop
      vertex 43.1949 44.7717 5.6
      vertex 43.5726 44.8782 3
      vertex 43.1949 44.7717 3
    endloop
  endfacet
  facet normal -0.394688 0.918815 0
    outer loop
      vertex 43.9332 45.0331 3
      vertex 43.5726 44.8782 5.6
      vertex 43.9332 45.0331 5.6
    endloop
  endfacet
  facet normal -0.394688 0.918815 0
    outer loop
      vertex 43.5726 44.8782 5.6
      vertex 43.9332 45.0331 3
      vertex 43.5726 44.8782 3
    endloop
  endfacet
  facet normal -0.511269 0.859421 0
    outer loop
      vertex 44.2704 45.2337 3
      vertex 43.9332 45.0331 5.6
      vertex 44.2704 45.2337 5.6
    endloop
  endfacet
  facet normal -0.511269 0.859421 0
    outer loop
      vertex 43.9332 45.0331 5.6
      vertex 44.2704 45.2337 3
      vertex 43.9332 45.0331 3
    endloop
  endfacet
  facet normal -0.619148 0.785274 0
    outer loop
      vertex 44.5786 45.4767 3
      vertex 44.2704 45.2337 5.6
      vertex 44.5786 45.4767 5.6
    endloop
  endfacet
  facet normal -0.619148 0.785274 0
    outer loop
      vertex 44.2704 45.2337 5.6
      vertex 44.5786 45.4767 3
      vertex 44.2704 45.2337 3
    endloop
  endfacet
  facet normal -0.716347 0.697744 0
    outer loop
      vertex 44.5786 45.4767 3
      vertex 44.8524 45.7578 5.6
      vertex 44.8524 45.7578 3
    endloop
  endfacet
  facet normal -0.716347 0.697744 0
    outer loop
      vertex 44.8524 45.7578 5.6
      vertex 44.5786 45.4767 3
      vertex 44.5786 45.4767 5.6
    endloop
  endfacet
  facet normal -0.801222 0.598368 0
    outer loop
      vertex 44.8524 45.7578 3
      vertex 45.0872 46.0722 5.6
      vertex 45.0872 46.0722 3
    endloop
  endfacet
  facet normal -0.801222 0.598368 0
    outer loop
      vertex 45.0872 46.0722 5.6
      vertex 44.8524 45.7578 3
      vertex 44.8524 45.7578 5.6
    endloop
  endfacet
  facet normal -0.872554 0.488518 0
    outer loop
      vertex 45.0872 46.0722 3
      vertex 45.2789 46.4146 5.6
      vertex 45.2789 46.4146 3
    endloop
  endfacet
  facet normal -0.872554 0.488518 0
    outer loop
      vertex 45.2789 46.4146 5.6
      vertex 45.0872 46.0722 3
      vertex 45.0872 46.0722 5.6
    endloop
  endfacet
  facet normal -0.92874 0.370732 0
    outer loop
      vertex 45.2789 46.4146 3
      vertex 45.4244 46.7791 5.6
      vertex 45.4244 46.7791 3
    endloop
  endfacet
  facet normal -0.92874 0.370732 0
    outer loop
      vertex 45.4244 46.7791 5.6
      vertex 45.2789 46.4146 3
      vertex 45.2789 46.4146 5.6
    endloop
  endfacet
  facet normal -0.969221 0.246192 0
    outer loop
      vertex 45.4244 46.7791 3
      vertex 45.521 47.1594 5.6
      vertex 45.521 47.1594 3
    endloop
  endfacet
  facet normal -0.969221 0.246192 0
    outer loop
      vertex 45.521 47.1594 5.6
      vertex 45.4244 46.7791 3
      vertex 45.4244 46.7791 5.6
    endloop
  endfacet
  facet normal -0.993076 0.117477 0
    outer loop
      vertex 45.521 47.1594 3
      vertex 45.5671 47.5491 5.6
      vertex 45.5671 47.5491 3
    endloop
  endfacet
  facet normal -0.993076 0.117477 0
    outer loop
      vertex 45.5671 47.5491 5.6
      vertex 45.521 47.1594 3
      vertex 45.521 47.1594 5.6
    endloop
  endfacet
  facet normal -0.999916 -0.0129958 0
    outer loop
      vertex 45.5671 47.5491 3
      vertex 45.562 47.9415 5.6
      vertex 45.562 47.9415 3
    endloop
  endfacet
  facet normal -0.999916 -0.0129958 0
    outer loop
      vertex 45.562 47.9415 5.6
      vertex 45.5671 47.5491 3
      vertex 45.5671 47.5491 5.6
    endloop
  endfacet
  facet normal -0.992823 -0.119593 0
    outer loop
      vertex 45.562 47.9415 3
      vertex 45.5325 48.1864 5.6
      vertex 45.5325 48.1864 3
    endloop
  endfacet
  facet normal -0.992823 -0.119593 0
    outer loop
      vertex 45.5325 48.1864 5.6
      vertex 45.562 47.9415 3
      vertex 45.562 47.9415 5.6
    endloop
  endfacet
  facet normal -0.987097 -0.160125 0
    outer loop
      vertex 45.5325 48.1864 3
      vertex 45.4936 48.4262 5.6
      vertex 45.4936 48.4262 3
    endloop
  endfacet
  facet normal -0.987097 -0.160125 0
    outer loop
      vertex 45.4936 48.4262 5.6
      vertex 45.5325 48.1864 3
      vertex 45.5325 48.1864 5.6
    endloop
  endfacet
  facet normal -0.993733 -0.111776 0
    outer loop
      vertex 45.4936 48.4262 3
      vertex 45.4717 48.6209 5.6
      vertex 45.4717 48.6209 3
    endloop
  endfacet
  facet normal -0.993733 -0.111776 0
    outer loop
      vertex 45.4717 48.6209 5.6
      vertex 45.4936 48.4262 3
      vertex 45.4936 48.4262 5.6
    endloop
  endfacet
  facet normal -0.996848 -0.0793376 0
    outer loop
      vertex 45.4717 48.6209 3
      vertex 45.457 48.8056 5.6
      vertex 45.457 48.8056 3
    endloop
  endfacet
  facet normal -0.996848 -0.0793376 0
    outer loop
      vertex 45.457 48.8056 5.6
      vertex 45.4717 48.6209 3
      vertex 45.4717 48.6209 5.6
    endloop
  endfacet
  facet normal -0.999812 0.0193847 0
    outer loop
      vertex 45.457 48.8056 3
      vertex 45.4641 49.1718 5.6
      vertex 45.4641 49.1718 3
    endloop
  endfacet
  facet normal -0.999812 0.0193847 0
    outer loop
      vertex 45.4641 49.1718 5.6
      vertex 45.457 48.8056 3
      vertex 45.457 48.8056 5.6
    endloop
  endfacet
  facet normal -0.996418 0.0845631 0
    outer loop
      vertex 45.4641 49.1718 3
      vertex 45.4807 49.3674 5.6
      vertex 45.4807 49.3674 3
    endloop
  endfacet
  facet normal -0.996418 0.0845631 0
    outer loop
      vertex 45.4807 49.3674 5.6
      vertex 45.4641 49.1718 3
      vertex 45.4641 49.1718 5.6
    endloop
  endfacet
  facet normal -0.992894 0.119001 0
    outer loop
      vertex 45.4807 49.3674 3
      vertex 45.5034 49.5568 5.6
      vertex 45.5034 49.5568 3
    endloop
  endfacet
  facet normal -0.992894 0.119001 0
    outer loop
      vertex 45.5034 49.5568 5.6
      vertex 45.4807 49.3674 3
      vertex 45.4807 49.3674 5.6
    endloop
  endfacet
  facet normal -0.976283 0.216497 0
    outer loop
      vertex 45.5034 49.5568 3
      vertex 45.5827 49.9144 5.6
      vertex 45.5827 49.9144 3
    endloop
  endfacet
  facet normal -0.976283 0.216497 0
    outer loop
      vertex 45.5827 49.9144 5.6
      vertex 45.5034 49.5568 3
      vertex 45.5034 49.5568 5.6
    endloop
  endfacet
  facet normal -0.959971 0.280098 0
    outer loop
      vertex 45.5827 49.9144 3
      vertex 45.6377 50.1029 5.6
      vertex 45.6377 50.1029 3
    endloop
  endfacet
  facet normal -0.959971 0.280098 0
    outer loop
      vertex 45.6377 50.1029 5.6
      vertex 45.5827 49.9144 3
      vertex 45.5827 49.9144 5.6
    endloop
  endfacet
  facet normal -0.928261 0.37193 0
    outer loop
      vertex 45.6377 50.1029 3
      vertex 45.8398 50.6073 5.6
      vertex 45.8398 50.6073 3
    endloop
  endfacet
  facet normal -0.928261 0.37193 0
    outer loop
      vertex 45.8398 50.6073 5.6
      vertex 45.6377 50.1029 3
      vertex 45.6377 50.1029 5.6
    endloop
  endfacet
  facet normal -0.887778 0.460272 0
    outer loop
      vertex 45.8398 50.6073 3
      vertex 45.9297 50.7807 5.6
      vertex 45.9297 50.7807 3
    endloop
  endfacet
  facet normal -0.887778 0.460272 0
    outer loop
      vertex 45.9297 50.7807 5.6
      vertex 45.8398 50.6073 3
      vertex 45.8398 50.6073 5.6
    endloop
  endfacet
  facet normal -0.838661 0.544654 0
    outer loop
      vertex 45.9297 50.7807 3
      vertex 46.2274 51.2391 5.6
      vertex 46.2274 51.2391 3
    endloop
  endfacet
  facet normal -0.838661 0.544654 0
    outer loop
      vertex 46.2274 51.2391 5.6
      vertex 45.9297 50.7807 3
      vertex 45.9297 50.7807 5.6
    endloop
  endfacet
  facet normal -0.781517 0.623883 0
    outer loop
      vertex 46.2274 51.2391 3
      vertex 46.3493 51.3918 5.6
      vertex 46.3493 51.3918 3
    endloop
  endfacet
  facet normal -0.781517 0.623883 0
    outer loop
      vertex 46.3493 51.3918 5.6
      vertex 46.2274 51.2391 3
      vertex 46.2274 51.2391 5.6
    endloop
  endfacet
  facet normal -0.717332 0.696732 0
    outer loop
      vertex 46.3493 51.3918 3
      vertex 46.7281 51.7818 5.6
      vertex 46.7281 51.7818 3
    endloop
  endfacet
  facet normal -0.717332 0.696732 0
    outer loop
      vertex 46.7281 51.7818 5.6
      vertex 46.3493 51.3918 3
      vertex 46.3493 51.3918 5.6
    endloop
  endfacet
  facet normal -0.64624 0.763135 0
    outer loop
      vertex 46.8776 51.9084 3
      vertex 46.7281 51.7818 5.6
      vertex 46.8776 51.9084 5.6
    endloop
  endfacet
  facet normal -0.64624 0.763135 0
    outer loop
      vertex 46.7281 51.7818 5.6
      vertex 46.8776 51.9084 3
      vertex 46.7281 51.7818 3
    endloop
  endfacet
  facet normal -0.620206 0.784439 0
    outer loop
      vertex 47.0271 52.0266 3
      vertex 46.8776 51.9084 5.6
      vertex 47.0271 52.0266 5.6
    endloop
  endfacet
  facet normal -0.620206 0.784439 0
    outer loop
      vertex 46.8776 51.9084 5.6
      vertex 47.0271 52.0266 3
      vertex 46.8776 51.9084 3
    endloop
  endfacet
  facet normal -0.538922 0.842356 0
    outer loop
      vertex 47.3358 52.2241 3
      vertex 47.0271 52.0266 5.6
      vertex 47.3358 52.2241 5.6
    endloop
  endfacet
  facet normal -0.538922 0.842356 0
    outer loop
      vertex 47.0271 52.0266 5.6
      vertex 47.3358 52.2241 3
      vertex 47.0271 52.0266 3
    endloop
  endfacet
  facet normal -0.482485 0.875904 0
    outer loop
      vertex 47.5079 52.3189 3
      vertex 47.3358 52.2241 5.6
      vertex 47.5079 52.3189 5.6
    endloop
  endfacet
  facet normal -0.482485 0.875904 0
    outer loop
      vertex 47.3358 52.2241 5.6
      vertex 47.5079 52.3189 3
      vertex 47.3358 52.2241 3
    endloop
  endfacet
  facet normal -0.453683 0.891163 0
    outer loop
      vertex 47.6729 52.4029 3
      vertex 47.5079 52.3189 5.6
      vertex 47.6729 52.4029 5.6
    endloop
  endfacet
  facet normal -0.453683 0.891163 0
    outer loop
      vertex 47.5079 52.3189 5.6
      vertex 47.6729 52.4029 3
      vertex 47.5079 52.3189 3
    endloop
  endfacet
  facet normal -0.363381 0.931641 0
    outer loop
      vertex 48.0144 52.5361 3
      vertex 47.6729 52.4029 5.6
      vertex 48.0144 52.5361 5.6
    endloop
  endfacet
  facet normal -0.363381 0.931641 0
    outer loop
      vertex 47.6729 52.4029 5.6
      vertex 48.0144 52.5361 3
      vertex 47.6729 52.4029 3
    endloop
  endfacet
  facet normal -0.302233 0.953234 0
    outer loop
      vertex 48.2008 52.5952 3
      vertex 48.0144 52.5361 5.6
      vertex 48.2008 52.5952 5.6
    endloop
  endfacet
  facet normal -0.302233 0.953234 0
    outer loop
      vertex 48.0144 52.5361 5.6
      vertex 48.2008 52.5952 3
      vertex 48.0144 52.5361 3
    endloop
  endfacet
  facet normal -0.254963 0.966951 0
    outer loop
      vertex 48.464 52.6646 3
      vertex 48.2008 52.5952 5.6
      vertex 48.464 52.6646 5.6
    endloop
  endfacet
  facet normal -0.254963 0.966951 0
    outer loop
      vertex 48.2008 52.5952 5.6
      vertex 48.464 52.6646 3
      vertex 48.2008 52.5952 3
    endloop
  endfacet
  facet normal -0.207928 0.978144 0
    outer loop
      vertex 52.6903 53.563 3
      vertex 48.464 52.6646 5.6
      vertex 52.6903 53.563 5.6
    endloop
  endfacet
  facet normal -0.207928 0.978144 0
    outer loop
      vertex 48.464 52.6646 5.6
      vertex 52.6903 53.563 3
      vertex 48.464 52.6646 3
    endloop
  endfacet
  facet normal -0.271388 0.96247 0
    outer loop
      vertex 53.068 53.6695 3
      vertex 52.6903 53.563 5.6
      vertex 53.068 53.6695 5.6
    endloop
  endfacet
  facet normal -0.271388 0.96247 0
    outer loop
      vertex 52.6903 53.563 5.6
      vertex 53.068 53.6695 3
      vertex 52.6903 53.563 3
    endloop
  endfacet
  facet normal -0.394688 0.918815 0
    outer loop
      vertex 53.4286 53.8244 3
      vertex 53.068 53.6695 5.6
      vertex 53.4286 53.8244 5.6
    endloop
  endfacet
  facet normal -0.394688 0.918815 0
    outer loop
      vertex 53.068 53.6695 5.6
      vertex 53.4286 53.8244 3
      vertex 53.068 53.6695 3
    endloop
  endfacet
  facet normal -0.511269 0.859421 0
    outer loop
      vertex 53.7658 54.025 3
      vertex 53.4286 53.8244 5.6
      vertex 53.7658 54.025 5.6
    endloop
  endfacet
  facet normal -0.511269 0.859421 0
    outer loop
      vertex 53.4286 53.8244 5.6
      vertex 53.7658 54.025 3
      vertex 53.4286 53.8244 3
    endloop
  endfacet
  facet normal -0.619148 0.785274 0
    outer loop
      vertex 54.074 54.268 3
      vertex 53.7658 54.025 5.6
      vertex 54.074 54.268 5.6
    endloop
  endfacet
  facet normal -0.619148 0.785274 0
    outer loop
      vertex 53.7658 54.025 5.6
      vertex 54.074 54.268 3
      vertex 53.7658 54.025 3
    endloop
  endfacet
  facet normal -0.716347 0.697744 0
    outer loop
      vertex 54.074 54.268 3
      vertex 54.3478 54.5491 5.6
      vertex 54.3478 54.5491 3
    endloop
  endfacet
  facet normal -0.716347 0.697744 0
    outer loop
      vertex 54.3478 54.5491 5.6
      vertex 54.074 54.268 3
      vertex 54.074 54.268 5.6
    endloop
  endfacet
  facet normal -0.801222 0.598368 0
    outer loop
      vertex 54.3478 54.5491 3
      vertex 54.5826 54.8635 5.6
      vertex 54.5826 54.8635 3
    endloop
  endfacet
  facet normal -0.801222 0.598368 0
    outer loop
      vertex 54.5826 54.8635 5.6
      vertex 54.3478 54.5491 3
      vertex 54.3478 54.5491 5.6
    endloop
  endfacet
  facet normal -0.864276 0.503018 0
    outer loop
      vertex 54.5826 54.8635 3
      vertex 54.7146 55.0903 5.6
      vertex 54.7146 55.0903 3
    endloop
  endfacet
  facet normal -0.864276 0.503018 0
    outer loop
      vertex 54.7146 55.0903 5.6
      vertex 54.5826 54.8635 3
      vertex 54.5826 54.8635 5.6
    endloop
  endfacet
  facet normal -0.838691 0.544607 0
    outer loop
      vertex 54.7146 55.0903 3
      vertex 55.0209 55.562 5.6
      vertex 55.0209 55.562 3
    endloop
  endfacet
  facet normal -0.838691 0.544607 0
    outer loop
      vertex 55.0209 55.562 5.6
      vertex 54.7146 55.0903 3
      vertex 54.7146 55.0903 5.6
    endloop
  endfacet
  facet normal -0.781517 0.623883 0
    outer loop
      vertex 55.0209 55.562 3
      vertex 55.1428 55.7147 5.6
      vertex 55.1428 55.7147 3
    endloop
  endfacet
  facet normal -0.781517 0.623883 0
    outer loop
      vertex 55.1428 55.7147 5.6
      vertex 55.0209 55.562 3
      vertex 55.0209 55.562 5.6
    endloop
  endfacet
  facet normal -0.717248 0.696818 0
    outer loop
      vertex 55.1428 55.7147 3
      vertex 55.5214 56.1044 5.6
      vertex 55.5214 56.1044 3
    endloop
  endfacet
  facet normal -0.717248 0.696818 0
    outer loop
      vertex 55.5214 56.1044 5.6
      vertex 55.1428 55.7147 3
      vertex 55.1428 55.7147 5.6
    endloop
  endfacet
  facet normal -0.646331 0.763058 0
    outer loop
      vertex 55.6711 56.2312 3
      vertex 55.5214 56.1044 5.6
      vertex 55.6711 56.2312 5.6
    endloop
  endfacet
  facet normal -0.646331 0.763058 0
    outer loop
      vertex 55.5214 56.1044 5.6
      vertex 55.6711 56.2312 3
      vertex 55.5214 56.1044 3
    endloop
  endfacet
  facet normal -0.62007 0.784546 0
    outer loop
      vertex 55.8204 56.3492 3
      vertex 55.6711 56.2312 5.6
      vertex 55.8204 56.3492 5.6
    endloop
  endfacet
  facet normal -0.62007 0.784546 0
    outer loop
      vertex 55.6711 56.2312 5.6
      vertex 55.8204 56.3492 3
      vertex 55.6711 56.2312 3
    endloop
  endfacet
  facet normal -0.539046 0.842276 0
    outer loop
      vertex 56.129 56.5467 3
      vertex 55.8204 56.3492 5.6
      vertex 56.129 56.5467 5.6
    endloop
  endfacet
  facet normal -0.539046 0.842276 0
    outer loop
      vertex 55.8204 56.3492 5.6
      vertex 56.129 56.5467 3
      vertex 55.8204 56.3492 3
    endloop
  endfacet
  facet normal -0.482485 0.875904 0
    outer loop
      vertex 56.3011 56.6415 3
      vertex 56.129 56.5467 5.6
      vertex 56.3011 56.6415 5.6
    endloop
  endfacet
  facet normal -0.482485 0.875904 0
    outer loop
      vertex 56.129 56.5467 5.6
      vertex 56.3011 56.6415 3
      vertex 56.129 56.5467 3
    endloop
  endfacet
  facet normal -0.45366 0.891175 0
    outer loop
      vertex 56.4667 56.7258 3
      vertex 56.3011 56.6415 5.6
      vertex 56.4667 56.7258 5.6
    endloop
  endfacet
  facet normal -0.45366 0.891175 0
    outer loop
      vertex 56.3011 56.6415 5.6
      vertex 56.4667 56.7258 3
      vertex 56.3011 56.6415 3
    endloop
  endfacet
  facet normal -0.363514 0.931589 0
    outer loop
      vertex 56.8078 56.8589 3
      vertex 56.4667 56.7258 5.6
      vertex 56.8078 56.8589 5.6
    endloop
  endfacet
  facet normal -0.363514 0.931589 0
    outer loop
      vertex 56.4667 56.7258 5.6
      vertex 56.8078 56.8589 3
      vertex 56.4667 56.7258 3
    endloop
  endfacet
  facet normal -0.301644 0.953421 0
    outer loop
      vertex 56.9946 56.918 3
      vertex 56.8078 56.8589 5.6
      vertex 56.9946 56.918 5.6
    endloop
  endfacet
  facet normal -0.301644 0.953421 0
    outer loop
      vertex 56.8078 56.8589 5.6
      vertex 56.9946 56.918 3
      vertex 56.8078 56.8589 3
    endloop
  endfacet
  facet normal -0.255073 0.966922 0
    outer loop
      vertex 57.2573 56.9873 3
      vertex 56.9946 56.918 5.6
      vertex 57.2573 56.9873 5.6
    endloop
  endfacet
  facet normal -0.255073 0.966922 0
    outer loop
      vertex 56.9946 56.918 5.6
      vertex 57.2573 56.9873 3
      vertex 56.9946 56.918 3
    endloop
  endfacet
  facet normal -0.207912 0.978148 0
    outer loop
      vertex 60.9876 57.7802 3
      vertex 57.2573 56.9873 5.6
      vertex 60.9876 57.7802 5.6
    endloop
  endfacet
  facet normal -0.207912 0.978148 0
    outer loop
      vertex 57.2573 56.9873 5.6
      vertex 60.9876 57.7802 3
      vertex 57.2573 56.9873 3
    endloop
  endfacet
  facet normal -0.271624 0.962404 0
    outer loop
      vertex 61.3653 57.8868 3
      vertex 60.9876 57.7802 5.6
      vertex 61.3653 57.8868 5.6
    endloop
  endfacet
  facet normal -0.271624 0.962404 0
    outer loop
      vertex 60.9876 57.7802 5.6
      vertex 61.3653 57.8868 3
      vertex 60.9876 57.7802 3
    endloop
  endfacet
  facet normal -0.394688 0.918815 0
    outer loop
      vertex 61.7259 58.0417 3
      vertex 61.3653 57.8868 5.6
      vertex 61.7259 58.0417 5.6
    endloop
  endfacet
  facet normal -0.394688 0.918815 0
    outer loop
      vertex 61.3653 57.8868 5.6
      vertex 61.7259 58.0417 3
      vertex 61.3653 57.8868 3
    endloop
  endfacet
  facet normal -0.511269 0.859421 0
    outer loop
      vertex 62.0631 58.2423 3
      vertex 61.7259 58.0417 5.6
      vertex 62.0631 58.2423 5.6
    endloop
  endfacet
  facet normal -0.511269 0.859421 0
    outer loop
      vertex 61.7259 58.0417 5.6
      vertex 62.0631 58.2423 3
      vertex 61.7259 58.0417 3
    endloop
  endfacet
  facet normal -0.619148 0.785274 0
    outer loop
      vertex 62.3713 58.4853 3
      vertex 62.0631 58.2423 5.6
      vertex 62.3713 58.4853 5.6
    endloop
  endfacet
  facet normal -0.619148 0.785274 0
    outer loop
      vertex 62.0631 58.2423 5.6
      vertex 62.3713 58.4853 3
      vertex 62.0631 58.2423 3
    endloop
  endfacet
  facet normal -0.716223 0.697871 0
    outer loop
      vertex 62.3713 58.4853 3
      vertex 62.6451 58.7663 5.6
      vertex 62.6451 58.7663 3
    endloop
  endfacet
  facet normal -0.716223 0.697871 0
    outer loop
      vertex 62.6451 58.7663 5.6
      vertex 62.3713 58.4853 3
      vertex 62.3713 58.4853 5.6
    endloop
  endfacet
  facet normal -0.801313 0.598246 0
    outer loop
      vertex 62.6451 58.7663 3
      vertex 62.8799 59.0808 5.6
      vertex 62.8799 59.0808 3
    endloop
  endfacet
  facet normal -0.801313 0.598246 0
    outer loop
      vertex 62.8799 59.0808 5.6
      vertex 62.6451 58.7663 3
      vertex 62.6451 58.7663 5.6
    endloop
  endfacet
  facet normal -0.872554 0.488518 0
    outer loop
      vertex 62.8799 59.0808 3
      vertex 63.0716 59.4232 5.6
      vertex 63.0716 59.4232 3
    endloop
  endfacet
  facet normal -0.872554 0.488518 0
    outer loop
      vertex 63.0716 59.4232 5.6
      vertex 62.8799 59.0808 3
      vertex 62.8799 59.0808 5.6
    endloop
  endfacet
  facet normal -0.928705 0.370819 0
    outer loop
      vertex 63.0716 59.4232 3
      vertex 63.2171 59.7876 5.6
      vertex 63.2171 59.7876 3
    endloop
  endfacet
  facet normal -0.928705 0.370819 0
    outer loop
      vertex 63.2171 59.7876 5.6
      vertex 63.0716 59.4232 3
      vertex 63.0716 59.4232 5.6
    endloop
  endfacet
  facet normal -0.969237 0.246131 0
    outer loop
      vertex 63.2171 59.7876 3
      vertex 63.3137 60.168 5.6
      vertex 63.3137 60.168 3
    endloop
  endfacet
  facet normal -0.969237 0.246131 0
    outer loop
      vertex 63.3137 60.168 5.6
      vertex 63.2171 59.7876 3
      vertex 63.2171 59.7876 5.6
    endloop
  endfacet
  facet normal -0.993076 0.117477 0
    outer loop
      vertex 63.3137 60.168 3
      vertex 63.3598 60.5577 5.6
      vertex 63.3598 60.5577 3
    endloop
  endfacet
  facet normal -0.993076 0.117477 0
    outer loop
      vertex 63.3598 60.5577 5.6
      vertex 63.3137 60.168 3
      vertex 63.3137 60.168 5.6
    endloop
  endfacet
  facet normal -0.999912 -0.0132506 0
    outer loop
      vertex 63.3598 60.5577 3
      vertex 63.3546 60.9501 5.6
      vertex 63.3546 60.9501 3
    endloop
  endfacet
  facet normal -0.999912 -0.0132506 0
    outer loop
      vertex 63.3546 60.9501 5.6
      vertex 63.3598 60.5577 3
      vertex 63.3598 60.5577 5.6
    endloop
  endfacet
  facet normal -0.989652 -0.143491 0
    outer loop
      vertex 63.3546 60.9501 3
      vertex 63.2983 61.3384 5.6
      vertex 63.2983 61.3384 3
    endloop
  endfacet
  facet normal -0.989652 -0.143491 0
    outer loop
      vertex 63.2983 61.3384 5.6
      vertex 63.3546 60.9501 3
      vertex 63.3546 60.9501 5.6
    endloop
  endfacet
  facet normal -0.96247 -0.271388 0
    outer loop
      vertex 63.2983 61.3384 3
      vertex 63.1918 61.7161 5.6
      vertex 63.1918 61.7161 3
    endloop
  endfacet
  facet normal -0.96247 -0.271388 0
    outer loop
      vertex 63.1918 61.7161 5.6
      vertex 63.2983 61.3384 3
      vertex 63.2983 61.3384 5.6
    endloop
  endfacet
  facet normal -0.918815 -0.394688 0
    outer loop
      vertex 63.1918 61.7161 3
      vertex 63.0369 62.0767 5.6
      vertex 63.0369 62.0767 3
    endloop
  endfacet
  facet normal -0.918815 -0.394688 0
    outer loop
      vertex 63.0369 62.0767 5.6
      vertex 63.1918 61.7161 3
      vertex 63.1918 61.7161 5.6
    endloop
  endfacet
  facet normal -0.859421 -0.511269 0
    outer loop
      vertex 63.0369 62.0767 3
      vertex 62.8363 62.4139 5.6
      vertex 62.8363 62.4139 3
    endloop
  endfacet
  facet normal -0.859421 -0.511269 0
    outer loop
      vertex 62.8363 62.4139 5.6
      vertex 63.0369 62.0767 3
      vertex 63.0369 62.0767 5.6
    endloop
  endfacet
  facet normal -0.785274 -0.619148 0
    outer loop
      vertex 62.8363 62.4139 3
      vertex 62.5933 62.7221 5.6
      vertex 62.5933 62.7221 3
    endloop
  endfacet
  facet normal -0.785274 -0.619148 0
    outer loop
      vertex 62.5933 62.7221 5.6
      vertex 62.8363 62.4139 3
      vertex 62.8363 62.4139 5.6
    endloop
  endfacet
  facet normal -0.697744 -0.716347 0
    outer loop
      vertex 62.3122 62.9959 3
      vertex 62.5933 62.7221 5.6
      vertex 62.3122 62.9959 5.6
    endloop
  endfacet
  facet normal -0.697744 -0.716347 -0
    outer loop
      vertex 62.5933 62.7221 5.6
      vertex 62.3122 62.9959 3
      vertex 62.5933 62.7221 3
    endloop
  endfacet
  facet normal -0.598368 -0.801222 0
    outer loop
      vertex 61.9978 63.2307 3
      vertex 62.3122 62.9959 5.6
      vertex 61.9978 63.2307 5.6
    endloop
  endfacet
  facet normal -0.598368 -0.801222 -0
    outer loop
      vertex 62.3122 62.9959 5.6
      vertex 61.9978 63.2307 3
      vertex 62.3122 62.9959 3
    endloop
  endfacet
  facet normal -0.488518 -0.872554 0
    outer loop
      vertex 61.6554 63.4224 3
      vertex 61.9978 63.2307 5.6
      vertex 61.6554 63.4224 5.6
    endloop
  endfacet
  facet normal -0.488518 -0.872554 -0
    outer loop
      vertex 61.9978 63.2307 5.6
      vertex 61.6554 63.4224 3
      vertex 61.9978 63.2307 3
    endloop
  endfacet
  facet normal -0.370732 -0.92874 0
    outer loop
      vertex 61.2909 63.5679 3
      vertex 61.6554 63.4224 5.6
      vertex 61.2909 63.5679 5.6
    endloop
  endfacet
  facet normal -0.370732 -0.92874 -0
    outer loop
      vertex 61.6554 63.4224 5.6
      vertex 61.2909 63.5679 3
      vertex 61.6554 63.4224 3
    endloop
  endfacet
  facet normal -0.246192 -0.969221 0
    outer loop
      vertex 60.9106 63.6645 3
      vertex 61.2909 63.5679 5.6
      vertex 60.9106 63.6645 5.6
    endloop
  endfacet
  facet normal -0.246192 -0.969221 -0
    outer loop
      vertex 61.2909 63.5679 5.6
      vertex 60.9106 63.6645 3
      vertex 61.2909 63.5679 3
    endloop
  endfacet
  facet normal -0.091439 -0.995811 0
    outer loop
      vertex 60.3639 63.7147 3
      vertex 60.9106 63.6645 5.6
      vertex 60.3639 63.7147 5.6
    endloop
  endfacet
  facet normal -0.091439 -0.995811 -0
    outer loop
      vertex 60.9106 63.6645 5.6
      vertex 60.3639 63.7147 3
      vertex 60.9106 63.6645 3
    endloop
  endfacet
  facet normal 0 -1 0
    outer loop
      vertex -60.3639 63.7147 3
      vertex 60.3639 63.7147 5.6
      vertex -60.3639 63.7147 5.6
    endloop
  endfacet
  facet normal 0 -1 -0
    outer loop
      vertex 60.3639 63.7147 5.6
      vertex -60.3639 63.7147 3
      vertex 60.3639 63.7147 3
    endloop
  endfacet
  facet normal 0.0654873 -0.997853 0
    outer loop
      vertex -60.7555 63.689 3
      vertex -60.3639 63.7147 5.6
      vertex -60.7555 63.689 5.6
    endloop
  endfacet
  facet normal 0.0654873 -0.997853 0
    outer loop
      vertex -60.3639 63.7147 5.6
      vertex -60.7555 63.689 3
      vertex -60.3639 63.7147 3
    endloop
  endfacet
  facet normal 0.19494 -0.980815 0
    outer loop
      vertex -61.1404 63.6125 3
      vertex -60.7555 63.689 5.6
      vertex -61.1404 63.6125 5.6
    endloop
  endfacet
  facet normal 0.19494 -0.980815 0
    outer loop
      vertex -60.7555 63.689 5.6
      vertex -61.1404 63.6125 3
      vertex -60.7555 63.689 3
    endloop
  endfacet
  facet normal 0.321651 -0.946858 0
    outer loop
      vertex -61.5119 63.4863 3
      vertex -61.1404 63.6125 5.6
      vertex -61.5119 63.4863 5.6
    endloop
  endfacet
  facet normal 0.321651 -0.946858 0
    outer loop
      vertex -61.1404 63.6125 5.6
      vertex -61.5119 63.4863 3
      vertex -61.1404 63.6125 3
    endloop
  endfacet
  facet normal 0.44211 -0.896961 0
    outer loop
      vertex -61.8639 63.3128 3
      vertex -61.5119 63.4863 5.6
      vertex -61.8639 63.3128 5.6
    endloop
  endfacet
  facet normal 0.44211 -0.896961 0
    outer loop
      vertex -61.5119 63.4863 5.6
      vertex -61.8639 63.3128 3
      vertex -61.5119 63.4863 3
    endloop
  endfacet
  facet normal 0.555523 -0.831501 0
    outer loop
      vertex -62.1902 63.0948 3
      vertex -61.8639 63.3128 5.6
      vertex -62.1902 63.0948 5.6
    endloop
  endfacet
  facet normal 0.555523 -0.831501 0
    outer loop
      vertex -61.8639 63.3128 5.6
      vertex -62.1902 63.0948 3
      vertex -61.8639 63.3128 3
    endloop
  endfacet
  facet normal 0.659478 -0.751724 0
    outer loop
      vertex -62.4852 62.836 3
      vertex -62.1902 63.0948 5.6
      vertex -62.4852 62.836 5.6
    endloop
  endfacet
  facet normal 0.659478 -0.751724 0
    outer loop
      vertex -62.1902 63.0948 5.6
      vertex -62.4852 62.836 3
      vertex -62.1902 63.0948 3
    endloop
  endfacet
  facet normal 0.751724 -0.659478 0
    outer loop
      vertex -62.744 62.541 5.6
      vertex -62.4852 62.836 3
      vertex -62.4852 62.836 5.6
    endloop
  endfacet
  facet normal 0.751724 -0.659478 0
    outer loop
      vertex -62.4852 62.836 3
      vertex -62.744 62.541 5.6
      vertex -62.744 62.541 3
    endloop
  endfacet
  facet normal 0.831501 -0.555523 0
    outer loop
      vertex -62.962 62.2147 5.6
      vertex -62.744 62.541 3
      vertex -62.744 62.541 5.6
    endloop
  endfacet
  facet normal 0.831501 -0.555523 0
    outer loop
      vertex -62.744 62.541 3
      vertex -62.962 62.2147 5.6
      vertex -62.962 62.2147 3
    endloop
  endfacet
  facet normal 0.896961 -0.44211 0
    outer loop
      vertex -63.1355 61.8627 5.6
      vertex -62.962 62.2147 3
      vertex -62.962 62.2147 5.6
    endloop
  endfacet
  facet normal 0.896961 -0.44211 0
    outer loop
      vertex -62.962 62.2147 3
      vertex -63.1355 61.8627 5.6
      vertex -63.1355 61.8627 3
    endloop
  endfacet
  facet normal 0.946885 -0.321574 0
    outer loop
      vertex -63.2617 61.4911 5.6
      vertex -63.1355 61.8627 3
      vertex -63.1355 61.8627 5.6
    endloop
  endfacet
  facet normal 0.946885 -0.321574 0
    outer loop
      vertex -63.1355 61.8627 3
      vertex -63.2617 61.4911 5.6
      vertex -63.2617 61.4911 3
    endloop
  endfacet
  facet normal 0.980806 -0.194989 0
    outer loop
      vertex -63.3382 61.1063 5.6
      vertex -63.2617 61.4911 3
      vertex -63.2617 61.4911 5.6
    endloop
  endfacet
  facet normal 0.980806 -0.194989 0
    outer loop
      vertex -63.2617 61.4911 3
      vertex -63.3382 61.1063 5.6
      vertex -63.3382 61.1063 3
    endloop
  endfacet
  facet normal 0.997853 -0.0654873 0
    outer loop
      vertex -63.3639 60.7147 5.6
      vertex -63.3382 61.1063 3
      vertex -63.3382 61.1063 5.6
    endloop
  endfacet
  facet normal 0.997853 -0.0654873 0
    outer loop
      vertex -63.3382 61.1063 3
      vertex -63.3639 60.7147 5.6
      vertex -63.3639 60.7147 3
    endloop
  endfacet
  facet normal 0.997853 0.0654873 0
    outer loop
      vertex -63.3382 60.3231 5.6
      vertex -63.3639 60.7147 3
      vertex -63.3639 60.7147 5.6
    endloop
  endfacet
  facet normal 0.997853 0.0654873 0
    outer loop
      vertex -63.3639 60.7147 3
      vertex -63.3382 60.3231 5.6
      vertex -63.3382 60.3231 3
    endloop
  endfacet
  facet normal 0.980815 0.19494 0
    outer loop
      vertex -63.2617 59.9382 5.6
      vertex -63.3382 60.3231 3
      vertex -63.3382 60.3231 5.6
    endloop
  endfacet
  facet normal 0.980815 0.19494 0
    outer loop
      vertex -63.3382 60.3231 3
      vertex -63.2617 59.9382 5.6
      vertex -63.2617 59.9382 3
    endloop
  endfacet
  facet normal 0.946885 0.321574 0
    outer loop
      vertex -63.1355 59.5666 5.6
      vertex -63.2617 59.9382 3
      vertex -63.2617 59.9382 5.6
    endloop
  endfacet
  facet normal 0.946885 0.321574 0
    outer loop
      vertex -63.2617 59.9382 3
      vertex -63.1355 59.5666 5.6
      vertex -63.1355 59.5666 3
    endloop
  endfacet
  facet normal 0.896911 0.442211 0
    outer loop
      vertex -62.962 59.2147 5.6
      vertex -63.1355 59.5666 3
      vertex -63.1355 59.5666 5.6
    endloop
  endfacet
  facet normal 0.896911 0.442211 0
    outer loop
      vertex -63.1355 59.5666 3
      vertex -62.962 59.2147 5.6
      vertex -62.962 59.2147 3
    endloop
  endfacet
  facet normal 0.831501 0.555523 0
    outer loop
      vertex -62.744 58.8884 5.6
      vertex -62.962 59.2147 3
      vertex -62.962 59.2147 5.6
    endloop
  endfacet
  facet normal 0.831501 0.555523 0
    outer loop
      vertex -62.962 59.2147 3
      vertex -62.744 58.8884 5.6
      vertex -62.744 58.8884 3
    endloop
  endfacet
  facet normal 0.751724 0.659478 0
    outer loop
      vertex -62.4852 58.5934 5.6
      vertex -62.744 58.8884 3
      vertex -62.744 58.8884 5.6
    endloop
  endfacet
  facet normal 0.751724 0.659478 0
    outer loop
      vertex -62.744 58.8884 3
      vertex -62.4852 58.5934 5.6
      vertex -62.4852 58.5934 3
    endloop
  endfacet
  facet normal 0.659478 0.751724 -0
    outer loop
      vertex -62.1902 58.3346 3
      vertex -62.4852 58.5934 5.6
      vertex -62.1902 58.3346 5.6
    endloop
  endfacet
  facet normal 0.659478 0.751724 0
    outer loop
      vertex -62.4852 58.5934 5.6
      vertex -62.1902 58.3346 3
      vertex -62.4852 58.5934 3
    endloop
  endfacet
  facet normal 0.555523 0.831501 -0
    outer loop
      vertex -61.8639 58.1166 3
      vertex -62.1902 58.3346 5.6
      vertex -61.8639 58.1166 5.6
    endloop
  endfacet
  facet normal 0.555523 0.831501 0
    outer loop
      vertex -62.1902 58.3346 5.6
      vertex -61.8639 58.1166 3
      vertex -62.1902 58.3346 3
    endloop
  endfacet
  facet normal 0.44211 0.896961 -0
    outer loop
      vertex -61.5119 57.9431 3
      vertex -61.8639 58.1166 5.6
      vertex -61.5119 57.9431 5.6
    endloop
  endfacet
  facet normal 0.44211 0.896961 0
    outer loop
      vertex -61.8639 58.1166 5.6
      vertex -61.5119 57.9431 3
      vertex -61.8639 58.1166 3
    endloop
  endfacet
  facet normal 0.296709 0.954968 -0
    outer loop
      vertex -60.9876 57.7802 3
      vertex -61.5119 57.9431 5.6
      vertex -60.9876 57.7802 5.6
    endloop
  endfacet
  facet normal 0.296709 0.954968 0
    outer loop
      vertex -61.5119 57.9431 5.6
      vertex -60.9876 57.7802 3
      vertex -61.5119 57.9431 3
    endloop
  endfacet
  facet normal 0.207912 0.978148 -0
    outer loop
      vertex -57.2573 56.9873 3
      vertex -60.9876 57.7802 5.6
      vertex -57.2573 56.9873 5.6
    endloop
  endfacet
  facet normal 0.207912 0.978148 0
    outer loop
      vertex -60.9876 57.7802 5.6
      vertex -57.2573 56.9873 3
      vertex -60.9876 57.7802 3
    endloop
  endfacet
  facet normal 0.255073 0.966922 -0
    outer loop
      vertex -56.9946 56.918 3
      vertex -57.2573 56.9873 5.6
      vertex -56.9946 56.918 5.6
    endloop
  endfacet
  facet normal 0.255073 0.966922 0
    outer loop
      vertex -57.2573 56.9873 5.6
      vertex -56.9946 56.918 3
      vertex -57.2573 56.9873 3
    endloop
  endfacet
  facet normal 0.301768 0.953381 -0
    outer loop
      vertex -56.8082 56.859 3
      vertex -56.9946 56.918 5.6
      vertex -56.8082 56.859 5.6
    endloop
  endfacet
  facet normal 0.301768 0.953381 0
    outer loop
      vertex -56.9946 56.918 5.6
      vertex -56.8082 56.859 3
      vertex -56.9946 56.918 3
    endloop
  endfacet
  facet normal 0.33341 0.942782 -0
    outer loop
      vertex -56.6326 56.7969 3
      vertex -56.8082 56.859 5.6
      vertex -56.6326 56.7969 5.6
    endloop
  endfacet
  facet normal 0.33341 0.942782 0
    outer loop
      vertex -56.8082 56.859 5.6
      vertex -56.6326 56.7969 3
      vertex -56.8082 56.859 3
    endloop
  endfacet
  facet normal 0.424455 0.905449 -0
    outer loop
      vertex -56.3011 56.6415 3
      vertex -56.6326 56.7969 5.6
      vertex -56.3011 56.6415 5.6
    endloop
  endfacet
  facet normal 0.424455 0.905449 0
    outer loop
      vertex -56.6326 56.7969 5.6
      vertex -56.3011 56.6415 3
      vertex -56.6326 56.7969 3
    endloop
  endfacet
  facet normal 0.482621 0.875829 -0
    outer loop
      vertex -56.1287 56.5465 3
      vertex -56.3011 56.6415 5.6
      vertex -56.1287 56.5465 5.6
    endloop
  endfacet
  facet normal 0.482621 0.875829 0
    outer loop
      vertex -56.3011 56.6415 5.6
      vertex -56.1287 56.5465 3
      vertex -56.3011 56.6415 3
    endloop
  endfacet
  facet normal 0.512326 0.858791 -0
    outer loop
      vertex -55.9656 56.4492 3
      vertex -56.1287 56.5465 5.6
      vertex -55.9656 56.4492 5.6
    endloop
  endfacet
  facet normal 0.512326 0.858791 0
    outer loop
      vertex -56.1287 56.5465 5.6
      vertex -55.9656 56.4492 3
      vertex -56.1287 56.5465 3
    endloop
  endfacet
  facet normal 0.595051 0.803688 -0
    outer loop
      vertex -55.6713 56.2313 3
      vertex -55.9656 56.4492 5.6
      vertex -55.6713 56.2313 5.6
    endloop
  endfacet
  facet normal 0.595051 0.803688 0
    outer loop
      vertex -55.9656 56.4492 5.6
      vertex -55.6713 56.2313 3
      vertex -55.9656 56.4492 3
    endloop
  endfacet
  facet normal 0.646125 0.763232 -0
    outer loop
      vertex -55.5214 56.1044 3
      vertex -55.6713 56.2313 5.6
      vertex -55.5214 56.1044 5.6
    endloop
  endfacet
  facet normal 0.646125 0.763232 0
    outer loop
      vertex -55.6713 56.2313 5.6
      vertex -55.5214 56.1044 3
      vertex -55.6713 56.2313 3
    endloop
  endfacet
  facet normal 0.717248 0.696818 0
    outer loop
      vertex -55.1428 55.7147 5.6
      vertex -55.5214 56.1044 3
      vertex -55.5214 56.1044 5.6
    endloop
  endfacet
  facet normal 0.717248 0.696818 0
    outer loop
      vertex -55.5214 56.1044 3
      vertex -55.1428 55.7147 5.6
      vertex -55.1428 55.7147 3
    endloop
  endfacet
  facet normal 0.781517 0.623883 0
    outer loop
      vertex -55.0209 55.562 5.6
      vertex -55.1428 55.7147 3
      vertex -55.1428 55.7147 5.6
    endloop
  endfacet
  facet normal 0.781517 0.623883 0
    outer loop
      vertex -55.1428 55.7147 3
      vertex -55.0209 55.562 5.6
      vertex -55.0209 55.562 3
    endloop
  endfacet
  facet normal 0.838696 0.544599 0
    outer loop
      vertex -54.7061 55.0772 5.6
      vertex -55.0209 55.562 3
      vertex -55.0209 55.562 5.6
    endloop
  endfacet
  facet normal 0.838696 0.544599 0
    outer loop
      vertex -55.0209 55.562 3
      vertex -54.7061 55.0772 5.6
      vertex -54.7061 55.0772 3
    endloop
  endfacet
  facet normal 0.85583 0.517257 0
    outer loop
      vertex -54.5272 54.7812 5.6
      vertex -54.7061 55.0772 3
      vertex -54.7061 55.0772 5.6
    endloop
  endfacet
  facet normal 0.85583 0.517257 0
    outer loop
      vertex -54.7061 55.0772 3
      vertex -54.5272 54.7812 5.6
      vertex -54.5272 54.7812 3
    endloop
  endfacet
  facet normal 0.780993 0.62454 0
    outer loop
      vertex -54.2821 54.4747 5.6
      vertex -54.5272 54.7812 3
      vertex -54.5272 54.7812 5.6
    endloop
  endfacet
  facet normal 0.780993 0.62454 0
    outer loop
      vertex -54.5272 54.7812 3
      vertex -54.2821 54.4747 5.6
      vertex -54.2821 54.4747 3
    endloop
  endfacet
  facet normal 0.692823 0.721107 -0
    outer loop
      vertex -53.9991 54.2028 3
      vertex -54.2821 54.4747 5.6
      vertex -53.9991 54.2028 5.6
    endloop
  endfacet
  facet normal 0.692823 0.721107 0
    outer loop
      vertex -54.2821 54.4747 5.6
      vertex -53.9991 54.2028 3
      vertex -54.2821 54.4747 3
    endloop
  endfacet
  facet normal 0.592799 0.80535 -0
    outer loop
      vertex -53.6831 53.9702 3
      vertex -53.9991 54.2028 5.6
      vertex -53.6831 53.9702 5.6
    endloop
  endfacet
  facet normal 0.592799 0.80535 0
    outer loop
      vertex -53.9991 54.2028 5.6
      vertex -53.6831 53.9702 3
      vertex -53.9991 54.2028 3
    endloop
  endfacet
  facet normal 0.482633 0.875823 -0
    outer loop
      vertex -53.3394 53.7808 3
      vertex -53.6831 53.9702 5.6
      vertex -53.3394 53.7808 5.6
    endloop
  endfacet
  facet normal 0.482633 0.875823 0
    outer loop
      vertex -53.6831 53.9702 5.6
      vertex -53.3394 53.7808 3
      vertex -53.6831 53.9702 3
    endloop
  endfacet
  facet normal 0.36413 0.931348 -0
    outer loop
      vertex -52.9739 53.6379 3
      vertex -53.3394 53.7808 5.6
      vertex -52.9739 53.6379 5.6
    endloop
  endfacet
  facet normal 0.36413 0.931348 0
    outer loop
      vertex -53.3394 53.7808 5.6
      vertex -52.9739 53.6379 3
      vertex -53.3394 53.7808 3
    endloop
  endfacet
  facet normal 0.255349 0.966849 -0
    outer loop
      vertex -52.6903 53.563 3
      vertex -52.9739 53.6379 5.6
      vertex -52.6903 53.563 5.6
    endloop
  endfacet
  facet normal 0.255349 0.966849 0
    outer loop
      vertex -52.9739 53.6379 5.6
      vertex -52.6903 53.563 3
      vertex -52.9739 53.6379 3
    endloop
  endfacet
  facet normal 0.207928 0.978144 -0
    outer loop
      vertex -48.464 52.6646 3
      vertex -52.6903 53.563 5.6
      vertex -48.464 52.6646 5.6
    endloop
  endfacet
  facet normal 0.207928 0.978144 0
    outer loop
      vertex -52.6903 53.563 5.6
      vertex -48.464 52.6646 3
      vertex -52.6903 53.563 3
    endloop
  endfacet
  facet normal 0.255145 0.966903 -0
    outer loop
      vertex -48.201 52.5952 3
      vertex -48.464 52.6646 5.6
      vertex -48.201 52.5952 5.6
    endloop
  endfacet
  facet normal 0.255145 0.966903 0
    outer loop
      vertex -48.464 52.6646 5.6
      vertex -48.201 52.5952 3
      vertex -48.464 52.6646 3
    endloop
  endfacet
  facet normal 0.301498 0.953467 -0
    outer loop
      vertex -48.0141 52.5361 3
      vertex -48.201 52.5952 5.6
      vertex -48.0141 52.5361 5.6
    endloop
  endfacet
  facet normal 0.301498 0.953467 0
    outer loop
      vertex -48.201 52.5952 5.6
      vertex -48.0141 52.5361 3
      vertex -48.201 52.5952 3
    endloop
  endfacet
  facet normal 0.333497 0.942751 -0
    outer loop
      vertex -47.8394 52.4743 3
      vertex -48.0141 52.5361 5.6
      vertex -47.8394 52.4743 5.6
    endloop
  endfacet
  facet normal 0.333497 0.942751 0
    outer loop
      vertex -48.0141 52.5361 5.6
      vertex -47.8394 52.4743 3
      vertex -48.0141 52.5361 3
    endloop
  endfacet
  facet normal 0.42435 0.905498 -0
    outer loop
      vertex -47.5078 52.3189 3
      vertex -47.8394 52.4743 5.6
      vertex -47.5078 52.3189 5.6
    endloop
  endfacet
  facet normal 0.42435 0.905498 0
    outer loop
      vertex -47.8394 52.4743 5.6
      vertex -47.5078 52.3189 3
      vertex -47.8394 52.4743 3
    endloop
  endfacet
  facet normal 0.483091 0.87557 -0
    outer loop
      vertex -47.3358 52.224 3
      vertex -47.5078 52.3189 5.6
      vertex -47.3358 52.224 5.6
    endloop
  endfacet
  facet normal 0.483091 0.87557 0
    outer loop
      vertex -47.5078 52.3189 5.6
      vertex -47.3358 52.224 3
      vertex -47.5078 52.3189 3
    endloop
  endfacet
  facet normal 0.511945 0.859018 -0
    outer loop
      vertex -47.1722 52.1265 3
      vertex -47.3358 52.224 5.6
      vertex -47.1722 52.1265 5.6
    endloop
  endfacet
  facet normal 0.511945 0.859018 0
    outer loop
      vertex -47.3358 52.224 5.6
      vertex -47.1722 52.1265 3
      vertex -47.3358 52.224 3
    endloop
  endfacet
  facet normal 0.594921 0.803784 -0
    outer loop
      vertex -46.8778 51.9086 3
      vertex -47.1722 52.1265 5.6
      vertex -46.8778 51.9086 5.6
    endloop
  endfacet
  facet normal 0.594921 0.803784 0
    outer loop
      vertex -47.1722 52.1265 5.6
      vertex -46.8778 51.9086 3
      vertex -47.1722 52.1265 3
    endloop
  endfacet
  facet normal 0.646376 0.763019 -0
    outer loop
      vertex -46.728 51.7817 3
      vertex -46.8778 51.9086 5.6
      vertex -46.728 51.7817 5.6
    endloop
  endfacet
  facet normal 0.646376 0.763019 0
    outer loop
      vertex -46.8778 51.9086 5.6
      vertex -46.728 51.7817 3
      vertex -46.8778 51.9086 3
    endloop
  endfacet
  facet normal 0.717335 0.696729 0
    outer loop
      vertex -46.3493 51.3918 5.6
      vertex -46.728 51.7817 3
      vertex -46.728 51.7817 5.6
    endloop
  endfacet
  facet normal 0.717335 0.696729 0
    outer loop
      vertex -46.728 51.7817 3
      vertex -46.3493 51.3918 5.6
      vertex -46.3493 51.3918 3
    endloop
  endfacet
  facet normal 0.781517 0.623883 0
    outer loop
      vertex -46.2274 51.2391 5.6
      vertex -46.3493 51.3918 3
      vertex -46.3493 51.3918 5.6
    endloop
  endfacet
  facet normal 0.781517 0.623883 0
    outer loop
      vertex -46.3493 51.3918 3
      vertex -46.2274 51.2391 5.6
      vertex -46.2274 51.2391 3
    endloop
  endfacet
  facet normal 0.838661 0.544654 0
    outer loop
      vertex -45.9297 50.7807 5.6
      vertex -46.2274 51.2391 3
      vertex -46.2274 51.2391 5.6
    endloop
  endfacet
  facet normal 0.838661 0.544654 0
    outer loop
      vertex -46.2274 51.2391 3
      vertex -45.9297 50.7807 5.6
      vertex -45.9297 50.7807 3
    endloop
  endfacet
  facet normal 0.887778 0.460272 0
    outer loop
      vertex -45.8398 50.6073 5.6
      vertex -45.9297 50.7807 3
      vertex -45.9297 50.7807 5.6
    endloop
  endfacet
  facet normal 0.887778 0.460272 0
    outer loop
      vertex -45.9297 50.7807 3
      vertex -45.8398 50.6073 5.6
      vertex -45.8398 50.6073 3
    endloop
  endfacet
  facet normal 0.928286 0.371866 0
    outer loop
      vertex -45.6377 50.1028 5.6
      vertex -45.8398 50.6073 3
      vertex -45.8398 50.6073 5.6
    endloop
  endfacet
  facet normal 0.928286 0.371866 0
    outer loop
      vertex -45.8398 50.6073 3
      vertex -45.6377 50.1028 5.6
      vertex -45.6377 50.1028 3
    endloop
  endfacet
  facet normal 0.959971 0.280098 0
    outer loop
      vertex -45.5827 49.9143 5.6
      vertex -45.6377 50.1028 3
      vertex -45.6377 50.1028 5.6
    endloop
  endfacet
  facet normal 0.959971 0.280098 0
    outer loop
      vertex -45.6377 50.1028 3
      vertex -45.5827 49.9143 5.6
      vertex -45.5827 49.9143 3
    endloop
  endfacet
  facet normal 0.968958 0.247226 0
    outer loop
      vertex -45.5356 49.7297 5.6
      vertex -45.5827 49.9143 3
      vertex -45.5827 49.9143 5.6
    endloop
  endfacet
  facet normal 0.968958 0.247226 0
    outer loop
      vertex -45.5827 49.9143 3
      vertex -45.5356 49.7297 5.6
      vertex -45.5356 49.7297 3
    endloop
  endfacet
  facet normal 0.988713 0.149822 0
    outer loop
      vertex -45.4807 49.3674 5.6
      vertex -45.5356 49.7297 3
      vertex -45.5356 49.7297 5.6
    endloop
  endfacet
  facet normal 0.988713 0.149822 0
    outer loop
      vertex -45.5356 49.7297 3
      vertex -45.4807 49.3674 5.6
      vertex -45.4807 49.3674 3
    endloop
  endfacet
  facet normal 0.996418 0.0845631 0
    outer loop
      vertex -45.4641 49.1718 5.6
      vertex -45.4807 49.3674 3
      vertex -45.4807 49.3674 5.6
    endloop
  endfacet
  facet normal 0.996418 0.0845631 0
    outer loop
      vertex -45.4807 49.3674 3
      vertex -45.4641 49.1718 5.6
      vertex -45.4641 49.1718 3
    endloop
  endfacet
  facet normal 0.998656 0.0518222 0
    outer loop
      vertex -45.4545 48.9868 5.6
      vertex -45.4641 49.1718 3
      vertex -45.4641 49.1718 5.6
    endloop
  endfacet
  facet normal 0.998656 0.0518222 0
    outer loop
      vertex -45.4641 49.1718 3
      vertex -45.4545 48.9868 5.6
      vertex -45.4545 48.9868 3
    endloop
  endfacet
  facet normal 0.998896 -0.0469683 0
    outer loop
      vertex -45.4717 48.621 5.6
      vertex -45.4545 48.9868 3
      vertex -45.4545 48.9868 5.6
    endloop
  endfacet
  facet normal 0.998896 -0.0469683 0
    outer loop
      vertex -45.4545 48.9868 3
      vertex -45.4717 48.621 5.6
      vertex -45.4717 48.621 3
    endloop
  endfacet
  facet normal 0.993746 -0.111663 0
    outer loop
      vertex -45.4936 48.4261 5.6
      vertex -45.4717 48.621 3
      vertex -45.4717 48.621 5.6
    endloop
  endfacet
  facet normal 0.993746 -0.111663 0
    outer loop
      vertex -45.4717 48.621 3
      vertex -45.4936 48.4261 5.6
      vertex -45.4936 48.4261 3
    endloop
  endfacet
  facet normal 0.987086 -0.16019 0
    outer loop
      vertex -45.5325 48.1864 5.6
      vertex -45.4936 48.4261 3
      vertex -45.4936 48.4261 5.6
    endloop
  endfacet
  facet normal 0.987086 -0.16019 0
    outer loop
      vertex -45.4936 48.4261 3
      vertex -45.5325 48.1864 5.6
      vertex -45.5325 48.1864 3
    endloop
  endfacet
  facet normal 0.995447 -0.0953142 0
    outer loop
      vertex -45.5699 47.7958 5.6
      vertex -45.5325 48.1864 3
      vertex -45.5325 48.1864 5.6
    endloop
  endfacet
  facet normal 0.995447 -0.0953142 0
    outer loop
      vertex -45.5325 48.1864 3
      vertex -45.5699 47.7958 5.6
      vertex -45.5699 47.7958 3
    endloop
  endfacet
  facet normal 0.999364 0.0356734 0
    outer loop
      vertex -45.5559 47.4036 5.6
      vertex -45.5699 47.7958 3
      vertex -45.5699 47.7958 5.6
    endloop
  endfacet
  facet normal 0.999364 0.0356734 0
    outer loop
      vertex -45.5699 47.7958 3
      vertex -45.5559 47.4036 5.6
      vertex -45.5559 47.4036 3
    endloop
  endfacet
  facet normal 0.986187 0.165639 0
    outer loop
      vertex -45.4909 47.0166 5.6
      vertex -45.5559 47.4036 3
      vertex -45.5559 47.4036 5.6
    endloop
  endfacet
  facet normal 0.986187 0.165639 0
    outer loop
      vertex -45.5559 47.4036 3
      vertex -45.4909 47.0166 5.6
      vertex -45.4909 47.0166 3
    endloop
  endfacet
  facet normal 0.956098 0.293047 0
    outer loop
      vertex -45.3759 46.6414 5.6
      vertex -45.4909 47.0166 3
      vertex -45.4909 47.0166 5.6
    endloop
  endfacet
  facet normal 0.956098 0.293047 0
    outer loop
      vertex -45.4909 47.0166 3
      vertex -45.3759 46.6414 5.6
      vertex -45.3759 46.6414 3
    endloop
  endfacet
  facet normal 0.909667 0.415338 0
    outer loop
      vertex -45.2129 46.2844 5.6
      vertex -45.3759 46.6414 3
      vertex -45.3759 46.6414 5.6
    endloop
  endfacet
  facet normal 0.909667 0.415338 0
    outer loop
      vertex -45.3759 46.6414 3
      vertex -45.2129 46.2844 5.6
      vertex -45.2129 46.2844 3
    endloop
  endfacet
  facet normal 0.84774 0.530411 0
    outer loop
      vertex -45.0048 45.9518 5.6
      vertex -45.2129 46.2844 3
      vertex -45.2129 46.2844 5.6
    endloop
  endfacet
  facet normal 0.84774 0.530411 0
    outer loop
      vertex -45.2129 46.2844 3
      vertex -45.0048 45.9518 5.6
      vertex -45.0048 45.9518 3
    endloop
  endfacet
  facet normal 0.771283 0.636493 0
    outer loop
      vertex -44.755 45.6491 5.6
      vertex -45.0048 45.9518 3
      vertex -45.0048 45.9518 5.6
    endloop
  endfacet
  facet normal 0.771283 0.636493 0
    outer loop
      vertex -45.0048 45.9518 3
      vertex -44.755 45.6491 5.6
      vertex -44.755 45.6491 3
    endloop
  endfacet
  facet normal 0.681428 0.731885 -0
    outer loop
      vertex -44.4678 45.3817 3
      vertex -44.755 45.6491 5.6
      vertex -44.4678 45.3817 5.6
    endloop
  endfacet
  facet normal 0.681428 0.731885 0
    outer loop
      vertex -44.755 45.6491 5.6
      vertex -44.4678 45.3817 3
      vertex -44.755 45.6491 3
    endloop
  endfacet
  facet normal 0.580249 0.814439 -0
    outer loop
      vertex -44.1482 45.154 3
      vertex -44.4678 45.3817 5.6
      vertex -44.1482 45.154 5.6
    endloop
  endfacet
  facet normal 0.580249 0.814439 0
    outer loop
      vertex -44.4678 45.3817 5.6
      vertex -44.1482 45.154 3
      vertex -44.4678 45.3817 3
    endloop
  endfacet
  facet normal 0.468894 0.883254 -0
    outer loop
      vertex -43.8016 44.97 3
      vertex -44.1482 45.154 5.6
      vertex -43.8016 44.97 5.6
    endloop
  endfacet
  facet normal 0.468894 0.883254 0
    outer loop
      vertex -44.1482 45.154 5.6
      vertex -43.8016 44.97 3
      vertex -44.1482 45.154 3
    endloop
  endfacet
  facet normal 0.349587 0.936904 -0
    outer loop
      vertex -43.4339 44.8328 3
      vertex -43.8016 44.97 5.6
      vertex -43.4339 44.8328 5.6
    endloop
  endfacet
  facet normal 0.349587 0.936904 0
    outer loop
      vertex -43.8016 44.97 5.6
      vertex -43.4339 44.8328 3
      vertex -43.8016 44.97 3
    endloop
  endfacet
  facet normal 0.247683 0.968841 -0
    outer loop
      vertex -43.1949 44.7717 3
      vertex -43.4339 44.8328 5.6
      vertex -43.1949 44.7717 5.6
    endloop
  endfacet
  facet normal 0.247683 0.968841 0
    outer loop
      vertex -43.4339 44.8328 5.6
      vertex -43.1949 44.7717 3
      vertex -43.4339 44.8328 3
    endloop
  endfacet
  facet normal 0.207915 0.978147 -0
    outer loop
      vertex -32.2347 42.442 3
      vertex -43.1949 44.7717 5.6
      vertex -32.2347 42.442 5.6
    endloop
  endfacet
  facet normal 0.207915 0.978147 0
    outer loop
      vertex -43.1949 44.7717 5.6
      vertex -32.2347 42.442 3
      vertex -43.1949 44.7717 3
    endloop
  endfacet
  facet normal 0.255054 0.966927 -0
    outer loop
      vertex -31.9716 42.3726 3
      vertex -32.2347 42.442 5.6
      vertex -31.9716 42.3726 5.6
    endloop
  endfacet
  facet normal 0.255054 0.966927 0
    outer loop
      vertex -32.2347 42.442 5.6
      vertex -31.9716 42.3726 3
      vertex -32.2347 42.442 3
    endloop
  endfacet
  facet normal 0.302255 0.953227 -0
    outer loop
      vertex -31.7849 42.3134 3
      vertex -31.9716 42.3726 5.6
      vertex -31.7849 42.3134 5.6
    endloop
  endfacet
  facet normal 0.302255 0.953227 0
    outer loop
      vertex -31.9716 42.3726 5.6
      vertex -31.7849 42.3134 3
      vertex -31.9716 42.3726 3
    endloop
  endfacet
  facet normal 0.333357 0.942801 -0
    outer loop
      vertex -31.6104 42.2517 3
      vertex -31.7849 42.3134 5.6
      vertex -31.6104 42.2517 5.6
    endloop
  endfacet
  facet normal 0.333357 0.942801 0
    outer loop
      vertex -31.7849 42.3134 5.6
      vertex -31.6104 42.2517 3
      vertex -31.7849 42.3134 3
    endloop
  endfacet
  facet normal 0.424259 0.905541 -0
    outer loop
      vertex -31.2785 42.0962 3
      vertex -31.6104 42.2517 5.6
      vertex -31.2785 42.0962 5.6
    endloop
  endfacet
  facet normal 0.424259 0.905541 0
    outer loop
      vertex -31.6104 42.2517 5.6
      vertex -31.2785 42.0962 3
      vertex -31.6104 42.2517 3
    endloop
  endfacet
  facet normal 0.482565 0.87586 -0
    outer loop
      vertex -31.1068 42.0016 3
      vertex -31.2785 42.0962 5.6
      vertex -31.1068 42.0016 5.6
    endloop
  endfacet
  facet normal 0.482565 0.87586 0
    outer loop
      vertex -31.2785 42.0962 5.6
      vertex -31.1068 42.0016 3
      vertex -31.2785 42.0962 3
    endloop
  endfacet
  facet normal 0.512414 0.858739 -0
    outer loop
      vertex -30.9429 41.9038 3
      vertex -31.1068 42.0016 5.6
      vertex -30.9429 41.9038 5.6
    endloop
  endfacet
  facet normal 0.512414 0.858739 0
    outer loop
      vertex -31.1068 42.0016 5.6
      vertex -30.9429 41.9038 3
      vertex -31.1068 42.0016 3
    endloop
  endfacet
  facet normal 0.594875 0.803818 -0
    outer loop
      vertex -30.6486 41.686 3
      vertex -30.9429 41.9038 5.6
      vertex -30.6486 41.686 5.6
    endloop
  endfacet
  facet normal 0.594875 0.803818 0
    outer loop
      vertex -30.9429 41.9038 5.6
      vertex -30.6486 41.686 3
      vertex -30.9429 41.9038 3
    endloop
  endfacet
  facet normal 0.646376 0.763019 -0
    outer loop
      vertex -30.4988 41.5591 3
      vertex -30.6486 41.686 5.6
      vertex -30.4988 41.5591 5.6
    endloop
  endfacet
  facet normal 0.646376 0.763019 0
    outer loop
      vertex -30.6486 41.686 5.6
      vertex -30.4988 41.5591 3
      vertex -30.6486 41.686 3
    endloop
  endfacet
  facet normal 0.717243 0.696824 0
    outer loop
      vertex -30.12 41.1692 5.6
      vertex -30.4988 41.5591 3
      vertex -30.4988 41.5591 5.6
    endloop
  endfacet
  facet normal 0.717243 0.696824 0
    outer loop
      vertex -30.4988 41.5591 3
      vertex -30.12 41.1692 5.6
      vertex -30.12 41.1692 3
    endloop
  endfacet
  facet normal 0.781517 0.623883 0
    outer loop
      vertex -29.9981 41.0165 5.6
      vertex -30.12 41.1692 3
      vertex -30.12 41.1692 5.6
    endloop
  endfacet
  facet normal 0.781517 0.623883 0
    outer loop
      vertex -30.12 41.1692 3
      vertex -29.9981 41.0165 5.6
      vertex -29.9981 41.0165 3
    endloop
  endfacet
  facet normal 0.838689 0.544611 0
    outer loop
      vertex -29.6479 40.4772 5.6
      vertex -29.9981 41.0165 3
      vertex -29.9981 41.0165 5.6
    endloop
  endfacet
  facet normal 0.838689 0.544611 0
    outer loop
      vertex -29.9981 41.0165 3
      vertex -29.6479 40.4772 5.6
      vertex -29.6479 40.4772 3
    endloop
  endfacet
  facet normal 0.855786 0.51733 0
    outer loop
      vertex -29.5192 40.2643 5.6
      vertex -29.6479 40.4772 3
      vertex -29.6479 40.4772 5.6
    endloop
  endfacet
  facet normal 0.855786 0.51733 0
    outer loop
      vertex -29.6479 40.4772 3
      vertex -29.5192 40.2643 5.6
      vertex -29.5192 40.2643 3
    endloop
  endfacet
  facet normal 0.780894 0.624664 0
    outer loop
      vertex -29.2741 39.9579 5.6
      vertex -29.5192 40.2643 3
      vertex -29.5192 40.2643 5.6
    endloop
  endfacet
  facet normal 0.780894 0.624664 0
    outer loop
      vertex -29.5192 40.2643 3
      vertex -29.2741 39.9579 5.6
      vertex -29.2741 39.9579 3
    endloop
  endfacet
  facet normal 0.692823 0.721107 -0
    outer loop
      vertex -28.9911 39.686 3
      vertex -29.2741 39.9579 5.6
      vertex -28.9911 39.686 5.6
    endloop
  endfacet
  facet normal 0.692823 0.721107 0
    outer loop
      vertex -29.2741 39.9579 5.6
      vertex -28.9911 39.686 3
      vertex -29.2741 39.9579 3
    endloop
  endfacet
  facet normal 0.592799 0.80535 -0
    outer loop
      vertex -28.6751 39.4534 3
      vertex -28.9911 39.686 5.6
      vertex -28.6751 39.4534 5.6
    endloop
  endfacet
  facet normal 0.592799 0.80535 0
    outer loop
      vertex -28.9911 39.686 5.6
      vertex -28.6751 39.4534 3
      vertex -28.9911 39.686 3
    endloop
  endfacet
  facet normal 0.482437 0.875931 -0
    outer loop
      vertex -28.3314 39.2641 3
      vertex -28.6751 39.4534 5.6
      vertex -28.3314 39.2641 5.6
    endloop
  endfacet
  facet normal 0.482437 0.875931 0
    outer loop
      vertex -28.6751 39.4534 5.6
      vertex -28.3314 39.2641 3
      vertex -28.6751 39.4534 3
    endloop
  endfacet
  facet normal 0.36413 0.931348 -0
    outer loop
      vertex -27.9659 39.1212 3
      vertex -28.3314 39.2641 5.6
      vertex -27.9659 39.1212 5.6
    endloop
  endfacet
  facet normal 0.36413 0.931348 0
    outer loop
      vertex -28.3314 39.2641 5.6
      vertex -27.9659 39.1212 3
      vertex -28.3314 39.2641 3
    endloop
  endfacet
  facet normal 0.255199 0.966889 -0
    outer loop
      vertex -27.6825 39.0464 3
      vertex -27.9659 39.1212 5.6
      vertex -27.6825 39.0464 5.6
    endloop
  endfacet
  facet normal 0.255199 0.966889 0
    outer loop
      vertex -27.9659 39.1212 5.6
      vertex -27.6825 39.0464 3
      vertex -27.9659 39.1212 3
    endloop
  endfacet
  facet normal 0.207913 0.978147 -0
    outer loop
      vertex -15.1217 36.3765 3
      vertex -27.6825 39.0464 5.6
      vertex -15.1217 36.3765 5.6
    endloop
  endfacet
  facet normal 0.207913 0.978147 0
    outer loop
      vertex -27.6825 39.0464 5.6
      vertex -15.1217 36.3765 3
      vertex -27.6825 39.0464 3
    endloop
  endfacet
  facet normal 0.255255 0.966874 -0
    outer loop
      vertex -14.8592 36.3072 3
      vertex -15.1217 36.3765 5.6
      vertex -14.8592 36.3072 5.6
    endloop
  endfacet
  facet normal 0.255255 0.966874 0
    outer loop
      vertex -15.1217 36.3765 5.6
      vertex -14.8592 36.3072 3
      vertex -15.1217 36.3765 3
    endloop
  endfacet
  facet normal 0.301961 0.95332 -0
    outer loop
      vertex -14.6723 36.248 3
      vertex -14.8592 36.3072 5.6
      vertex -14.6723 36.248 5.6
    endloop
  endfacet
  facet normal 0.301961 0.95332 0
    outer loop
      vertex -14.8592 36.3072 5.6
      vertex -14.6723 36.248 3
      vertex -14.8592 36.3072 3
    endloop
  endfacet
  facet normal 0.333299 0.942821 -0
    outer loop
      vertex -14.4972 36.1861 3
      vertex -14.6723 36.248 5.6
      vertex -14.4972 36.1861 5.6
    endloop
  endfacet
  facet normal 0.333299 0.942821 0
    outer loop
      vertex -14.6723 36.248 5.6
      vertex -14.4972 36.1861 3
      vertex -14.6723 36.248 3
    endloop
  endfacet
  facet normal 0.424455 0.905449 -0
    outer loop
      vertex -14.1657 36.0307 3
      vertex -14.4972 36.1861 5.6
      vertex -14.1657 36.0307 5.6
    endloop
  endfacet
  facet normal 0.424455 0.905449 0
    outer loop
      vertex -14.4972 36.1861 5.6
      vertex -14.1657 36.0307 3
      vertex -14.4972 36.1861 3
    endloop
  endfacet
  facet normal 0.4827 0.875786 -0
    outer loop
      vertex -13.9937 35.9359 3
      vertex -14.1657 36.0307 5.6
      vertex -13.9937 35.9359 5.6
    endloop
  endfacet
  facet normal 0.4827 0.875786 0
    outer loop
      vertex -14.1657 36.0307 5.6
      vertex -13.9937 35.9359 3
      vertex -14.1657 36.0307 3
    endloop
  endfacet
  facet normal 0.512333 0.858787 -0
    outer loop
      vertex -13.8301 35.8383 3
      vertex -13.9937 35.9359 5.6
      vertex -13.8301 35.8383 5.6
    endloop
  endfacet
  facet normal 0.512333 0.858787 0
    outer loop
      vertex -13.9937 35.9359 5.6
      vertex -13.8301 35.8383 3
      vertex -13.9937 35.9359 3
    endloop
  endfacet
  facet normal 0.594875 0.803818 -0
    outer loop
      vertex -13.5358 35.6205 3
      vertex -13.8301 35.8383 5.6
      vertex -13.5358 35.6205 5.6
    endloop
  endfacet
  facet normal 0.594875 0.803818 0
    outer loop
      vertex -13.8301 35.8383 5.6
      vertex -13.5358 35.6205 3
      vertex -13.8301 35.8383 3
    endloop
  endfacet
  facet normal 0.646421 0.762981 -0
    outer loop
      vertex -13.3859 35.4935 3
      vertex -13.5358 35.6205 5.6
      vertex -13.3859 35.4935 5.6
    endloop
  endfacet
  facet normal 0.646421 0.762981 0
    outer loop
      vertex -13.5358 35.6205 5.6
      vertex -13.3859 35.4935 3
      vertex -13.5358 35.6205 3
    endloop
  endfacet
  facet normal 0.717158 0.69691 0
    outer loop
      vertex -13.0073 35.1039 5.6
      vertex -13.3859 35.4935 3
      vertex -13.3859 35.4935 5.6
    endloop
  endfacet
  facet normal 0.717158 0.69691 0
    outer loop
      vertex -13.3859 35.4935 3
      vertex -13.0073 35.1039 5.6
      vertex -13.0073 35.1039 3
    endloop
  endfacet
  facet normal 0.781517 0.623883 0
    outer loop
      vertex -12.8854 34.9512 5.6
      vertex -13.0073 35.1039 3
      vertex -13.0073 35.1039 5.6
    endloop
  endfacet
  facet normal 0.781517 0.623883 0
    outer loop
      vertex -13.0073 35.1039 3
      vertex -12.8854 34.9512 5.6
      vertex -12.8854 34.9512 3
    endloop
  endfacet
  facet normal 0.838711 0.544577 0
    outer loop
      vertex -12.5875 34.4924 5.6
      vertex -12.8854 34.9512 3
      vertex -12.8854 34.9512 5.6
    endloop
  endfacet
  facet normal 0.838711 0.544577 0
    outer loop
      vertex -12.8854 34.9512 3
      vertex -12.5875 34.4924 5.6
      vertex -12.5875 34.4924 3
    endloop
  endfacet
  facet normal 0.887778 0.460272 0
    outer loop
      vertex -12.4976 34.319 5.6
      vertex -12.5875 34.4924 3
      vertex -12.5875 34.4924 5.6
    endloop
  endfacet
  facet normal 0.887778 0.460272 0
    outer loop
      vertex -12.5875 34.4924 3
      vertex -12.4976 34.319 5.6
      vertex -12.4976 34.319 3
    endloop
  endfacet
  facet normal 0.928261 0.37193 0
    outer loop
      vertex -12.2955 33.8146 5.6
      vertex -12.4976 34.319 3
      vertex -12.4976 34.319 5.6
    endloop
  endfacet
  facet normal 0.928261 0.37193 0
    outer loop
      vertex -12.4976 34.319 3
      vertex -12.2955 33.8146 5.6
      vertex -12.2955 33.8146 3
    endloop
  endfacet
  facet normal 0.960029 0.279902 0
    outer loop
      vertex -12.2406 33.6263 5.6
      vertex -12.2955 33.8146 3
      vertex -12.2955 33.8146 5.6
    endloop
  endfacet
  facet normal 0.960029 0.279902 0
    outer loop
      vertex -12.2955 33.8146 3
      vertex -12.2406 33.6263 5.6
      vertex -12.2406 33.6263 3
    endloop
  endfacet
  facet normal 0.969083 0.246733 0
    outer loop
      vertex -12.1936 33.4417 5.6
      vertex -12.2406 33.6263 3
      vertex -12.2406 33.6263 5.6
    endloop
  endfacet
  facet normal 0.969083 0.246733 0
    outer loop
      vertex -12.2406 33.6263 3
      vertex -12.1936 33.4417 5.6
      vertex -12.1936 33.4417 3
    endloop
  endfacet
  facet normal 0.988701 0.149902 0
    outer loop
      vertex -12.1387 33.0796 5.6
      vertex -12.1936 33.4417 3
      vertex -12.1936 33.4417 5.6
    endloop
  endfacet
  facet normal 0.988701 0.149902 0
    outer loop
      vertex -12.1936 33.4417 3
      vertex -12.1387 33.0796 5.6
      vertex -12.1387 33.0796 3
    endloop
  endfacet
  facet normal 0.996379 0.0850257 0
    outer loop
      vertex -12.122 32.8839 5.6
      vertex -12.1387 33.0796 3
      vertex -12.1387 33.0796 5.6
    endloop
  endfacet
  facet normal 0.996379 0.0850257 0
    outer loop
      vertex -12.1387 33.0796 3
      vertex -12.122 32.8839 5.6
      vertex -12.122 32.8839 3
    endloop
  endfacet
  facet normal 0.998661 0.0517385 0
    outer loop
      vertex -12.1124 32.6986 5.6
      vertex -12.122 32.8839 3
      vertex -12.122 32.8839 5.6
    endloop
  endfacet
  facet normal 0.998661 0.0517385 0
    outer loop
      vertex -12.122 32.8839 3
      vertex -12.1124 32.6986 5.6
      vertex -12.1124 32.6986 3
    endloop
  endfacet
  facet normal 0.998909 -0.0466959 0
    outer loop
      vertex -12.1295 32.3328 5.6
      vertex -12.1124 32.6986 3
      vertex -12.1124 32.6986 5.6
    endloop
  endfacet
  facet normal 0.998909 -0.0466959 0
    outer loop
      vertex -12.1124 32.6986 3
      vertex -12.1295 32.3328 5.6
      vertex -12.1295 32.3328 3
    endloop
  endfacet
  facet normal 0.993683 -0.112223 0
    outer loop
      vertex -12.1515 32.138 5.6
      vertex -12.1295 32.3328 3
      vertex -12.1295 32.3328 5.6
    endloop
  endfacet
  facet normal 0.993683 -0.112223 0
    outer loop
      vertex -12.1295 32.3328 3
      vertex -12.1515 32.138 5.6
      vertex -12.1515 32.138 3
    endloop
  endfacet
  facet normal 0.987129 -0.159926 0
    outer loop
      vertex -12.195 31.8695 5.6
      vertex -12.1515 32.138 3
      vertex -12.1515 32.138 5.6
    endloop
  endfacet
  facet normal 0.987129 -0.159926 0
    outer loop
      vertex -12.1515 32.138 3
      vertex -12.195 31.8695 5.6
      vertex -12.195 31.8695 3
    endloop
  endfacet
  facet normal 0.978147 -0.207913 0
    outer loop
      vertex -22.1148 -14.7992 5.6
      vertex -12.195 31.8695 3
      vertex -12.195 31.8695 5.6
    endloop
  endfacet
  facet normal 0.978147 -0.207913 0
    outer loop
      vertex -12.195 31.8695 3
      vertex -22.1148 -14.7992 5.6
      vertex -22.1148 -14.7992 3
    endloop
  endfacet
  facet normal 0.989657 -0.143454 0
    outer loop
      vertex -22.1711 -15.1876 5.6
      vertex -22.1148 -14.7992 3
      vertex -22.1148 -14.7992 5.6
    endloop
  endfacet
  facet normal 0.989657 -0.143454 0
    outer loop
      vertex -22.1148 -14.7992 3
      vertex -22.1711 -15.1876 5.6
      vertex -22.1711 -15.1876 3
    endloop
  endfacet
  facet normal 0.999912 -0.0132506 0
    outer loop
      vertex -22.1763 -15.58 5.6
      vertex -22.1711 -15.1876 3
      vertex -22.1711 -15.1876 5.6
    endloop
  endfacet
  facet normal 0.999912 -0.0132506 0
    outer loop
      vertex -22.1711 -15.1876 3
      vertex -22.1763 -15.58 5.6
      vertex -22.1763 -15.58 3
    endloop
  endfacet
  facet normal 0.993046 0.117728 0
    outer loop
      vertex -22.1301 -15.9697 5.6
      vertex -22.1763 -15.58 3
      vertex -22.1763 -15.58 5.6
    endloop
  endfacet
  facet normal 0.993046 0.117728 0
    outer loop
      vertex -22.1763 -15.58 3
      vertex -22.1301 -15.9697 5.6
      vertex -22.1301 -15.9697 3
    endloop
  endfacet
  facet normal 0.969221 0.246192 0
    outer loop
      vertex -22.0335 -16.35 5.6
      vertex -22.1301 -15.9697 3
      vertex -22.1301 -15.9697 5.6
    endloop
  endfacet
  facet normal 0.969221 0.246192 0
    outer loop
      vertex -22.1301 -15.9697 3
      vertex -22.0335 -16.35 5.6
      vertex -22.0335 -16.35 3
    endloop
  endfacet
  facet normal 0.928828 0.370512 0
    outer loop
      vertex -21.8881 -16.7145 5.6
      vertex -22.0335 -16.35 3
      vertex -22.0335 -16.35 5.6
    endloop
  endfacet
  facet normal 0.928828 0.370512 0
    outer loop
      vertex -22.0335 -16.35 3
      vertex -21.8881 -16.7145 5.6
      vertex -21.8881 -16.7145 3
    endloop
  endfacet
  facet normal 0.872554 0.488518 0
    outer loop
      vertex -21.6964 -17.0569 5.6
      vertex -21.8881 -16.7145 3
      vertex -21.8881 -16.7145 5.6
    endloop
  endfacet
  facet normal 0.872554 0.488518 0
    outer loop
      vertex -21.8881 -16.7145 3
      vertex -21.6964 -17.0569 5.6
      vertex -21.6964 -17.0569 3
    endloop
  endfacet
  facet normal 0.801222 0.598368 0
    outer loop
      vertex -21.4616 -17.3713 5.6
      vertex -21.6964 -17.0569 3
      vertex -21.6964 -17.0569 5.6
    endloop
  endfacet
  facet normal 0.801222 0.598368 0
    outer loop
      vertex -21.6964 -17.0569 3
      vertex -21.4616 -17.3713 5.6
      vertex -21.4616 -17.3713 3
    endloop
  endfacet
  facet normal 0.71622 0.697875 0
    outer loop
      vertex -21.1877 -17.6524 5.6
      vertex -21.4616 -17.3713 3
      vertex -21.4616 -17.3713 5.6
    endloop
  endfacet
  facet normal 0.71622 0.697875 0
    outer loop
      vertex -21.4616 -17.3713 3
      vertex -21.1877 -17.6524 5.6
      vertex -21.1877 -17.6524 3
    endloop
  endfacet
  facet normal 0.593502 0.804832 -0
    outer loop
      vertex -20.7166 -17.9998 3
      vertex -21.1877 -17.6524 5.6
      vertex -20.7166 -17.9998 5.6
    endloop
  endfacet
  facet normal 0.593502 0.804832 0
    outer loop
      vertex -21.1877 -17.6524 5.6
      vertex -20.7166 -17.9998 3
      vertex -21.1877 -17.6524 3
    endloop
  endfacet
  facet normal 0.511969 0.859004 -0
    outer loop
      vertex -20.4614 -18.1519 3
      vertex -20.7166 -17.9998 5.6
      vertex -20.4614 -18.1519 5.6
    endloop
  endfacet
  facet normal 0.511969 0.859004 0
    outer loop
      vertex -20.7166 -17.9998 5.6
      vertex -20.4614 -18.1519 3
      vertex -20.7166 -17.9998 3
    endloop
  endfacet
  facet normal 0.592886 0.805286 -0
    outer loop
      vertex -20.3033 -18.2683 3
      vertex -20.4614 -18.1519 5.6
      vertex -20.3033 -18.2683 5.6
    endloop
  endfacet
  facet normal 0.592886 0.805286 0
    outer loop
      vertex -20.4614 -18.1519 5.6
      vertex -20.3033 -18.2683 3
      vertex -20.4614 -18.1519 3
    endloop
  endfacet
  facet normal 0.631641 0.775261 -0
    outer loop
      vertex -20.089 -18.4429 3
      vertex -20.3033 -18.2683 5.6
      vertex -20.089 -18.4429 5.6
    endloop
  endfacet
  facet normal 0.631641 0.775261 0
    outer loop
      vertex -20.3033 -18.2683 5.6
      vertex -20.089 -18.4429 3
      vertex -20.3033 -18.2683 3
    endloop
  endfacet
  facet normal 0.669138 0.743139 -0
    outer loop
      vertex -7.45602 -29.8179 3
      vertex -20.089 -18.4429 5.6
      vertex -7.45602 -29.8179 5.6
    endloop
  endfacet
  facet normal 0.669138 0.743139 0
    outer loop
      vertex -20.089 -18.4429 5.6
      vertex -7.45602 -29.8179 3
      vertex -20.089 -18.4429 3
    endloop
  endfacet
  facet normal 0.703883 0.710316 -0
    outer loop
      vertex -7.2661 -30.0061 3
      vertex -7.45602 -29.8179 5.6
      vertex -7.2661 -30.0061 5.6
    endloop
  endfacet
  facet normal 0.703883 0.710316 0
    outer loop
      vertex -7.45602 -29.8179 5.6
      vertex -7.2661 -30.0061 3
      vertex -7.45602 -29.8179 3
    endloop
  endfacet
  facet normal 0.737061 0.675826 0
    outer loop
      vertex -7.13333 -30.1509 5.6
      vertex -7.2661 -30.0061 3
      vertex -7.2661 -30.0061 5.6
    endloop
  endfacet
  facet normal 0.737061 0.675826 0
    outer loop
      vertex -7.2661 -30.0061 3
      vertex -7.13333 -30.1509 5.6
      vertex -7.13333 -30.1509 3
    endloop
  endfacet
  facet normal 0.759439 0.650579 0
    outer loop
      vertex -7.0098 -30.2951 5.6
      vertex -7.13333 -30.1509 3
      vertex -7.13333 -30.1509 5.6
    endloop
  endfacet
  facet normal 0.759439 0.650579 0
    outer loop
      vertex -7.13333 -30.1509 3
      vertex -7.0098 -30.2951 5.6
      vertex -7.0098 -30.2951 3
    endloop
  endfacet
  facet normal 0.820257 0.571996 0
    outer loop
      vertex -6.80025 -30.5956 5.6
      vertex -7.0098 -30.2951 3
      vertex -7.0098 -30.2951 5.6
    endloop
  endfacet
  facet normal 0.820257 0.571996 0
    outer loop
      vertex -7.0098 -30.2951 3
      vertex -6.80025 -30.5956 5.6
      vertex -6.80025 -30.5956 3
    endloop
  endfacet
  facet normal 0.85582 0.517273 0
    outer loop
      vertex -6.69901 -30.7631 5.6
      vertex -6.80025 -30.5956 3
      vertex -6.80025 -30.5956 5.6
    endloop
  endfacet
  facet normal 0.85582 0.517273 0
    outer loop
      vertex -6.80025 -30.5956 3
      vertex -6.69901 -30.7631 5.6
      vertex -6.69901 -30.7631 3
    endloop
  endfacet
  facet normal 0.873368 0.487061 0
    outer loop
      vertex -6.60426 -30.933 5.6
      vertex -6.69901 -30.7631 3
      vertex -6.69901 -30.7631 5.6
    endloop
  endfacet
  facet normal 0.873368 0.487061 0
    outer loop
      vertex -6.69901 -30.7631 3
      vertex -6.60426 -30.933 5.6
      vertex -6.60426 -30.933 3
    endloop
  endfacet
  facet normal 0.917652 0.397385 0
    outer loop
      vertex -6.4588 -31.2689 5.6
      vertex -6.60426 -30.933 3
      vertex -6.60426 -30.933 5.6
    endloop
  endfacet
  facet normal 0.917652 0.397385 0
    outer loop
      vertex -6.60426 -30.933 3
      vertex -6.4588 -31.2689 5.6
      vertex -6.4588 -31.2689 3
    endloop
  endfacet
  facet normal 0.941696 0.336465 0
    outer loop
      vertex -6.3927 -31.4539 5.6
      vertex -6.4588 -31.2689 3
      vertex -6.4588 -31.2689 5.6
    endloop
  endfacet
  facet normal 0.941696 0.336465 0
    outer loop
      vertex -6.4588 -31.2689 3
      vertex -6.3927 -31.4539 5.6
      vertex -6.3927 -31.4539 3
    endloop
  endfacet
  facet normal 0.96961 0.244656 0
    outer loop
      vertex -6.26134 -31.9745 5.6
      vertex -6.3927 -31.4539 3
      vertex -6.3927 -31.4539 5.6
    endloop
  endfacet
  facet normal 0.96961 0.244656 0
    outer loop
      vertex -6.3927 -31.4539 3
      vertex -6.26134 -31.9745 5.6
      vertex -6.26134 -31.9745 3
    endloop
  endfacet
  facet normal 0.988627 0.150388 0
    outer loop
      vertex -6.23189 -32.1681 5.6
      vertex -6.26134 -31.9745 3
      vertex -6.26134 -31.9745 5.6
    endloop
  endfacet
  facet normal 0.988627 0.150388 0
    outer loop
      vertex -6.26134 -31.9745 3
      vertex -6.23189 -32.1681 5.6
      vertex -6.23189 -32.1681 3
    endloop
  endfacet
  facet normal 0.998596 0.0529666 0
    outer loop
      vertex -6.20285 -32.7156 5.6
      vertex -6.23189 -32.1681 3
      vertex -6.23189 -32.1681 5.6
    endloop
  endfacet
  facet normal 0.998596 0.0529666 0
    outer loop
      vertex -6.23189 -32.1681 3
      vertex -6.20285 -32.7156 5.6
      vertex -6.20285 -32.7156 3
    endloop
  endfacet
  facet normal 0.998983 -0.0450923 0
    outer loop
      vertex -6.21167 -32.911 5.6
      vertex -6.20285 -32.7156 3
      vertex -6.20285 -32.7156 5.6
    endloop
  endfacet
  facet normal 0.998983 -0.0450923 0
    outer loop
      vertex -6.20285 -32.7156 3
      vertex -6.21167 -32.911 5.6
      vertex -6.21167 -32.911 3
    endloop
  endfacet
  facet normal 0.989859 -0.142056 0
    outer loop
      vertex -6.28908 -33.4504 5.6
      vertex -6.21167 -32.911 3
      vertex -6.21167 -32.911 5.6
    endloop
  endfacet
  facet normal 0.989859 -0.142056 0
    outer loop
      vertex -6.21167 -32.911 3
      vertex -6.28908 -33.4504 5.6
      vertex -6.28908 -33.4504 3
    endloop
  endfacet
  facet normal 0.971348 -0.237662 0
    outer loop
      vertex -6.33569 -33.6409 5.6
      vertex -6.28908 -33.4504 3
      vertex -6.28908 -33.4504 5.6
    endloop
  endfacet
  facet normal 0.971348 -0.237662 0
    outer loop
      vertex -6.28908 -33.4504 3
      vertex -6.33569 -33.6409 5.6
      vertex -6.33569 -33.6409 3
    endloop
  endfacet
  facet normal 0.962423 -0.271554 0
    outer loop
      vertex -6.38882 -33.8292 5.6
      vertex -6.33569 -33.6409 3
      vertex -6.33569 -33.6409 5.6
    endloop
  endfacet
  facet normal 0.962423 -0.271554 0
    outer loop
      vertex -6.33569 -33.6409 3
      vertex -6.38882 -33.8292 5.6
      vertex -6.38882 -33.8292 3
    endloop
  endfacet
  facet normal 0.930366 -0.366633 0
    outer loop
      vertex -6.52316 -34.1701 5.6
      vertex -6.38882 -33.8292 3
      vertex -6.38882 -33.8292 5.6
    endloop
  endfacet
  facet normal 0.930366 -0.366633 0
    outer loop
      vertex -6.38882 -33.8292 3
      vertex -6.52316 -34.1701 5.6
      vertex -6.52316 -34.1701 3
    endloop
  endfacet
  facet normal 0.904416 -0.426652 0
    outer loop
      vertex -6.6068 -34.3474 5.6
      vertex -6.52316 -34.1701 3
      vertex -6.52316 -34.1701 5.6
    endloop
  endfacet
  facet normal 0.904416 -0.426652 0
    outer loop
      vertex -6.52316 -34.1701 3
      vertex -6.6068 -34.3474 5.6
      vertex -6.6068 -34.3474 3
    endloop
  endfacet
  facet normal 0.858908 -0.51213 0
    outer loop
      vertex -6.884 -34.8123 5.6
      vertex -6.6068 -34.3474 3
      vertex -6.6068 -34.3474 5.6
    endloop
  endfacet
  facet normal 0.858908 -0.51213 0
    outer loop
      vertex -6.6068 -34.3474 3
      vertex -6.884 -34.8123 5.6
      vertex -6.884 -34.8123 3
    endloop
  endfacet
  facet normal 0.805392 -0.592742 0
    outer loop
      vertex -7.00043 -34.9705 5.6
      vertex -6.884 -34.8123 3
      vertex -6.884 -34.8123 5.6
    endloop
  endfacet
  facet normal 0.805392 -0.592742 0
    outer loop
      vertex -6.884 -34.8123 3
      vertex -7.00043 -34.9705 5.6
      vertex -7.00043 -34.9705 3
    endloop
  endfacet
  facet normal 0.7752 -0.631716 0
    outer loop
      vertex -7.17482 -35.1845 5.6
      vertex -7.00043 -34.9705 3
      vertex -7.00043 -34.9705 5.6
    endloop
  endfacet
  facet normal 0.7752 -0.631716 0
    outer loop
      vertex -7.00043 -34.9705 3
      vertex -7.17482 -35.1845 5.6
      vertex -7.17482 -35.1845 3
    endloop
  endfacet
  facet normal 0.743137 -0.66914 0
    outer loop
      vertex -11.6729 -40.18 5.6
      vertex -7.17482 -35.1845 3
      vertex -7.17482 -35.1845 5.6
    endloop
  endfacet
  facet normal 0.743137 -0.66914 0
    outer loop
      vertex -7.17482 -35.1845 3
      vertex -11.6729 -40.18 5.6
      vertex -11.6729 -40.18 3
    endloop
  endfacet
  facet normal 0.785398 -0.618991 0
    outer loop
      vertex -11.9158 -40.4882 5.6
      vertex -11.6729 -40.18 3
      vertex -11.6729 -40.18 5.6
    endloop
  endfacet
  facet normal 0.785398 -0.618991 0
    outer loop
      vertex -11.6729 -40.18 3
      vertex -11.9158 -40.4882 5.6
      vertex -11.9158 -40.4882 3
    endloop
  endfacet
  facet normal 0.859421 -0.511269 0
    outer loop
      vertex -12.1164 -40.8254 5.6
      vertex -11.9158 -40.4882 3
      vertex -11.9158 -40.4882 5.6
    endloop
  endfacet
  facet normal 0.859421 -0.511269 0
    outer loop
      vertex -11.9158 -40.4882 3
      vertex -12.1164 -40.8254 5.6
      vertex -12.1164 -40.8254 3
    endloop
  endfacet
  facet normal 0.918815 -0.394688 0
    outer loop
      vertex -12.2713 -41.186 5.6
      vertex -12.1164 -40.8254 3
      vertex -12.1164 -40.8254 5.6
    endloop
  endfacet
  facet normal 0.918815 -0.394688 0
    outer loop
      vertex -12.1164 -40.8254 3
      vertex -12.2713 -41.186 5.6
      vertex -12.2713 -41.186 3
    endloop
  endfacet
  facet normal 0.962385 -0.27169 0
    outer loop
      vertex -12.3779 -41.5636 5.6
      vertex -12.2713 -41.186 3
      vertex -12.2713 -41.186 5.6
    endloop
  endfacet
  facet normal 0.962385 -0.27169 0
    outer loop
      vertex -12.2713 -41.186 3
      vertex -12.3779 -41.5636 5.6
      vertex -12.3779 -41.5636 3
    endloop
  endfacet
  facet normal 0.989657 -0.143454 0
    outer loop
      vertex -12.4342 -41.952 5.6
      vertex -12.3779 -41.5636 3
      vertex -12.3779 -41.5636 5.6
    endloop
  endfacet
  facet normal 0.989657 -0.143454 0
    outer loop
      vertex -12.3779 -41.5636 3
      vertex -12.4342 -41.952 5.6
      vertex -12.4342 -41.952 3
    endloop
  endfacet
  facet normal 0.999916 -0.0129958 0
    outer loop
      vertex -12.4393 -42.3444 5.6
      vertex -12.4342 -41.952 3
      vertex -12.4342 -41.952 5.6
    endloop
  endfacet
  facet normal 0.999916 -0.0129958 0
    outer loop
      vertex -12.4342 -41.952 3
      vertex -12.4393 -42.3444 5.6
      vertex -12.4393 -42.3444 3
    endloop
  endfacet
  facet normal 0.993076 0.117477 0
    outer loop
      vertex -12.3932 -42.7341 5.6
      vertex -12.4393 -42.3444 3
      vertex -12.4393 -42.3444 5.6
    endloop
  endfacet
  facet normal 0.993076 0.117477 0
    outer loop
      vertex -12.4393 -42.3444 3
      vertex -12.3932 -42.7341 5.6
      vertex -12.3932 -42.7341 3
    endloop
  endfacet
  facet normal 0.969221 0.246192 0
    outer loop
      vertex -12.2966 -43.1144 5.6
      vertex -12.3932 -42.7341 3
      vertex -12.3932 -42.7341 5.6
    endloop
  endfacet
  facet normal 0.969221 0.246192 0
    outer loop
      vertex -12.3932 -42.7341 3
      vertex -12.2966 -43.1144 5.6
      vertex -12.2966 -43.1144 3
    endloop
  endfacet
  facet normal 0.928828 0.370512 0
    outer loop
      vertex -12.1512 -43.4789 5.6
      vertex -12.2966 -43.1144 3
      vertex -12.2966 -43.1144 5.6
    endloop
  endfacet
  facet normal 0.928828 0.370512 0
    outer loop
      vertex -12.2966 -43.1144 3
      vertex -12.1512 -43.4789 5.6
      vertex -12.1512 -43.4789 3
    endloop
  endfacet
  facet normal 0.872554 0.488518 0
    outer loop
      vertex -11.9595 -43.8213 5.6
      vertex -12.1512 -43.4789 3
      vertex -12.1512 -43.4789 5.6
    endloop
  endfacet
  facet normal 0.872554 0.488518 0
    outer loop
      vertex -12.1512 -43.4789 3
      vertex -11.9595 -43.8213 5.6
      vertex -11.9595 -43.8213 3
    endloop
  endfacet
  facet normal 0.801222 0.598368 0
    outer loop
      vertex -11.7247 -44.1357 5.6
      vertex -11.9595 -43.8213 3
      vertex -11.9595 -43.8213 5.6
    endloop
  endfacet
  facet normal 0.801222 0.598368 0
    outer loop
      vertex -11.9595 -43.8213 3
      vertex -11.7247 -44.1357 5.6
      vertex -11.7247 -44.1357 3
    endloop
  endfacet
  facet normal 0.716347 0.697744 0
    outer loop
      vertex -11.4509 -44.4168 5.6
      vertex -11.7247 -44.1357 3
      vertex -11.7247 -44.1357 5.6
    endloop
  endfacet
  facet normal 0.716347 0.697744 0
    outer loop
      vertex -11.7247 -44.1357 3
      vertex -11.4509 -44.4168 5.6
      vertex -11.4509 -44.4168 3
    endloop
  endfacet
  facet normal 0.619148 0.785274 -0
    outer loop
      vertex -11.1427 -44.6598 3
      vertex -11.4509 -44.4168 5.6
      vertex -11.1427 -44.6598 5.6
    endloop
  endfacet
  facet normal 0.619148 0.785274 0
    outer loop
      vertex -11.4509 -44.4168 5.6
      vertex -11.1427 -44.6598 3
      vertex -11.4509 -44.4168 3
    endloop
  endfacet
  facet normal 0.511157 0.859487 -0
    outer loop
      vertex -10.8054 -44.8604 3
      vertex -11.1427 -44.6598 5.6
      vertex -10.8054 -44.8604 5.6
    endloop
  endfacet
  facet normal 0.511157 0.859487 0
    outer loop
      vertex -11.1427 -44.6598 5.6
      vertex -10.8054 -44.8604 3
      vertex -11.1427 -44.6598 3
    endloop
  endfacet
  facet normal 0.39478 0.918776 -0
    outer loop
      vertex -10.4449 -45.0153 3
      vertex -10.8054 -44.8604 5.6
      vertex -10.4449 -45.0153 5.6
    endloop
  endfacet
  facet normal 0.39478 0.918776 0
    outer loop
      vertex -10.8054 -44.8604 5.6
      vertex -10.4449 -45.0153 3
      vertex -10.8054 -44.8604 3
    endloop
  endfacet
  facet normal 0.271388 0.96247 -0
    outer loop
      vertex -10.0672 -45.1218 3
      vertex -10.4449 -45.0153 5.6
      vertex -10.0672 -45.1218 5.6
    endloop
  endfacet
  facet normal 0.271388 0.96247 0
    outer loop
      vertex -10.4449 -45.0153 5.6
      vertex -10.0672 -45.1218 3
      vertex -10.4449 -45.0153 3
    endloop
  endfacet
  facet normal 0.143722 0.989618 -0
    outer loop
      vertex -9.67885 -45.1782 3
      vertex -10.0672 -45.1218 5.6
      vertex -9.67885 -45.1782 5.6
    endloop
  endfacet
  facet normal 0.143722 0.989618 0
    outer loop
      vertex -10.0672 -45.1218 5.6
      vertex -9.67885 -45.1782 3
      vertex -10.0672 -45.1218 3
    endloop
  endfacet
  facet normal 0.0390509 0.999237 -0
    outer loop
      vertex -9.44344 -45.1874 3
      vertex -9.67885 -45.1782 5.6
      vertex -9.44344 -45.1874 5.6
    endloop
  endfacet
  facet normal 0.0390509 0.999237 0
    outer loop
      vertex -9.67885 -45.1782 5.6
      vertex -9.44344 -45.1874 3
      vertex -9.67885 -45.1782 3
    endloop
  endfacet
  facet normal 0 1 -0
    outer loop
      vertex 9.44344 -45.1874 3
      vertex -9.44344 -45.1874 5.6
      vertex 9.44344 -45.1874 5.6
    endloop
  endfacet
  facet normal 0 1 0
    outer loop
      vertex -9.44344 -45.1874 5.6
      vertex 9.44344 -45.1874 3
      vertex -9.44344 -45.1874 3
    endloop
  endfacet
  facet normal -0.0654923 0.997853 0
    outer loop
      vertex 9.83501 -45.1617 3
      vertex 9.44344 -45.1874 5.6
      vertex 9.83501 -45.1617 5.6
    endloop
  endfacet
  facet normal -0.0654923 0.997853 0
    outer loop
      vertex 9.44344 -45.1874 5.6
      vertex 9.83501 -45.1617 3
      vertex 9.44344 -45.1874 3
    endloop
  endfacet
  facet normal 0 0 1
    outer loop
      vertex -101.28 66.0481 1
      vertex -86.7396 38.7689 1
      vertex -81.8204 61.9119 1
    endloop
  endfacet
  facet normal 0 0 1
    outer loop
      vertex -101.489 66.005 1
      vertex -101.28 66.0481 1
      vertex -101.379 66.033 1
    endloop
  endfacet
  facet normal 0 0 1
    outer loop
      vertex -101.28 66.0481 1
      vertex -101.489 66.005 1
      vertex -106.391 42.9459 1
    endloop
  endfacet
  facet normal 0 0 1
    outer loop
      vertex -101.28 66.0481 1
      vertex -106.391 42.9459 1
      vertex -86.7396 38.7689 1
    endloop
  endfacet
  facet normal 0 0 1
    outer loop
      vertex 101.282 66.0485 1
      vertex 106.391 42.9459 1
      vertex 101.49 66.0024 1
    endloop
  endfacet
  facet normal 0 0 1
    outer loop
      vertex 101.282 66.0485 1
      vertex 86.7396 38.7689 1
      vertex 106.391 42.9459 1
    endloop
  endfacet
  facet normal 0 -0 1
    outer loop
      vertex 86.7396 38.7689 1
      vertex 101.282 66.0485 1
      vertex 81.8204 61.9119 1
    endloop
  endfacet
  facet normal -0.207909 -0.978148 0
    outer loop
      vertex -101.28 66.0481 1
      vertex -81.8204 61.9119 3
      vertex -101.28 66.0481 3
    endloop
  endfacet
  facet normal -0.207909 -0.978148 -0
    outer loop
      vertex -81.8204 61.9119 3
      vertex -101.28 66.0481 1
      vertex -81.8204 61.9119 1
    endloop
  endfacet
  facet normal 0.978142 -0.207938 0
    outer loop
      vertex -106.391 42.9459 5.6
      vertex -101.489 66.005 1
      vertex -101.489 66.005 5.6
    endloop
  endfacet
  facet normal 0.978142 -0.207938 0
    outer loop
      vertex -101.489 66.005 1
      vertex -106.391 42.9459 5.6
      vertex -106.391 42.9459 1
    endloop
  endfacet
  facet normal 0.207912 0.978147 0
    outer loop
      vertex -86.7396 38.7689 3
      vertex -86.7396 38.7689 1
      vertex -106.156 42.896 3
    endloop
  endfacet
  facet normal 0.207709 0.978191 -0
    outer loop
      vertex -106.156 42.896 3
      vertex -106.391 42.9459 5.6
      vertex -106.156 42.896 5.6
    endloop
  endfacet
  facet normal 0.207709 0.978191 0
    outer loop
      vertex -106.156 42.896 3
      vertex -106.391 42.9459 1
      vertex -106.391 42.9459 5.6
    endloop
  endfacet
  facet normal 0.20791 0.978148 -2.46421e-05
    outer loop
      vertex -106.391 42.9459 1
      vertex -106.156 42.896 3
      vertex -86.7396 38.7689 1
    endloop
  endfacet
  facet normal -0.978148 0.207912 0
    outer loop
      vertex -86.7396 38.7689 1
      vertex -81.8204 61.9119 3
      vertex -81.8204 61.9119 1
    endloop
  endfacet
  facet normal -0.978148 0.207912 0
    outer loop
      vertex -81.8204 61.9119 3
      vertex -86.7396 38.7689 1
      vertex -86.7396 38.7689 3
    endloop
  endfacet
  facet normal -0.978146 -0.207919 0
    outer loop
      vertex 106.391 42.9459 1
      vertex 101.49 66.0024 5.6
      vertex 101.49 66.0024 1
    endloop
  endfacet
  facet normal -0.978146 -0.207919 0
    outer loop
      vertex 101.49 66.0024 5.6
      vertex 106.391 42.9459 1
      vertex 106.391 42.9459 5.6
    endloop
  endfacet
  facet normal 0.207907 -0.978149 0
    outer loop
      vertex 81.8204 61.9119 1
      vertex 101.282 66.0485 3
      vertex 81.8204 61.9119 3
    endloop
  endfacet
  facet normal 0.207907 -0.978149 0
    outer loop
      vertex 101.282 66.0485 3
      vertex 81.8204 61.9119 1
      vertex 101.282 66.0485 1
    endloop
  endfacet
  facet normal 0.978148 0.207912 0
    outer loop
      vertex 86.7396 38.7689 3
      vertex 81.8204 61.9119 1
      vertex 81.8204 61.9119 3
    endloop
  endfacet
  facet normal 0.978148 0.207912 0
    outer loop
      vertex 81.8204 61.9119 1
      vertex 86.7396 38.7689 3
      vertex 86.7396 38.7689 1
    endloop
  endfacet
  facet normal -0.207709 0.978191 0
    outer loop
      vertex 106.391 42.9459 5.6
      vertex 106.156 42.896 3
      vertex 106.156 42.896 5.6
    endloop
  endfacet
  facet normal -0.207709 0.978191 0
    outer loop
      vertex 106.391 42.9459 1
      vertex 106.156 42.896 3
      vertex 106.391 42.9459 5.6
    endloop
  endfacet
  facet normal -0.20791 0.978148 -2.46421e-05
    outer loop
      vertex 86.7396 38.7689 1
      vertex 106.156 42.896 3
      vertex 106.391 42.9459 1
    endloop
  endfacet
  facet normal -0.207912 0.978147 0
    outer loop
      vertex 106.156 42.896 3
      vertex 86.7396 38.7689 1
      vertex 86.7396 38.7689 3
    endloop
  endfacet
  facet normal -0.207943 -0.978141 0
    outer loop
      vertex -70.3777 66.1147 3
      vertex -68.6843 65.7547 5.6
      vertex -70.3777 66.1147 5.6
    endloop
  endfacet
  facet normal -0.207943 -0.978141 -0
    outer loop
      vertex -68.6843 65.7547 5.6
      vertex -70.3777 66.1147 3
      vertex -68.6843 65.7547 3
    endloop
  endfacet
  facet normal -0.978146 0.20792 0
    outer loop
      vertex -70.4724 57.3427 3
      vertex -68.6843 65.7547 5.6
      vertex -68.6843 65.7547 3
    endloop
  endfacet
  facet normal -0.978146 0.20792 0
    outer loop
      vertex -68.6843 65.7547 5.6
      vertex -70.4724 57.3427 3
      vertex -70.4724 57.3427 5.6
    endloop
  endfacet
  facet normal 0.207943 -0.978141 0
    outer loop
      vertex 68.6843 65.7547 3
      vertex 70.3777 66.1147 5.6
      vertex 68.6843 65.7547 5.6
    endloop
  endfacet
  facet normal 0.207943 -0.978141 0
    outer loop
      vertex 70.3777 66.1147 5.6
      vertex 68.6843 65.7547 3
      vertex 70.3777 66.1147 3
    endloop
  endfacet
  facet normal 0.978146 0.20792 0
    outer loop
      vertex 70.4724 57.3427 5.6
      vertex 68.6843 65.7547 3
      vertex 68.6843 65.7547 5.6
    endloop
  endfacet
  facet normal 0.978146 0.20792 0
    outer loop
      vertex 68.6843 65.7547 3
      vertex 70.4724 57.3427 5.6
      vertex 70.4724 57.3427 3
    endloop
  endfacet
endsolid OpenSCAD_Model
