solid OpenSCAD_Model
  facet normal -0.999759 0.0219435 0
    outer loop
      vertex 71.6849 54.2414 1.4
      vertex 71.6915 54.5421 2.4
      vertex 71.6915 54.5421 1.4
    endloop
  endfacet
  facet normal -0.999759 0.0219435 0
    outer loop
      vertex 71.6915 54.5421 2.4
      vertex 71.6849 54.2414 1.4
      vertex 71.6849 54.2414 2.4
    endloop
  endfacet
  facet normal -0.994041 -0.109009 0
    outer loop
      vertex 71.7177 53.9423 1.4
      vertex 71.6849 54.2414 2.4
      vertex 71.6849 54.2414 1.4
    endloop
  endfacet
  facet normal -0.994041 -0.109009 0
    outer loop
      vertex 71.6849 54.2414 2.4
      vertex 71.7177 53.9423 1.4
      vertex 71.7177 53.9423 2.4
    endloop
  endfacet
  facet normal -0.988349 0.152207 0
    outer loop
      vertex 71.6915 54.5421 1.4
      vertex 71.7373 54.8395 2.4
      vertex 71.7373 54.8395 1.4
    endloop
  endfacet
  facet normal -0.988349 0.152207 0
    outer loop
      vertex 71.7373 54.8395 2.4
      vertex 71.6915 54.5421 1.4
      vertex 71.6915 54.5421 2.4
    endloop
  endfacet
  facet normal 0 0 1
    outer loop
      vertex 75.1816 54.394 2.4
      vertex 76.2805 54.442 2.4
      vertex 76.2478 54.7411 2.4
    endloop
  endfacet
  facet normal 0 0 1
    outer loop
      vertex 76.2805 54.442 2.4
      vertex 75.1816 54.394 2.4
      vertex 76.274 54.1412 2.4
    endloop
  endfacet
  facet normal 0 0 1
    outer loop
      vertex 75.1645 54.5501 2.4
      vertex 76.2478 54.7411 2.4
      vertex 76.1763 55.0333 2.4
    endloop
  endfacet
  facet normal -0 0 1
    outer loop
      vertex 75.1782 54.2371 2.4
      vertex 76.274 54.1412 2.4
      vertex 75.1816 54.394 2.4
    endloop
  endfacet
  facet normal 0 0 1
    outer loop
      vertex 75.1272 54.7025 2.4
      vertex 76.1763 55.0333 2.4
      vertex 76.0672 55.3137 2.4
    endloop
  endfacet
  facet normal 0 0 1
    outer loop
      vertex 76.274 54.1412 2.4
      vertex 75.1782 54.2371 2.4
      vertex 76.2282 53.8439 2.4
    endloop
  endfacet
  facet normal 0 0 1
    outer loop
      vertex 75.0703 54.8488 2.4
      vertex 76.0672 55.3137 2.4
      vertex 75.9225 55.5775 2.4
    endloop
  endfacet
  facet normal -0 0 1
    outer loop
      vertex 75.1543 54.082 2.4
      vertex 76.2282 53.8439 2.4
      vertex 75.1782 54.2371 2.4
    endloop
  endfacet
  facet normal 0 0 1
    outer loop
      vertex 74.9948 54.9864 2.4
      vertex 75.9225 55.5775 2.4
      vertex 75.7446 55.8201 2.4
    endloop
  endfacet
  facet normal 0 0 1
    outer loop
      vertex 76.2282 53.8439 2.4
      vertex 75.1543 54.082 2.4
      vertex 76.144 53.555 2.4
    endloop
  endfacet
  facet normal 0 0 1
    outer loop
      vertex 74.902 55.113 2.4
      vertex 75.7446 55.8201 2.4
      vertex 75.5366 56.0374 2.4
    endloop
  endfacet
  facet normal -0 0 1
    outer loop
      vertex 75.1104 53.9313 2.4
      vertex 76.144 53.555 2.4
      vertex 75.1543 54.082 2.4
    endloop
  endfacet
  facet normal 0 0 1
    outer loop
      vertex 74.7934 55.2264 2.4
      vertex 75.5366 56.0374 2.4
      vertex 75.302 56.2257 2.4
    endloop
  endfacet
  facet normal 0 0 1
    outer loop
      vertex 76.144 53.555 2.4
      vertex 75.1104 53.9313 2.4
      vertex 76.0229 53.2797 2.4
    endloop
  endfacet
  facet normal -0 0 1
    outer loop
      vertex 75.0471 53.7876 2.4
      vertex 76.0229 53.2797 2.4
      vertex 75.1104 53.9313 2.4
    endloop
  endfacet
  facet normal 0 0 1
    outer loop
      vertex 76.2478 54.7411 2.4
      vertex 75.1645 54.5501 2.4
      vertex 75.1816 54.394 2.4
    endloop
  endfacet
  facet normal 0 0 1
    outer loop
      vertex 76.1763 55.0333 2.4
      vertex 75.1272 54.7025 2.4
      vertex 75.1645 54.5501 2.4
    endloop
  endfacet
  facet normal 0 0 1
    outer loop
      vertex 76.0672 55.3137 2.4
      vertex 75.0703 54.8488 2.4
      vertex 75.1272 54.7025 2.4
    endloop
  endfacet
  facet normal 0 0 1
    outer loop
      vertex 74.671 55.3247 2.4
      vertex 75.302 56.2257 2.4
      vertex 75.0448 56.3818 2.4
    endloop
  endfacet
  facet normal 0 0 1
    outer loop
      vertex 75.9225 55.5775 2.4
      vertex 74.9948 54.9864 2.4
      vertex 75.0703 54.8488 2.4
    endloop
  endfacet
  facet normal 0 0 1
    outer loop
      vertex 75.7446 55.8201 2.4
      vertex 74.902 55.113 2.4
      vertex 74.9948 54.9864 2.4
    endloop
  endfacet
  facet normal 0 0 1
    outer loop
      vertex 75.5366 56.0374 2.4
      vertex 74.7934 55.2264 2.4
      vertex 74.902 55.113 2.4
    endloop
  endfacet
  facet normal 0 0 1
    outer loop
      vertex 74.5368 55.4061 2.4
      vertex 75.0448 56.3818 2.4
      vertex 74.7694 56.503 2.4
    endloop
  endfacet
  facet normal 0 0 1
    outer loop
      vertex 75.302 56.2257 2.4
      vertex 74.671 55.3247 2.4
      vertex 74.7934 55.2264 2.4
    endloop
  endfacet
  facet normal 0 0 1
    outer loop
      vertex 75.0448 56.3818 2.4
      vertex 74.5368 55.4061 2.4
      vertex 74.671 55.3247 2.4
    endloop
  endfacet
  facet normal 0 0 1
    outer loop
      vertex 74.3932 55.4693 2.4
      vertex 74.7694 56.503 2.4
      vertex 74.4805 56.5872 2.4
    endloop
  endfacet
  facet normal 0 0 1
    outer loop
      vertex 74.7694 56.503 2.4
      vertex 74.3932 55.4693 2.4
      vertex 74.5368 55.4061 2.4
    endloop
  endfacet
  facet normal 0 0 1
    outer loop
      vertex 74.4805 56.5872 2.4
      vertex 74.2425 55.5132 2.4
      vertex 74.3932 55.4693 2.4
    endloop
  endfacet
  facet normal 0 0 1
    outer loop
      vertex 74.1832 56.6329 2.4
      vertex 74.2425 55.5132 2.4
      vertex 74.4805 56.5872 2.4
    endloop
  endfacet
  facet normal 0 0 1
    outer loop
      vertex 74.1832 56.6329 2.4
      vertex 74.0873 55.5371 2.4
      vertex 74.2425 55.5132 2.4
    endloop
  endfacet
  facet normal 0 0 1
    outer loop
      vertex 74.1832 56.6329 2.4
      vertex 73.9304 55.5405 2.4
      vertex 74.0873 55.5371 2.4
    endloop
  endfacet
  facet normal 0 0 1
    outer loop
      vertex 73.8824 56.6395 2.4
      vertex 73.9304 55.5405 2.4
      vertex 74.1832 56.6329 2.4
    endloop
  endfacet
  facet normal 0 0 1
    outer loop
      vertex 73.8824 56.6395 2.4
      vertex 73.7744 55.5234 2.4
      vertex 73.9304 55.5405 2.4
    endloop
  endfacet
  facet normal -0 0 1
    outer loop
      vertex 73.5833 56.6067 2.4
      vertex 73.7744 55.5234 2.4
      vertex 73.8824 56.6395 2.4
    endloop
  endfacet
  facet normal 0 0 1
    outer loop
      vertex 73.7744 55.5234 2.4
      vertex 73.5833 56.6067 2.4
      vertex 73.6219 55.4861 2.4
    endloop
  endfacet
  facet normal -0 0 1
    outer loop
      vertex 73.2911 56.5352 2.4
      vertex 73.6219 55.4861 2.4
      vertex 73.5833 56.6067 2.4
    endloop
  endfacet
  facet normal 0 0 1
    outer loop
      vertex 73.6219 55.4861 2.4
      vertex 73.2911 56.5352 2.4
      vertex 73.4756 55.4292 2.4
    endloop
  endfacet
  facet normal -0 0 1
    outer loop
      vertex 73.0107 56.4262 2.4
      vertex 73.4756 55.4292 2.4
      vertex 73.2911 56.5352 2.4
    endloop
  endfacet
  facet normal 0 0 1
    outer loop
      vertex 73.4756 55.4292 2.4
      vertex 73.0107 56.4262 2.4
      vertex 73.338 55.3538 2.4
    endloop
  endfacet
  facet normal -0 0 1
    outer loop
      vertex 72.7469 56.2815 2.4
      vertex 73.338 55.3538 2.4
      vertex 73.0107 56.4262 2.4
    endloop
  endfacet
  facet normal 0 0 1
    outer loop
      vertex 73.338 55.3538 2.4
      vertex 72.7469 56.2815 2.4
      vertex 73.2114 55.2609 2.4
    endloop
  endfacet
  facet normal -0 0 1
    outer loop
      vertex 72.5043 56.1036 2.4
      vertex 73.2114 55.2609 2.4
      vertex 72.7469 56.2815 2.4
    endloop
  endfacet
  facet normal 0 0 1
    outer loop
      vertex 73.2114 55.2609 2.4
      vertex 72.5043 56.1036 2.4
      vertex 73.098 55.1524 2.4
    endloop
  endfacet
  facet normal -0 0 1
    outer loop
      vertex 72.287 55.8955 2.4
      vertex 73.098 55.1524 2.4
      vertex 72.5043 56.1036 2.4
    endloop
  endfacet
  facet normal 0 0 1
    outer loop
      vertex 73.098 55.1524 2.4
      vertex 72.287 55.8955 2.4
      vertex 72.9997 55.03 2.4
    endloop
  endfacet
  facet normal -0 0 1
    outer loop
      vertex 72.0987 55.6609 2.4
      vertex 72.9997 55.03 2.4
      vertex 72.287 55.8955 2.4
    endloop
  endfacet
  facet normal -0 0 1
    outer loop
      vertex 71.9426 55.4037 2.4
      vertex 72.9183 54.8958 2.4
      vertex 72.0987 55.6609 2.4
    endloop
  endfacet
  facet normal 0 0 1
    outer loop
      vertex 72.9997 55.03 2.4
      vertex 72.0987 55.6609 2.4
      vertex 72.9183 54.8958 2.4
    endloop
  endfacet
  facet normal 0 0 1
    outer loop
      vertex 76.0229 53.2797 2.4
      vertex 75.0471 53.7876 2.4
      vertex 75.8668 53.0225 2.4
    endloop
  endfacet
  facet normal -0 0 1
    outer loop
      vertex 74.9657 53.6534 2.4
      vertex 75.8668 53.0225 2.4
      vertex 75.0471 53.7876 2.4
    endloop
  endfacet
  facet normal 0 0 1
    outer loop
      vertex 75.8668 53.0225 2.4
      vertex 74.9657 53.6534 2.4
      vertex 75.6785 52.7878 2.4
    endloop
  endfacet
  facet normal -0 0 1
    outer loop
      vertex 74.8675 53.531 2.4
      vertex 75.6785 52.7878 2.4
      vertex 74.9657 53.6534 2.4
    endloop
  endfacet
  facet normal 0 0 1
    outer loop
      vertex 75.6785 52.7878 2.4
      vertex 74.8675 53.531 2.4
      vertex 75.4611 52.5798 2.4
    endloop
  endfacet
  facet normal -0 0 1
    outer loop
      vertex 74.7541 53.4224 2.4
      vertex 75.4611 52.5798 2.4
      vertex 74.8675 53.531 2.4
    endloop
  endfacet
  facet normal 0 0 1
    outer loop
      vertex 75.4611 52.5798 2.4
      vertex 74.7541 53.4224 2.4
      vertex 75.2185 52.4019 2.4
    endloop
  endfacet
  facet normal -0 0 1
    outer loop
      vertex 74.6275 53.3296 2.4
      vertex 75.2185 52.4019 2.4
      vertex 74.7541 53.4224 2.4
    endloop
  endfacet
  facet normal 0 0 1
    outer loop
      vertex 75.2185 52.4019 2.4
      vertex 74.6275 53.3296 2.4
      vertex 74.9548 52.2572 2.4
    endloop
  endfacet
  facet normal -0 0 1
    outer loop
      vertex 74.4899 53.2541 2.4
      vertex 74.9548 52.2572 2.4
      vertex 74.6275 53.3296 2.4
    endloop
  endfacet
  facet normal 0 0 1
    outer loop
      vertex 74.9548 52.2572 2.4
      vertex 74.4899 53.2541 2.4
      vertex 74.6744 52.1481 2.4
    endloop
  endfacet
  facet normal -0 0 1
    outer loop
      vertex 74.3436 53.1972 2.4
      vertex 74.6744 52.1481 2.4
      vertex 74.4899 53.2541 2.4
    endloop
  endfacet
  facet normal 0 0 1
    outer loop
      vertex 74.6744 52.1481 2.4
      vertex 74.3436 53.1972 2.4
      vertex 74.3821 52.0766 2.4
    endloop
  endfacet
  facet normal -0 0 1
    outer loop
      vertex 74.1911 53.1599 2.4
      vertex 74.3821 52.0766 2.4
      vertex 74.3436 53.1972 2.4
    endloop
  endfacet
  facet normal 0 0 1
    outer loop
      vertex 74.1911 53.1599 2.4
      vertex 74.0831 52.0439 2.4
      vertex 74.3821 52.0766 2.4
    endloop
  endfacet
  facet normal -0 0 1
    outer loop
      vertex 74.0351 53.1428 2.4
      vertex 74.0831 52.0439 2.4
      vertex 74.1911 53.1599 2.4
    endloop
  endfacet
  facet normal 0 0 1
    outer loop
      vertex 73.8781 53.1462 2.4
      vertex 74.0831 52.0439 2.4
      vertex 74.0351 53.1428 2.4
    endloop
  endfacet
  facet normal 0 0 1
    outer loop
      vertex 73.8781 53.1462 2.4
      vertex 73.7823 52.0504 2.4
      vertex 74.0831 52.0439 2.4
    endloop
  endfacet
  facet normal 0 0 1
    outer loop
      vertex 73.723 53.1701 2.4
      vertex 73.7823 52.0504 2.4
      vertex 73.8781 53.1462 2.4
    endloop
  endfacet
  facet normal 0 0 1
    outer loop
      vertex 73.4849 52.0962 2.4
      vertex 73.723 53.1701 2.4
      vertex 73.5723 53.2141 2.4
    endloop
  endfacet
  facet normal 0 0 1
    outer loop
      vertex 73.723 53.1701 2.4
      vertex 73.4849 52.0962 2.4
      vertex 73.7823 52.0504 2.4
    endloop
  endfacet
  facet normal 0 0 1
    outer loop
      vertex 73.1961 52.1804 2.4
      vertex 73.5723 53.2141 2.4
      vertex 73.4286 53.2773 2.4
    endloop
  endfacet
  facet normal 0 0 1
    outer loop
      vertex 72.9207 52.3016 2.4
      vertex 73.4286 53.2773 2.4
      vertex 73.2944 53.3587 2.4
    endloop
  endfacet
  facet normal 0 0 1
    outer loop
      vertex 73.5723 53.2141 2.4
      vertex 73.1961 52.1804 2.4
      vertex 73.4849 52.0962 2.4
    endloop
  endfacet
  facet normal 0 0 1
    outer loop
      vertex 72.6635 52.4576 2.4
      vertex 73.2944 53.3587 2.4
      vertex 73.172 53.4569 2.4
    endloop
  endfacet
  facet normal 0 0 1
    outer loop
      vertex 72.4289 52.6459 2.4
      vertex 73.172 53.4569 2.4
      vertex 73.0635 53.5703 2.4
    endloop
  endfacet
  facet normal 0 0 1
    outer loop
      vertex 72.2208 52.8633 2.4
      vertex 73.0635 53.5703 2.4
      vertex 72.9707 53.6969 2.4
    endloop
  endfacet
  facet normal 0 0 1
    outer loop
      vertex 73.4286 53.2773 2.4
      vertex 72.9207 52.3016 2.4
      vertex 73.1961 52.1804 2.4
    endloop
  endfacet
  facet normal 0 0 1
    outer loop
      vertex 72.0429 53.1059 2.4
      vertex 72.9707 53.6969 2.4
      vertex 72.8952 53.8345 2.4
    endloop
  endfacet
  facet normal 0 0 1
    outer loop
      vertex 71.8982 53.3697 2.4
      vertex 72.8952 53.8345 2.4
      vertex 72.8383 53.9808 2.4
    endloop
  endfacet
  facet normal 0 0 1
    outer loop
      vertex 71.7892 53.6501 2.4
      vertex 72.8383 53.9808 2.4
      vertex 72.801 54.1333 2.4
    endloop
  endfacet
  facet normal 0 0 1
    outer loop
      vertex 71.7177 53.9423 2.4
      vertex 72.801 54.1333 2.4
      vertex 72.7839 54.2893 2.4
    endloop
  endfacet
  facet normal 0 0 1
    outer loop
      vertex 73.2944 53.3587 2.4
      vertex 72.6635 52.4576 2.4
      vertex 72.9207 52.3016 2.4
    endloop
  endfacet
  facet normal 0 0 1
    outer loop
      vertex 72.9183 54.8958 2.4
      vertex 71.9426 55.4037 2.4
      vertex 72.8551 54.7521 2.4
    endloop
  endfacet
  facet normal -0 0 1
    outer loop
      vertex 71.8214 55.1283 2.4
      vertex 72.8551 54.7521 2.4
      vertex 71.9426 55.4037 2.4
    endloop
  endfacet
  facet normal 0 0 1
    outer loop
      vertex 73.172 53.4569 2.4
      vertex 72.4289 52.6459 2.4
      vertex 72.6635 52.4576 2.4
    endloop
  endfacet
  facet normal 0 0 1
    outer loop
      vertex 72.8551 54.7521 2.4
      vertex 71.8214 55.1283 2.4
      vertex 72.8112 54.6014 2.4
    endloop
  endfacet
  facet normal 0 0 1
    outer loop
      vertex 73.0635 53.5703 2.4
      vertex 72.2208 52.8633 2.4
      vertex 72.4289 52.6459 2.4
    endloop
  endfacet
  facet normal -0 0 1
    outer loop
      vertex 71.7373 54.8395 2.4
      vertex 72.8112 54.6014 2.4
      vertex 71.8214 55.1283 2.4
    endloop
  endfacet
  facet normal 0 0 1
    outer loop
      vertex 72.9707 53.6969 2.4
      vertex 72.0429 53.1059 2.4
      vertex 72.2208 52.8633 2.4
    endloop
  endfacet
  facet normal 0 0 1
    outer loop
      vertex 72.8112 54.6014 2.4
      vertex 71.7373 54.8395 2.4
      vertex 72.7873 54.4463 2.4
    endloop
  endfacet
  facet normal 0 0 1
    outer loop
      vertex 72.8952 53.8345 2.4
      vertex 71.8982 53.3697 2.4
      vertex 72.0429 53.1059 2.4
    endloop
  endfacet
  facet normal -0 0 1
    outer loop
      vertex 71.6915 54.5421 2.4
      vertex 72.7873 54.4463 2.4
      vertex 71.7373 54.8395 2.4
    endloop
  endfacet
  facet normal 0 0 1
    outer loop
      vertex 72.8383 53.9808 2.4
      vertex 71.7892 53.6501 2.4
      vertex 71.8982 53.3697 2.4
    endloop
  endfacet
  facet normal 0 0 1
    outer loop
      vertex 72.7873 54.4463 2.4
      vertex 71.6915 54.5421 2.4
      vertex 72.7839 54.2893 2.4
    endloop
  endfacet
  facet normal 0 0 1
    outer loop
      vertex 72.801 54.1333 2.4
      vertex 71.7177 53.9423 2.4
      vertex 71.7892 53.6501 2.4
    endloop
  endfacet
  facet normal 0 0 1
    outer loop
      vertex 71.6849 54.2414 2.4
      vertex 72.7839 54.2893 2.4
      vertex 71.6915 54.5421 2.4
    endloop
  endfacet
  facet normal 0 0 1
    outer loop
      vertex 72.7839 54.2893 2.4
      vertex 71.6849 54.2414 2.4
      vertex 71.7177 53.9423 2.4
    endloop
  endfacet
  facet normal -0.915286 0.402805 0
    outer loop
      vertex 71.8214 55.1283 1.4
      vertex 71.9426 55.4037 2.4
      vertex 71.9426 55.4037 1.4
    endloop
  endfacet
  facet normal -0.915286 0.402805 0
    outer loop
      vertex 71.9426 55.4037 2.4
      vertex 71.8214 55.1283 1.4
      vertex 71.8214 55.1283 2.4
    endloop
  endfacet
  facet normal 0.988341 -0.152257 0
    outer loop
      vertex 76.2282 53.8439 2.4
      vertex 76.274 54.1412 1.4
      vertex 76.274 54.1412 2.4
    endloop
  endfacet
  facet normal 0.988341 -0.152257 0
    outer loop
      vertex 76.274 54.1412 1.4
      vertex 76.2282 53.8439 2.4
      vertex 76.2282 53.8439 1.4
    endloop
  endfacet
  facet normal -0.152207 -0.988349 0
    outer loop
      vertex 73.4849 52.0962 1.4
      vertex 73.7823 52.0504 2.4
      vertex 73.4849 52.0962 2.4
    endloop
  endfacet
  facet normal -0.152207 -0.988349 -0
    outer loop
      vertex 73.7823 52.0504 2.4
      vertex 73.4849 52.0962 1.4
      vertex 73.7823 52.0504 1.4
    endloop
  endfacet
  facet normal -0.960119 0.279591 0
    outer loop
      vertex 71.7373 54.8395 1.4
      vertex 71.8214 55.1283 2.4
      vertex 71.8214 55.1283 1.4
    endloop
  endfacet
  facet normal -0.960119 0.279591 0
    outer loop
      vertex 71.8214 55.1283 2.4
      vertex 71.7373 54.8395 1.4
      vertex 71.7373 54.8395 2.4
    endloop
  endfacet
  facet normal 0.402805 0.915286 -0
    outer loop
      vertex 75.0448 56.3818 1.4
      vertex 74.7694 56.503 2.4
      vertex 75.0448 56.3818 2.4
    endloop
  endfacet
  facet normal 0.402805 0.915286 0
    outer loop
      vertex 74.7694 56.503 2.4
      vertex 75.0448 56.3818 1.4
      vertex 74.7694 56.503 1.4
    endloop
  endfacet
  facet normal -0.932055 -0.362318 0
    outer loop
      vertex 71.8982 53.3697 1.4
      vertex 71.7892 53.6501 2.4
      vertex 71.7892 53.6501 1.4
    endloop
  endfacet
  facet normal -0.932055 -0.362318 0
    outer loop
      vertex 71.7892 53.6501 2.4
      vertex 71.8982 53.3697 1.4
      vertex 71.8982 53.3697 2.4
    endloop
  endfacet
  facet normal -0.480923 0.876763 0
    outer loop
      vertex 73.0107 56.4262 1.4
      vertex 72.7469 56.2815 2.4
      vertex 73.0107 56.4262 2.4
    endloop
  endfacet
  facet normal -0.480923 0.876763 0
    outer loop
      vertex 72.7469 56.2815 2.4
      vertex 73.0107 56.4262 1.4
      vertex 72.7469 56.2815 1.4
    endloop
  endfacet
  facet normal 0.518839 0.854872 -0
    outer loop
      vertex 75.302 56.2257 1.4
      vertex 75.0448 56.3818 2.4
      vertex 75.302 56.2257 2.4
    endloop
  endfacet
  facet normal 0.518839 0.854872 0
    outer loop
      vertex 75.0448 56.3818 2.4
      vertex 75.302 56.2257 1.4
      vertex 75.0448 56.3818 1.4
    endloop
  endfacet
  facet normal -0.402805 -0.915286 0
    outer loop
      vertex 72.9207 52.3016 1.4
      vertex 73.1961 52.1804 2.4
      vertex 72.9207 52.3016 2.4
    endloop
  endfacet
  facet normal -0.402805 -0.915286 -0
    outer loop
      vertex 73.1961 52.1804 2.4
      vertex 72.9207 52.3016 1.4
      vertex 73.1961 52.1804 1.4
    endloop
  endfacet
  facet normal 0.0219362 0.999759 -0
    outer loop
      vertex 74.1832 56.6329 1.4
      vertex 73.8824 56.6395 2.4
      vertex 74.1832 56.6329 2.4
    endloop
  endfacet
  facet normal 0.0219362 0.999759 0
    outer loop
      vertex 73.8824 56.6395 2.4
      vertex 74.1832 56.6329 1.4
      vertex 73.8824 56.6395 1.4
    endloop
  endfacet
  facet normal 0.994077 0.10868 0
    outer loop
      vertex 76.2805 54.442 2.4
      vertex 76.2478 54.7411 1.4
      vertex 76.2478 54.7411 2.4
    endloop
  endfacet
  facet normal 0.994077 0.10868 0
    outer loop
      vertex 76.2478 54.7411 1.4
      vertex 76.2805 54.442 2.4
      vertex 76.2805 54.442 1.4
    endloop
  endfacet
  facet normal 0.960056 -0.279809 0
    outer loop
      vertex 76.144 53.555 2.4
      vertex 76.2282 53.8439 1.4
      vertex 76.2282 53.8439 2.4
    endloop
  endfacet
  facet normal 0.960056 -0.279809 0
    outer loop
      vertex 76.2282 53.8439 1.4
      vertex 76.144 53.555 2.4
      vertex 76.144 53.555 1.4
    endloop
  endfacet
  facet normal -0.237683 0.971343 0
    outer loop
      vertex 73.5833 56.6067 1.4
      vertex 73.2911 56.5352 2.4
      vertex 73.5833 56.6067 2.4
    endloop
  endfacet
  facet normal -0.237683 0.971343 0
    outer loop
      vertex 73.2911 56.5352 2.4
      vertex 73.5833 56.6067 1.4
      vertex 73.2911 56.5352 1.4
    endloop
  endfacet
  facet normal 0.481063 -0.876686 0
    outer loop
      vertex 74.9548 52.2572 1.4
      vertex 75.2185 52.4019 2.4
      vertex 74.9548 52.2572 2.4
    endloop
  endfacet
  facet normal 0.481063 -0.876686 0
    outer loop
      vertex 75.2185 52.4019 2.4
      vertex 74.9548 52.2572 1.4
      vertex 75.2185 52.4019 1.4
    endloop
  endfacet
  facet normal -0.021604 -0.999767 0
    outer loop
      vertex 73.7823 52.0504 1.4
      vertex 74.0831 52.0439 2.4
      vertex 73.7823 52.0504 2.4
    endloop
  endfacet
  facet normal -0.021604 -0.999767 -0
    outer loop
      vertex 74.0831 52.0439 2.4
      vertex 73.7823 52.0504 1.4
      vertex 74.0831 52.0439 1.4
    endloop
  endfacet
  facet normal 0.279809 0.960056 -0
    outer loop
      vertex 74.7694 56.503 1.4
      vertex 74.4805 56.5872 2.4
      vertex 74.7694 56.503 2.4
    endloop
  endfacet
  facet normal 0.279809 0.960056 0
    outer loop
      vertex 74.4805 56.5872 2.4
      vertex 74.7694 56.503 1.4
      vertex 74.4805 56.5872 1.4
    endloop
  endfacet
  facet normal -0.591349 0.806416 0
    outer loop
      vertex 72.7469 56.2815 1.4
      vertex 72.5043 56.1036 2.4
      vertex 72.7469 56.2815 2.4
    endloop
  endfacet
  facet normal -0.591349 0.806416 0
    outer loop
      vertex 72.5043 56.1036 2.4
      vertex 72.7469 56.2815 1.4
      vertex 72.5043 56.1036 1.4
    endloop
  endfacet
  facet normal -0.279898 -0.96003 0
    outer loop
      vertex 73.1961 52.1804 1.4
      vertex 73.4849 52.0962 2.4
      vertex 73.1961 52.1804 2.4
    endloop
  endfacet
  facet normal -0.279898 -0.96003 -0
    outer loop
      vertex 73.4849 52.0962 2.4
      vertex 73.1961 52.1804 1.4
      vertex 73.4849 52.0962 1.4
    endloop
  endfacet
  facet normal 0.999767 -0.021604 0
    outer loop
      vertex 76.274 54.1412 2.4
      vertex 76.2805 54.442 1.4
      vertex 76.2805 54.442 2.4
    endloop
  endfacet
  facet normal 0.999767 -0.021604 0
    outer loop
      vertex 76.2805 54.442 1.4
      vertex 76.274 54.1412 2.4
      vertex 76.274 54.1412 1.4
    endloop
  endfacet
  facet normal -0.971343 -0.237683 0
    outer loop
      vertex 71.7892 53.6501 1.4
      vertex 71.7177 53.9423 2.4
      vertex 71.7177 53.9423 1.4
    endloop
  endfacet
  facet normal -0.971343 -0.237683 0
    outer loop
      vertex 71.7177 53.9423 2.4
      vertex 71.7892 53.6501 1.4
      vertex 71.7892 53.6501 2.4
    endloop
  endfacet
  facet normal 0.691313 -0.722555 0
    outer loop
      vertex 75.4611 52.5798 1.4
      vertex 75.6785 52.7878 2.4
      vertex 75.4611 52.5798 2.4
    endloop
  endfacet
  facet normal 0.691313 -0.722555 0
    outer loop
      vertex 75.6785 52.7878 2.4
      vertex 75.4611 52.5798 1.4
      vertex 75.6785 52.7878 1.4
    endloop
  endfacet
  facet normal -0.625951 -0.779862 0
    outer loop
      vertex 72.4289 52.6459 1.4
      vertex 72.6635 52.4576 2.4
      vertex 72.4289 52.6459 2.4
    endloop
  endfacet
  facet normal -0.625951 -0.779862 -0
    outer loop
      vertex 72.6635 52.4576 2.4
      vertex 72.4289 52.6459 1.4
      vertex 72.6635 52.4576 1.4
    endloop
  endfacet
  facet normal -0.722389 -0.691487 0
    outer loop
      vertex 72.4289 52.6459 1.4
      vertex 72.2208 52.8633 2.4
      vertex 72.2208 52.8633 1.4
    endloop
  endfacet
  facet normal -0.722389 -0.691487 0
    outer loop
      vertex 72.2208 52.8633 2.4
      vertex 72.4289 52.6459 1.4
      vertex 72.4289 52.6459 2.4
    endloop
  endfacet
  facet normal 0.854872 -0.518839 0
    outer loop
      vertex 75.8668 53.0225 2.4
      vertex 76.0229 53.2797 1.4
      vertex 76.0229 53.2797 2.4
    endloop
  endfacet
  facet normal 0.854872 -0.518839 0
    outer loop
      vertex 76.0229 53.2797 1.4
      vertex 75.8668 53.0225 2.4
      vertex 75.8668 53.0225 1.4
    endloop
  endfacet
  facet normal 0.625951 0.779862 -0
    outer loop
      vertex 75.5366 56.0374 1.4
      vertex 75.302 56.2257 2.4
      vertex 75.5366 56.0374 2.4
    endloop
  endfacet
  facet normal 0.625951 0.779862 0
    outer loop
      vertex 75.302 56.2257 2.4
      vertex 75.5366 56.0374 1.4
      vertex 75.302 56.2257 1.4
    endloop
  endfacet
  facet normal 0.722396 0.691479 0
    outer loop
      vertex 75.7446 55.8201 2.4
      vertex 75.5366 56.0374 1.4
      vertex 75.5366 56.0374 2.4
    endloop
  endfacet
  facet normal 0.722396 0.691479 0
    outer loop
      vertex 75.5366 56.0374 1.4
      vertex 75.7446 55.8201 2.4
      vertex 75.7446 55.8201 1.4
    endloop
  endfacet
  facet normal 0.779993 -0.625789 0
    outer loop
      vertex 75.6785 52.7878 2.4
      vertex 75.8668 53.0225 1.4
      vertex 75.8668 53.0225 2.4
    endloop
  endfacet
  facet normal 0.779993 -0.625789 0
    outer loop
      vertex 75.8668 53.0225 1.4
      vertex 75.6785 52.7878 2.4
      vertex 75.6785 52.7878 1.4
    endloop
  endfacet
  facet normal -0.876763 -0.480923 0
    outer loop
      vertex 72.0429 53.1059 1.4
      vertex 71.8982 53.3697 2.4
      vertex 71.8982 53.3697 1.4
    endloop
  endfacet
  facet normal -0.876763 -0.480923 0
    outer loop
      vertex 71.8982 53.3697 2.4
      vertex 72.0429 53.1059 1.4
      vertex 72.0429 53.1059 2.4
    endloop
  endfacet
  facet normal 0.915354 -0.402649 0
    outer loop
      vertex 76.0229 53.2797 2.4
      vertex 76.144 53.555 1.4
      vertex 76.144 53.555 2.4
    endloop
  endfacet
  facet normal 0.915354 -0.402649 0
    outer loop
      vertex 76.144 53.555 1.4
      vertex 76.0229 53.2797 2.4
      vertex 76.0229 53.2797 1.4
    endloop
  endfacet
  facet normal -0.806416 -0.591349 0
    outer loop
      vertex 72.2208 52.8633 1.4
      vertex 72.0429 53.1059 2.4
      vertex 72.0429 53.1059 1.4
    endloop
  endfacet
  facet normal -0.806416 -0.591349 0
    outer loop
      vertex 72.0429 53.1059 2.4
      vertex 72.2208 52.8633 1.4
      vertex 72.2208 52.8633 2.4
    endloop
  endfacet
  facet normal 0.362607 -0.931942 0
    outer loop
      vertex 74.6744 52.1481 1.4
      vertex 74.9548 52.2572 2.4
      vertex 74.6744 52.1481 2.4
    endloop
  endfacet
  facet normal 0.362607 -0.931942 0
    outer loop
      vertex 74.9548 52.2572 2.4
      vertex 74.6744 52.1481 1.4
      vertex 74.9548 52.2572 1.4
    endloop
  endfacet
  facet normal 0.108716 -0.994073 0
    outer loop
      vertex 74.0831 52.0439 1.4
      vertex 74.3821 52.0766 2.4
      vertex 74.0831 52.0439 2.4
    endloop
  endfacet
  facet normal 0.108716 -0.994073 0
    outer loop
      vertex 74.3821 52.0766 2.4
      vertex 74.0831 52.0439 1.4
      vertex 74.3821 52.0766 1.4
    endloop
  endfacet
  facet normal 0.591349 -0.806416 0
    outer loop
      vertex 75.2185 52.4019 1.4
      vertex 75.4611 52.5798 2.4
      vertex 75.2185 52.4019 2.4
    endloop
  endfacet
  facet normal 0.591349 -0.806416 0
    outer loop
      vertex 75.4611 52.5798 2.4
      vertex 75.2185 52.4019 1.4
      vertex 75.4611 52.5798 1.4
    endloop
  endfacet
  facet normal -0.362318 0.932055 0
    outer loop
      vertex 73.2911 56.5352 1.4
      vertex 73.0107 56.4262 2.4
      vertex 73.2911 56.5352 2.4
    endloop
  endfacet
  facet normal -0.362318 0.932055 0
    outer loop
      vertex 73.0107 56.4262 2.4
      vertex 73.2911 56.5352 1.4
      vertex 73.0107 56.4262 1.4
    endloop
  endfacet
  facet normal -0.518596 -0.855019 0
    outer loop
      vertex 72.6635 52.4576 1.4
      vertex 72.9207 52.3016 2.4
      vertex 72.6635 52.4576 2.4
    endloop
  endfacet
  facet normal -0.518596 -0.855019 -0
    outer loop
      vertex 72.9207 52.3016 2.4
      vertex 72.6635 52.4576 1.4
      vertex 72.9207 52.3016 1.4
    endloop
  endfacet
  facet normal -0.691653 0.72223 0
    outer loop
      vertex 72.5043 56.1036 1.4
      vertex 72.287 55.8955 2.4
      vertex 72.5043 56.1036 2.4
    endloop
  endfacet
  facet normal -0.691653 0.72223 0
    outer loop
      vertex 72.287 55.8955 2.4
      vertex 72.5043 56.1036 1.4
      vertex 72.287 55.8955 1.4
    endloop
  endfacet
  facet normal 0.151932 0.988391 -0
    outer loop
      vertex 74.4805 56.5872 1.4
      vertex 74.1832 56.6329 2.4
      vertex 74.4805 56.5872 2.4
    endloop
  endfacet
  facet normal 0.151932 0.988391 0
    outer loop
      vertex 74.1832 56.6329 2.4
      vertex 74.4805 56.5872 1.4
      vertex 74.1832 56.6329 1.4
    endloop
  endfacet
  facet normal 0.237606 -0.971362 0
    outer loop
      vertex 74.3821 52.0766 1.4
      vertex 74.6744 52.1481 2.4
      vertex 74.3821 52.0766 2.4
    endloop
  endfacet
  facet normal 0.237606 -0.971362 0
    outer loop
      vertex 74.6744 52.1481 2.4
      vertex 74.3821 52.0766 1.4
      vertex 74.6744 52.1481 1.4
    endloop
  endfacet
  facet normal 0.806416 0.591349 0
    outer loop
      vertex 75.9225 55.5775 2.4
      vertex 75.7446 55.8201 1.4
      vertex 75.7446 55.8201 2.4
    endloop
  endfacet
  facet normal 0.806416 0.591349 0
    outer loop
      vertex 75.7446 55.8201 1.4
      vertex 75.9225 55.5775 2.4
      vertex 75.9225 55.5775 1.4
    endloop
  endfacet
  facet normal 0.931942 0.362607 0
    outer loop
      vertex 76.1763 55.0333 2.4
      vertex 76.0672 55.3137 1.4
      vertex 76.0672 55.3137 2.4
    endloop
  endfacet
  facet normal 0.931942 0.362607 0
    outer loop
      vertex 76.0672 55.3137 1.4
      vertex 76.1763 55.0333 2.4
      vertex 76.1763 55.0333 1.4
    endloop
  endfacet
  facet normal -0.854872 0.518839 0
    outer loop
      vertex 71.9426 55.4037 1.4
      vertex 72.0987 55.6609 2.4
      vertex 72.0987 55.6609 1.4
    endloop
  endfacet
  facet normal -0.854872 0.518839 0
    outer loop
      vertex 72.0987 55.6609 2.4
      vertex 71.9426 55.4037 1.4
      vertex 71.9426 55.4037 2.4
    endloop
  endfacet
  facet normal -0.779862 0.625951 0
    outer loop
      vertex 72.0987 55.6609 1.4
      vertex 72.287 55.8955 2.4
      vertex 72.287 55.8955 1.4
    endloop
  endfacet
  facet normal -0.779862 0.625951 0
    outer loop
      vertex 72.287 55.8955 2.4
      vertex 72.0987 55.6609 1.4
      vertex 72.0987 55.6609 2.4
    endloop
  endfacet
  facet normal -0.109009 0.994041 0
    outer loop
      vertex 73.8824 56.6395 1.4
      vertex 73.5833 56.6067 2.4
      vertex 73.8824 56.6395 2.4
    endloop
  endfacet
  facet normal -0.109009 0.994041 0
    outer loop
      vertex 73.5833 56.6067 2.4
      vertex 73.8824 56.6395 1.4
      vertex 73.5833 56.6067 1.4
    endloop
  endfacet
  facet normal 0.876763 0.480923 0
    outer loop
      vertex 76.0672 55.3137 2.4
      vertex 75.9225 55.5775 1.4
      vertex 75.9225 55.5775 2.4
    endloop
  endfacet
  facet normal 0.876763 0.480923 0
    outer loop
      vertex 75.9225 55.5775 1.4
      vertex 76.0672 55.3137 2.4
      vertex 76.0672 55.3137 1.4
    endloop
  endfacet
  facet normal 0.971343 0.237683 0
    outer loop
      vertex 76.2478 54.7411 2.4
      vertex 76.1763 55.0333 1.4
      vertex 76.1763 55.0333 2.4
    endloop
  endfacet
  facet normal 0.971343 0.237683 0
    outer loop
      vertex 76.1763 55.0333 1.4
      vertex 76.2478 54.7411 2.4
      vertex 76.2478 54.7411 1.4
    endloop
  endfacet
  facet normal 0.237837 -0.971305 0
    outer loop
      vertex 108.748 -13.2483 1.4
      vertex 109.04 -13.1768 2.4
      vertex 108.748 -13.2483 2.4
    endloop
  endfacet
  facet normal 0.237837 -0.971305 0
    outer loop
      vertex 109.04 -13.1768 2.4
      vertex 108.748 -13.2483 1.4
      vertex 109.04 -13.1768 1.4
    endloop
  endfacet
  facet normal -0.999801 0.0199495 0
    outer loop
      vertex 106.051 -11.0835 1.4
      vertex 106.057 -10.7828 2.4
      vertex 106.057 -10.7828 1.4
    endloop
  endfacet
  facet normal -0.999801 0.0199495 0
    outer loop
      vertex 106.057 -10.7828 2.4
      vertex 106.051 -11.0835 1.4
      vertex 106.051 -11.0835 2.4
    endloop
  endfacet
  facet normal -0.994325 -0.106381 0
    outer loop
      vertex 106.083 -11.3826 1.4
      vertex 106.051 -11.0835 2.4
      vertex 106.051 -11.0835 1.4
    endloop
  endfacet
  facet normal -0.994325 -0.106381 0
    outer loop
      vertex 106.051 -11.0835 2.4
      vertex 106.083 -11.3826 1.4
      vertex 106.083 -11.3826 2.4
    endloop
  endfacet
  facet normal -0.988248 0.152856 0
    outer loop
      vertex 106.057 -10.7828 1.4
      vertex 106.103 -10.4854 2.4
      vertex 106.103 -10.4854 1.4
    endloop
  endfacet
  facet normal -0.988248 0.152856 0
    outer loop
      vertex 106.103 -10.4854 2.4
      vertex 106.057 -10.7828 1.4
      vertex 106.057 -10.7828 2.4
    endloop
  endfacet
  facet normal 0.993969 0.109666 0
    outer loop
      vertex 110.646 -10.8829 2.4
      vertex 110.613 -10.5838 1.4
      vertex 110.613 -10.5838 2.4
    endloop
  endfacet
  facet normal 0.993969 0.109666 0
    outer loop
      vertex 110.613 -10.5838 1.4
      vertex 110.646 -10.8829 2.4
      vertex 110.646 -10.8829 1.4
    endloop
  endfacet
  facet normal -0.482072 0.876131 0
    outer loop
      vertex 107.376 -8.89871 1.4
      vertex 107.113 -9.04342 2.4
      vertex 107.376 -8.89871 2.4
    endloop
  endfacet
  facet normal -0.482072 0.876131 0
    outer loop
      vertex 107.113 -9.04342 2.4
      vertex 107.376 -8.89871 1.4
      vertex 107.113 -9.04342 1.4
    endloop
  endfacet
  facet normal -0.807842 -0.589399 0
    outer loop
      vertex 106.586 -12.4616 1.4
      vertex 106.409 -12.219 2.4
      vertex 106.409 -12.219 1.4
    endloop
  endfacet
  facet normal -0.807842 -0.589399 0
    outer loop
      vertex 106.409 -12.219 2.4
      vertex 106.586 -12.4616 1.4
      vertex 106.586 -12.4616 2.4
    endloop
  endfacet
  facet normal -0.590716 0.80688 0
    outer loop
      vertex 107.113 -9.04342 1.4
      vertex 106.87 -9.22132 2.4
      vertex 107.113 -9.04342 2.4
    endloop
  endfacet
  facet normal -0.590716 0.80688 0
    outer loop
      vertex 106.87 -9.22132 2.4
      vertex 107.113 -9.04342 1.4
      vertex 106.87 -9.22132 1.4
    endloop
  endfacet
  facet normal -0.237868 0.971297 0
    outer loop
      vertex 107.949 -8.71816 1.4
      vertex 107.657 -8.78967 2.4
      vertex 107.949 -8.71816 2.4
    endloop
  endfacet
  facet normal -0.237868 0.971297 0
    outer loop
      vertex 107.657 -8.78967 2.4
      vertex 107.949 -8.71816 1.4
      vertex 107.657 -8.78967 1.4
    endloop
  endfacet
  facet normal 0.999801 -0.0199428 0
    outer loop
      vertex 110.64 -11.1837 2.4
      vertex 110.646 -10.8829 1.4
      vertex 110.646 -10.8829 2.4
    endloop
  endfacet
  facet normal 0.999801 -0.0199428 0
    outer loop
      vertex 110.646 -10.8829 1.4
      vertex 110.64 -11.1837 2.4
      vertex 110.64 -11.1837 1.4
    endloop
  endfacet
  facet normal -0.915531 0.402248 0
    outer loop
      vertex 106.187 -10.1966 1.4
      vertex 106.308 -9.9212 2.4
      vertex 106.308 -9.9212 1.4
    endloop
  endfacet
  facet normal -0.915531 0.402248 0
    outer loop
      vertex 106.308 -9.9212 2.4
      vertex 106.187 -10.1966 1.4
      vertex 106.187 -10.1966 2.4
    endloop
  endfacet
  facet normal -0.960208 0.279285 0
    outer loop
      vertex 106.103 -10.4854 1.4
      vertex 106.187 -10.1966 2.4
      vertex 106.187 -10.1966 1.4
    endloop
  endfacet
  facet normal -0.960208 0.279285 0
    outer loop
      vertex 106.187 -10.1966 2.4
      vertex 106.103 -10.4854 1.4
      vertex 106.103 -10.4854 2.4
    endloop
  endfacet
  facet normal 0 0 1
    outer loop
      vertex 109.547 -10.9309 2.4
      vertex 110.646 -10.8829 2.4
      vertex 110.613 -10.5838 2.4
    endloop
  endfacet
  facet normal 0 0 1
    outer loop
      vertex 110.646 -10.8829 2.4
      vertex 109.547 -10.9309 2.4
      vertex 110.64 -11.1837 2.4
    endloop
  endfacet
  facet normal 0 0 1
    outer loop
      vertex 109.53 -10.7748 2.4
      vertex 110.613 -10.5838 2.4
      vertex 110.542 -10.2916 2.4
    endloop
  endfacet
  facet normal -0 0 1
    outer loop
      vertex 109.544 -11.0878 2.4
      vertex 110.64 -11.1837 2.4
      vertex 109.547 -10.9309 2.4
    endloop
  endfacet
  facet normal 0 0 1
    outer loop
      vertex 109.493 -10.6224 2.4
      vertex 110.542 -10.2916 2.4
      vertex 110.433 -10.0112 2.4
    endloop
  endfacet
  facet normal 0 0 1
    outer loop
      vertex 110.64 -11.1837 2.4
      vertex 109.544 -11.0878 2.4
      vertex 110.594 -11.481 2.4
    endloop
  endfacet
  facet normal 0 0 1
    outer loop
      vertex 109.436 -10.4761 2.4
      vertex 110.433 -10.0112 2.4
      vertex 110.288 -9.74743 2.4
    endloop
  endfacet
  facet normal -0 0 1
    outer loop
      vertex 109.52 -11.2429 2.4
      vertex 110.594 -11.481 2.4
      vertex 109.544 -11.0878 2.4
    endloop
  endfacet
  facet normal 0 0 1
    outer loop
      vertex 109.36 -10.3385 2.4
      vertex 110.288 -9.74743 2.4
      vertex 110.11 -9.50481 2.4
    endloop
  endfacet
  facet normal 0 0 1
    outer loop
      vertex 110.594 -11.481 2.4
      vertex 109.52 -11.2429 2.4
      vertex 110.51 -11.7699 2.4
    endloop
  endfacet
  facet normal 0 0 1
    outer loop
      vertex 109.268 -10.2119 2.4
      vertex 110.11 -9.50481 2.4
      vertex 109.902 -9.28748 2.4
    endloop
  endfacet
  facet normal -0 0 1
    outer loop
      vertex 109.476 -11.3936 2.4
      vertex 110.51 -11.7699 2.4
      vertex 109.52 -11.2429 2.4
    endloop
  endfacet
  facet normal 0 0 1
    outer loop
      vertex 109.159 -10.0985 2.4
      vertex 109.902 -9.28748 2.4
      vertex 109.668 -9.09917 2.4
    endloop
  endfacet
  facet normal 0 0 1
    outer loop
      vertex 110.51 -11.7699 2.4
      vertex 109.476 -11.3936 2.4
      vertex 110.388 -12.0452 2.4
    endloop
  endfacet
  facet normal -0 0 1
    outer loop
      vertex 109.413 -11.5373 2.4
      vertex 110.388 -12.0452 2.4
      vertex 109.476 -11.3936 2.4
    endloop
  endfacet
  facet normal 0 0 1
    outer loop
      vertex 110.613 -10.5838 2.4
      vertex 109.53 -10.7748 2.4
      vertex 109.547 -10.9309 2.4
    endloop
  endfacet
  facet normal 0 0 1
    outer loop
      vertex 110.542 -10.2916 2.4
      vertex 109.493 -10.6224 2.4
      vertex 109.53 -10.7748 2.4
    endloop
  endfacet
  facet normal 0 0 1
    outer loop
      vertex 110.433 -10.0112 2.4
      vertex 109.436 -10.4761 2.4
      vertex 109.493 -10.6224 2.4
    endloop
  endfacet
  facet normal 0 0 1
    outer loop
      vertex 109.037 -10.0002 2.4
      vertex 109.668 -9.09917 2.4
      vertex 109.41 -8.94309 2.4
    endloop
  endfacet
  facet normal 0 0 1
    outer loop
      vertex 110.288 -9.74743 2.4
      vertex 109.36 -10.3385 2.4
      vertex 109.436 -10.4761 2.4
    endloop
  endfacet
  facet normal 0 0 1
    outer loop
      vertex 110.11 -9.50481 2.4
      vertex 109.268 -10.2119 2.4
      vertex 109.36 -10.3385 2.4
    endloop
  endfacet
  facet normal 0 0 1
    outer loop
      vertex 109.902 -9.28748 2.4
      vertex 109.159 -10.0985 2.4
      vertex 109.268 -10.2119 2.4
    endloop
  endfacet
  facet normal 0 0 1
    outer loop
      vertex 108.902 -9.91881 2.4
      vertex 109.41 -8.94309 2.4
      vertex 109.135 -8.82193 2.4
    endloop
  endfacet
  facet normal 0 0 1
    outer loop
      vertex 109.668 -9.09917 2.4
      vertex 109.037 -10.0002 2.4
      vertex 109.159 -10.0985 2.4
    endloop
  endfacet
  facet normal 0 0 1
    outer loop
      vertex 109.41 -8.94309 2.4
      vertex 108.902 -9.91881 2.4
      vertex 109.037 -10.0002 2.4
    endloop
  endfacet
  facet normal 0 0 1
    outer loop
      vertex 108.759 -9.85559 2.4
      vertex 109.135 -8.82193 2.4
      vertex 108.846 -8.73774 2.4
    endloop
  endfacet
  facet normal 0 0 1
    outer loop
      vertex 109.135 -8.82193 2.4
      vertex 108.759 -9.85559 2.4
      vertex 108.902 -9.91881 2.4
    endloop
  endfacet
  facet normal 0 0 1
    outer loop
      vertex 108.846 -8.73774 2.4
      vertex 108.608 -9.81167 2.4
      vertex 108.759 -9.85559 2.4
    endloop
  endfacet
  facet normal 0 0 1
    outer loop
      vertex 108.549 -8.69197 2.4
      vertex 108.608 -9.81167 2.4
      vertex 108.846 -8.73774 2.4
    endloop
  endfacet
  facet normal 0 0 1
    outer loop
      vertex 108.549 -8.69197 2.4
      vertex 108.453 -9.78779 2.4
      vertex 108.608 -9.81167 2.4
    endloop
  endfacet
  facet normal 0 0 1
    outer loop
      vertex 108.549 -8.69197 2.4
      vertex 108.296 -9.78436 2.4
      vertex 108.453 -9.78779 2.4
    endloop
  endfacet
  facet normal 0 0 1
    outer loop
      vertex 108.248 -8.68541 2.4
      vertex 108.296 -9.78436 2.4
      vertex 108.549 -8.69197 2.4
    endloop
  endfacet
  facet normal 0 0 1
    outer loop
      vertex 108.248 -8.68541 2.4
      vertex 108.14 -9.80145 2.4
      vertex 108.296 -9.78436 2.4
    endloop
  endfacet
  facet normal -0 0 1
    outer loop
      vertex 107.949 -8.71816 2.4
      vertex 108.14 -9.80145 2.4
      vertex 108.248 -8.68541 2.4
    endloop
  endfacet
  facet normal 0 0 1
    outer loop
      vertex 108.14 -9.80145 2.4
      vertex 107.949 -8.71816 2.4
      vertex 107.988 -9.83876 2.4
    endloop
  endfacet
  facet normal -0 0 1
    outer loop
      vertex 107.657 -8.78967 2.4
      vertex 107.988 -9.83876 2.4
      vertex 107.949 -8.71816 2.4
    endloop
  endfacet
  facet normal 0 0 1
    outer loop
      vertex 107.988 -9.83876 2.4
      vertex 107.657 -8.78967 2.4
      vertex 107.841 -9.89565 2.4
    endloop
  endfacet
  facet normal -0 0 1
    outer loop
      vertex 107.376 -8.89871 2.4
      vertex 107.841 -9.89565 2.4
      vertex 107.657 -8.78967 2.4
    endloop
  endfacet
  facet normal 0 0 1
    outer loop
      vertex 107.841 -9.89565 2.4
      vertex 107.376 -8.89871 2.4
      vertex 107.704 -9.97115 2.4
    endloop
  endfacet
  facet normal -0 0 1
    outer loop
      vertex 107.113 -9.04342 2.4
      vertex 107.704 -9.97115 2.4
      vertex 107.376 -8.89871 2.4
    endloop
  endfacet
  facet normal 0 0 1
    outer loop
      vertex 107.704 -9.97115 2.4
      vertex 107.113 -9.04342 2.4
      vertex 107.577 -10.064 2.4
    endloop
  endfacet
  facet normal -0 0 1
    outer loop
      vertex 106.87 -9.22132 2.4
      vertex 107.577 -10.064 2.4
      vertex 107.113 -9.04342 2.4
    endloop
  endfacet
  facet normal 0 0 1
    outer loop
      vertex 107.577 -10.064 2.4
      vertex 106.87 -9.22132 2.4
      vertex 107.464 -10.1725 2.4
    endloop
  endfacet
  facet normal -0 0 1
    outer loop
      vertex 106.653 -9.42936 2.4
      vertex 107.464 -10.1725 2.4
      vertex 106.87 -9.22132 2.4
    endloop
  endfacet
  facet normal 0 0 1
    outer loop
      vertex 107.464 -10.1725 2.4
      vertex 106.653 -9.42936 2.4
      vertex 107.365 -10.2949 2.4
    endloop
  endfacet
  facet normal -0 0 1
    outer loop
      vertex 106.464 -9.66399 2.4
      vertex 107.365 -10.2949 2.4
      vertex 106.653 -9.42936 2.4
    endloop
  endfacet
  facet normal -0 0 1
    outer loop
      vertex 106.308 -9.9212 2.4
      vertex 107.284 -10.4291 2.4
      vertex 106.464 -9.66399 2.4
    endloop
  endfacet
  facet normal 0 0 1
    outer loop
      vertex 107.365 -10.2949 2.4
      vertex 106.464 -9.66399 2.4
      vertex 107.284 -10.4291 2.4
    endloop
  endfacet
  facet normal 0 0 1
    outer loop
      vertex 110.388 -12.0452 2.4
      vertex 109.413 -11.5373 2.4
      vertex 110.232 -12.3024 2.4
    endloop
  endfacet
  facet normal -0 0 1
    outer loop
      vertex 109.331 -11.6715 2.4
      vertex 110.232 -12.3024 2.4
      vertex 109.413 -11.5373 2.4
    endloop
  endfacet
  facet normal 0 0 1
    outer loop
      vertex 110.232 -12.3024 2.4
      vertex 109.331 -11.6715 2.4
      vertex 110.044 -12.5371 2.4
    endloop
  endfacet
  facet normal -0 0 1
    outer loop
      vertex 109.233 -11.7939 2.4
      vertex 110.044 -12.5371 2.4
      vertex 109.331 -11.6715 2.4
    endloop
  endfacet
  facet normal 0 0 1
    outer loop
      vertex 110.044 -12.5371 2.4
      vertex 109.233 -11.7939 2.4
      vertex 109.827 -12.7451 2.4
    endloop
  endfacet
  facet normal -0 0 1
    outer loop
      vertex 109.12 -11.9025 2.4
      vertex 109.827 -12.7451 2.4
      vertex 109.233 -11.7939 2.4
    endloop
  endfacet
  facet normal 0 0 1
    outer loop
      vertex 109.827 -12.7451 2.4
      vertex 109.12 -11.9025 2.4
      vertex 109.584 -12.923 2.4
    endloop
  endfacet
  facet normal -0 0 1
    outer loop
      vertex 108.993 -11.9953 2.4
      vertex 109.584 -12.923 2.4
      vertex 109.12 -11.9025 2.4
    endloop
  endfacet
  facet normal 0 0 1
    outer loop
      vertex 109.584 -12.923 2.4
      vertex 108.993 -11.9953 2.4
      vertex 109.32 -13.0677 2.4
    endloop
  endfacet
  facet normal -0 0 1
    outer loop
      vertex 108.856 -12.0708 2.4
      vertex 109.32 -13.0677 2.4
      vertex 108.993 -11.9953 2.4
    endloop
  endfacet
  facet normal 0 0 1
    outer loop
      vertex 109.32 -13.0677 2.4
      vertex 108.856 -12.0708 2.4
      vertex 109.04 -13.1768 2.4
    endloop
  endfacet
  facet normal -0 0 1
    outer loop
      vertex 108.709 -12.1277 2.4
      vertex 109.04 -13.1768 2.4
      vertex 108.856 -12.0708 2.4
    endloop
  endfacet
  facet normal 0 0 1
    outer loop
      vertex 109.04 -13.1768 2.4
      vertex 108.709 -12.1277 2.4
      vertex 108.748 -13.2483 2.4
    endloop
  endfacet
  facet normal -0 0 1
    outer loop
      vertex 108.557 -12.165 2.4
      vertex 108.748 -13.2483 2.4
      vertex 108.709 -12.1277 2.4
    endloop
  endfacet
  facet normal 0 0 1
    outer loop
      vertex 108.557 -12.165 2.4
      vertex 108.449 -13.281 2.4
      vertex 108.748 -13.2483 2.4
    endloop
  endfacet
  facet normal -0 0 1
    outer loop
      vertex 108.401 -12.1821 2.4
      vertex 108.449 -13.281 2.4
      vertex 108.557 -12.165 2.4
    endloop
  endfacet
  facet normal 0 0 1
    outer loop
      vertex 108.244 -12.1787 2.4
      vertex 108.449 -13.281 2.4
      vertex 108.401 -12.1821 2.4
    endloop
  endfacet
  facet normal 0 0 1
    outer loop
      vertex 108.244 -12.1787 2.4
      vertex 108.148 -13.2745 2.4
      vertex 108.449 -13.281 2.4
    endloop
  endfacet
  facet normal 0 0 1
    outer loop
      vertex 108.089 -12.1548 2.4
      vertex 108.148 -13.2745 2.4
      vertex 108.244 -12.1787 2.4
    endloop
  endfacet
  facet normal 0 0 1
    outer loop
      vertex 107.851 -13.2287 2.4
      vertex 108.089 -12.1548 2.4
      vertex 107.938 -12.1109 2.4
    endloop
  endfacet
  facet normal 0 0 1
    outer loop
      vertex 108.089 -12.1548 2.4
      vertex 107.851 -13.2287 2.4
      vertex 108.148 -13.2745 2.4
    endloop
  endfacet
  facet normal 0 0 1
    outer loop
      vertex 107.562 -13.1445 2.4
      vertex 107.938 -12.1109 2.4
      vertex 107.794 -12.0476 2.4
    endloop
  endfacet
  facet normal 0 0 1
    outer loop
      vertex 107.286 -13.0233 2.4
      vertex 107.794 -12.0476 2.4
      vertex 107.66 -11.9662 2.4
    endloop
  endfacet
  facet normal 0 0 1
    outer loop
      vertex 107.938 -12.1109 2.4
      vertex 107.562 -13.1445 2.4
      vertex 107.851 -13.2287 2.4
    endloop
  endfacet
  facet normal 0 0 1
    outer loop
      vertex 107.029 -12.8673 2.4
      vertex 107.66 -11.9662 2.4
      vertex 107.538 -11.868 2.4
    endloop
  endfacet
  facet normal 0 0 1
    outer loop
      vertex 106.795 -12.679 2.4
      vertex 107.538 -11.868 2.4
      vertex 107.429 -11.7546 2.4
    endloop
  endfacet
  facet normal 0 0 1
    outer loop
      vertex 106.586 -12.4616 2.4
      vertex 107.429 -11.7546 2.4
      vertex 107.336 -11.628 2.4
    endloop
  endfacet
  facet normal 0 0 1
    outer loop
      vertex 107.794 -12.0476 2.4
      vertex 107.286 -13.0233 2.4
      vertex 107.562 -13.1445 2.4
    endloop
  endfacet
  facet normal 0 0 1
    outer loop
      vertex 106.409 -12.219 2.4
      vertex 107.336 -11.628 2.4
      vertex 107.261 -11.4904 2.4
    endloop
  endfacet
  facet normal 0 0 1
    outer loop
      vertex 106.264 -11.9552 2.4
      vertex 107.261 -11.4904 2.4
      vertex 107.204 -11.3441 2.4
    endloop
  endfacet
  facet normal 0 0 1
    outer loop
      vertex 106.155 -11.6748 2.4
      vertex 107.204 -11.3441 2.4
      vertex 107.167 -11.1916 2.4
    endloop
  endfacet
  facet normal 0 0 1
    outer loop
      vertex 106.083 -11.3826 2.4
      vertex 107.167 -11.1916 2.4
      vertex 107.15 -11.0356 2.4
    endloop
  endfacet
  facet normal 0 0 1
    outer loop
      vertex 107.66 -11.9662 2.4
      vertex 107.029 -12.8673 2.4
      vertex 107.286 -13.0233 2.4
    endloop
  endfacet
  facet normal 0 0 1
    outer loop
      vertex 107.284 -10.4291 2.4
      vertex 106.308 -9.9212 2.4
      vertex 107.221 -10.5728 2.4
    endloop
  endfacet
  facet normal -0 0 1
    outer loop
      vertex 106.187 -10.1966 2.4
      vertex 107.221 -10.5728 2.4
      vertex 106.308 -9.9212 2.4
    endloop
  endfacet
  facet normal 0 0 1
    outer loop
      vertex 107.538 -11.868 2.4
      vertex 106.795 -12.679 2.4
      vertex 107.029 -12.8673 2.4
    endloop
  endfacet
  facet normal 0 0 1
    outer loop
      vertex 107.221 -10.5728 2.4
      vertex 106.187 -10.1966 2.4
      vertex 107.177 -10.7235 2.4
    endloop
  endfacet
  facet normal 0 0 1
    outer loop
      vertex 107.429 -11.7546 2.4
      vertex 106.586 -12.4616 2.4
      vertex 106.795 -12.679 2.4
    endloop
  endfacet
  facet normal -0 0 1
    outer loop
      vertex 106.103 -10.4854 2.4
      vertex 107.177 -10.7235 2.4
      vertex 106.187 -10.1966 2.4
    endloop
  endfacet
  facet normal 0 0 1
    outer loop
      vertex 107.336 -11.628 2.4
      vertex 106.409 -12.219 2.4
      vertex 106.586 -12.4616 2.4
    endloop
  endfacet
  facet normal 0 0 1
    outer loop
      vertex 107.177 -10.7235 2.4
      vertex 106.103 -10.4854 2.4
      vertex 107.153 -10.8786 2.4
    endloop
  endfacet
  facet normal 0 0 1
    outer loop
      vertex 107.261 -11.4904 2.4
      vertex 106.264 -11.9552 2.4
      vertex 106.409 -12.219 2.4
    endloop
  endfacet
  facet normal -0 0 1
    outer loop
      vertex 106.057 -10.7828 2.4
      vertex 107.153 -10.8786 2.4
      vertex 106.103 -10.4854 2.4
    endloop
  endfacet
  facet normal 0 0 1
    outer loop
      vertex 107.204 -11.3441 2.4
      vertex 106.155 -11.6748 2.4
      vertex 106.264 -11.9552 2.4
    endloop
  endfacet
  facet normal 0 0 1
    outer loop
      vertex 107.153 -10.8786 2.4
      vertex 106.057 -10.7828 2.4
      vertex 107.15 -11.0356 2.4
    endloop
  endfacet
  facet normal 0 0 1
    outer loop
      vertex 107.167 -11.1916 2.4
      vertex 106.083 -11.3826 2.4
      vertex 106.155 -11.6748 2.4
    endloop
  endfacet
  facet normal 0 0 1
    outer loop
      vertex 106.051 -11.0835 2.4
      vertex 107.15 -11.0356 2.4
      vertex 106.057 -10.7828 2.4
    endloop
  endfacet
  facet normal 0 0 1
    outer loop
      vertex 107.15 -11.0356 2.4
      vertex 106.051 -11.0835 2.4
      vertex 106.083 -11.3826 2.4
    endloop
  endfacet
  facet normal -0.876342 -0.481689 0
    outer loop
      vertex 106.409 -12.219 1.4
      vertex 106.264 -11.9552 2.4
      vertex 106.264 -11.9552 1.4
    endloop
  endfacet
  facet normal -0.876342 -0.481689 0
    outer loop
      vertex 106.264 -11.9552 2.4
      vertex 106.409 -12.219 1.4
      vertex 106.409 -12.219 2.4
    endloop
  endfacet
  facet normal 0.960234 -0.279196 0
    outer loop
      vertex 110.51 -11.7699 2.4
      vertex 110.594 -11.481 1.4
      vertex 110.594 -11.481 2.4
    endloop
  endfacet
  facet normal 0.960234 -0.279196 0
    outer loop
      vertex 110.594 -11.481 1.4
      vertex 110.51 -11.7699 2.4
      vertex 110.51 -11.7699 1.4
    endloop
  endfacet
  facet normal 0.691978 -0.721919 0
    outer loop
      vertex 109.827 -12.7451 1.4
      vertex 110.044 -12.5371 2.4
      vertex 109.827 -12.7451 2.4
    endloop
  endfacet
  facet normal 0.691978 -0.721919 0
    outer loop
      vertex 110.044 -12.5371 2.4
      vertex 109.827 -12.7451 1.4
      vertex 110.044 -12.5371 1.4
    endloop
  endfacet
  facet normal -0.152407 -0.988318 0
    outer loop
      vertex 107.851 -13.2287 1.4
      vertex 108.148 -13.2745 2.4
      vertex 107.851 -13.2287 2.4
    endloop
  endfacet
  facet normal -0.152407 -0.988318 -0
    outer loop
      vertex 108.148 -13.2745 2.4
      vertex 107.851 -13.2287 1.4
      vertex 108.148 -13.2745 1.4
    endloop
  endfacet
  facet normal 0.279689 0.960091 -0
    outer loop
      vertex 109.135 -8.82193 1.4
      vertex 108.846 -8.73774 2.4
      vertex 109.135 -8.82193 2.4
    endloop
  endfacet
  facet normal 0.279689 0.960091 0
    outer loop
      vertex 108.846 -8.73774 2.4
      vertex 109.135 -8.82193 1.4
      vertex 108.846 -8.73774 1.4
    endloop
  endfacet
  facet normal 0.0217888 0.999763 -0
    outer loop
      vertex 108.549 -8.69197 1.4
      vertex 108.248 -8.68541 2.4
      vertex 108.549 -8.69197 2.4
    endloop
  endfacet
  facet normal 0.0217888 0.999763 0
    outer loop
      vertex 108.248 -8.68541 2.4
      vertex 108.549 -8.69197 1.4
      vertex 108.248 -8.68541 1.4
    endloop
  endfacet
  facet normal 0.108716 -0.994073 0
    outer loop
      vertex 108.449 -13.281 1.4
      vertex 108.748 -13.2483 2.4
      vertex 108.449 -13.281 2.4
    endloop
  endfacet
  facet normal 0.108716 -0.994073 0
    outer loop
      vertex 108.748 -13.2483 2.4
      vertex 108.449 -13.281 1.4
      vertex 108.748 -13.2483 1.4
    endloop
  endfacet
  facet normal 0.480643 -0.876916 0
    outer loop
      vertex 109.32 -13.0677 1.4
      vertex 109.584 -12.923 2.4
      vertex 109.32 -13.0677 2.4
    endloop
  endfacet
  facet normal 0.480643 -0.876916 0
    outer loop
      vertex 109.584 -12.923 2.4
      vertex 109.32 -13.0677 1.4
      vertex 109.584 -12.923 1.4
    endloop
  endfacet
  facet normal -0.720897 -0.693042 0
    outer loop
      vertex 106.795 -12.679 1.4
      vertex 106.586 -12.4616 2.4
      vertex 106.586 -12.4616 1.4
    endloop
  endfacet
  facet normal -0.720897 -0.693042 0
    outer loop
      vertex 106.586 -12.4616 2.4
      vertex 106.795 -12.679 1.4
      vertex 106.795 -12.679 2.4
    endloop
  endfacet
  facet normal 0.403185 0.915119 -0
    outer loop
      vertex 109.41 -8.94309 1.4
      vertex 109.135 -8.82193 2.4
      vertex 109.41 -8.94309 2.4
    endloop
  endfacet
  facet normal 0.403185 0.915119 0
    outer loop
      vertex 109.135 -8.82193 2.4
      vertex 109.41 -8.94309 1.4
      vertex 109.135 -8.82193 1.4
    endloop
  endfacet
  facet normal 0.932055 0.362318 0
    outer loop
      vertex 110.542 -10.2916 2.4
      vertex 110.433 -10.0112 1.4
      vertex 110.433 -10.0112 2.4
    endloop
  endfacet
  facet normal 0.932055 0.362318 0
    outer loop
      vertex 110.433 -10.0112 1.4
      vertex 110.542 -10.2916 2.4
      vertex 110.542 -10.2916 1.4
    endloop
  endfacet
  facet normal -0.932055 -0.362318 0
    outer loop
      vertex 106.264 -11.9552 1.4
      vertex 106.155 -11.6748 2.4
      vertex 106.155 -11.6748 1.4
    endloop
  endfacet
  facet normal -0.932055 -0.362318 0
    outer loop
      vertex 106.155 -11.6748 2.4
      vertex 106.264 -11.9552 1.4
      vertex 106.264 -11.9552 2.4
    endloop
  endfacet
  facet normal 0.15231 0.988333 -0
    outer loop
      vertex 108.846 -8.73774 1.4
      vertex 108.549 -8.69197 2.4
      vertex 108.846 -8.73774 2.4
    endloop
  endfacet
  facet normal 0.15231 0.988333 0
    outer loop
      vertex 108.549 -8.69197 2.4
      vertex 108.846 -8.73774 1.4
      vertex 108.549 -8.69197 1.4
    endloop
  endfacet
  facet normal 0.876319 0.481731 0
    outer loop
      vertex 110.433 -10.0112 2.4
      vertex 110.288 -9.74743 1.4
      vertex 110.288 -9.74743 2.4
    endloop
  endfacet
  facet normal 0.876319 0.481731 0
    outer loop
      vertex 110.288 -9.74743 1.4
      vertex 110.433 -10.0112 2.4
      vertex 110.433 -10.0112 1.4
    endloop
  endfacet
  facet normal -0.0215897 -0.999767 0
    outer loop
      vertex 108.148 -13.2745 1.4
      vertex 108.449 -13.281 2.4
      vertex 108.148 -13.2745 2.4
    endloop
  endfacet
  facet normal -0.0215897 -0.999767 -0
    outer loop
      vertex 108.449 -13.281 2.4
      vertex 108.148 -13.2745 1.4
      vertex 108.449 -13.281 1.4
    endloop
  endfacet
  facet normal 0.517614 0.855614 -0
    outer loop
      vertex 109.668 -9.09917 1.4
      vertex 109.41 -8.94309 2.4
      vertex 109.668 -9.09917 2.4
    endloop
  endfacet
  facet normal 0.517614 0.855614 0
    outer loop
      vertex 109.41 -8.94309 2.4
      vertex 109.668 -9.09917 1.4
      vertex 109.41 -8.94309 1.4
    endloop
  endfacet
  facet normal -0.279719 -0.960082 0
    outer loop
      vertex 107.562 -13.1445 1.4
      vertex 107.851 -13.2287 2.4
      vertex 107.562 -13.1445 2.4
    endloop
  endfacet
  facet normal -0.279719 -0.960082 -0
    outer loop
      vertex 107.851 -13.2287 2.4
      vertex 107.562 -13.1445 1.4
      vertex 107.851 -13.2287 1.4
    endloop
  endfacet
  facet normal 0.914249 -0.405152 0
    outer loop
      vertex 110.388 -12.0452 2.4
      vertex 110.51 -11.7699 1.4
      vertex 110.51 -11.7699 2.4
    endloop
  endfacet
  facet normal 0.914249 -0.405152 0
    outer loop
      vertex 110.51 -11.7699 1.4
      vertex 110.388 -12.0452 2.4
      vertex 110.388 -12.0452 1.4
    endloop
  endfacet
  facet normal -0.970958 -0.23925 0
    outer loop
      vertex 106.155 -11.6748 1.4
      vertex 106.083 -11.3826 2.4
      vertex 106.083 -11.3826 1.4
    endloop
  endfacet
  facet normal -0.970958 -0.23925 0
    outer loop
      vertex 106.083 -11.3826 2.4
      vertex 106.155 -11.6748 1.4
      vertex 106.155 -11.6748 2.4
    endloop
  endfacet
  facet normal -0.778766 0.627314 0
    outer loop
      vertex 106.464 -9.66399 1.4
      vertex 106.653 -9.42936 2.4
      vertex 106.653 -9.42936 1.4
    endloop
  endfacet
  facet normal -0.778766 0.627314 0
    outer loop
      vertex 106.653 -9.42936 2.4
      vertex 106.464 -9.66399 1.4
      vertex 106.464 -9.66399 2.4
    endloop
  endfacet
  facet normal -0.361761 0.932271 0
    outer loop
      vertex 107.657 -8.78967 1.4
      vertex 107.376 -8.89871 2.4
      vertex 107.657 -8.78967 2.4
    endloop
  endfacet
  facet normal -0.361761 0.932271 0
    outer loop
      vertex 107.376 -8.89871 2.4
      vertex 107.657 -8.78967 1.4
      vertex 107.376 -8.89871 1.4
    endloop
  endfacet
  facet normal -0.402071 -0.915608 0
    outer loop
      vertex 107.286 -13.0233 1.4
      vertex 107.562 -13.1445 2.4
      vertex 107.286 -13.0233 2.4
    endloop
  endfacet
  facet normal -0.402071 -0.915608 -0
    outer loop
      vertex 107.562 -13.1445 2.4
      vertex 107.286 -13.0233 1.4
      vertex 107.562 -13.1445 1.4
    endloop
  endfacet
  facet normal -0.518891 -0.85484 0
    outer loop
      vertex 107.029 -12.8673 1.4
      vertex 107.286 -13.0233 2.4
      vertex 107.029 -12.8673 2.4
    endloop
  endfacet
  facet normal -0.518891 -0.85484 -0
    outer loop
      vertex 107.286 -13.0233 2.4
      vertex 107.029 -12.8673 1.4
      vertex 107.286 -13.0233 1.4
    endloop
  endfacet
  facet normal -0.855028 0.518582 0
    outer loop
      vertex 106.308 -9.9212 1.4
      vertex 106.464 -9.66399 2.4
      vertex 106.464 -9.66399 1.4
    endloop
  endfacet
  facet normal -0.855028 0.518582 0
    outer loop
      vertex 106.464 -9.66399 2.4
      vertex 106.308 -9.9212 1.4
      vertex 106.308 -9.9212 2.4
    endloop
  endfacet
  facet normal 0.780479 -0.625182 0
    outer loop
      vertex 110.044 -12.5371 2.4
      vertex 110.232 -12.3024 1.4
      vertex 110.232 -12.3024 2.4
    endloop
  endfacet
  facet normal 0.780479 -0.625182 0
    outer loop
      vertex 110.232 -12.3024 1.4
      vertex 110.044 -12.5371 2.4
      vertex 110.044 -12.5371 1.4
    endloop
  endfacet
  facet normal -0.692047 0.721852 0
    outer loop
      vertex 106.87 -9.22132 1.4
      vertex 106.653 -9.42936 2.4
      vertex 106.87 -9.22132 2.4
    endloop
  endfacet
  facet normal -0.692047 0.721852 0
    outer loop
      vertex 106.653 -9.42936 2.4
      vertex 106.87 -9.22132 1.4
      vertex 106.653 -9.42936 1.4
    endloop
  endfacet
  facet normal 0.722444 0.691429 0
    outer loop
      vertex 110.11 -9.50481 2.4
      vertex 109.902 -9.28748 1.4
      vertex 109.902 -9.28748 2.4
    endloop
  endfacet
  facet normal 0.722444 0.691429 0
    outer loop
      vertex 109.902 -9.28748 1.4
      vertex 110.11 -9.50481 2.4
      vertex 110.11 -9.50481 1.4
    endloop
  endfacet
  facet normal 0.626946 0.779063 -0
    outer loop
      vertex 109.902 -9.28748 1.4
      vertex 109.668 -9.09917 2.4
      vertex 109.902 -9.28748 2.4
    endloop
  endfacet
  facet normal 0.626946 0.779063 0
    outer loop
      vertex 109.668 -9.09917 2.4
      vertex 109.902 -9.28748 1.4
      vertex 109.668 -9.09917 1.4
    endloop
  endfacet
  facet normal 0.590716 -0.80688 0
    outer loop
      vertex 109.584 -12.923 1.4
      vertex 109.827 -12.7451 2.4
      vertex 109.584 -12.923 2.4
    endloop
  endfacet
  facet normal 0.590716 -0.80688 0
    outer loop
      vertex 109.827 -12.7451 2.4
      vertex 109.584 -12.923 1.4
      vertex 109.827 -12.7451 1.4
    endloop
  endfacet
  facet normal 0.363056 -0.931767 0
    outer loop
      vertex 109.04 -13.1768 1.4
      vertex 109.32 -13.0677 2.4
      vertex 109.04 -13.1768 2.4
    endloop
  endfacet
  facet normal 0.363056 -0.931767 0
    outer loop
      vertex 109.32 -13.0677 2.4
      vertex 109.04 -13.1768 1.4
      vertex 109.32 -13.0677 1.4
    endloop
  endfacet
  facet normal -0.108881 0.994055 0
    outer loop
      vertex 108.248 -8.68541 1.4
      vertex 107.949 -8.71816 2.4
      vertex 108.248 -8.68541 2.4
    endloop
  endfacet
  facet normal -0.108881 0.994055 0
    outer loop
      vertex 107.949 -8.71816 2.4
      vertex 108.248 -8.68541 1.4
      vertex 107.949 -8.71816 1.4
    endloop
  endfacet
  facet normal 0.855019 -0.518596 0
    outer loop
      vertex 110.232 -12.3024 2.4
      vertex 110.388 -12.0452 1.4
      vertex 110.388 -12.0452 2.4
    endloop
  endfacet
  facet normal 0.855019 -0.518596 0
    outer loop
      vertex 110.388 -12.0452 1.4
      vertex 110.232 -12.3024 2.4
      vertex 110.232 -12.3024 1.4
    endloop
  endfacet
  facet normal 0.971725 0.236114 0
    outer loop
      vertex 110.613 -10.5838 2.4
      vertex 110.542 -10.2916 1.4
      vertex 110.542 -10.2916 2.4
    endloop
  endfacet
  facet normal 0.971725 0.236114 0
    outer loop
      vertex 110.542 -10.2916 1.4
      vertex 110.613 -10.5838 2.4
      vertex 110.613 -10.5838 1.4
    endloop
  endfacet
  facet normal 0.988241 -0.152906 0
    outer loop
      vertex 110.594 -11.481 2.4
      vertex 110.64 -11.1837 1.4
      vertex 110.64 -11.1837 2.4
    endloop
  endfacet
  facet normal 0.988241 -0.152906 0
    outer loop
      vertex 110.64 -11.1837 1.4
      vertex 110.594 -11.481 2.4
      vertex 110.594 -11.481 1.4
    endloop
  endfacet
  facet normal -0.626926 -0.779079 0
    outer loop
      vertex 106.795 -12.679 1.4
      vertex 107.029 -12.8673 2.4
      vertex 106.795 -12.679 2.4
    endloop
  endfacet
  facet normal -0.626926 -0.779079 -0
    outer loop
      vertex 107.029 -12.8673 2.4
      vertex 106.795 -12.679 1.4
      vertex 107.029 -12.8673 1.4
    endloop
  endfacet
  facet normal 0.80628 0.591534 0
    outer loop
      vertex 110.288 -9.74743 2.4
      vertex 110.11 -9.50481 1.4
      vertex 110.11 -9.50481 2.4
    endloop
  endfacet
  facet normal 0.80628 0.591534 0
    outer loop
      vertex 110.11 -9.50481 1.4
      vertex 110.288 -9.74743 2.4
      vertex 110.288 -9.74743 1.4
    endloop
  endfacet
  facet normal -0.362318 0.932055 0
    outer loop
      vertex 32.8473 -13.5526 1.4
      vertex 32.5669 -13.6616 2.4
      vertex 32.8473 -13.5526 2.4
    endloop
  endfacet
  facet normal -0.362318 0.932055 0
    outer loop
      vertex 32.5669 -13.6616 2.4
      vertex 32.8473 -13.5526 1.4
      vertex 32.5669 -13.6616 1.4
    endloop
  endfacet
  facet normal -0.999759 0.0219362 0
    outer loop
      vertex 31.2411 -15.8464 1.4
      vertex 31.2477 -15.5456 2.4
      vertex 31.2477 -15.5456 1.4
    endloop
  endfacet
  facet normal -0.999759 0.0219362 0
    outer loop
      vertex 31.2477 -15.5456 2.4
      vertex 31.2411 -15.8464 1.4
      vertex 31.2411 -15.8464 2.4
    endloop
  endfacet
  facet normal -0.994041 -0.109009 0
    outer loop
      vertex 31.2739 -16.1455 1.4
      vertex 31.2411 -15.8464 2.4
      vertex 31.2411 -15.8464 1.4
    endloop
  endfacet
  facet normal -0.994041 -0.109009 0
    outer loop
      vertex 31.2411 -15.8464 2.4
      vertex 31.2739 -16.1455 1.4
      vertex 31.2739 -16.1455 2.4
    endloop
  endfacet
  facet normal -0.988391 0.151932 0
    outer loop
      vertex 31.2477 -15.5456 1.4
      vertex 31.2934 -15.2483 2.4
      vertex 31.2934 -15.2483 1.4
    endloop
  endfacet
  facet normal -0.988391 0.151932 0
    outer loop
      vertex 31.2934 -15.2483 2.4
      vertex 31.2477 -15.5456 1.4
      vertex 31.2477 -15.5456 2.4
    endloop
  endfacet
  facet normal -0.915286 0.402805 0
    outer loop
      vertex 31.3776 -14.9595 1.4
      vertex 31.4988 -14.6841 2.4
      vertex 31.4988 -14.6841 1.4
    endloop
  endfacet
  facet normal -0.915286 0.402805 0
    outer loop
      vertex 31.4988 -14.6841 2.4
      vertex 31.3776 -14.9595 1.4
      vertex 31.3776 -14.9595 2.4
    endloop
  endfacet
  facet normal -0.480923 0.876763 0
    outer loop
      vertex 32.5669 -13.6616 1.4
      vertex 32.3031 -13.8063 2.4
      vertex 32.5669 -13.6616 2.4
    endloop
  endfacet
  facet normal -0.480923 0.876763 0
    outer loop
      vertex 32.3031 -13.8063 2.4
      vertex 32.5669 -13.6616 1.4
      vertex 32.3031 -13.8063 1.4
    endloop
  endfacet
  facet normal 0.999767 -0.021604 0
    outer loop
      vertex 35.8302 -15.9466 2.4
      vertex 35.8367 -15.6458 1.4
      vertex 35.8367 -15.6458 2.4
    endloop
  endfacet
  facet normal 0.999767 -0.021604 0
    outer loop
      vertex 35.8367 -15.6458 1.4
      vertex 35.8302 -15.9466 2.4
      vertex 35.8302 -15.9466 1.4
    endloop
  endfacet
  facet normal -0.971343 -0.237683 0
    outer loop
      vertex 31.3454 -16.4377 1.4
      vertex 31.2739 -16.1455 2.4
      vertex 31.2739 -16.1455 1.4
    endloop
  endfacet
  facet normal -0.971343 -0.237683 0
    outer loop
      vertex 31.2739 -16.1455 2.4
      vertex 31.3454 -16.4377 1.4
      vertex 31.3454 -16.4377 2.4
    endloop
  endfacet
  facet normal 0.994077 0.10868 0
    outer loop
      vertex 35.8367 -15.6458 2.4
      vertex 35.804 -15.3467 1.4
      vertex 35.804 -15.3467 2.4
    endloop
  endfacet
  facet normal 0.994077 0.10868 0
    outer loop
      vertex 35.804 -15.3467 1.4
      vertex 35.8367 -15.6458 2.4
      vertex 35.8367 -15.6458 1.4
    endloop
  endfacet
  facet normal 0.480923 -0.876763 0
    outer loop
      vertex 34.5109 -17.8306 1.4
      vertex 34.7747 -17.6859 2.4
      vertex 34.5109 -17.8306 2.4
    endloop
  endfacet
  facet normal 0.480923 -0.876763 0
    outer loop
      vertex 34.7747 -17.6859 2.4
      vertex 34.5109 -17.8306 1.4
      vertex 34.7747 -17.6859 1.4
    endloop
  endfacet
  facet normal -0.96003 0.279898 0
    outer loop
      vertex 31.2934 -15.2483 1.4
      vertex 31.3776 -14.9595 2.4
      vertex 31.3776 -14.9595 1.4
    endloop
  endfacet
  facet normal -0.96003 0.279898 0
    outer loop
      vertex 31.3776 -14.9595 2.4
      vertex 31.2934 -15.2483 1.4
      vertex 31.2934 -15.2483 2.4
    endloop
  endfacet
  facet normal -0.854872 0.518839 0
    outer loop
      vertex 31.4988 -14.6841 1.4
      vertex 31.6549 -14.4269 2.4
      vertex 31.6549 -14.4269 1.4
    endloop
  endfacet
  facet normal -0.854872 0.518839 0
    outer loop
      vertex 31.6549 -14.4269 2.4
      vertex 31.4988 -14.6841 1.4
      vertex 31.4988 -14.6841 2.4
    endloop
  endfacet
  facet normal -0.876763 -0.480923 0
    outer loop
      vertex 31.5991 -16.9819 1.4
      vertex 31.4544 -16.7181 2.4
      vertex 31.4544 -16.7181 1.4
    endloop
  endfacet
  facet normal -0.876763 -0.480923 0
    outer loop
      vertex 31.4544 -16.7181 2.4
      vertex 31.5991 -16.9819 1.4
      vertex 31.5991 -16.9819 2.4
    endloop
  endfacet
  facet normal 0.855019 -0.518596 0
    outer loop
      vertex 35.423 -17.0653 2.4
      vertex 35.579 -16.8081 1.4
      vertex 35.579 -16.8081 2.4
    endloop
  endfacet
  facet normal 0.855019 -0.518596 0
    outer loop
      vertex 35.579 -16.8081 1.4
      vertex 35.423 -17.0653 2.4
      vertex 35.423 -17.0653 1.4
    endloop
  endfacet
  facet normal -0.932055 -0.362318 0
    outer loop
      vertex 31.4544 -16.7181 1.4
      vertex 31.3454 -16.4377 2.4
      vertex 31.3454 -16.4377 1.4
    endloop
  endfacet
  facet normal -0.932055 -0.362318 0
    outer loop
      vertex 31.3454 -16.4377 2.4
      vertex 31.4544 -16.7181 1.4
      vertex 31.4544 -16.7181 2.4
    endloop
  endfacet
  facet normal 0.10868 -0.994077 0
    outer loop
      vertex 33.6392 -18.0439 1.4
      vertex 33.9383 -18.0112 2.4
      vertex 33.6392 -18.0439 2.4
    endloop
  endfacet
  facet normal 0.10868 -0.994077 0
    outer loop
      vertex 33.9383 -18.0112 2.4
      vertex 33.6392 -18.0439 1.4
      vertex 33.9383 -18.0112 1.4
    endloop
  endfacet
  facet normal 0.988341 -0.152257 0
    outer loop
      vertex 35.7844 -16.2439 2.4
      vertex 35.8302 -15.9466 1.4
      vertex 35.8302 -15.9466 2.4
    endloop
  endfacet
  facet normal 0.988341 -0.152257 0
    outer loop
      vertex 35.8302 -15.9466 1.4
      vertex 35.7844 -16.2439 2.4
      vertex 35.7844 -16.2439 1.4
    endloop
  endfacet
  facet normal -0.72223 -0.691653 0
    outer loop
      vertex 31.9851 -17.4418 1.4
      vertex 31.777 -17.2245 2.4
      vertex 31.777 -17.2245 1.4
    endloop
  endfacet
  facet normal -0.72223 -0.691653 0
    outer loop
      vertex 31.777 -17.2245 2.4
      vertex 31.9851 -17.4418 1.4
      vertex 31.9851 -17.4418 2.4
    endloop
  endfacet
  facet normal -0.591349 0.806416 0
    outer loop
      vertex 32.3031 -13.8063 1.4
      vertex 32.0605 -13.9842 2.4
      vertex 32.3031 -13.8063 2.4
    endloop
  endfacet
  facet normal -0.591349 0.806416 0
    outer loop
      vertex 32.0605 -13.9842 2.4
      vertex 32.3031 -13.8063 1.4
      vertex 32.0605 -13.9842 1.4
    endloop
  endfacet
  facet normal 0.279809 0.960056 -0
    outer loop
      vertex 34.3256 -13.5848 1.4
      vertex 34.0367 -13.5006 2.4
      vertex 34.3256 -13.5848 2.4
    endloop
  endfacet
  facet normal 0.279809 0.960056 0
    outer loop
      vertex 34.0367 -13.5006 2.4
      vertex 34.3256 -13.5848 1.4
      vertex 34.0367 -13.5006 1.4
    endloop
  endfacet
  facet normal -0.279898 -0.96003 0
    outer loop
      vertex 32.7523 -17.9074 1.4
      vertex 33.0411 -17.9916 2.4
      vertex 32.7523 -17.9074 2.4
    endloop
  endfacet
  facet normal -0.279898 -0.96003 -0
    outer loop
      vertex 33.0411 -17.9916 2.4
      vertex 32.7523 -17.9074 1.4
      vertex 33.0411 -17.9916 1.4
    endloop
  endfacet
  facet normal -0.152207 -0.988349 0
    outer loop
      vertex 33.0411 -17.9916 1.4
      vertex 33.3385 -18.0374 2.4
      vertex 33.0411 -17.9916 2.4
    endloop
  endfacet
  facet normal -0.152207 -0.988349 -0
    outer loop
      vertex 33.3385 -18.0374 2.4
      vertex 33.0411 -17.9916 1.4
      vertex 33.3385 -18.0374 1.4
    endloop
  endfacet
  facet normal 0.362607 -0.931942 0
    outer loop
      vertex 34.2305 -17.9397 1.4
      vertex 34.5109 -17.8306 2.4
      vertex 34.2305 -17.9397 2.4
    endloop
  endfacet
  facet normal 0.362607 -0.931942 0
    outer loop
      vertex 34.5109 -17.8306 2.4
      vertex 34.2305 -17.9397 1.4
      vertex 34.5109 -17.8306 1.4
    endloop
  endfacet
  facet normal 0.876763 0.480923 0
    outer loop
      vertex 35.6234 -14.7741 2.4
      vertex 35.4787 -14.5103 1.4
      vertex 35.4787 -14.5103 2.4
    endloop
  endfacet
  facet normal 0.876763 0.480923 0
    outer loop
      vertex 35.4787 -14.5103 1.4
      vertex 35.6234 -14.7741 2.4
      vertex 35.6234 -14.7741 1.4
    endloop
  endfacet
  facet normal 0.0219362 0.999759 -0
    outer loop
      vertex 33.7394 -13.4549 1.4
      vertex 33.4386 -13.4483 2.4
      vertex 33.7394 -13.4549 2.4
    endloop
  endfacet
  facet normal 0.0219362 0.999759 0
    outer loop
      vertex 33.4386 -13.4483 2.4
      vertex 33.7394 -13.4549 1.4
      vertex 33.4386 -13.4483 1.4
    endloop
  endfacet
  facet normal 0.402928 0.915232 -0
    outer loop
      vertex 34.6009 -13.706 1.4
      vertex 34.3256 -13.5848 2.4
      vertex 34.6009 -13.706 2.4
    endloop
  endfacet
  facet normal 0.402928 0.915232 0
    outer loop
      vertex 34.3256 -13.5848 2.4
      vertex 34.6009 -13.706 1.4
      vertex 34.3256 -13.5848 1.4
    endloop
  endfacet
  facet normal -0.402805 -0.915286 0
    outer loop
      vertex 32.4769 -17.7862 1.4
      vertex 32.7523 -17.9074 2.4
      vertex 32.4769 -17.7862 2.4
    endloop
  endfacet
  facet normal -0.402805 -0.915286 -0
    outer loop
      vertex 32.7523 -17.9074 2.4
      vertex 32.4769 -17.7862 1.4
      vertex 32.7523 -17.9074 1.4
    endloop
  endfacet
  facet normal -0.0216112 -0.999766 0
    outer loop
      vertex 33.3385 -18.0374 1.4
      vertex 33.6392 -18.0439 2.4
      vertex 33.3385 -18.0374 2.4
    endloop
  endfacet
  facet normal -0.0216112 -0.999766 -0
    outer loop
      vertex 33.6392 -18.0439 2.4
      vertex 33.3385 -18.0374 1.4
      vertex 33.6392 -18.0439 1.4
    endloop
  endfacet
  facet normal 0.806416 0.591349 0
    outer loop
      vertex 35.4787 -14.5103 2.4
      vertex 35.3008 -14.2677 1.4
      vertex 35.3008 -14.2677 2.4
    endloop
  endfacet
  facet normal 0.806416 0.591349 0
    outer loop
      vertex 35.3008 -14.2677 1.4
      vertex 35.4787 -14.5103 2.4
      vertex 35.4787 -14.5103 1.4
    endloop
  endfacet
  facet normal 0.722396 0.691479 0
    outer loop
      vertex 35.3008 -14.2677 2.4
      vertex 35.0928 -14.0504 1.4
      vertex 35.0928 -14.0504 2.4
    endloop
  endfacet
  facet normal 0.722396 0.691479 0
    outer loop
      vertex 35.0928 -14.0504 1.4
      vertex 35.3008 -14.2677 2.4
      vertex 35.3008 -14.2677 1.4
    endloop
  endfacet
  facet normal 0.237683 -0.971343 0
    outer loop
      vertex 33.9383 -18.0112 1.4
      vertex 34.2305 -17.9397 2.4
      vertex 33.9383 -18.0112 2.4
    endloop
  endfacet
  facet normal 0.237683 -0.971343 0
    outer loop
      vertex 34.2305 -17.9397 2.4
      vertex 33.9383 -18.0112 1.4
      vertex 34.2305 -17.9397 1.4
    endloop
  endfacet
  facet normal -0.10868 0.994077 0
    outer loop
      vertex 33.4386 -13.4483 1.4
      vertex 33.1395 -13.481 2.4
      vertex 33.4386 -13.4483 2.4
    endloop
  endfacet
  facet normal -0.10868 0.994077 0
    outer loop
      vertex 33.1395 -13.481 2.4
      vertex 33.4386 -13.4483 1.4
      vertex 33.1395 -13.481 1.4
    endloop
  endfacet
  facet normal 0.518839 0.854872 -0
    outer loop
      vertex 34.8581 -13.8621 1.4
      vertex 34.6009 -13.706 2.4
      vertex 34.8581 -13.8621 2.4
    endloop
  endfacet
  facet normal 0.518839 0.854872 0
    outer loop
      vertex 34.6009 -13.706 2.4
      vertex 34.8581 -13.8621 1.4
      vertex 34.6009 -13.706 1.4
    endloop
  endfacet
  facet normal 0.779993 -0.625789 0
    outer loop
      vertex 35.2347 -17.3 2.4
      vertex 35.423 -17.0653 1.4
      vertex 35.423 -17.0653 2.4
    endloop
  endfacet
  facet normal 0.779993 -0.625789 0
    outer loop
      vertex 35.423 -17.0653 1.4
      vertex 35.2347 -17.3 2.4
      vertex 35.2347 -17.3 1.4
    endloop
  endfacet
  facet normal 0.625789 0.779993 -0
    outer loop
      vertex 35.0928 -14.0504 1.4
      vertex 34.8581 -13.8621 2.4
      vertex 35.0928 -14.0504 2.4
    endloop
  endfacet
  facet normal 0.625789 0.779993 0
    outer loop
      vertex 34.8581 -13.8621 2.4
      vertex 35.0928 -14.0504 1.4
      vertex 34.8581 -13.8621 1.4
    endloop
  endfacet
  facet normal -0.626153 -0.7797 0
    outer loop
      vertex 31.9851 -17.4418 1.4
      vertex 32.2197 -17.6302 2.4
      vertex 31.9851 -17.4418 2.4
    endloop
  endfacet
  facet normal -0.626153 -0.7797 -0
    outer loop
      vertex 32.2197 -17.6302 2.4
      vertex 31.9851 -17.4418 1.4
      vertex 32.2197 -17.6302 1.4
    endloop
  endfacet
  facet normal -0.806416 -0.591349 0
    outer loop
      vertex 31.777 -17.2245 1.4
      vertex 31.5991 -16.9819 2.4
      vertex 31.5991 -16.9819 1.4
    endloop
  endfacet
  facet normal -0.806416 -0.591349 0
    outer loop
      vertex 31.5991 -16.9819 2.4
      vertex 31.777 -17.2245 1.4
      vertex 31.777 -17.2245 2.4
    endloop
  endfacet
  facet normal 0.691313 -0.722555 0
    outer loop
      vertex 35.0173 -17.508 1.4
      vertex 35.2347 -17.3 2.4
      vertex 35.0173 -17.508 2.4
    endloop
  endfacet
  facet normal 0.691313 -0.722555 0
    outer loop
      vertex 35.2347 -17.3 2.4
      vertex 35.0173 -17.508 1.4
      vertex 35.2347 -17.3 1.4
    endloop
  endfacet
  facet normal 0.931942 0.362607 0
    outer loop
      vertex 35.7325 -15.0545 2.4
      vertex 35.6234 -14.7741 1.4
      vertex 35.6234 -14.7741 2.4
    endloop
  endfacet
  facet normal 0.931942 0.362607 0
    outer loop
      vertex 35.6234 -14.7741 1.4
      vertex 35.7325 -15.0545 2.4
      vertex 35.7325 -15.0545 1.4
    endloop
  endfacet
  facet normal -0.237997 0.971266 0
    outer loop
      vertex 33.1395 -13.481 1.4
      vertex 32.8473 -13.5526 2.4
      vertex 33.1395 -13.481 2.4
    endloop
  endfacet
  facet normal -0.237997 0.971266 0
    outer loop
      vertex 32.8473 -13.5526 2.4
      vertex 33.1395 -13.481 1.4
      vertex 32.8473 -13.5526 1.4
    endloop
  endfacet
  facet normal -0.691479 0.722396 0
    outer loop
      vertex 32.0605 -13.9842 1.4
      vertex 31.8432 -14.1922 2.4
      vertex 32.0605 -13.9842 2.4
    endloop
  endfacet
  facet normal -0.691479 0.722396 0
    outer loop
      vertex 31.8432 -14.1922 2.4
      vertex 32.0605 -13.9842 1.4
      vertex 31.8432 -14.1922 1.4
    endloop
  endfacet
  facet normal 0.151932 0.988391 -0
    outer loop
      vertex 34.0367 -13.5006 1.4
      vertex 33.7394 -13.4549 2.4
      vertex 34.0367 -13.5006 2.4
    endloop
  endfacet
  facet normal 0.151932 0.988391 0
    outer loop
      vertex 33.7394 -13.4549 2.4
      vertex 34.0367 -13.5006 1.4
      vertex 33.7394 -13.4549 1.4
    endloop
  endfacet
  facet normal 0.971343 0.237683 0
    outer loop
      vertex 35.804 -15.3467 2.4
      vertex 35.7325 -15.0545 1.4
      vertex 35.7325 -15.0545 2.4
    endloop
  endfacet
  facet normal 0.971343 0.237683 0
    outer loop
      vertex 35.7325 -15.0545 1.4
      vertex 35.804 -15.3467 2.4
      vertex 35.804 -15.3467 1.4
    endloop
  endfacet
  facet normal -0.779993 0.625789 0
    outer loop
      vertex 31.6549 -14.4269 1.4
      vertex 31.8432 -14.1922 2.4
      vertex 31.8432 -14.1922 1.4
    endloop
  endfacet
  facet normal -0.779993 0.625789 0
    outer loop
      vertex 31.8432 -14.1922 2.4
      vertex 31.6549 -14.4269 1.4
      vertex 31.6549 -14.4269 2.4
    endloop
  endfacet
  facet normal 0 0 1
    outer loop
      vertex 34.7378 -15.6938 2.4
      vertex 35.8367 -15.6458 2.4
      vertex 35.804 -15.3467 2.4
    endloop
  endfacet
  facet normal 0 0 1
    outer loop
      vertex 35.8367 -15.6458 2.4
      vertex 34.7378 -15.6938 2.4
      vertex 35.8302 -15.9466 2.4
    endloop
  endfacet
  facet normal 0 0 1
    outer loop
      vertex 34.7207 -15.5377 2.4
      vertex 35.804 -15.3467 2.4
      vertex 35.7325 -15.0545 2.4
    endloop
  endfacet
  facet normal -0 0 1
    outer loop
      vertex 34.7343 -15.8507 2.4
      vertex 35.8302 -15.9466 2.4
      vertex 34.7378 -15.6938 2.4
    endloop
  endfacet
  facet normal 0 0 1
    outer loop
      vertex 34.6834 -15.3853 2.4
      vertex 35.7325 -15.0545 2.4
      vertex 35.6234 -14.7741 2.4
    endloop
  endfacet
  facet normal 0 0 1
    outer loop
      vertex 35.8302 -15.9466 2.4
      vertex 34.7343 -15.8507 2.4
      vertex 35.7844 -16.2439 2.4
    endloop
  endfacet
  facet normal 0 0 1
    outer loop
      vertex 34.6265 -15.239 2.4
      vertex 35.6234 -14.7741 2.4
      vertex 35.4787 -14.5103 2.4
    endloop
  endfacet
  facet normal -0 0 1
    outer loop
      vertex 34.7105 -16.0058 2.4
      vertex 35.7844 -16.2439 2.4
      vertex 34.7343 -15.8507 2.4
    endloop
  endfacet
  facet normal 0 0 1
    outer loop
      vertex 34.551 -15.1013 2.4
      vertex 35.4787 -14.5103 2.4
      vertex 35.3008 -14.2677 2.4
    endloop
  endfacet
  facet normal 0 0 1
    outer loop
      vertex 35.7844 -16.2439 2.4
      vertex 34.7105 -16.0058 2.4
      vertex 35.7002 -16.5328 2.4
    endloop
  endfacet
  facet normal 0 0 1
    outer loop
      vertex 34.4582 -14.9748 2.4
      vertex 35.3008 -14.2677 2.4
      vertex 35.0928 -14.0504 2.4
    endloop
  endfacet
  facet normal -0 0 1
    outer loop
      vertex 34.6665 -16.1565 2.4
      vertex 35.7002 -16.5328 2.4
      vertex 34.7105 -16.0058 2.4
    endloop
  endfacet
  facet normal 0 0 1
    outer loop
      vertex 34.3496 -14.8614 2.4
      vertex 35.0928 -14.0504 2.4
      vertex 34.8581 -13.8621 2.4
    endloop
  endfacet
  facet normal 0 0 1
    outer loop
      vertex 35.7002 -16.5328 2.4
      vertex 34.6665 -16.1565 2.4
      vertex 35.579 -16.8081 2.4
    endloop
  endfacet
  facet normal -0 0 1
    outer loop
      vertex 34.6033 -16.3002 2.4
      vertex 35.579 -16.8081 2.4
      vertex 34.6665 -16.1565 2.4
    endloop
  endfacet
  facet normal 0 0 1
    outer loop
      vertex 35.804 -15.3467 2.4
      vertex 34.7207 -15.5377 2.4
      vertex 34.7378 -15.6938 2.4
    endloop
  endfacet
  facet normal 0 0 1
    outer loop
      vertex 35.7325 -15.0545 2.4
      vertex 34.6834 -15.3853 2.4
      vertex 34.7207 -15.5377 2.4
    endloop
  endfacet
  facet normal 0 0 1
    outer loop
      vertex 35.6234 -14.7741 2.4
      vertex 34.6265 -15.239 2.4
      vertex 34.6834 -15.3853 2.4
    endloop
  endfacet
  facet normal 0 0 1
    outer loop
      vertex 34.2272 -14.7631 2.4
      vertex 34.8581 -13.8621 2.4
      vertex 34.6009 -13.706 2.4
    endloop
  endfacet
  facet normal 0 0 1
    outer loop
      vertex 35.4787 -14.5103 2.4
      vertex 34.551 -15.1013 2.4
      vertex 34.6265 -15.239 2.4
    endloop
  endfacet
  facet normal 0 0 1
    outer loop
      vertex 35.3008 -14.2677 2.4
      vertex 34.4582 -14.9748 2.4
      vertex 34.551 -15.1013 2.4
    endloop
  endfacet
  facet normal 0 0 1
    outer loop
      vertex 35.0928 -14.0504 2.4
      vertex 34.3496 -14.8614 2.4
      vertex 34.4582 -14.9748 2.4
    endloop
  endfacet
  facet normal 0 0 1
    outer loop
      vertex 34.093 -14.6817 2.4
      vertex 34.6009 -13.706 2.4
      vertex 34.3256 -13.5848 2.4
    endloop
  endfacet
  facet normal 0 0 1
    outer loop
      vertex 34.8581 -13.8621 2.4
      vertex 34.2272 -14.7631 2.4
      vertex 34.3496 -14.8614 2.4
    endloop
  endfacet
  facet normal 0 0 1
    outer loop
      vertex 34.6009 -13.706 2.4
      vertex 34.093 -14.6817 2.4
      vertex 34.2272 -14.7631 2.4
    endloop
  endfacet
  facet normal 0 0 1
    outer loop
      vertex 33.9493 -14.6185 2.4
      vertex 34.3256 -13.5848 2.4
      vertex 34.0367 -13.5006 2.4
    endloop
  endfacet
  facet normal 0 0 1
    outer loop
      vertex 34.3256 -13.5848 2.4
      vertex 33.9493 -14.6185 2.4
      vertex 34.093 -14.6817 2.4
    endloop
  endfacet
  facet normal 0 0 1
    outer loop
      vertex 34.0367 -13.5006 2.4
      vertex 33.7986 -14.5746 2.4
      vertex 33.9493 -14.6185 2.4
    endloop
  endfacet
  facet normal 0 0 1
    outer loop
      vertex 33.7394 -13.4549 2.4
      vertex 33.7986 -14.5746 2.4
      vertex 34.0367 -13.5006 2.4
    endloop
  endfacet
  facet normal 0 0 1
    outer loop
      vertex 33.7394 -13.4549 2.4
      vertex 33.6435 -14.5507 2.4
      vertex 33.7986 -14.5746 2.4
    endloop
  endfacet
  facet normal 0 0 1
    outer loop
      vertex 33.7394 -13.4549 2.4
      vertex 33.4866 -14.5472 2.4
      vertex 33.6435 -14.5507 2.4
    endloop
  endfacet
  facet normal 0 0 1
    outer loop
      vertex 33.4386 -13.4483 2.4
      vertex 33.4866 -14.5472 2.4
      vertex 33.7394 -13.4549 2.4
    endloop
  endfacet
  facet normal 0 0 1
    outer loop
      vertex 33.4386 -13.4483 2.4
      vertex 33.3305 -14.5643 2.4
      vertex 33.4866 -14.5472 2.4
    endloop
  endfacet
  facet normal -0 0 1
    outer loop
      vertex 33.1395 -13.481 2.4
      vertex 33.3305 -14.5643 2.4
      vertex 33.4386 -13.4483 2.4
    endloop
  endfacet
  facet normal 0 0 1
    outer loop
      vertex 33.3305 -14.5643 2.4
      vertex 33.1395 -13.481 2.4
      vertex 33.1781 -14.6016 2.4
    endloop
  endfacet
  facet normal -0 0 1
    outer loop
      vertex 32.8473 -13.5526 2.4
      vertex 33.1781 -14.6016 2.4
      vertex 33.1395 -13.481 2.4
    endloop
  endfacet
  facet normal 0 0 1
    outer loop
      vertex 33.1781 -14.6016 2.4
      vertex 32.8473 -13.5526 2.4
      vertex 33.0318 -14.6585 2.4
    endloop
  endfacet
  facet normal -0 0 1
    outer loop
      vertex 32.5669 -13.6616 2.4
      vertex 33.0318 -14.6585 2.4
      vertex 32.8473 -13.5526 2.4
    endloop
  endfacet
  facet normal 0 0 1
    outer loop
      vertex 33.0318 -14.6585 2.4
      vertex 32.5669 -13.6616 2.4
      vertex 32.8942 -14.734 2.4
    endloop
  endfacet
  facet normal -0 0 1
    outer loop
      vertex 32.3031 -13.8063 2.4
      vertex 32.8942 -14.734 2.4
      vertex 32.5669 -13.6616 2.4
    endloop
  endfacet
  facet normal 0 0 1
    outer loop
      vertex 32.8942 -14.734 2.4
      vertex 32.3031 -13.8063 2.4
      vertex 32.7676 -14.8269 2.4
    endloop
  endfacet
  facet normal -0 0 1
    outer loop
      vertex 32.0605 -13.9842 2.4
      vertex 32.7676 -14.8269 2.4
      vertex 32.3031 -13.8063 2.4
    endloop
  endfacet
  facet normal 0 0 1
    outer loop
      vertex 32.7676 -14.8269 2.4
      vertex 32.0605 -13.9842 2.4
      vertex 32.6542 -14.9354 2.4
    endloop
  endfacet
  facet normal -0 0 1
    outer loop
      vertex 31.8432 -14.1922 2.4
      vertex 32.6542 -14.9354 2.4
      vertex 32.0605 -13.9842 2.4
    endloop
  endfacet
  facet normal 0 0 1
    outer loop
      vertex 32.6542 -14.9354 2.4
      vertex 31.8432 -14.1922 2.4
      vertex 32.5559 -15.0578 2.4
    endloop
  endfacet
  facet normal -0 0 1
    outer loop
      vertex 31.6549 -14.4269 2.4
      vertex 32.5559 -15.0578 2.4
      vertex 31.8432 -14.1922 2.4
    endloop
  endfacet
  facet normal -0 0 1
    outer loop
      vertex 31.4988 -14.6841 2.4
      vertex 32.4745 -15.192 2.4
      vertex 31.6549 -14.4269 2.4
    endloop
  endfacet
  facet normal 0 0 1
    outer loop
      vertex 32.5559 -15.0578 2.4
      vertex 31.6549 -14.4269 2.4
      vertex 32.4745 -15.192 2.4
    endloop
  endfacet
  facet normal 0 0 1
    outer loop
      vertex 35.579 -16.8081 2.4
      vertex 34.6033 -16.3002 2.4
      vertex 35.423 -17.0653 2.4
    endloop
  endfacet
  facet normal -0 0 1
    outer loop
      vertex 34.5219 -16.4344 2.4
      vertex 35.423 -17.0653 2.4
      vertex 34.6033 -16.3002 2.4
    endloop
  endfacet
  facet normal 0 0 1
    outer loop
      vertex 35.423 -17.0653 2.4
      vertex 34.5219 -16.4344 2.4
      vertex 35.2347 -17.3 2.4
    endloop
  endfacet
  facet normal -0 0 1
    outer loop
      vertex 34.4236 -16.5568 2.4
      vertex 35.2347 -17.3 2.4
      vertex 34.5219 -16.4344 2.4
    endloop
  endfacet
  facet normal 0 0 1
    outer loop
      vertex 35.2347 -17.3 2.4
      vertex 34.4236 -16.5568 2.4
      vertex 35.0173 -17.508 2.4
    endloop
  endfacet
  facet normal -0 0 1
    outer loop
      vertex 34.3103 -16.6654 2.4
      vertex 35.0173 -17.508 2.4
      vertex 34.4236 -16.5568 2.4
    endloop
  endfacet
  facet normal 0 0 1
    outer loop
      vertex 35.0173 -17.508 2.4
      vertex 34.3103 -16.6654 2.4
      vertex 34.7747 -17.6859 2.4
    endloop
  endfacet
  facet normal -0 0 1
    outer loop
      vertex 34.1837 -16.7582 2.4
      vertex 34.7747 -17.6859 2.4
      vertex 34.3103 -16.6654 2.4
    endloop
  endfacet
  facet normal 0 0 1
    outer loop
      vertex 34.7747 -17.6859 2.4
      vertex 34.1837 -16.7582 2.4
      vertex 34.5109 -17.8306 2.4
    endloop
  endfacet
  facet normal -0 0 1
    outer loop
      vertex 34.0461 -16.8337 2.4
      vertex 34.5109 -17.8306 2.4
      vertex 34.1837 -16.7582 2.4
    endloop
  endfacet
  facet normal 0 0 1
    outer loop
      vertex 34.5109 -17.8306 2.4
      vertex 34.0461 -16.8337 2.4
      vertex 34.2305 -17.9397 2.4
    endloop
  endfacet
  facet normal -0 0 1
    outer loop
      vertex 33.8998 -16.8906 2.4
      vertex 34.2305 -17.9397 2.4
      vertex 34.0461 -16.8337 2.4
    endloop
  endfacet
  facet normal 0 0 1
    outer loop
      vertex 34.2305 -17.9397 2.4
      vertex 33.8998 -16.8906 2.4
      vertex 33.9383 -18.0112 2.4
    endloop
  endfacet
  facet normal -0 0 1
    outer loop
      vertex 33.7473 -16.9279 2.4
      vertex 33.9383 -18.0112 2.4
      vertex 33.8998 -16.8906 2.4
    endloop
  endfacet
  facet normal 0 0 1
    outer loop
      vertex 33.7473 -16.9279 2.4
      vertex 33.6392 -18.0439 2.4
      vertex 33.9383 -18.0112 2.4
    endloop
  endfacet
  facet normal -0 0 1
    outer loop
      vertex 33.5913 -16.945 2.4
      vertex 33.6392 -18.0439 2.4
      vertex 33.7473 -16.9279 2.4
    endloop
  endfacet
  facet normal 0 0 1
    outer loop
      vertex 33.4343 -16.9415 2.4
      vertex 33.6392 -18.0439 2.4
      vertex 33.5913 -16.945 2.4
    endloop
  endfacet
  facet normal 0 0 1
    outer loop
      vertex 33.4343 -16.9415 2.4
      vertex 33.3385 -18.0374 2.4
      vertex 33.6392 -18.0439 2.4
    endloop
  endfacet
  facet normal 0 0 1
    outer loop
      vertex 33.2792 -16.9177 2.4
      vertex 33.3385 -18.0374 2.4
      vertex 33.4343 -16.9415 2.4
    endloop
  endfacet
  facet normal 0 0 1
    outer loop
      vertex 33.0411 -17.9916 2.4
      vertex 33.2792 -16.9177 2.4
      vertex 33.1285 -16.8737 2.4
    endloop
  endfacet
  facet normal 0 0 1
    outer loop
      vertex 33.2792 -16.9177 2.4
      vertex 33.0411 -17.9916 2.4
      vertex 33.3385 -18.0374 2.4
    endloop
  endfacet
  facet normal 0 0 1
    outer loop
      vertex 32.7523 -17.9074 2.4
      vertex 33.1285 -16.8737 2.4
      vertex 32.9848 -16.8105 2.4
    endloop
  endfacet
  facet normal 0 0 1
    outer loop
      vertex 32.4769 -17.7862 2.4
      vertex 32.9848 -16.8105 2.4
      vertex 32.8506 -16.7291 2.4
    endloop
  endfacet
  facet normal 0 0 1
    outer loop
      vertex 33.1285 -16.8737 2.4
      vertex 32.7523 -17.9074 2.4
      vertex 33.0411 -17.9916 2.4
    endloop
  endfacet
  facet normal 0 0 1
    outer loop
      vertex 32.2197 -17.6302 2.4
      vertex 32.8506 -16.7291 2.4
      vertex 32.7282 -16.6308 2.4
    endloop
  endfacet
  facet normal 0 0 1
    outer loop
      vertex 31.9851 -17.4418 2.4
      vertex 32.7282 -16.6308 2.4
      vertex 32.6197 -16.5175 2.4
    endloop
  endfacet
  facet normal 0 0 1
    outer loop
      vertex 31.777 -17.2245 2.4
      vertex 32.6197 -16.5175 2.4
      vertex 32.5268 -16.3909 2.4
    endloop
  endfacet
  facet normal 0 0 1
    outer loop
      vertex 32.9848 -16.8105 2.4
      vertex 32.4769 -17.7862 2.4
      vertex 32.7523 -17.9074 2.4
    endloop
  endfacet
  facet normal 0 0 1
    outer loop
      vertex 31.5991 -16.9819 2.4
      vertex 32.5268 -16.3909 2.4
      vertex 32.4513 -16.2532 2.4
    endloop
  endfacet
  facet normal 0 0 1
    outer loop
      vertex 31.4544 -16.7181 2.4
      vertex 32.4513 -16.2532 2.4
      vertex 32.3945 -16.107 2.4
    endloop
  endfacet
  facet normal 0 0 1
    outer loop
      vertex 31.3454 -16.4377 2.4
      vertex 32.3945 -16.107 2.4
      vertex 32.3571 -15.9545 2.4
    endloop
  endfacet
  facet normal 0 0 1
    outer loop
      vertex 31.2739 -16.1455 2.4
      vertex 32.3571 -15.9545 2.4
      vertex 32.3401 -15.7984 2.4
    endloop
  endfacet
  facet normal 0 0 1
    outer loop
      vertex 32.8506 -16.7291 2.4
      vertex 32.2197 -17.6302 2.4
      vertex 32.4769 -17.7862 2.4
    endloop
  endfacet
  facet normal 0 0 1
    outer loop
      vertex 32.4745 -15.192 2.4
      vertex 31.4988 -14.6841 2.4
      vertex 32.4113 -15.3357 2.4
    endloop
  endfacet
  facet normal -0 0 1
    outer loop
      vertex 31.3776 -14.9595 2.4
      vertex 32.4113 -15.3357 2.4
      vertex 31.4988 -14.6841 2.4
    endloop
  endfacet
  facet normal 0 0 1
    outer loop
      vertex 32.7282 -16.6308 2.4
      vertex 31.9851 -17.4418 2.4
      vertex 32.2197 -17.6302 2.4
    endloop
  endfacet
  facet normal 0 0 1
    outer loop
      vertex 32.4113 -15.3357 2.4
      vertex 31.3776 -14.9595 2.4
      vertex 32.3674 -15.4864 2.4
    endloop
  endfacet
  facet normal 0 0 1
    outer loop
      vertex 32.6197 -16.5175 2.4
      vertex 31.777 -17.2245 2.4
      vertex 31.9851 -17.4418 2.4
    endloop
  endfacet
  facet normal -0 0 1
    outer loop
      vertex 31.2934 -15.2483 2.4
      vertex 32.3674 -15.4864 2.4
      vertex 31.3776 -14.9595 2.4
    endloop
  endfacet
  facet normal 0 0 1
    outer loop
      vertex 32.5268 -16.3909 2.4
      vertex 31.5991 -16.9819 2.4
      vertex 31.777 -17.2245 2.4
    endloop
  endfacet
  facet normal 0 0 1
    outer loop
      vertex 32.3674 -15.4864 2.4
      vertex 31.2934 -15.2483 2.4
      vertex 32.3435 -15.6415 2.4
    endloop
  endfacet
  facet normal 0 0 1
    outer loop
      vertex 32.4513 -16.2532 2.4
      vertex 31.4544 -16.7181 2.4
      vertex 31.5991 -16.9819 2.4
    endloop
  endfacet
  facet normal -0 0 1
    outer loop
      vertex 31.2477 -15.5456 2.4
      vertex 32.3435 -15.6415 2.4
      vertex 31.2934 -15.2483 2.4
    endloop
  endfacet
  facet normal 0 0 1
    outer loop
      vertex 32.3945 -16.107 2.4
      vertex 31.3454 -16.4377 2.4
      vertex 31.4544 -16.7181 2.4
    endloop
  endfacet
  facet normal 0 0 1
    outer loop
      vertex 32.3435 -15.6415 2.4
      vertex 31.2477 -15.5456 2.4
      vertex 32.3401 -15.7984 2.4
    endloop
  endfacet
  facet normal 0 0 1
    outer loop
      vertex 32.3571 -15.9545 2.4
      vertex 31.2739 -16.1455 2.4
      vertex 31.3454 -16.4377 2.4
    endloop
  endfacet
  facet normal 0 0 1
    outer loop
      vertex 31.2411 -15.8464 2.4
      vertex 32.3401 -15.7984 2.4
      vertex 31.2477 -15.5456 2.4
    endloop
  endfacet
  facet normal 0 0 1
    outer loop
      vertex 32.3401 -15.7984 2.4
      vertex 31.2411 -15.8464 2.4
      vertex 31.2739 -16.1455 2.4
    endloop
  endfacet
  facet normal 0.960056 -0.279809 0
    outer loop
      vertex 35.7002 -16.5328 2.4
      vertex 35.7844 -16.2439 1.4
      vertex 35.7844 -16.2439 2.4
    endloop
  endfacet
  facet normal 0.960056 -0.279809 0
    outer loop
      vertex 35.7844 -16.2439 1.4
      vertex 35.7002 -16.5328 2.4
      vertex 35.7002 -16.5328 1.4
    endloop
  endfacet
  facet normal 0.591349 -0.806416 0
    outer loop
      vertex 34.7747 -17.6859 1.4
      vertex 35.0173 -17.508 2.4
      vertex 34.7747 -17.6859 2.4
    endloop
  endfacet
  facet normal 0.591349 -0.806416 0
    outer loop
      vertex 35.0173 -17.508 2.4
      vertex 34.7747 -17.6859 1.4
      vertex 35.0173 -17.508 1.4
    endloop
  endfacet
  facet normal -0.518596 -0.855019 0
    outer loop
      vertex 32.2197 -17.6302 1.4
      vertex 32.4769 -17.7862 2.4
      vertex 32.2197 -17.6302 2.4
    endloop
  endfacet
  facet normal -0.518596 -0.855019 -0
    outer loop
      vertex 32.4769 -17.7862 2.4
      vertex 32.2197 -17.6302 1.4
      vertex 32.4769 -17.7862 1.4
    endloop
  endfacet
  facet normal 0.915232 -0.402928 0
    outer loop
      vertex 35.579 -16.8081 2.4
      vertex 35.7002 -16.5328 1.4
      vertex 35.7002 -16.5328 2.4
    endloop
  endfacet
  facet normal 0.915232 -0.402928 0
    outer loop
      vertex 35.7002 -16.5328 1.4
      vertex 35.579 -16.8081 2.4
      vertex 35.579 -16.8081 1.4
    endloop
  endfacet
  facet normal 0.153873 -0.988091 0
    outer loop
      vertex 23.3779 -42.7874 0
      vertex 23.4556 -42.7753 1.4
      vertex 23.3779 -42.7874 1.4
    endloop
  endfacet
  facet normal 0.153873 -0.988091 0
    outer loop
      vertex 23.4556 -42.7753 1.4
      vertex 23.3779 -42.7874 0
      vertex 23.4556 -42.7753 0
    endloop
  endfacet
  facet normal -1 0 0
    outer loop
      vertex 11.1 -42.8314 0
      vertex 11.1 63.3152 1.4
      vertex 11.1 63.3152 0
    endloop
  endfacet
  facet normal -1 -0 0
    outer loop
      vertex 11.1 63.3152 1.4
      vertex 11.1 -42.8314 0
      vertex 11.1 -42.8314 1.4
    endloop
  endfacet
  facet normal 0 1 -0
    outer loop
      vertex 104.534 63.3152 0
      vertex 11.1 63.3152 1.4
      vertex 104.534 63.3152 1.4
    endloop
  endfacet
  facet normal 0 1 0
    outer loop
      vertex 11.1 63.3152 1.4
      vertex 104.534 63.3152 0
      vertex 11.1 63.3152 0
    endloop
  endfacet
  facet normal 0.998712 0.0507315 0
    outer loop
      vertex 119.465 -6.86171 1.4
      vertex 119.457 -6.70422 0
      vertex 119.457 -6.70422 1.4
    endloop
  endfacet
  facet normal 0.998712 0.0507315 0
    outer loop
      vertex 119.457 -6.70422 0
      vertex 119.465 -6.86171 1.4
      vertex 119.465 -6.86171 0
    endloop
  endfacet
  facet normal 0 -1 0
    outer loop
      vertex 11.1 -42.8314 0
      vertex 22.6787 -42.8314 1.4
      vertex 11.1 -42.8314 1.4
    endloop
  endfacet
  facet normal 0 -1 -0
    outer loop
      vertex 22.6787 -42.8314 1.4
      vertex 11.1 -42.8314 0
      vertex 22.6787 -42.8314 0
    endloop
  endfacet
  facet normal 0.700784 0.713373 -0
    outer loop
      vertex 106.763 62.3172 0
      vertex 106.61 62.4675 1.4
      vertex 106.763 62.3172 1.4
    endloop
  endfacet
  facet normal 0.700784 0.713373 0
    outer loop
      vertex 106.61 62.4675 1.4
      vertex 106.763 62.3172 0
      vertex 106.61 62.4675 0
    endloop
  endfacet
  facet normal 0.78855 -0.61497 0
    outer loop
      vertex 118.745 -8.98143 1.4
      vertex 118.838 -8.86218 0
      vertex 118.838 -8.86218 1.4
    endloop
  endfacet
  facet normal 0.78855 -0.61497 0
    outer loop
      vertex 118.838 -8.86218 0
      vertex 118.745 -8.98143 1.4
      vertex 118.745 -8.98143 0
    endloop
  endfacet
  facet normal 0.778376 0.627799 0
    outer loop
      vertex 106.994 62.0445 1.4
      vertex 106.861 62.2094 0
      vertex 106.861 62.2094 1.4
    endloop
  endfacet
  facet normal 0.778376 0.627799 0
    outer loop
      vertex 106.861 62.2094 0
      vertex 106.994 62.0445 1.4
      vertex 106.994 62.0445 0
    endloop
  endfacet
  facet normal 0.98288 -0.184245 0
    outer loop
      vertex 119.397 -7.61745 1.4
      vertex 119.425 -7.46808 0
      vertex 119.425 -7.46808 1.4
    endloop
  endfacet
  facet normal 0.98288 -0.184245 0
    outer loop
      vertex 119.425 -7.46808 0
      vertex 119.397 -7.61745 1.4
      vertex 119.397 -7.61745 0
    endloop
  endfacet
  facet normal 0.984807 0.173654 0
    outer loop
      vertex 119.416 -6.37114 1.4
      vertex 107.599 60.6441 0
      vertex 107.599 60.6441 1.4
    endloop
  endfacet
  facet normal 0.984807 0.173654 0
    outer loop
      vertex 107.599 60.6441 0
      vertex 119.416 -6.37114 1.4
      vertex 119.416 -6.37114 0
    endloop
  endfacet
  facet normal 0.216831 0.976209 -0
    outer loop
      vertex 105.238 63.2154 0
      vertex 105.03 63.2616 1.4
      vertex 105.238 63.2154 1.4
    endloop
  endfacet
  facet normal 0.216831 0.976209 0
    outer loop
      vertex 105.03 63.2616 1.4
      vertex 105.238 63.2154 0
      vertex 105.03 63.2616 0
    endloop
  endfacet
  facet normal 0.183017 -0.98311 0
    outer loop
      vertex 23.4556 -42.7753 0
      vertex 91.6352 -30.0829 1.4
      vertex 23.4556 -42.7753 1.4
    endloop
  endfacet
  facet normal 0.183017 -0.98311 0
    outer loop
      vertex 91.6352 -30.0829 1.4
      vertex 23.4556 -42.7753 0
      vertex 91.6352 -30.0829 0
    endloop
  endfacet
  facet normal 0.897994 0.440008 0
    outer loop
      vertex 107.359 61.4285 1.4
      vertex 107.266 61.6183 0
      vertex 107.266 61.6183 1.4
    endloop
  endfacet
  facet normal 0.897994 0.440008 0
    outer loop
      vertex 107.266 61.6183 0
      vertex 107.359 61.4285 1.4
      vertex 107.359 61.4285 0
    endloop
  endfacet
  facet normal 0.871739 0.48997 0
    outer loop
      vertex 107.266 61.6183 1.4
      vertex 107.194 61.7464 0
      vertex 107.194 61.7464 1.4
    endloop
  endfacet
  facet normal 0.871739 0.48997 0
    outer loop
      vertex 107.194 61.7464 0
      vertex 107.266 61.6183 1.4
      vertex 107.266 61.6183 0
    endloop
  endfacet
  facet normal 0.989506 0.144492 0
    outer loop
      vertex 119.427 -6.44647 1.4
      vertex 119.416 -6.37114 0
      vertex 119.416 -6.37114 1.4
    endloop
  endfacet
  facet normal 0.989506 0.144492 0
    outer loop
      vertex 119.416 -6.37114 0
      vertex 119.427 -6.44647 1.4
      vertex 119.427 -6.44647 0
    endloop
  endfacet
  facet normal 0.620101 0.784522 -0
    outer loop
      vertex 106.503 62.5621 0
      vertex 106.336 62.6941 1.4
      vertex 106.503 62.5621 1.4
    endloop
  endfacet
  facet normal 0.620101 0.784522 0
    outer loop
      vertex 106.336 62.6941 1.4
      vertex 106.503 62.5621 0
      vertex 106.336 62.6941 0
    endloop
  endfacet
  facet normal 0.300821 -0.953681 0
    outer loop
      vertex 91.9701 -30.0013 0
      vertex 92.1172 -29.9549 1.4
      vertex 91.9701 -30.0013 1.4
    endloop
  endfacet
  facet normal 0.300821 -0.953681 0
    outer loop
      vertex 92.1172 -29.9549 1.4
      vertex 91.9701 -30.0013 0
      vertex 92.1172 -29.9549 0
    endloop
  endfacet
  facet normal 0.325714 0.945468 -0
    outer loop
      vertex 105.579 63.1066 0
      vertex 105.379 63.1755 1.4
      vertex 105.579 63.1066 1.4
    endloop
  endfacet
  facet normal 0.325714 0.945468 0
    outer loop
      vertex 105.379 63.1755 1.4
      vertex 105.579 63.1066 0
      vertex 105.379 63.1755 0
    endloop
  endfacet
  facet normal 0.810733 0.585416 0
    outer loop
      vertex 107.08 61.9254 1.4
      vertex 106.994 62.0445 0
      vertex 106.994 62.0445 1.4
    endloop
  endfacet
  facet normal 0.810733 0.585416 0
    outer loop
      vertex 106.994 62.0445 0
      vertex 107.08 61.9254 1.4
      vertex 107.08 61.9254 0
    endloop
  endfacet
  facet normal 0.243868 -0.969808 0
    outer loop
      vertex 91.7132 -30.0659 0
      vertex 91.9701 -30.0013 1.4
      vertex 91.7132 -30.0659 1.4
    endloop
  endfacet
  facet normal 0.243868 -0.969808 0
    outer loop
      vertex 91.9701 -30.0013 1.4
      vertex 91.7132 -30.0659 0
      vertex 91.9701 -30.0013 0
    endloop
  endfacet
  facet normal 0.525853 0.850575 -0
    outer loop
      vertex 106.215 62.7789 0
      vertex 106.034 62.8908 1.4
      vertex 106.215 62.7789 1.4
    endloop
  endfacet
  facet normal 0.525853 0.850575 0
    outer loop
      vertex 106.034 62.8908 1.4
      vertex 106.215 62.7789 0
      vertex 106.034 62.8908 0
    endloop
  endfacet
  facet normal 0.662362 0.749184 -0
    outer loop
      vertex 106.61 62.4675 0
      vertex 106.503 62.5621 1.4
      vertex 106.61 62.4675 1.4
    endloop
  endfacet
  facet normal 0.662362 0.749184 0
    outer loop
      vertex 106.503 62.5621 1.4
      vertex 106.61 62.4675 0
      vertex 106.503 62.5621 0
    endloop
  endfacet
  facet normal 0.922171 0.386783 0
    outer loop
      vertex 107.416 61.2926 1.4
      vertex 107.359 61.4285 0
      vertex 107.359 61.4285 1.4
    endloop
  endfacet
  facet normal 0.922171 0.386783 0
    outer loop
      vertex 107.359 61.4285 0
      vertex 107.416 61.2926 1.4
      vertex 107.416 61.2926 0
    endloop
  endfacet
  facet normal 0.161064 0.986944 -0
    outer loop
      vertex 105.03 63.2616 0
      vertex 104.886 63.2851 1.4
      vertex 105.03 63.2616 1.4
    endloop
  endfacet
  facet normal 0.161064 0.986944 0
    outer loop
      vertex 104.886 63.2851 1.4
      vertex 105.03 63.2616 0
      vertex 104.886 63.2851 0
    endloop
  endfacet
  facet normal 0.621324 -0.783554 0
    outer loop
      vertex 93.097 -29.4179 0
      vertex 118.233 -9.48616 1.4
      vertex 93.097 -29.4179 1.4
    endloop
  endfacet
  facet normal 0.621324 -0.783554 0
    outer loop
      vertex 118.233 -9.48616 1.4
      vertex 93.097 -29.4179 0
      vertex 118.233 -9.48616 0
    endloop
  endfacet
  facet normal 0.960412 0.278582 0
    outer loop
      vertex 107.528 60.9537 1.4
      vertex 107.488 61.0916 0
      vertex 107.488 61.0916 1.4
    endloop
  endfacet
  facet normal 0.960412 0.278582 0
    outer loop
      vertex 107.488 61.0916 0
      vertex 107.528 60.9537 1.4
      vertex 107.528 60.9537 0
    endloop
  endfacet
  facet normal 0.941424 0.337226 0
    outer loop
      vertex 107.488 61.0916 1.4
      vertex 107.416 61.2926 0
      vertex 107.416 61.2926 1.4
    endloop
  endfacet
  facet normal 0.941424 0.337226 0
    outer loop
      vertex 107.416 61.2926 0
      vertex 107.488 61.0916 1.4
      vertex 107.488 61.0916 0
    endloop
  endfacet
  facet normal 0.377837 0.925872 -0
    outer loop
      vertex 105.715 63.0511 0
      vertex 105.579 63.1066 1.4
      vertex 105.715 63.0511 1.4
    endloop
  endfacet
  facet normal 0.377837 0.925872 0
    outer loop
      vertex 105.579 63.1066 1.4
      vertex 105.715 63.0511 0
      vertex 105.579 63.1066 0
    endloop
  endfacet
  facet normal 0.855798 -0.517311 0
    outer loop
      vertex 118.967 -8.67479 1.4
      vertex 119.048 -8.54079 0
      vertex 119.048 -8.54079 1.4
    endloop
  endfacet
  facet normal 0.855798 -0.517311 0
    outer loop
      vertex 119.048 -8.54079 0
      vertex 118.967 -8.67479 1.4
      vertex 118.967 -8.67479 0
    endloop
  endfacet
  facet normal 0.73994 0.672673 0
    outer loop
      vertex 106.861 62.2094 1.4
      vertex 106.763 62.3172 0
      vertex 106.763 62.3172 1.4
    endloop
  endfacet
  facet normal 0.73994 0.672673 0
    outer loop
      vertex 106.763 62.3172 0
      vertex 106.861 62.2094 1.4
      vertex 106.861 62.2094 0
    endloop
  endfacet
  facet normal 0.935481 -0.353378 0
    outer loop
      vertex 119.217 -8.19753 1.4
      vertex 119.297 -7.98575 0
      vertex 119.297 -7.98575 1.4
    endloop
  endfacet
  facet normal 0.935481 -0.353378 0
    outer loop
      vertex 119.297 -7.98575 0
      vertex 119.217 -8.19753 1.4
      vertex 119.217 -8.19753 0
    endloop
  endfacet
  facet normal 0.521273 -0.85339 0
    outer loop
      vertex 92.6812 -29.6993 0
      vertex 92.8179 -29.6158 1.4
      vertex 92.6812 -29.6993 1.4
    endloop
  endfacet
  facet normal 0.521273 -0.85339 0
    outer loop
      vertex 92.8179 -29.6158 1.4
      vertex 92.6812 -29.6993 0
      vertex 92.8179 -29.6158 0
    endloop
  endfacet
  facet normal 0.123219 -0.99238 0
    outer loop
      vertex 23.1234 -42.819 0
      vertex 23.3779 -42.7874 1.4
      vertex 23.1234 -42.819 1.4
    endloop
  endfacet
  facet normal 0.123219 -0.99238 0
    outer loop
      vertex 23.3779 -42.7874 1.4
      vertex 23.1234 -42.819 0
      vertex 23.3779 -42.7874 0
    endloop
  endfacet
  facet normal 0.954393 -0.298552 0
    outer loop
      vertex 119.297 -7.98575 1.4
      vertex 119.343 -7.8387 0
      vertex 119.343 -7.8387 1.4
    endloop
  endfacet
  facet normal 0.954393 -0.298552 0
    outer loop
      vertex 119.343 -7.8387 0
      vertex 119.297 -7.98575 1.4
      vertex 119.297 -7.98575 0
    endloop
  endfacet
  facet normal 0.991839 -0.127497 0
    outer loop
      vertex 119.425 -7.46808 1.4
      vertex 119.454 -7.24248 0
      vertex 119.454 -7.24248 1.4
    endloop
  endfacet
  facet normal 0.991839 -0.127497 0
    outer loop
      vertex 119.454 -7.24248 0
      vertex 119.425 -7.46808 1.4
      vertex 119.425 -7.46808 0
    endloop
  endfacet
  facet normal 0.21295 -0.977063 0
    outer loop
      vertex 91.6352 -30.0829 0
      vertex 91.7132 -30.0659 1.4
      vertex 91.6352 -30.0829 1.4
    endloop
  endfacet
  facet normal 0.21295 -0.977063 0
    outer loop
      vertex 91.7132 -30.0659 1.4
      vertex 91.6352 -30.0829 0
      vertex 91.7132 -30.0659 0
    endloop
  endfacet
  facet normal 0.272287 0.962216 -0
    outer loop
      vertex 105.379 63.1755 0
      vertex 105.238 63.2154 1.4
      vertex 105.379 63.1755 1.4
    endloop
  endfacet
  facet normal 0.272287 0.962216 0
    outer loop
      vertex 105.238 63.2154 1.4
      vertex 105.379 63.1755 0
      vertex 105.238 63.2154 0
    endloop
  endfacet
  facet normal 0.99999 -0.0044537 0
    outer loop
      vertex 119.464 -7.08624 1.4
      vertex 119.465 -6.86171 0
      vertex 119.465 -6.86171 1.4
    endloop
  endfacet
  facet normal 0.99999 -0.0044537 0
    outer loop
      vertex 119.465 -6.86171 0
      vertex 119.464 -7.08624 1.4
      vertex 119.464 -7.08624 0
    endloop
  endfacet
  facet normal 0.478706 0.877975 -0
    outer loop
      vertex 106.034 62.8908 0
      vertex 105.908 62.9595 1.4
      vertex 106.034 62.8908 1.4
    endloop
  endfacet
  facet normal 0.478706 0.877975 0
    outer loop
      vertex 105.908 62.9595 1.4
      vertex 106.034 62.8908 0
      vertex 105.908 62.9595 0
    endloop
  endfacet
  facet normal 0.997958 -0.0638734 0
    outer loop
      vertex 119.454 -7.24248 1.4
      vertex 119.464 -7.08624 0
      vertex 119.464 -7.08624 1.4
    endloop
  endfacet
  facet normal 0.997958 -0.0638734 0
    outer loop
      vertex 119.464 -7.08624 0
      vertex 119.454 -7.24248 1.4
      vertex 119.454 -7.24248 0
    endloop
  endfacet
  facet normal 0.843467 0.53718 0
    outer loop
      vertex 107.194 61.7464 1.4
      vertex 107.08 61.9254 0
      vertex 107.08 61.9254 1.4
    endloop
  endfacet
  facet normal 0.843467 0.53718 0
    outer loop
      vertex 107.08 61.9254 0
      vertex 107.194 61.7464 1.4
      vertex 107.194 61.7464 0
    endloop
  endfacet
  facet normal 0 0 -1
    outer loop
      vertex 104.534 63.3152 0
      vertex 76.0747 54.1587 0
      vertex 76.0807 54.4333 0
    endloop
  endfacet
  facet normal 0 0 -1
    outer loop
      vertex 106.256 -10.8002 0
      vertex 76.033 53.8872 0
      vertex 76.0747 54.1587 0
    endloop
  endfacet
  facet normal 0 0 -1
    outer loop
      vertex 106.256 -10.8002 0
      vertex 75.9561 53.6234 0
      vertex 76.033 53.8872 0
    endloop
  endfacet
  facet normal 0 0 -1
    outer loop
      vertex 106.256 -10.8002 0
      vertex 75.8455 53.372 0
      vertex 75.9561 53.6234 0
    endloop
  endfacet
  facet normal 0 0 -1
    outer loop
      vertex 106.256 -10.8002 0
      vertex 75.7029 53.1372 0
      vertex 75.8455 53.372 0
    endloop
  endfacet
  facet normal 0 0 -1
    outer loop
      vertex 106.256 -10.8002 0
      vertex 75.531 52.9229 0
      vertex 75.7029 53.1372 0
    endloop
  endfacet
  facet normal 0 0 -1
    outer loop
      vertex 106.256 -10.8002 0
      vertex 75.3326 52.733 0
      vertex 75.531 52.9229 0
    endloop
  endfacet
  facet normal 0 0 -1
    outer loop
      vertex 106.256 -10.8002 0
      vertex 75.1111 52.5706 0
      vertex 75.3326 52.733 0
    endloop
  endfacet
  facet normal 0 0 -1
    outer loop
      vertex 106.256 -10.8002 0
      vertex 74.8702 52.4384 0
      vertex 75.1111 52.5706 0
    endloop
  endfacet
  facet normal 0 0 -1
    outer loop
      vertex 106.256 -10.8002 0
      vertex 74.6142 52.3389 0
      vertex 74.8702 52.4384 0
    endloop
  endfacet
  facet normal 0 0 -1
    outer loop
      vertex 106.256 -10.8002 0
      vertex 74.3474 52.2736 0
      vertex 74.6142 52.3389 0
    endloop
  endfacet
  facet normal 0 0 -1
    outer loop
      vertex 106.256 -10.8002 0
      vertex 74.0743 52.2437 0
      vertex 74.3474 52.2736 0
    endloop
  endfacet
  facet normal 0 0 -1
    outer loop
      vertex 106.256 -10.8002 0
      vertex 73.7997 52.2497 0
      vertex 74.0743 52.2437 0
    endloop
  endfacet
  facet normal -0 0 -1
    outer loop
      vertex 106.256 -10.8002 0
      vertex 35.31 -14.6178 0
      vertex 73.7997 52.2497 0
    endloop
  endfacet
  facet normal 0 0 -1
    outer loop
      vertex 35.1476 -14.3963 0
      vertex 73.7997 52.2497 0
      vertex 35.31 -14.6178 0
    endloop
  endfacet
  facet normal -0 0 -1
    outer loop
      vertex 73.7997 52.2497 0
      vertex 35.1476 -14.3963 0
      vertex 73.5282 52.2915 0
    endloop
  endfacet
  facet normal 0 0 -1
    outer loop
      vertex 34.9577 -14.1978 0
      vertex 73.5282 52.2915 0
      vertex 35.1476 -14.3963 0
    endloop
  endfacet
  facet normal -0 0 -1
    outer loop
      vertex 73.5282 52.2915 0
      vertex 34.9577 -14.1978 0
      vertex 73.2645 52.3683 0
    endloop
  endfacet
  facet normal 0 0 -1
    outer loop
      vertex 34.7434 -14.0259 0
      vertex 73.2645 52.3683 0
      vertex 34.9577 -14.1978 0
    endloop
  endfacet
  facet normal -0 0 -1
    outer loop
      vertex 73.2645 52.3683 0
      vertex 34.7434 -14.0259 0
      vertex 73.0131 52.479 0
    endloop
  endfacet
  facet normal 0 0 -1
    outer loop
      vertex 34.5086 -13.8834 0
      vertex 73.0131 52.479 0
      vertex 34.7434 -14.0259 0
    endloop
  endfacet
  facet normal -0 0 -1
    outer loop
      vertex 73.0131 52.479 0
      vertex 34.5086 -13.8834 0
      vertex 72.7782 52.6215 0
    endloop
  endfacet
  facet normal 0 0 -1
    outer loop
      vertex 34.2572 -13.7728 0
      vertex 72.7782 52.6215 0
      vertex 34.5086 -13.8834 0
    endloop
  endfacet
  facet normal 0 0 -1
    outer loop
      vertex 35.5417 -15.1146 0
      vertex 91.6352 -30.0829 0
      vertex 35.607 -15.3814 0
    endloop
  endfacet
  facet normal 0 0 -1
    outer loop
      vertex 35.607 -15.3814 0
      vertex 91.6352 -30.0829 0
      vertex 35.6369 -15.6545 0
    endloop
  endfacet
  facet normal 0 0 -1
    outer loop
      vertex 91.6352 -30.0829 0
      vertex 35.6309 -15.9291 0
      vertex 35.6369 -15.6545 0
    endloop
  endfacet
  facet normal 0 0 -1
    outer loop
      vertex 91.6352 -30.0829 0
      vertex 35.5891 -16.2006 0
      vertex 35.6309 -15.9291 0
    endloop
  endfacet
  facet normal 0 0 -1
    outer loop
      vertex 91.6352 -30.0829 0
      vertex 35.5123 -16.4643 0
      vertex 35.5891 -16.2006 0
    endloop
  endfacet
  facet normal 0 0 -1
    outer loop
      vertex 91.6352 -30.0829 0
      vertex 35.4016 -16.7158 0
      vertex 35.5123 -16.4643 0
    endloop
  endfacet
  facet normal 0 0 -1
    outer loop
      vertex 91.6352 -30.0829 0
      vertex 35.2591 -16.9506 0
      vertex 35.4016 -16.7158 0
    endloop
  endfacet
  facet normal 0 0 -1
    outer loop
      vertex 91.6352 -30.0829 0
      vertex 35.0872 -17.1648 0
      vertex 35.2591 -16.9506 0
    endloop
  endfacet
  facet normal 0 0 -1
    outer loop
      vertex 91.6352 -30.0829 0
      vertex 34.8888 -17.3548 0
      vertex 35.0872 -17.1648 0
    endloop
  endfacet
  facet normal 0 0 -1
    outer loop
      vertex 23.4556 -42.7753 0
      vertex 34.8888 -17.3548 0
      vertex 91.6352 -30.0829 0
    endloop
  endfacet
  facet normal 0 0 -1
    outer loop
      vertex 34.8888 -17.3548 0
      vertex 23.4556 -42.7753 0
      vertex 34.6672 -17.5172 0
    endloop
  endfacet
  facet normal 0 0 -1
    outer loop
      vertex 34.6672 -17.5172 0
      vertex 23.4556 -42.7753 0
      vertex 34.4264 -17.6494 0
    endloop
  endfacet
  facet normal 0 0 -1
    outer loop
      vertex 34.4264 -17.6494 0
      vertex 23.4556 -42.7753 0
      vertex 34.1704 -17.7489 0
    endloop
  endfacet
  facet normal 0 0 -1
    outer loop
      vertex 34.1704 -17.7489 0
      vertex 23.4556 -42.7753 0
      vertex 33.9036 -17.8142 0
    endloop
  endfacet
  facet normal 0 0 -1
    outer loop
      vertex 33.9036 -17.8142 0
      vertex 23.4556 -42.7753 0
      vertex 33.6305 -17.8441 0
    endloop
  endfacet
  facet normal -0 0 -1
    outer loop
      vertex 33.6305 -17.8441 0
      vertex 23.4556 -42.7753 0
      vertex 33.3559 -17.8381 0
    endloop
  endfacet
  facet normal -0 0 -1
    outer loop
      vertex 31.6357 -16.6336 0
      vertex 11.1 -42.8314 0
      vertex 31.5361 -16.3776 0
    endloop
  endfacet
  facet normal -0 0 -1
    outer loop
      vertex 31.7678 -16.8744 0
      vertex 11.1 -42.8314 0
      vertex 31.6357 -16.6336 0
    endloop
  endfacet
  facet normal 0 0 -1
    outer loop
      vertex 11.1 -42.8314 0
      vertex 31.7678 -16.8744 0
      vertex 22.6787 -42.8314 0
    endloop
  endfacet
  facet normal -0 0 -1
    outer loop
      vertex 31.9302 -17.096 0
      vertex 22.6787 -42.8314 0
      vertex 31.7678 -16.8744 0
    endloop
  endfacet
  facet normal -0 0 -1
    outer loop
      vertex 32.1202 -17.2944 0
      vertex 22.6787 -42.8314 0
      vertex 31.9302 -17.096 0
    endloop
  endfacet
  facet normal 0 0 -1
    outer loop
      vertex 22.6787 -42.8314 0
      vertex 32.1202 -17.2944 0
      vertex 23.4556 -42.7753 0
    endloop
  endfacet
  facet normal -0 0 -1
    outer loop
      vertex 32.3344 -17.4663 0
      vertex 23.4556 -42.7753 0
      vertex 32.1202 -17.2944 0
    endloop
  endfacet
  facet normal -0 0 -1
    outer loop
      vertex 32.5692 -17.6088 0
      vertex 23.4556 -42.7753 0
      vertex 32.3344 -17.4663 0
    endloop
  endfacet
  facet normal -0 0 -1
    outer loop
      vertex 32.8207 -17.7195 0
      vertex 23.4556 -42.7753 0
      vertex 32.5692 -17.6088 0
    endloop
  endfacet
  facet normal -0 0 -1
    outer loop
      vertex 33.0844 -17.7963 0
      vertex 23.4556 -42.7753 0
      vertex 32.8207 -17.7195 0
    endloop
  endfacet
  facet normal -0 0 -1
    outer loop
      vertex 33.3559 -17.8381 0
      vertex 23.4556 -42.7753 0
      vertex 33.0844 -17.7963 0
    endloop
  endfacet
  facet normal 0 0 -1
    outer loop
      vertex 118.233 -9.48616 0
      vertex 110.44 -11.1662 0
      vertex 110.446 -10.8916 0
    endloop
  endfacet
  facet normal 0 0 -1
    outer loop
      vertex 118.233 -9.48616 0
      vertex 110.399 -11.4377 0
      vertex 110.44 -11.1662 0
    endloop
  endfacet
  facet normal 0 0 -1
    outer loop
      vertex 118.233 -9.48616 0
      vertex 110.322 -11.7015 0
      vertex 110.399 -11.4377 0
    endloop
  endfacet
  facet normal 0 0 -1
    outer loop
      vertex 118.233 -9.48616 0
      vertex 110.211 -11.9529 0
      vertex 110.322 -11.7015 0
    endloop
  endfacet
  facet normal 0 0 -1
    outer loop
      vertex 118.233 -9.48616 0
      vertex 110.069 -12.1877 0
      vertex 110.211 -11.9529 0
    endloop
  endfacet
  facet normal 0 0 -1
    outer loop
      vertex 118.233 -9.48616 0
      vertex 109.897 -12.402 0
      vertex 110.069 -12.1877 0
    endloop
  endfacet
  facet normal 0 0 -1
    outer loop
      vertex 118.233 -9.48616 0
      vertex 109.698 -12.5919 0
      vertex 109.897 -12.402 0
    endloop
  endfacet
  facet normal 0 0 -1
    outer loop
      vertex 118.233 -9.48616 0
      vertex 109.477 -12.7543 0
      vertex 109.698 -12.5919 0
    endloop
  endfacet
  facet normal 0 0 -1
    outer loop
      vertex 118.233 -9.48616 0
      vertex 109.236 -12.8865 0
      vertex 109.477 -12.7543 0
    endloop
  endfacet
  facet normal 0 0 -1
    outer loop
      vertex 93.097 -29.4179 0
      vertex 109.236 -12.8865 0
      vertex 118.233 -9.48616 0
    endloop
  endfacet
  facet normal 0 0 -1
    outer loop
      vertex 107.584 60.7155 0
      vertex 106.034 62.8908 0
      vertex 106.215 62.7789 0
    endloop
  endfacet
  facet normal -0 0 -1
    outer loop
      vertex 107.599 60.6441 0
      vertex 76.0747 54.1587 0
      vertex 106.034 62.8908 0
    endloop
  endfacet
  facet normal 0 0 -1
    outer loop
      vertex 76.0747 54.1587 0
      vertex 104.534 63.3152 0
      vertex 106.034 62.8908 0
    endloop
  endfacet
  facet normal 0 0 -1
    outer loop
      vertex 106.034 62.8908 0
      vertex 104.534 63.3152 0
      vertex 105.908 62.9595 0
    endloop
  endfacet
  facet normal 0 0 -1
    outer loop
      vertex 105.908 62.9595 0
      vertex 104.534 63.3152 0
      vertex 105.715 63.0511 0
    endloop
  endfacet
  facet normal 0 0 -1
    outer loop
      vertex 105.715 63.0511 0
      vertex 104.534 63.3152 0
      vertex 105.579 63.1066 0
    endloop
  endfacet
  facet normal 0 0 -1
    outer loop
      vertex 105.579 63.1066 0
      vertex 104.534 63.3152 0
      vertex 105.379 63.1755 0
    endloop
  endfacet
  facet normal 0 0 -1
    outer loop
      vertex 105.238 63.2154 0
      vertex 104.534 63.3152 0
      vertex 105.03 63.2616 0
    endloop
  endfacet
  facet normal 0 0 -1
    outer loop
      vertex 105.03 63.2616 0
      vertex 104.534 63.3152 0
      vertex 104.886 63.2851 0
    endloop
  endfacet
  facet normal 0 0 -1
    outer loop
      vertex 104.886 63.2851 0
      vertex 104.534 63.3152 0
      vertex 104.671 63.308 0
    endloop
  endfacet
  facet normal 0 0 -1
    outer loop
      vertex 109.236 -12.8865 0
      vertex 93.097 -29.4179 0
      vertex 108.98 -12.986 0
    endloop
  endfacet
  facet normal 0 0 -1
    outer loop
      vertex 93.097 -29.4179 0
      vertex 108.713 -13.0513 0
      vertex 108.98 -12.986 0
    endloop
  endfacet
  facet normal 0 0 -1
    outer loop
      vertex 93.097 -29.4179 0
      vertex 108.44 -13.0812 0
      vertex 108.713 -13.0513 0
    endloop
  endfacet
  facet normal 0 0 -1
    outer loop
      vertex 93.097 -29.4179 0
      vertex 108.165 -13.0752 0
      vertex 108.44 -13.0812 0
    endloop
  endfacet
  facet normal 0 0 -1
    outer loop
      vertex 93.097 -29.4179 0
      vertex 107.894 -13.0334 0
      vertex 108.165 -13.0752 0
    endloop
  endfacet
  facet normal 0 0 -1
    outer loop
      vertex 93.097 -29.4179 0
      vertex 107.63 -12.9566 0
      vertex 107.894 -13.0334 0
    endloop
  endfacet
  facet normal 0 0 -1
    outer loop
      vertex 93.097 -29.4179 0
      vertex 107.379 -12.8459 0
      vertex 107.63 -12.9566 0
    endloop
  endfacet
  facet normal 0 0 -1
    outer loop
      vertex 93.097 -29.4179 0
      vertex 107.144 -12.7034 0
      vertex 107.379 -12.8459 0
    endloop
  endfacet
  facet normal 0 0 -1
    outer loop
      vertex 93.097 -29.4179 0
      vertex 106.93 -12.5315 0
      vertex 107.144 -12.7034 0
    endloop
  endfacet
  facet normal 0 0 -1
    outer loop
      vertex 93.097 -29.4179 0
      vertex 106.74 -12.3331 0
      vertex 106.93 -12.5315 0
    endloop
  endfacet
  facet normal 0 0 -1
    outer loop
      vertex 93.097 -29.4179 0
      vertex 106.577 -12.1115 0
      vertex 106.74 -12.3331 0
    endloop
  endfacet
  facet normal 0 0 -1
    outer loop
      vertex 93.097 -29.4179 0
      vertex 106.445 -11.8707 0
      vertex 106.577 -12.1115 0
    endloop
  endfacet
  facet normal 0 0 -1
    outer loop
      vertex 93.097 -29.4179 0
      vertex 106.346 -11.6147 0
      vertex 106.445 -11.8707 0
    endloop
  endfacet
  facet normal 0 0 -1
    outer loop
      vertex 93.097 -29.4179 0
      vertex 106.28 -11.3479 0
      vertex 106.346 -11.6147 0
    endloop
  endfacet
  facet normal 0 0 -1
    outer loop
      vertex 93.097 -29.4179 0
      vertex 106.25 -11.0748 0
      vertex 106.28 -11.3479 0
    endloop
  endfacet
  facet normal 0 0 -1
    outer loop
      vertex 106.256 -10.8002 0
      vertex 93.097 -29.4179 0
      vertex 91.6352 -30.0829 0
    endloop
  endfacet
  facet normal 0 0 -1
    outer loop
      vertex 91.6352 -30.0829 0
      vertex 93.097 -29.4179 0
      vertex 93.0339 -29.4648 0
    endloop
  endfacet
  facet normal 0 0 -1
    outer loop
      vertex 91.7132 -30.0659 0
      vertex 93.0339 -29.4648 0
      vertex 92.8179 -29.6158 0
    endloop
  endfacet
  facet normal 0 0 -1
    outer loop
      vertex 91.7132 -30.0659 0
      vertex 92.8179 -29.6158 0
      vertex 92.6812 -29.6993 0
    endloop
  endfacet
  facet normal 0 0 -1
    outer loop
      vertex 91.7132 -30.0659 0
      vertex 92.6812 -29.6993 0
      vertex 92.4783 -29.8067 0
    endloop
  endfacet
  facet normal 0 0 -1
    outer loop
      vertex 91.7132 -30.0659 0
      vertex 92.4783 -29.8067 0
      vertex 92.334 -29.8721 0
    endloop
  endfacet
  facet normal 0 0 -1
    outer loop
      vertex 91.7132 -30.0659 0
      vertex 92.334 -29.8721 0
      vertex 92.1172 -29.9549 0
    endloop
  endfacet
  facet normal 0 0 -1
    outer loop
      vertex 91.7132 -30.0659 0
      vertex 92.1172 -29.9549 0
      vertex 91.9701 -30.0013 0
    endloop
  endfacet
  facet normal 0 0 -1
    outer loop
      vertex 93.0339 -29.4648 0
      vertex 91.7132 -30.0659 0
      vertex 91.6352 -30.0829 0
    endloop
  endfacet
  facet normal 0 0 -1
    outer loop
      vertex 35.4422 -14.8586 0
      vertex 106.256 -10.8002 0
      vertex 91.6352 -30.0829 0
    endloop
  endfacet
  facet normal 0 0 -1
    outer loop
      vertex 105.379 63.1755 0
      vertex 104.534 63.3152 0
      vertex 105.238 63.2154 0
    endloop
  endfacet
  facet normal 0 0 -1
    outer loop
      vertex 76.0508 54.7063 0
      vertex 104.534 63.3152 0
      vertex 76.0807 54.4333 0
    endloop
  endfacet
  facet normal 0 0 -1
    outer loop
      vertex 75.9855 54.9732 0
      vertex 104.534 63.3152 0
      vertex 76.0508 54.7063 0
    endloop
  endfacet
  facet normal 0 0 -1
    outer loop
      vertex 75.886 55.2292 0
      vertex 104.534 63.3152 0
      vertex 75.9855 54.9732 0
    endloop
  endfacet
  facet normal 0 0 -1
    outer loop
      vertex 75.7539 55.47 0
      vertex 104.534 63.3152 0
      vertex 75.886 55.2292 0
    endloop
  endfacet
  facet normal 0 0 -1
    outer loop
      vertex 75.5914 55.6915 0
      vertex 104.534 63.3152 0
      vertex 75.7539 55.47 0
    endloop
  endfacet
  facet normal 0 0 -1
    outer loop
      vertex 75.4015 55.89 0
      vertex 104.534 63.3152 0
      vertex 75.5914 55.6915 0
    endloop
  endfacet
  facet normal 0 0 -1
    outer loop
      vertex 75.1872 56.0619 0
      vertex 104.534 63.3152 0
      vertex 75.4015 55.89 0
    endloop
  endfacet
  facet normal 0 0 -1
    outer loop
      vertex 74.9524 56.2044 0
      vertex 104.534 63.3152 0
      vertex 75.1872 56.0619 0
    endloop
  endfacet
  facet normal 0 0 -1
    outer loop
      vertex 74.701 56.315 0
      vertex 104.534 63.3152 0
      vertex 74.9524 56.2044 0
    endloop
  endfacet
  facet normal 0 0 -1
    outer loop
      vertex 74.4373 56.3919 0
      vertex 104.534 63.3152 0
      vertex 74.701 56.315 0
    endloop
  endfacet
  facet normal 0 0 -1
    outer loop
      vertex 74.1658 56.4337 0
      vertex 104.534 63.3152 0
      vertex 74.4373 56.3919 0
    endloop
  endfacet
  facet normal 0 0 -1
    outer loop
      vertex 73.8911 56.4397 0
      vertex 104.534 63.3152 0
      vertex 74.1658 56.4337 0
    endloop
  endfacet
  facet normal 0 0 -1
    outer loop
      vertex 73.6181 56.4098 0
      vertex 104.534 63.3152 0
      vertex 73.8911 56.4397 0
    endloop
  endfacet
  facet normal 0 0 -1
    outer loop
      vertex 35.4422 -14.8586 0
      vertex 91.6352 -30.0829 0
      vertex 35.5417 -15.1146 0
    endloop
  endfacet
  facet normal 0 0 -1
    outer loop
      vertex 106.256 -10.8002 0
      vertex 35.4422 -14.8586 0
      vertex 35.31 -14.6178 0
    endloop
  endfacet
  facet normal -0 0 -1
    outer loop
      vertex 72.7782 52.6215 0
      vertex 34.2572 -13.7728 0
      vertex 72.564 52.7934 0
    endloop
  endfacet
  facet normal 0 0 -1
    outer loop
      vertex 33.9934 -13.6959 0
      vertex 72.564 52.7934 0
      vertex 34.2572 -13.7728 0
    endloop
  endfacet
  facet normal -0 0 -1
    outer loop
      vertex 72.564 52.7934 0
      vertex 33.9934 -13.6959 0
      vertex 72.374 52.9918 0
    endloop
  endfacet
  facet normal 0 0 -1
    outer loop
      vertex 33.7219 -13.6541 0
      vertex 72.374 52.9918 0
      vertex 33.9934 -13.6959 0
    endloop
  endfacet
  facet normal -0 0 -1
    outer loop
      vertex 72.374 52.9918 0
      vertex 33.7219 -13.6541 0
      vertex 72.2116 53.2134 0
    endloop
  endfacet
  facet normal 0 0 -1
    outer loop
      vertex 11.1 63.3152 0
      vertex 72.2116 53.2134 0
      vertex 33.7219 -13.6541 0
    endloop
  endfacet
  facet normal 0 0 -1
    outer loop
      vertex 72.2116 53.2134 0
      vertex 11.1 63.3152 0
      vertex 72.0795 53.4542 0
    endloop
  endfacet
  facet normal 0 0 -1
    outer loop
      vertex 72.0795 53.4542 0
      vertex 11.1 63.3152 0
      vertex 71.9799 53.7102 0
    endloop
  endfacet
  facet normal 0 0 -1
    outer loop
      vertex 71.9799 53.7102 0
      vertex 11.1 63.3152 0
      vertex 71.9146 53.977 0
    endloop
  endfacet
  facet normal 0 0 -1
    outer loop
      vertex 71.9146 53.977 0
      vertex 11.1 63.3152 0
      vertex 71.8847 54.2501 0
    endloop
  endfacet
  facet normal 0 0 -1
    outer loop
      vertex 71.8847 54.2501 0
      vertex 11.1 63.3152 0
      vertex 71.8907 54.5247 0
    endloop
  endfacet
  facet normal 0 0 -1
    outer loop
      vertex 71.8907 54.5247 0
      vertex 11.1 63.3152 0
      vertex 71.9325 54.7962 0
    endloop
  endfacet
  facet normal 0 0 -1
    outer loop
      vertex 71.9325 54.7962 0
      vertex 11.1 63.3152 0
      vertex 72.0094 55.0599 0
    endloop
  endfacet
  facet normal 0 0 -1
    outer loop
      vertex 11.1 63.3152 0
      vertex 33.7219 -13.6541 0
      vertex 33.4473 -13.6481 0
    endloop
  endfacet
  facet normal 0 0 -1
    outer loop
      vertex 11.1 63.3152 0
      vertex 33.4473 -13.6481 0
      vertex 33.1743 -13.678 0
    endloop
  endfacet
  facet normal 0 0 -1
    outer loop
      vertex 11.1 63.3152 0
      vertex 33.1743 -13.678 0
      vertex 32.9074 -13.7433 0
    endloop
  endfacet
  facet normal 0 0 -1
    outer loop
      vertex 11.1 63.3152 0
      vertex 32.9074 -13.7433 0
      vertex 32.6514 -13.8429 0
    endloop
  endfacet
  facet normal 0 0 -1
    outer loop
      vertex 11.1 63.3152 0
      vertex 32.6514 -13.8429 0
      vertex 32.4106 -13.975 0
    endloop
  endfacet
  facet normal 0 0 -1
    outer loop
      vertex 11.1 63.3152 0
      vertex 32.4106 -13.975 0
      vertex 32.1891 -14.1374 0
    endloop
  endfacet
  facet normal 0 0 -1
    outer loop
      vertex 11.1 63.3152 0
      vertex 32.1891 -14.1374 0
      vertex 31.9906 -14.3274 0
    endloop
  endfacet
  facet normal 0 0 -1
    outer loop
      vertex 11.1 63.3152 0
      vertex 31.9906 -14.3274 0
      vertex 31.8187 -14.5416 0
    endloop
  endfacet
  facet normal 0 0 -1
    outer loop
      vertex 11.1 63.3152 0
      vertex 31.8187 -14.5416 0
      vertex 31.6762 -14.7764 0
    endloop
  endfacet
  facet normal -0 0 -1
    outer loop
      vertex 31.5361 -16.3776 0
      vertex 11.1 -42.8314 0
      vertex 31.4708 -16.1108 0
    endloop
  endfacet
  facet normal -0 0 -1
    outer loop
      vertex 31.4708 -16.1108 0
      vertex 11.1 -42.8314 0
      vertex 31.4409 -15.8377 0
    endloop
  endfacet
  facet normal -0 0 -1
    outer loop
      vertex 31.4409 -15.8377 0
      vertex 11.1 -42.8314 0
      vertex 31.4469 -15.5631 0
    endloop
  endfacet
  facet normal 0 0 -1
    outer loop
      vertex 22.6909 -42.8313 0
      vertex 23.4556 -42.7753 0
      vertex 23.3779 -42.7874 0
    endloop
  endfacet
  facet normal 0 0 -1
    outer loop
      vertex 22.6909 -42.8313 0
      vertex 23.3779 -42.7874 0
      vertex 23.1234 -42.819 0
    endloop
  endfacet
  facet normal 0 0 -1
    outer loop
      vertex 22.6909 -42.8313 0
      vertex 23.1234 -42.819 0
      vertex 22.9753 -42.8288 0
    endloop
  endfacet
  facet normal 0 0 -1
    outer loop
      vertex 23.4556 -42.7753 0
      vertex 22.6909 -42.8313 0
      vertex 22.6787 -42.8314 0
    endloop
  endfacet
  facet normal -0 0 -1
    outer loop
      vertex 31.4469 -15.5631 0
      vertex 11.1 -42.8314 0
      vertex 31.4887 -15.2916 0
    endloop
  endfacet
  facet normal -0 0 -1
    outer loop
      vertex 31.4887 -15.2916 0
      vertex 11.1 -42.8314 0
      vertex 31.5656 -15.0279 0
    endloop
  endfacet
  facet normal 0 0 -1
    outer loop
      vertex 11.1 63.3152 0
      vertex 31.5656 -15.0279 0
      vertex 11.1 -42.8314 0
    endloop
  endfacet
  facet normal 0 0 -1
    outer loop
      vertex 31.5656 -15.0279 0
      vertex 11.1 63.3152 0
      vertex 31.6762 -14.7764 0
    endloop
  endfacet
  facet normal 0 0 -1
    outer loop
      vertex 72.0094 55.0599 0
      vertex 11.1 63.3152 0
      vertex 72.12 55.3114 0
    endloop
  endfacet
  facet normal 0 0 -1
    outer loop
      vertex 73.6181 56.4098 0
      vertex 11.1 63.3152 0
      vertex 104.534 63.3152 0
    endloop
  endfacet
  facet normal 0 0 -1
    outer loop
      vertex 73.3512 56.3445 0
      vertex 11.1 63.3152 0
      vertex 73.6181 56.4098 0
    endloop
  endfacet
  facet normal 0 0 -1
    outer loop
      vertex 73.0952 56.2449 0
      vertex 11.1 63.3152 0
      vertex 73.3512 56.3445 0
    endloop
  endfacet
  facet normal 0 0 -1
    outer loop
      vertex 72.8544 56.1128 0
      vertex 11.1 63.3152 0
      vertex 73.0952 56.2449 0
    endloop
  endfacet
  facet normal 0 0 -1
    outer loop
      vertex 72.6329 55.9504 0
      vertex 11.1 63.3152 0
      vertex 72.8544 56.1128 0
    endloop
  endfacet
  facet normal 0 0 -1
    outer loop
      vertex 72.4344 55.7604 0
      vertex 11.1 63.3152 0
      vertex 72.6329 55.9504 0
    endloop
  endfacet
  facet normal 0 0 -1
    outer loop
      vertex 72.2625 55.5462 0
      vertex 11.1 63.3152 0
      vertex 72.4344 55.7604 0
    endloop
  endfacet
  facet normal 0 0 -1
    outer loop
      vertex 72.12 55.3114 0
      vertex 11.1 63.3152 0
      vertex 72.2625 55.5462 0
    endloop
  endfacet
  facet normal 0 0 -1
    outer loop
      vertex 119.464 -7.08624 0
      vertex 119.457 -6.70422 0
      vertex 119.465 -6.86171 0
    endloop
  endfacet
  facet normal 0 0 -1
    outer loop
      vertex 119.454 -7.24248 0
      vertex 119.457 -6.70422 0
      vertex 119.464 -7.08624 0
    endloop
  endfacet
  facet normal 0 0 -1
    outer loop
      vertex 119.454 -7.24248 0
      vertex 119.427 -6.44647 0
      vertex 119.457 -6.70422 0
    endloop
  endfacet
  facet normal 0 0 -1
    outer loop
      vertex 119.425 -7.46808 0
      vertex 119.427 -6.44647 0
      vertex 119.454 -7.24248 0
    endloop
  endfacet
  facet normal 0 0 -1
    outer loop
      vertex 119.397 -7.61745 0
      vertex 119.427 -6.44647 0
      vertex 119.425 -7.46808 0
    endloop
  endfacet
  facet normal 0 0 -1
    outer loop
      vertex 119.343 -7.8387 0
      vertex 119.427 -6.44647 0
      vertex 119.397 -7.61745 0
    endloop
  endfacet
  facet normal 0 0 -1
    outer loop
      vertex 119.297 -7.98575 0
      vertex 119.427 -6.44647 0
      vertex 119.343 -7.8387 0
    endloop
  endfacet
  facet normal 0 0 -1
    outer loop
      vertex 119.217 -8.19753 0
      vertex 119.427 -6.44647 0
      vertex 119.297 -7.98575 0
    endloop
  endfacet
  facet normal 0 0 -1
    outer loop
      vertex 119.152 -8.34079 0
      vertex 119.427 -6.44647 0
      vertex 119.217 -8.19753 0
    endloop
  endfacet
  facet normal 0 0 -1
    outer loop
      vertex 119.048 -8.54079 0
      vertex 119.427 -6.44647 0
      vertex 119.152 -8.34079 0
    endloop
  endfacet
  facet normal 0 0 -1
    outer loop
      vertex 118.967 -8.67479 0
      vertex 119.427 -6.44647 0
      vertex 119.048 -8.54079 0
    endloop
  endfacet
  facet normal 0 0 -1
    outer loop
      vertex 118.838 -8.86218 0
      vertex 119.427 -6.44647 0
      vertex 118.967 -8.67479 0
    endloop
  endfacet
  facet normal 0 0 -1
    outer loop
      vertex 118.745 -8.98143 0
      vertex 119.427 -6.44647 0
      vertex 118.838 -8.86218 0
    endloop
  endfacet
  facet normal 0 0 -1
    outer loop
      vertex 118.595 -9.15208 0
      vertex 119.427 -6.44647 0
      vertex 118.745 -8.98143 0
    endloop
  endfacet
  facet normal 0 0 -1
    outer loop
      vertex 118.484 -9.26436 0
      vertex 119.427 -6.44647 0
      vertex 118.595 -9.15208 0
    endloop
  endfacet
  facet normal 0 0 -1
    outer loop
      vertex 118.291 -9.43713 0
      vertex 119.427 -6.44647 0
      vertex 118.484 -9.26436 0
    endloop
  endfacet
  facet normal -0 0 -1
    outer loop
      vertex 119.427 -6.44647 0
      vertex 118.291 -9.43713 0
      vertex 119.416 -6.37114 0
    endloop
  endfacet
  facet normal 0 0 -1
    outer loop
      vertex 118.233 -9.48616 0
      vertex 119.416 -6.37114 0
      vertex 118.291 -9.43713 0
    endloop
  endfacet
  facet normal 0 0 -1
    outer loop
      vertex 110.416 -10.6186 0
      vertex 118.233 -9.48616 0
      vertex 110.446 -10.8916 0
    endloop
  endfacet
  facet normal 0 0 -1
    outer loop
      vertex 110.351 -10.3517 0
      vertex 118.233 -9.48616 0
      vertex 110.416 -10.6186 0
    endloop
  endfacet
  facet normal 0 0 -1
    outer loop
      vertex 110.252 -10.0957 0
      vertex 118.233 -9.48616 0
      vertex 110.351 -10.3517 0
    endloop
  endfacet
  facet normal 0 0 -1
    outer loop
      vertex 110.119 -9.85489 0
      vertex 118.233 -9.48616 0
      vertex 110.252 -10.0957 0
    endloop
  endfacet
  facet normal 0 0 -1
    outer loop
      vertex 109.957 -9.63337 0
      vertex 118.233 -9.48616 0
      vertex 110.119 -9.85489 0
    endloop
  endfacet
  facet normal -0 0 -1
    outer loop
      vertex 118.233 -9.48616 0
      vertex 109.957 -9.63337 0
      vertex 119.416 -6.37114 0
    endloop
  endfacet
  facet normal 0 0 -1
    outer loop
      vertex 109.767 -9.43494 0
      vertex 119.416 -6.37114 0
      vertex 109.957 -9.63337 0
    endloop
  endfacet
  facet normal 0 0 -1
    outer loop
      vertex 109.553 -9.263 0
      vertex 119.416 -6.37114 0
      vertex 109.767 -9.43494 0
    endloop
  endfacet
  facet normal 0 0 -1
    outer loop
      vertex 109.318 -9.1205 0
      vertex 119.416 -6.37114 0
      vertex 109.553 -9.263 0
    endloop
  endfacet
  facet normal 0 0 -1
    outer loop
      vertex 109.067 -9.00987 0
      vertex 119.416 -6.37114 0
      vertex 109.318 -9.1205 0
    endloop
  endfacet
  facet normal 0 0 -1
    outer loop
      vertex 108.803 -8.933 0
      vertex 119.416 -6.37114 0
      vertex 109.067 -9.00987 0
    endloop
  endfacet
  facet normal 0 0 -1
    outer loop
      vertex 108.531 -8.89121 0
      vertex 119.416 -6.37114 0
      vertex 108.803 -8.933 0
    endloop
  endfacet
  facet normal 0 0 -1
    outer loop
      vertex 108.257 -8.88522 0
      vertex 119.416 -6.37114 0
      vertex 108.531 -8.89121 0
    endloop
  endfacet
  facet normal 0 0 -1
    outer loop
      vertex 107.599 60.6441 0
      vertex 108.257 -8.88522 0
      vertex 107.984 -8.91512 0
    endloop
  endfacet
  facet normal 0 0 -1
    outer loop
      vertex 108.257 -8.88522 0
      vertex 107.599 60.6441 0
      vertex 119.416 -6.37114 0
    endloop
  endfacet
  facet normal 0 0 -1
    outer loop
      vertex 107.717 -8.98041 0
      vertex 107.599 60.6441 0
      vertex 107.984 -8.91512 0
    endloop
  endfacet
  facet normal 0 0 -1
    outer loop
      vertex 76.0747 54.1587 0
      vertex 107.717 -8.98041 0
      vertex 107.461 -9.07997 0
    endloop
  endfacet
  facet normal 0 0 -1
    outer loop
      vertex 76.0747 54.1587 0
      vertex 107.461 -9.07997 0
      vertex 107.22 -9.2121 0
    endloop
  endfacet
  facet normal 0 0 -1
    outer loop
      vertex 76.0747 54.1587 0
      vertex 107.22 -9.2121 0
      vertex 106.999 -9.37453 0
    endloop
  endfacet
  facet normal 0 0 -1
    outer loop
      vertex 76.0747 54.1587 0
      vertex 106.999 -9.37453 0
      vertex 106.8 -9.56448 0
    endloop
  endfacet
  facet normal 0 0 -1
    outer loop
      vertex 76.0747 54.1587 0
      vertex 106.8 -9.56448 0
      vertex 106.628 -9.77871 0
    endloop
  endfacet
  facet normal 0 0 -1
    outer loop
      vertex 107.717 -8.98041 0
      vertex 76.0747 54.1587 0
      vertex 107.599 60.6441 0
    endloop
  endfacet
  facet normal 0 0 -1
    outer loop
      vertex 106.034 62.8908 0
      vertex 107.584 60.7155 0
      vertex 107.599 60.6441 0
    endloop
  endfacet
  facet normal 0 0 -1
    outer loop
      vertex 107.584 60.7155 0
      vertex 106.215 62.7789 0
      vertex 107.528 60.9537 0
    endloop
  endfacet
  facet normal 0 0 -1
    outer loop
      vertex 107.488 61.0916 0
      vertex 106.215 62.7789 0
      vertex 107.416 61.2926 0
    endloop
  endfacet
  facet normal 0 0 -1
    outer loop
      vertex 107.416 61.2926 0
      vertex 106.215 62.7789 0
      vertex 107.359 61.4285 0
    endloop
  endfacet
  facet normal 0 0 -1
    outer loop
      vertex 107.359 61.4285 0
      vertex 106.215 62.7789 0
      vertex 107.266 61.6183 0
    endloop
  endfacet
  facet normal 0 0 -1
    outer loop
      vertex 107.266 61.6183 0
      vertex 106.215 62.7789 0
      vertex 107.194 61.7464 0
    endloop
  endfacet
  facet normal 0 0 -1
    outer loop
      vertex 107.08 61.9254 0
      vertex 106.215 62.7789 0
      vertex 106.994 62.0445 0
    endloop
  endfacet
  facet normal 0 0 -1
    outer loop
      vertex 107.194 61.7464 0
      vertex 106.215 62.7789 0
      vertex 107.08 61.9254 0
    endloop
  endfacet
  facet normal 0 0 -1
    outer loop
      vertex 106.994 62.0445 0
      vertex 106.215 62.7789 0
      vertex 106.861 62.2094 0
    endloop
  endfacet
  facet normal 0 0 -1
    outer loop
      vertex 107.528 60.9537 0
      vertex 106.215 62.7789 0
      vertex 107.488 61.0916 0
    endloop
  endfacet
  facet normal 0 0 -1
    outer loop
      vertex 106.861 62.2094 0
      vertex 106.215 62.7789 0
      vertex 106.763 62.3172 0
    endloop
  endfacet
  facet normal 0 0 -1
    outer loop
      vertex 106.763 62.3172 0
      vertex 106.215 62.7789 0
      vertex 106.61 62.4675 0
    endloop
  endfacet
  facet normal 0 0 -1
    outer loop
      vertex 76.0747 54.1587 0
      vertex 106.628 -9.77871 0
      vertex 106.486 -10.0135 0
    endloop
  endfacet
  facet normal 0 0 -1
    outer loop
      vertex 76.0747 54.1587 0
      vertex 106.486 -10.0135 0
      vertex 106.375 -10.265 0
    endloop
  endfacet
  facet normal 0 0 -1
    outer loop
      vertex 106.61 62.4675 0
      vertex 106.215 62.7789 0
      vertex 106.503 62.5621 0
    endloop
  endfacet
  facet normal 0 0 -1
    outer loop
      vertex 76.0747 54.1587 0
      vertex 106.375 -10.265 0
      vertex 106.298 -10.5287 0
    endloop
  endfacet
  facet normal 0 0 -1
    outer loop
      vertex 76.0747 54.1587 0
      vertex 106.298 -10.5287 0
      vertex 106.256 -10.8002 0
    endloop
  endfacet
  facet normal 0 0 -1
    outer loop
      vertex 93.097 -29.4179 0
      vertex 106.256 -10.8002 0
      vertex 106.25 -11.0748 0
    endloop
  endfacet
  facet normal 0 0 -1
    outer loop
      vertex 106.503 62.5621 0
      vertex 106.215 62.7789 0
      vertex 106.336 62.6941 0
    endloop
  endfacet
  facet normal 0.0660271 -0.997818 0
    outer loop
      vertex 22.9753 -42.8288 0
      vertex 23.1234 -42.819 1.4
      vertex 22.9753 -42.8288 1.4
    endloop
  endfacet
  facet normal 0.0660271 -0.997818 0
    outer loop
      vertex 23.1234 -42.819 1.4
      vertex 22.9753 -42.8288 0
      vertex 23.1234 -42.819 0
    endloop
  endfacet
  facet normal 0.666979 -0.745077 0
    outer loop
      vertex 118.291 -9.43713 0
      vertex 118.484 -9.26436 1.4
      vertex 118.291 -9.43713 1.4
    endloop
  endfacet
  facet normal 0.666979 -0.745077 0
    outer loop
      vertex 118.484 -9.26436 1.4
      vertex 118.291 -9.43713 0
      vertex 118.484 -9.26436 0
    endloop
  endfacet
  facet normal 0.573916 0.818914 -0
    outer loop
      vertex 106.336 62.6941 0
      vertex 106.215 62.7789 1.4
      vertex 106.336 62.6941 1.4
    endloop
  endfacet
  facet normal 0.573916 0.818914 0
    outer loop
      vertex 106.215 62.7789 1.4
      vertex 106.336 62.6941 0
      vertex 106.215 62.7789 0
    endloop
  endfacet
  facet normal 0.971483 -0.237108 0
    outer loop
      vertex 119.343 -7.8387 1.4
      vertex 119.397 -7.61745 0
      vertex 119.397 -7.61745 1.4
    endloop
  endfacet
  facet normal 0.971483 -0.237108 0
    outer loop
      vertex 119.397 -7.61745 0
      vertex 119.343 -7.8387 1.4
      vertex 119.343 -7.8387 0
    endloop
  endfacet
  facet normal 0.993295 0.115611 0
    outer loop
      vertex 119.457 -6.70422 1.4
      vertex 119.427 -6.44647 0
      vertex 119.427 -6.44647 1.4
    endloop
  endfacet
  facet normal 0.993295 0.115611 0
    outer loop
      vertex 119.427 -6.44647 0
      vertex 119.457 -6.70422 1.4
      vertex 119.457 -6.70422 0
    endloop
  endfacet
  facet normal 0.751089 -0.660201 0
    outer loop
      vertex 118.595 -9.15208 1.4
      vertex 118.745 -8.98143 0
      vertex 118.745 -8.98143 1.4
    endloop
  endfacet
  facet normal 0.751089 -0.660201 0
    outer loop
      vertex 118.745 -8.98143 0
      vertex 118.595 -9.15208 1.4
      vertex 118.595 -9.15208 0
    endloop
  endfacet
  facet normal 0.412804 -0.91082 0
    outer loop
      vertex 92.334 -29.8721 0
      vertex 92.4783 -29.8067 1.4
      vertex 92.334 -29.8721 1.4
    endloop
  endfacet
  facet normal 0.412804 -0.91082 0
    outer loop
      vertex 92.4783 -29.8067 1.4
      vertex 92.334 -29.8721 0
      vertex 92.4783 -29.8067 0
    endloop
  endfacet
  facet normal 0.645582 -0.763691 0
    outer loop
      vertex 118.233 -9.48616 0
      vertex 118.291 -9.43713 1.4
      vertex 118.233 -9.48616 1.4
    endloop
  endfacet
  facet normal 0.645582 -0.763691 0
    outer loop
      vertex 118.291 -9.43713 1.4
      vertex 118.233 -9.48616 0
      vertex 118.291 -9.43713 0
    endloop
  endfacet
  facet normal 0.97346 0.228857 0
    outer loop
      vertex 107.584 60.7155 1.4
      vertex 107.528 60.9537 0
      vertex 107.528 60.9537 1.4
    endloop
  endfacet
  facet normal 0.97346 0.228857 0
    outer loop
      vertex 107.528 60.9537 0
      vertex 107.584 60.7155 1.4
      vertex 107.584 60.7155 0
    endloop
  endfacet
  facet normal 0.978637 0.205596 0
    outer loop
      vertex 107.599 60.6441 1.4
      vertex 107.584 60.7155 0
      vertex 107.584 60.7155 1.4
    endloop
  endfacet
  facet normal 0.978637 0.205596 0
    outer loop
      vertex 107.584 60.7155 0
      vertex 107.599 60.6441 1.4
      vertex 107.599 60.6441 0
    endloop
  endfacet
  facet normal 0.887217 -0.461353 0
    outer loop
      vertex 119.048 -8.54079 1.4
      vertex 119.152 -8.34079 0
      vertex 119.152 -8.34079 1.4
    endloop
  endfacet
  facet normal 0.887217 -0.461353 0
    outer loop
      vertex 119.152 -8.34079 0
      vertex 119.048 -8.54079 1.4
      vertex 119.048 -8.54079 0
    endloop
  endfacet
  facet normal 0.572953 -0.819588 0
    outer loop
      vertex 92.8179 -29.6158 0
      vertex 93.0339 -29.4648 1.4
      vertex 92.8179 -29.6158 1.4
    endloop
  endfacet
  facet normal 0.572953 -0.819588 0
    outer loop
      vertex 93.0339 -29.4648 1.4
      vertex 92.8179 -29.6158 0
      vertex 93.0339 -29.4648 0
    endloop
  endfacet
  facet normal 0.42877 0.903414 -0
    outer loop
      vertex 105.908 62.9595 0
      vertex 105.715 63.0511 1.4
      vertex 105.908 62.9595 1.4
    endloop
  endfacet
  facet normal 0.42877 0.903414 0
    outer loop
      vertex 105.715 63.0511 1.4
      vertex 105.908 62.9595 0
      vertex 105.715 63.0511 0
    endloop
  endfacet
  facet normal 0.910649 -0.41318 0
    outer loop
      vertex 119.152 -8.34079 1.4
      vertex 119.217 -8.19753 0
      vertex 119.217 -8.19753 1.4
    endloop
  endfacet
  facet normal 0.910649 -0.41318 0
    outer loop
      vertex 119.217 -8.19753 0
      vertex 119.152 -8.34079 1.4
      vertex 119.152 -8.34079 0
    endloop
  endfacet
  facet normal 0 0 1
    outer loop
      vertex 107.657 -8.78967 1.4
      vertex 75.2185 52.4019 1.4
      vertex 107.376 -8.89871 1.4
    endloop
  endfacet
  facet normal -0 0 1
    outer loop
      vertex 74.9548 52.2572 1.4
      vertex 107.376 -8.89871 1.4
      vertex 75.2185 52.4019 1.4
    endloop
  endfacet
  facet normal 0 0 1
    outer loop
      vertex 107.376 -8.89871 1.4
      vertex 74.9548 52.2572 1.4
      vertex 107.113 -9.04342 1.4
    endloop
  endfacet
  facet normal -0 0 1
    outer loop
      vertex 74.6744 52.1481 1.4
      vertex 107.113 -9.04342 1.4
      vertex 74.9548 52.2572 1.4
    endloop
  endfacet
  facet normal 0 0 1
    outer loop
      vertex 107.113 -9.04342 1.4
      vertex 74.6744 52.1481 1.4
      vertex 106.87 -9.22132 1.4
    endloop
  endfacet
  facet normal -0 0 1
    outer loop
      vertex 74.3821 52.0766 1.4
      vertex 106.87 -9.22132 1.4
      vertex 74.6744 52.1481 1.4
    endloop
  endfacet
  facet normal 0 0 1
    outer loop
      vertex 106.87 -9.22132 1.4
      vertex 74.3821 52.0766 1.4
      vertex 106.653 -9.42936 1.4
    endloop
  endfacet
  facet normal -0 0 1
    outer loop
      vertex 74.0831 52.0439 1.4
      vertex 106.653 -9.42936 1.4
      vertex 74.3821 52.0766 1.4
    endloop
  endfacet
  facet normal 0 0 1
    outer loop
      vertex 106.653 -9.42936 1.4
      vertex 74.0831 52.0439 1.4
      vertex 106.464 -9.66399 1.4
    endloop
  endfacet
  facet normal 0 0 1
    outer loop
      vertex 73.7823 52.0504 1.4
      vertex 106.464 -9.66399 1.4
      vertex 74.0831 52.0439 1.4
    endloop
  endfacet
  facet normal 0 0 1
    outer loop
      vertex 106.464 -9.66399 1.4
      vertex 73.7823 52.0504 1.4
      vertex 106.308 -9.9212 1.4
    endloop
  endfacet
  facet normal 0 0 1
    outer loop
      vertex 35.4787 -14.5103 1.4
      vertex 106.308 -9.9212 1.4
      vertex 73.7823 52.0504 1.4
    endloop
  endfacet
  facet normal 0 0 1
    outer loop
      vertex 106.308 -9.9212 1.4
      vertex 35.4787 -14.5103 1.4
      vertex 106.187 -10.1966 1.4
    endloop
  endfacet
  facet normal 0 0 1
    outer loop
      vertex 35.3008 -14.2677 1.4
      vertex 73.7823 52.0504 1.4
      vertex 73.4849 52.0962 1.4
    endloop
  endfacet
  facet normal 0 0 1
    outer loop
      vertex 35.0928 -14.0504 1.4
      vertex 73.4849 52.0962 1.4
      vertex 73.1961 52.1804 1.4
    endloop
  endfacet
  facet normal 0 0 1
    outer loop
      vertex 34.8581 -13.8621 1.4
      vertex 73.1961 52.1804 1.4
      vertex 72.9207 52.3016 1.4
    endloop
  endfacet
  facet normal 0 0 1
    outer loop
      vertex 34.6009 -13.706 1.4
      vertex 72.9207 52.3016 1.4
      vertex 72.6635 52.4576 1.4
    endloop
  endfacet
  facet normal 0 0 1
    outer loop
      vertex 34.3256 -13.5848 1.4
      vertex 72.6635 52.4576 1.4
      vertex 72.4289 52.6459 1.4
    endloop
  endfacet
  facet normal 0 0 1
    outer loop
      vertex 34.0367 -13.5006 1.4
      vertex 72.4289 52.6459 1.4
      vertex 72.2208 52.8633 1.4
    endloop
  endfacet
  facet normal 0 0 1
    outer loop
      vertex 33.7394 -13.4549 1.4
      vertex 72.2208 52.8633 1.4
      vertex 72.0429 53.1059 1.4
    endloop
  endfacet
  facet normal 0 0 1
    outer loop
      vertex 11.1 63.3152 1.4
      vertex 72.0429 53.1059 1.4
      vertex 71.8982 53.3697 1.4
    endloop
  endfacet
  facet normal 0 0 1
    outer loop
      vertex 11.1 63.3152 1.4
      vertex 71.8982 53.3697 1.4
      vertex 71.7892 53.6501 1.4
    endloop
  endfacet
  facet normal 0 0 1
    outer loop
      vertex 11.1 63.3152 1.4
      vertex 71.7892 53.6501 1.4
      vertex 71.7177 53.9423 1.4
    endloop
  endfacet
  facet normal 0 0 1
    outer loop
      vertex 11.1 63.3152 1.4
      vertex 71.7177 53.9423 1.4
      vertex 71.6849 54.2414 1.4
    endloop
  endfacet
  facet normal 0 0 1
    outer loop
      vertex 106.187 -10.1966 1.4
      vertex 35.804 -15.3467 1.4
      vertex 91.6352 -30.0829 1.4
    endloop
  endfacet
  facet normal -0 0 1
    outer loop
      vertex 35.8302 -15.9466 1.4
      vertex 91.6352 -30.0829 1.4
      vertex 35.8367 -15.6458 1.4
    endloop
  endfacet
  facet normal -0 0 1
    outer loop
      vertex 35.7844 -16.2439 1.4
      vertex 91.6352 -30.0829 1.4
      vertex 35.8302 -15.9466 1.4
    endloop
  endfacet
  facet normal -0 0 1
    outer loop
      vertex 35.7002 -16.5328 1.4
      vertex 91.6352 -30.0829 1.4
      vertex 35.7844 -16.2439 1.4
    endloop
  endfacet
  facet normal -0 0 1
    outer loop
      vertex 35.579 -16.8081 1.4
      vertex 91.6352 -30.0829 1.4
      vertex 35.7002 -16.5328 1.4
    endloop
  endfacet
  facet normal -0 0 1
    outer loop
      vertex 35.423 -17.0653 1.4
      vertex 91.6352 -30.0829 1.4
      vertex 35.579 -16.8081 1.4
    endloop
  endfacet
  facet normal -0 0 1
    outer loop
      vertex 35.2347 -17.3 1.4
      vertex 91.6352 -30.0829 1.4
      vertex 35.423 -17.0653 1.4
    endloop
  endfacet
  facet normal -0 0 1
    outer loop
      vertex 35.0173 -17.508 1.4
      vertex 91.6352 -30.0829 1.4
      vertex 35.2347 -17.3 1.4
    endloop
  endfacet
  facet normal 0 0 1
    outer loop
      vertex 23.4556 -42.7753 1.4
      vertex 35.0173 -17.508 1.4
      vertex 34.7747 -17.6859 1.4
    endloop
  endfacet
  facet normal 0 0 1
    outer loop
      vertex 23.4556 -42.7753 1.4
      vertex 34.7747 -17.6859 1.4
      vertex 34.5109 -17.8306 1.4
    endloop
  endfacet
  facet normal 0 0 1
    outer loop
      vertex 23.4556 -42.7753 1.4
      vertex 34.5109 -17.8306 1.4
      vertex 34.2305 -17.9397 1.4
    endloop
  endfacet
  facet normal 0 0 1
    outer loop
      vertex 23.4556 -42.7753 1.4
      vertex 34.2305 -17.9397 1.4
      vertex 33.9383 -18.0112 1.4
    endloop
  endfacet
  facet normal 0 0 1
    outer loop
      vertex 23.4556 -42.7753 1.4
      vertex 33.9383 -18.0112 1.4
      vertex 33.6392 -18.0439 1.4
    endloop
  endfacet
  facet normal 0 0 1
    outer loop
      vertex 23.4556 -42.7753 1.4
      vertex 33.6392 -18.0439 1.4
      vertex 33.3385 -18.0374 1.4
    endloop
  endfacet
  facet normal 0 0 1
    outer loop
      vertex 23.4556 -42.7753 1.4
      vertex 33.3385 -18.0374 1.4
      vertex 33.0411 -17.9916 1.4
    endloop
  endfacet
  facet normal 0 0 1
    outer loop
      vertex 35.0173 -17.508 1.4
      vertex 23.4556 -42.7753 1.4
      vertex 91.6352 -30.0829 1.4
    endloop
  endfacet
  facet normal 0 0 1
    outer loop
      vertex 32.7523 -17.9074 1.4
      vertex 23.4556 -42.7753 1.4
      vertex 33.0411 -17.9916 1.4
    endloop
  endfacet
  facet normal 0 0 1
    outer loop
      vertex 32.4769 -17.7862 1.4
      vertex 23.4556 -42.7753 1.4
      vertex 32.7523 -17.9074 1.4
    endloop
  endfacet
  facet normal 0 0 1
    outer loop
      vertex 32.2197 -17.6302 1.4
      vertex 23.4556 -42.7753 1.4
      vertex 32.4769 -17.7862 1.4
    endloop
  endfacet
  facet normal 0 0 1
    outer loop
      vertex 31.9851 -17.4418 1.4
      vertex 23.4556 -42.7753 1.4
      vertex 32.2197 -17.6302 1.4
    endloop
  endfacet
  facet normal 0 0 1
    outer loop
      vertex 22.6787 -42.8314 1.4
      vertex 31.9851 -17.4418 1.4
      vertex 31.777 -17.2245 1.4
    endloop
  endfacet
  facet normal 0 0 1
    outer loop
      vertex 22.6787 -42.8314 1.4
      vertex 31.777 -17.2245 1.4
      vertex 31.5991 -16.9819 1.4
    endloop
  endfacet
  facet normal 0 0 1
    outer loop
      vertex 11.1 -42.8314 1.4
      vertex 31.5991 -16.9819 1.4
      vertex 31.4544 -16.7181 1.4
    endloop
  endfacet
  facet normal 0 0 1
    outer loop
      vertex 11.1 -42.8314 1.4
      vertex 31.4544 -16.7181 1.4
      vertex 31.3454 -16.4377 1.4
    endloop
  endfacet
  facet normal 0 0 1
    outer loop
      vertex 11.1 -42.8314 1.4
      vertex 31.3454 -16.4377 1.4
      vertex 31.2739 -16.1455 1.4
    endloop
  endfacet
  facet normal 0 0 1
    outer loop
      vertex 11.1 -42.8314 1.4
      vertex 31.2739 -16.1455 1.4
      vertex 31.2411 -15.8464 1.4
    endloop
  endfacet
  facet normal 0 0 1
    outer loop
      vertex 119.457 -6.70422 1.4
      vertex 119.464 -7.08624 1.4
      vertex 119.465 -6.86171 1.4
    endloop
  endfacet
  facet normal 0 0 1
    outer loop
      vertex 119.457 -6.70422 1.4
      vertex 119.454 -7.24248 1.4
      vertex 119.464 -7.08624 1.4
    endloop
  endfacet
  facet normal 0 0 1
    outer loop
      vertex 119.427 -6.44647 1.4
      vertex 119.454 -7.24248 1.4
      vertex 119.457 -6.70422 1.4
    endloop
  endfacet
  facet normal 0 0 1
    outer loop
      vertex 119.427 -6.44647 1.4
      vertex 119.425 -7.46808 1.4
      vertex 119.454 -7.24248 1.4
    endloop
  endfacet
  facet normal 0 0 1
    outer loop
      vertex 118.291 -9.43713 1.4
      vertex 119.427 -6.44647 1.4
      vertex 119.416 -6.37114 1.4
    endloop
  endfacet
  facet normal 0 0 1
    outer loop
      vertex 119.427 -6.44647 1.4
      vertex 119.397 -7.61745 1.4
      vertex 119.425 -7.46808 1.4
    endloop
  endfacet
  facet normal 0 0 1
    outer loop
      vertex 119.427 -6.44647 1.4
      vertex 119.343 -7.8387 1.4
      vertex 119.397 -7.61745 1.4
    endloop
  endfacet
  facet normal 0 0 1
    outer loop
      vertex 119.427 -6.44647 1.4
      vertex 119.297 -7.98575 1.4
      vertex 119.343 -7.8387 1.4
    endloop
  endfacet
  facet normal 0 0 1
    outer loop
      vertex 119.427 -6.44647 1.4
      vertex 119.217 -8.19753 1.4
      vertex 119.297 -7.98575 1.4
    endloop
  endfacet
  facet normal 0 0 1
    outer loop
      vertex 119.427 -6.44647 1.4
      vertex 119.152 -8.34079 1.4
      vertex 119.217 -8.19753 1.4
    endloop
  endfacet
  facet normal 0 0 1
    outer loop
      vertex 119.427 -6.44647 1.4
      vertex 119.048 -8.54079 1.4
      vertex 119.152 -8.34079 1.4
    endloop
  endfacet
  facet normal 0 0 1
    outer loop
      vertex 119.427 -6.44647 1.4
      vertex 118.967 -8.67479 1.4
      vertex 119.048 -8.54079 1.4
    endloop
  endfacet
  facet normal 0 0 1
    outer loop
      vertex 119.427 -6.44647 1.4
      vertex 118.838 -8.86218 1.4
      vertex 118.967 -8.67479 1.4
    endloop
  endfacet
  facet normal 0 0 1
    outer loop
      vertex 119.427 -6.44647 1.4
      vertex 118.745 -8.98143 1.4
      vertex 118.838 -8.86218 1.4
    endloop
  endfacet
  facet normal 0 0 1
    outer loop
      vertex 119.427 -6.44647 1.4
      vertex 118.595 -9.15208 1.4
      vertex 118.745 -8.98143 1.4
    endloop
  endfacet
  facet normal 0 0 1
    outer loop
      vertex 119.427 -6.44647 1.4
      vertex 118.484 -9.26436 1.4
      vertex 118.595 -9.15208 1.4
    endloop
  endfacet
  facet normal 0 0 1
    outer loop
      vertex 119.427 -6.44647 1.4
      vertex 118.291 -9.43713 1.4
      vertex 118.484 -9.26436 1.4
    endloop
  endfacet
  facet normal 0 0 1
    outer loop
      vertex 119.416 -6.37114 1.4
      vertex 118.233 -9.48616 1.4
      vertex 118.291 -9.43713 1.4
    endloop
  endfacet
  facet normal 0 0 1
    outer loop
      vertex 110.11 -9.50481 1.4
      vertex 118.233 -9.48616 1.4
      vertex 119.416 -6.37114 1.4
    endloop
  endfacet
  facet normal 0 0 1
    outer loop
      vertex 118.233 -9.48616 1.4
      vertex 110.613 -10.5838 1.4
      vertex 110.646 -10.8829 1.4
    endloop
  endfacet
  facet normal 0 0 1
    outer loop
      vertex 118.233 -9.48616 1.4
      vertex 110.542 -10.2916 1.4
      vertex 110.613 -10.5838 1.4
    endloop
  endfacet
  facet normal 0 0 1
    outer loop
      vertex 118.233 -9.48616 1.4
      vertex 110.433 -10.0112 1.4
      vertex 110.542 -10.2916 1.4
    endloop
  endfacet
  facet normal 0 0 1
    outer loop
      vertex 118.233 -9.48616 1.4
      vertex 110.288 -9.74743 1.4
      vertex 110.433 -10.0112 1.4
    endloop
  endfacet
  facet normal 0 0 1
    outer loop
      vertex 118.233 -9.48616 1.4
      vertex 110.11 -9.50481 1.4
      vertex 110.288 -9.74743 1.4
    endloop
  endfacet
  facet normal 0 0 1
    outer loop
      vertex 119.416 -6.37114 1.4
      vertex 109.902 -9.28748 1.4
      vertex 110.11 -9.50481 1.4
    endloop
  endfacet
  facet normal 0 0 1
    outer loop
      vertex 119.416 -6.37114 1.4
      vertex 109.668 -9.09917 1.4
      vertex 109.902 -9.28748 1.4
    endloop
  endfacet
  facet normal 0 0 1
    outer loop
      vertex 119.416 -6.37114 1.4
      vertex 109.41 -8.94309 1.4
      vertex 109.668 -9.09917 1.4
    endloop
  endfacet
  facet normal 0 0 1
    outer loop
      vertex 119.416 -6.37114 1.4
      vertex 109.135 -8.82193 1.4
      vertex 109.41 -8.94309 1.4
    endloop
  endfacet
  facet normal 0 0 1
    outer loop
      vertex 119.416 -6.37114 1.4
      vertex 108.846 -8.73774 1.4
      vertex 109.135 -8.82193 1.4
    endloop
  endfacet
  facet normal 0 0 1
    outer loop
      vertex 119.416 -6.37114 1.4
      vertex 108.549 -8.69197 1.4
      vertex 108.846 -8.73774 1.4
    endloop
  endfacet
  facet normal 0 0 1
    outer loop
      vertex 119.416 -6.37114 1.4
      vertex 108.248 -8.68541 1.4
      vertex 108.549 -8.69197 1.4
    endloop
  endfacet
  facet normal 0 0 1
    outer loop
      vertex 107.599 60.6441 1.4
      vertex 108.248 -8.68541 1.4
      vertex 119.416 -6.37114 1.4
    endloop
  endfacet
  facet normal 0 0 1
    outer loop
      vertex 108.248 -8.68541 1.4
      vertex 107.599 60.6441 1.4
      vertex 107.949 -8.71816 1.4
    endloop
  endfacet
  facet normal 0 0 1
    outer loop
      vertex 107.599 60.6441 1.4
      vertex 107.657 -8.78967 1.4
      vertex 107.949 -8.71816 1.4
    endloop
  endfacet
  facet normal 0 0 1
    outer loop
      vertex 104.534 63.3152 1.4
      vertex 107.599 60.6441 1.4
      vertex 107.584 60.7155 1.4
    endloop
  endfacet
  facet normal 0 0 1
    outer loop
      vertex 104.534 63.3152 1.4
      vertex 107.584 60.7155 1.4
      vertex 107.528 60.9537 1.4
    endloop
  endfacet
  facet normal 0 0 1
    outer loop
      vertex 104.534 63.3152 1.4
      vertex 107.528 60.9537 1.4
      vertex 107.488 61.0916 1.4
    endloop
  endfacet
  facet normal 0 0 1
    outer loop
      vertex 104.534 63.3152 1.4
      vertex 107.488 61.0916 1.4
      vertex 107.416 61.2926 1.4
    endloop
  endfacet
  facet normal 0 0 1
    outer loop
      vertex 76.2282 53.8439 1.4
      vertex 104.534 63.3152 1.4
      vertex 76.274 54.1412 1.4
    endloop
  endfacet
  facet normal 0 0 1
    outer loop
      vertex 104.534 63.3152 1.4
      vertex 107.416 61.2926 1.4
      vertex 107.359 61.4285 1.4
    endloop
  endfacet
  facet normal 0 0 1
    outer loop
      vertex 104.534 63.3152 1.4
      vertex 107.359 61.4285 1.4
      vertex 107.266 61.6183 1.4
    endloop
  endfacet
  facet normal 0 0 1
    outer loop
      vertex 104.534 63.3152 1.4
      vertex 107.266 61.6183 1.4
      vertex 107.194 61.7464 1.4
    endloop
  endfacet
  facet normal 0 0 1
    outer loop
      vertex 76.144 53.555 1.4
      vertex 104.534 63.3152 1.4
      vertex 76.2282 53.8439 1.4
    endloop
  endfacet
  facet normal 0 0 1
    outer loop
      vertex 104.534 63.3152 1.4
      vertex 107.194 61.7464 1.4
      vertex 107.08 61.9254 1.4
    endloop
  endfacet
  facet normal 0 0 1
    outer loop
      vertex 104.534 63.3152 1.4
      vertex 107.08 61.9254 1.4
      vertex 106.994 62.0445 1.4
    endloop
  endfacet
  facet normal 0 0 1
    outer loop
      vertex 104.534 63.3152 1.4
      vertex 76.144 53.555 1.4
      vertex 107.599 60.6441 1.4
    endloop
  endfacet
  facet normal 0 0 1
    outer loop
      vertex 104.534 63.3152 1.4
      vertex 106.994 62.0445 1.4
      vertex 106.861 62.2094 1.4
    endloop
  endfacet
  facet normal 0 0 1
    outer loop
      vertex 104.534 63.3152 1.4
      vertex 106.861 62.2094 1.4
      vertex 106.763 62.3172 1.4
    endloop
  endfacet
  facet normal 0 0 1
    outer loop
      vertex 76.0229 53.2797 1.4
      vertex 107.599 60.6441 1.4
      vertex 76.144 53.555 1.4
    endloop
  endfacet
  facet normal 0 0 1
    outer loop
      vertex 104.534 63.3152 1.4
      vertex 106.763 62.3172 1.4
      vertex 106.61 62.4675 1.4
    endloop
  endfacet
  facet normal 0 0 1
    outer loop
      vertex 104.534 63.3152 1.4
      vertex 106.61 62.4675 1.4
      vertex 106.503 62.5621 1.4
    endloop
  endfacet
  facet normal 0 0 1
    outer loop
      vertex 75.8668 53.0225 1.4
      vertex 107.599 60.6441 1.4
      vertex 76.0229 53.2797 1.4
    endloop
  endfacet
  facet normal 0 0 1
    outer loop
      vertex 104.534 63.3152 1.4
      vertex 106.503 62.5621 1.4
      vertex 106.336 62.6941 1.4
    endloop
  endfacet
  facet normal 0 0 1
    outer loop
      vertex 75.6785 52.7878 1.4
      vertex 107.599 60.6441 1.4
      vertex 75.8668 53.0225 1.4
    endloop
  endfacet
  facet normal 0 0 1
    outer loop
      vertex 104.534 63.3152 1.4
      vertex 106.336 62.6941 1.4
      vertex 106.215 62.7789 1.4
    endloop
  endfacet
  facet normal 0 0 1
    outer loop
      vertex 75.4611 52.5798 1.4
      vertex 107.599 60.6441 1.4
      vertex 75.6785 52.7878 1.4
    endloop
  endfacet
  facet normal 0 0 1
    outer loop
      vertex 107.599 60.6441 1.4
      vertex 75.4611 52.5798 1.4
      vertex 107.657 -8.78967 1.4
    endloop
  endfacet
  facet normal -0 0 1
    outer loop
      vertex 75.2185 52.4019 1.4
      vertex 107.657 -8.78967 1.4
      vertex 75.4611 52.5798 1.4
    endloop
  endfacet
  facet normal 0 0 1
    outer loop
      vertex 106.187 -10.1966 1.4
      vertex 91.6352 -30.0829 1.4
      vertex 106.103 -10.4854 1.4
    endloop
  endfacet
  facet normal 0 0 1
    outer loop
      vertex 104.534 63.3152 1.4
      vertex 106.215 62.7789 1.4
      vertex 106.034 62.8908 1.4
    endloop
  endfacet
  facet normal 0 0 1
    outer loop
      vertex 110.64 -11.1837 1.4
      vertex 118.233 -9.48616 1.4
      vertex 110.646 -10.8829 1.4
    endloop
  endfacet
  facet normal 0 0 1
    outer loop
      vertex 110.594 -11.481 1.4
      vertex 118.233 -9.48616 1.4
      vertex 110.64 -11.1837 1.4
    endloop
  endfacet
  facet normal 0 0 1
    outer loop
      vertex 110.51 -11.7699 1.4
      vertex 118.233 -9.48616 1.4
      vertex 110.594 -11.481 1.4
    endloop
  endfacet
  facet normal 0 0 1
    outer loop
      vertex 110.388 -12.0452 1.4
      vertex 118.233 -9.48616 1.4
      vertex 110.51 -11.7699 1.4
    endloop
  endfacet
  facet normal 0 0 1
    outer loop
      vertex 110.232 -12.3024 1.4
      vertex 118.233 -9.48616 1.4
      vertex 110.388 -12.0452 1.4
    endloop
  endfacet
  facet normal 0 0 1
    outer loop
      vertex 110.044 -12.5371 1.4
      vertex 118.233 -9.48616 1.4
      vertex 110.232 -12.3024 1.4
    endloop
  endfacet
  facet normal 0 0 1
    outer loop
      vertex 109.827 -12.7451 1.4
      vertex 118.233 -9.48616 1.4
      vertex 110.044 -12.5371 1.4
    endloop
  endfacet
  facet normal 0 0 1
    outer loop
      vertex 109.584 -12.923 1.4
      vertex 118.233 -9.48616 1.4
      vertex 109.827 -12.7451 1.4
    endloop
  endfacet
  facet normal 0 0 1
    outer loop
      vertex 109.32 -13.0677 1.4
      vertex 118.233 -9.48616 1.4
      vertex 109.584 -12.923 1.4
    endloop
  endfacet
  facet normal 0 0 1
    outer loop
      vertex 104.534 63.3152 1.4
      vertex 106.034 62.8908 1.4
      vertex 105.908 62.9595 1.4
    endloop
  endfacet
  facet normal 0 0 1
    outer loop
      vertex 104.534 63.3152 1.4
      vertex 105.908 62.9595 1.4
      vertex 105.715 63.0511 1.4
    endloop
  endfacet
  facet normal 0 0 1
    outer loop
      vertex 104.534 63.3152 1.4
      vertex 105.715 63.0511 1.4
      vertex 105.579 63.1066 1.4
    endloop
  endfacet
  facet normal 0 0 1
    outer loop
      vertex 104.534 63.3152 1.4
      vertex 105.579 63.1066 1.4
      vertex 105.379 63.1755 1.4
    endloop
  endfacet
  facet normal 0 0 1
    outer loop
      vertex 104.534 63.3152 1.4
      vertex 105.379 63.1755 1.4
      vertex 105.238 63.2154 1.4
    endloop
  endfacet
  facet normal 0 0 1
    outer loop
      vertex 104.534 63.3152 1.4
      vertex 105.238 63.2154 1.4
      vertex 105.03 63.2616 1.4
    endloop
  endfacet
  facet normal 0 0 1
    outer loop
      vertex 104.534 63.3152 1.4
      vertex 105.03 63.2616 1.4
      vertex 104.886 63.2851 1.4
    endloop
  endfacet
  facet normal 0 0 1
    outer loop
      vertex 104.534 63.3152 1.4
      vertex 104.886 63.2851 1.4
      vertex 104.671 63.308 1.4
    endloop
  endfacet
  facet normal 0 0 1
    outer loop
      vertex 76.274 54.1412 1.4
      vertex 104.534 63.3152 1.4
      vertex 76.2805 54.442 1.4
    endloop
  endfacet
  facet normal -0 0 1
    outer loop
      vertex 109.32 -13.0677 1.4
      vertex 93.097 -29.4179 1.4
      vertex 118.233 -9.48616 1.4
    endloop
  endfacet
  facet normal -0 0 1
    outer loop
      vertex 109.04 -13.1768 1.4
      vertex 93.097 -29.4179 1.4
      vertex 109.32 -13.0677 1.4
    endloop
  endfacet
  facet normal -0 0 1
    outer loop
      vertex 108.748 -13.2483 1.4
      vertex 93.097 -29.4179 1.4
      vertex 109.04 -13.1768 1.4
    endloop
  endfacet
  facet normal -0 0 1
    outer loop
      vertex 108.449 -13.281 1.4
      vertex 93.097 -29.4179 1.4
      vertex 108.748 -13.2483 1.4
    endloop
  endfacet
  facet normal 0 0 1
    outer loop
      vertex 108.148 -13.2745 1.4
      vertex 93.097 -29.4179 1.4
      vertex 108.449 -13.281 1.4
    endloop
  endfacet
  facet normal 0 0 1
    outer loop
      vertex 107.851 -13.2287 1.4
      vertex 93.097 -29.4179 1.4
      vertex 108.148 -13.2745 1.4
    endloop
  endfacet
  facet normal 0 0 1
    outer loop
      vertex 107.562 -13.1445 1.4
      vertex 93.097 -29.4179 1.4
      vertex 107.851 -13.2287 1.4
    endloop
  endfacet
  facet normal 0 0 1
    outer loop
      vertex 107.286 -13.0233 1.4
      vertex 93.097 -29.4179 1.4
      vertex 107.562 -13.1445 1.4
    endloop
  endfacet
  facet normal 0 0 1
    outer loop
      vertex 107.029 -12.8673 1.4
      vertex 93.097 -29.4179 1.4
      vertex 107.286 -13.0233 1.4
    endloop
  endfacet
  facet normal 0 0 1
    outer loop
      vertex 106.795 -12.679 1.4
      vertex 93.097 -29.4179 1.4
      vertex 107.029 -12.8673 1.4
    endloop
  endfacet
  facet normal 0 0 1
    outer loop
      vertex 106.586 -12.4616 1.4
      vertex 93.097 -29.4179 1.4
      vertex 106.795 -12.679 1.4
    endloop
  endfacet
  facet normal 0 0 1
    outer loop
      vertex 106.409 -12.219 1.4
      vertex 93.097 -29.4179 1.4
      vertex 106.586 -12.4616 1.4
    endloop
  endfacet
  facet normal 0 0 1
    outer loop
      vertex 106.264 -11.9552 1.4
      vertex 93.097 -29.4179 1.4
      vertex 106.409 -12.219 1.4
    endloop
  endfacet
  facet normal 0 0 1
    outer loop
      vertex 106.155 -11.6748 1.4
      vertex 93.097 -29.4179 1.4
      vertex 106.264 -11.9552 1.4
    endloop
  endfacet
  facet normal 0 0 1
    outer loop
      vertex 106.083 -11.3826 1.4
      vertex 93.097 -29.4179 1.4
      vertex 106.155 -11.6748 1.4
    endloop
  endfacet
  facet normal 0 0 1
    outer loop
      vertex 106.051 -11.0835 1.4
      vertex 93.097 -29.4179 1.4
      vertex 106.083 -11.3826 1.4
    endloop
  endfacet
  facet normal 0 0 1
    outer loop
      vertex 106.103 -10.4854 1.4
      vertex 91.6352 -30.0829 1.4
      vertex 106.057 -10.7828 1.4
    endloop
  endfacet
  facet normal 0 -0 1
    outer loop
      vertex 93.097 -29.4179 1.4
      vertex 106.057 -10.7828 1.4
      vertex 91.6352 -30.0829 1.4
    endloop
  endfacet
  facet normal 0 0 1
    outer loop
      vertex 106.057 -10.7828 1.4
      vertex 93.097 -29.4179 1.4
      vertex 106.051 -11.0835 1.4
    endloop
  endfacet
  facet normal 0 0 1
    outer loop
      vertex 93.097 -29.4179 1.4
      vertex 91.6352 -30.0829 1.4
      vertex 93.0339 -29.4648 1.4
    endloop
  endfacet
  facet normal 0 -0 1
    outer loop
      vertex 91.7132 -30.0659 1.4
      vertex 93.0339 -29.4648 1.4
      vertex 91.6352 -30.0829 1.4
    endloop
  endfacet
  facet normal 0 0 1
    outer loop
      vertex 93.0339 -29.4648 1.4
      vertex 91.7132 -30.0659 1.4
      vertex 92.8179 -29.6158 1.4
    endloop
  endfacet
  facet normal 0 0 1
    outer loop
      vertex 92.8179 -29.6158 1.4
      vertex 91.7132 -30.0659 1.4
      vertex 92.6812 -29.6993 1.4
    endloop
  endfacet
  facet normal 0 0 1
    outer loop
      vertex 92.6812 -29.6993 1.4
      vertex 91.7132 -30.0659 1.4
      vertex 92.4783 -29.8067 1.4
    endloop
  endfacet
  facet normal 0 0 1
    outer loop
      vertex 92.4783 -29.8067 1.4
      vertex 91.7132 -30.0659 1.4
      vertex 92.334 -29.8721 1.4
    endloop
  endfacet
  facet normal 0 0 1
    outer loop
      vertex 92.334 -29.8721 1.4
      vertex 91.7132 -30.0659 1.4
      vertex 92.1172 -29.9549 1.4
    endloop
  endfacet
  facet normal 0 0 1
    outer loop
      vertex 92.1172 -29.9549 1.4
      vertex 91.7132 -30.0659 1.4
      vertex 91.9701 -30.0013 1.4
    endloop
  endfacet
  facet normal 0 0 1
    outer loop
      vertex 104.534 63.3152 1.4
      vertex 76.2478 54.7411 1.4
      vertex 76.2805 54.442 1.4
    endloop
  endfacet
  facet normal 0 0 1
    outer loop
      vertex 104.534 63.3152 1.4
      vertex 76.1763 55.0333 1.4
      vertex 76.2478 54.7411 1.4
    endloop
  endfacet
  facet normal 0 0 1
    outer loop
      vertex 104.534 63.3152 1.4
      vertex 76.0672 55.3137 1.4
      vertex 76.1763 55.0333 1.4
    endloop
  endfacet
  facet normal 0 0 1
    outer loop
      vertex 104.534 63.3152 1.4
      vertex 75.9225 55.5775 1.4
      vertex 76.0672 55.3137 1.4
    endloop
  endfacet
  facet normal 0 0 1
    outer loop
      vertex 104.534 63.3152 1.4
      vertex 75.7446 55.8201 1.4
      vertex 75.9225 55.5775 1.4
    endloop
  endfacet
  facet normal 0 0 1
    outer loop
      vertex 104.534 63.3152 1.4
      vertex 75.5366 56.0374 1.4
      vertex 75.7446 55.8201 1.4
    endloop
  endfacet
  facet normal 0 0 1
    outer loop
      vertex 104.534 63.3152 1.4
      vertex 75.302 56.2257 1.4
      vertex 75.5366 56.0374 1.4
    endloop
  endfacet
  facet normal 0 0 1
    outer loop
      vertex 104.534 63.3152 1.4
      vertex 75.0448 56.3818 1.4
      vertex 75.302 56.2257 1.4
    endloop
  endfacet
  facet normal 0 0 1
    outer loop
      vertex 104.534 63.3152 1.4
      vertex 74.7694 56.503 1.4
      vertex 75.0448 56.3818 1.4
    endloop
  endfacet
  facet normal 0 0 1
    outer loop
      vertex 104.534 63.3152 1.4
      vertex 74.4805 56.5872 1.4
      vertex 74.7694 56.503 1.4
    endloop
  endfacet
  facet normal 0 0 1
    outer loop
      vertex 104.534 63.3152 1.4
      vertex 74.1832 56.6329 1.4
      vertex 74.4805 56.5872 1.4
    endloop
  endfacet
  facet normal 0 0 1
    outer loop
      vertex 104.534 63.3152 1.4
      vertex 73.8824 56.6395 1.4
      vertex 74.1832 56.6329 1.4
    endloop
  endfacet
  facet normal 0 0 1
    outer loop
      vertex 104.534 63.3152 1.4
      vertex 73.5833 56.6067 1.4
      vertex 73.8824 56.6395 1.4
    endloop
  endfacet
  facet normal 0 0 1
    outer loop
      vertex 11.1 63.3152 1.4
      vertex 71.6849 54.2414 1.4
      vertex 71.6915 54.5421 1.4
    endloop
  endfacet
  facet normal 0 0 1
    outer loop
      vertex 11.1 63.3152 1.4
      vertex 71.6915 54.5421 1.4
      vertex 71.7373 54.8395 1.4
    endloop
  endfacet
  facet normal 0 0 1
    outer loop
      vertex 11.1 63.3152 1.4
      vertex 71.7373 54.8395 1.4
      vertex 71.8214 55.1283 1.4
    endloop
  endfacet
  facet normal 0 0 1
    outer loop
      vertex 11.1 63.3152 1.4
      vertex 71.8214 55.1283 1.4
      vertex 71.9426 55.4037 1.4
    endloop
  endfacet
  facet normal 0 0 1
    outer loop
      vertex 91.6352 -30.0829 1.4
      vertex 35.804 -15.3467 1.4
      vertex 35.8367 -15.6458 1.4
    endloop
  endfacet
  facet normal 0 0 1
    outer loop
      vertex 106.187 -10.1966 1.4
      vertex 35.7325 -15.0545 1.4
      vertex 35.804 -15.3467 1.4
    endloop
  endfacet
  facet normal 0 0 1
    outer loop
      vertex 106.187 -10.1966 1.4
      vertex 35.6234 -14.7741 1.4
      vertex 35.7325 -15.0545 1.4
    endloop
  endfacet
  facet normal 0 0 1
    outer loop
      vertex 106.187 -10.1966 1.4
      vertex 35.4787 -14.5103 1.4
      vertex 35.6234 -14.7741 1.4
    endloop
  endfacet
  facet normal 0 0 1
    outer loop
      vertex 73.7823 52.0504 1.4
      vertex 35.3008 -14.2677 1.4
      vertex 35.4787 -14.5103 1.4
    endloop
  endfacet
  facet normal 0 0 1
    outer loop
      vertex 73.4849 52.0962 1.4
      vertex 35.0928 -14.0504 1.4
      vertex 35.3008 -14.2677 1.4
    endloop
  endfacet
  facet normal 0 0 1
    outer loop
      vertex 73.1961 52.1804 1.4
      vertex 34.8581 -13.8621 1.4
      vertex 35.0928 -14.0504 1.4
    endloop
  endfacet
  facet normal 0 0 1
    outer loop
      vertex 72.9207 52.3016 1.4
      vertex 34.6009 -13.706 1.4
      vertex 34.8581 -13.8621 1.4
    endloop
  endfacet
  facet normal 0 0 1
    outer loop
      vertex 72.6635 52.4576 1.4
      vertex 34.3256 -13.5848 1.4
      vertex 34.6009 -13.706 1.4
    endloop
  endfacet
  facet normal 0 0 1
    outer loop
      vertex 72.4289 52.6459 1.4
      vertex 34.0367 -13.5006 1.4
      vertex 34.3256 -13.5848 1.4
    endloop
  endfacet
  facet normal 0 0 1
    outer loop
      vertex 72.2208 52.8633 1.4
      vertex 33.7394 -13.4549 1.4
      vertex 34.0367 -13.5006 1.4
    endloop
  endfacet
  facet normal 0 0 1
    outer loop
      vertex 72.0429 53.1059 1.4
      vertex 11.1 63.3152 1.4
      vertex 33.7394 -13.4549 1.4
    endloop
  endfacet
  facet normal 0 0 1
    outer loop
      vertex 33.7394 -13.4549 1.4
      vertex 11.1 63.3152 1.4
      vertex 33.4386 -13.4483 1.4
    endloop
  endfacet
  facet normal 0 0 1
    outer loop
      vertex 33.4386 -13.4483 1.4
      vertex 11.1 63.3152 1.4
      vertex 33.1395 -13.481 1.4
    endloop
  endfacet
  facet normal 0 0 1
    outer loop
      vertex 33.1395 -13.481 1.4
      vertex 11.1 63.3152 1.4
      vertex 32.8473 -13.5526 1.4
    endloop
  endfacet
  facet normal 0 0 1
    outer loop
      vertex 32.8473 -13.5526 1.4
      vertex 11.1 63.3152 1.4
      vertex 32.5669 -13.6616 1.4
    endloop
  endfacet
  facet normal 0 0 1
    outer loop
      vertex 32.5669 -13.6616 1.4
      vertex 11.1 63.3152 1.4
      vertex 32.3031 -13.8063 1.4
    endloop
  endfacet
  facet normal 0 0 1
    outer loop
      vertex 32.3031 -13.8063 1.4
      vertex 11.1 63.3152 1.4
      vertex 32.0605 -13.9842 1.4
    endloop
  endfacet
  facet normal 0 0 1
    outer loop
      vertex 32.0605 -13.9842 1.4
      vertex 11.1 63.3152 1.4
      vertex 31.8432 -14.1922 1.4
    endloop
  endfacet
  facet normal 0 0 1
    outer loop
      vertex 31.8432 -14.1922 1.4
      vertex 11.1 63.3152 1.4
      vertex 31.6549 -14.4269 1.4
    endloop
  endfacet
  facet normal 0 0 1
    outer loop
      vertex 11.1 -42.8314 1.4
      vertex 31.2411 -15.8464 1.4
      vertex 31.2477 -15.5456 1.4
    endloop
  endfacet
  facet normal 0 0 1
    outer loop
      vertex 11.1 -42.8314 1.4
      vertex 31.2477 -15.5456 1.4
      vertex 31.2934 -15.2483 1.4
    endloop
  endfacet
  facet normal 0 0 1
    outer loop
      vertex 31.9851 -17.4418 1.4
      vertex 22.6787 -42.8314 1.4
      vertex 23.4556 -42.7753 1.4
    endloop
  endfacet
  facet normal 0 -0 1
    outer loop
      vertex 22.6909 -42.8313 1.4
      vertex 23.4556 -42.7753 1.4
      vertex 22.6787 -42.8314 1.4
    endloop
  endfacet
  facet normal 0 0 1
    outer loop
      vertex 11.1 -42.8314 1.4
      vertex 31.2934 -15.2483 1.4
      vertex 31.3776 -14.9595 1.4
    endloop
  endfacet
  facet normal 0 0 1
    outer loop
      vertex 23.3779 -42.7874 1.4
      vertex 22.6909 -42.8313 1.4
      vertex 23.1234 -42.819 1.4
    endloop
  endfacet
  facet normal 0 0 1
    outer loop
      vertex 23.1234 -42.819 1.4
      vertex 22.6909 -42.8313 1.4
      vertex 22.9753 -42.8288 1.4
    endloop
  endfacet
  facet normal 0 0 1
    outer loop
      vertex 23.4556 -42.7753 1.4
      vertex 22.6909 -42.8313 1.4
      vertex 23.3779 -42.7874 1.4
    endloop
  endfacet
  facet normal -0 0 1
    outer loop
      vertex 11.1 63.3152 1.4
      vertex 73.5833 56.6067 1.4
      vertex 104.534 63.3152 1.4
    endloop
  endfacet
  facet normal 0 0 1
    outer loop
      vertex 11.1 63.3152 1.4
      vertex 73.2911 56.5352 1.4
      vertex 73.5833 56.6067 1.4
    endloop
  endfacet
  facet normal 0 0 1
    outer loop
      vertex 11.1 63.3152 1.4
      vertex 73.0107 56.4262 1.4
      vertex 73.2911 56.5352 1.4
    endloop
  endfacet
  facet normal 0 0 1
    outer loop
      vertex 11.1 63.3152 1.4
      vertex 72.7469 56.2815 1.4
      vertex 73.0107 56.4262 1.4
    endloop
  endfacet
  facet normal 0 0 1
    outer loop
      vertex 11.1 63.3152 1.4
      vertex 72.5043 56.1036 1.4
      vertex 72.7469 56.2815 1.4
    endloop
  endfacet
  facet normal 0 0 1
    outer loop
      vertex 11.1 63.3152 1.4
      vertex 72.287 55.8955 1.4
      vertex 72.5043 56.1036 1.4
    endloop
  endfacet
  facet normal 0 0 1
    outer loop
      vertex 11.1 63.3152 1.4
      vertex 72.0987 55.6609 1.4
      vertex 72.287 55.8955 1.4
    endloop
  endfacet
  facet normal 0 0 1
    outer loop
      vertex 11.1 63.3152 1.4
      vertex 71.9426 55.4037 1.4
      vertex 72.0987 55.6609 1.4
    endloop
  endfacet
  facet normal 0 0 1
    outer loop
      vertex 31.6549 -14.4269 1.4
      vertex 11.1 63.3152 1.4
      vertex 31.4988 -14.6841 1.4
    endloop
  endfacet
  facet normal 0 0 1
    outer loop
      vertex 11.1 63.3152 1.4
      vertex 31.3776 -14.9595 1.4
      vertex 31.4988 -14.6841 1.4
    endloop
  endfacet
  facet normal 0 0 1
    outer loop
      vertex 11.1 -42.8314 1.4
      vertex 31.3776 -14.9595 1.4
      vertex 11.1 63.3152 1.4
    endloop
  endfacet
  facet normal 0 0 1
    outer loop
      vertex 31.5991 -16.9819 1.4
      vertex 11.1 -42.8314 1.4
      vertex 22.6787 -42.8314 1.4
    endloop
  endfacet
  facet normal 0.467828 -0.88382 0
    outer loop
      vertex 92.4783 -29.8067 0
      vertex 92.6812 -29.6993 1.4
      vertex 92.4783 -29.8067 1.4
    endloop
  endfacet
  facet normal 0.467828 -0.88382 0
    outer loop
      vertex 92.6812 -29.6993 1.4
      vertex 92.4783 -29.8067 0
      vertex 92.6812 -29.6993 0
    endloop
  endfacet
  facet normal 0.0524823 0.998622 -0
    outer loop
      vertex 104.671 63.308 0
      vertex 104.534 63.3152 1.4
      vertex 104.671 63.308 1.4
    endloop
  endfacet
  facet normal 0.0524823 0.998622 0
    outer loop
      vertex 104.534 63.3152 1.4
      vertex 104.671 63.308 0
      vertex 104.534 63.3152 0
    endloop
  endfacet
  facet normal 0.105913 0.994375 -0
    outer loop
      vertex 104.886 63.2851 0
      vertex 104.671 63.308 1.4
      vertex 104.886 63.2851 1.4
    endloop
  endfacet
  facet normal 0.105913 0.994375 0
    outer loop
      vertex 104.671 63.308 1.4
      vertex 104.886 63.2851 0
      vertex 104.671 63.308 0
    endloop
  endfacet
  facet normal 0.356784 -0.934187 0
    outer loop
      vertex 92.1172 -29.9549 0
      vertex 92.334 -29.8721 1.4
      vertex 92.1172 -29.9549 1.4
    endloop
  endfacet
  facet normal 0.356784 -0.934187 0
    outer loop
      vertex 92.334 -29.8721 1.4
      vertex 92.1172 -29.9549 0
      vertex 92.334 -29.8721 0
    endloop
  endfacet
  facet normal 0.711149 -0.703042 0
    outer loop
      vertex 118.484 -9.26436 1.4
      vertex 118.595 -9.15208 0
      vertex 118.595 -9.15208 1.4
    endloop
  endfacet
  facet normal 0.711149 -0.703042 0
    outer loop
      vertex 118.595 -9.15208 0
      vertex 118.484 -9.26436 1.4
      vertex 118.484 -9.26436 0
    endloop
  endfacet
  facet normal 0.823694 -0.567034 0
    outer loop
      vertex 118.838 -8.86218 1.4
      vertex 118.967 -8.67479 0
      vertex 118.967 -8.67479 1.4
    endloop
  endfacet
  facet normal 0.823694 -0.567034 0
    outer loop
      vertex 118.967 -8.67479 0
      vertex 118.838 -8.86218 1.4
      vertex 118.838 -8.86218 0
    endloop
  endfacet
  facet normal 0.596535 -0.802587 0
    outer loop
      vertex 93.0339 -29.4648 0
      vertex 93.097 -29.4179 1.4
      vertex 93.0339 -29.4648 1.4
    endloop
  endfacet
  facet normal 0.596535 -0.802587 0
    outer loop
      vertex 93.097 -29.4179 1.4
      vertex 93.0339 -29.4648 0
      vertex 93.097 -29.4179 0
    endloop
  endfacet
  facet normal 0.0087901 -0.999961 0
    outer loop
      vertex 22.6909 -42.8313 0
      vertex 22.9753 -42.8288 1.4
      vertex 22.6909 -42.8313 1.4
    endloop
  endfacet
  facet normal 0.0087901 -0.999961 0
    outer loop
      vertex 22.9753 -42.8288 1.4
      vertex 22.6909 -42.8313 0
      vertex 22.9753 -42.8288 0
    endloop
  endfacet
  facet normal 0.00819645 -0.999966 0
    outer loop
      vertex 22.6787 -42.8314 0
      vertex 22.6909 -42.8313 1.4
      vertex 22.6787 -42.8314 1.4
    endloop
  endfacet
  facet normal 0.00819645 -0.999966 0
    outer loop
      vertex 22.6909 -42.8313 1.4
      vertex 22.6787 -42.8314 0
      vertex 22.6909 -42.8313 0
    endloop
  endfacet
  facet normal -0.108963 0.994046 0
    outer loop
      vertex 74.1911 53.1599 0.599999
      vertex 74.0351 53.1428 2.4
      vertex 74.1911 53.1599 2.4
    endloop
  endfacet
  facet normal -0.108963 0.994046 0
    outer loop
      vertex 74.0351 53.1428 2.4
      vertex 74.1911 53.1599 0.599999
      vertex 74.0351 53.1428 0.599999
    endloop
  endfacet
  facet normal 0.999766 -0.021651 0
    outer loop
      vertex 72.7839 54.2893 2.4
      vertex 72.7873 54.4463 0.599999
      vertex 72.7873 54.4463 2.4
    endloop
  endfacet
  facet normal 0.999766 -0.021651 0
    outer loop
      vertex 72.7873 54.4463 0.599999
      vertex 72.7839 54.2893 2.4
      vertex 72.7839 54.2893 0.599999
    endloop
  endfacet
  facet normal 0.994046 0.108963 0
    outer loop
      vertex 72.801 54.1333 2.4
      vertex 72.7839 54.2893 0.599999
      vertex 72.7839 54.2893 2.4
    endloop
  endfacet
  facet normal 0.994046 0.108963 0
    outer loop
      vertex 72.7839 54.2893 0.599999
      vertex 72.801 54.1333 2.4
      vertex 72.801 54.1333 0.599999
    endloop
  endfacet
  facet normal 0.988335 -0.152297 0
    outer loop
      vertex 72.7873 54.4463 2.4
      vertex 72.8112 54.6014 0.599999
      vertex 72.8112 54.6014 2.4
    endloop
  endfacet
  facet normal 0.988335 -0.152297 0
    outer loop
      vertex 72.8112 54.6014 0.599999
      vertex 72.7873 54.4463 2.4
      vertex 72.7873 54.4463 0.599999
    endloop
  endfacet
  facet normal 0.237587 -0.971366 0
    outer loop
      vertex 73.6219 55.4861 0.599999
      vertex 73.7744 55.5234 2.4
      vertex 73.6219 55.4861 2.4
    endloop
  endfacet
  facet normal 0.237587 -0.971366 0
    outer loop
      vertex 73.7744 55.5234 2.4
      vertex 73.6219 55.4861 0.599999
      vertex 73.7744 55.5234 0.599999
    endloop
  endfacet
  facet normal -0.779998 0.625782 0
    outer loop
      vertex 74.8675 53.531 0.599999
      vertex 74.9657 53.6534 2.4
      vertex 74.9657 53.6534 0.599999
    endloop
  endfacet
  facet normal -0.779998 0.625782 0
    outer loop
      vertex 74.9657 53.6534 2.4
      vertex 74.8675 53.531 0.599999
      vertex 74.8675 53.531 2.4
    endloop
  endfacet
  facet normal -0.994053 -0.108894 0
    outer loop
      vertex 75.1816 54.394 0.599999
      vertex 75.1645 54.5501 2.4
      vertex 75.1645 54.5501 0.599999
    endloop
  endfacet
  facet normal -0.994053 -0.108894 0
    outer loop
      vertex 75.1645 54.5501 2.4
      vertex 75.1816 54.394 0.599999
      vertex 75.1816 54.394 2.4
    endloop
  endfacet
  facet normal -0.518612 -0.85501 0
    outer loop
      vertex 74.5368 55.4061 0.599999
      vertex 74.671 55.3247 2.4
      vertex 74.5368 55.4061 2.4
    endloop
  endfacet
  facet normal -0.518612 -0.85501 -0
    outer loop
      vertex 74.671 55.3247 2.4
      vertex 74.5368 55.4061 0.599999
      vertex 74.671 55.3247 0.599999
    endloop
  endfacet
  facet normal 0.85501 -0.518612 0
    outer loop
      vertex 72.9183 54.8958 2.4
      vertex 72.9997 55.03 0.599999
      vertex 72.9997 55.03 2.4
    endloop
  endfacet
  facet normal 0.85501 -0.518612 0
    outer loop
      vertex 72.9997 55.03 0.599999
      vertex 72.9183 54.8958 2.4
      vertex 72.9183 54.8958 0.599999
    endloop
  endfacet
  facet normal 0.971366 0.237587 0
    outer loop
      vertex 72.8383 53.9808 2.4
      vertex 72.801 54.1333 0.599999
      vertex 72.801 54.1333 2.4
    endloop
  endfacet
  facet normal 0.971366 0.237587 0
    outer loop
      vertex 72.801 54.1333 0.599999
      vertex 72.8383 53.9808 2.4
      vertex 72.8383 53.9808 0.599999
    endloop
  endfacet
  facet normal 0.591612 -0.806223 0
    outer loop
      vertex 73.2114 55.2609 0.599999
      vertex 73.338 55.3538 2.4
      vertex 73.2114 55.2609 2.4
    endloop
  endfacet
  facet normal 0.591612 -0.806223 0
    outer loop
      vertex 73.338 55.3538 2.4
      vertex 73.2114 55.2609 0.599999
      vertex 73.338 55.3538 0.599999
    endloop
  endfacet
  facet normal 0.806527 0.591198 0
    outer loop
      vertex 73.0635 53.5703 2.4
      vertex 72.9707 53.6969 0.599999
      vertex 72.9707 53.6969 2.4
    endloop
  endfacet
  facet normal 0.806527 0.591198 0
    outer loop
      vertex 72.9707 53.6969 0.599999
      vertex 73.0635 53.5703 2.4
      vertex 73.0635 53.5703 0.599999
    endloop
  endfacet
  facet normal -0.481038 0.8767 0
    outer loop
      vertex 74.6275 53.3296 0.599999
      vertex 74.4899 53.2541 2.4
      vertex 74.6275 53.3296 2.4
    endloop
  endfacet
  facet normal -0.481038 0.8767 0
    outer loop
      vertex 74.4899 53.2541 2.4
      vertex 74.6275 53.3296 0.599999
      vertex 74.4899 53.2541 0.599999
    endloop
  endfacet
  facet normal 0.915381 -0.402589 0
    outer loop
      vertex 72.8551 54.7521 2.4
      vertex 72.9183 54.8958 0.599999
      vertex 72.9183 54.8958 2.4
    endloop
  endfacet
  facet normal 0.915381 -0.402589 0
    outer loop
      vertex 72.9183 54.8958 0.599999
      vertex 72.8551 54.7521 2.4
      vertex 72.8551 54.7521 0.599999
    endloop
  endfacet
  facet normal 0.960093 -0.279682 0
    outer loop
      vertex 72.8112 54.6014 2.4
      vertex 72.8551 54.7521 0.599999
      vertex 72.8551 54.7521 2.4
    endloop
  endfacet
  facet normal 0.960093 -0.279682 0
    outer loop
      vertex 72.8551 54.7521 0.599999
      vertex 72.8112 54.6014 2.4
      vertex 72.8112 54.6014 0.599999
    endloop
  endfacet
  facet normal -0.915146 0.403123 0
    outer loop
      vertex 75.0471 53.7876 0.599999
      vertex 75.1104 53.9313 2.4
      vertex 75.1104 53.9313 0.599999
    endloop
  endfacet
  facet normal -0.915146 0.403123 0
    outer loop
      vertex 75.1104 53.9313 2.4
      vertex 75.0471 53.7876 0.599999
      vertex 75.0471 53.7876 2.4
    endloop
  endfacet
  facet normal 0.280269 0.959921 -0
    outer loop
      vertex 73.723 53.1701 0.599999
      vertex 73.5723 53.2141 2.4
      vertex 73.723 53.1701 2.4
    endloop
  endfacet
  facet normal 0.280269 0.959921 0
    outer loop
      vertex 73.5723 53.2141 2.4
      vertex 73.723 53.1701 0.599999
      vertex 73.5723 53.2141 0.599999
    endloop
  endfacet
  facet normal -0.97133 -0.237734 0
    outer loop
      vertex 75.1645 54.5501 0.599999
      vertex 75.1272 54.7025 2.4
      vertex 75.1272 54.7025 0.599999
    endloop
  endfacet
  facet normal -0.97133 -0.237734 0
    outer loop
      vertex 75.1272 54.7025 2.4
      vertex 75.1645 54.5501 0.599999
      vertex 75.1645 54.5501 2.4
    endloop
  endfacet
  facet normal -0.279682 -0.960093 0
    outer loop
      vertex 74.2425 55.5132 0.599999
      vertex 74.3932 55.4693 2.4
      vertex 74.2425 55.5132 2.4
    endloop
  endfacet
  facet normal -0.279682 -0.960093 -0
    outer loop
      vertex 74.3932 55.4693 2.4
      vertex 74.2425 55.5132 0.599999
      vertex 74.3932 55.4693 0.599999
    endloop
  endfacet
  facet normal 0.362477 -0.931993 0
    outer loop
      vertex 73.4756 55.4292 0.599999
      vertex 73.6219 55.4861 2.4
      vertex 73.4756 55.4292 2.4
    endloop
  endfacet
  facet normal 0.362477 -0.931993 0
    outer loop
      vertex 73.6219 55.4861 2.4
      vertex 73.4756 55.4292 0.599999
      vertex 73.6219 55.4861 0.599999
    endloop
  endfacet
  facet normal -0.62617 -0.779687 0
    outer loop
      vertex 74.671 55.3247 0.599999
      vertex 74.7934 55.2264 2.4
      vertex 74.671 55.3247 2.4
    endloop
  endfacet
  facet normal -0.62617 -0.779687 -0
    outer loop
      vertex 74.7934 55.2264 2.4
      vertex 74.671 55.3247 0.599999
      vertex 74.7934 55.2264 0.599999
    endloop
  endfacet
  facet normal 0.8767 0.481038 0
    outer loop
      vertex 72.9707 53.6969 2.4
      vertex 72.8952 53.8345 0.599999
      vertex 72.8952 53.8345 2.4
    endloop
  endfacet
  facet normal 0.8767 0.481038 0
    outer loop
      vertex 72.8952 53.8345 0.599999
      vertex 72.9707 53.6969 2.4
      vertex 72.9707 53.6969 0.599999
    endloop
  endfacet
  facet normal -0.931993 -0.362477 0
    outer loop
      vertex 75.1272 54.7025 0.599999
      vertex 75.0703 54.8488 2.4
      vertex 75.0703 54.8488 0.599999
    endloop
  endfacet
  facet normal -0.931993 -0.362477 0
    outer loop
      vertex 75.0703 54.8488 2.4
      vertex 75.1272 54.7025 0.599999
      vertex 75.1272 54.7025 2.4
    endloop
  endfacet
  facet normal -0.591198 0.806527 0
    outer loop
      vertex 74.7541 53.4224 0.599999
      vertex 74.6275 53.3296 2.4
      vertex 74.7541 53.4224 2.4
    endloop
  endfacet
  facet normal -0.591198 0.806527 0
    outer loop
      vertex 74.6275 53.3296 2.4
      vertex 74.7541 53.4224 0.599999
      vertex 74.6275 53.3296 0.599999
    endloop
  endfacet
  facet normal -0.402824 -0.915277 0
    outer loop
      vertex 74.3932 55.4693 0.599999
      vertex 74.5368 55.4061 2.4
      vertex 74.3932 55.4693 2.4
    endloop
  endfacet
  facet normal -0.402824 -0.915277 -0
    outer loop
      vertex 74.5368 55.4061 2.4
      vertex 74.3932 55.4693 0.599999
      vertex 74.5368 55.4061 0.599999
    endloop
  endfacet
  facet normal 0.518612 0.85501 -0
    outer loop
      vertex 73.4286 53.2773 0.599999
      vertex 73.2944 53.3587 2.4
      vertex 73.4286 53.2773 2.4
    endloop
  endfacet
  facet normal 0.518612 0.85501 0
    outer loop
      vertex 73.2944 53.3587 2.4
      vertex 73.4286 53.2773 0.599999
      vertex 73.2944 53.3587 0.599999
    endloop
  endfacet
  facet normal -0.152201 -0.98835 0
    outer loop
      vertex 74.0873 55.5371 0.599999
      vertex 74.2425 55.5132 2.4
      vertex 74.0873 55.5371 2.4
    endloop
  endfacet
  facet normal -0.152201 -0.98835 -0
    outer loop
      vertex 74.2425 55.5132 2.4
      vertex 74.0873 55.5371 0.599999
      vertex 74.2425 55.5132 0.599999
    endloop
  endfacet
  facet normal 0.722545 0.691324 0
    outer loop
      vertex 73.172 53.4569 2.4
      vertex 73.0635 53.5703 0.599999
      vertex 73.0635 53.5703 2.4
    endloop
  endfacet
  facet normal 0.722545 0.691324 0
    outer loop
      vertex 73.0635 53.5703 0.599999
      vertex 73.172 53.4569 2.4
      vertex 73.172 53.4569 0.599999
    endloop
  endfacet
  facet normal 0.402589 0.915381 -0
    outer loop
      vertex 73.5723 53.2141 0.599999
      vertex 73.4286 53.2773 2.4
      vertex 73.5723 53.2141 2.4
    endloop
  endfacet
  facet normal 0.402589 0.915381 0
    outer loop
      vertex 73.4286 53.2773 2.4
      vertex 73.5723 53.2141 0.599999
      vertex 73.4286 53.2773 0.599999
    endloop
  endfacet
  facet normal 0.625782 0.779998 -0
    outer loop
      vertex 73.2944 53.3587 0.599999
      vertex 73.172 53.4569 2.4
      vertex 73.2944 53.3587 2.4
    endloop
  endfacet
  facet normal 0.625782 0.779998 0
    outer loop
      vertex 73.172 53.4569 2.4
      vertex 73.2944 53.3587 0.599999
      vertex 73.172 53.4569 0.599999
    endloop
  endfacet
  facet normal 0.931993 0.362477 0
    outer loop
      vertex 72.8952 53.8345 2.4
      vertex 72.8383 53.9808 0.599999
      vertex 72.8383 53.9808 2.4
    endloop
  endfacet
  facet normal 0.931993 0.362477 0
    outer loop
      vertex 72.8383 53.9808 0.599999
      vertex 72.8952 53.8345 2.4
      vertex 72.8952 53.8345 0.599999
    endloop
  endfacet
  facet normal 0.108963 -0.994046 0
    outer loop
      vertex 73.7744 55.5234 0.599999
      vertex 73.9304 55.5405 2.4
      vertex 73.7744 55.5234 2.4
    endloop
  endfacet
  facet normal 0.108963 -0.994046 0
    outer loop
      vertex 73.9304 55.5405 2.4
      vertex 73.7744 55.5234 0.599999
      vertex 73.9304 55.5405 0.599999
    endloop
  endfacet
  facet normal -0.960093 0.279682 0
    outer loop
      vertex 75.1104 53.9313 0.599999
      vertex 75.1543 54.082 2.4
      vertex 75.1543 54.082 0.599999
    endloop
  endfacet
  facet normal -0.960093 0.279682 0
    outer loop
      vertex 75.1543 54.082 2.4
      vertex 75.1104 53.9313 0.599999
      vertex 75.1104 53.9313 2.4
    endloop
  endfacet
  facet normal -0.806527 -0.591198 0
    outer loop
      vertex 74.9948 54.9864 0.599999
      vertex 74.902 55.113 2.4
      vertex 74.902 55.113 0.599999
    endloop
  endfacet
  facet normal -0.806527 -0.591198 0
    outer loop
      vertex 74.902 55.113 2.4
      vertex 74.9948 54.9864 0.599999
      vertex 74.9948 54.9864 2.4
    endloop
  endfacet
  facet normal 0.691324 -0.722545 0
    outer loop
      vertex 73.098 55.1524 0.599999
      vertex 73.2114 55.2609 2.4
      vertex 73.098 55.1524 2.4
    endloop
  endfacet
  facet normal 0.691324 -0.722545 0
    outer loop
      vertex 73.2114 55.2609 2.4
      vertex 73.098 55.1524 0.599999
      vertex 73.2114 55.2609 0.599999
    endloop
  endfacet
  facet normal -0.999765 0.0216648 0
    outer loop
      vertex 75.1782 54.2371 0.599999
      vertex 75.1816 54.394 2.4
      vertex 75.1816 54.394 0.599999
    endloop
  endfacet
  facet normal -0.999765 0.0216648 0
    outer loop
      vertex 75.1816 54.394 2.4
      vertex 75.1782 54.2371 0.599999
      vertex 75.1782 54.2371 2.4
    endloop
  endfacet
  facet normal 0.152297 0.988335 -0
    outer loop
      vertex 73.8781 53.1462 0.599999
      vertex 73.723 53.1701 2.4
      vertex 73.8781 53.1462 2.4
    endloop
  endfacet
  facet normal 0.152297 0.988335 0
    outer loop
      vertex 73.723 53.1701 2.4
      vertex 73.8781 53.1462 0.599999
      vertex 73.723 53.1701 0.599999
    endloop
  endfacet
  facet normal 0.779687 -0.62617 0
    outer loop
      vertex 72.9997 55.03 2.4
      vertex 73.098 55.1524 0.599999
      vertex 73.098 55.1524 2.4
    endloop
  endfacet
  facet normal 0.779687 -0.62617 0
    outer loop
      vertex 73.098 55.1524 0.599999
      vertex 72.9997 55.03 2.4
      vertex 72.9997 55.03 0.599999
    endloop
  endfacet
  facet normal 0.021651 0.999766 -0
    outer loop
      vertex 74.0351 53.1428 0.599999
      vertex 73.8781 53.1462 2.4
      vertex 74.0351 53.1428 2.4
    endloop
  endfacet
  facet normal 0.021651 0.999766 0
    outer loop
      vertex 73.8781 53.1462 2.4
      vertex 74.0351 53.1428 0.599999
      vertex 73.8781 53.1462 0.599999
    endloop
  endfacet
  facet normal -0.8767 -0.481038 0
    outer loop
      vertex 75.0703 54.8488 0.599999
      vertex 74.9948 54.9864 2.4
      vertex 74.9948 54.9864 0.599999
    endloop
  endfacet
  facet normal -0.8767 -0.481038 0
    outer loop
      vertex 74.9948 54.9864 2.4
      vertex 75.0703 54.8488 0.599999
      vertex 75.0703 54.8488 2.4
    endloop
  endfacet
  facet normal -0.0216648 -0.999765 0
    outer loop
      vertex 73.9304 55.5405 0.599999
      vertex 74.0873 55.5371 2.4
      vertex 73.9304 55.5405 2.4
    endloop
  endfacet
  facet normal -0.0216648 -0.999765 -0
    outer loop
      vertex 74.0873 55.5371 2.4
      vertex 73.9304 55.5405 0.599999
      vertex 74.0873 55.5371 0.599999
    endloop
  endfacet
  facet normal -0.237587 0.971366 0
    outer loop
      vertex 74.3436 53.1972 0.599999
      vertex 74.1911 53.1599 2.4
      vertex 74.3436 53.1972 2.4
    endloop
  endfacet
  facet normal -0.237587 0.971366 0
    outer loop
      vertex 74.1911 53.1599 2.4
      vertex 74.3436 53.1972 0.599999
      vertex 74.1911 53.1599 0.599999
    endloop
  endfacet
  facet normal -0.988335 0.152297 0
    outer loop
      vertex 75.1543 54.082 0.599999
      vertex 75.1782 54.2371 2.4
      vertex 75.1782 54.2371 0.599999
    endloop
  endfacet
  facet normal -0.988335 0.152297 0
    outer loop
      vertex 75.1782 54.2371 2.4
      vertex 75.1543 54.082 0.599999
      vertex 75.1543 54.082 2.4
    endloop
  endfacet
  facet normal -0.85501 0.518612 0
    outer loop
      vertex 74.9657 53.6534 0.599999
      vertex 75.0471 53.7876 2.4
      vertex 75.0471 53.7876 0.599999
    endloop
  endfacet
  facet normal -0.85501 0.518612 0
    outer loop
      vertex 75.0471 53.7876 2.4
      vertex 74.9657 53.6534 0.599999
      vertex 74.9657 53.6534 2.4
    endloop
  endfacet
  facet normal -0.362477 0.931993 0
    outer loop
      vertex 74.4899 53.2541 0.599999
      vertex 74.3436 53.1972 2.4
      vertex 74.4899 53.2541 2.4
    endloop
  endfacet
  facet normal -0.362477 0.931993 0
    outer loop
      vertex 74.3436 53.1972 2.4
      vertex 74.4899 53.2541 0.599999
      vertex 74.3436 53.1972 0.599999
    endloop
  endfacet
  facet normal -0.691656 0.722227 0
    outer loop
      vertex 74.8675 53.531 0.599999
      vertex 74.7541 53.4224 2.4
      vertex 74.8675 53.531 2.4
    endloop
  endfacet
  facet normal -0.691656 0.722227 0
    outer loop
      vertex 74.7541 53.4224 2.4
      vertex 74.8675 53.531 0.599999
      vertex 74.7541 53.4224 0.599999
    endloop
  endfacet
  facet normal 0.480548 -0.876968 0
    outer loop
      vertex 73.338 55.3538 0.599999
      vertex 73.4756 55.4292 2.4
      vertex 73.338 55.3538 2.4
    endloop
  endfacet
  facet normal 0.480548 -0.876968 0
    outer loop
      vertex 73.4756 55.4292 2.4
      vertex 73.338 55.3538 0.599999
      vertex 73.4756 55.4292 0.599999
    endloop
  endfacet
  facet normal -0.722227 -0.691656 0
    outer loop
      vertex 74.902 55.113 0.599999
      vertex 74.7934 55.2264 2.4
      vertex 74.7934 55.2264 0.599999
    endloop
  endfacet
  facet normal -0.722227 -0.691656 0
    outer loop
      vertex 74.7934 55.2264 2.4
      vertex 74.902 55.113 0.599999
      vertex 74.902 55.113 2.4
    endloop
  endfacet
  facet normal 0.625893 0.779909 -0
    outer loop
      vertex 72.7782 52.6215 0
      vertex 72.564 52.7934 0.599999
      vertex 72.7782 52.6215 0.599999
    endloop
  endfacet
  facet normal 0.625893 0.779909 0
    outer loop
      vertex 72.564 52.7934 0.599999
      vertex 72.7782 52.6215 0
      vertex 72.564 52.7934 0
    endloop
  endfacet
  facet normal 0.999761 -0.0218447 0
    outer loop
      vertex 71.8847 54.2501 0.599999
      vertex 71.8907 54.5247 0
      vertex 71.8907 54.5247 0.599999
    endloop
  endfacet
  facet normal 0.999761 -0.0218447 0
    outer loop
      vertex 71.8907 54.5247 0
      vertex 71.8847 54.2501 0.599999
      vertex 71.8847 54.2501 0
    endloop
  endfacet
  facet normal 0.99406 0.108833 0
    outer loop
      vertex 71.9146 53.977 0.599999
      vertex 71.8847 54.2501 0
      vertex 71.8847 54.2501 0.599999
    endloop
  endfacet
  facet normal 0.99406 0.108833 0
    outer loop
      vertex 71.8847 54.2501 0
      vertex 71.9146 53.977 0.599999
      vertex 71.9146 53.977 0
    endloop
  endfacet
  facet normal 0.988355 -0.152167 0
    outer loop
      vertex 71.8907 54.5247 0.599999
      vertex 71.9325 54.7962 0
      vertex 71.9325 54.7962 0.599999
    endloop
  endfacet
  facet normal 0.988355 -0.152167 0
    outer loop
      vertex 71.9325 54.7962 0
      vertex 71.8907 54.5247 0.599999
      vertex 71.8907 54.5247 0
    endloop
  endfacet
  facet normal 0.915396 -0.402556 0
    outer loop
      vertex 72.0094 55.0599 0.599999
      vertex 72.12 55.3114 0
      vertex 72.12 55.3114 0.599999
    endloop
  endfacet
  facet normal 0.915396 -0.402556 0
    outer loop
      vertex 72.12 55.3114 0
      vertex 72.0094 55.0599 0.599999
      vertex 72.0094 55.0599 0
    endloop
  endfacet
  facet normal -0.691462 0.722412 0
    outer loop
      vertex 75.531 52.9229 0
      vertex 75.3326 52.733 0.599999
      vertex 75.531 52.9229 0.599999
    endloop
  endfacet
  facet normal -0.691462 0.722412 0
    outer loop
      vertex 75.3326 52.733 0.599999
      vertex 75.531 52.9229 0
      vertex 75.3326 52.733 0
    endloop
  endfacet
  facet normal 0.362587 -0.93195 0
    outer loop
      vertex 73.0952 56.2449 0
      vertex 73.3512 56.3445 0.599999
      vertex 73.0952 56.2449 0.599999
    endloop
  endfacet
  facet normal 0.362587 -0.93195 0
    outer loop
      vertex 73.3512 56.3445 0.599999
      vertex 73.0952 56.2449 0
      vertex 73.3512 56.3445 0
    endloop
  endfacet
  facet normal 0.97133 0.237736 0
    outer loop
      vertex 71.9799 53.7102 0.599999
      vertex 71.9146 53.977 0
      vertex 71.9146 53.977 0.599999
    endloop
  endfacet
  facet normal 0.97133 0.237736 0
    outer loop
      vertex 71.9146 53.977 0
      vertex 71.9799 53.7102 0.599999
      vertex 71.9799 53.7102 0
    endloop
  endfacet
  facet normal 0.960012 -0.279958 0
    outer loop
      vertex 71.9325 54.7962 0.599999
      vertex 72.0094 55.0599 0
      vertex 72.0094 55.0599 0.599999
    endloop
  endfacet
  facet normal 0.960012 -0.279958 0
    outer loop
      vertex 72.0094 55.0599 0
      vertex 71.9325 54.7962 0.599999
      vertex 71.9325 54.7962 0
    endloop
  endfacet
  facet normal -0.98841 0.151811 0
    outer loop
      vertex 76.033 53.8872 0
      vertex 76.0747 54.1587 0.599999
      vertex 76.0747 54.1587 0
    endloop
  endfacet
  facet normal -0.98841 0.151811 0
    outer loop
      vertex 76.0747 54.1587 0.599999
      vertex 76.033 53.8872 0
      vertex 76.033 53.8872 0.599999
    endloop
  endfacet
  facet normal -0.932073 -0.362271 0
    outer loop
      vertex 75.9855 54.9732 0
      vertex 75.886 55.2292 0.599999
      vertex 75.886 55.2292 0
    endloop
  endfacet
  facet normal -0.932073 -0.362271 0
    outer loop
      vertex 75.886 55.2292 0.599999
      vertex 75.9855 54.9732 0
      vertex 75.9855 54.9732 0.599999
    endloop
  endfacet
  facet normal -0.780051 0.625715 0
    outer loop
      vertex 75.531 52.9229 0
      vertex 75.7029 53.1372 0.599999
      vertex 75.7029 53.1372 0
    endloop
  endfacet
  facet normal -0.780051 0.625715 0
    outer loop
      vertex 75.7029 53.1372 0.599999
      vertex 75.531 52.9229 0
      vertex 75.531 52.9229 0.599999
    endloop
  endfacet
  facet normal -0.0218368 -0.999762 0
    outer loop
      vertex 73.8911 56.4397 0
      vertex 74.1658 56.4337 0.599999
      vertex 73.8911 56.4397 0.599999
    endloop
  endfacet
  facet normal -0.0218368 -0.999762 -0
    outer loop
      vertex 74.1658 56.4337 0.599999
      vertex 73.8911 56.4397 0
      vertex 74.1658 56.4337 0
    endloop
  endfacet
  facet normal 0.0218447 0.999761 -0
    outer loop
      vertex 74.0743 52.2437 0
      vertex 73.7997 52.2497 0.599999
      vertex 74.0743 52.2437 0.599999
    endloop
  endfacet
  facet normal 0.0218447 0.999761 0
    outer loop
      vertex 73.7997 52.2497 0.599999
      vertex 74.0743 52.2437 0
      vertex 73.7997 52.2497 0
    endloop
  endfacet
  facet normal 0.279622 0.96011 -0
    outer loop
      vertex 73.5282 52.2915 0
      vertex 73.2645 52.3683 0.599999
      vertex 73.5282 52.2915 0.599999
    endloop
  endfacet
  facet normal 0.279622 0.96011 0
    outer loop
      vertex 73.2645 52.3683 0.599999
      vertex 73.5282 52.2915 0
      vertex 73.2645 52.3683 0
    endloop
  endfacet
  facet normal -0.722587 -0.69128 0
    outer loop
      vertex 75.5914 55.6915 0
      vertex 75.4015 55.89 0.599999
      vertex 75.4015 55.89 0
    endloop
  endfacet
  facet normal -0.722587 -0.69128 0
    outer loop
      vertex 75.4015 55.89 0.599999
      vertex 75.5914 55.6915 0
      vertex 75.5914 55.6915 0.599999
    endloop
  endfacet
  facet normal 0.69147 -0.722405 0
    outer loop
      vertex 72.4344 55.7604 0
      vertex 72.6329 55.9504 0.599999
      vertex 72.4344 55.7604 0.599999
    endloop
  endfacet
  facet normal 0.69147 -0.722405 0
    outer loop
      vertex 72.6329 55.9504 0.599999
      vertex 72.4344 55.7604 0
      vertex 72.6329 55.9504 0
    endloop
  endfacet
  facet normal 0 0 -1
    outer loop
      vertex 75.1816 54.394 0.599999
      vertex 76.0807 54.4333 0.599999
      vertex 76.0747 54.1587 0.599999
    endloop
  endfacet
  facet normal 0 0 -1
    outer loop
      vertex 75.1782 54.2371 0.599999
      vertex 76.0747 54.1587 0.599999
      vertex 76.033 53.8872 0.599999
    endloop
  endfacet
  facet normal -0 0 -1
    outer loop
      vertex 76.0807 54.4333 0.599999
      vertex 75.1816 54.394 0.599999
      vertex 76.0508 54.7063 0.599999
    endloop
  endfacet
  facet normal 0 0 -1
    outer loop
      vertex 75.1543 54.082 0.599999
      vertex 76.033 53.8872 0.599999
      vertex 75.9561 53.6234 0.599999
    endloop
  endfacet
  facet normal 0 0 -1
    outer loop
      vertex 75.1645 54.5501 0.599999
      vertex 76.0508 54.7063 0.599999
      vertex 75.1816 54.394 0.599999
    endloop
  endfacet
  facet normal 0 0 -1
    outer loop
      vertex 75.1104 53.9313 0.599999
      vertex 75.9561 53.6234 0.599999
      vertex 75.8455 53.372 0.599999
    endloop
  endfacet
  facet normal -0 0 -1
    outer loop
      vertex 76.0508 54.7063 0.599999
      vertex 75.1645 54.5501 0.599999
      vertex 75.9855 54.9732 0.599999
    endloop
  endfacet
  facet normal 0 0 -1
    outer loop
      vertex 75.0471 53.7876 0.599999
      vertex 75.8455 53.372 0.599999
      vertex 75.7029 53.1372 0.599999
    endloop
  endfacet
  facet normal 0 0 -1
    outer loop
      vertex 75.1272 54.7025 0.599999
      vertex 75.9855 54.9732 0.599999
      vertex 75.1645 54.5501 0.599999
    endloop
  endfacet
  facet normal 0 0 -1
    outer loop
      vertex 74.9657 53.6534 0.599999
      vertex 75.7029 53.1372 0.599999
      vertex 75.531 52.9229 0.599999
    endloop
  endfacet
  facet normal -0 0 -1
    outer loop
      vertex 75.9855 54.9732 0.599999
      vertex 75.1272 54.7025 0.599999
      vertex 75.886 55.2292 0.599999
    endloop
  endfacet
  facet normal 0 0 -1
    outer loop
      vertex 74.8675 53.531 0.599999
      vertex 75.531 52.9229 0.599999
      vertex 75.3326 52.733 0.599999
    endloop
  endfacet
  facet normal 0 0 -1
    outer loop
      vertex 75.0703 54.8488 0.599999
      vertex 75.886 55.2292 0.599999
      vertex 75.1272 54.7025 0.599999
    endloop
  endfacet
  facet normal -0 0 -1
    outer loop
      vertex 75.886 55.2292 0.599999
      vertex 75.0703 54.8488 0.599999
      vertex 75.7539 55.47 0.599999
    endloop
  endfacet
  facet normal 0 0 -1
    outer loop
      vertex 76.0747 54.1587 0.599999
      vertex 75.1782 54.2371 0.599999
      vertex 75.1816 54.394 0.599999
    endloop
  endfacet
  facet normal 0 0 -1
    outer loop
      vertex 76.033 53.8872 0.599999
      vertex 75.1543 54.082 0.599999
      vertex 75.1782 54.2371 0.599999
    endloop
  endfacet
  facet normal 0 0 -1
    outer loop
      vertex 74.7541 53.4224 0.599999
      vertex 75.3326 52.733 0.599999
      vertex 75.1111 52.5706 0.599999
    endloop
  endfacet
  facet normal 0 0 -1
    outer loop
      vertex 75.9561 53.6234 0.599999
      vertex 75.1104 53.9313 0.599999
      vertex 75.1543 54.082 0.599999
    endloop
  endfacet
  facet normal 0 0 -1
    outer loop
      vertex 75.8455 53.372 0.599999
      vertex 75.0471 53.7876 0.599999
      vertex 75.1104 53.9313 0.599999
    endloop
  endfacet
  facet normal 0 0 -1
    outer loop
      vertex 75.7029 53.1372 0.599999
      vertex 74.9657 53.6534 0.599999
      vertex 75.0471 53.7876 0.599999
    endloop
  endfacet
  facet normal 0 0 -1
    outer loop
      vertex 74.6275 53.3296 0.599999
      vertex 75.1111 52.5706 0.599999
      vertex 74.8702 52.4384 0.599999
    endloop
  endfacet
  facet normal 0 0 -1
    outer loop
      vertex 75.531 52.9229 0.599999
      vertex 74.8675 53.531 0.599999
      vertex 74.9657 53.6534 0.599999
    endloop
  endfacet
  facet normal 0 0 -1
    outer loop
      vertex 75.3326 52.733 0.599999
      vertex 74.7541 53.4224 0.599999
      vertex 74.8675 53.531 0.599999
    endloop
  endfacet
  facet normal 0 0 -1
    outer loop
      vertex 75.1111 52.5706 0.599999
      vertex 74.6275 53.3296 0.599999
      vertex 74.7541 53.4224 0.599999
    endloop
  endfacet
  facet normal 0 0 -1
    outer loop
      vertex 74.4899 53.2541 0.599999
      vertex 74.8702 52.4384 0.599999
      vertex 74.6142 52.3389 0.599999
    endloop
  endfacet
  facet normal 0 0 -1
    outer loop
      vertex 74.8702 52.4384 0.599999
      vertex 74.4899 53.2541 0.599999
      vertex 74.6275 53.3296 0.599999
    endloop
  endfacet
  facet normal 0 0 -1
    outer loop
      vertex 74.3436 53.1972 0.599999
      vertex 74.6142 52.3389 0.599999
      vertex 74.3474 52.2736 0.599999
    endloop
  endfacet
  facet normal 0 0 -1
    outer loop
      vertex 74.6142 52.3389 0.599999
      vertex 74.3436 53.1972 0.599999
      vertex 74.4899 53.2541 0.599999
    endloop
  endfacet
  facet normal 0 0 -1
    outer loop
      vertex 74.3474 52.2736 0.599999
      vertex 74.1911 53.1599 0.599999
      vertex 74.3436 53.1972 0.599999
    endloop
  endfacet
  facet normal 0 0 -1
    outer loop
      vertex 74.0743 52.2437 0.599999
      vertex 74.1911 53.1599 0.599999
      vertex 74.3474 52.2736 0.599999
    endloop
  endfacet
  facet normal 0 0 -1
    outer loop
      vertex 74.0743 52.2437 0.599999
      vertex 74.0351 53.1428 0.599999
      vertex 74.1911 53.1599 0.599999
    endloop
  endfacet
  facet normal 0 0 -1
    outer loop
      vertex 74.0743 52.2437 0.599999
      vertex 73.8781 53.1462 0.599999
      vertex 74.0351 53.1428 0.599999
    endloop
  endfacet
  facet normal 0 0 -1
    outer loop
      vertex 73.7997 52.2497 0.599999
      vertex 73.8781 53.1462 0.599999
      vertex 74.0743 52.2437 0.599999
    endloop
  endfacet
  facet normal 0 0 -1
    outer loop
      vertex 73.7997 52.2497 0.599999
      vertex 73.723 53.1701 0.599999
      vertex 73.8781 53.1462 0.599999
    endloop
  endfacet
  facet normal 0 0 -1
    outer loop
      vertex 73.5282 52.2915 0.599999
      vertex 73.723 53.1701 0.599999
      vertex 73.7997 52.2497 0.599999
    endloop
  endfacet
  facet normal -0 0 -1
    outer loop
      vertex 73.723 53.1701 0.599999
      vertex 73.5282 52.2915 0.599999
      vertex 73.5723 53.2141 0.599999
    endloop
  endfacet
  facet normal 0 0 -1
    outer loop
      vertex 73.2645 52.3683 0.599999
      vertex 73.5723 53.2141 0.599999
      vertex 73.5282 52.2915 0.599999
    endloop
  endfacet
  facet normal -0 0 -1
    outer loop
      vertex 73.5723 53.2141 0.599999
      vertex 73.2645 52.3683 0.599999
      vertex 73.4286 53.2773 0.599999
    endloop
  endfacet
  facet normal 0 0 -1
    outer loop
      vertex 73.0131 52.479 0.599999
      vertex 73.4286 53.2773 0.599999
      vertex 73.2645 52.3683 0.599999
    endloop
  endfacet
  facet normal -0 0 -1
    outer loop
      vertex 73.4286 53.2773 0.599999
      vertex 73.0131 52.479 0.599999
      vertex 73.2944 53.3587 0.599999
    endloop
  endfacet
  facet normal 0 0 -1
    outer loop
      vertex 72.7782 52.6215 0.599999
      vertex 73.2944 53.3587 0.599999
      vertex 73.0131 52.479 0.599999
    endloop
  endfacet
  facet normal -0 0 -1
    outer loop
      vertex 73.2944 53.3587 0.599999
      vertex 72.7782 52.6215 0.599999
      vertex 73.172 53.4569 0.599999
    endloop
  endfacet
  facet normal 0 0 -1
    outer loop
      vertex 72.564 52.7934 0.599999
      vertex 73.172 53.4569 0.599999
      vertex 72.7782 52.6215 0.599999
    endloop
  endfacet
  facet normal -0 0 -1
    outer loop
      vertex 73.172 53.4569 0.599999
      vertex 72.564 52.7934 0.599999
      vertex 73.0635 53.5703 0.599999
    endloop
  endfacet
  facet normal 0 0 -1
    outer loop
      vertex 72.374 52.9918 0.599999
      vertex 73.0635 53.5703 0.599999
      vertex 72.564 52.7934 0.599999
    endloop
  endfacet
  facet normal -0 0 -1
    outer loop
      vertex 73.0635 53.5703 0.599999
      vertex 72.374 52.9918 0.599999
      vertex 72.9707 53.6969 0.599999
    endloop
  endfacet
  facet normal -0 0 -1
    outer loop
      vertex 72.9707 53.6969 0.599999
      vertex 72.2116 53.2134 0.599999
      vertex 72.8952 53.8345 0.599999
    endloop
  endfacet
  facet normal 0 0 -1
    outer loop
      vertex 72.2116 53.2134 0.599999
      vertex 72.9707 53.6969 0.599999
      vertex 72.374 52.9918 0.599999
    endloop
  endfacet
  facet normal 0 0 -1
    outer loop
      vertex 74.9948 54.9864 0.599999
      vertex 75.7539 55.47 0.599999
      vertex 75.0703 54.8488 0.599999
    endloop
  endfacet
  facet normal -0 0 -1
    outer loop
      vertex 75.7539 55.47 0.599999
      vertex 74.9948 54.9864 0.599999
      vertex 75.5914 55.6915 0.599999
    endloop
  endfacet
  facet normal 0 0 -1
    outer loop
      vertex 74.902 55.113 0.599999
      vertex 75.5914 55.6915 0.599999
      vertex 74.9948 54.9864 0.599999
    endloop
  endfacet
  facet normal -0 0 -1
    outer loop
      vertex 75.5914 55.6915 0.599999
      vertex 74.902 55.113 0.599999
      vertex 75.4015 55.89 0.599999
    endloop
  endfacet
  facet normal 0 0 -1
    outer loop
      vertex 74.7934 55.2264 0.599999
      vertex 75.4015 55.89 0.599999
      vertex 74.902 55.113 0.599999
    endloop
  endfacet
  facet normal -0 0 -1
    outer loop
      vertex 75.4015 55.89 0.599999
      vertex 74.7934 55.2264 0.599999
      vertex 75.1872 56.0619 0.599999
    endloop
  endfacet
  facet normal 0 0 -1
    outer loop
      vertex 74.671 55.3247 0.599999
      vertex 75.1872 56.0619 0.599999
      vertex 74.7934 55.2264 0.599999
    endloop
  endfacet
  facet normal -0 0 -1
    outer loop
      vertex 75.1872 56.0619 0.599999
      vertex 74.671 55.3247 0.599999
      vertex 74.9524 56.2044 0.599999
    endloop
  endfacet
  facet normal 0 0 -1
    outer loop
      vertex 74.5368 55.4061 0.599999
      vertex 74.9524 56.2044 0.599999
      vertex 74.671 55.3247 0.599999
    endloop
  endfacet
  facet normal -0 0 -1
    outer loop
      vertex 74.9524 56.2044 0.599999
      vertex 74.5368 55.4061 0.599999
      vertex 74.701 56.315 0.599999
    endloop
  endfacet
  facet normal 0 0 -1
    outer loop
      vertex 74.3932 55.4693 0.599999
      vertex 74.701 56.315 0.599999
      vertex 74.5368 55.4061 0.599999
    endloop
  endfacet
  facet normal -0 0 -1
    outer loop
      vertex 74.701 56.315 0.599999
      vertex 74.3932 55.4693 0.599999
      vertex 74.4373 56.3919 0.599999
    endloop
  endfacet
  facet normal 0 0 -1
    outer loop
      vertex 74.2425 55.5132 0.599999
      vertex 74.4373 56.3919 0.599999
      vertex 74.3932 55.4693 0.599999
    endloop
  endfacet
  facet normal 0 0 -1
    outer loop
      vertex 74.2425 55.5132 0.599999
      vertex 74.1658 56.4337 0.599999
      vertex 74.4373 56.3919 0.599999
    endloop
  endfacet
  facet normal 0 0 -1
    outer loop
      vertex 74.0873 55.5371 0.599999
      vertex 74.1658 56.4337 0.599999
      vertex 74.2425 55.5132 0.599999
    endloop
  endfacet
  facet normal 0 0 -1
    outer loop
      vertex 73.9304 55.5405 0.599999
      vertex 74.1658 56.4337 0.599999
      vertex 74.0873 55.5371 0.599999
    endloop
  endfacet
  facet normal 0 0 -1
    outer loop
      vertex 73.9304 55.5405 0.599999
      vertex 73.8911 56.4397 0.599999
      vertex 74.1658 56.4337 0.599999
    endloop
  endfacet
  facet normal 0 0 -1
    outer loop
      vertex 73.7744 55.5234 0.599999
      vertex 73.8911 56.4397 0.599999
      vertex 73.9304 55.5405 0.599999
    endloop
  endfacet
  facet normal 0 0 -1
    outer loop
      vertex 73.6181 56.4098 0.599999
      vertex 73.7744 55.5234 0.599999
      vertex 73.6219 55.4861 0.599999
    endloop
  endfacet
  facet normal 0 0 -1
    outer loop
      vertex 73.7744 55.5234 0.599999
      vertex 73.6181 56.4098 0.599999
      vertex 73.8911 56.4397 0.599999
    endloop
  endfacet
  facet normal 0 0 -1
    outer loop
      vertex 73.3512 56.3445 0.599999
      vertex 73.6219 55.4861 0.599999
      vertex 73.4756 55.4292 0.599999
    endloop
  endfacet
  facet normal 0 0 -1
    outer loop
      vertex 73.6219 55.4861 0.599999
      vertex 73.3512 56.3445 0.599999
      vertex 73.6181 56.4098 0.599999
    endloop
  endfacet
  facet normal 0 0 -1
    outer loop
      vertex 73.0952 56.2449 0.599999
      vertex 73.4756 55.4292 0.599999
      vertex 73.338 55.3538 0.599999
    endloop
  endfacet
  facet normal 0 0 -1
    outer loop
      vertex 72.8544 56.1128 0.599999
      vertex 73.338 55.3538 0.599999
      vertex 73.2114 55.2609 0.599999
    endloop
  endfacet
  facet normal 0 0 -1
    outer loop
      vertex 72.6329 55.9504 0.599999
      vertex 73.2114 55.2609 0.599999
      vertex 73.098 55.1524 0.599999
    endloop
  endfacet
  facet normal 0 0 -1
    outer loop
      vertex 73.4756 55.4292 0.599999
      vertex 73.0952 56.2449 0.599999
      vertex 73.3512 56.3445 0.599999
    endloop
  endfacet
  facet normal 0 0 -1
    outer loop
      vertex 72.4344 55.7604 0.599999
      vertex 73.098 55.1524 0.599999
      vertex 72.9997 55.03 0.599999
    endloop
  endfacet
  facet normal 0 0 -1
    outer loop
      vertex 72.2625 55.5462 0.599999
      vertex 72.9997 55.03 0.599999
      vertex 72.9183 54.8958 0.599999
    endloop
  endfacet
  facet normal 0 0 -1
    outer loop
      vertex 72.12 55.3114 0.599999
      vertex 72.9183 54.8958 0.599999
      vertex 72.8551 54.7521 0.599999
    endloop
  endfacet
  facet normal 0 0 -1
    outer loop
      vertex 73.338 55.3538 0.599999
      vertex 72.8544 56.1128 0.599999
      vertex 73.0952 56.2449 0.599999
    endloop
  endfacet
  facet normal 0 0 -1
    outer loop
      vertex 72.0094 55.0599 0.599999
      vertex 72.8551 54.7521 0.599999
      vertex 72.8112 54.6014 0.599999
    endloop
  endfacet
  facet normal 0 0 -1
    outer loop
      vertex 71.9325 54.7962 0.599999
      vertex 72.8112 54.6014 0.599999
      vertex 72.7873 54.4463 0.599999
    endloop
  endfacet
  facet normal 0 0 -1
    outer loop
      vertex 73.2114 55.2609 0.599999
      vertex 72.6329 55.9504 0.599999
      vertex 72.8544 56.1128 0.599999
    endloop
  endfacet
  facet normal 0 0 -1
    outer loop
      vertex 71.8907 54.5247 0.599999
      vertex 72.7873 54.4463 0.599999
      vertex 72.7839 54.2893 0.599999
    endloop
  endfacet
  facet normal 0 0 -1
    outer loop
      vertex 72.0795 53.4542 0.599999
      vertex 72.8952 53.8345 0.599999
      vertex 72.2116 53.2134 0.599999
    endloop
  endfacet
  facet normal -0 0 -1
    outer loop
      vertex 72.8952 53.8345 0.599999
      vertex 72.0795 53.4542 0.599999
      vertex 72.8383 53.9808 0.599999
    endloop
  endfacet
  facet normal 0 0 -1
    outer loop
      vertex 73.098 55.1524 0.599999
      vertex 72.4344 55.7604 0.599999
      vertex 72.6329 55.9504 0.599999
    endloop
  endfacet
  facet normal 0 0 -1
    outer loop
      vertex 71.9799 53.7102 0.599999
      vertex 72.8383 53.9808 0.599999
      vertex 72.0795 53.4542 0.599999
    endloop
  endfacet
  facet normal 0 0 -1
    outer loop
      vertex 72.9997 55.03 0.599999
      vertex 72.2625 55.5462 0.599999
      vertex 72.4344 55.7604 0.599999
    endloop
  endfacet
  facet normal -0 0 -1
    outer loop
      vertex 72.8383 53.9808 0.599999
      vertex 71.9799 53.7102 0.599999
      vertex 72.801 54.1333 0.599999
    endloop
  endfacet
  facet normal 0 0 -1
    outer loop
      vertex 72.9183 54.8958 0.599999
      vertex 72.12 55.3114 0.599999
      vertex 72.2625 55.5462 0.599999
    endloop
  endfacet
  facet normal 0 0 -1
    outer loop
      vertex 71.9146 53.977 0.599999
      vertex 72.801 54.1333 0.599999
      vertex 71.9799 53.7102 0.599999
    endloop
  endfacet
  facet normal 0 0 -1
    outer loop
      vertex 72.8551 54.7521 0.599999
      vertex 72.0094 55.0599 0.599999
      vertex 72.12 55.3114 0.599999
    endloop
  endfacet
  facet normal -0 0 -1
    outer loop
      vertex 72.801 54.1333 0.599999
      vertex 71.9146 53.977 0.599999
      vertex 72.7839 54.2893 0.599999
    endloop
  endfacet
  facet normal 0 0 -1
    outer loop
      vertex 72.8112 54.6014 0.599999
      vertex 71.9325 54.7962 0.599999
      vertex 72.0094 55.0599 0.599999
    endloop
  endfacet
  facet normal 0 0 -1
    outer loop
      vertex 71.8847 54.2501 0.599999
      vertex 72.7839 54.2893 0.599999
      vertex 71.9146 53.977 0.599999
    endloop
  endfacet
  facet normal 0 0 -1
    outer loop
      vertex 72.7873 54.4463 0.599999
      vertex 71.8907 54.5247 0.599999
      vertex 71.9325 54.7962 0.599999
    endloop
  endfacet
  facet normal -0 0 -1
    outer loop
      vertex 72.7839 54.2893 0.599999
      vertex 71.8847 54.2501 0.599999
      vertex 71.8907 54.5247 0.599999
    endloop
  endfacet
  facet normal 0.722231 0.691652 0
    outer loop
      vertex 72.564 52.7934 0.599999
      vertex 72.374 52.9918 0
      vertex 72.374 52.9918 0.599999
    endloop
  endfacet
  facet normal 0.722231 0.691652 0
    outer loop
      vertex 72.374 52.9918 0
      vertex 72.564 52.7934 0.599999
      vertex 72.564 52.7934 0
    endloop
  endfacet
  facet normal 0.591285 -0.806463 0
    outer loop
      vertex 72.6329 55.9504 0
      vertex 72.8544 56.1128 0.599999
      vertex 72.6329 55.9504 0.599999
    endloop
  endfacet
  facet normal 0.591285 -0.806463 0
    outer loop
      vertex 72.8544 56.1128 0.599999
      vertex 72.6329 55.9504 0
      vertex 72.8544 56.1128 0
    endloop
  endfacet
  facet normal 0.93195 0.362587 0
    outer loop
      vertex 72.0795 53.4542 0.599999
      vertex 71.9799 53.7102 0
      vertex 71.9799 53.7102 0.599999
    endloop
  endfacet
  facet normal 0.93195 0.362587 0
    outer loop
      vertex 71.9799 53.7102 0
      vertex 72.0795 53.4542 0.599999
      vertex 72.0795 53.4542 0
    endloop
  endfacet
  facet normal -0.152167 -0.988355 0
    outer loop
      vertex 74.1658 56.4337 0
      vertex 74.4373 56.3919 0.599999
      vertex 74.1658 56.4337 0.599999
    endloop
  endfacet
  facet normal -0.152167 -0.988355 -0
    outer loop
      vertex 74.4373 56.3919 0.599999
      vertex 74.1658 56.4337 0
      vertex 74.4373 56.3919 0
    endloop
  endfacet
  facet normal -0.279958 -0.960012 0
    outer loop
      vertex 74.4373 56.3919 0
      vertex 74.701 56.315 0.599999
      vertex 74.4373 56.3919 0.599999
    endloop
  endfacet
  facet normal -0.279958 -0.960012 -0
    outer loop
      vertex 74.701 56.315 0.599999
      vertex 74.4373 56.3919 0
      vertex 74.701 56.315 0
    endloop
  endfacet
  facet normal -0.40269 -0.915337 0
    outer loop
      vertex 74.701 56.315 0
      vertex 74.9524 56.2044 0.599999
      vertex 74.701 56.315 0.599999
    endloop
  endfacet
  facet normal -0.40269 -0.915337 -0
    outer loop
      vertex 74.9524 56.2044 0.599999
      vertex 74.701 56.315 0
      vertex 74.9524 56.2044 0
    endloop
  endfacet
  facet normal 0.518665 0.854978 -0
    outer loop
      vertex 73.0131 52.479 0
      vertex 72.7782 52.6215 0.599999
      vertex 73.0131 52.479 0.599999
    endloop
  endfacet
  facet normal 0.518665 0.854978 0
    outer loop
      vertex 72.7782 52.6215 0.599999
      vertex 73.0131 52.479 0
      vertex 72.7782 52.6215 0
    endloop
  endfacet
  facet normal -0.625715 -0.780051 0
    outer loop
      vertex 75.1872 56.0619 0
      vertex 75.4015 55.89 0.599999
      vertex 75.1872 56.0619 0.599999
    endloop
  endfacet
  facet normal -0.625715 -0.780051 -0
    outer loop
      vertex 75.4015 55.89 0.599999
      vertex 75.1872 56.0619 0
      vertex 75.4015 55.89 0
    endloop
  endfacet
  facet normal 0.237652 -0.97135 0
    outer loop
      vertex 73.3512 56.3445 0
      vertex 73.6181 56.4098 0.599999
      vertex 73.3512 56.3445 0.599999
    endloop
  endfacet
  facet normal 0.237652 -0.97135 0
    outer loop
      vertex 73.6181 56.4098 0.599999
      vertex 73.3512 56.3445 0
      vertex 73.6181 56.4098 0
    endloop
  endfacet
  facet normal 0.152167 0.988355 -0
    outer loop
      vertex 73.7997 52.2497 0
      vertex 73.5282 52.2915 0.599999
      vertex 73.7997 52.2497 0.599999
    endloop
  endfacet
  facet normal 0.152167 0.988355 0
    outer loop
      vertex 73.5282 52.2915 0.599999
      vertex 73.7997 52.2497 0
      vertex 73.5282 52.2915 0
    endloop
  endfacet
  facet normal -0.481094 0.876669 0
    outer loop
      vertex 75.1111 52.5706 0
      vertex 74.8702 52.4384 0.599999
      vertex 75.1111 52.5706 0.599999
    endloop
  endfacet
  facet normal -0.481094 0.876669 0
    outer loop
      vertex 74.8702 52.4384 0.599999
      vertex 75.1111 52.5706 0
      vertex 74.8702 52.4384 0
    endloop
  endfacet
  facet normal -0.854718 0.519092 0
    outer loop
      vertex 75.7029 53.1372 0
      vertex 75.8455 53.372 0.599999
      vertex 75.8455 53.372 0
    endloop
  endfacet
  facet normal -0.854718 0.519092 0
    outer loop
      vertex 75.8455 53.372 0.599999
      vertex 75.7029 53.1372 0
      vertex 75.7029 53.1372 0.599999
    endloop
  endfacet
  facet normal -0.806289 -0.591521 0
    outer loop
      vertex 75.7539 55.47 0
      vertex 75.5914 55.6915 0.599999
      vertex 75.5914 55.6915 0
    endloop
  endfacet
  facet normal -0.806289 -0.591521 0
    outer loop
      vertex 75.5914 55.6915 0.599999
      vertex 75.7539 55.47 0
      vertex 75.7539 55.47 0.599999
    endloop
  endfacet
  facet normal 0.80659 0.591111 0
    outer loop
      vertex 72.374 52.9918 0.599999
      vertex 72.2116 53.2134 0
      vertex 72.2116 53.2134 0.599999
    endloop
  endfacet
  facet normal 0.80659 0.591111 0
    outer loop
      vertex 72.2116 53.2134 0
      vertex 72.374 52.9918 0.599999
      vertex 72.374 52.9918 0
    endloop
  endfacet
  facet normal 0.108873 -0.994056 0
    outer loop
      vertex 73.6181 56.4098 0
      vertex 73.8911 56.4397 0.599999
      vertex 73.6181 56.4098 0.599999
    endloop
  endfacet
  facet normal 0.108873 -0.994056 0
    outer loop
      vertex 73.8911 56.4397 0.599999
      vertex 73.6181 56.4098 0
      vertex 73.8911 56.4397 0
    endloop
  endfacet
  facet normal -0.876738 -0.480968 0
    outer loop
      vertex 75.886 55.2292 0
      vertex 75.7539 55.47 0.599999
      vertex 75.7539 55.47 0
    endloop
  endfacet
  facet normal -0.876738 -0.480968 0
    outer loop
      vertex 75.7539 55.47 0.599999
      vertex 75.886 55.2292 0
      vertex 75.886 55.2292 0.599999
    endloop
  endfacet
  facet normal 0.480968 -0.876738 0
    outer loop
      vertex 72.8544 56.1128 0
      vertex 73.0952 56.2449 0.599999
      vertex 72.8544 56.1128 0.599999
    endloop
  endfacet
  facet normal 0.480968 -0.876738 0
    outer loop
      vertex 73.0952 56.2449 0.599999
      vertex 72.8544 56.1128 0
      vertex 73.0952 56.2449 0
    endloop
  endfacet
  facet normal 0.876738 0.480968 0
    outer loop
      vertex 72.2116 53.2134 0.599999
      vertex 72.0795 53.4542 0
      vertex 72.0795 53.4542 0.599999
    endloop
  endfacet
  facet normal 0.876738 0.480968 0
    outer loop
      vertex 72.0795 53.4542 0
      vertex 72.2116 53.2134 0.599999
      vertex 72.2116 53.2134 0
    endloop
  endfacet
  facet normal -0.999761 0.0218447 0
    outer loop
      vertex 76.0747 54.1587 0
      vertex 76.0807 54.4333 0.599999
      vertex 76.0807 54.4333 0
    endloop
  endfacet
  facet normal -0.999761 0.0218447 0
    outer loop
      vertex 76.0807 54.4333 0.599999
      vertex 76.0747 54.1587 0
      vertex 76.0747 54.1587 0.599999
    endloop
  endfacet
  facet normal 0.85488 -0.518826 0
    outer loop
      vertex 72.12 55.3114 0.599999
      vertex 72.2625 55.5462 0
      vertex 72.2625 55.5462 0.599999
    endloop
  endfacet
  facet normal 0.85488 -0.518826 0
    outer loop
      vertex 72.2625 55.5462 0
      vertex 72.12 55.3114 0.599999
      vertex 72.12 55.3114 0
    endloop
  endfacet
  facet normal -0.518826 -0.85488 0
    outer loop
      vertex 74.9524 56.2044 0
      vertex 75.1872 56.0619 0.599999
      vertex 74.9524 56.2044 0.599999
    endloop
  endfacet
  facet normal -0.518826 -0.85488 -0
    outer loop
      vertex 75.1872 56.0619 0.599999
      vertex 74.9524 56.2044 0
      vertex 75.1872 56.0619 0
    endloop
  endfacet
  facet normal -0.960041 0.27986 0
    outer loop
      vertex 75.9561 53.6234 0
      vertex 76.033 53.8872 0.599999
      vertex 76.033 53.8872 0
    endloop
  endfacet
  facet normal -0.960041 0.27986 0
    outer loop
      vertex 76.033 53.8872 0.599999
      vertex 75.9561 53.6234 0
      vertex 75.9561 53.6234 0.599999
    endloop
  endfacet
  facet normal -0.108833 0.99406 0
    outer loop
      vertex 74.3474 52.2736 0
      vertex 74.0743 52.2437 0.599999
      vertex 74.3474 52.2736 0.599999
    endloop
  endfacet
  facet normal -0.108833 0.99406 0
    outer loop
      vertex 74.0743 52.2437 0.599999
      vertex 74.3474 52.2736 0
      vertex 74.0743 52.2437 0
    endloop
  endfacet
  facet normal -0.237736 0.97133 0
    outer loop
      vertex 74.6142 52.3389 0
      vertex 74.3474 52.2736 0.599999
      vertex 74.6142 52.3389 0.599999
    endloop
  endfacet
  facet normal -0.237736 0.97133 0
    outer loop
      vertex 74.3474 52.2736 0.599999
      vertex 74.6142 52.3389 0
      vertex 74.3474 52.2736 0
    endloop
  endfacet
  facet normal -0.97135 -0.237652 0
    outer loop
      vertex 76.0508 54.7063 0
      vertex 75.9855 54.9732 0.599999
      vertex 75.9855 54.9732 0
    endloop
  endfacet
  facet normal -0.97135 -0.237652 0
    outer loop
      vertex 75.9855 54.9732 0.599999
      vertex 76.0508 54.7063 0
      vertex 76.0508 54.7063 0.599999
    endloop
  endfacet
  facet normal 0.779909 -0.625893 0
    outer loop
      vertex 72.2625 55.5462 0.599999
      vertex 72.4344 55.7604 0
      vertex 72.4344 55.7604 0.599999
    endloop
  endfacet
  facet normal 0.779909 -0.625893 0
    outer loop
      vertex 72.4344 55.7604 0
      vertex 72.2625 55.5462 0.599999
      vertex 72.2625 55.5462 0
    endloop
  endfacet
  facet normal -0.915337 0.40269 0
    outer loop
      vertex 75.8455 53.372 0
      vertex 75.9561 53.6234 0.599999
      vertex 75.9561 53.6234 0
    endloop
  endfacet
  facet normal -0.915337 0.40269 0
    outer loop
      vertex 75.9561 53.6234 0.599999
      vertex 75.8455 53.372 0
      vertex 75.8455 53.372 0.599999
    endloop
  endfacet
  facet normal 0.402995 0.915202 -0
    outer loop
      vertex 73.2645 52.3683 0
      vertex 73.0131 52.479 0.599999
      vertex 73.2645 52.3683 0.599999
    endloop
  endfacet
  facet normal 0.402995 0.915202 0
    outer loop
      vertex 73.0131 52.479 0.599999
      vertex 73.2645 52.3683 0
      vertex 73.0131 52.479 0
    endloop
  endfacet
  facet normal -0.994056 -0.108873 0
    outer loop
      vertex 76.0807 54.4333 0
      vertex 76.0508 54.7063 0.599999
      vertex 76.0508 54.7063 0
    endloop
  endfacet
  facet normal -0.994056 -0.108873 0
    outer loop
      vertex 76.0508 54.7063 0.599999
      vertex 76.0807 54.4333 0
      vertex 76.0807 54.4333 0.599999
    endloop
  endfacet
  facet normal -0.362271 0.932073 0
    outer loop
      vertex 74.8702 52.4384 0
      vertex 74.6142 52.3389 0.599999
      vertex 74.8702 52.4384 0.599999
    endloop
  endfacet
  facet normal -0.362271 0.932073 0
    outer loop
      vertex 74.6142 52.3389 0.599999
      vertex 74.8702 52.4384 0
      vertex 74.6142 52.3389 0
    endloop
  endfacet
  facet normal -0.591285 0.806463 0
    outer loop
      vertex 75.3326 52.733 0
      vertex 75.1111 52.5706 0.599999
      vertex 75.3326 52.733 0.599999
    endloop
  endfacet
  facet normal -0.591285 0.806463 0
    outer loop
      vertex 75.1111 52.5706 0.599999
      vertex 75.3326 52.733 0
      vertex 75.1111 52.5706 0
    endloop
  endfacet
  facet normal -0.108963 0.994046 0
    outer loop
      vertex 108.557 -12.165 0.599999
      vertex 108.401 -12.1821 2.4
      vertex 108.557 -12.165 2.4
    endloop
  endfacet
  facet normal -0.108963 0.994046 0
    outer loop
      vertex 108.401 -12.1821 2.4
      vertex 108.557 -12.165 0.599999
      vertex 108.401 -12.1821 0.599999
    endloop
  endfacet
  facet normal 0.999817 -0.0191048 0
    outer loop
      vertex 107.15 -11.0356 2.4
      vertex 107.153 -10.8786 0.599999
      vertex 107.153 -10.8786 2.4
    endloop
  endfacet
  facet normal 0.999817 -0.0191048 0
    outer loop
      vertex 107.153 -10.8786 0.599999
      vertex 107.15 -11.0356 2.4
      vertex 107.15 -11.0356 0.599999
    endloop
  endfacet
  facet normal 0.994115 0.108333 0
    outer loop
      vertex 107.167 -11.1916 2.4
      vertex 107.15 -11.0356 0.599999
      vertex 107.15 -11.0356 2.4
    endloop
  endfacet
  facet normal 0.994115 0.108333 0
    outer loop
      vertex 107.15 -11.0356 0.599999
      vertex 107.167 -11.1916 2.4
      vertex 107.167 -11.1916 0.599999
    endloop
  endfacet
  facet normal 0.988239 -0.152919 0
    outer loop
      vertex 107.153 -10.8786 2.4
      vertex 107.177 -10.7235 0.599999
      vertex 107.177 -10.7235 2.4
    endloop
  endfacet
  facet normal 0.988239 -0.152919 0
    outer loop
      vertex 107.177 -10.7235 0.599999
      vertex 107.153 -10.8786 2.4
      vertex 107.153 -10.8786 0.599999
    endloop
  endfacet
  facet normal 0.238384 -0.971171 0
    outer loop
      vertex 107.988 -9.83876 0.599999
      vertex 108.14 -9.80145 2.4
      vertex 107.988 -9.83876 2.4
    endloop
  endfacet
  facet normal 0.238384 -0.971171 0
    outer loop
      vertex 108.14 -9.80145 2.4
      vertex 107.988 -9.83876 0.599999
      vertex 108.14 -9.80145 0.599999
    endloop
  endfacet
  facet normal -0.78062 0.625006 0
    outer loop
      vertex 109.233 -11.7939 0.599999
      vertex 109.331 -11.6715 2.4
      vertex 109.331 -11.6715 0.599999
    endloop
  endfacet
  facet normal -0.78062 0.625006 0
    outer loop
      vertex 109.331 -11.6715 2.4
      vertex 109.233 -11.7939 0.599999
      vertex 109.233 -11.7939 2.4
    endloop
  endfacet
  facet normal -0.994122 -0.108264 0
    outer loop
      vertex 109.547 -10.9309 0.599999
      vertex 109.53 -10.7748 2.4
      vertex 109.53 -10.7748 0.599999
    endloop
  endfacet
  facet normal -0.994122 -0.108264 0
    outer loop
      vertex 109.53 -10.7748 2.4
      vertex 109.547 -10.9309 0.599999
      vertex 109.547 -10.9309 2.4
    endloop
  endfacet
  facet normal -0.516314 -0.8564 0
    outer loop
      vertex 108.902 -9.91881 0.599999
      vertex 109.037 -10.0002 2.4
      vertex 108.902 -9.91881 2.4
    endloop
  endfacet
  facet normal -0.516314 -0.8564 -0
    outer loop
      vertex 109.037 -10.0002 2.4
      vertex 108.902 -9.91881 0.599999
      vertex 109.037 -10.0002 0.599999
    endloop
  endfacet
  facet normal 0.856139 -0.516746 0
    outer loop
      vertex 107.284 -10.4291 2.4
      vertex 107.365 -10.2949 0.599999
      vertex 107.365 -10.2949 2.4
    endloop
  endfacet
  facet normal 0.856139 -0.516746 0
    outer loop
      vertex 107.365 -10.2949 0.599999
      vertex 107.284 -10.4291 2.4
      vertex 107.284 -10.4291 0.599999
    endloop
  endfacet
  facet normal 0.971806 0.235782 0
    outer loop
      vertex 107.204 -11.3441 2.4
      vertex 107.167 -11.1916 0.599999
      vertex 107.167 -11.1916 2.4
    endloop
  endfacet
  facet normal 0.971806 0.235782 0
    outer loop
      vertex 107.167 -11.1916 0.599999
      vertex 107.204 -11.3441 2.4
      vertex 107.204 -11.3441 0.599999
    endloop
  endfacet
  facet normal 0.590192 -0.807263 0
    outer loop
      vertex 107.577 -10.064 0.599999
      vertex 107.704 -9.97115 2.4
      vertex 107.577 -10.064 2.4
    endloop
  endfacet
  facet normal 0.590192 -0.807263 0
    outer loop
      vertex 107.704 -9.97115 2.4
      vertex 107.577 -10.064 0.599999
      vertex 107.704 -9.97115 0.599999
    endloop
  endfacet
  facet normal 0.805919 0.592026 0
    outer loop
      vertex 107.429 -11.7546 2.4
      vertex 107.336 -11.628 0.599999
      vertex 107.336 -11.628 2.4
    endloop
  endfacet
  facet normal 0.805919 0.592026 0
    outer loop
      vertex 107.336 -11.628 0.599999
      vertex 107.429 -11.7546 2.4
      vertex 107.429 -11.7546 0.599999
    endloop
  endfacet
  facet normal -0.482655 0.875811 0
    outer loop
      vertex 108.993 -11.9953 0.599999
      vertex 108.856 -12.0708 2.4
      vertex 108.993 -11.9953 2.4
    endloop
  endfacet
  facet normal -0.482655 0.875811 0
    outer loop
      vertex 108.856 -12.0708 2.4
      vertex 108.993 -11.9953 0.599999
      vertex 108.856 -12.0708 0.599999
    endloop
  endfacet
  facet normal 0.91585 -0.401521 0
    outer loop
      vertex 107.221 -10.5728 2.4
      vertex 107.284 -10.4291 0.599999
      vertex 107.284 -10.4291 2.4
    endloop
  endfacet
  facet normal 0.91585 -0.401521 0
    outer loop
      vertex 107.284 -10.4291 0.599999
      vertex 107.221 -10.5728 2.4
      vertex 107.221 -10.5728 0.599999
    endloop
  endfacet
  facet normal 0.959921 -0.280269 0
    outer loop
      vertex 107.177 -10.7235 2.4
      vertex 107.221 -10.5728 0.599999
      vertex 107.221 -10.5728 2.4
    endloop
  endfacet
  facet normal 0.959921 -0.280269 0
    outer loop
      vertex 107.221 -10.5728 0.599999
      vertex 107.177 -10.7235 2.4
      vertex 107.177 -10.7235 0.599999
    endloop
  endfacet
  facet normal -0.91585 0.401521 0
    outer loop
      vertex 109.413 -11.5373 0.599999
      vertex 109.476 -11.3936 2.4
      vertex 109.476 -11.3936 0.599999
    endloop
  endfacet
  facet normal -0.91585 0.401521 0
    outer loop
      vertex 109.476 -11.3936 2.4
      vertex 109.413 -11.5373 0.599999
      vertex 109.413 -11.5373 2.4
    endloop
  endfacet
  facet normal 0.27917 0.960242 -0
    outer loop
      vertex 108.089 -12.1548 0.599999
      vertex 107.938 -12.1109 2.4
      vertex 108.089 -12.1548 2.4
    endloop
  endfacet
  facet normal 0.27917 0.960242 0
    outer loop
      vertex 107.938 -12.1109 2.4
      vertex 108.089 -12.1548 0.599999
      vertex 107.938 -12.1109 0.599999
    endloop
  endfacet
  facet normal -0.97177 -0.235929 0
    outer loop
      vertex 109.53 -10.7748 0.599999
      vertex 109.493 -10.6224 2.4
      vertex 109.493 -10.6224 0.599999
    endloop
  endfacet
  facet normal -0.97177 -0.235929 0
    outer loop
      vertex 109.493 -10.6224 2.4
      vertex 109.53 -10.7748 0.599999
      vertex 109.53 -10.7748 2.4
    endloop
  endfacet
  facet normal -0.279287 -0.960208 0
    outer loop
      vertex 108.608 -9.81167 0.599999
      vertex 108.759 -9.85559 2.4
      vertex 108.608 -9.81167 2.4
    endloop
  endfacet
  facet normal -0.279287 -0.960208 -0
    outer loop
      vertex 108.759 -9.85559 2.4
      vertex 108.608 -9.81167 0.599999
      vertex 108.759 -9.85559 0.599999
    endloop
  endfacet
  facet normal 0.360921 -0.932596 0
    outer loop
      vertex 107.841 -9.89565 0.599999
      vertex 107.988 -9.83876 2.4
      vertex 107.841 -9.89565 2.4
    endloop
  endfacet
  facet normal 0.360921 -0.932596 0
    outer loop
      vertex 107.988 -9.83876 2.4
      vertex 107.841 -9.89565 0.599999
      vertex 107.988 -9.83876 0.599999
    endloop
  endfacet
  facet normal -0.627416 -0.778685 0
    outer loop
      vertex 109.037 -10.0002 0.599999
      vertex 109.159 -10.0985 2.4
      vertex 109.037 -10.0002 2.4
    endloop
  endfacet
  facet normal -0.627416 -0.778685 -0
    outer loop
      vertex 109.159 -10.0985 2.4
      vertex 109.037 -10.0002 0.599999
      vertex 109.159 -10.0985 0.599999
    endloop
  endfacet
  facet normal 0.878042 0.478584 0
    outer loop
      vertex 107.336 -11.628 2.4
      vertex 107.261 -11.4904 0.599999
      vertex 107.261 -11.4904 2.4
    endloop
  endfacet
  facet normal 0.878042 0.478584 0
    outer loop
      vertex 107.261 -11.4904 0.599999
      vertex 107.336 -11.628 2.4
      vertex 107.336 -11.628 0.599999
    endloop
  endfacet
  facet normal -0.931777 -0.36303 0
    outer loop
      vertex 109.493 -10.6224 0.599999
      vertex 109.436 -10.4761 2.4
      vertex 109.436 -10.4761 0.599999
    endloop
  endfacet
  facet normal -0.931777 -0.36303 0
    outer loop
      vertex 109.436 -10.4761 2.4
      vertex 109.493 -10.6224 0.599999
      vertex 109.493 -10.6224 2.4
    endloop
  endfacet
  facet normal -0.589985 0.807414 0
    outer loop
      vertex 109.12 -11.9025 0.599999
      vertex 108.993 -11.9953 2.4
      vertex 109.12 -11.9025 2.4
    endloop
  endfacet
  facet normal -0.589985 0.807414 0
    outer loop
      vertex 108.993 -11.9953 2.4
      vertex 109.12 -11.9025 0.599999
      vertex 108.993 -11.9953 0.599999
    endloop
  endfacet
  facet normal -0.404346 -0.914606 0
    outer loop
      vertex 108.759 -9.85559 0.599999
      vertex 108.902 -9.91881 2.4
      vertex 108.759 -9.85559 2.4
    endloop
  endfacet
  facet normal -0.404346 -0.914606 -0
    outer loop
      vertex 108.902 -9.91881 2.4
      vertex 108.759 -9.85559 0.599999
      vertex 108.902 -9.91881 0.599999
    endloop
  endfacet
  facet normal 0.519178 0.854666 -0
    outer loop
      vertex 107.794 -12.0476 0.599999
      vertex 107.66 -11.9662 2.4
      vertex 107.794 -12.0476 2.4
    endloop
  endfacet
  facet normal 0.519178 0.854666 0
    outer loop
      vertex 107.66 -11.9662 2.4
      vertex 107.794 -12.0476 0.599999
      vertex 107.66 -11.9662 0.599999
    endloop
  endfacet
  facet normal -0.152268 -0.988339 0
    outer loop
      vertex 108.453 -9.78779 0.599999
      vertex 108.608 -9.81167 2.4
      vertex 108.453 -9.78779 2.4
    endloop
  endfacet
  facet normal -0.152268 -0.988339 -0
    outer loop
      vertex 108.608 -9.81167 2.4
      vertex 108.453 -9.78779 0.599999
      vertex 108.608 -9.81167 0.599999
    endloop
  endfacet
  facet normal 0.720955 0.692982 0
    outer loop
      vertex 107.538 -11.868 2.4
      vertex 107.429 -11.7546 0.599999
      vertex 107.429 -11.7546 2.4
    endloop
  endfacet
  facet normal 0.720955 0.692982 0
    outer loop
      vertex 107.429 -11.7546 0.599999
      vertex 107.538 -11.868 2.4
      vertex 107.538 -11.868 0.599999
    endloop
  endfacet
  facet normal 0.402419 0.915456 -0
    outer loop
      vertex 107.938 -12.1109 0.599999
      vertex 107.794 -12.0476 2.4
      vertex 107.938 -12.1109 2.4
    endloop
  endfacet
  facet normal 0.402419 0.915456 0
    outer loop
      vertex 107.794 -12.0476 2.4
      vertex 107.938 -12.1109 0.599999
      vertex 107.794 -12.0476 0.599999
    endloop
  endfacet
  facet normal 0.627028 0.778996 -0
    outer loop
      vertex 107.66 -11.9662 0.599999
      vertex 107.538 -11.868 2.4
      vertex 107.66 -11.9662 2.4
    endloop
  endfacet
  facet normal 0.627028 0.778996 0
    outer loop
      vertex 107.538 -11.868 2.4
      vertex 107.66 -11.9662 0.599999
      vertex 107.538 -11.868 0.599999
    endloop
  endfacet
  facet normal 0.931777 0.36303 0
    outer loop
      vertex 107.261 -11.4904 2.4
      vertex 107.204 -11.3441 0.599999
      vertex 107.204 -11.3441 2.4
    endloop
  endfacet
  facet normal 0.931777 0.36303 0
    outer loop
      vertex 107.204 -11.3441 0.599999
      vertex 107.261 -11.4904 2.4
      vertex 107.261 -11.4904 0.599999
    endloop
  endfacet
  facet normal 0.1089 -0.994053 0
    outer loop
      vertex 108.14 -9.80145 0.599999
      vertex 108.296 -9.78436 2.4
      vertex 108.14 -9.80145 2.4
    endloop
  endfacet
  facet normal 0.1089 -0.994053 0
    outer loop
      vertex 108.296 -9.78436 2.4
      vertex 108.14 -9.80145 0.599999
      vertex 108.296 -9.78436 0.599999
    endloop
  endfacet
  facet normal -0.959921 0.280269 0
    outer loop
      vertex 109.476 -11.3936 0.599999
      vertex 109.52 -11.2429 2.4
      vertex 109.52 -11.2429 0.599999
    endloop
  endfacet
  facet normal -0.959921 0.280269 0
    outer loop
      vertex 109.52 -11.2429 2.4
      vertex 109.476 -11.3936 0.599999
      vertex 109.476 -11.3936 2.4
    endloop
  endfacet
  facet normal -0.808957 -0.587868 0
    outer loop
      vertex 109.36 -10.3385 0.599999
      vertex 109.268 -10.2119 2.4
      vertex 109.268 -10.2119 0.599999
    endloop
  endfacet
  facet normal -0.808957 -0.587868 0
    outer loop
      vertex 109.268 -10.2119 2.4
      vertex 109.36 -10.3385 0.599999
      vertex 109.36 -10.3385 2.4
    endloop
  endfacet
  facet normal 0.692598 -0.721324 0
    outer loop
      vertex 107.464 -10.1725 0.599999
      vertex 107.577 -10.064 2.4
      vertex 107.464 -10.1725 2.4
    endloop
  endfacet
  facet normal 0.692598 -0.721324 0
    outer loop
      vertex 107.577 -10.064 2.4
      vertex 107.464 -10.1725 0.599999
      vertex 107.577 -10.064 0.599999
    endloop
  endfacet
  facet normal -0.999817 0.019117 0
    outer loop
      vertex 109.544 -11.0878 0.599999
      vertex 109.547 -10.9309 2.4
      vertex 109.547 -10.9309 0.599999
    endloop
  endfacet
  facet normal -0.999817 0.019117 0
    outer loop
      vertex 109.547 -10.9309 2.4
      vertex 109.544 -11.0878 0.599999
      vertex 109.544 -11.0878 2.4
    endloop
  endfacet
  facet normal 0.152393 0.98832 -0
    outer loop
      vertex 108.244 -12.1787 0.599999
      vertex 108.089 -12.1548 2.4
      vertex 108.244 -12.1787 2.4
    endloop
  endfacet
  facet normal 0.152393 0.98832 0
    outer loop
      vertex 108.089 -12.1548 2.4
      vertex 108.244 -12.1787 0.599999
      vertex 108.089 -12.1548 0.599999
    endloop
  endfacet
  facet normal 0.777511 -0.628869 0
    outer loop
      vertex 107.365 -10.2949 2.4
      vertex 107.464 -10.1725 0.599999
      vertex 107.464 -10.1725 2.4
    endloop
  endfacet
  facet normal 0.777511 -0.628869 0
    outer loop
      vertex 107.464 -10.1725 0.599999
      vertex 107.365 -10.2949 2.4
      vertex 107.365 -10.2949 0.599999
    endloop
  endfacet
  facet normal 0.021651 0.999766 -0
    outer loop
      vertex 108.401 -12.1821 0.599999
      vertex 108.244 -12.1787 2.4
      vertex 108.401 -12.1821 2.4
    endloop
  endfacet
  facet normal 0.021651 0.999766 0
    outer loop
      vertex 108.244 -12.1787 2.4
      vertex 108.401 -12.1821 0.599999
      vertex 108.244 -12.1787 0.599999
    endloop
  endfacet
  facet normal -0.875355 -0.483481 0
    outer loop
      vertex 109.436 -10.4761 0.599999
      vertex 109.36 -10.3385 2.4
      vertex 109.36 -10.3385 0.599999
    endloop
  endfacet
  facet normal -0.875355 -0.483481 0
    outer loop
      vertex 109.36 -10.3385 2.4
      vertex 109.436 -10.4761 0.599999
      vertex 109.436 -10.4761 2.4
    endloop
  endfacet
  facet normal -0.0218419 -0.999761 0
    outer loop
      vertex 108.296 -9.78436 0.599999
      vertex 108.453 -9.78779 2.4
      vertex 108.296 -9.78436 2.4
    endloop
  endfacet
  facet normal -0.0218419 -0.999761 -0
    outer loop
      vertex 108.453 -9.78779 2.4
      vertex 108.296 -9.78436 0.599999
      vertex 108.453 -9.78779 0.599999
    endloop
  endfacet
  facet normal -0.238324 0.971186 0
    outer loop
      vertex 108.709 -12.1277 0.599999
      vertex 108.557 -12.165 2.4
      vertex 108.709 -12.1277 2.4
    endloop
  endfacet
  facet normal -0.238324 0.971186 0
    outer loop
      vertex 108.557 -12.165 2.4
      vertex 108.709 -12.1277 0.599999
      vertex 108.557 -12.165 0.599999
    endloop
  endfacet
  facet normal -0.988239 0.152919 0
    outer loop
      vertex 109.52 -11.2429 0.599999
      vertex 109.544 -11.0878 2.4
      vertex 109.544 -11.0878 0.599999
    endloop
  endfacet
  facet normal -0.988239 0.152919 0
    outer loop
      vertex 109.544 -11.0878 2.4
      vertex 109.52 -11.2429 0.599999
      vertex 109.52 -11.2429 2.4
    endloop
  endfacet
  facet normal -0.853313 0.521399 0
    outer loop
      vertex 109.331 -11.6715 0.599999
      vertex 109.413 -11.5373 2.4
      vertex 109.413 -11.5373 0.599999
    endloop
  endfacet
  facet normal -0.853313 0.521399 0
    outer loop
      vertex 109.413 -11.5373 2.4
      vertex 109.331 -11.6715 0.599999
      vertex 109.331 -11.6715 2.4
    endloop
  endfacet
  facet normal -0.360976 0.932575 0
    outer loop
      vertex 108.856 -12.0708 0.599999
      vertex 108.709 -12.1277 2.4
      vertex 108.856 -12.0708 2.4
    endloop
  endfacet
  facet normal -0.360976 0.932575 0
    outer loop
      vertex 108.709 -12.1277 2.4
      vertex 108.856 -12.0708 0.599999
      vertex 108.709 -12.1277 0.599999
    endloop
  endfacet
  facet normal -0.69293 0.721005 0
    outer loop
      vertex 109.233 -11.7939 0.599999
      vertex 109.12 -11.9025 2.4
      vertex 109.233 -11.7939 2.4
    endloop
  endfacet
  facet normal -0.69293 0.721005 0
    outer loop
      vertex 109.12 -11.9025 2.4
      vertex 109.233 -11.7939 0.599999
      vertex 109.12 -11.9025 0.599999
    endloop
  endfacet
  facet normal 0.482655 -0.875811 0
    outer loop
      vertex 107.704 -9.97115 0.599999
      vertex 107.841 -9.89565 2.4
      vertex 107.704 -9.97115 2.4
    endloop
  endfacet
  facet normal 0.482655 -0.875811 0
    outer loop
      vertex 107.841 -9.89565 2.4
      vertex 107.704 -9.97115 0.599999
      vertex 107.841 -9.89565 0.599999
    endloop
  endfacet
  facet normal -0.720955 -0.692982 0
    outer loop
      vertex 109.268 -10.2119 0.599999
      vertex 109.159 -10.0985 2.4
      vertex 109.159 -10.0985 0.599999
    endloop
  endfacet
  facet normal -0.720955 -0.692982 0
    outer loop
      vertex 109.159 -10.0985 2.4
      vertex 109.268 -10.2119 0.599999
      vertex 109.268 -10.2119 2.4
    endloop
  endfacet
  facet normal 0.626249 0.779623 -0
    outer loop
      vertex 107.144 -12.7034 0
      vertex 106.93 -12.5315 0.599999
      vertex 107.144 -12.7034 0.599999
    endloop
  endfacet
  facet normal 0.626249 0.779623 0
    outer loop
      vertex 106.93 -12.5315 0.599999
      vertex 107.144 -12.7034 0
      vertex 106.93 -12.5315 0
    endloop
  endfacet
  facet normal 0.999761 -0.0218447 0
    outer loop
      vertex 106.25 -11.0748 0.599999
      vertex 106.256 -10.8002 0
      vertex 106.256 -10.8002 0.599999
    endloop
  endfacet
  facet normal 0.999761 -0.0218447 0
    outer loop
      vertex 106.256 -10.8002 0
      vertex 106.25 -11.0748 0.599999
      vertex 106.25 -11.0748 0
    endloop
  endfacet
  facet normal 0.994021 0.109193 0
    outer loop
      vertex 106.28 -11.3479 0.599999
      vertex 106.25 -11.0748 0
      vertex 106.25 -11.0748 0.599999
    endloop
  endfacet
  facet normal 0.994021 0.109193 0
    outer loop
      vertex 106.25 -11.0748 0
      vertex 106.28 -11.3479 0.599999
      vertex 106.28 -11.3479 0
    endloop
  endfacet
  facet normal 0.988245 -0.152878 0
    outer loop
      vertex 106.256 -10.8002 0.599999
      vertex 106.298 -10.5287 0
      vertex 106.298 -10.5287 0.599999
    endloop
  endfacet
  facet normal 0.988245 -0.152878 0
    outer loop
      vertex 106.298 -10.5287 0
      vertex 106.256 -10.8002 0.599999
      vertex 106.256 -10.8002 0
    endloop
  endfacet
  facet normal 0.914859 -0.403775 0
    outer loop
      vertex 106.375 -10.265 0.599999
      vertex 106.486 -10.0135 0
      vertex 106.486 -10.0135 0.599999
    endloop
  endfacet
  facet normal 0.914859 -0.403775 0
    outer loop
      vertex 106.486 -10.0135 0
      vertex 106.375 -10.265 0.599999
      vertex 106.375 -10.265 0
    endloop
  endfacet
  facet normal -0.690372 0.723455 0
    outer loop
      vertex 109.897 -12.402 0
      vertex 109.698 -12.5919 0.599999
      vertex 109.897 -12.402 0.599999
    endloop
  endfacet
  facet normal -0.690372 0.723455 0
    outer loop
      vertex 109.698 -12.5919 0.599999
      vertex 109.897 -12.402 0
      vertex 109.698 -12.5919 0
    endloop
  endfacet
  facet normal 0.36246 -0.931999 0
    outer loop
      vertex 107.461 -9.07997 0
      vertex 107.717 -8.98041 0.599999
      vertex 107.461 -9.07997 0.599999
    endloop
  endfacet
  facet normal 0.36246 -0.931999 0
    outer loop
      vertex 107.717 -8.98041 0.599999
      vertex 107.461 -9.07997 0
      vertex 107.717 -8.98041 0
    endloop
  endfacet
  facet normal 0.970739 0.240138 0
    outer loop
      vertex 106.346 -11.6147 0.599999
      vertex 106.28 -11.3479 0
      vertex 106.28 -11.3479 0.599999
    endloop
  endfacet
  facet normal 0.970739 0.240138 0
    outer loop
      vertex 106.28 -11.3479 0
      vertex 106.346 -11.6147 0.599999
      vertex 106.346 -11.6147 0
    endloop
  endfacet
  facet normal 0.959914 -0.280294 0
    outer loop
      vertex 106.298 -10.5287 0.599999
      vertex 106.375 -10.265 0
      vertex 106.375 -10.265 0.599999
    endloop
  endfacet
  facet normal 0.959914 -0.280294 0
    outer loop
      vertex 106.375 -10.265 0
      vertex 106.298 -10.5287 0.599999
      vertex 106.298 -10.5287 0
    endloop
  endfacet
  facet normal -0.988789 0.14932 0
    outer loop
      vertex 110.399 -11.4377 0
      vertex 110.44 -11.1662 0.599999
      vertex 110.44 -11.1662 0
    endloop
  endfacet
  facet normal -0.988789 0.14932 0
    outer loop
      vertex 110.44 -11.1662 0.599999
      vertex 110.399 -11.4377 0
      vertex 110.399 -11.4377 0.599999
    endloop
  endfacet
  facet normal -0.932687 -0.360687 0
    outer loop
      vertex 110.351 -10.3517 0
      vertex 110.252 -10.0957 0.599999
      vertex 110.252 -10.0957 0
    endloop
  endfacet
  facet normal -0.932687 -0.360687 0
    outer loop
      vertex 110.252 -10.0957 0.599999
      vertex 110.351 -10.3517 0
      vertex 110.351 -10.3517 0.599999
    endloop
  endfacet
  facet normal -0.779874 0.625937 0
    outer loop
      vertex 109.897 -12.402 0
      vertex 110.069 -12.1877 0.599999
      vertex 110.069 -12.1877 0
    endloop
  endfacet
  facet normal -0.779874 0.625937 0
    outer loop
      vertex 110.069 -12.1877 0.599999
      vertex 109.897 -12.402 0
      vertex 109.897 -12.402 0.599999
    endloop
  endfacet
  facet normal -0.0218561 -0.999761 0
    outer loop
      vertex 108.257 -8.88522 0
      vertex 108.531 -8.89121 0.599999
      vertex 108.257 -8.88522 0.599999
    endloop
  endfacet
  facet normal -0.0218561 -0.999761 -0
    outer loop
      vertex 108.531 -8.89121 0.599999
      vertex 108.257 -8.88522 0
      vertex 108.531 -8.89121 0
    endloop
  endfacet
  facet normal 0.021813 0.999762 -0
    outer loop
      vertex 108.44 -13.0812 0
      vertex 108.165 -13.0752 0.599999
      vertex 108.44 -13.0812 0.599999
    endloop
  endfacet
  facet normal 0.021813 0.999762 0
    outer loop
      vertex 108.165 -13.0752 0.599999
      vertex 108.44 -13.0812 0
      vertex 108.165 -13.0752 0
    endloop
  endfacet
  facet normal 0.27933 0.960195 -0
    outer loop
      vertex 107.894 -13.0334 0
      vertex 107.63 -12.9566 0.599999
      vertex 107.894 -13.0334 0.599999
    endloop
  endfacet
  facet normal 0.27933 0.960195 0
    outer loop
      vertex 107.63 -12.9566 0.599999
      vertex 107.894 -13.0334 0
      vertex 107.63 -12.9566 0
    endloop
  endfacet
  facet normal -0.722283 -0.691598 0
    outer loop
      vertex 109.957 -9.63337 0
      vertex 109.767 -9.43494 0.599999
      vertex 109.767 -9.43494 0
    endloop
  endfacet
  facet normal -0.722283 -0.691598 0
    outer loop
      vertex 109.767 -9.43494 0.599999
      vertex 109.957 -9.63337 0
      vertex 109.957 -9.63337 0.599999
    endloop
  endfacet
  facet normal 0.690467 -0.723364 0
    outer loop
      vertex 106.8 -9.56448 0
      vertex 106.999 -9.37453 0.599999
      vertex 106.8 -9.56448 0.599999
    endloop
  endfacet
  facet normal 0.690467 -0.723364 0
    outer loop
      vertex 106.999 -9.37453 0.599999
      vertex 106.8 -9.56448 0
      vertex 106.999 -9.37453 0
    endloop
  endfacet
  facet normal 0 0 -1
    outer loop
      vertex 109.547 -10.9309 0.599999
      vertex 110.446 -10.8916 0.599999
      vertex 110.44 -11.1662 0.599999
    endloop
  endfacet
  facet normal 0 0 -1
    outer loop
      vertex 109.544 -11.0878 0.599999
      vertex 110.44 -11.1662 0.599999
      vertex 110.399 -11.4377 0.599999
    endloop
  endfacet
  facet normal -0 0 -1
    outer loop
      vertex 110.446 -10.8916 0.599999
      vertex 109.547 -10.9309 0.599999
      vertex 110.416 -10.6186 0.599999
    endloop
  endfacet
  facet normal 0 0 -1
    outer loop
      vertex 109.52 -11.2429 0.599999
      vertex 110.399 -11.4377 0.599999
      vertex 110.322 -11.7015 0.599999
    endloop
  endfacet
  facet normal 0 0 -1
    outer loop
      vertex 109.53 -10.7748 0.599999
      vertex 110.416 -10.6186 0.599999
      vertex 109.547 -10.9309 0.599999
    endloop
  endfacet
  facet normal 0 0 -1
    outer loop
      vertex 109.476 -11.3936 0.599999
      vertex 110.322 -11.7015 0.599999
      vertex 110.211 -11.9529 0.599999
    endloop
  endfacet
  facet normal -0 0 -1
    outer loop
      vertex 110.416 -10.6186 0.599999
      vertex 109.53 -10.7748 0.599999
      vertex 110.351 -10.3517 0.599999
    endloop
  endfacet
  facet normal 0 0 -1
    outer loop
      vertex 109.413 -11.5373 0.599999
      vertex 110.211 -11.9529 0.599999
      vertex 110.069 -12.1877 0.599999
    endloop
  endfacet
  facet normal 0 0 -1
    outer loop
      vertex 109.493 -10.6224 0.599999
      vertex 110.351 -10.3517 0.599999
      vertex 109.53 -10.7748 0.599999
    endloop
  endfacet
  facet normal 0 0 -1
    outer loop
      vertex 109.331 -11.6715 0.599999
      vertex 110.069 -12.1877 0.599999
      vertex 109.897 -12.402 0.599999
    endloop
  endfacet
  facet normal -0 0 -1
    outer loop
      vertex 110.351 -10.3517 0.599999
      vertex 109.493 -10.6224 0.599999
      vertex 110.252 -10.0957 0.599999
    endloop
  endfacet
  facet normal 0 0 -1
    outer loop
      vertex 109.233 -11.7939 0.599999
      vertex 109.897 -12.402 0.599999
      vertex 109.698 -12.5919 0.599999
    endloop
  endfacet
  facet normal 0 0 -1
    outer loop
      vertex 109.436 -10.4761 0.599999
      vertex 110.252 -10.0957 0.599999
      vertex 109.493 -10.6224 0.599999
    endloop
  endfacet
  facet normal -0 0 -1
    outer loop
      vertex 110.252 -10.0957 0.599999
      vertex 109.436 -10.4761 0.599999
      vertex 110.119 -9.85489 0.599999
    endloop
  endfacet
  facet normal 0 0 -1
    outer loop
      vertex 110.44 -11.1662 0.599999
      vertex 109.544 -11.0878 0.599999
      vertex 109.547 -10.9309 0.599999
    endloop
  endfacet
  facet normal 0 0 -1
    outer loop
      vertex 110.399 -11.4377 0.599999
      vertex 109.52 -11.2429 0.599999
      vertex 109.544 -11.0878 0.599999
    endloop
  endfacet
  facet normal 0 0 -1
    outer loop
      vertex 109.12 -11.9025 0.599999
      vertex 109.698 -12.5919 0.599999
      vertex 109.477 -12.7543 0.599999
    endloop
  endfacet
  facet normal 0 0 -1
    outer loop
      vertex 110.322 -11.7015 0.599999
      vertex 109.476 -11.3936 0.599999
      vertex 109.52 -11.2429 0.599999
    endloop
  endfacet
  facet normal 0 0 -1
    outer loop
      vertex 110.211 -11.9529 0.599999
      vertex 109.413 -11.5373 0.599999
      vertex 109.476 -11.3936 0.599999
    endloop
  endfacet
  facet normal 0 0 -1
    outer loop
      vertex 110.069 -12.1877 0.599999
      vertex 109.331 -11.6715 0.599999
      vertex 109.413 -11.5373 0.599999
    endloop
  endfacet
  facet normal 0 0 -1
    outer loop
      vertex 108.993 -11.9953 0.599999
      vertex 109.477 -12.7543 0.599999
      vertex 109.236 -12.8865 0.599999
    endloop
  endfacet
  facet normal 0 0 -1
    outer loop
      vertex 109.897 -12.402 0.599999
      vertex 109.233 -11.7939 0.599999
      vertex 109.331 -11.6715 0.599999
    endloop
  endfacet
  facet normal 0 0 -1
    outer loop
      vertex 109.698 -12.5919 0.599999
      vertex 109.12 -11.9025 0.599999
      vertex 109.233 -11.7939 0.599999
    endloop
  endfacet
  facet normal 0 0 -1
    outer loop
      vertex 109.477 -12.7543 0.599999
      vertex 108.993 -11.9953 0.599999
      vertex 109.12 -11.9025 0.599999
    endloop
  endfacet
  facet normal 0 0 -1
    outer loop
      vertex 108.856 -12.0708 0.599999
      vertex 109.236 -12.8865 0.599999
      vertex 108.98 -12.986 0.599999
    endloop
  endfacet
  facet normal 0 0 -1
    outer loop
      vertex 109.236 -12.8865 0.599999
      vertex 108.856 -12.0708 0.599999
      vertex 108.993 -11.9953 0.599999
    endloop
  endfacet
  facet normal 0 0 -1
    outer loop
      vertex 108.709 -12.1277 0.599999
      vertex 108.98 -12.986 0.599999
      vertex 108.713 -13.0513 0.599999
    endloop
  endfacet
  facet normal 0 0 -1
    outer loop
      vertex 108.98 -12.986 0.599999
      vertex 108.709 -12.1277 0.599999
      vertex 108.856 -12.0708 0.599999
    endloop
  endfacet
  facet normal 0 0 -1
    outer loop
      vertex 108.713 -13.0513 0.599999
      vertex 108.557 -12.165 0.599999
      vertex 108.709 -12.1277 0.599999
    endloop
  endfacet
  facet normal 0 0 -1
    outer loop
      vertex 108.44 -13.0812 0.599999
      vertex 108.557 -12.165 0.599999
      vertex 108.713 -13.0513 0.599999
    endloop
  endfacet
  facet normal 0 0 -1
    outer loop
      vertex 108.44 -13.0812 0.599999
      vertex 108.401 -12.1821 0.599999
      vertex 108.557 -12.165 0.599999
    endloop
  endfacet
  facet normal 0 0 -1
    outer loop
      vertex 108.44 -13.0812 0.599999
      vertex 108.244 -12.1787 0.599999
      vertex 108.401 -12.1821 0.599999
    endloop
  endfacet
  facet normal 0 0 -1
    outer loop
      vertex 108.165 -13.0752 0.599999
      vertex 108.244 -12.1787 0.599999
      vertex 108.44 -13.0812 0.599999
    endloop
  endfacet
  facet normal 0 0 -1
    outer loop
      vertex 108.165 -13.0752 0.599999
      vertex 108.089 -12.1548 0.599999
      vertex 108.244 -12.1787 0.599999
    endloop
  endfacet
  facet normal 0 0 -1
    outer loop
      vertex 107.894 -13.0334 0.599999
      vertex 108.089 -12.1548 0.599999
      vertex 108.165 -13.0752 0.599999
    endloop
  endfacet
  facet normal -0 0 -1
    outer loop
      vertex 108.089 -12.1548 0.599999
      vertex 107.894 -13.0334 0.599999
      vertex 107.938 -12.1109 0.599999
    endloop
  endfacet
  facet normal 0 0 -1
    outer loop
      vertex 107.63 -12.9566 0.599999
      vertex 107.938 -12.1109 0.599999
      vertex 107.894 -13.0334 0.599999
    endloop
  endfacet
  facet normal -0 0 -1
    outer loop
      vertex 107.938 -12.1109 0.599999
      vertex 107.63 -12.9566 0.599999
      vertex 107.794 -12.0476 0.599999
    endloop
  endfacet
  facet normal 0 0 -1
    outer loop
      vertex 107.379 -12.8459 0.599999
      vertex 107.794 -12.0476 0.599999
      vertex 107.63 -12.9566 0.599999
    endloop
  endfacet
  facet normal -0 0 -1
    outer loop
      vertex 107.794 -12.0476 0.599999
      vertex 107.379 -12.8459 0.599999
      vertex 107.66 -11.9662 0.599999
    endloop
  endfacet
  facet normal 0 0 -1
    outer loop
      vertex 107.144 -12.7034 0.599999
      vertex 107.66 -11.9662 0.599999
      vertex 107.379 -12.8459 0.599999
    endloop
  endfacet
  facet normal -0 0 -1
    outer loop
      vertex 107.66 -11.9662 0.599999
      vertex 107.144 -12.7034 0.599999
      vertex 107.538 -11.868 0.599999
    endloop
  endfacet
  facet normal 0 0 -1
    outer loop
      vertex 106.93 -12.5315 0.599999
      vertex 107.538 -11.868 0.599999
      vertex 107.144 -12.7034 0.599999
    endloop
  endfacet
  facet normal -0 0 -1
    outer loop
      vertex 107.538 -11.868 0.599999
      vertex 106.93 -12.5315 0.599999
      vertex 107.429 -11.7546 0.599999
    endloop
  endfacet
  facet normal 0 0 -1
    outer loop
      vertex 106.74 -12.3331 0.599999
      vertex 107.429 -11.7546 0.599999
      vertex 106.93 -12.5315 0.599999
    endloop
  endfacet
  facet normal -0 0 -1
    outer loop
      vertex 107.429 -11.7546 0.599999
      vertex 106.74 -12.3331 0.599999
      vertex 107.336 -11.628 0.599999
    endloop
  endfacet
  facet normal -0 0 -1
    outer loop
      vertex 107.336 -11.628 0.599999
      vertex 106.577 -12.1115 0.599999
      vertex 107.261 -11.4904 0.599999
    endloop
  endfacet
  facet normal 0 0 -1
    outer loop
      vertex 106.577 -12.1115 0.599999
      vertex 107.336 -11.628 0.599999
      vertex 106.74 -12.3331 0.599999
    endloop
  endfacet
  facet normal 0 0 -1
    outer loop
      vertex 109.36 -10.3385 0.599999
      vertex 110.119 -9.85489 0.599999
      vertex 109.436 -10.4761 0.599999
    endloop
  endfacet
  facet normal -0 0 -1
    outer loop
      vertex 110.119 -9.85489 0.599999
      vertex 109.36 -10.3385 0.599999
      vertex 109.957 -9.63337 0.599999
    endloop
  endfacet
  facet normal 0 0 -1
    outer loop
      vertex 109.268 -10.2119 0.599999
      vertex 109.957 -9.63337 0.599999
      vertex 109.36 -10.3385 0.599999
    endloop
  endfacet
  facet normal -0 0 -1
    outer loop
      vertex 109.957 -9.63337 0.599999
      vertex 109.268 -10.2119 0.599999
      vertex 109.767 -9.43494 0.599999
    endloop
  endfacet
  facet normal 0 0 -1
    outer loop
      vertex 109.159 -10.0985 0.599999
      vertex 109.767 -9.43494 0.599999
      vertex 109.268 -10.2119 0.599999
    endloop
  endfacet
  facet normal -0 0 -1
    outer loop
      vertex 109.767 -9.43494 0.599999
      vertex 109.159 -10.0985 0.599999
      vertex 109.553 -9.263 0.599999
    endloop
  endfacet
  facet normal 0 0 -1
    outer loop
      vertex 109.037 -10.0002 0.599999
      vertex 109.553 -9.263 0.599999
      vertex 109.159 -10.0985 0.599999
    endloop
  endfacet
  facet normal -0 0 -1
    outer loop
      vertex 109.553 -9.263 0.599999
      vertex 109.037 -10.0002 0.599999
      vertex 109.318 -9.1205 0.599999
    endloop
  endfacet
  facet normal 0 0 -1
    outer loop
      vertex 108.902 -9.91881 0.599999
      vertex 109.318 -9.1205 0.599999
      vertex 109.037 -10.0002 0.599999
    endloop
  endfacet
  facet normal -0 0 -1
    outer loop
      vertex 109.318 -9.1205 0.599999
      vertex 108.902 -9.91881 0.599999
      vertex 109.067 -9.00987 0.599999
    endloop
  endfacet
  facet normal 0 0 -1
    outer loop
      vertex 108.759 -9.85559 0.599999
      vertex 109.067 -9.00987 0.599999
      vertex 108.902 -9.91881 0.599999
    endloop
  endfacet
  facet normal -0 0 -1
    outer loop
      vertex 109.067 -9.00987 0.599999
      vertex 108.759 -9.85559 0.599999
      vertex 108.803 -8.933 0.599999
    endloop
  endfacet
  facet normal 0 0 -1
    outer loop
      vertex 108.608 -9.81167 0.599999
      vertex 108.803 -8.933 0.599999
      vertex 108.759 -9.85559 0.599999
    endloop
  endfacet
  facet normal 0 0 -1
    outer loop
      vertex 108.608 -9.81167 0.599999
      vertex 108.531 -8.89121 0.599999
      vertex 108.803 -8.933 0.599999
    endloop
  endfacet
  facet normal 0 0 -1
    outer loop
      vertex 108.453 -9.78779 0.599999
      vertex 108.531 -8.89121 0.599999
      vertex 108.608 -9.81167 0.599999
    endloop
  endfacet
  facet normal 0 0 -1
    outer loop
      vertex 108.296 -9.78436 0.599999
      vertex 108.531 -8.89121 0.599999
      vertex 108.453 -9.78779 0.599999
    endloop
  endfacet
  facet normal 0 0 -1
    outer loop
      vertex 108.296 -9.78436 0.599999
      vertex 108.257 -8.88522 0.599999
      vertex 108.531 -8.89121 0.599999
    endloop
  endfacet
  facet normal 0 0 -1
    outer loop
      vertex 108.14 -9.80145 0.599999
      vertex 108.257 -8.88522 0.599999
      vertex 108.296 -9.78436 0.599999
    endloop
  endfacet
  facet normal 0 0 -1
    outer loop
      vertex 107.984 -8.91512 0.599999
      vertex 108.14 -9.80145 0.599999
      vertex 107.988 -9.83876 0.599999
    endloop
  endfacet
  facet normal 0 0 -1
    outer loop
      vertex 108.14 -9.80145 0.599999
      vertex 107.984 -8.91512 0.599999
      vertex 108.257 -8.88522 0.599999
    endloop
  endfacet
  facet normal 0 0 -1
    outer loop
      vertex 107.717 -8.98041 0.599999
      vertex 107.988 -9.83876 0.599999
      vertex 107.841 -9.89565 0.599999
    endloop
  endfacet
  facet normal 0 0 -1
    outer loop
      vertex 107.988 -9.83876 0.599999
      vertex 107.717 -8.98041 0.599999
      vertex 107.984 -8.91512 0.599999
    endloop
  endfacet
  facet normal 0 0 -1
    outer loop
      vertex 107.461 -9.07997 0.599999
      vertex 107.841 -9.89565 0.599999
      vertex 107.704 -9.97115 0.599999
    endloop
  endfacet
  facet normal 0 0 -1
    outer loop
      vertex 107.22 -9.2121 0.599999
      vertex 107.704 -9.97115 0.599999
      vertex 107.577 -10.064 0.599999
    endloop
  endfacet
  facet normal 0 0 -1
    outer loop
      vertex 106.999 -9.37453 0.599999
      vertex 107.577 -10.064 0.599999
      vertex 107.464 -10.1725 0.599999
    endloop
  endfacet
  facet normal 0 0 -1
    outer loop
      vertex 107.841 -9.89565 0.599999
      vertex 107.461 -9.07997 0.599999
      vertex 107.717 -8.98041 0.599999
    endloop
  endfacet
  facet normal 0 0 -1
    outer loop
      vertex 106.8 -9.56448 0.599999
      vertex 107.464 -10.1725 0.599999
      vertex 107.365 -10.2949 0.599999
    endloop
  endfacet
  facet normal 0 0 -1
    outer loop
      vertex 106.628 -9.77871 0.599999
      vertex 107.365 -10.2949 0.599999
      vertex 107.284 -10.4291 0.599999
    endloop
  endfacet
  facet normal 0 0 -1
    outer loop
      vertex 106.486 -10.0135 0.599999
      vertex 107.284 -10.4291 0.599999
      vertex 107.221 -10.5728 0.599999
    endloop
  endfacet
  facet normal 0 0 -1
    outer loop
      vertex 107.704 -9.97115 0.599999
      vertex 107.22 -9.2121 0.599999
      vertex 107.461 -9.07997 0.599999
    endloop
  endfacet
  facet normal 0 0 -1
    outer loop
      vertex 106.375 -10.265 0.599999
      vertex 107.221 -10.5728 0.599999
      vertex 107.177 -10.7235 0.599999
    endloop
  endfacet
  facet normal 0 0 -1
    outer loop
      vertex 106.298 -10.5287 0.599999
      vertex 107.177 -10.7235 0.599999
      vertex 107.153 -10.8786 0.599999
    endloop
  endfacet
  facet normal 0 0 -1
    outer loop
      vertex 107.577 -10.064 0.599999
      vertex 106.999 -9.37453 0.599999
      vertex 107.22 -9.2121 0.599999
    endloop
  endfacet
  facet normal 0 0 -1
    outer loop
      vertex 106.256 -10.8002 0.599999
      vertex 107.153 -10.8786 0.599999
      vertex 107.15 -11.0356 0.599999
    endloop
  endfacet
  facet normal 0 0 -1
    outer loop
      vertex 106.445 -11.8707 0.599999
      vertex 107.261 -11.4904 0.599999
      vertex 106.577 -12.1115 0.599999
    endloop
  endfacet
  facet normal -0 0 -1
    outer loop
      vertex 107.261 -11.4904 0.599999
      vertex 106.445 -11.8707 0.599999
      vertex 107.204 -11.3441 0.599999
    endloop
  endfacet
  facet normal 0 0 -1
    outer loop
      vertex 107.464 -10.1725 0.599999
      vertex 106.8 -9.56448 0.599999
      vertex 106.999 -9.37453 0.599999
    endloop
  endfacet
  facet normal 0 0 -1
    outer loop
      vertex 106.346 -11.6147 0.599999
      vertex 107.204 -11.3441 0.599999
      vertex 106.445 -11.8707 0.599999
    endloop
  endfacet
  facet normal 0 0 -1
    outer loop
      vertex 107.365 -10.2949 0.599999
      vertex 106.628 -9.77871 0.599999
      vertex 106.8 -9.56448 0.599999
    endloop
  endfacet
  facet normal -0 0 -1
    outer loop
      vertex 107.204 -11.3441 0.599999
      vertex 106.346 -11.6147 0.599999
      vertex 107.167 -11.1916 0.599999
    endloop
  endfacet
  facet normal 0 0 -1
    outer loop
      vertex 107.284 -10.4291 0.599999
      vertex 106.486 -10.0135 0.599999
      vertex 106.628 -9.77871 0.599999
    endloop
  endfacet
  facet normal 0 0 -1
    outer loop
      vertex 106.28 -11.3479 0.599999
      vertex 107.167 -11.1916 0.599999
      vertex 106.346 -11.6147 0.599999
    endloop
  endfacet
  facet normal 0 0 -1
    outer loop
      vertex 107.221 -10.5728 0.599999
      vertex 106.375 -10.265 0.599999
      vertex 106.486 -10.0135 0.599999
    endloop
  endfacet
  facet normal -0 0 -1
    outer loop
      vertex 107.167 -11.1916 0.599999
      vertex 106.28 -11.3479 0.599999
      vertex 107.15 -11.0356 0.599999
    endloop
  endfacet
  facet normal 0 0 -1
    outer loop
      vertex 107.177 -10.7235 0.599999
      vertex 106.298 -10.5287 0.599999
      vertex 106.375 -10.265 0.599999
    endloop
  endfacet
  facet normal 0 0 -1
    outer loop
      vertex 106.25 -11.0748 0.599999
      vertex 107.15 -11.0356 0.599999
      vertex 106.28 -11.3479 0.599999
    endloop
  endfacet
  facet normal 0 0 -1
    outer loop
      vertex 107.153 -10.8786 0.599999
      vertex 106.256 -10.8002 0.599999
      vertex 106.298 -10.5287 0.599999
    endloop
  endfacet
  facet normal -0 0 -1
    outer loop
      vertex 107.15 -11.0356 0.599999
      vertex 106.25 -11.0748 0.599999
      vertex 106.256 -10.8002 0.599999
    endloop
  endfacet
  facet normal 0.722231 0.691652 0
    outer loop
      vertex 106.93 -12.5315 0.599999
      vertex 106.74 -12.3331 0
      vertex 106.74 -12.3331 0.599999
    endloop
  endfacet
  facet normal 0.722231 0.691652 0
    outer loop
      vertex 106.74 -12.3331 0
      vertex 106.93 -12.5315 0.599999
      vertex 106.93 -12.5315 0
    endloop
  endfacet
  facet normal 0.592225 -0.805773 0
    outer loop
      vertex 106.999 -9.37453 0
      vertex 107.22 -9.2121 0.599999
      vertex 106.999 -9.37453 0.599999
    endloop
  endfacet
  facet normal 0.592225 -0.805773 0
    outer loop
      vertex 107.22 -9.2121 0.599999
      vertex 106.999 -9.37453 0
      vertex 107.22 -9.2121 0
    endloop
  endfacet
  facet normal 0.932687 0.360687 0
    outer loop
      vertex 106.445 -11.8707 0.599999
      vertex 106.346 -11.6147 0
      vertex 106.346 -11.6147 0.599999
    endloop
  endfacet
  facet normal 0.932687 0.360687 0
    outer loop
      vertex 106.346 -11.6147 0
      vertex 106.445 -11.8707 0.599999
      vertex 106.445 -11.8707 0
    endloop
  endfacet
  facet normal -0.151858 -0.988402 0
    outer loop
      vertex 108.531 -8.89121 0
      vertex 108.803 -8.933 0.599999
      vertex 108.531 -8.89121 0.599999
    endloop
  endfacet
  facet normal -0.151858 -0.988402 -0
    outer loop
      vertex 108.803 -8.933 0.599999
      vertex 108.531 -8.89121 0
      vertex 108.803 -8.933 0
    endloop
  endfacet
  facet normal -0.279564 -0.960127 0
    outer loop
      vertex 108.803 -8.933 0
      vertex 109.067 -9.00987 0.599999
      vertex 108.803 -8.933 0.599999
    endloop
  endfacet
  facet normal -0.279564 -0.960127 -0
    outer loop
      vertex 109.067 -9.00987 0.599999
      vertex 108.803 -8.933 0
      vertex 109.067 -9.00987 0
    endloop
  endfacet
  facet normal -0.403319 -0.91506 0
    outer loop
      vertex 109.067 -9.00987 0
      vertex 109.318 -9.1205 0.599999
      vertex 109.067 -9.00987 0.599999
    endloop
  endfacet
  facet normal -0.403319 -0.91506 -0
    outer loop
      vertex 109.318 -9.1205 0.599999
      vertex 109.067 -9.00987 0
      vertex 109.318 -9.1205 0
    endloop
  endfacet
  facet normal 0.518503 0.855076 -0
    outer loop
      vertex 107.379 -12.8459 0
      vertex 107.144 -12.7034 0.599999
      vertex 107.379 -12.8459 0.599999
    endloop
  endfacet
  facet normal 0.518503 0.855076 0
    outer loop
      vertex 107.144 -12.7034 0.599999
      vertex 107.379 -12.8459 0
      vertex 107.144 -12.7034 0
    endloop
  endfacet
  facet normal -0.626337 -0.779552 0
    outer loop
      vertex 109.553 -9.263 0
      vertex 109.767 -9.43494 0.599999
      vertex 109.553 -9.263 0.599999
    endloop
  endfacet
  facet normal -0.626337 -0.779552 -0
    outer loop
      vertex 109.767 -9.43494 0.599999
      vertex 109.553 -9.263 0
      vertex 109.767 -9.43494 0
    endloop
  endfacet
  facet normal 0.237533 -0.971379 0
    outer loop
      vertex 107.717 -8.98041 0
      vertex 107.984 -8.91512 0.599999
      vertex 107.717 -8.98041 0.599999
    endloop
  endfacet
  facet normal 0.237533 -0.971379 0
    outer loop
      vertex 107.984 -8.91512 0.599999
      vertex 107.717 -8.98041 0
      vertex 107.984 -8.91512 0
    endloop
  endfacet
  facet normal 0.152441 0.988313 -0
    outer loop
      vertex 108.165 -13.0752 0
      vertex 107.894 -13.0334 0.599999
      vertex 108.165 -13.0752 0.599999
    endloop
  endfacet
  facet normal 0.152441 0.988313 0
    outer loop
      vertex 107.894 -13.0334 0.599999
      vertex 108.165 -13.0752 0
      vertex 107.894 -13.0334 0
    endloop
  endfacet
  facet normal -0.480941 0.876753 0
    outer loop
      vertex 109.477 -12.7543 0
      vertex 109.236 -12.8865 0.599999
      vertex 109.477 -12.7543 0.599999
    endloop
  endfacet
  facet normal -0.480941 0.876753 0
    outer loop
      vertex 109.236 -12.8865 0.599999
      vertex 109.477 -12.7543 0
      vertex 109.236 -12.8865 0
    endloop
  endfacet
  facet normal -0.855687 0.517494 0
    outer loop
      vertex 110.069 -12.1877 0
      vertex 110.211 -11.9529 0.599999
      vertex 110.211 -11.9529 0
    endloop
  endfacet
  facet normal -0.855687 0.517494 0
    outer loop
      vertex 110.211 -11.9529 0.599999
      vertex 110.069 -12.1877 0
      vertex 110.069 -12.1877 0.599999
    endloop
  endfacet
  facet normal -0.807183 -0.590302 0
    outer loop
      vertex 110.119 -9.85489 0
      vertex 109.957 -9.63337 0.599999
      vertex 109.957 -9.63337 0
    endloop
  endfacet
  facet normal -0.807183 -0.590302 0
    outer loop
      vertex 109.957 -9.63337 0.599999
      vertex 110.119 -9.85489 0
      vertex 110.119 -9.85489 0.599999
    endloop
  endfacet
  facet normal 0.805549 0.592529 0
    outer loop
      vertex 106.74 -12.3331 0.599999
      vertex 106.577 -12.1115 0
      vertex 106.577 -12.1115 0.599999
    endloop
  endfacet
  facet normal 0.805549 0.592529 0
    outer loop
      vertex 106.577 -12.1115 0
      vertex 106.74 -12.3331 0.599999
      vertex 106.74 -12.3331 0
    endloop
  endfacet
  facet normal 0.108873 -0.994056 0
    outer loop
      vertex 107.984 -8.91512 0
      vertex 108.257 -8.88522 0.599999
      vertex 107.984 -8.91512 0.599999
    endloop
  endfacet
  facet normal 0.108873 -0.994056 0
    outer loop
      vertex 108.257 -8.88522 0.599999
      vertex 107.984 -8.91512 0
      vertex 108.257 -8.88522 0
    endloop
  endfacet
  facet normal -0.875363 -0.483466 0
    outer loop
      vertex 110.252 -10.0957 0
      vertex 110.119 -9.85489 0.599999
      vertex 110.119 -9.85489 0
    endloop
  endfacet
  facet normal -0.875363 -0.483466 0
    outer loop
      vertex 110.119 -9.85489 0.599999
      vertex 110.252 -10.0957 0
      vertex 110.252 -10.0957 0.599999
    endloop
  endfacet
  facet normal 0.480745 -0.87686 0
    outer loop
      vertex 107.22 -9.2121 0
      vertex 107.461 -9.07997 0.599999
      vertex 107.22 -9.2121 0.599999
    endloop
  endfacet
  facet normal 0.480745 -0.87686 0
    outer loop
      vertex 107.461 -9.07997 0.599999
      vertex 107.22 -9.2121 0
      vertex 107.461 -9.07997 0
    endloop
  endfacet
  facet normal 0.876892 0.480688 0
    outer loop
      vertex 106.577 -12.1115 0.599999
      vertex 106.445 -11.8707 0
      vertex 106.445 -11.8707 0.599999
    endloop
  endfacet
  facet normal 0.876892 0.480688 0
    outer loop
      vertex 106.445 -11.8707 0
      vertex 106.577 -12.1115 0.599999
      vertex 106.577 -12.1115 0
    endloop
  endfacet
  facet normal -0.999761 0.0218447 0
    outer loop
      vertex 110.44 -11.1662 0
      vertex 110.446 -10.8916 0.599999
      vertex 110.446 -10.8916 0
    endloop
  endfacet
  facet normal -0.999761 0.0218447 0
    outer loop
      vertex 110.446 -10.8916 0.599999
      vertex 110.44 -11.1662 0
      vertex 110.44 -11.1662 0.599999
    endloop
  endfacet
  facet normal 0.855677 -0.51751 0
    outer loop
      vertex 106.486 -10.0135 0.599999
      vertex 106.628 -9.77871 0
      vertex 106.628 -9.77871 0.599999
    endloop
  endfacet
  facet normal 0.855677 -0.51751 0
    outer loop
      vertex 106.628 -9.77871 0
      vertex 106.486 -10.0135 0.599999
      vertex 106.486 -10.0135 0
    endloop
  endfacet
  facet normal -0.518503 -0.855076 0
    outer loop
      vertex 109.318 -9.1205 0
      vertex 109.553 -9.263 0.599999
      vertex 109.318 -9.1205 0.599999
    endloop
  endfacet
  facet normal -0.518503 -0.855076 -0
    outer loop
      vertex 109.553 -9.263 0.599999
      vertex 109.318 -9.1205 0
      vertex 109.553 -9.263 0
    endloop
  endfacet
  facet normal -0.959943 0.280196 0
    outer loop
      vertex 110.322 -11.7015 0
      vertex 110.399 -11.4377 0.599999
      vertex 110.399 -11.4377 0
    endloop
  endfacet
  facet normal -0.959943 0.280196 0
    outer loop
      vertex 110.399 -11.4377 0.599999
      vertex 110.322 -11.7015 0
      vertex 110.322 -11.7015 0.599999
    endloop
  endfacet
  facet normal -0.108873 0.994056 0
    outer loop
      vertex 108.713 -13.0513 0
      vertex 108.44 -13.0812 0.599999
      vertex 108.713 -13.0513 0.599999
    endloop
  endfacet
  facet normal -0.108873 0.994056 0
    outer loop
      vertex 108.44 -13.0812 0.599999
      vertex 108.713 -13.0513 0
      vertex 108.44 -13.0812 0
    endloop
  endfacet
  facet normal -0.237568 0.971371 0
    outer loop
      vertex 108.98 -12.986 0
      vertex 108.713 -13.0513 0.599999
      vertex 108.98 -12.986 0.599999
    endloop
  endfacet
  facet normal -0.237568 0.971371 0
    outer loop
      vertex 108.713 -13.0513 0.599999
      vertex 108.98 -12.986 0
      vertex 108.713 -13.0513 0
    endloop
  endfacet
  facet normal -0.971602 -0.236621 0
    outer loop
      vertex 110.416 -10.6186 0
      vertex 110.351 -10.3517 0.599999
      vertex 110.351 -10.3517 0
    endloop
  endfacet
  facet normal -0.971602 -0.236621 0
    outer loop
      vertex 110.351 -10.3517 0.599999
      vertex 110.416 -10.6186 0
      vertex 110.416 -10.6186 0.599999
    endloop
  endfacet
  facet normal 0.779774 -0.626061 0
    outer loop
      vertex 106.628 -9.77871 0.599999
      vertex 106.8 -9.56448 0
      vertex 106.8 -9.56448 0.599999
    endloop
  endfacet
  facet normal 0.779774 -0.626061 0
    outer loop
      vertex 106.8 -9.56448 0
      vertex 106.628 -9.77871 0.599999
      vertex 106.628 -9.77871 0
    endloop
  endfacet
  facet normal -0.914799 0.403909 0
    outer loop
      vertex 110.211 -11.9529 0
      vertex 110.322 -11.7015 0.599999
      vertex 110.322 -11.7015 0
    endloop
  endfacet
  facet normal -0.914799 0.403909 0
    outer loop
      vertex 110.322 -11.7015 0.599999
      vertex 110.211 -11.9529 0
      vertex 110.211 -11.9529 0.599999
    endloop
  endfacet
  facet normal 0.403533 0.914965 -0
    outer loop
      vertex 107.63 -12.9566 0
      vertex 107.379 -12.8459 0.599999
      vertex 107.63 -12.9566 0.599999
    endloop
  endfacet
  facet normal 0.403533 0.914965 0
    outer loop
      vertex 107.379 -12.8459 0.599999
      vertex 107.63 -12.9566 0
      vertex 107.379 -12.8459 0
    endloop
  endfacet
  facet normal -0.994016 -0.109233 0
    outer loop
      vertex 110.446 -10.8916 0
      vertex 110.416 -10.6186 0.599999
      vertex 110.416 -10.6186 0
    endloop
  endfacet
  facet normal -0.994016 -0.109233 0
    outer loop
      vertex 110.416 -10.6186 0.599999
      vertex 110.446 -10.8916 0
      vertex 110.446 -10.8916 0.599999
    endloop
  endfacet
  facet normal -0.362271 0.932073 0
    outer loop
      vertex 109.236 -12.8865 0
      vertex 108.98 -12.986 0.599999
      vertex 109.236 -12.8865 0.599999
    endloop
  endfacet
  facet normal -0.362271 0.932073 0
    outer loop
      vertex 108.98 -12.986 0.599999
      vertex 109.236 -12.8865 0
      vertex 108.98 -12.986 0
    endloop
  endfacet
  facet normal -0.592154 0.805825 0
    outer loop
      vertex 109.698 -12.5919 0
      vertex 109.477 -12.7543 0.599999
      vertex 109.698 -12.5919 0.599999
    endloop
  endfacet
  facet normal -0.592154 0.805825 0
    outer loop
      vertex 109.477 -12.7543 0.599999
      vertex 109.698 -12.5919 0
      vertex 109.477 -12.7543 0
    endloop
  endfacet
  facet normal -0.108963 0.994046 0
    outer loop
      vertex 33.7473 -16.9279 0.599999
      vertex 33.5913 -16.945 2.4
      vertex 33.7473 -16.9279 2.4
    endloop
  endfacet
  facet normal -0.108963 0.994046 0
    outer loop
      vertex 33.5913 -16.945 2.4
      vertex 33.7473 -16.9279 0.599999
      vertex 33.5913 -16.945 0.599999
    endloop
  endfacet
  facet normal 0.999765 -0.0216648 0
    outer loop
      vertex 32.3401 -15.7984 2.4
      vertex 32.3435 -15.6415 0.599999
      vertex 32.3435 -15.6415 2.4
    endloop
  endfacet
  facet normal 0.999765 -0.0216648 0
    outer loop
      vertex 32.3435 -15.6415 0.599999
      vertex 32.3401 -15.7984 2.4
      vertex 32.3401 -15.7984 0.599999
    endloop
  endfacet
  facet normal 0.994122 0.108264 0
    outer loop
      vertex 32.3571 -15.9545 2.4
      vertex 32.3401 -15.7984 0.599999
      vertex 32.3401 -15.7984 2.4
    endloop
  endfacet
  facet normal 0.994122 0.108264 0
    outer loop
      vertex 32.3401 -15.7984 0.599999
      vertex 32.3571 -15.9545 2.4
      vertex 32.3571 -15.9545 0.599999
    endloop
  endfacet
  facet normal 0.988335 -0.152297 0
    outer loop
      vertex 32.3435 -15.6415 2.4
      vertex 32.3674 -15.4864 0.599999
      vertex 32.3674 -15.4864 2.4
    endloop
  endfacet
  facet normal 0.988335 -0.152297 0
    outer loop
      vertex 32.3674 -15.4864 0.599999
      vertex 32.3435 -15.6415 2.4
      vertex 32.3435 -15.6415 0.599999
    endloop
  endfacet
  facet normal 0.237734 -0.97133 0
    outer loop
      vertex 33.1781 -14.6016 0.599999
      vertex 33.3305 -14.5643 2.4
      vertex 33.1781 -14.6016 2.4
    endloop
  endfacet
  facet normal 0.237734 -0.97133 0
    outer loop
      vertex 33.3305 -14.5643 2.4
      vertex 33.1781 -14.6016 0.599999
      vertex 33.3305 -14.5643 0.599999
    endloop
  endfacet
  facet normal -0.779687 0.62617 0
    outer loop
      vertex 34.4236 -16.5568 0.599999
      vertex 34.5219 -16.4344 2.4
      vertex 34.5219 -16.4344 0.599999
    endloop
  endfacet
  facet normal -0.779687 0.62617 0
    outer loop
      vertex 34.5219 -16.4344 2.4
      vertex 34.4236 -16.5568 0.599999
      vertex 34.4236 -16.5568 2.4
    endloop
  endfacet
  facet normal -0.994053 -0.108894 0
    outer loop
      vertex 34.7378 -15.6938 0.599999
      vertex 34.7207 -15.5377 2.4
      vertex 34.7207 -15.5377 0.599999
    endloop
  endfacet
  facet normal -0.994053 -0.108894 0
    outer loop
      vertex 34.7207 -15.5377 2.4
      vertex 34.7378 -15.6938 0.599999
      vertex 34.7378 -15.6938 2.4
    endloop
  endfacet
  facet normal -0.518612 -0.85501 0
    outer loop
      vertex 34.093 -14.6817 0.599999
      vertex 34.2272 -14.7631 2.4
      vertex 34.093 -14.6817 2.4
    endloop
  endfacet
  facet normal -0.518612 -0.85501 -0
    outer loop
      vertex 34.2272 -14.7631 2.4
      vertex 34.093 -14.6817 0.599999
      vertex 34.2272 -14.7631 0.599999
    endloop
  endfacet
  facet normal 0.85501 -0.518612 0
    outer loop
      vertex 32.4745 -15.192 2.4
      vertex 32.5559 -15.0578 0.599999
      vertex 32.5559 -15.0578 2.4
    endloop
  endfacet
  facet normal 0.85501 -0.518612 0
    outer loop
      vertex 32.5559 -15.0578 0.599999
      vertex 32.4745 -15.192 2.4
      vertex 32.4745 -15.192 0.599999
    endloop
  endfacet
  facet normal 0.971219 0.238188 0
    outer loop
      vertex 32.3945 -16.107 2.4
      vertex 32.3571 -15.9545 0.599999
      vertex 32.3571 -15.9545 2.4
    endloop
  endfacet
  facet normal 0.971219 0.238188 0
    outer loop
      vertex 32.3571 -15.9545 0.599999
      vertex 32.3945 -16.107 2.4
      vertex 32.3945 -16.107 0.599999
    endloop
  endfacet
  facet normal 0.591612 -0.806223 0
    outer loop
      vertex 32.7676 -14.8269 0.599999
      vertex 32.8942 -14.734 2.4
      vertex 32.7676 -14.8269 2.4
    endloop
  endfacet
  facet normal 0.591612 -0.806223 0
    outer loop
      vertex 32.8942 -14.734 2.4
      vertex 32.7676 -14.8269 0.599999
      vertex 32.8942 -14.734 0.599999
    endloop
  endfacet
  facet normal 0.806223 0.591612 0
    outer loop
      vertex 32.6197 -16.5175 2.4
      vertex 32.5268 -16.3909 0.599999
      vertex 32.5268 -16.3909 2.4
    endloop
  endfacet
  facet normal 0.806223 0.591612 0
    outer loop
      vertex 32.5268 -16.3909 0.599999
      vertex 32.6197 -16.5175 2.4
      vertex 32.6197 -16.5175 0.599999
    endloop
  endfacet
  facet normal -0.481038 0.8767 0
    outer loop
      vertex 34.1837 -16.7582 0.599999
      vertex 34.0461 -16.8337 2.4
      vertex 34.1837 -16.7582 2.4
    endloop
  endfacet
  facet normal -0.481038 0.8767 0
    outer loop
      vertex 34.0461 -16.8337 2.4
      vertex 34.1837 -16.7582 0.599999
      vertex 34.0461 -16.8337 0.599999
    endloop
  endfacet
  facet normal 0.915381 -0.402589 0
    outer loop
      vertex 32.4113 -15.3357 2.4
      vertex 32.4745 -15.192 0.599999
      vertex 32.4745 -15.192 2.4
    endloop
  endfacet
  facet normal 0.915381 -0.402589 0
    outer loop
      vertex 32.4745 -15.192 0.599999
      vertex 32.4113 -15.3357 2.4
      vertex 32.4113 -15.3357 0.599999
    endloop
  endfacet
  facet normal 0.960093 -0.279682 0
    outer loop
      vertex 32.3674 -15.4864 2.4
      vertex 32.4113 -15.3357 0.599999
      vertex 32.4113 -15.3357 2.4
    endloop
  endfacet
  facet normal 0.960093 -0.279682 0
    outer loop
      vertex 32.4113 -15.3357 0.599999
      vertex 32.3674 -15.4864 2.4
      vertex 32.3674 -15.4864 0.599999
    endloop
  endfacet
  facet normal -0.915381 0.402589 0
    outer loop
      vertex 34.6033 -16.3002 0.599999
      vertex 34.6665 -16.1565 2.4
      vertex 34.6665 -16.1565 0.599999
    endloop
  endfacet
  facet normal -0.915381 0.402589 0
    outer loop
      vertex 34.6665 -16.1565 2.4
      vertex 34.6033 -16.3002 0.599999
      vertex 34.6033 -16.3002 2.4
    endloop
  endfacet
  facet normal 0.280269 0.959921 -0
    outer loop
      vertex 33.2792 -16.9177 0.599999
      vertex 33.1285 -16.8737 2.4
      vertex 33.2792 -16.9177 2.4
    endloop
  endfacet
  facet normal 0.280269 0.959921 0
    outer loop
      vertex 33.1285 -16.8737 2.4
      vertex 33.2792 -16.9177 0.599999
      vertex 33.1285 -16.8737 0.599999
    endloop
  endfacet
  facet normal -0.97133 -0.237734 0
    outer loop
      vertex 34.7207 -15.5377 0.599999
      vertex 34.6834 -15.3853 2.4
      vertex 34.6834 -15.3853 0.599999
    endloop
  endfacet
  facet normal -0.97133 -0.237734 0
    outer loop
      vertex 34.6834 -15.3853 2.4
      vertex 34.7207 -15.5377 0.599999
      vertex 34.7207 -15.5377 2.4
    endloop
  endfacet
  facet normal -0.279682 -0.960093 0
    outer loop
      vertex 33.7986 -14.5746 0.599999
      vertex 33.9493 -14.6185 2.4
      vertex 33.7986 -14.5746 2.4
    endloop
  endfacet
  facet normal -0.279682 -0.960093 -0
    outer loop
      vertex 33.9493 -14.6185 2.4
      vertex 33.7986 -14.5746 0.599999
      vertex 33.9493 -14.6185 0.599999
    endloop
  endfacet
  facet normal 0.362477 -0.931993 0
    outer loop
      vertex 33.0318 -14.6585 0.599999
      vertex 33.1781 -14.6016 2.4
      vertex 33.0318 -14.6585 2.4
    endloop
  endfacet
  facet normal 0.362477 -0.931993 0
    outer loop
      vertex 33.1781 -14.6016 2.4
      vertex 33.0318 -14.6585 0.599999
      vertex 33.1781 -14.6016 0.599999
    endloop
  endfacet
  facet normal -0.62617 -0.779687 0
    outer loop
      vertex 34.2272 -14.7631 0.599999
      vertex 34.3496 -14.8614 2.4
      vertex 34.2272 -14.7631 2.4
    endloop
  endfacet
  facet normal -0.62617 -0.779687 -0
    outer loop
      vertex 34.3496 -14.8614 2.4
      vertex 34.2272 -14.7631 0.599999
      vertex 34.3496 -14.8614 0.599999
    endloop
  endfacet
  facet normal 0.876847 0.480769 0
    outer loop
      vertex 32.5268 -16.3909 2.4
      vertex 32.4513 -16.2532 0.599999
      vertex 32.4513 -16.2532 2.4
    endloop
  endfacet
  facet normal 0.876847 0.480769 0
    outer loop
      vertex 32.4513 -16.2532 0.599999
      vertex 32.5268 -16.3909 2.4
      vertex 32.5268 -16.3909 0.599999
    endloop
  endfacet
  facet normal -0.931993 -0.362477 0
    outer loop
      vertex 34.6834 -15.3853 0.599999
      vertex 34.6265 -15.239 2.4
      vertex 34.6265 -15.239 0.599999
    endloop
  endfacet
  facet normal -0.931993 -0.362477 0
    outer loop
      vertex 34.6265 -15.239 2.4
      vertex 34.6834 -15.3853 0.599999
      vertex 34.6834 -15.3853 2.4
    endloop
  endfacet
  facet normal -0.591198 0.806527 0
    outer loop
      vertex 34.3103 -16.6654 0.599999
      vertex 34.1837 -16.7582 2.4
      vertex 34.3103 -16.6654 2.4
    endloop
  endfacet
  facet normal -0.591198 0.806527 0
    outer loop
      vertex 34.1837 -16.7582 2.4
      vertex 34.3103 -16.6654 0.599999
      vertex 34.1837 -16.7582 0.599999
    endloop
  endfacet
  facet normal -0.402589 -0.915381 0
    outer loop
      vertex 33.9493 -14.6185 0.599999
      vertex 34.093 -14.6817 2.4
      vertex 33.9493 -14.6185 2.4
    endloop
  endfacet
  facet normal -0.402589 -0.915381 -0
    outer loop
      vertex 34.093 -14.6817 2.4
      vertex 33.9493 -14.6185 0.599999
      vertex 34.093 -14.6817 0.599999
    endloop
  endfacet
  facet normal 0.518612 0.85501 -0
    outer loop
      vertex 32.9848 -16.8105 0.599999
      vertex 32.8506 -16.7291 2.4
      vertex 32.9848 -16.8105 2.4
    endloop
  endfacet
  facet normal 0.518612 0.85501 0
    outer loop
      vertex 32.8506 -16.7291 2.4
      vertex 32.9848 -16.8105 0.599999
      vertex 32.8506 -16.7291 0.599999
    endloop
  endfacet
  facet normal -0.152297 -0.988335 0
    outer loop
      vertex 33.6435 -14.5507 0.599999
      vertex 33.7986 -14.5746 2.4
      vertex 33.6435 -14.5507 2.4
    endloop
  endfacet
  facet normal -0.152297 -0.988335 -0
    outer loop
      vertex 33.7986 -14.5746 2.4
      vertex 33.6435 -14.5507 0.599999
      vertex 33.7986 -14.5746 0.599999
    endloop
  endfacet
  facet normal 0.72224 0.691642 0
    outer loop
      vertex 32.7282 -16.6308 2.4
      vertex 32.6197 -16.5175 0.599999
      vertex 32.6197 -16.5175 2.4
    endloop
  endfacet
  facet normal 0.72224 0.691642 0
    outer loop
      vertex 32.6197 -16.5175 0.599999
      vertex 32.7282 -16.6308 2.4
      vertex 32.7282 -16.6308 0.599999
    endloop
  endfacet
  facet normal 0.402589 0.915381 -0
    outer loop
      vertex 33.1285 -16.8737 0.599999
      vertex 32.9848 -16.8105 2.4
      vertex 33.1285 -16.8737 2.4
    endloop
  endfacet
  facet normal 0.402589 0.915381 0
    outer loop
      vertex 32.9848 -16.8105 2.4
      vertex 33.1285 -16.8737 0.599999
      vertex 32.9848 -16.8105 0.599999
    endloop
  endfacet
  facet normal 0.62617 0.779687 -0
    outer loop
      vertex 32.8506 -16.7291 0.599999
      vertex 32.7282 -16.6308 2.4
      vertex 32.8506 -16.7291 2.4
    endloop
  endfacet
  facet normal 0.62617 0.779687 0
    outer loop
      vertex 32.7282 -16.6308 2.4
      vertex 32.8506 -16.7291 0.599999
      vertex 32.7282 -16.6308 0.599999
    endloop
  endfacet
  facet normal 0.932124 0.362139 0
    outer loop
      vertex 32.4513 -16.2532 2.4
      vertex 32.3945 -16.107 0.599999
      vertex 32.3945 -16.107 2.4
    endloop
  endfacet
  facet normal 0.932124 0.362139 0
    outer loop
      vertex 32.3945 -16.107 0.599999
      vertex 32.4513 -16.2532 2.4
      vertex 32.4513 -16.2532 0.599999
    endloop
  endfacet
  facet normal 0.108894 -0.994053 0
    outer loop
      vertex 33.3305 -14.5643 0.599999
      vertex 33.4866 -14.5472 2.4
      vertex 33.3305 -14.5643 2.4
    endloop
  endfacet
  facet normal 0.108894 -0.994053 0
    outer loop
      vertex 33.4866 -14.5472 2.4
      vertex 33.3305 -14.5643 0.599999
      vertex 33.4866 -14.5472 0.599999
    endloop
  endfacet
  facet normal -0.959921 0.280269 0
    outer loop
      vertex 34.6665 -16.1565 0.599999
      vertex 34.7105 -16.0058 2.4
      vertex 34.7105 -16.0058 0.599999
    endloop
  endfacet
  facet normal -0.959921 0.280269 0
    outer loop
      vertex 34.7105 -16.0058 2.4
      vertex 34.6665 -16.1565 0.599999
      vertex 34.6665 -16.1565 2.4
    endloop
  endfacet
  facet normal -0.806304 -0.591502 0
    outer loop
      vertex 34.551 -15.1013 0.599999
      vertex 34.4582 -14.9748 2.4
      vertex 34.4582 -14.9748 0.599999
    endloop
  endfacet
  facet normal -0.806304 -0.591502 0
    outer loop
      vertex 34.4582 -14.9748 2.4
      vertex 34.551 -15.1013 0.599999
      vertex 34.551 -15.1013 2.4
    endloop
  endfacet
  facet normal 0.691324 -0.722545 0
    outer loop
      vertex 32.6542 -14.9354 0.599999
      vertex 32.7676 -14.8269 2.4
      vertex 32.6542 -14.9354 2.4
    endloop
  endfacet
  facet normal 0.691324 -0.722545 0
    outer loop
      vertex 32.7676 -14.8269 2.4
      vertex 32.6542 -14.9354 0.599999
      vertex 32.7676 -14.8269 0.599999
    endloop
  endfacet
  facet normal -0.999751 0.0223017 0
    outer loop
      vertex 34.7343 -15.8507 0.599999
      vertex 34.7378 -15.6938 2.4
      vertex 34.7378 -15.6938 0.599999
    endloop
  endfacet
  facet normal -0.999751 0.0223017 0
    outer loop
      vertex 34.7378 -15.6938 2.4
      vertex 34.7343 -15.8507 0.599999
      vertex 34.7343 -15.8507 2.4
    endloop
  endfacet
  facet normal 0.151674 0.988431 -0
    outer loop
      vertex 33.4343 -16.9415 0.599999
      vertex 33.2792 -16.9177 2.4
      vertex 33.4343 -16.9415 2.4
    endloop
  endfacet
  facet normal 0.151674 0.988431 0
    outer loop
      vertex 33.2792 -16.9177 2.4
      vertex 33.4343 -16.9415 0.599999
      vertex 33.2792 -16.9177 0.599999
    endloop
  endfacet
  facet normal 0.779687 -0.62617 0
    outer loop
      vertex 32.5559 -15.0578 2.4
      vertex 32.6542 -14.9354 0.599999
      vertex 32.6542 -14.9354 2.4
    endloop
  endfacet
  facet normal 0.779687 -0.62617 0
    outer loop
      vertex 32.6542 -14.9354 0.599999
      vertex 32.5559 -15.0578 2.4
      vertex 32.5559 -15.0578 0.599999
    endloop
  endfacet
  facet normal 0.0222875 0.999752 -0
    outer loop
      vertex 33.5913 -16.945 0.599999
      vertex 33.4343 -16.9415 2.4
      vertex 33.5913 -16.945 2.4
    endloop
  endfacet
  facet normal 0.0222875 0.999752 0
    outer loop
      vertex 33.4343 -16.9415 2.4
      vertex 33.5913 -16.945 0.599999
      vertex 33.4343 -16.9415 0.599999
    endloop
  endfacet
  facet normal -0.876847 -0.480769 0
    outer loop
      vertex 34.6265 -15.239 0.599999
      vertex 34.551 -15.1013 2.4
      vertex 34.551 -15.1013 0.599999
    endloop
  endfacet
  facet normal -0.876847 -0.480769 0
    outer loop
      vertex 34.551 -15.1013 2.4
      vertex 34.6265 -15.239 0.599999
      vertex 34.6265 -15.239 2.4
    endloop
  endfacet
  facet normal -0.0223017 -0.999751 0
    outer loop
      vertex 33.4866 -14.5472 0.599999
      vertex 33.6435 -14.5507 2.4
      vertex 33.4866 -14.5472 2.4
    endloop
  endfacet
  facet normal -0.0223017 -0.999751 -0
    outer loop
      vertex 33.6435 -14.5507 2.4
      vertex 33.4866 -14.5472 0.599999
      vertex 33.6435 -14.5507 0.599999
    endloop
  endfacet
  facet normal -0.237587 0.971366 0
    outer loop
      vertex 33.8998 -16.8906 0.599999
      vertex 33.7473 -16.9279 2.4
      vertex 33.8998 -16.8906 2.4
    endloop
  endfacet
  facet normal -0.237587 0.971366 0
    outer loop
      vertex 33.7473 -16.9279 2.4
      vertex 33.8998 -16.8906 0.599999
      vertex 33.7473 -16.9279 0.599999
    endloop
  endfacet
  facet normal -0.988431 0.151674 0
    outer loop
      vertex 34.7105 -16.0058 0.599999
      vertex 34.7343 -15.8507 2.4
      vertex 34.7343 -15.8507 0.599999
    endloop
  endfacet
  facet normal -0.988431 0.151674 0
    outer loop
      vertex 34.7343 -15.8507 2.4
      vertex 34.7105 -16.0058 0.599999
      vertex 34.7105 -16.0058 2.4
    endloop
  endfacet
  facet normal -0.85501 0.518612 0
    outer loop
      vertex 34.5219 -16.4344 0.599999
      vertex 34.6033 -16.3002 2.4
      vertex 34.6033 -16.3002 0.599999
    endloop
  endfacet
  facet normal -0.85501 0.518612 0
    outer loop
      vertex 34.6033 -16.3002 2.4
      vertex 34.5219 -16.4344 0.599999
      vertex 34.5219 -16.4344 2.4
    endloop
  endfacet
  facet normal -0.362477 0.931993 0
    outer loop
      vertex 34.0461 -16.8337 0.599999
      vertex 33.8998 -16.8906 2.4
      vertex 34.0461 -16.8337 2.4
    endloop
  endfacet
  facet normal -0.362477 0.931993 0
    outer loop
      vertex 33.8998 -16.8906 2.4
      vertex 34.0461 -16.8337 0.599999
      vertex 33.8998 -16.8906 0.599999
    endloop
  endfacet
  facet normal -0.691975 0.721922 0
    outer loop
      vertex 34.4236 -16.5568 0.599999
      vertex 34.3103 -16.6654 2.4
      vertex 34.4236 -16.5568 2.4
    endloop
  endfacet
  facet normal -0.691975 0.721922 0
    outer loop
      vertex 34.3103 -16.6654 2.4
      vertex 34.4236 -16.5568 0.599999
      vertex 34.3103 -16.6654 0.599999
    endloop
  endfacet
  facet normal 0.481038 -0.8767 0
    outer loop
      vertex 32.8942 -14.734 0.599999
      vertex 33.0318 -14.6585 2.4
      vertex 32.8942 -14.734 2.4
    endloop
  endfacet
  facet normal 0.481038 -0.8767 0
    outer loop
      vertex 33.0318 -14.6585 2.4
      vertex 32.8942 -14.734 0.599999
      vertex 33.0318 -14.6585 0.599999
    endloop
  endfacet
  facet normal -0.722227 -0.691656 0
    outer loop
      vertex 34.4582 -14.9748 0.599999
      vertex 34.3496 -14.8614 2.4
      vertex 34.3496 -14.8614 0.599999
    endloop
  endfacet
  facet normal -0.722227 -0.691656 0
    outer loop
      vertex 34.3496 -14.8614 2.4
      vertex 34.4582 -14.9748 0.599999
      vertex 34.4582 -14.9748 2.4
    endloop
  endfacet
  facet normal 0.625893 0.779909 -0
    outer loop
      vertex 32.3344 -17.4663 0
      vertex 32.1202 -17.2944 0.599999
      vertex 32.3344 -17.4663 0.599999
    endloop
  endfacet
  facet normal 0.625893 0.779909 0
    outer loop
      vertex 32.1202 -17.2944 0.599999
      vertex 32.3344 -17.4663 0
      vertex 32.1202 -17.2944 0
    endloop
  endfacet
  facet normal 0.999761 -0.0218447 0
    outer loop
      vertex 31.4409 -15.8377 0.599999
      vertex 31.4469 -15.5631 0
      vertex 31.4469 -15.5631 0.599999
    endloop
  endfacet
  facet normal 0.999761 -0.0218447 0
    outer loop
      vertex 31.4469 -15.5631 0
      vertex 31.4409 -15.8377 0.599999
      vertex 31.4409 -15.8377 0
    endloop
  endfacet
  facet normal 0.99406 0.108833 0
    outer loop
      vertex 31.4708 -16.1108 0.599999
      vertex 31.4409 -15.8377 0
      vertex 31.4409 -15.8377 0.599999
    endloop
  endfacet
  facet normal 0.99406 0.108833 0
    outer loop
      vertex 31.4409 -15.8377 0
      vertex 31.4708 -16.1108 0.599999
      vertex 31.4708 -16.1108 0
    endloop
  endfacet
  facet normal 0.988355 -0.152167 0
    outer loop
      vertex 31.4469 -15.5631 0.599999
      vertex 31.4887 -15.2916 0
      vertex 31.4887 -15.2916 0.599999
    endloop
  endfacet
  facet normal 0.988355 -0.152167 0
    outer loop
      vertex 31.4887 -15.2916 0
      vertex 31.4469 -15.5631 0.599999
      vertex 31.4469 -15.5631 0
    endloop
  endfacet
  facet normal 0.915396 -0.402556 0
    outer loop
      vertex 31.5656 -15.0279 0.599999
      vertex 31.6762 -14.7764 0
      vertex 31.6762 -14.7764 0.599999
    endloop
  endfacet
  facet normal 0.915396 -0.402556 0
    outer loop
      vertex 31.6762 -14.7764 0
      vertex 31.5656 -15.0279 0.599999
      vertex 31.5656 -15.0279 0
    endloop
  endfacet
  facet normal -0.691652 0.722231 0
    outer loop
      vertex 35.0872 -17.1648 0
      vertex 34.8888 -17.3548 0.599999
      vertex 35.0872 -17.1648 0.599999
    endloop
  endfacet
  facet normal -0.691652 0.722231 0
    outer loop
      vertex 34.8888 -17.3548 0.599999
      vertex 35.0872 -17.1648 0
      vertex 34.8888 -17.3548 0
    endloop
  endfacet
  facet normal 0.362587 -0.93195 0
    outer loop
      vertex 32.6514 -13.8429 0
      vertex 32.9074 -13.7433 0.599999
      vertex 32.6514 -13.8429 0.599999
    endloop
  endfacet
  facet normal 0.362587 -0.93195 0
    outer loop
      vertex 32.9074 -13.7433 0.599999
      vertex 32.6514 -13.8429 0
      vertex 32.9074 -13.7433 0
    endloop
  endfacet
  facet normal 0.97133 0.237736 0
    outer loop
      vertex 31.5361 -16.3776 0.599999
      vertex 31.4708 -16.1108 0
      vertex 31.4708 -16.1108 0.599999
    endloop
  endfacet
  facet normal 0.97133 0.237736 0
    outer loop
      vertex 31.4708 -16.1108 0
      vertex 31.5361 -16.3776 0.599999
      vertex 31.5361 -16.3776 0
    endloop
  endfacet
  facet normal 0.960012 -0.279958 0
    outer loop
      vertex 31.4887 -15.2916 0.599999
      vertex 31.5656 -15.0279 0
      vertex 31.5656 -15.0279 0.599999
    endloop
  endfacet
  facet normal 0.960012 -0.279958 0
    outer loop
      vertex 31.5656 -15.0279 0
      vertex 31.4887 -15.2916 0.599999
      vertex 31.4887 -15.2916 0
    endloop
  endfacet
  facet normal -0.988355 0.152167 0
    outer loop
      vertex 35.5891 -16.2006 0
      vertex 35.6309 -15.9291 0.599999
      vertex 35.6309 -15.9291 0
    endloop
  endfacet
  facet normal -0.988355 0.152167 0
    outer loop
      vertex 35.6309 -15.9291 0.599999
      vertex 35.5891 -16.2006 0
      vertex 35.5891 -16.2006 0.599999
    endloop
  endfacet
  facet normal -0.932073 -0.362271 0
    outer loop
      vertex 35.5417 -15.1146 0
      vertex 35.4422 -14.8586 0.599999
      vertex 35.4422 -14.8586 0
    endloop
  endfacet
  facet normal -0.932073 -0.362271 0
    outer loop
      vertex 35.4422 -14.8586 0.599999
      vertex 35.5417 -15.1146 0
      vertex 35.5417 -15.1146 0.599999
    endloop
  endfacet
  facet normal -0.779909 0.625893 0
    outer loop
      vertex 35.0872 -17.1648 0
      vertex 35.2591 -16.9506 0.599999
      vertex 35.2591 -16.9506 0
    endloop
  endfacet
  facet normal -0.779909 0.625893 0
    outer loop
      vertex 35.2591 -16.9506 0.599999
      vertex 35.0872 -17.1648 0
      vertex 35.0872 -17.1648 0.599999
    endloop
  endfacet
  facet normal -0.0218447 -0.999761 0
    outer loop
      vertex 33.4473 -13.6481 0
      vertex 33.7219 -13.6541 0.599999
      vertex 33.4473 -13.6481 0.599999
    endloop
  endfacet
  facet normal -0.0218447 -0.999761 -0
    outer loop
      vertex 33.7219 -13.6541 0.599999
      vertex 33.4473 -13.6481 0
      vertex 33.7219 -13.6541 0
    endloop
  endfacet
  facet normal 0.0218447 0.999761 -0
    outer loop
      vertex 33.6305 -17.8441 0
      vertex 33.3559 -17.8381 0.599999
      vertex 33.6305 -17.8441 0.599999
    endloop
  endfacet
  facet normal 0.0218447 0.999761 0
    outer loop
      vertex 33.3559 -17.8381 0.599999
      vertex 33.6305 -17.8441 0
      vertex 33.3559 -17.8381 0
    endloop
  endfacet
  facet normal 0.279622 0.96011 -0
    outer loop
      vertex 33.0844 -17.7963 0
      vertex 32.8207 -17.7195 0.599999
      vertex 33.0844 -17.7963 0.599999
    endloop
  endfacet
  facet normal 0.279622 0.96011 0
    outer loop
      vertex 32.8207 -17.7195 0.599999
      vertex 33.0844 -17.7963 0
      vertex 32.8207 -17.7195 0
    endloop
  endfacet
  facet normal -0.722587 -0.69128 0
    outer loop
      vertex 35.1476 -14.3963 0
      vertex 34.9577 -14.1978 0.599999
      vertex 34.9577 -14.1978 0
    endloop
  endfacet
  facet normal -0.722587 -0.69128 0
    outer loop
      vertex 34.9577 -14.1978 0.599999
      vertex 35.1476 -14.3963 0
      vertex 35.1476 -14.3963 0.599999
    endloop
  endfacet
  facet normal 0.69147 -0.722405 0
    outer loop
      vertex 31.9906 -14.3274 0
      vertex 32.1891 -14.1374 0.599999
      vertex 31.9906 -14.3274 0.599999
    endloop
  endfacet
  facet normal 0.69147 -0.722405 0
    outer loop
      vertex 32.1891 -14.1374 0.599999
      vertex 31.9906 -14.3274 0
      vertex 32.1891 -14.1374 0
    endloop
  endfacet
  facet normal 0 0 -1
    outer loop
      vertex 34.7378 -15.6938 0.599999
      vertex 35.6369 -15.6545 0.599999
      vertex 35.6309 -15.9291 0.599999
    endloop
  endfacet
  facet normal 0 0 -1
    outer loop
      vertex 34.7343 -15.8507 0.599999
      vertex 35.6309 -15.9291 0.599999
      vertex 35.5891 -16.2006 0.599999
    endloop
  endfacet
  facet normal -0 0 -1
    outer loop
      vertex 35.6369 -15.6545 0.599999
      vertex 34.7378 -15.6938 0.599999
      vertex 35.607 -15.3814 0.599999
    endloop
  endfacet
  facet normal 0 0 -1
    outer loop
      vertex 34.7105 -16.0058 0.599999
      vertex 35.5891 -16.2006 0.599999
      vertex 35.5123 -16.4643 0.599999
    endloop
  endfacet
  facet normal 0 0 -1
    outer loop
      vertex 34.7207 -15.5377 0.599999
      vertex 35.607 -15.3814 0.599999
      vertex 34.7378 -15.6938 0.599999
    endloop
  endfacet
  facet normal 0 0 -1
    outer loop
      vertex 34.6665 -16.1565 0.599999
      vertex 35.5123 -16.4643 0.599999
      vertex 35.4016 -16.7158 0.599999
    endloop
  endfacet
  facet normal -0 0 -1
    outer loop
      vertex 35.607 -15.3814 0.599999
      vertex 34.7207 -15.5377 0.599999
      vertex 35.5417 -15.1146 0.599999
    endloop
  endfacet
  facet normal 0 0 -1
    outer loop
      vertex 34.6033 -16.3002 0.599999
      vertex 35.4016 -16.7158 0.599999
      vertex 35.2591 -16.9506 0.599999
    endloop
  endfacet
  facet normal 0 0 -1
    outer loop
      vertex 34.6834 -15.3853 0.599999
      vertex 35.5417 -15.1146 0.599999
      vertex 34.7207 -15.5377 0.599999
    endloop
  endfacet
  facet normal 0 0 -1
    outer loop
      vertex 34.5219 -16.4344 0.599999
      vertex 35.2591 -16.9506 0.599999
      vertex 35.0872 -17.1648 0.599999
    endloop
  endfacet
  facet normal -0 0 -1
    outer loop
      vertex 35.5417 -15.1146 0.599999
      vertex 34.6834 -15.3853 0.599999
      vertex 35.4422 -14.8586 0.599999
    endloop
  endfacet
  facet normal 0 0 -1
    outer loop
      vertex 34.4236 -16.5568 0.599999
      vertex 35.0872 -17.1648 0.599999
      vertex 34.8888 -17.3548 0.599999
    endloop
  endfacet
  facet normal 0 0 -1
    outer loop
      vertex 34.6265 -15.239 0.599999
      vertex 35.4422 -14.8586 0.599999
      vertex 34.6834 -15.3853 0.599999
    endloop
  endfacet
  facet normal -0 0 -1
    outer loop
      vertex 35.4422 -14.8586 0.599999
      vertex 34.6265 -15.239 0.599999
      vertex 35.31 -14.6178 0.599999
    endloop
  endfacet
  facet normal 0 0 -1
    outer loop
      vertex 35.6309 -15.9291 0.599999
      vertex 34.7343 -15.8507 0.599999
      vertex 34.7378 -15.6938 0.599999
    endloop
  endfacet
  facet normal 0 0 -1
    outer loop
      vertex 35.5891 -16.2006 0.599999
      vertex 34.7105 -16.0058 0.599999
      vertex 34.7343 -15.8507 0.599999
    endloop
  endfacet
  facet normal 0 0 -1
    outer loop
      vertex 34.3103 -16.6654 0.599999
      vertex 34.8888 -17.3548 0.599999
      vertex 34.6672 -17.5172 0.599999
    endloop
  endfacet
  facet normal 0 0 -1
    outer loop
      vertex 35.5123 -16.4643 0.599999
      vertex 34.6665 -16.1565 0.599999
      vertex 34.7105 -16.0058 0.599999
    endloop
  endfacet
  facet normal 0 0 -1
    outer loop
      vertex 35.4016 -16.7158 0.599999
      vertex 34.6033 -16.3002 0.599999
      vertex 34.6665 -16.1565 0.599999
    endloop
  endfacet
  facet normal 0 0 -1
    outer loop
      vertex 35.2591 -16.9506 0.599999
      vertex 34.5219 -16.4344 0.599999
      vertex 34.6033 -16.3002 0.599999
    endloop
  endfacet
  facet normal 0 0 -1
    outer loop
      vertex 34.1837 -16.7582 0.599999
      vertex 34.6672 -17.5172 0.599999
      vertex 34.4264 -17.6494 0.599999
    endloop
  endfacet
  facet normal 0 0 -1
    outer loop
      vertex 35.0872 -17.1648 0.599999
      vertex 34.4236 -16.5568 0.599999
      vertex 34.5219 -16.4344 0.599999
    endloop
  endfacet
  facet normal 0 0 -1
    outer loop
      vertex 34.8888 -17.3548 0.599999
      vertex 34.3103 -16.6654 0.599999
      vertex 34.4236 -16.5568 0.599999
    endloop
  endfacet
  facet normal 0 0 -1
    outer loop
      vertex 34.6672 -17.5172 0.599999
      vertex 34.1837 -16.7582 0.599999
      vertex 34.3103 -16.6654 0.599999
    endloop
  endfacet
  facet normal 0 0 -1
    outer loop
      vertex 34.0461 -16.8337 0.599999
      vertex 34.4264 -17.6494 0.599999
      vertex 34.1704 -17.7489 0.599999
    endloop
  endfacet
  facet normal 0 0 -1
    outer loop
      vertex 34.4264 -17.6494 0.599999
      vertex 34.0461 -16.8337 0.599999
      vertex 34.1837 -16.7582 0.599999
    endloop
  endfacet
  facet normal 0 0 -1
    outer loop
      vertex 33.8998 -16.8906 0.599999
      vertex 34.1704 -17.7489 0.599999
      vertex 33.9036 -17.8142 0.599999
    endloop
  endfacet
  facet normal 0 0 -1
    outer loop
      vertex 34.1704 -17.7489 0.599999
      vertex 33.8998 -16.8906 0.599999
      vertex 34.0461 -16.8337 0.599999
    endloop
  endfacet
  facet normal 0 0 -1
    outer loop
      vertex 33.9036 -17.8142 0.599999
      vertex 33.7473 -16.9279 0.599999
      vertex 33.8998 -16.8906 0.599999
    endloop
  endfacet
  facet normal 0 0 -1
    outer loop
      vertex 33.6305 -17.8441 0.599999
      vertex 33.7473 -16.9279 0.599999
      vertex 33.9036 -17.8142 0.599999
    endloop
  endfacet
  facet normal 0 0 -1
    outer loop
      vertex 33.6305 -17.8441 0.599999
      vertex 33.5913 -16.945 0.599999
      vertex 33.7473 -16.9279 0.599999
    endloop
  endfacet
  facet normal 0 0 -1
    outer loop
      vertex 33.6305 -17.8441 0.599999
      vertex 33.4343 -16.9415 0.599999
      vertex 33.5913 -16.945 0.599999
    endloop
  endfacet
  facet normal 0 0 -1
    outer loop
      vertex 33.3559 -17.8381 0.599999
      vertex 33.4343 -16.9415 0.599999
      vertex 33.6305 -17.8441 0.599999
    endloop
  endfacet
  facet normal 0 0 -1
    outer loop
      vertex 33.3559 -17.8381 0.599999
      vertex 33.2792 -16.9177 0.599999
      vertex 33.4343 -16.9415 0.599999
    endloop
  endfacet
  facet normal 0 0 -1
    outer loop
      vertex 33.0844 -17.7963 0.599999
      vertex 33.2792 -16.9177 0.599999
      vertex 33.3559 -17.8381 0.599999
    endloop
  endfacet
  facet normal -0 0 -1
    outer loop
      vertex 33.2792 -16.9177 0.599999
      vertex 33.0844 -17.7963 0.599999
      vertex 33.1285 -16.8737 0.599999
    endloop
  endfacet
  facet normal 0 0 -1
    outer loop
      vertex 32.8207 -17.7195 0.599999
      vertex 33.1285 -16.8737 0.599999
      vertex 33.0844 -17.7963 0.599999
    endloop
  endfacet
  facet normal -0 0 -1
    outer loop
      vertex 33.1285 -16.8737 0.599999
      vertex 32.8207 -17.7195 0.599999
      vertex 32.9848 -16.8105 0.599999
    endloop
  endfacet
  facet normal 0 0 -1
    outer loop
      vertex 32.5692 -17.6088 0.599999
      vertex 32.9848 -16.8105 0.599999
      vertex 32.8207 -17.7195 0.599999
    endloop
  endfacet
  facet normal -0 0 -1
    outer loop
      vertex 32.9848 -16.8105 0.599999
      vertex 32.5692 -17.6088 0.599999
      vertex 32.8506 -16.7291 0.599999
    endloop
  endfacet
  facet normal 0 0 -1
    outer loop
      vertex 32.3344 -17.4663 0.599999
      vertex 32.8506 -16.7291 0.599999
      vertex 32.5692 -17.6088 0.599999
    endloop
  endfacet
  facet normal -0 0 -1
    outer loop
      vertex 32.8506 -16.7291 0.599999
      vertex 32.3344 -17.4663 0.599999
      vertex 32.7282 -16.6308 0.599999
    endloop
  endfacet
  facet normal 0 0 -1
    outer loop
      vertex 32.1202 -17.2944 0.599999
      vertex 32.7282 -16.6308 0.599999
      vertex 32.3344 -17.4663 0.599999
    endloop
  endfacet
  facet normal -0 0 -1
    outer loop
      vertex 32.7282 -16.6308 0.599999
      vertex 32.1202 -17.2944 0.599999
      vertex 32.6197 -16.5175 0.599999
    endloop
  endfacet
  facet normal 0 0 -1
    outer loop
      vertex 31.9302 -17.096 0.599999
      vertex 32.6197 -16.5175 0.599999
      vertex 32.1202 -17.2944 0.599999
    endloop
  endfacet
  facet normal -0 0 -1
    outer loop
      vertex 32.6197 -16.5175 0.599999
      vertex 31.9302 -17.096 0.599999
      vertex 32.5268 -16.3909 0.599999
    endloop
  endfacet
  facet normal -0 0 -1
    outer loop
      vertex 32.5268 -16.3909 0.599999
      vertex 31.7678 -16.8744 0.599999
      vertex 32.4513 -16.2532 0.599999
    endloop
  endfacet
  facet normal 0 0 -1
    outer loop
      vertex 31.7678 -16.8744 0.599999
      vertex 32.5268 -16.3909 0.599999
      vertex 31.9302 -17.096 0.599999
    endloop
  endfacet
  facet normal 0 0 -1
    outer loop
      vertex 34.551 -15.1013 0.599999
      vertex 35.31 -14.6178 0.599999
      vertex 34.6265 -15.239 0.599999
    endloop
  endfacet
  facet normal -0 0 -1
    outer loop
      vertex 35.31 -14.6178 0.599999
      vertex 34.551 -15.1013 0.599999
      vertex 35.1476 -14.3963 0.599999
    endloop
  endfacet
  facet normal 0 0 -1
    outer loop
      vertex 34.4582 -14.9748 0.599999
      vertex 35.1476 -14.3963 0.599999
      vertex 34.551 -15.1013 0.599999
    endloop
  endfacet
  facet normal -0 0 -1
    outer loop
      vertex 35.1476 -14.3963 0.599999
      vertex 34.4582 -14.9748 0.599999
      vertex 34.9577 -14.1978 0.599999
    endloop
  endfacet
  facet normal 0 0 -1
    outer loop
      vertex 34.3496 -14.8614 0.599999
      vertex 34.9577 -14.1978 0.599999
      vertex 34.4582 -14.9748 0.599999
    endloop
  endfacet
  facet normal -0 0 -1
    outer loop
      vertex 34.9577 -14.1978 0.599999
      vertex 34.3496 -14.8614 0.599999
      vertex 34.7434 -14.0259 0.599999
    endloop
  endfacet
  facet normal 0 0 -1
    outer loop
      vertex 34.2272 -14.7631 0.599999
      vertex 34.7434 -14.0259 0.599999
      vertex 34.3496 -14.8614 0.599999
    endloop
  endfacet
  facet normal -0 0 -1
    outer loop
      vertex 34.7434 -14.0259 0.599999
      vertex 34.2272 -14.7631 0.599999
      vertex 34.5086 -13.8834 0.599999
    endloop
  endfacet
  facet normal 0 0 -1
    outer loop
      vertex 34.093 -14.6817 0.599999
      vertex 34.5086 -13.8834 0.599999
      vertex 34.2272 -14.7631 0.599999
    endloop
  endfacet
  facet normal -0 0 -1
    outer loop
      vertex 34.5086 -13.8834 0.599999
      vertex 34.093 -14.6817 0.599999
      vertex 34.2572 -13.7728 0.599999
    endloop
  endfacet
  facet normal 0 0 -1
    outer loop
      vertex 33.9493 -14.6185 0.599999
      vertex 34.2572 -13.7728 0.599999
      vertex 34.093 -14.6817 0.599999
    endloop
  endfacet
  facet normal -0 0 -1
    outer loop
      vertex 34.2572 -13.7728 0.599999
      vertex 33.9493 -14.6185 0.599999
      vertex 33.9934 -13.6959 0.599999
    endloop
  endfacet
  facet normal 0 0 -1
    outer loop
      vertex 33.7986 -14.5746 0.599999
      vertex 33.9934 -13.6959 0.599999
      vertex 33.9493 -14.6185 0.599999
    endloop
  endfacet
  facet normal 0 0 -1
    outer loop
      vertex 33.7986 -14.5746 0.599999
      vertex 33.7219 -13.6541 0.599999
      vertex 33.9934 -13.6959 0.599999
    endloop
  endfacet
  facet normal 0 0 -1
    outer loop
      vertex 33.6435 -14.5507 0.599999
      vertex 33.7219 -13.6541 0.599999
      vertex 33.7986 -14.5746 0.599999
    endloop
  endfacet
  facet normal 0 0 -1
    outer loop
      vertex 33.4866 -14.5472 0.599999
      vertex 33.7219 -13.6541 0.599999
      vertex 33.6435 -14.5507 0.599999
    endloop
  endfacet
  facet normal 0 0 -1
    outer loop
      vertex 33.4866 -14.5472 0.599999
      vertex 33.4473 -13.6481 0.599999
      vertex 33.7219 -13.6541 0.599999
    endloop
  endfacet
  facet normal 0 0 -1
    outer loop
      vertex 33.3305 -14.5643 0.599999
      vertex 33.4473 -13.6481 0.599999
      vertex 33.4866 -14.5472 0.599999
    endloop
  endfacet
  facet normal 0 0 -1
    outer loop
      vertex 33.1743 -13.678 0.599999
      vertex 33.3305 -14.5643 0.599999
      vertex 33.1781 -14.6016 0.599999
    endloop
  endfacet
  facet normal 0 0 -1
    outer loop
      vertex 33.3305 -14.5643 0.599999
      vertex 33.1743 -13.678 0.599999
      vertex 33.4473 -13.6481 0.599999
    endloop
  endfacet
  facet normal 0 0 -1
    outer loop
      vertex 32.9074 -13.7433 0.599999
      vertex 33.1781 -14.6016 0.599999
      vertex 33.0318 -14.6585 0.599999
    endloop
  endfacet
  facet normal 0 0 -1
    outer loop
      vertex 33.1781 -14.6016 0.599999
      vertex 32.9074 -13.7433 0.599999
      vertex 33.1743 -13.678 0.599999
    endloop
  endfacet
  facet normal 0 0 -1
    outer loop
      vertex 32.6514 -13.8429 0.599999
      vertex 33.0318 -14.6585 0.599999
      vertex 32.8942 -14.734 0.599999
    endloop
  endfacet
  facet normal 0 0 -1
    outer loop
      vertex 32.4106 -13.975 0.599999
      vertex 32.8942 -14.734 0.599999
      vertex 32.7676 -14.8269 0.599999
    endloop
  endfacet
  facet normal 0 0 -1
    outer loop
      vertex 32.1891 -14.1374 0.599999
      vertex 32.7676 -14.8269 0.599999
      vertex 32.6542 -14.9354 0.599999
    endloop
  endfacet
  facet normal 0 0 -1
    outer loop
      vertex 33.0318 -14.6585 0.599999
      vertex 32.6514 -13.8429 0.599999
      vertex 32.9074 -13.7433 0.599999
    endloop
  endfacet
  facet normal 0 0 -1
    outer loop
      vertex 31.9906 -14.3274 0.599999
      vertex 32.6542 -14.9354 0.599999
      vertex 32.5559 -15.0578 0.599999
    endloop
  endfacet
  facet normal 0 0 -1
    outer loop
      vertex 31.8187 -14.5416 0.599999
      vertex 32.5559 -15.0578 0.599999
      vertex 32.4745 -15.192 0.599999
    endloop
  endfacet
  facet normal 0 0 -1
    outer loop
      vertex 31.6762 -14.7764 0.599999
      vertex 32.4745 -15.192 0.599999
      vertex 32.4113 -15.3357 0.599999
    endloop
  endfacet
  facet normal 0 0 -1
    outer loop
      vertex 32.8942 -14.734 0.599999
      vertex 32.4106 -13.975 0.599999
      vertex 32.6514 -13.8429 0.599999
    endloop
  endfacet
  facet normal 0 0 -1
    outer loop
      vertex 31.5656 -15.0279 0.599999
      vertex 32.4113 -15.3357 0.599999
      vertex 32.3674 -15.4864 0.599999
    endloop
  endfacet
  facet normal 0 0 -1
    outer loop
      vertex 31.4887 -15.2916 0.599999
      vertex 32.3674 -15.4864 0.599999
      vertex 32.3435 -15.6415 0.599999
    endloop
  endfacet
  facet normal 0 0 -1
    outer loop
      vertex 32.7676 -14.8269 0.599999
      vertex 32.1891 -14.1374 0.599999
      vertex 32.4106 -13.975 0.599999
    endloop
  endfacet
  facet normal 0 0 -1
    outer loop
      vertex 31.4469 -15.5631 0.599999
      vertex 32.3435 -15.6415 0.599999
      vertex 32.3401 -15.7984 0.599999
    endloop
  endfacet
  facet normal 0 0 -1
    outer loop
      vertex 31.6357 -16.6336 0.599999
      vertex 32.4513 -16.2532 0.599999
      vertex 31.7678 -16.8744 0.599999
    endloop
  endfacet
  facet normal -0 0 -1
    outer loop
      vertex 32.4513 -16.2532 0.599999
      vertex 31.6357 -16.6336 0.599999
      vertex 32.3945 -16.107 0.599999
    endloop
  endfacet
  facet normal 0 0 -1
    outer loop
      vertex 32.6542 -14.9354 0.599999
      vertex 31.9906 -14.3274 0.599999
      vertex 32.1891 -14.1374 0.599999
    endloop
  endfacet
  facet normal 0 0 -1
    outer loop
      vertex 31.5361 -16.3776 0.599999
      vertex 32.3945 -16.107 0.599999
      vertex 31.6357 -16.6336 0.599999
    endloop
  endfacet
  facet normal 0 0 -1
    outer loop
      vertex 32.5559 -15.0578 0.599999
      vertex 31.8187 -14.5416 0.599999
      vertex 31.9906 -14.3274 0.599999
    endloop
  endfacet
  facet normal -0 0 -1
    outer loop
      vertex 32.3945 -16.107 0.599999
      vertex 31.5361 -16.3776 0.599999
      vertex 32.3571 -15.9545 0.599999
    endloop
  endfacet
  facet normal 0 0 -1
    outer loop
      vertex 32.4745 -15.192 0.599999
      vertex 31.6762 -14.7764 0.599999
      vertex 31.8187 -14.5416 0.599999
    endloop
  endfacet
  facet normal 0 0 -1
    outer loop
      vertex 31.4708 -16.1108 0.599999
      vertex 32.3571 -15.9545 0.599999
      vertex 31.5361 -16.3776 0.599999
    endloop
  endfacet
  facet normal 0 0 -1
    outer loop
      vertex 32.4113 -15.3357 0.599999
      vertex 31.5656 -15.0279 0.599999
      vertex 31.6762 -14.7764 0.599999
    endloop
  endfacet
  facet normal -0 0 -1
    outer loop
      vertex 32.3571 -15.9545 0.599999
      vertex 31.4708 -16.1108 0.599999
      vertex 32.3401 -15.7984 0.599999
    endloop
  endfacet
  facet normal 0 0 -1
    outer loop
      vertex 32.3674 -15.4864 0.599999
      vertex 31.4887 -15.2916 0.599999
      vertex 31.5656 -15.0279 0.599999
    endloop
  endfacet
  facet normal 0 0 -1
    outer loop
      vertex 31.4409 -15.8377 0.599999
      vertex 32.3401 -15.7984 0.599999
      vertex 31.4708 -16.1108 0.599999
    endloop
  endfacet
  facet normal 0 0 -1
    outer loop
      vertex 32.3435 -15.6415 0.599999
      vertex 31.4469 -15.5631 0.599999
      vertex 31.4887 -15.2916 0.599999
    endloop
  endfacet
  facet normal -0 0 -1
    outer loop
      vertex 32.3401 -15.7984 0.599999
      vertex 31.4409 -15.8377 0.599999
      vertex 31.4469 -15.5631 0.599999
    endloop
  endfacet
  facet normal 0.722231 0.691652 0
    outer loop
      vertex 32.1202 -17.2944 0.599999
      vertex 31.9302 -17.096 0
      vertex 31.9302 -17.096 0.599999
    endloop
  endfacet
  facet normal 0.722231 0.691652 0
    outer loop
      vertex 31.9302 -17.096 0
      vertex 32.1202 -17.2944 0.599999
      vertex 32.1202 -17.2944 0
    endloop
  endfacet
  facet normal 0.591285 -0.806463 0
    outer loop
      vertex 32.1891 -14.1374 0
      vertex 32.4106 -13.975 0.599999
      vertex 32.1891 -14.1374 0.599999
    endloop
  endfacet
  facet normal 0.591285 -0.806463 0
    outer loop
      vertex 32.4106 -13.975 0.599999
      vertex 32.1891 -14.1374 0
      vertex 32.4106 -13.975 0
    endloop
  endfacet
  facet normal 0.93195 0.362587 0
    outer loop
      vertex 31.6357 -16.6336 0.599999
      vertex 31.5361 -16.3776 0
      vertex 31.5361 -16.3776 0.599999
    endloop
  endfacet
  facet normal 0.93195 0.362587 0
    outer loop
      vertex 31.5361 -16.3776 0
      vertex 31.6357 -16.6336 0.599999
      vertex 31.6357 -16.6336 0
    endloop
  endfacet
  facet normal -0.152167 -0.988355 0
    outer loop
      vertex 33.7219 -13.6541 0
      vertex 33.9934 -13.6959 0.599999
      vertex 33.7219 -13.6541 0.599999
    endloop
  endfacet
  facet normal -0.152167 -0.988355 -0
    outer loop
      vertex 33.9934 -13.6959 0.599999
      vertex 33.7219 -13.6541 0
      vertex 33.9934 -13.6959 0
    endloop
  endfacet
  facet normal 0.779909 -0.625893 0
    outer loop
      vertex 31.8187 -14.5416 0.599999
      vertex 31.9906 -14.3274 0
      vertex 31.9906 -14.3274 0.599999
    endloop
  endfacet
  facet normal 0.779909 -0.625893 0
    outer loop
      vertex 31.9906 -14.3274 0
      vertex 31.8187 -14.5416 0.599999
      vertex 31.8187 -14.5416 0
    endloop
  endfacet
  facet normal -0.27986 -0.960041 0
    outer loop
      vertex 33.9934 -13.6959 0
      vertex 34.2572 -13.7728 0.599999
      vertex 33.9934 -13.6959 0.599999
    endloop
  endfacet
  facet normal -0.27986 -0.960041 -0
    outer loop
      vertex 34.2572 -13.7728 0.599999
      vertex 33.9934 -13.6959 0
      vertex 34.2572 -13.7728 0
    endloop
  endfacet
  facet normal -0.40269 -0.915337 0
    outer loop
      vertex 34.2572 -13.7728 0
      vertex 34.5086 -13.8834 0.599999
      vertex 34.2572 -13.7728 0.599999
    endloop
  endfacet
  facet normal -0.40269 -0.915337 -0
    outer loop
      vertex 34.5086 -13.8834 0.599999
      vertex 34.2572 -13.7728 0
      vertex 34.5086 -13.8834 0
    endloop
  endfacet
  facet normal 0.518826 0.85488 -0
    outer loop
      vertex 32.5692 -17.6088 0
      vertex 32.3344 -17.4663 0.599999
      vertex 32.5692 -17.6088 0.599999
    endloop
  endfacet
  facet normal 0.518826 0.85488 0
    outer loop
      vertex 32.3344 -17.4663 0.599999
      vertex 32.5692 -17.6088 0
      vertex 32.3344 -17.4663 0
    endloop
  endfacet
  facet normal -0.625715 -0.780051 0
    outer loop
      vertex 34.7434 -14.0259 0
      vertex 34.9577 -14.1978 0.599999
      vertex 34.7434 -14.0259 0.599999
    endloop
  endfacet
  facet normal -0.625715 -0.780051 -0
    outer loop
      vertex 34.9577 -14.1978 0.599999
      vertex 34.7434 -14.0259 0
      vertex 34.9577 -14.1978 0
    endloop
  endfacet
  facet normal 0.237652 -0.97135 0
    outer loop
      vertex 32.9074 -13.7433 0
      vertex 33.1743 -13.678 0.599999
      vertex 32.9074 -13.7433 0.599999
    endloop
  endfacet
  facet normal 0.237652 -0.97135 0
    outer loop
      vertex 33.1743 -13.678 0.599999
      vertex 32.9074 -13.7433 0
      vertex 33.1743 -13.678 0
    endloop
  endfacet
  facet normal 0.152167 0.988355 -0
    outer loop
      vertex 33.3559 -17.8381 0
      vertex 33.0844 -17.7963 0.599999
      vertex 33.3559 -17.8381 0.599999
    endloop
  endfacet
  facet normal 0.152167 0.988355 0
    outer loop
      vertex 33.0844 -17.7963 0.599999
      vertex 33.3559 -17.8381 0
      vertex 33.0844 -17.7963 0
    endloop
  endfacet
  facet normal -0.481248 0.876585 0
    outer loop
      vertex 34.6672 -17.5172 0
      vertex 34.4264 -17.6494 0.599999
      vertex 34.6672 -17.5172 0.599999
    endloop
  endfacet
  facet normal -0.481248 0.876585 0
    outer loop
      vertex 34.4264 -17.6494 0.599999
      vertex 34.6672 -17.5172 0
      vertex 34.4264 -17.6494 0
    endloop
  endfacet
  facet normal -0.85488 0.518826 0
    outer loop
      vertex 35.2591 -16.9506 0
      vertex 35.4016 -16.7158 0.599999
      vertex 35.4016 -16.7158 0
    endloop
  endfacet
  facet normal -0.85488 0.518826 0
    outer loop
      vertex 35.4016 -16.7158 0.599999
      vertex 35.2591 -16.9506 0
      vertex 35.2591 -16.9506 0.599999
    endloop
  endfacet
  facet normal -0.806463 -0.591285 0
    outer loop
      vertex 35.31 -14.6178 0
      vertex 35.1476 -14.3963 0.599999
      vertex 35.1476 -14.3963 0
    endloop
  endfacet
  facet normal -0.806463 -0.591285 0
    outer loop
      vertex 35.1476 -14.3963 0.599999
      vertex 35.31 -14.6178 0
      vertex 35.31 -14.6178 0.599999
    endloop
  endfacet
  facet normal 0.80659 0.591111 0
    outer loop
      vertex 31.9302 -17.096 0.599999
      vertex 31.7678 -16.8744 0
      vertex 31.7678 -16.8744 0.599999
    endloop
  endfacet
  facet normal 0.80659 0.591111 0
    outer loop
      vertex 31.7678 -16.8744 0
      vertex 31.9302 -17.096 0.599999
      vertex 31.9302 -17.096 0
    endloop
  endfacet
  facet normal 0.108873 -0.994056 0
    outer loop
      vertex 33.1743 -13.678 0
      vertex 33.4473 -13.6481 0.599999
      vertex 33.1743 -13.678 0.599999
    endloop
  endfacet
  facet normal 0.108873 -0.994056 0
    outer loop
      vertex 33.4473 -13.6481 0.599999
      vertex 33.1743 -13.678 0
      vertex 33.4473 -13.6481 0
    endloop
  endfacet
  facet normal -0.876585 -0.481248 0
    outer loop
      vertex 35.4422 -14.8586 0
      vertex 35.31 -14.6178 0.599999
      vertex 35.31 -14.6178 0
    endloop
  endfacet
  facet normal -0.876585 -0.481248 0
    outer loop
      vertex 35.31 -14.6178 0.599999
      vertex 35.4422 -14.8586 0
      vertex 35.4422 -14.8586 0.599999
    endloop
  endfacet
  facet normal 0.480968 -0.876738 0
    outer loop
      vertex 32.4106 -13.975 0
      vertex 32.6514 -13.8429 0.599999
      vertex 32.4106 -13.975 0.599999
    endloop
  endfacet
  facet normal 0.480968 -0.876738 0
    outer loop
      vertex 32.6514 -13.8429 0.599999
      vertex 32.4106 -13.975 0
      vertex 32.6514 -13.8429 0
    endloop
  endfacet
  facet normal 0.876738 0.480968 0
    outer loop
      vertex 31.7678 -16.8744 0.599999
      vertex 31.6357 -16.6336 0
      vertex 31.6357 -16.6336 0.599999
    endloop
  endfacet
  facet normal 0.876738 0.480968 0
    outer loop
      vertex 31.6357 -16.6336 0
      vertex 31.7678 -16.8744 0.599999
      vertex 31.7678 -16.8744 0
    endloop
  endfacet
  facet normal -0.999761 0.0218447 0
    outer loop
      vertex 35.6309 -15.9291 0
      vertex 35.6369 -15.6545 0.599999
      vertex 35.6369 -15.6545 0
    endloop
  endfacet
  facet normal -0.999761 0.0218447 0
    outer loop
      vertex 35.6369 -15.6545 0.599999
      vertex 35.6309 -15.9291 0
      vertex 35.6309 -15.9291 0.599999
    endloop
  endfacet
  facet normal 0.85488 -0.518826 0
    outer loop
      vertex 31.6762 -14.7764 0.599999
      vertex 31.8187 -14.5416 0
      vertex 31.8187 -14.5416 0.599999
    endloop
  endfacet
  facet normal 0.85488 -0.518826 0
    outer loop
      vertex 31.8187 -14.5416 0
      vertex 31.6762 -14.7764 0.599999
      vertex 31.6762 -14.7764 0
    endloop
  endfacet
  facet normal -0.518826 -0.85488 0
    outer loop
      vertex 34.5086 -13.8834 0
      vertex 34.7434 -14.0259 0.599999
      vertex 34.5086 -13.8834 0.599999
    endloop
  endfacet
  facet normal -0.518826 -0.85488 -0
    outer loop
      vertex 34.7434 -14.0259 0.599999
      vertex 34.5086 -13.8834 0
      vertex 34.7434 -14.0259 0
    endloop
  endfacet
  facet normal -0.96011 0.279622 0
    outer loop
      vertex 35.5123 -16.4643 0
      vertex 35.5891 -16.2006 0.599999
      vertex 35.5891 -16.2006 0
    endloop
  endfacet
  facet normal -0.96011 0.279622 0
    outer loop
      vertex 35.5891 -16.2006 0.599999
      vertex 35.5123 -16.4643 0
      vertex 35.5123 -16.4643 0.599999
    endloop
  endfacet
  facet normal -0.108833 0.99406 0
    outer loop
      vertex 33.9036 -17.8142 0
      vertex 33.6305 -17.8441 0.599999
      vertex 33.9036 -17.8142 0.599999
    endloop
  endfacet
  facet normal -0.108833 0.99406 0
    outer loop
      vertex 33.6305 -17.8441 0.599999
      vertex 33.9036 -17.8142 0
      vertex 33.6305 -17.8441 0
    endloop
  endfacet
  facet normal -0.237736 0.97133 0
    outer loop
      vertex 34.1704 -17.7489 0
      vertex 33.9036 -17.8142 0.599999
      vertex 34.1704 -17.7489 0.599999
    endloop
  endfacet
  facet normal -0.237736 0.97133 0
    outer loop
      vertex 33.9036 -17.8142 0.599999
      vertex 34.1704 -17.7489 0
      vertex 33.9036 -17.8142 0
    endloop
  endfacet
  facet normal -0.97133 -0.237736 0
    outer loop
      vertex 35.607 -15.3814 0
      vertex 35.5417 -15.1146 0.599999
      vertex 35.5417 -15.1146 0
    endloop
  endfacet
  facet normal -0.97133 -0.237736 0
    outer loop
      vertex 35.5417 -15.1146 0.599999
      vertex 35.607 -15.3814 0
      vertex 35.607 -15.3814 0.599999
    endloop
  endfacet
  facet normal -0.915261 0.402861 0
    outer loop
      vertex 35.4016 -16.7158 0
      vertex 35.5123 -16.4643 0.599999
      vertex 35.5123 -16.4643 0
    endloop
  endfacet
  facet normal -0.915261 0.402861 0
    outer loop
      vertex 35.5123 -16.4643 0.599999
      vertex 35.4016 -16.7158 0
      vertex 35.4016 -16.7158 0.599999
    endloop
  endfacet
  facet normal 0.402861 0.915261 -0
    outer loop
      vertex 32.8207 -17.7195 0
      vertex 32.5692 -17.6088 0.599999
      vertex 32.8207 -17.7195 0.599999
    endloop
  endfacet
  facet normal 0.402861 0.915261 0
    outer loop
      vertex 32.5692 -17.6088 0.599999
      vertex 32.8207 -17.7195 0
      vertex 32.5692 -17.6088 0
    endloop
  endfacet
  facet normal -0.99406 -0.108833 0
    outer loop
      vertex 35.6369 -15.6545 0
      vertex 35.607 -15.3814 0.599999
      vertex 35.607 -15.3814 0
    endloop
  endfacet
  facet normal -0.99406 -0.108833 0
    outer loop
      vertex 35.607 -15.3814 0.599999
      vertex 35.6369 -15.6545 0
      vertex 35.6369 -15.6545 0.599999
    endloop
  endfacet
  facet normal -0.362271 0.932073 0
    outer loop
      vertex 34.4264 -17.6494 0
      vertex 34.1704 -17.7489 0.599999
      vertex 34.4264 -17.6494 0.599999
    endloop
  endfacet
  facet normal -0.362271 0.932073 0
    outer loop
      vertex 34.1704 -17.7489 0.599999
      vertex 34.4264 -17.6494 0
      vertex 34.1704 -17.7489 0
    endloop
  endfacet
  facet normal -0.591111 0.80659 0
    outer loop
      vertex 34.8888 -17.3548 0
      vertex 34.6672 -17.5172 0.599999
      vertex 34.8888 -17.3548 0.599999
    endloop
  endfacet
  facet normal -0.591111 0.80659 0
    outer loop
      vertex 34.6672 -17.5172 0.599999
      vertex 34.8888 -17.3548 0
      vertex 34.6672 -17.5172 0
    endloop
  endfacet
endsolid OpenSCAD_Model
