solid OpenSCAD_Model
  facet normal -1 0 0
    outer loop
      vertex 5.3 51.2321 0
      vertex 5.3 65.8356 5.72205e-07
      vertex 5.3 65.8356 0
    endloop
  endfacet
  facet normal -1 -0 0
    outer loop
      vertex 5.3 65.8356 5.72205e-07
      vertex 5.3 51.2321 0
      vertex 5.3 51.2321 5.72205e-07
    endloop
  endfacet
  facet normal -1 0 0
    outer loop
      vertex 5.3 -44.1877 0
      vertex 5.3 -29.5843 5.72205e-07
      vertex 5.3 -29.5843 0
    endloop
  endfacet
  facet normal -1 -0 0
    outer loop
      vertex 5.3 -29.5843 5.72205e-07
      vertex 5.3 -44.1877 0
      vertex 5.3 -44.1877 5.72205e-07
    endloop
  endfacet
  facet normal -1 0 0
    outer loop
      vertex 5.3 -25.7843 0
      vertex 5.3 47.4321 5.72205e-07
      vertex 5.3 47.4321 0
    endloop
  endfacet
  facet normal -1 -0 0
    outer loop
      vertex 5.3 47.4321 5.72205e-07
      vertex 5.3 -25.7843 0
      vertex 5.3 -25.7843 5.72205e-07
    endloop
  endfacet
  facet normal -0.195091 0 0.980785
    outer loop
      vertex 4.36825 -29.5843 7.07733
      vertex 4.83011 -44.1877 7.1692
      vertex 4.83011 -29.5843 7.1692
    endloop
  endfacet
  facet normal -0.195091 0 0.980785
    outer loop
      vertex 4.83011 -44.1877 7.1692
      vertex 4.36825 -29.5843 7.07733
      vertex 4.36825 -44.1877 7.07733
    endloop
  endfacet
  facet normal -0.195091 0 0.980785
    outer loop
      vertex 4.36825 65.8356 7.07733
      vertex 4.83011 51.2321 7.1692
      vertex 4.83011 65.8356 7.1692
    endloop
  endfacet
  facet normal -0.195091 0 0.980785
    outer loop
      vertex 4.83011 51.2321 7.1692
      vertex 4.36825 65.8356 7.07733
      vertex 4.36825 51.2321 7.07733
    endloop
  endfacet
  facet normal -0.195091 0 0.980785
    outer loop
      vertex 4.36825 47.4321 7.07733
      vertex 4.83011 -25.7843 7.1692
      vertex 4.83011 47.4321 7.1692
    endloop
  endfacet
  facet normal -0.195091 0 0.980785
    outer loop
      vertex 4.83011 -25.7843 7.1692
      vertex 4.36825 47.4321 7.07733
      vertex 4.36825 -25.7843 7.07733
    endloop
  endfacet
  facet normal -0.980785 0 0.195091
    outer loop
      vertex 1.7308 -44.1877 4.06989
      vertex 1.82267 -29.5843 4.53175
      vertex 1.7308 -29.5843 4.06989
    endloop
  endfacet
  facet normal -0.980785 0 0.195091
    outer loop
      vertex 1.82267 -29.5843 4.53175
      vertex 1.7308 -44.1877 4.06989
      vertex 1.82267 -44.1877 4.53175
    endloop
  endfacet
  facet normal -0.980785 0 0.195091
    outer loop
      vertex 1.7308 51.2321 4.06989
      vertex 1.82267 65.8356 4.53175
      vertex 1.7308 65.8356 4.06989
    endloop
  endfacet
  facet normal -0.980785 0 0.195091
    outer loop
      vertex 1.82267 65.8356 4.53175
      vertex 1.7308 51.2321 4.06989
      vertex 1.82267 51.2321 4.53175
    endloop
  endfacet
  facet normal -0.980785 0 0.195091
    outer loop
      vertex 1.7308 -25.7843 4.06989
      vertex 1.82267 47.4321 4.53175
      vertex 1.7308 47.4321 4.06989
    endloop
  endfacet
  facet normal -0.980785 0 0.195091
    outer loop
      vertex 1.82267 47.4321 4.53175
      vertex 1.7308 -25.7843 4.06989
      vertex 1.82267 -25.7843 4.53175
    endloop
  endfacet
  facet normal -0.997859 0 0.0654069
    outer loop
      vertex 1.7 -44.1877 3.6
      vertex 1.7308 -29.5843 4.06989
      vertex 1.7 -29.5843 3.6
    endloop
  endfacet
  facet normal -0.997859 0 0.0654069
    outer loop
      vertex 1.7308 -29.5843 4.06989
      vertex 1.7 -44.1877 3.6
      vertex 1.7308 -44.1877 4.06989
    endloop
  endfacet
  facet normal -0.997859 0 0.0654069
    outer loop
      vertex 1.7 51.2321 3.6
      vertex 1.7308 65.8356 4.06989
      vertex 1.7 65.8356 3.6
    endloop
  endfacet
  facet normal -0.997859 0 0.0654069
    outer loop
      vertex 1.7308 65.8356 4.06989
      vertex 1.7 51.2321 3.6
      vertex 1.7308 51.2321 4.06989
    endloop
  endfacet
  facet normal -0.997859 0 0.0654069
    outer loop
      vertex 1.7 -25.7843 3.6
      vertex 1.7308 47.4321 4.06989
      vertex 1.7 47.4321 3.6
    endloop
  endfacet
  facet normal -0.997859 0 0.0654069
    outer loop
      vertex 1.7308 47.4321 4.06989
      vertex 1.7 -25.7843 3.6
      vertex 1.7308 -25.7843 4.06989
    endloop
  endfacet
  facet normal -0.321428 0 0.946934
    outer loop
      vertex 3.92234 -29.5843 6.92597
      vertex 4.36825 -44.1877 7.07733
      vertex 4.36825 -29.5843 7.07733
    endloop
  endfacet
  facet normal -0.321428 0 0.946934
    outer loop
      vertex 4.36825 -44.1877 7.07733
      vertex 3.92234 -29.5843 6.92597
      vertex 3.92234 -44.1877 6.92597
    endloop
  endfacet
  facet normal -0.321428 0 0.946934
    outer loop
      vertex 3.92234 65.8356 6.92597
      vertex 4.36825 51.2321 7.07733
      vertex 4.36825 65.8356 7.07733
    endloop
  endfacet
  facet normal -0.321428 0 0.946934
    outer loop
      vertex 4.36825 51.2321 7.07733
      vertex 3.92234 65.8356 6.92597
      vertex 3.92234 51.2321 6.92597
    endloop
  endfacet
  facet normal -0.321428 0 0.946934
    outer loop
      vertex 3.92234 47.4321 6.92597
      vertex 4.36825 -25.7843 7.07733
      vertex 4.36825 47.4321 7.07733
    endloop
  endfacet
  facet normal -0.321428 0 0.946934
    outer loop
      vertex 4.36825 -25.7843 7.07733
      vertex 3.92234 47.4321 6.92597
      vertex 3.92234 -25.7843 6.92597
    endloop
  endfacet
  facet normal -0.751834 0 0.659352
    outer loop
      vertex 2.44393 -44.1877 5.79154
      vertex 2.75442 -29.5843 6.14558
      vertex 2.44393 -29.5843 5.79154
    endloop
  endfacet
  facet normal -0.751834 0 0.659352
    outer loop
      vertex 2.75442 -29.5843 6.14558
      vertex 2.44393 -44.1877 5.79154
      vertex 2.75442 -44.1877 6.14558
    endloop
  endfacet
  facet normal -0.751834 0 0.659352
    outer loop
      vertex 2.44393 51.2321 5.79154
      vertex 2.75442 65.8356 6.14558
      vertex 2.44393 65.8356 5.79154
    endloop
  endfacet
  facet normal -0.751834 0 0.659352
    outer loop
      vertex 2.75442 65.8356 6.14558
      vertex 2.44393 51.2321 5.79154
      vertex 2.75442 51.2321 6.14558
    endloop
  endfacet
  facet normal -0.751834 0 0.659352
    outer loop
      vertex 2.44393 -25.7843 5.79154
      vertex 2.75442 47.4321 6.14558
      vertex 2.44393 47.4321 5.79154
    endloop
  endfacet
  facet normal -0.751834 0 0.659352
    outer loop
      vertex 2.75442 47.4321 6.14558
      vertex 2.44393 -25.7843 5.79154
      vertex 2.75442 -25.7843 6.14558
    endloop
  endfacet
  facet normal -0.946934 0 -0.321428
    outer loop
      vertex 1.97403 -44.1877 2.22234
      vertex 1.82267 -29.5843 2.66825
      vertex 1.97403 -29.5843 2.22234
    endloop
  endfacet
  facet normal -0.946934 -0 -0.321428
    outer loop
      vertex 1.82267 -29.5843 2.66825
      vertex 1.97403 -44.1877 2.22234
      vertex 1.82267 -44.1877 2.66825
    endloop
  endfacet
  facet normal -0.946934 0 -0.321428
    outer loop
      vertex 1.97403 51.2321 2.22234
      vertex 1.82267 65.8356 2.66825
      vertex 1.97403 65.8356 2.22234
    endloop
  endfacet
  facet normal -0.946934 -0 -0.321428
    outer loop
      vertex 1.82267 65.8356 2.66825
      vertex 1.97403 51.2321 2.22234
      vertex 1.82267 51.2321 2.66825
    endloop
  endfacet
  facet normal -0.946934 0 -0.321428
    outer loop
      vertex 1.97403 -25.7843 2.22234
      vertex 1.82267 47.4321 2.66825
      vertex 1.97403 47.4321 2.22234
    endloop
  endfacet
  facet normal -0.946934 -0 -0.321428
    outer loop
      vertex 1.82267 47.4321 2.66825
      vertex 1.97403 -25.7843 2.22234
      vertex 1.82267 -25.7843 2.66825
    endloop
  endfacet
  facet normal -0.831468 0 0.555572
    outer loop
      vertex 2.18231 -44.1877 5.4
      vertex 2.44393 -29.5843 5.79154
      vertex 2.18231 -29.5843 5.4
    endloop
  endfacet
  facet normal -0.831468 0 0.555572
    outer loop
      vertex 2.44393 -29.5843 5.79154
      vertex 2.18231 -44.1877 5.4
      vertex 2.44393 -44.1877 5.79154
    endloop
  endfacet
  facet normal -0.831468 0 0.555572
    outer loop
      vertex 2.18231 51.2321 5.4
      vertex 2.44393 65.8356 5.79154
      vertex 2.18231 65.8356 5.4
    endloop
  endfacet
  facet normal -0.831468 0 0.555572
    outer loop
      vertex 2.44393 65.8356 5.79154
      vertex 2.18231 51.2321 5.4
      vertex 2.44393 51.2321 5.79154
    endloop
  endfacet
  facet normal -0.831468 0 0.555572
    outer loop
      vertex 2.18231 -25.7843 5.4
      vertex 2.44393 47.4321 5.79154
      vertex 2.18231 47.4321 5.4
    endloop
  endfacet
  facet normal -0.831468 0 0.555572
    outer loop
      vertex 2.44393 47.4321 5.79154
      vertex 2.18231 -25.7843 5.4
      vertex 2.44393 -25.7843 5.79154
    endloop
  endfacet
  facet normal -0.946934 0 0.321428
    outer loop
      vertex 1.82267 -44.1877 4.53175
      vertex 1.97403 -29.5843 4.97766
      vertex 1.82267 -29.5843 4.53175
    endloop
  endfacet
  facet normal -0.946934 0 0.321428
    outer loop
      vertex 1.97403 -29.5843 4.97766
      vertex 1.82267 -44.1877 4.53175
      vertex 1.97403 -44.1877 4.97766
    endloop
  endfacet
  facet normal -0.946934 0 0.321428
    outer loop
      vertex 1.82267 51.2321 4.53175
      vertex 1.97403 65.8356 4.97766
      vertex 1.82267 65.8356 4.53175
    endloop
  endfacet
  facet normal -0.946934 0 0.321428
    outer loop
      vertex 1.97403 65.8356 4.97766
      vertex 1.82267 51.2321 4.53175
      vertex 1.97403 51.2321 4.97766
    endloop
  endfacet
  facet normal -0.946934 0 0.321428
    outer loop
      vertex 1.82267 -25.7843 4.53175
      vertex 1.97403 47.4321 4.97766
      vertex 1.82267 47.4321 4.53175
    endloop
  endfacet
  facet normal -0.946934 0 0.321428
    outer loop
      vertex 1.97403 47.4321 4.97766
      vertex 1.82267 -25.7843 4.53175
      vertex 1.97403 -25.7843 4.97766
    endloop
  endfacet
  facet normal -0.980785 0 -0.195091
    outer loop
      vertex 1.82267 -44.1877 2.66825
      vertex 1.7308 -29.5843 3.13011
      vertex 1.82267 -29.5843 2.66825
    endloop
  endfacet
  facet normal -0.980785 -0 -0.195091
    outer loop
      vertex 1.7308 -29.5843 3.13011
      vertex 1.82267 -44.1877 2.66825
      vertex 1.7308 -44.1877 3.13011
    endloop
  endfacet
  facet normal -0.980785 0 -0.195091
    outer loop
      vertex 1.82267 51.2321 2.66825
      vertex 1.7308 65.8356 3.13011
      vertex 1.82267 65.8356 2.66825
    endloop
  endfacet
  facet normal -0.980785 -0 -0.195091
    outer loop
      vertex 1.7308 65.8356 3.13011
      vertex 1.82267 51.2321 2.66825
      vertex 1.7308 51.2321 3.13011
    endloop
  endfacet
  facet normal -0.980785 0 -0.195091
    outer loop
      vertex 1.82267 -25.7843 2.66825
      vertex 1.7308 47.4321 3.13011
      vertex 1.82267 47.4321 2.66825
    endloop
  endfacet
  facet normal -0.980785 -0 -0.195091
    outer loop
      vertex 1.7308 47.4321 3.13011
      vertex 1.82267 -25.7843 2.66825
      vertex 1.7308 -25.7843 3.13011
    endloop
  endfacet
  facet normal -0.0654025 0 -0.997859
    outer loop
      vertex 4.83011 -44.1877 0.0307985
      vertex 5.3 -29.5843 5.72205e-07
      vertex 5.3 -44.1877 5.72205e-07
    endloop
  endfacet
  facet normal -0.0654025 0 -0.997859
    outer loop
      vertex 5.3 -29.5843 5.72205e-07
      vertex 4.83011 -44.1877 0.0307985
      vertex 4.83011 -29.5843 0.0307985
    endloop
  endfacet
  facet normal -0.0654025 0 -0.997859
    outer loop
      vertex 4.83011 51.2321 0.0307985
      vertex 5.3 65.8356 5.72205e-07
      vertex 5.3 51.2321 5.72205e-07
    endloop
  endfacet
  facet normal -0.0654025 0 -0.997859
    outer loop
      vertex 5.3 65.8356 5.72205e-07
      vertex 4.83011 51.2321 0.0307985
      vertex 4.83011 65.8356 0.0307985
    endloop
  endfacet
  facet normal -0.0654025 0 -0.997859
    outer loop
      vertex 4.83011 -25.7843 0.0307985
      vertex 5.3 47.4321 5.72205e-07
      vertex 5.3 -25.7843 5.72205e-07
    endloop
  endfacet
  facet normal -0.0654025 0 -0.997859
    outer loop
      vertex 5.3 47.4321 5.72205e-07
      vertex 4.83011 -25.7843 0.0307985
      vertex 4.83011 47.4321 0.0307985
    endloop
  endfacet
  facet normal -0.831468 0 -0.555572
    outer loop
      vertex 2.44393 -44.1877 1.40846
      vertex 2.18231 -29.5843 1.8
      vertex 2.44393 -29.5843 1.40846
    endloop
  endfacet
  facet normal -0.831468 -0 -0.555572
    outer loop
      vertex 2.18231 -29.5843 1.8
      vertex 2.44393 -44.1877 1.40846
      vertex 2.18231 -44.1877 1.8
    endloop
  endfacet
  facet normal -0.831468 0 -0.555572
    outer loop
      vertex 2.44393 51.2321 1.40846
      vertex 2.18231 65.8356 1.8
      vertex 2.44393 65.8356 1.40846
    endloop
  endfacet
  facet normal -0.831468 -0 -0.555572
    outer loop
      vertex 2.18231 65.8356 1.8
      vertex 2.44393 51.2321 1.40846
      vertex 2.18231 51.2321 1.8
    endloop
  endfacet
  facet normal -0.831468 0 -0.555572
    outer loop
      vertex 2.44393 -25.7843 1.40846
      vertex 2.18231 47.4321 1.8
      vertex 2.44393 47.4321 1.40846
    endloop
  endfacet
  facet normal -0.831468 -0 -0.555572
    outer loop
      vertex 2.18231 47.4321 1.8
      vertex 2.44393 -25.7843 1.40846
      vertex 2.18231 -25.7843 1.8
    endloop
  endfacet
  facet normal -0.555572 0 -0.831468
    outer loop
      vertex 3.10846 -44.1877 0.743929
      vertex 3.5 -29.5843 0.482309
      vertex 3.5 -44.1877 0.482309
    endloop
  endfacet
  facet normal -0.555572 0 -0.831468
    outer loop
      vertex 3.5 -29.5843 0.482309
      vertex 3.10846 -44.1877 0.743929
      vertex 3.10846 -29.5843 0.743929
    endloop
  endfacet
  facet normal -0.555572 0 -0.831468
    outer loop
      vertex 3.10846 51.2321 0.743929
      vertex 3.5 65.8356 0.482309
      vertex 3.5 51.2321 0.482309
    endloop
  endfacet
  facet normal -0.555572 0 -0.831468
    outer loop
      vertex 3.5 65.8356 0.482309
      vertex 3.10846 51.2321 0.743929
      vertex 3.10846 65.8356 0.743929
    endloop
  endfacet
  facet normal -0.555572 0 -0.831468
    outer loop
      vertex 3.10846 -25.7843 0.743929
      vertex 3.5 47.4321 0.482309
      vertex 3.5 -25.7843 0.482309
    endloop
  endfacet
  facet normal -0.555572 0 -0.831468
    outer loop
      vertex 3.5 47.4321 0.482309
      vertex 3.10846 -25.7843 0.743929
      vertex 3.10846 47.4321 0.743929
    endloop
  endfacet
  facet normal -0.442297 0 0.896869
    outer loop
      vertex 3.5 -29.5843 6.71769
      vertex 3.92234 -44.1877 6.92597
      vertex 3.92234 -29.5843 6.92597
    endloop
  endfacet
  facet normal -0.442297 0 0.896869
    outer loop
      vertex 3.92234 -44.1877 6.92597
      vertex 3.5 -29.5843 6.71769
      vertex 3.5 -44.1877 6.71769
    endloop
  endfacet
  facet normal -0.442297 0 0.896869
    outer loop
      vertex 3.5 65.8356 6.71769
      vertex 3.92234 51.2321 6.92597
      vertex 3.92234 65.8356 6.92597
    endloop
  endfacet
  facet normal -0.442297 0 0.896869
    outer loop
      vertex 3.92234 51.2321 6.92597
      vertex 3.5 65.8356 6.71769
      vertex 3.5 51.2321 6.71769
    endloop
  endfacet
  facet normal -0.442297 0 0.896869
    outer loop
      vertex 3.5 47.4321 6.71769
      vertex 3.92234 -25.7843 6.92597
      vertex 3.92234 47.4321 6.92597
    endloop
  endfacet
  facet normal -0.442297 0 0.896869
    outer loop
      vertex 3.92234 -25.7843 6.92597
      vertex 3.5 47.4321 6.71769
      vertex 3.5 -25.7843 6.71769
    endloop
  endfacet
  facet normal -0.896869 0 0.442297
    outer loop
      vertex 1.97403 -44.1877 4.97766
      vertex 2.18231 -29.5843 5.4
      vertex 1.97403 -29.5843 4.97766
    endloop
  endfacet
  facet normal -0.896869 0 0.442297
    outer loop
      vertex 2.18231 -29.5843 5.4
      vertex 1.97403 -44.1877 4.97766
      vertex 2.18231 -44.1877 5.4
    endloop
  endfacet
  facet normal -0.896869 0 0.442297
    outer loop
      vertex 1.97403 51.2321 4.97766
      vertex 2.18231 65.8356 5.4
      vertex 1.97403 65.8356 4.97766
    endloop
  endfacet
  facet normal -0.896869 0 0.442297
    outer loop
      vertex 2.18231 65.8356 5.4
      vertex 1.97403 51.2321 4.97766
      vertex 2.18231 51.2321 5.4
    endloop
  endfacet
  facet normal -0.896869 0 0.442297
    outer loop
      vertex 1.97403 -25.7843 4.97766
      vertex 2.18231 47.4321 5.4
      vertex 1.97403 47.4321 4.97766
    endloop
  endfacet
  facet normal -0.896869 0 0.442297
    outer loop
      vertex 2.18231 47.4321 5.4
      vertex 1.97403 -25.7843 4.97766
      vertex 2.18231 -25.7843 5.4
    endloop
  endfacet
  facet normal -0.321439 0 -0.94693
    outer loop
      vertex 3.92234 -44.1877 0.274034
      vertex 4.36825 -29.5843 0.122668
      vertex 4.36825 -44.1877 0.122668
    endloop
  endfacet
  facet normal -0.321439 0 -0.94693
    outer loop
      vertex 4.36825 -29.5843 0.122668
      vertex 3.92234 -44.1877 0.274034
      vertex 3.92234 -29.5843 0.274034
    endloop
  endfacet
  facet normal -0.321439 0 -0.94693
    outer loop
      vertex 3.92234 51.2321 0.274034
      vertex 4.36825 65.8356 0.122668
      vertex 4.36825 51.2321 0.122668
    endloop
  endfacet
  facet normal -0.321439 0 -0.94693
    outer loop
      vertex 4.36825 65.8356 0.122668
      vertex 3.92234 51.2321 0.274034
      vertex 3.92234 65.8356 0.274034
    endloop
  endfacet
  facet normal -0.321439 0 -0.94693
    outer loop
      vertex 3.92234 -25.7843 0.274034
      vertex 4.36825 47.4321 0.122668
      vertex 4.36825 -25.7843 0.122668
    endloop
  endfacet
  facet normal -0.321439 0 -0.94693
    outer loop
      vertex 4.36825 47.4321 0.122668
      vertex 3.92234 -25.7843 0.274034
      vertex 3.92234 47.4321 0.274034
    endloop
  endfacet
  facet normal -0.442289 0 -0.896873
    outer loop
      vertex 3.5 -44.1877 0.482309
      vertex 3.92234 -29.5843 0.274034
      vertex 3.92234 -44.1877 0.274034
    endloop
  endfacet
  facet normal -0.442289 0 -0.896873
    outer loop
      vertex 3.92234 -29.5843 0.274034
      vertex 3.5 -44.1877 0.482309
      vertex 3.5 -29.5843 0.482309
    endloop
  endfacet
  facet normal -0.442289 0 -0.896873
    outer loop
      vertex 3.5 51.2321 0.482309
      vertex 3.92234 65.8356 0.274034
      vertex 3.92234 51.2321 0.274034
    endloop
  endfacet
  facet normal -0.442289 0 -0.896873
    outer loop
      vertex 3.92234 65.8356 0.274034
      vertex 3.5 51.2321 0.482309
      vertex 3.5 65.8356 0.482309
    endloop
  endfacet
  facet normal -0.442289 0 -0.896873
    outer loop
      vertex 3.5 -25.7843 0.482309
      vertex 3.92234 47.4321 0.274034
      vertex 3.92234 -25.7843 0.274034
    endloop
  endfacet
  facet normal -0.442289 0 -0.896873
    outer loop
      vertex 3.92234 47.4321 0.274034
      vertex 3.5 -25.7843 0.482309
      vertex 3.5 47.4321 0.482309
    endloop
  endfacet
  facet normal -0.896869 0 -0.442297
    outer loop
      vertex 2.18231 -44.1877 1.8
      vertex 1.97403 -29.5843 2.22234
      vertex 2.18231 -29.5843 1.8
    endloop
  endfacet
  facet normal -0.896869 -0 -0.442297
    outer loop
      vertex 1.97403 -29.5843 2.22234
      vertex 2.18231 -44.1877 1.8
      vertex 1.97403 -44.1877 2.22234
    endloop
  endfacet
  facet normal -0.896869 0 -0.442297
    outer loop
      vertex 2.18231 51.2321 1.8
      vertex 1.97403 65.8356 2.22234
      vertex 2.18231 65.8356 1.8
    endloop
  endfacet
  facet normal -0.896869 -0 -0.442297
    outer loop
      vertex 1.97403 65.8356 2.22234
      vertex 2.18231 51.2321 1.8
      vertex 1.97403 51.2321 2.22234
    endloop
  endfacet
  facet normal -0.896869 0 -0.442297
    outer loop
      vertex 2.18231 -25.7843 1.8
      vertex 1.97403 47.4321 2.22234
      vertex 2.18231 47.4321 1.8
    endloop
  endfacet
  facet normal -0.896869 -0 -0.442297
    outer loop
      vertex 1.97403 47.4321 2.22234
      vertex 2.18231 -25.7843 1.8
      vertex 1.97403 -25.7843 2.22234
    endloop
  endfacet
  facet normal -0.0654069 0 0.997859
    outer loop
      vertex 4.83011 65.8356 7.1692
      vertex 5.3 51.2321 7.2
      vertex 5.3 65.8356 7.2
    endloop
  endfacet
  facet normal -0.0654069 0 0.997859
    outer loop
      vertex 5.3 51.2321 7.2
      vertex 4.83011 65.8356 7.1692
      vertex 4.83011 51.2321 7.1692
    endloop
  endfacet
  facet normal -0.0654069 0 0.997859
    outer loop
      vertex 4.83011 -29.5843 7.1692
      vertex 5.3 -44.1877 7.2
      vertex 5.3 -29.5843 7.2
    endloop
  endfacet
  facet normal -0.0654069 0 0.997859
    outer loop
      vertex 5.3 -44.1877 7.2
      vertex 4.83011 -29.5843 7.1692
      vertex 4.83011 -44.1877 7.1692
    endloop
  endfacet
  facet normal -0.0654069 0 0.997859
    outer loop
      vertex 4.83011 47.4321 7.1692
      vertex 5.3 -25.7843 7.2
      vertex 5.3 47.4321 7.2
    endloop
  endfacet
  facet normal -0.0654069 0 0.997859
    outer loop
      vertex 5.3 -25.7843 7.2
      vertex 4.83011 47.4321 7.1692
      vertex 4.83011 -25.7843 7.1692
    endloop
  endfacet
  facet normal -0.997859 0 -0.0654069
    outer loop
      vertex 1.7308 -44.1877 3.13011
      vertex 1.7 -29.5843 3.6
      vertex 1.7308 -29.5843 3.13011
    endloop
  endfacet
  facet normal -0.997859 -0 -0.0654069
    outer loop
      vertex 1.7 -29.5843 3.6
      vertex 1.7308 -44.1877 3.13011
      vertex 1.7 -44.1877 3.6
    endloop
  endfacet
  facet normal -0.997859 0 -0.0654069
    outer loop
      vertex 1.7308 51.2321 3.13011
      vertex 1.7 65.8356 3.6
      vertex 1.7308 65.8356 3.13011
    endloop
  endfacet
  facet normal -0.997859 -0 -0.0654069
    outer loop
      vertex 1.7 65.8356 3.6
      vertex 1.7308 51.2321 3.13011
      vertex 1.7 51.2321 3.6
    endloop
  endfacet
  facet normal -0.997859 0 -0.0654069
    outer loop
      vertex 1.7308 -25.7843 3.13011
      vertex 1.7 47.4321 3.6
      vertex 1.7308 47.4321 3.13011
    endloop
  endfacet
  facet normal -0.997859 -0 -0.0654069
    outer loop
      vertex 1.7 47.4321 3.6
      vertex 1.7308 -25.7843 3.13011
      vertex 1.7 -25.7843 3.6
    endloop
  endfacet
  facet normal -0.751834 0 -0.659352
    outer loop
      vertex 2.75442 -44.1877 1.05442
      vertex 2.44393 -29.5843 1.40846
      vertex 2.75442 -29.5843 1.05442
    endloop
  endfacet
  facet normal -0.751834 -0 -0.659352
    outer loop
      vertex 2.44393 -29.5843 1.40846
      vertex 2.75442 -44.1877 1.05442
      vertex 2.44393 -44.1877 1.40846
    endloop
  endfacet
  facet normal -0.751834 0 -0.659352
    outer loop
      vertex 2.75442 51.2321 1.05442
      vertex 2.44393 65.8356 1.40846
      vertex 2.75442 65.8356 1.05442
    endloop
  endfacet
  facet normal -0.751834 -0 -0.659352
    outer loop
      vertex 2.44393 65.8356 1.40846
      vertex 2.75442 51.2321 1.05442
      vertex 2.44393 51.2321 1.40846
    endloop
  endfacet
  facet normal -0.751834 0 -0.659352
    outer loop
      vertex 2.75442 -25.7843 1.05442
      vertex 2.44393 47.4321 1.40846
      vertex 2.75442 47.4321 1.05442
    endloop
  endfacet
  facet normal -0.751834 -0 -0.659352
    outer loop
      vertex 2.44393 47.4321 1.40846
      vertex 2.75442 -25.7843 1.05442
      vertex 2.44393 -25.7843 1.40846
    endloop
  endfacet
  facet normal -0.19509 0 -0.980785
    outer loop
      vertex 4.36825 -44.1877 0.122668
      vertex 4.83011 -29.5843 0.0307985
      vertex 4.83011 -44.1877 0.0307985
    endloop
  endfacet
  facet normal -0.19509 0 -0.980785
    outer loop
      vertex 4.83011 -29.5843 0.0307985
      vertex 4.36825 -44.1877 0.122668
      vertex 4.36825 -29.5843 0.122668
    endloop
  endfacet
  facet normal -0.19509 0 -0.980785
    outer loop
      vertex 4.36825 51.2321 0.122668
      vertex 4.83011 65.8356 0.0307985
      vertex 4.83011 51.2321 0.0307985
    endloop
  endfacet
  facet normal -0.19509 0 -0.980785
    outer loop
      vertex 4.83011 65.8356 0.0307985
      vertex 4.36825 51.2321 0.122668
      vertex 4.36825 65.8356 0.122668
    endloop
  endfacet
  facet normal -0.19509 0 -0.980785
    outer loop
      vertex 4.36825 -25.7843 0.122668
      vertex 4.83011 47.4321 0.0307985
      vertex 4.83011 -25.7843 0.0307985
    endloop
  endfacet
  facet normal -0.19509 0 -0.980785
    outer loop
      vertex 4.83011 47.4321 0.0307985
      vertex 4.36825 -25.7843 0.122668
      vertex 4.36825 47.4321 0.122668
    endloop
  endfacet
  facet normal -0.555572 0 0.831468
    outer loop
      vertex 3.10846 -29.5843 6.45607
      vertex 3.5 -44.1877 6.71769
      vertex 3.5 -29.5843 6.71769
    endloop
  endfacet
  facet normal -0.555572 0 0.831468
    outer loop
      vertex 3.5 -44.1877 6.71769
      vertex 3.10846 -29.5843 6.45607
      vertex 3.10846 -44.1877 6.45607
    endloop
  endfacet
  facet normal -0.555572 0 0.831468
    outer loop
      vertex 3.10846 65.8356 6.45607
      vertex 3.5 51.2321 6.71769
      vertex 3.5 65.8356 6.71769
    endloop
  endfacet
  facet normal -0.555572 0 0.831468
    outer loop
      vertex 3.5 51.2321 6.71769
      vertex 3.10846 65.8356 6.45607
      vertex 3.10846 51.2321 6.45607
    endloop
  endfacet
  facet normal -0.555572 0 0.831468
    outer loop
      vertex 3.10846 47.4321 6.45607
      vertex 3.5 -25.7843 6.71769
      vertex 3.5 47.4321 6.71769
    endloop
  endfacet
  facet normal -0.555572 0 0.831468
    outer loop
      vertex 3.5 -25.7843 6.71769
      vertex 3.10846 47.4321 6.45607
      vertex 3.10846 -25.7843 6.45607
    endloop
  endfacet
  facet normal -0.659352 0 0.751834
    outer loop
      vertex 2.75442 -29.5843 6.14558
      vertex 3.10846 -44.1877 6.45607
      vertex 3.10846 -29.5843 6.45607
    endloop
  endfacet
  facet normal -0.659352 0 0.751834
    outer loop
      vertex 3.10846 -44.1877 6.45607
      vertex 2.75442 -29.5843 6.14558
      vertex 2.75442 -44.1877 6.14558
    endloop
  endfacet
  facet normal -0.659352 0 0.751834
    outer loop
      vertex 2.75442 65.8356 6.14558
      vertex 3.10846 51.2321 6.45607
      vertex 3.10846 65.8356 6.45607
    endloop
  endfacet
  facet normal -0.659352 0 0.751834
    outer loop
      vertex 3.10846 51.2321 6.45607
      vertex 2.75442 65.8356 6.14558
      vertex 2.75442 51.2321 6.14558
    endloop
  endfacet
  facet normal -0.659352 0 0.751834
    outer loop
      vertex 2.75442 47.4321 6.14558
      vertex 3.10846 -25.7843 6.45607
      vertex 3.10846 47.4321 6.45607
    endloop
  endfacet
  facet normal -0.659352 0 0.751834
    outer loop
      vertex 3.10846 -25.7843 6.45607
      vertex 2.75442 47.4321 6.14558
      vertex 2.75442 -25.7843 6.14558
    endloop
  endfacet
  facet normal -0.659353 0 -0.751833
    outer loop
      vertex 2.75442 -44.1877 1.05442
      vertex 3.10846 -29.5843 0.743929
      vertex 3.10846 -44.1877 0.743929
    endloop
  endfacet
  facet normal -0.659353 0 -0.751833
    outer loop
      vertex 3.10846 -29.5843 0.743929
      vertex 2.75442 -44.1877 1.05442
      vertex 2.75442 -29.5843 1.05442
    endloop
  endfacet
  facet normal -0.659353 0 -0.751833
    outer loop
      vertex 2.75442 51.2321 1.05442
      vertex 3.10846 65.8356 0.743929
      vertex 3.10846 51.2321 0.743929
    endloop
  endfacet
  facet normal -0.659353 0 -0.751833
    outer loop
      vertex 3.10846 65.8356 0.743929
      vertex 2.75442 51.2321 1.05442
      vertex 2.75442 65.8356 1.05442
    endloop
  endfacet
  facet normal -0.659353 0 -0.751833
    outer loop
      vertex 2.75442 -25.7843 1.05442
      vertex 3.10846 47.4321 0.743929
      vertex 3.10846 -25.7843 0.743929
    endloop
  endfacet
  facet normal -0.659353 0 -0.751833
    outer loop
      vertex 3.10846 47.4321 0.743929
      vertex 2.75442 -25.7843 1.05442
      vertex 2.75442 47.4321 1.05442
    endloop
  endfacet
  facet normal 0.616396 -0.787436 0
    outer loop
      vertex 98.8212 -27.1283 0
      vertex 119.816 -10.6938 7.2
      vertex 98.8212 -27.1283 7.2
    endloop
  endfacet
  facet normal 0.616396 -0.787436 0
    outer loop
      vertex 119.816 -10.6938 7.2
      vertex 98.8212 -27.1283 0
      vertex 119.816 -10.6938 0
    endloop
  endfacet
  facet normal 0.537019 -0.84357 0
    outer loop
      vertex 97.3603 -28.1206 0
      vertex 98.0067 -27.7091 7.2
      vertex 97.3603 -28.1206 7.2
    endloop
  endfacet
  facet normal 0.537019 -0.84357 0
    outer loop
      vertex 98.0067 -27.7091 7.2
      vertex 97.3603 -28.1206 0
      vertex 98.0067 -27.7091 0
    endloop
  endfacet
  facet normal 0.247691 -0.968839 0
    outer loop
      vertex 92.4143 -30.1315 0
      vertex 93.1567 -29.9417 7.2
      vertex 92.4143 -30.1315 7.2
    endloop
  endfacet
  facet normal 0.247691 -0.968839 0
    outer loop
      vertex 93.1567 -29.9417 7.2
      vertex 92.4143 -30.1315 0
      vertex 93.1567 -29.9417 0
    endloop
  endfacet
  facet normal 0 1 -0
    outer loop
      vertex 106.175 65.8356 0
      vertex 74.5833 65.8356 4
      vertex 106.175 65.8356 4
    endloop
  endfacet
  facet normal 0 1 0
    outer loop
      vertex 74.5833 65.8356 4
      vertex 6.39059 65.8356 3.74358
      vertex 6.36252 65.8356 3.8847
    endloop
  endfacet
  facet normal 0 1 0
    outer loop
      vertex 74.5833 65.8356 4
      vertex 6.4 65.8356 3.6
      vertex 6.39059 65.8356 3.74358
    endloop
  endfacet
  facet normal 0 1 0
    outer loop
      vertex 5.3 65.8356 0
      vertex 74.5833 65.8356 4
      vertex 106.175 65.8356 0
    endloop
  endfacet
  facet normal 0 1 0
    outer loop
      vertex 74.5833 65.8356 4
      vertex 6.39059 65.8356 3.45642
      vertex 6.4 65.8356 3.6
    endloop
  endfacet
  facet normal 0 1 0
    outer loop
      vertex 74.5833 65.8356 4
      vertex 6.36252 65.8356 3.3153
      vertex 6.39059 65.8356 3.45642
    endloop
  endfacet
  facet normal 0 1 0
    outer loop
      vertex 74.5833 65.8356 4
      vertex 6.31627 65.8356 3.17905
      vertex 6.36252 65.8356 3.3153
    endloop
  endfacet
  facet normal 0 1 0
    outer loop
      vertex 74.5833 65.8356 4
      vertex 5.3 65.8356 0
      vertex 6.31627 65.8356 3.17905
    endloop
  endfacet
  facet normal 0 1 0
    outer loop
      vertex 6.31627 65.8356 3.17905
      vertex 5.3 65.8356 0
      vertex 6.25263 65.8356 3.05
    endloop
  endfacet
  facet normal 0 1 0
    outer loop
      vertex 6.25263 65.8356 3.05
      vertex 5.3 65.8356 0
      vertex 6.17269 65.8356 2.93036
    endloop
  endfacet
  facet normal -0 1 0
    outer loop
      vertex 5.3 65.8356 5.72205e-07
      vertex 6.17269 65.8356 2.93036
      vertex 5.3 65.8356 0
    endloop
  endfacet
  facet normal 0 1 0
    outer loop
      vertex 6.17269 65.8356 2.93036
      vertex 5.3 65.8356 5.72205e-07
      vertex 6.07782 65.8356 2.82218
    endloop
  endfacet
  facet normal 0 1 0
    outer loop
      vertex 6.07782 65.8356 2.82218
      vertex 5.3 65.8356 5.72205e-07
      vertex 5.96964 65.8356 2.72731
    endloop
  endfacet
  facet normal 0 1 0
    outer loop
      vertex 5.96964 65.8356 2.72731
      vertex 5.3 65.8356 5.72205e-07
      vertex 5.85 65.8356 2.64737
    endloop
  endfacet
  facet normal 0 1 0
    outer loop
      vertex 5.85 65.8356 2.64737
      vertex 5.3 65.8356 5.72205e-07
      vertex 5.72095 65.8356 2.58373
    endloop
  endfacet
  facet normal 0 1 0
    outer loop
      vertex 5.72095 65.8356 2.58373
      vertex 5.3 65.8356 5.72205e-07
      vertex 5.5847 65.8356 2.53748
    endloop
  endfacet
  facet normal -0 1 0
    outer loop
      vertex 4.83011 65.8356 0.0307985
      vertex 5.3 65.8356 2.5
      vertex 5.3 65.8356 5.72205e-07
    endloop
  endfacet
  facet normal 0 1 0
    outer loop
      vertex 5.3 65.8356 2.5
      vertex 2.18231 65.8356 1.8
      vertex 1.97403 65.8356 2.22234
    endloop
  endfacet
  facet normal 0 1 0
    outer loop
      vertex 5.3 65.8356 2.5
      vertex 2.44393 65.8356 1.40846
      vertex 2.18231 65.8356 1.8
    endloop
  endfacet
  facet normal 0 1 0
    outer loop
      vertex 5.3 65.8356 2.5
      vertex 2.75442 65.8356 1.05442
      vertex 2.44393 65.8356 1.40846
    endloop
  endfacet
  facet normal 0 1 0
    outer loop
      vertex 5.3 65.8356 2.5
      vertex 3.10846 65.8356 0.743929
      vertex 2.75442 65.8356 1.05442
    endloop
  endfacet
  facet normal 0 1 0
    outer loop
      vertex 5.3 65.8356 2.5
      vertex 3.5 65.8356 0.482309
      vertex 3.10846 65.8356 0.743929
    endloop
  endfacet
  facet normal 0 1 0
    outer loop
      vertex 5.3 65.8356 2.5
      vertex 3.92234 65.8356 0.274034
      vertex 3.5 65.8356 0.482309
    endloop
  endfacet
  facet normal 0 1 0
    outer loop
      vertex 5.3 65.8356 2.5
      vertex 4.36825 65.8356 0.122668
      vertex 3.92234 65.8356 0.274034
    endloop
  endfacet
  facet normal 0 1 0
    outer loop
      vertex 5.3 65.8356 2.5
      vertex 4.83011 65.8356 0.0307985
      vertex 4.36825 65.8356 0.122668
    endloop
  endfacet
  facet normal 0 1 0
    outer loop
      vertex 5.44358 65.8356 2.50941
      vertex 5.3 65.8356 5.72205e-07
      vertex 5.3 65.8356 2.5
    endloop
  endfacet
  facet normal 0 1 0
    outer loop
      vertex 5.5847 65.8356 2.53748
      vertex 5.3 65.8356 5.72205e-07
      vertex 5.44358 65.8356 2.50941
    endloop
  endfacet
  facet normal 0 1 -0
    outer loop
      vertex 6.31627 65.8356 4.02095
      vertex 5.3 65.8356 7.2
      vertex 74.5833 65.8356 7.2
    endloop
  endfacet
  facet normal -0 1 -0
    outer loop
      vertex 6.25263 65.8356 4.15
      vertex 5.3 65.8356 7.2
      vertex 6.31627 65.8356 4.02095
    endloop
  endfacet
  facet normal -0 1 -0
    outer loop
      vertex 6.17269 65.8356 4.26964
      vertex 5.3 65.8356 7.2
      vertex 6.25263 65.8356 4.15
    endloop
  endfacet
  facet normal -0 1 -0
    outer loop
      vertex 5.96964 65.8356 4.47269
      vertex 5.3 65.8356 7.2
      vertex 6.07782 65.8356 4.37782
    endloop
  endfacet
  facet normal -0 1 -0
    outer loop
      vertex 5.72095 65.8356 4.61627
      vertex 5.3 65.8356 7.2
      vertex 5.85 65.8356 4.55263
    endloop
  endfacet
  facet normal -0 1 -0
    outer loop
      vertex 5.44358 65.8356 4.69059
      vertex 5.3 65.8356 7.2
      vertex 5.5847 65.8356 4.66252
    endloop
  endfacet
  facet normal 0 1 0
    outer loop
      vertex 5.3 65.8356 7.2
      vertex 5.3 65.8356 4.7
      vertex 4.83011 65.8356 7.1692
    endloop
  endfacet
  facet normal 0 1 0
    outer loop
      vertex 4.83011 65.8356 7.1692
      vertex 5.15642 65.8356 4.69059
      vertex 4.36825 65.8356 7.07733
    endloop
  endfacet
  facet normal 0 1 0
    outer loop
      vertex 4.36825 65.8356 7.07733
      vertex 5.0153 65.8356 4.66252
      vertex 3.92234 65.8356 6.92597
    endloop
  endfacet
  facet normal 0 1 0
    outer loop
      vertex 3.92234 65.8356 6.92597
      vertex 4.87905 65.8356 4.61627
      vertex 3.5 65.8356 6.71769
    endloop
  endfacet
  facet normal 0 1 -0
    outer loop
      vertex 4.75 65.8356 4.55263
      vertex 3.5 65.8356 6.71769
      vertex 4.87905 65.8356 4.61627
    endloop
  endfacet
  facet normal 0 1 0
    outer loop
      vertex 3.5 65.8356 6.71769
      vertex 4.75 65.8356 4.55263
      vertex 3.10846 65.8356 6.45607
    endloop
  endfacet
  facet normal 0 1 -0
    outer loop
      vertex 4.87905 65.8356 4.61627
      vertex 3.92234 65.8356 6.92597
      vertex 5.0153 65.8356 4.66252
    endloop
  endfacet
  facet normal 0 1 -0
    outer loop
      vertex 5.0153 65.8356 4.66252
      vertex 4.36825 65.8356 7.07733
      vertex 5.15642 65.8356 4.69059
    endloop
  endfacet
  facet normal 0 1 -0
    outer loop
      vertex 5.15642 65.8356 4.69059
      vertex 4.83011 65.8356 7.1692
      vertex 5.3 65.8356 4.7
    endloop
  endfacet
  facet normal -0 1 0
    outer loop
      vertex 5.3 65.8356 4.7
      vertex 5.3 65.8356 7.2
      vertex 5.44358 65.8356 4.69059
    endloop
  endfacet
  facet normal -0 1 -0
    outer loop
      vertex 5.5847 65.8356 4.66252
      vertex 5.3 65.8356 7.2
      vertex 5.72095 65.8356 4.61627
    endloop
  endfacet
  facet normal -0 1 -0
    outer loop
      vertex 5.85 65.8356 4.55263
      vertex 5.3 65.8356 7.2
      vertex 5.96964 65.8356 4.47269
    endloop
  endfacet
  facet normal -0 1 -0
    outer loop
      vertex 6.07782 65.8356 4.37782
      vertex 5.3 65.8356 7.2
      vertex 6.17269 65.8356 4.26964
    endloop
  endfacet
  facet normal 0 1 0
    outer loop
      vertex 6.36252 65.8356 3.8847
      vertex 74.5833 65.8356 7.2
      vertex 74.5833 65.8356 4
    endloop
  endfacet
  facet normal 0 1 0
    outer loop
      vertex 74.5833 65.8356 7.2
      vertex 6.36252 65.8356 3.8847
      vertex 6.31627 65.8356 4.02095
    endloop
  endfacet
  facet normal 0 1 -0
    outer loop
      vertex 4.63036 65.8356 4.47269
      vertex 3.10846 65.8356 6.45607
      vertex 4.75 65.8356 4.55263
    endloop
  endfacet
  facet normal 0 1 0
    outer loop
      vertex 3.10846 65.8356 6.45607
      vertex 4.63036 65.8356 4.47269
      vertex 2.75442 65.8356 6.14558
    endloop
  endfacet
  facet normal 0 1 -0
    outer loop
      vertex 4.52218 65.8356 4.37782
      vertex 2.75442 65.8356 6.14558
      vertex 4.63036 65.8356 4.47269
    endloop
  endfacet
  facet normal 0 1 0
    outer loop
      vertex 2.75442 65.8356 6.14558
      vertex 4.52218 65.8356 4.37782
      vertex 2.44393 65.8356 5.79154
    endloop
  endfacet
  facet normal 0 1 -0
    outer loop
      vertex 4.42731 65.8356 4.26964
      vertex 2.44393 65.8356 5.79154
      vertex 4.52218 65.8356 4.37782
    endloop
  endfacet
  facet normal 0 1 0
    outer loop
      vertex 2.44393 65.8356 5.79154
      vertex 4.42731 65.8356 4.26964
      vertex 2.18231 65.8356 5.4
    endloop
  endfacet
  facet normal 0 1 -0
    outer loop
      vertex 4.34737 65.8356 4.15
      vertex 2.18231 65.8356 5.4
      vertex 4.42731 65.8356 4.26964
    endloop
  endfacet
  facet normal 0 1 0
    outer loop
      vertex 2.18231 65.8356 5.4
      vertex 4.34737 65.8356 4.15
      vertex 1.97403 65.8356 4.97766
    endloop
  endfacet
  facet normal 0 1 -0
    outer loop
      vertex 4.28373 65.8356 4.02095
      vertex 1.97403 65.8356 4.97766
      vertex 4.34737 65.8356 4.15
    endloop
  endfacet
  facet normal 0 1 0
    outer loop
      vertex 1.97403 65.8356 4.97766
      vertex 4.28373 65.8356 4.02095
      vertex 1.82267 65.8356 4.53175
    endloop
  endfacet
  facet normal 0 1 -0
    outer loop
      vertex 4.23748 65.8356 3.8847
      vertex 1.82267 65.8356 4.53175
      vertex 4.28373 65.8356 4.02095
    endloop
  endfacet
  facet normal 0 1 0
    outer loop
      vertex 1.82267 65.8356 4.53175
      vertex 4.23748 65.8356 3.8847
      vertex 1.7308 65.8356 4.06989
    endloop
  endfacet
  facet normal 0 1 -0
    outer loop
      vertex 4.20941 65.8356 3.74358
      vertex 1.7308 65.8356 4.06989
      vertex 4.23748 65.8356 3.8847
    endloop
  endfacet
  facet normal 0 1 0
    outer loop
      vertex 4.20941 65.8356 3.74358
      vertex 1.7 65.8356 3.6
      vertex 1.7308 65.8356 4.06989
    endloop
  endfacet
  facet normal 0 1 -0
    outer loop
      vertex 4.2 65.8356 3.6
      vertex 1.7 65.8356 3.6
      vertex 4.20941 65.8356 3.74358
    endloop
  endfacet
  facet normal 0 1 0
    outer loop
      vertex 4.20941 65.8356 3.45642
      vertex 1.7 65.8356 3.6
      vertex 4.2 65.8356 3.6
    endloop
  endfacet
  facet normal 0 1 0
    outer loop
      vertex 1.7308 65.8356 3.13011
      vertex 4.20941 65.8356 3.45642
      vertex 4.23748 65.8356 3.3153
    endloop
  endfacet
  facet normal 0 1 0
    outer loop
      vertex 1.82267 65.8356 2.66825
      vertex 4.23748 65.8356 3.3153
      vertex 4.28373 65.8356 3.17905
    endloop
  endfacet
  facet normal 0 1 0
    outer loop
      vertex 4.20941 65.8356 3.45642
      vertex 1.7308 65.8356 3.13011
      vertex 1.7 65.8356 3.6
    endloop
  endfacet
  facet normal 0 1 0
    outer loop
      vertex 1.97403 65.8356 2.22234
      vertex 4.28373 65.8356 3.17905
      vertex 4.34737 65.8356 3.05
    endloop
  endfacet
  facet normal 0 1 0
    outer loop
      vertex 1.97403 65.8356 2.22234
      vertex 4.34737 65.8356 3.05
      vertex 4.42731 65.8356 2.93036
    endloop
  endfacet
  facet normal 0 1 0
    outer loop
      vertex 1.97403 65.8356 2.22234
      vertex 4.42731 65.8356 2.93036
      vertex 4.52218 65.8356 2.82218
    endloop
  endfacet
  facet normal 0 1 0
    outer loop
      vertex 1.97403 65.8356 2.22234
      vertex 4.52218 65.8356 2.82218
      vertex 4.63036 65.8356 2.72731
    endloop
  endfacet
  facet normal 0 1 0
    outer loop
      vertex 4.23748 65.8356 3.3153
      vertex 1.82267 65.8356 2.66825
      vertex 1.7308 65.8356 3.13011
    endloop
  endfacet
  facet normal 0 1 0
    outer loop
      vertex 1.97403 65.8356 2.22234
      vertex 4.63036 65.8356 2.72731
      vertex 4.75 65.8356 2.64737
    endloop
  endfacet
  facet normal 0 1 0
    outer loop
      vertex 1.97403 65.8356 2.22234
      vertex 4.75 65.8356 2.64737
      vertex 4.87905 65.8356 2.58373
    endloop
  endfacet
  facet normal 0 1 0
    outer loop
      vertex 1.97403 65.8356 2.22234
      vertex 4.87905 65.8356 2.58373
      vertex 5.0153 65.8356 2.53748
    endloop
  endfacet
  facet normal 0 1 0
    outer loop
      vertex 1.97403 65.8356 2.22234
      vertex 5.0153 65.8356 2.53748
      vertex 5.15642 65.8356 2.50941
    endloop
  endfacet
  facet normal 0 1 0
    outer loop
      vertex 1.97403 65.8356 2.22234
      vertex 5.15642 65.8356 2.50941
      vertex 5.3 65.8356 2.5
    endloop
  endfacet
  facet normal 0 1 0
    outer loop
      vertex 4.28373 65.8356 3.17905
      vertex 1.97403 65.8356 2.22234
      vertex 1.82267 65.8356 2.66825
    endloop
  endfacet
  facet normal 0.322594 -0.946537 0
    outer loop
      vertex 94.0098 -29.6788 0
      vertex 94.1301 -29.6378 7.2
      vertex 94.0098 -29.6788 7.2
    endloop
  endfacet
  facet normal 0.322594 -0.946537 0
    outer loop
      vertex 94.1301 -29.6378 7.2
      vertex 94.0098 -29.6788 0
      vertex 94.1301 -29.6378 0
    endloop
  endfacet
  facet normal 0.651804 0.758388 -0
    outer loop
      vertex 108.437 64.9496 0
      vertex 108.289 65.0768 7.2
      vertex 108.437 64.9496 7.2
    endloop
  endfacet
  facet normal 0.651804 0.758388 0
    outer loop
      vertex 108.289 65.0768 7.2
      vertex 108.437 64.9496 0
      vertex 108.289 65.0768 0
    endloop
  endfacet
  facet normal 0.470009 -0.882661 0
    outer loop
      vertex 96.4748 -28.6216 0
      vertex 96.5856 -28.5626 7.2
      vertex 96.4748 -28.6216 7.2
    endloop
  endfacet
  facet normal 0.470009 -0.882661 0
    outer loop
      vertex 96.5856 -28.5626 7.2
      vertex 96.4748 -28.6216 0
      vertex 96.5856 -28.5626 0
    endloop
  endfacet
  facet normal 0.298067 -0.954545 0
    outer loop
      vertex 93.2774 -29.9075 0
      vertex 94.0098 -29.6788 7.2
      vertex 93.2774 -29.9075 7.2
    endloop
  endfacet
  facet normal 0.298067 -0.954545 0
    outer loop
      vertex 94.0098 -29.6788 7.2
      vertex 93.2774 -29.9075 0
      vertex 94.0098 -29.6788 0
    endloop
  endfacet
  facet normal 0 -1 0
    outer loop
      vertex 4.83011 -44.1877 7.1692
      vertex 5.15642 -44.1877 4.69059
      vertex 5.3 -44.1877 4.7
    endloop
  endfacet
  facet normal 0 -1 0
    outer loop
      vertex 2.18231 -44.1877 5.4
      vertex 5.0153 -44.1877 4.66252
      vertex 5.15642 -44.1877 4.69059
    endloop
  endfacet
  facet normal 0 -1 0
    outer loop
      vertex 2.18231 -44.1877 5.4
      vertex 4.87905 -44.1877 4.61627
      vertex 5.0153 -44.1877 4.66252
    endloop
  endfacet
  facet normal 0 -1 0
    outer loop
      vertex 2.18231 -44.1877 5.4
      vertex 4.75 -44.1877 4.55263
      vertex 4.87905 -44.1877 4.61627
    endloop
  endfacet
  facet normal 0 -1 0
    outer loop
      vertex 4.28373 -44.1877 4.02095
      vertex 1.97403 -44.1877 4.97766
      vertex 1.82267 -44.1877 4.53175
    endloop
  endfacet
  facet normal 0 -1 0
    outer loop
      vertex 2.18231 -44.1877 5.4
      vertex 4.63036 -44.1877 4.47269
      vertex 4.75 -44.1877 4.55263
    endloop
  endfacet
  facet normal 0 -1 0
    outer loop
      vertex 2.18231 -44.1877 5.4
      vertex 4.52218 -44.1877 4.37782
      vertex 4.63036 -44.1877 4.47269
    endloop
  endfacet
  facet normal 0 -1 0
    outer loop
      vertex 2.18231 -44.1877 5.4
      vertex 4.42731 -44.1877 4.26964
      vertex 4.52218 -44.1877 4.37782
    endloop
  endfacet
  facet normal 0 -1 0
    outer loop
      vertex 2.18231 -44.1877 5.4
      vertex 4.34737 -44.1877 4.15
      vertex 4.42731 -44.1877 4.26964
    endloop
  endfacet
  facet normal 0 -1 0
    outer loop
      vertex 4.23748 -44.1877 3.8847
      vertex 1.82267 -44.1877 4.53175
      vertex 1.7308 -44.1877 4.06989
    endloop
  endfacet
  facet normal 0 -1 0
    outer loop
      vertex 1.97403 -44.1877 4.97766
      vertex 4.28373 -44.1877 4.02095
      vertex 4.34737 -44.1877 4.15
    endloop
  endfacet
  facet normal 0 -1 0
    outer loop
      vertex 1.82267 -44.1877 4.53175
      vertex 4.23748 -44.1877 3.8847
      vertex 4.28373 -44.1877 4.02095
    endloop
  endfacet
  facet normal 0 -1 0
    outer loop
      vertex 1.7308 -44.1877 4.06989
      vertex 4.20941 -44.1877 3.74358
      vertex 4.23748 -44.1877 3.8847
    endloop
  endfacet
  facet normal 0 -1 0
    outer loop
      vertex 1.7 -44.1877 3.6
      vertex 4.20941 -44.1877 3.74358
      vertex 1.7308 -44.1877 4.06989
    endloop
  endfacet
  facet normal 0 -1 0
    outer loop
      vertex 1.7 -44.1877 3.6
      vertex 4.2 -44.1877 3.6
      vertex 4.20941 -44.1877 3.74358
    endloop
  endfacet
  facet normal 0 -1 0
    outer loop
      vertex 1.7 -44.1877 3.6
      vertex 4.20941 -44.1877 3.45642
      vertex 4.2 -44.1877 3.6
    endloop
  endfacet
  facet normal 0 -1 0
    outer loop
      vertex 1.7308 -44.1877 3.13011
      vertex 4.20941 -44.1877 3.45642
      vertex 1.7 -44.1877 3.6
    endloop
  endfacet
  facet normal 0 -1 -0
    outer loop
      vertex 4.20941 -44.1877 3.45642
      vertex 1.7308 -44.1877 3.13011
      vertex 4.23748 -44.1877 3.3153
    endloop
  endfacet
  facet normal 0 -1 0
    outer loop
      vertex 1.82267 -44.1877 2.66825
      vertex 4.23748 -44.1877 3.3153
      vertex 1.7308 -44.1877 3.13011
    endloop
  endfacet
  facet normal 0 -1 -0
    outer loop
      vertex 4.23748 -44.1877 3.3153
      vertex 1.82267 -44.1877 2.66825
      vertex 4.28373 -44.1877 3.17905
    endloop
  endfacet
  facet normal 0 -1 0
    outer loop
      vertex 1.97403 -44.1877 2.22234
      vertex 4.28373 -44.1877 3.17905
      vertex 1.82267 -44.1877 2.66825
    endloop
  endfacet
  facet normal 0 -1 -0
    outer loop
      vertex 4.28373 -44.1877 3.17905
      vertex 1.97403 -44.1877 2.22234
      vertex 4.34737 -44.1877 3.05
    endloop
  endfacet
  facet normal 0 -1 0
    outer loop
      vertex 2.18231 -44.1877 1.8
      vertex 4.34737 -44.1877 3.05
      vertex 1.97403 -44.1877 2.22234
    endloop
  endfacet
  facet normal 0 -1 -0
    outer loop
      vertex 4.34737 -44.1877 3.05
      vertex 2.18231 -44.1877 1.8
      vertex 4.42731 -44.1877 2.93036
    endloop
  endfacet
  facet normal 0 -1 0
    outer loop
      vertex 2.44393 -44.1877 1.40846
      vertex 4.42731 -44.1877 2.93036
      vertex 2.18231 -44.1877 1.8
    endloop
  endfacet
  facet normal 0 -1 -0
    outer loop
      vertex 4.42731 -44.1877 2.93036
      vertex 2.44393 -44.1877 1.40846
      vertex 4.52218 -44.1877 2.82218
    endloop
  endfacet
  facet normal 0 -1 0
    outer loop
      vertex 2.75442 -44.1877 1.05442
      vertex 4.52218 -44.1877 2.82218
      vertex 2.44393 -44.1877 1.40846
    endloop
  endfacet
  facet normal 0 -1 -0
    outer loop
      vertex 4.52218 -44.1877 2.82218
      vertex 2.75442 -44.1877 1.05442
      vertex 4.63036 -44.1877 2.72731
    endloop
  endfacet
  facet normal 0 -1 0
    outer loop
      vertex 3.10846 -44.1877 0.743929
      vertex 4.63036 -44.1877 2.72731
      vertex 2.75442 -44.1877 1.05442
    endloop
  endfacet
  facet normal 0 -1 -0
    outer loop
      vertex 4.63036 -44.1877 2.72731
      vertex 3.10846 -44.1877 0.743929
      vertex 4.75 -44.1877 2.64737
    endloop
  endfacet
  facet normal 0 -1 0
    outer loop
      vertex 5.3 -44.1877 4.7
      vertex 5.3 -44.1877 7.2
      vertex 4.83011 -44.1877 7.1692
    endloop
  endfacet
  facet normal 0 -1 0
    outer loop
      vertex 5.15642 -44.1877 4.69059
      vertex 4.83011 -44.1877 7.1692
      vertex 4.36825 -44.1877 7.07733
    endloop
  endfacet
  facet normal 0 -1 0
    outer loop
      vertex 5.15642 -44.1877 4.69059
      vertex 4.36825 -44.1877 7.07733
      vertex 3.92234 -44.1877 6.92597
    endloop
  endfacet
  facet normal 0 -1 0
    outer loop
      vertex 5.15642 -44.1877 4.69059
      vertex 3.92234 -44.1877 6.92597
      vertex 3.5 -44.1877 6.71769
    endloop
  endfacet
  facet normal 0 -1 0
    outer loop
      vertex 5.15642 -44.1877 4.69059
      vertex 3.5 -44.1877 6.71769
      vertex 3.10846 -44.1877 6.45607
    endloop
  endfacet
  facet normal 0 -1 0
    outer loop
      vertex 5.15642 -44.1877 4.69059
      vertex 3.10846 -44.1877 6.45607
      vertex 2.75442 -44.1877 6.14558
    endloop
  endfacet
  facet normal 0 -1 0
    outer loop
      vertex 5.15642 -44.1877 4.69059
      vertex 2.75442 -44.1877 6.14558
      vertex 2.44393 -44.1877 5.79154
    endloop
  endfacet
  facet normal 0 -1 0
    outer loop
      vertex 5.15642 -44.1877 4.69059
      vertex 2.44393 -44.1877 5.79154
      vertex 2.18231 -44.1877 5.4
    endloop
  endfacet
  facet normal 0 -1 0
    outer loop
      vertex 4.34737 -44.1877 4.15
      vertex 2.18231 -44.1877 5.4
      vertex 1.97403 -44.1877 4.97766
    endloop
  endfacet
  facet normal 0 -1 0
    outer loop
      vertex 5.3 -44.1877 7.2
      vertex 5.3 -44.1877 4.7
      vertex 5.44358 -44.1877 4.69059
    endloop
  endfacet
  facet normal 0 -1 0
    outer loop
      vertex 5.3 -44.1877 7.2
      vertex 5.44358 -44.1877 4.69059
      vertex 5.5847 -44.1877 4.66252
    endloop
  endfacet
  facet normal 0 -1 0
    outer loop
      vertex 5.3 -44.1877 7.2
      vertex 5.5847 -44.1877 4.66252
      vertex 5.72095 -44.1877 4.61627
    endloop
  endfacet
  facet normal 0 -1 0
    outer loop
      vertex 5.3 -44.1877 7.2
      vertex 5.72095 -44.1877 4.61627
      vertex 5.85 -44.1877 4.55263
    endloop
  endfacet
  facet normal 0 -1 0
    outer loop
      vertex 5.3 -44.1877 7.2
      vertex 5.85 -44.1877 4.55263
      vertex 5.96964 -44.1877 4.47269
    endloop
  endfacet
  facet normal 0 -1 0
    outer loop
      vertex 5.3 -44.1877 7.2
      vertex 5.96964 -44.1877 4.47269
      vertex 6.07782 -44.1877 4.37782
    endloop
  endfacet
  facet normal 0 -1 0
    outer loop
      vertex 5.3 -44.1877 7.2
      vertex 6.07782 -44.1877 4.37782
      vertex 6.17269 -44.1877 4.26964
    endloop
  endfacet
  facet normal 0 -1 0
    outer loop
      vertex 6.25263 -44.1877 4.15
      vertex 5.3 -44.1877 7.2
      vertex 6.17269 -44.1877 4.26964
    endloop
  endfacet
  facet normal 0 -1 0
    outer loop
      vertex 5.3 -44.1877 7.2
      vertex 6.25263 -44.1877 4.15
      vertex 21.8507 -44.1877 7.2
    endloop
  endfacet
  facet normal 0 -1 0
    outer loop
      vertex 6.31627 -44.1877 4.02095
      vertex 21.8507 -44.1877 7.2
      vertex 6.25263 -44.1877 4.15
    endloop
  endfacet
  facet normal 0 -1 0
    outer loop
      vertex 6.36252 -44.1877 3.8847
      vertex 21.8507 -44.1877 7.2
      vertex 6.31627 -44.1877 4.02095
    endloop
  endfacet
  facet normal 0 -1 0
    outer loop
      vertex 6.39059 -44.1877 3.74358
      vertex 21.8507 -44.1877 7.2
      vertex 6.36252 -44.1877 3.8847
    endloop
  endfacet
  facet normal 0 -1 0
    outer loop
      vertex 6.4 -44.1877 3.6
      vertex 21.8507 -44.1877 7.2
      vertex 6.39059 -44.1877 3.74358
    endloop
  endfacet
  facet normal 0 -1 0
    outer loop
      vertex 21.8507 -44.1877 0
      vertex 6.4 -44.1877 3.6
      vertex 6.39059 -44.1877 3.45642
    endloop
  endfacet
  facet normal 0 -1 0
    outer loop
      vertex 21.8507 -44.1877 0
      vertex 6.39059 -44.1877 3.45642
      vertex 6.36252 -44.1877 3.3153
    endloop
  endfacet
  facet normal 0 -1 0
    outer loop
      vertex 21.8507 -44.1877 0
      vertex 6.36252 -44.1877 3.3153
      vertex 6.31627 -44.1877 3.17905
    endloop
  endfacet
  facet normal 0 -1 0
    outer loop
      vertex 21.8507 -44.1877 0
      vertex 6.31627 -44.1877 3.17905
      vertex 6.25263 -44.1877 3.05
    endloop
  endfacet
  facet normal 0 -1 0
    outer loop
      vertex 5.3 -44.1877 0
      vertex 6.25263 -44.1877 3.05
      vertex 6.17269 -44.1877 2.93036
    endloop
  endfacet
  facet normal 0 -1 0
    outer loop
      vertex 5.3 -44.1877 5.72205e-07
      vertex 6.17269 -44.1877 2.93036
      vertex 6.07782 -44.1877 2.82218
    endloop
  endfacet
  facet normal 0 -1 0
    outer loop
      vertex 5.3 -44.1877 5.72205e-07
      vertex 6.07782 -44.1877 2.82218
      vertex 5.96964 -44.1877 2.72731
    endloop
  endfacet
  facet normal 0 -1 0
    outer loop
      vertex 5.3 -44.1877 5.72205e-07
      vertex 5.96964 -44.1877 2.72731
      vertex 5.85 -44.1877 2.64737
    endloop
  endfacet
  facet normal 0 -1 0
    outer loop
      vertex 5.3 -44.1877 5.72205e-07
      vertex 5.85 -44.1877 2.64737
      vertex 5.72095 -44.1877 2.58373
    endloop
  endfacet
  facet normal 0 -1 0
    outer loop
      vertex 5.3 -44.1877 5.72205e-07
      vertex 5.72095 -44.1877 2.58373
      vertex 5.5847 -44.1877 2.53748
    endloop
  endfacet
  facet normal 0 -1 0
    outer loop
      vertex 3.5 -44.1877 0.482309
      vertex 4.75 -44.1877 2.64737
      vertex 3.10846 -44.1877 0.743929
    endloop
  endfacet
  facet normal 0 -1 -0
    outer loop
      vertex 4.75 -44.1877 2.64737
      vertex 3.5 -44.1877 0.482309
      vertex 4.87905 -44.1877 2.58373
    endloop
  endfacet
  facet normal 0 -1 0
    outer loop
      vertex 3.92234 -44.1877 0.274034
      vertex 4.87905 -44.1877 2.58373
      vertex 3.5 -44.1877 0.482309
    endloop
  endfacet
  facet normal 0 -1 -0
    outer loop
      vertex 4.87905 -44.1877 2.58373
      vertex 3.92234 -44.1877 0.274034
      vertex 5.0153 -44.1877 2.53748
    endloop
  endfacet
  facet normal 0 -1 0
    outer loop
      vertex 4.36825 -44.1877 0.122668
      vertex 5.0153 -44.1877 2.53748
      vertex 3.92234 -44.1877 0.274034
    endloop
  endfacet
  facet normal 0 -1 -0
    outer loop
      vertex 5.0153 -44.1877 2.53748
      vertex 4.36825 -44.1877 0.122668
      vertex 5.15642 -44.1877 2.50941
    endloop
  endfacet
  facet normal 0 -1 0
    outer loop
      vertex 4.83011 -44.1877 0.0307985
      vertex 5.15642 -44.1877 2.50941
      vertex 4.36825 -44.1877 0.122668
    endloop
  endfacet
  facet normal 0 -1 -0
    outer loop
      vertex 5.15642 -44.1877 2.50941
      vertex 4.83011 -44.1877 0.0307985
      vertex 5.3 -44.1877 2.5
    endloop
  endfacet
  facet normal 0 -1 0
    outer loop
      vertex 5.3 -44.1877 5.72205e-07
      vertex 5.3 -44.1877 2.5
      vertex 4.83011 -44.1877 0.0307985
    endloop
  endfacet
  facet normal 0 -1 0
    outer loop
      vertex 5.3 -44.1877 2.5
      vertex 5.3 -44.1877 5.72205e-07
      vertex 5.44358 -44.1877 2.50941
    endloop
  endfacet
  facet normal 0 -1 -0
    outer loop
      vertex 5.44358 -44.1877 2.50941
      vertex 5.3 -44.1877 5.72205e-07
      vertex 5.5847 -44.1877 2.53748
    endloop
  endfacet
  facet normal 0 -1 0
    outer loop
      vertex 6.17269 -44.1877 2.93036
      vertex 5.3 -44.1877 5.72205e-07
      vertex 5.3 -44.1877 0
    endloop
  endfacet
  facet normal 0 -1 -0
    outer loop
      vertex 6.25263 -44.1877 3.05
      vertex 5.3 -44.1877 0
      vertex 21.8507 -44.1877 0
    endloop
  endfacet
  facet normal 0 -1 0
    outer loop
      vertex 6.4 -44.1877 3.6
      vertex 21.8507 -44.1877 0
      vertex 21.8507 -44.1877 7.2
    endloop
  endfacet
  facet normal 0.373011 -0.927827 0
    outer loop
      vertex 94.8487 -29.3709 0
      vertex 94.9671 -29.3233 7.2
      vertex 94.8487 -29.3709 7.2
    endloop
  endfacet
  facet normal 0.373011 -0.927827 0
    outer loop
      vertex 94.9671 -29.3233 7.2
      vertex 94.8487 -29.3709 0
      vertex 94.9671 -29.3233 0
    endloop
  endfacet
  facet normal 0.984808 0.173646 0
    outer loop
      vertex 121.553 -5.31964 7.2
      vertex 109.502 63.026 0
      vertex 109.502 63.026 7.2
    endloop
  endfacet
  facet normal 0.984808 0.173646 0
    outer loop
      vertex 109.502 63.026 0
      vertex 121.553 -5.31964 7.2
      vertex 121.553 -5.31964 0
    endloop
  endfacet
  facet normal 0.272615 -0.962123 0
    outer loop
      vertex 93.1567 -29.9417 0
      vertex 93.2774 -29.9075 7.2
      vertex 93.1567 -29.9417 7.2
    endloop
  endfacet
  facet normal 0.272615 -0.962123 0
    outer loop
      vertex 93.2774 -29.9075 7.2
      vertex 93.1567 -29.9417 0
      vertex 93.2774 -29.9075 0
    endloop
  endfacet
  facet normal 0.348177 -0.937429 0
    outer loop
      vertex 94.1301 -29.6378 0
      vertex 94.8487 -29.3709 7.2
      vertex 94.1301 -29.6378 7.2
    endloop
  endfacet
  facet normal 0.348177 -0.937429 0
    outer loop
      vertex 94.8487 -29.3709 7.2
      vertex 94.1301 -29.6378 0
      vertex 94.8487 -29.3709 0
    endloop
  endfacet
  facet normal 0.101112 -0.994875 0
    outer loop
      vertex 22.0709 -44.1856 0
      vertex 22.5058 -44.1414 7.2
      vertex 22.0709 -44.1856 7.2
    endloop
  endfacet
  facet normal 0.101112 -0.994875 0
    outer loop
      vertex 22.5058 -44.1414 7.2
      vertex 22.0709 -44.1856 0
      vertex 22.5058 -44.1414 0
    endloop
  endfacet
  facet normal 0.515319 -0.856998 0
    outer loop
      vertex 97.2532 -28.185 0
      vertex 97.3603 -28.1206 7.2
      vertex 97.2532 -28.185 7.2
    endloop
  endfacet
  facet normal 0.515319 -0.856998 0
    outer loop
      vertex 97.3603 -28.1206 7.2
      vertex 97.2532 -28.185 0
      vertex 97.3603 -28.1206 0
    endloop
  endfacet
  facet normal 0.492315 -0.870417 0
    outer loop
      vertex 96.5856 -28.5626 0
      vertex 97.2532 -28.185 7.2
      vertex 96.5856 -28.5626 7.2
    endloop
  endfacet
  facet normal 0.492315 -0.870417 0
    outer loop
      vertex 97.2532 -28.185 7.2
      vertex 96.5856 -28.5626 0
      vertex 97.2532 -28.185 0
    endloop
  endfacet
  facet normal 0.446171 -0.894948 0
    outer loop
      vertex 95.7878 -28.9641 0
      vertex 96.4748 -28.6216 7.2
      vertex 95.7878 -28.9641 7.2
    endloop
  endfacet
  facet normal 0.446171 -0.894948 0
    outer loop
      vertex 96.4748 -28.6216 7.2
      vertex 95.7878 -28.9641 0
      vertex 96.4748 -28.6216 0
    endloop
  endfacet
  facet normal 0.2817 0.959503 -0
    outer loop
      vertex 107.122 65.6912 0
      vertex 106.966 65.737 4
      vertex 107.122 65.6912 4
    endloop
  endfacet
  facet normal 0.2817 0.959503 0
    outer loop
      vertex 106.966 65.737 4
      vertex 107.122 65.6912 0
      vertex 106.966 65.737 0
    endloop
  endfacet
  facet normal 0.782302 -0.622899 0
    outer loop
      vertex 120.372 -10.1699 7.2
      vertex 120.499 -10.0104 0
      vertex 120.499 -10.0104 7.2
    endloop
  endfacet
  facet normal 0.782302 -0.622899 0
    outer loop
      vertex 120.499 -10.0104 0
      vertex 120.372 -10.1699 7.2
      vertex 120.372 -10.1699 0
    endloop
  endfacet
  facet normal 0.39741 -0.917641 0
    outer loop
      vertex 94.9671 -29.3233 0
      vertex 95.6709 -29.0185 7.2
      vertex 94.9671 -29.3233 7.2
    endloop
  endfacet
  facet normal 0.39741 -0.917641 0
    outer loop
      vertex 95.6709 -29.0185 7.2
      vertex 94.9671 -29.3233 0
      vertex 95.6709 -29.0185 0
    endloop
  endfacet
  facet normal 0.196116 -0.980581 0
    outer loop
      vertex 50.2595 -38.7287 0
      vertex 50.2795 -38.7247 7.2
      vertex 50.2595 -38.7287 7.2
    endloop
  endfacet
  facet normal 0.196116 -0.980581 0
    outer loop
      vertex 50.2795 -38.7247 7.2
      vertex 50.2595 -38.7287 0
      vertex 50.2795 -38.7247 0
    endloop
  endfacet
  facet normal 0.311723 0.950173 0
    outer loop
      vertex 107.309 65.6296 7.2
      vertex 107.252 65.6483 4
      vertex 107.252 65.6483 7.2
    endloop
  endfacet
  facet normal 0.311723 0.950173 -0
    outer loop
      vertex 107.309 65.6296 0
      vertex 107.252 65.6483 4
      vertex 107.309 65.6296 7.2
    endloop
  endfacet
  facet normal 0.312874 0.949795 1.81578e-05
    outer loop
      vertex 107.122 65.6912 0
      vertex 107.252 65.6483 4
      vertex 107.309 65.6296 0
    endloop
  endfacet
  facet normal 0.313377 0.949629 0
    outer loop
      vertex 107.252 65.6483 4
      vertex 107.122 65.6912 0
      vertex 107.122 65.6912 4
    endloop
  endfacet
  facet normal 0.199766 -0.979844 0
    outer loop
      vertex 50.2795 -38.7247 0
      vertex 92.2993 -30.1579 7.2
      vertex 50.2795 -38.7247 7.2
    endloop
  endfacet
  facet normal 0.199766 -0.979844 0
    outer loop
      vertex 92.2993 -30.1579 7.2
      vertex 50.2795 -38.7247 0
      vertex 92.2993 -30.1579 0
    endloop
  endfacet
  facet normal 0.581657 -0.813434 0
    outer loop
      vertex 98.1137 -27.6369 0
      vertex 98.7377 -27.1907 7.2
      vertex 98.1137 -27.6369 7.2
    endloop
  endfacet
  facet normal 0.581657 -0.813434 0
    outer loop
      vertex 98.7377 -27.1907 7.2
      vertex 98.1137 -27.6369 0
      vertex 98.7377 -27.1907 0
    endloop
  endfacet
  facet normal 0.720916 0.693023 0
    outer loop
      vertex 108.76 64.6136 7.2
      vertex 108.437 64.9496 0
      vertex 108.437 64.9496 7.2
    endloop
  endfacet
  facet normal 0.720916 0.693023 0
    outer loop
      vertex 108.437 64.9496 0
      vertex 108.76 64.6136 7.2
      vertex 108.76 64.6136 0
    endloop
  endfacet
  facet normal 0.421909 -0.906638 0
    outer loop
      vertex 95.6709 -29.0185 0
      vertex 95.7878 -28.9641 7.2
      vertex 95.6709 -29.0185 7.2
    endloop
  endfacet
  facet normal 0.421909 -0.906638 0
    outer loop
      vertex 95.7878 -28.9641 7.2
      vertex 95.6709 -29.0185 0
      vertex 95.7878 -28.9641 0
    endloop
  endfacet
  facet normal 0.223745 -0.974648 0
    outer loop
      vertex 92.2993 -30.1579 0
      vertex 92.4143 -30.1315 7.2
      vertex 92.2993 -30.1579 7.2
    endloop
  endfacet
  facet normal 0.223745 -0.974648 0
    outer loop
      vertex 92.4143 -30.1315 7.2
      vertex 92.2993 -30.1579 0
      vertex 92.4143 -30.1315 0
    endloop
  endfacet
  facet normal 0.183866 0.982951 -0
    outer loop
      vertex 106.966 65.737 0
      vertex 106.657 65.7948 4
      vertex 106.966 65.737 4
    endloop
  endfacet
  facet normal 0.183866 0.982951 0
    outer loop
      vertex 106.657 65.7948 4
      vertex 106.966 65.737 0
      vertex 106.657 65.7948 0
    endloop
  endfacet
  facet normal 0.918832 0.394649 0
    outer loop
      vertex 109.35 63.5938 7.2
      vertex 109.226 63.8825 0
      vertex 109.226 63.8825 7.2
    endloop
  endfacet
  facet normal 0.918832 0.394649 0
    outer loop
      vertex 109.226 63.8825 0
      vertex 109.35 63.5938 7.2
      vertex 109.35 63.5938 0
    endloop
  endfacet
  facet normal 0.573606 0.819132 -0
    outer loop
      vertex 108.289 65.0768 0
      vertex 107.905 65.3457 7.2
      vertex 108.289 65.0768 7.2
    endloop
  endfacet
  facet normal 0.573606 0.819132 0
    outer loop
      vertex 107.905 65.3457 7.2
      vertex 108.289 65.0768 0
      vertex 107.905 65.3457 0
    endloop
  endfacet
  facet normal 0.634719 -0.772743 0
    outer loop
      vertex 119.861 -10.6577 0
      vertex 120.02 -10.5271 7.2
      vertex 119.861 -10.6577 7.2
    endloop
  endfacet
  facet normal 0.634719 -0.772743 0
    outer loop
      vertex 120.02 -10.5271 7.2
      vertex 119.861 -10.6577 0
      vertex 120.02 -10.5271 0
    endloop
  endfacet
  facet normal 0.19142 -0.981508 0
    outer loop
      vertex 22.5058 -44.1414 0
      vertex 50.2595 -38.7287 7.2
      vertex 22.5058 -44.1414 7.2
    endloop
  endfacet
  facet normal 0.19142 -0.981508 0
    outer loop
      vertex 50.2595 -38.7287 7.2
      vertex 22.5058 -44.1414 0
      vertex 50.2595 -38.7287 0
    endloop
  endfacet
  facet normal 0.992233 0.124394 0
    outer loop
      vertex 121.582 -5.55096 7.2
      vertex 121.553 -5.31964 0
      vertex 121.553 -5.31964 7.2
    endloop
  endfacet
  facet normal 0.992233 0.124394 0
    outer loop
      vertex 121.553 -5.31964 0
      vertex 121.582 -5.55096 7.2
      vertex 121.582 -5.55096 0
    endloop
  endfacet
  facet normal 0.860416 -0.509593 0
    outer loop
      vertex 120.604 -9.8688 7.2
      vertex 120.764 -9.59865 0
      vertex 120.764 -9.59865 7.2
    endloop
  endfacet
  facet normal 0.860416 -0.509593 0
    outer loop
      vertex 120.764 -9.59865 0
      vertex 120.604 -9.8688 7.2
      vertex 120.604 -9.8688 0
    endloop
  endfacet
  facet normal 0.55934 -0.828938 0
    outer loop
      vertex 98.0067 -27.7091 0
      vertex 98.1137 -27.6369 7.2
      vertex 98.0067 -27.7091 7.2
    endloop
  endfacet
  facet normal 0.55934 -0.828938 0
    outer loop
      vertex 98.1137 -27.6369 7.2
      vertex 98.0067 -27.7091 0
      vertex 98.1137 -27.6369 0
    endloop
  endfacet
  facet normal 0.598618 -0.801035 0
    outer loop
      vertex 98.7377 -27.1907 0
      vertex 98.8212 -27.1283 7.2
      vertex 98.7377 -27.1907 7.2
    endloop
  endfacet
  facet normal 0.598618 -0.801035 0
    outer loop
      vertex 98.8212 -27.1283 7.2
      vertex 98.7377 -27.1907 0
      vertex 98.8212 -27.1283 0
    endloop
  endfacet
  facet normal 0.999919 0.0127415 0
    outer loop
      vertex 121.601 -6.0602 7.2
      vertex 121.597 -5.74629 0
      vertex 121.597 -5.74629 7.2
    endloop
  endfacet
  facet normal 0.999919 0.0127415 0
    outer loop
      vertex 121.597 -5.74629 0
      vertex 121.601 -6.0602 7.2
      vertex 121.601 -6.0602 0
    endloop
  endfacet
  facet normal 0.0601695 0.998188 -0
    outer loop
      vertex 106.462 65.8183 0
      vertex 106.175 65.8356 4
      vertex 106.462 65.8183 4
    endloop
  endfacet
  facet normal 0.0601695 0.998188 0
    outer loop
      vertex 106.175 65.8356 4
      vertex 106.462 65.8183 0
      vertex 106.175 65.8356 0
    endloop
  endfacet
  facet normal 0.823828 0.56684 0
    outer loop
      vertex 109.059 64.2006 7.2
      vertex 108.881 64.4593 0
      vertex 108.881 64.4593 7.2
    endloop
  endfacet
  facet normal 0.823828 0.56684 0
    outer loop
      vertex 108.881 64.4593 0
      vertex 109.059 64.2006 7.2
      vertex 109.059 64.2006 0
    endloop
  endfacet
  facet normal 0.404541 0.91452 -0
    outer loop
      vertex 107.734 65.4416 0
      vertex 107.309 65.6296 7.2
      vertex 107.734 65.4416 7.2
    endloop
  endfacet
  facet normal 0.404541 0.91452 0
    outer loop
      vertex 107.309 65.6296 7.2
      vertex 107.734 65.4416 0
      vertex 107.309 65.6296 0
    endloop
  endfacet
  facet normal 0.663672 -0.748024 0
    outer loop
      vertex 120.02 -10.5271 0
      vertex 120.161 -10.402 7.2
      vertex 120.02 -10.5271 7.2
    endloop
  endfacet
  facet normal 0.663672 -0.748024 0
    outer loop
      vertex 120.161 -10.402 7.2
      vertex 120.02 -10.5271 0
      vertex 120.161 -10.402 0
    endloop
  endfacet
  facet normal 0.997064 0.0765677 0
    outer loop
      vertex 121.597 -5.74629 7.2
      vertex 121.582 -5.55096 0
      vertex 121.582 -5.55096 7.2
    endloop
  endfacet
  facet normal 0.997064 0.0765677 0
    outer loop
      vertex 121.582 -5.55096 0
      vertex 121.597 -5.74629 7.2
      vertex 121.597 -5.74629 0
    endloop
  endfacet
  facet normal 0.893712 0.448641 0
    outer loop
      vertex 109.226 63.8825 7.2
      vertex 109.138 64.0578 0
      vertex 109.138 64.0578 7.2
    endloop
  endfacet
  facet normal 0.893712 0.448641 0
    outer loop
      vertex 109.138 64.0578 0
      vertex 109.226 63.8825 7.2
      vertex 109.226 63.8825 0
    endloop
  endfacet
  facet normal 0.875023 0.484081 0
    outer loop
      vertex 109.138 64.0578 7.2
      vertex 109.059 64.2006 0
      vertex 109.059 64.2006 7.2
    endloop
  endfacet
  facet normal 0.875023 0.484081 0
    outer loop
      vertex 109.059 64.2006 0
      vertex 109.138 64.0578 7.2
      vertex 109.138 64.0578 0
    endloop
  endfacet
  facet normal 0.905466 -0.424418 0
    outer loop
      vertex 120.856 -9.41579 7.2
      vertex 120.926 -9.26645 0
      vertex 120.926 -9.26645 7.2
    endloop
  endfacet
  facet normal 0.905466 -0.424418 0
    outer loop
      vertex 120.926 -9.26645 0
      vertex 120.856 -9.41579 7.2
      vertex 120.856 -9.41579 0
    endloop
  endfacet
  facet normal 0.119647 0.992816 -0
    outer loop
      vertex 106.657 65.7948 0
      vertex 106.462 65.8183 4
      vertex 106.657 65.7948 4
    endloop
  endfacet
  facet normal 0.119647 0.992816 0
    outer loop
      vertex 106.462 65.8183 4
      vertex 106.657 65.7948 0
      vertex 106.462 65.8183 0
    endloop
  endfacet
  facet normal 0.489147 0.872201 -0
    outer loop
      vertex 107.905 65.3457 0
      vertex 107.734 65.4416 7.2
      vertex 107.905 65.3457 7.2
    endloop
  endfacet
  facet normal 0.489147 0.872201 0
    outer loop
      vertex 107.734 65.4416 7.2
      vertex 107.905 65.3457 0
      vertex 107.734 65.4416 0
    endloop
  endfacet
  facet normal 0.803256 -0.595634 0
    outer loop
      vertex 120.499 -10.0104 7.2
      vertex 120.604 -9.8688 0
      vertex 120.604 -9.8688 7.2
    endloop
  endfacet
  facet normal 0.803256 -0.595634 0
    outer loop
      vertex 120.604 -9.8688 0
      vertex 120.499 -10.0104 7.2
      vertex 120.499 -10.0104 0
    endloop
  endfacet
  facet normal 0.955205 0.295944 0
    outer loop
      vertex 109.397 63.4421 7.2
      vertex 109.35 63.5938 0
      vertex 109.35 63.5938 7.2
    endloop
  endfacet
  facet normal 0.955205 0.295944 0
    outer loop
      vertex 109.35 63.5938 0
      vertex 109.397 63.4421 7.2
      vertex 109.397 63.4421 0
    endloop
  endfacet
  facet normal 0.786902 0.617078 0
    outer loop
      vertex 108.881 64.4593 7.2
      vertex 108.76 64.6136 0
      vertex 108.76 64.6136 7.2
    endloop
  endfacet
  facet normal 0.786902 0.617078 0
    outer loop
      vertex 108.76 64.6136 0
      vertex 108.881 64.4593 7.2
      vertex 108.881 64.4593 0
    endloop
  endfacet
  facet normal 0.73994 -0.672673 0
    outer loop
      vertex 120.161 -10.402 7.2
      vertex 120.372 -10.1699 0
      vertex 120.372 -10.1699 7.2
    endloop
  endfacet
  facet normal 0.73994 -0.672673 0
    outer loop
      vertex 120.372 -10.1699 0
      vertex 120.161 -10.402 7.2
      vertex 120.161 -10.402 0
    endloop
  endfacet
  facet normal 0.625751 -0.780023 0
    outer loop
      vertex 119.816 -10.6938 0
      vertex 119.861 -10.6577 7.2
      vertex 119.816 -10.6938 7.2
    endloop
  endfacet
  facet normal 0.625751 -0.780023 0
    outer loop
      vertex 119.861 -10.6577 7.2
      vertex 119.816 -10.6938 0
      vertex 119.861 -10.6577 0
    endloop
  endfacet
  facet normal 0 0 1
    outer loop
      vertex 5.3 -25.7843 7.2
      vertex 20.3981 36.2465 7.2
      vertex 5.3 47.4321 7.2
    endloop
  endfacet
  facet normal 0 0 1
    outer loop
      vertex 20.3981 36.2465 7.2
      vertex 5.3 -25.7843 7.2
      vertex 8.9 -25.7843 7.2
    endloop
  endfacet
  facet normal -0 0 1
    outer loop
      vertex 76.2903 56.1545 7.2
      vertex 89.3554 51.4518 7.2
      vertex 88.1572 58.247 7.2
    endloop
  endfacet
  facet normal 0 0 1
    outer loop
      vertex 76.2903 56.1545 7.2
      vertex 73.6477 48.6821 7.2
      vertex 89.3554 51.4518 7.2
    endloop
  endfacet
  facet normal 0 0 1
    outer loop
      vertex 71.0301 54.3131 7.2
      vertex 76.2903 56.1545 7.2
      vertex 74.5833 65.8356 7.2
    endloop
  endfacet
  facet normal 0 -0 1
    outer loop
      vertex 71.7942 49.98 7.2
      vertex 76.2903 56.1545 7.2
      vertex 71.0301 54.3131 7.2
    endloop
  endfacet
  facet normal 0 0 1
    outer loop
      vertex 76.2903 56.1545 7.2
      vertex 71.7942 49.98 7.2
      vertex 73.6477 48.6821 7.2
    endloop
  endfacet
  facet normal 0 0 1
    outer loop
      vertex 73.6477 48.6821 7.2
      vertex 71.7942 49.98 7.2
      vertex 73.4397 48.6593 7.2
    endloop
  endfacet
  facet normal 0 0 1
    outer loop
      vertex 73.4397 48.6593 7.2
      vertex 71.7942 49.98 7.2
      vertex 73.2304 48.6639 7.2
    endloop
  endfacet
  facet normal 0 0 1
    outer loop
      vertex 73.2304 48.6639 7.2
      vertex 71.7942 49.98 7.2
      vertex 73.0236 48.6958 7.2
    endloop
  endfacet
  facet normal 0 0 1
    outer loop
      vertex 73.0236 48.6958 7.2
      vertex 71.7942 49.98 7.2
      vertex 72.8226 48.7543 7.2
    endloop
  endfacet
  facet normal 0 0 1
    outer loop
      vertex 72.8226 48.7543 7.2
      vertex 71.7942 49.98 7.2
      vertex 72.6311 48.8386 7.2
    endloop
  endfacet
  facet normal 0 0 1
    outer loop
      vertex 72.6311 48.8386 7.2
      vertex 71.7942 49.98 7.2
      vertex 72.4521 48.9472 7.2
    endloop
  endfacet
  facet normal 0 0 1
    outer loop
      vertex 72.4521 48.9472 7.2
      vertex 71.7942 49.98 7.2
      vertex 72.2889 49.0782 7.2
    endloop
  endfacet
  facet normal 0 0 1
    outer loop
      vertex 72.2889 49.0782 7.2
      vertex 71.7942 49.98 7.2
      vertex 72.1442 49.2294 7.2
    endloop
  endfacet
  facet normal 0 0 1
    outer loop
      vertex 72.0204 49.3982 7.2
      vertex 71.7942 49.98 7.2
      vertex 71.9198 49.5816 7.2
    endloop
  endfacet
  facet normal 0 0 1
    outer loop
      vertex 71.9198 49.5816 7.2
      vertex 71.7942 49.98 7.2
      vertex 71.8439 49.7767 7.2
    endloop
  endfacet
  facet normal 0 0 1
    outer loop
      vertex 72.1442 49.2294 7.2
      vertex 71.7942 49.98 7.2
      vertex 72.0204 49.3982 7.2
    endloop
  endfacet
  facet normal 0 0 1
    outer loop
      vertex 74.5833 65.8356 7.2
      vertex 54.2884 51.3611 7.2
      vertex 71.0301 54.3131 7.2
    endloop
  endfacet
  facet normal 0 0 1
    outer loop
      vertex 55.161 46.4125 7.2
      vertex 54.0664 44.6087 7.2
      vertex 54.2615 44.6845 7.2
    endloop
  endfacet
  facet normal 0 0 1
    outer loop
      vertex 55.161 46.4125 7.2
      vertex 53.8631 44.5589 7.2
      vertex 54.0664 44.6087 7.2
    endloop
  endfacet
  facet normal 0 0 1
    outer loop
      vertex 54.2884 51.3611 7.2
      vertex 37.7123 41.7111 7.2
      vertex 53.8631 44.5589 7.2
    endloop
  endfacet
  facet normal -0 0 1
    outer loop
      vertex 5.3 65.8356 7.2
      vertex 54.2884 51.3611 7.2
      vertex 74.5833 65.8356 7.2
    endloop
  endfacet
  facet normal 0 0 1
    outer loop
      vertex 37.8468 40.9479 7.2
      vertex 37.5818 39.7523 7.2
      vertex 37.6904 39.9313 7.2
    endloop
  endfacet
  facet normal 0 0 1
    outer loop
      vertex 37.8468 40.9479 7.2
      vertex 36.549 39.0943 7.2
      vertex 37.5818 39.7523 7.2
    endloop
  endfacet
  facet normal 0 0 1
    outer loop
      vertex 37.5818 39.7523 7.2
      vertex 36.549 39.0943 7.2
      vertex 37.4508 39.5891 7.2
    endloop
  endfacet
  facet normal 0 0 1
    outer loop
      vertex 37.4508 39.5891 7.2
      vertex 36.549 39.0943 7.2
      vertex 37.2996 39.4444 7.2
    endloop
  endfacet
  facet normal 0 0 1
    outer loop
      vertex 37.2996 39.4444 7.2
      vertex 36.549 39.0943 7.2
      vertex 37.1308 39.3206 7.2
    endloop
  endfacet
  facet normal 0 0 1
    outer loop
      vertex 37.1308 39.3206 7.2
      vertex 36.549 39.0943 7.2
      vertex 36.9473 39.2199 7.2
    endloop
  endfacet
  facet normal 0 0 1
    outer loop
      vertex 36.9473 39.2199 7.2
      vertex 36.549 39.0943 7.2
      vertex 36.7523 39.1441 7.2
    endloop
  endfacet
  facet normal 0 0 1
    outer loop
      vertex 37.7123 41.7111 7.2
      vertex 20.3981 36.2465 7.2
      vertex 36.549 39.0943 7.2
    endloop
  endfacet
  facet normal 0 0 1
    outer loop
      vertex 54.2884 51.3611 7.2
      vertex 5.3 65.8356 7.2
      vertex 37.7123 41.7111 7.2
    endloop
  endfacet
  facet normal -0 0 1
    outer loop
      vertex 8.9 47.4321 7.2
      vertex 20.3981 36.2465 7.2
      vertex 8.9 51.2321 7.2
    endloop
  endfacet
  facet normal 0 0 1
    outer loop
      vertex 37.7123 41.7111 7.2
      vertex 8.9 51.2321 7.2
      vertex 20.3981 36.2465 7.2
    endloop
  endfacet
  facet normal 0 0 1
    outer loop
      vertex 37.7123 41.7111 7.2
      vertex 5.3 65.8356 7.2
      vertex 8.9 51.2321 7.2
    endloop
  endfacet
  facet normal 0 0 1
    outer loop
      vertex 8.9 51.2321 7.2
      vertex 5.3 65.8356 7.2
      vertex 5.3 51.2321 7.2
    endloop
  endfacet
  facet normal 0 0 1
    outer loop
      vertex 55.161 46.4125 7.2
      vertex 55.1792 45.9952 7.2
      vertex 55.1838 46.2044 7.2
    endloop
  endfacet
  facet normal 0 0 1
    outer loop
      vertex 55.161 46.4125 7.2
      vertex 55.1474 45.7883 7.2
      vertex 55.1792 45.9952 7.2
    endloop
  endfacet
  facet normal 0 0 1
    outer loop
      vertex 55.161 46.4125 7.2
      vertex 55.0888 45.5874 7.2
      vertex 55.1474 45.7883 7.2
    endloop
  endfacet
  facet normal 0 0 1
    outer loop
      vertex 55.161 46.4125 7.2
      vertex 55.0045 45.3958 7.2
      vertex 55.0888 45.5874 7.2
    endloop
  endfacet
  facet normal 0 0 1
    outer loop
      vertex 55.161 46.4125 7.2
      vertex 54.8959 45.2169 7.2
      vertex 55.0045 45.3958 7.2
    endloop
  endfacet
  facet normal 0 0 1
    outer loop
      vertex 55.161 46.4125 7.2
      vertex 54.7649 45.0537 7.2
      vertex 54.8959 45.2169 7.2
    endloop
  endfacet
  facet normal 0 0 1
    outer loop
      vertex 55.161 46.4125 7.2
      vertex 54.6137 44.909 7.2
      vertex 54.7649 45.0537 7.2
    endloop
  endfacet
  facet normal 0 0 1
    outer loop
      vertex 55.161 46.4125 7.2
      vertex 54.445 44.7852 7.2
      vertex 54.6137 44.909 7.2
    endloop
  endfacet
  facet normal 0 0 1
    outer loop
      vertex 53.8631 44.5589 7.2
      vertex 55.161 46.4125 7.2
      vertex 54.2884 51.3611 7.2
    endloop
  endfacet
  facet normal 0 0 1
    outer loop
      vertex 55.161 46.4125 7.2
      vertex 54.2615 44.6845 7.2
      vertex 54.445 44.7852 7.2
    endloop
  endfacet
  facet normal 0 0 1
    outer loop
      vertex 37.8468 40.9479 7.2
      vertex 37.8651 40.5306 7.2
      vertex 37.8696 40.7398 7.2
    endloop
  endfacet
  facet normal 0 0 1
    outer loop
      vertex 37.8468 40.9479 7.2
      vertex 37.8332 40.3237 7.2
      vertex 37.8651 40.5306 7.2
    endloop
  endfacet
  facet normal 0 0 1
    outer loop
      vertex 37.8468 40.9479 7.2
      vertex 37.7747 40.1228 7.2
      vertex 37.8332 40.3237 7.2
    endloop
  endfacet
  facet normal 0 0 1
    outer loop
      vertex 36.549 39.0943 7.2
      vertex 37.8468 40.9479 7.2
      vertex 37.7123 41.7111 7.2
    endloop
  endfacet
  facet normal 0 0 1
    outer loop
      vertex 37.8468 40.9479 7.2
      vertex 37.6904 39.9313 7.2
      vertex 37.7747 40.1228 7.2
    endloop
  endfacet
  facet normal 0 0 1
    outer loop
      vertex 45.4536 -11.7316 7.2
      vertex 45.4718 -12.1488 7.2
      vertex 45.4764 -11.9396 7.2
    endloop
  endfacet
  facet normal 0 0 1
    outer loop
      vertex 45.4536 -11.7316 7.2
      vertex 45.44 -12.3557 7.2
      vertex 45.4718 -12.1488 7.2
    endloop
  endfacet
  facet normal 0 0 1
    outer loop
      vertex 45.4038 -11.5283 7.2
      vertex 45.44 -12.3557 7.2
      vertex 45.4536 -11.7316 7.2
    endloop
  endfacet
  facet normal 0 0 1
    outer loop
      vertex 45.4038 -11.5283 7.2
      vertex 45.3814 -12.5566 7.2
      vertex 45.44 -12.3557 7.2
    endloop
  endfacet
  facet normal 0 0 1
    outer loop
      vertex 45.328 -11.3332 7.2
      vertex 45.3814 -12.5566 7.2
      vertex 45.4038 -11.5283 7.2
    endloop
  endfacet
  facet normal 0 0 1
    outer loop
      vertex 45.328 -11.3332 7.2
      vertex 45.2971 -12.7482 7.2
      vertex 45.3814 -12.5566 7.2
    endloop
  endfacet
  facet normal 0 0 1
    outer loop
      vertex 45.2273 -11.1497 7.2
      vertex 45.2971 -12.7482 7.2
      vertex 45.328 -11.3332 7.2
    endloop
  endfacet
  facet normal 0 0 1
    outer loop
      vertex 45.2273 -11.1497 7.2
      vertex 45.1885 -12.9271 7.2
      vertex 45.2971 -12.7482 7.2
    endloop
  endfacet
  facet normal 0 0 1
    outer loop
      vertex 45.1035 -10.9809 7.2
      vertex 45.1885 -12.9271 7.2
      vertex 45.2273 -11.1497 7.2
    endloop
  endfacet
  facet normal 0 0 1
    outer loop
      vertex 45.1035 -10.9809 7.2
      vertex 45.0575 -13.0903 7.2
      vertex 45.1885 -12.9271 7.2
    endloop
  endfacet
  facet normal 0 0 1
    outer loop
      vertex 44.9588 -10.8298 7.2
      vertex 45.0575 -13.0903 7.2
      vertex 45.1035 -10.9809 7.2
    endloop
  endfacet
  facet normal 0 0 1
    outer loop
      vertex 44.9588 -10.8298 7.2
      vertex 44.9063 -13.2351 7.2
      vertex 45.0575 -13.0903 7.2
    endloop
  endfacet
  facet normal 0 0 1
    outer loop
      vertex 44.7956 -10.6987 7.2
      vertex 44.9063 -13.2351 7.2
      vertex 44.9588 -10.8298 7.2
    endloop
  endfacet
  facet normal 0 0 1
    outer loop
      vertex 44.7956 -10.6987 7.2
      vertex 44.7376 -13.3588 7.2
      vertex 44.9063 -13.2351 7.2
    endloop
  endfacet
  facet normal 0 0 1
    outer loop
      vertex 44.6167 -10.5902 7.2
      vertex 44.7376 -13.3588 7.2
      vertex 44.7956 -10.6987 7.2
    endloop
  endfacet
  facet normal 0 0 1
    outer loop
      vertex 44.6167 -10.5902 7.2
      vertex 44.5541 -13.4595 7.2
      vertex 44.7376 -13.3588 7.2
    endloop
  endfacet
  facet normal 0 0 1
    outer loop
      vertex 44.4251 -10.5059 7.2
      vertex 44.5541 -13.4595 7.2
      vertex 44.6167 -10.5902 7.2
    endloop
  endfacet
  facet normal 0 0 1
    outer loop
      vertex 44.2242 -10.4473 7.2
      vertex 44.5541 -13.4595 7.2
      vertex 44.4251 -10.5059 7.2
    endloop
  endfacet
  facet normal 0 0 1
    outer loop
      vertex 44.0173 -10.4155 7.2
      vertex 44.5541 -13.4595 7.2
      vertex 44.2242 -10.4473 7.2
    endloop
  endfacet
  facet normal 0 0 1
    outer loop
      vertex 43.8081 -10.4109 7.2
      vertex 44.5541 -13.4595 7.2
      vertex 44.0173 -10.4155 7.2
    endloop
  endfacet
  facet normal -0 0 1
    outer loop
      vertex 43.6 -10.4337 7.2
      vertex 44.5541 -13.4595 7.2
      vertex 43.8081 -10.4109 7.2
    endloop
  endfacet
  facet normal 0 0 1
    outer loop
      vertex 43.6 -10.4337 7.2
      vertex 32.2734 -19.1861 7.2
      vertex 44.5541 -13.4595 7.2
    endloop
  endfacet
  facet normal 0 -0 1
    outer loop
      vertex 32.2734 -19.1861 7.2
      vertex 43.6 -10.4337 7.2
      vertex 29.0806 -12.9939 7.2
    endloop
  endfacet
  facet normal 0 0 1
    outer loop
      vertex 62.2638 0.371387 7.2
      vertex 63.5617 2.22492 7.2
      vertex 62.9799 1.99866 7.2
    endloop
  endfacet
  facet normal 0 0 1
    outer loop
      vertex 62.2638 0.371387 7.2
      vertex 62.9799 1.99866 7.2
      vertex 62.8111 1.87489 7.2
    endloop
  endfacet
  facet normal 0 0 1
    outer loop
      vertex 62.2638 0.371387 7.2
      vertex 62.8111 1.87489 7.2
      vertex 62.6599 1.73017 7.2
    endloop
  endfacet
  facet normal 0 0 1
    outer loop
      vertex 62.2638 0.371387 7.2
      vertex 62.6599 1.73017 7.2
      vertex 62.5289 1.56695 7.2
    endloop
  endfacet
  facet normal 0 0 1
    outer loop
      vertex 62.2638 0.371387 7.2
      vertex 62.5289 1.56695 7.2
      vertex 62.4203 1.38802 7.2
    endloop
  endfacet
  facet normal 0 0 1
    outer loop
      vertex 62.2638 0.371387 7.2
      vertex 62.4203 1.38802 7.2
      vertex 62.336 1.19646 7.2
    endloop
  endfacet
  facet normal 0 0 1
    outer loop
      vertex 62.2638 0.371387 7.2
      vertex 62.336 1.19646 7.2
      vertex 62.2775 0.995523 7.2
    endloop
  endfacet
  facet normal 0 0 1
    outer loop
      vertex 63.5617 2.22492 7.2
      vertex 62.2638 0.371387 7.2
      vertex 63.1364 -4.57727 7.2
    endloop
  endfacet
  facet normal -0 0 1
    outer loop
      vertex 62.2456 0.788671 7.2
      vertex 62.2638 0.371387 7.2
      vertex 62.2775 0.995523 7.2
    endloop
  endfacet
  facet normal 0 0 1
    outer loop
      vertex 62.2638 0.371387 7.2
      vertex 62.2456 0.788671 7.2
      vertex 62.241 0.579437 7.2
    endloop
  endfacet
  facet normal 0 0 1
    outer loop
      vertex 99.7436 0.887523 7.2
      vertex 101.109 -7.83619 7.2
      vertex 101.425 -8.64936 7.2
    endloop
  endfacet
  facet normal 0 0 1
    outer loop
      vertex 99.7436 0.887523 7.2
      vertex 100.241 -6.2536 7.2
      vertex 101.109 -7.83619 7.2
    endloop
  endfacet
  facet normal 0 0 1
    outer loop
      vertex 97.8901 2.18538 7.2
      vertex 99.7436 0.887523 7.2
      vertex 99.6939 1.09082 7.2
    endloop
  endfacet
  facet normal 0 0 1
    outer loop
      vertex 97.8901 2.18538 7.2
      vertex 99.6939 1.09082 7.2
      vertex 99.618 1.28587 7.2
    endloop
  endfacet
  facet normal 0 0 1
    outer loop
      vertex 97.8901 2.18538 7.2
      vertex 99.618 1.28587 7.2
      vertex 99.5173 1.46936 7.2
    endloop
  endfacet
  facet normal 0 0 1
    outer loop
      vertex 97.8901 2.18538 7.2
      vertex 99.5173 1.46936 7.2
      vertex 99.3936 1.63815 7.2
    endloop
  endfacet
  facet normal 0 0 1
    outer loop
      vertex 97.8901 2.18538 7.2
      vertex 99.3936 1.63815 7.2
      vertex 99.2489 1.78932 7.2
    endloop
  endfacet
  facet normal 0 0 1
    outer loop
      vertex 99.7436 0.887523 7.2
      vertex 99.1734 -4.79786 7.2
      vertex 100.241 -6.2536 7.2
    endloop
  endfacet
  facet normal 0 0 1
    outer loop
      vertex 97.8901 2.18538 7.2
      vertex 99.2489 1.78932 7.2
      vertex 99.0856 1.92034 7.2
    endloop
  endfacet
  facet normal 0 0 1
    outer loop
      vertex 97.8901 2.18538 7.2
      vertex 99.0856 1.92034 7.2
      vertex 98.9067 2.0289 7.2
    endloop
  endfacet
  facet normal 0 0 1
    outer loop
      vertex 97.8901 2.18538 7.2
      vertex 98.9067 2.0289 7.2
      vertex 98.7151 2.11319 7.2
    endloop
  endfacet
  facet normal 0 0 1
    outer loop
      vertex 97.8901 2.18538 7.2
      vertex 98.7151 2.11319 7.2
      vertex 98.5142 2.17176 7.2
    endloop
  endfacet
  facet normal -0 0 1
    outer loop
      vertex 97.8901 2.18538 7.2
      vertex 98.5142 2.17176 7.2
      vertex 98.3074 2.2036 7.2
    endloop
  endfacet
  facet normal 0 0 1
    outer loop
      vertex 97.8901 2.18538 7.2
      vertex 98.3074 2.2036 7.2
      vertex 98.0981 2.20817 7.2
    endloop
  endfacet
  facet normal 0 0 1
    outer loop
      vertex 99.7436 0.887523 7.2
      vertex 97.9251 -3.49391 7.2
      vertex 99.1734 -4.79786 7.2
    endloop
  endfacet
  facet normal 0 0 1
    outer loop
      vertex 99.7436 0.887523 7.2
      vertex 97.8901 2.18538 7.2
      vertex 96.5173 -2.36402 7.2
    endloop
  endfacet
  facet normal 0 0 1
    outer loop
      vertex 99.7436 0.887523 7.2
      vertex 96.5173 -2.36402 7.2
      vertex 97.9251 -3.49391 7.2
    endloop
  endfacet
  facet normal 0 0 1
    outer loop
      vertex 97.8901 2.18538 7.2
      vertex 94.9741 -1.42759 7.2
      vertex 96.5173 -2.36402 7.2
    endloop
  endfacet
  facet normal 0 0 1
    outer loop
      vertex 97.8901 2.18538 7.2
      vertex 93.3218 -0.700586 7.2
      vertex 94.9741 -1.42759 7.2
    endloop
  endfacet
  facet normal 0 0 1
    outer loop
      vertex 97.8901 2.18538 7.2
      vertex 91.5888 -0.195461 7.2
      vertex 93.3218 -0.700586 7.2
    endloop
  endfacet
  facet normal 0 0 1
    outer loop
      vertex 97.8901 2.18538 7.2
      vertex 89.8047 0.0791483 7.2
      vertex 91.5888 -0.195461 7.2
    endloop
  endfacet
  facet normal 0 0 1
    outer loop
      vertex 97.8901 2.18538 7.2
      vertex 88 0.118521 7.2
      vertex 89.8047 0.0791483 7.2
    endloop
  endfacet
  facet normal 0 0 1
    outer loop
      vertex 97.8901 2.18538 7.2
      vertex 86.2056 -0.078002 7.2
      vertex 88 0.118521 7.2
    endloop
  endfacet
  facet normal 0 0 1
    outer loop
      vertex 81.7392 -0.662445 7.2
      vertex 86.2056 -0.078002 7.2
      vertex 97.8901 2.18538 7.2
    endloop
  endfacet
  facet normal 0 0 1
    outer loop
      vertex 81.7392 -0.662445 7.2
      vertex 84.4522 -0.507051 7.2
      vertex 86.2056 -0.078002 7.2
    endloop
  endfacet
  facet normal -0 0 1
    outer loop
      vertex 81.7392 -0.662445 7.2
      vertex 82.7698 -1.16129 7.2
      vertex 84.4522 -0.507051 7.2
    endloop
  endfacet
  facet normal 0 0 1
    outer loop
      vertex 81.7392 -0.662445 7.2
      vertex 81.1872 -2.02954 7.2
      vertex 82.7698 -1.16129 7.2
    endloop
  endfacet
  facet normal 0 0 1
    outer loop
      vertex 79.1216 4.96856 7.2
      vertex 81.7392 -0.662445 7.2
      vertex 80.9752 3.6707 7.2
    endloop
  endfacet
  facet normal 0 0 1
    outer loop
      vertex 79.1216 4.96856 7.2
      vertex 80.9752 3.6707 7.2
      vertex 80.9254 3.874 7.2
    endloop
  endfacet
  facet normal 0 0 1
    outer loop
      vertex 79.1216 4.96856 7.2
      vertex 80.9254 3.874 7.2
      vertex 80.8496 4.06905 7.2
    endloop
  endfacet
  facet normal 0 0 1
    outer loop
      vertex 79.1216 4.96856 7.2
      vertex 80.8496 4.06905 7.2
      vertex 80.7489 4.25254 7.2
    endloop
  endfacet
  facet normal 0 0 1
    outer loop
      vertex 79.1216 4.96856 7.2
      vertex 80.7489 4.25254 7.2
      vertex 80.6251 4.42133 7.2
    endloop
  endfacet
  facet normal 0 0 1
    outer loop
      vertex 79.1216 4.96856 7.2
      vertex 80.6251 4.42133 7.2
      vertex 80.4804 4.5725 7.2
    endloop
  endfacet
  facet normal 0 0 1
    outer loop
      vertex 79.1216 4.96856 7.2
      vertex 80.4804 4.5725 7.2
      vertex 80.3172 4.70352 7.2
    endloop
  endfacet
  facet normal 0 0 1
    outer loop
      vertex 79.1216 4.96856 7.2
      vertex 80.3172 4.70352 7.2
      vertex 80.1383 4.81208 7.2
    endloop
  endfacet
  facet normal 0 0 1
    outer loop
      vertex 79.1216 4.96856 7.2
      vertex 80.1383 4.81208 7.2
      vertex 79.9467 4.89637 7.2
    endloop
  endfacet
  facet normal 0 0 1
    outer loop
      vertex 79.1216 4.96856 7.2
      vertex 79.9467 4.89637 7.2
      vertex 79.7458 4.95494 7.2
    endloop
  endfacet
  facet normal 0 0 1
    outer loop
      vertex 81.7392 -0.662445 7.2
      vertex 79.1216 4.96856 7.2
      vertex 79.7315 -3.09693 7.2
    endloop
  endfacet
  facet normal -0 0 1
    outer loop
      vertex 79.1216 4.96856 7.2
      vertex 79.7458 4.95494 7.2
      vertex 79.5389 4.98678 7.2
    endloop
  endfacet
  facet normal 0 0 1
    outer loop
      vertex 79.1216 4.96856 7.2
      vertex 79.5389 4.98678 7.2
      vertex 79.3297 4.99135 7.2
    endloop
  endfacet
  facet normal 0 0 1
    outer loop
      vertex 81.7392 -0.662445 7.2
      vertex 79.7315 -3.09693 7.2
      vertex 81.1872 -2.02954 7.2
    endloop
  endfacet
  facet normal 0 0 1
    outer loop
      vertex 79.1216 4.96856 7.2
      vertex 78.4275 -4.34519 7.2
      vertex 79.7315 -3.09693 7.2
    endloop
  endfacet
  facet normal -0 0 1
    outer loop
      vertex 63.5617 2.22492 7.2
      vertex 78.4275 -4.34519 7.2
      vertex 79.1216 4.96856 7.2
    endloop
  endfacet
  facet normal 0 0 1
    outer loop
      vertex 78.4275 -4.34519 7.2
      vertex 69.6353 -7.4575 7.2
      vertex 77.2976 -5.75297 7.2
    endloop
  endfacet
  facet normal 0 0 1
    outer loop
      vertex 77.2976 -5.75297 7.2
      vertex 69.6353 -7.4575 7.2
      vertex 76.3612 -7.2962 7.2
    endloop
  endfacet
  facet normal 0 0 1
    outer loop
      vertex 76.3612 -7.2962 7.2
      vertex 69.6353 -7.4575 7.2
      vertex 75.6342 -8.94845 7.2
    endloop
  endfacet
  facet normal 0 0 1
    outer loop
      vertex 69.6353 -7.4575 7.2
      vertex 74.8151 -14.2703 7.2
      vertex 74.8545 -12.4656 7.2
    endloop
  endfacet
  facet normal 0 0 1
    outer loop
      vertex 69.6353 -7.4575 7.2
      vertex 74.8545 -12.4656 7.2
      vertex 75.1291 -10.6815 7.2
    endloop
  endfacet
  facet normal 0 0 1
    outer loop
      vertex 74.8151 -14.2703 7.2
      vertex 69.6353 -7.4575 7.2
      vertex 72.4137 -23.2144 7.2
    endloop
  endfacet
  facet normal 0 0 1
    outer loop
      vertex 75.6342 -8.94845 7.2
      vertex 69.6353 -7.4575 7.2
      vertex 75.1291 -10.6815 7.2
    endloop
  endfacet
  facet normal 0 0 1
    outer loop
      vertex 78.4275 -4.34519 7.2
      vertex 63.5617 2.22492 7.2
      vertex 69.6353 -7.4575 7.2
    endloop
  endfacet
  facet normal 0 0 1
    outer loop
      vertex 63.1633 2.09932 7.2
      vertex 63.5617 2.22492 7.2
      vertex 63.3584 2.17518 7.2
    endloop
  endfacet
  facet normal 0 0 1
    outer loop
      vertex 62.9799 1.99866 7.2
      vertex 63.5617 2.22492 7.2
      vertex 63.1633 2.09932 7.2
    endloop
  endfacet
  facet normal 0 0 1
    outer loop
      vertex 63.5617 2.22492 7.2
      vertex 63.1364 -4.57727 7.2
      vertex 69.6353 -7.4575 7.2
    endloop
  endfacet
  facet normal 0 0 1
    outer loop
      vertex 63.1364 -4.57727 7.2
      vertex 52.8936 -10.4095 7.2
      vertex 69.6353 -7.4575 7.2
    endloop
  endfacet
  facet normal 0 0 1
    outer loop
      vertex 54.4044 -18.9778 7.2
      vertex 52.4824 -20.8177 7.2
      vertex 52.6892 -20.8496 7.2
    endloop
  endfacet
  facet normal 0 0 1
    outer loop
      vertex 54.4044 -18.9778 7.2
      vertex 51.3786 -19.9319 7.2
      vertex 52.4824 -20.8177 7.2
    endloop
  endfacet
  facet normal 0 0 1
    outer loop
      vertex 52.4824 -20.8177 7.2
      vertex 51.3786 -19.9319 7.2
      vertex 52.2815 -20.7592 7.2
    endloop
  endfacet
  facet normal 0 0 1
    outer loop
      vertex 52.2815 -20.7592 7.2
      vertex 51.3786 -19.9319 7.2
      vertex 52.0899 -20.6749 7.2
    endloop
  endfacet
  facet normal 0 0 1
    outer loop
      vertex 52.0899 -20.6749 7.2
      vertex 51.3786 -19.9319 7.2
      vertex 51.911 -20.5663 7.2
    endloop
  endfacet
  facet normal 0 0 1
    outer loop
      vertex 51.911 -20.5663 7.2
      vertex 51.3786 -19.9319 7.2
      vertex 51.7478 -20.4353 7.2
    endloop
  endfacet
  facet normal 0 0 1
    outer loop
      vertex 51.7478 -20.4353 7.2
      vertex 51.3786 -19.9319 7.2
      vertex 51.603 -20.2841 7.2
    endloop
  endfacet
  facet normal 0 0 1
    outer loop
      vertex 51.603 -20.2841 7.2
      vertex 51.3786 -19.9319 7.2
      vertex 51.4793 -20.1153 7.2
    endloop
  endfacet
  facet normal 0 0 1
    outer loop
      vertex 52.8936 -10.4095 7.2
      vertex 47.6391 -11.9126 7.2
      vertex 51.3786 -19.9319 7.2
    endloop
  endfacet
  facet normal -0 0 1
    outer loop
      vertex 46.9856 -7.42509 7.2
      vertex 52.8936 -10.4095 7.2
      vertex 63.1364 -4.57727 7.2
    endloop
  endfacet
  facet normal 0 0 1
    outer loop
      vertex 52.8936 -10.4095 7.2
      vertex 46.9856 -7.42509 7.2
      vertex 47.6391 -11.9126 7.2
    endloop
  endfacet
  facet normal -0 0 1
    outer loop
      vertex 45.9207 -10.5999 7.2
      vertex 47.6391 -11.9126 7.2
      vertex 46.9856 -7.42509 7.2
    endloop
  endfacet
  facet normal 0 -0 1
    outer loop
      vertex 47.3569 -11.916 7.2
      vertex 47.6391 -11.9126 7.2
      vertex 45.9207 -10.5999 7.2
    endloop
  endfacet
  facet normal 0 0 1
    outer loop
      vertex 47.6391 -11.9126 7.2
      vertex 47.3569 -11.916 7.2
      vertex 47.5662 -11.9205 7.2
    endloop
  endfacet
  facet normal 0 0 1
    outer loop
      vertex 47.3569 -11.916 7.2
      vertex 45.9207 -10.5999 7.2
      vertex 47.1501 -11.8841 7.2
    endloop
  endfacet
  facet normal 0 0 1
    outer loop
      vertex 45.6877 -9.27863 7.2
      vertex 46.9856 -7.42509 7.2
      vertex 46.7823 -7.47484 7.2
    endloop
  endfacet
  facet normal 0 0 1
    outer loop
      vertex 47.1501 -11.8841 7.2
      vertex 45.9207 -10.5999 7.2
      vertex 46.9492 -11.8256 7.2
    endloop
  endfacet
  facet normal 0 0 1
    outer loop
      vertex 45.6877 -9.27863 7.2
      vertex 46.7823 -7.47484 7.2
      vertex 46.5872 -7.5507 7.2
    endloop
  endfacet
  facet normal 0 0 1
    outer loop
      vertex 46.9492 -11.8256 7.2
      vertex 45.9207 -10.5999 7.2
      vertex 46.7576 -11.7413 7.2
    endloop
  endfacet
  facet normal 0 0 1
    outer loop
      vertex 46.7576 -11.7413 7.2
      vertex 45.9207 -10.5999 7.2
      vertex 46.5787 -11.6327 7.2
    endloop
  endfacet
  facet normal 0 0 1
    outer loop
      vertex 45.6877 -9.27863 7.2
      vertex 46.5872 -7.5507 7.2
      vertex 46.4037 -7.65136 7.2
    endloop
  endfacet
  facet normal 0 0 1
    outer loop
      vertex 46.5787 -11.6327 7.2
      vertex 45.9207 -10.5999 7.2
      vertex 46.4154 -11.5017 7.2
    endloop
  endfacet
  facet normal 0 0 1
    outer loop
      vertex 45.6877 -9.27863 7.2
      vertex 46.4037 -7.65136 7.2
      vertex 46.2349 -7.77513 7.2
    endloop
  endfacet
  facet normal 0 0 1
    outer loop
      vertex 46.4154 -11.5017 7.2
      vertex 45.9207 -10.5999 7.2
      vertex 46.2707 -11.3505 7.2
    endloop
  endfacet
  facet normal 0 0 1
    outer loop
      vertex 45.6877 -9.27863 7.2
      vertex 46.2349 -7.77513 7.2
      vertex 46.0838 -7.91985 7.2
    endloop
  endfacet
  facet normal 0 0 1
    outer loop
      vertex 46.2707 -11.3505 7.2
      vertex 45.9207 -10.5999 7.2
      vertex 46.147 -11.1817 7.2
    endloop
  endfacet
  facet normal 0 0 1
    outer loop
      vertex 46.147 -11.1817 7.2
      vertex 45.9207 -10.5999 7.2
      vertex 46.0463 -10.9982 7.2
    endloop
  endfacet
  facet normal 0 0 1
    outer loop
      vertex 45.6877 -9.27863 7.2
      vertex 46.0838 -7.91985 7.2
      vertex 45.9528 -8.08307 7.2
    endloop
  endfacet
  facet normal 0 0 1
    outer loop
      vertex 46.0463 -10.9982 7.2
      vertex 45.9207 -10.5999 7.2
      vertex 45.9704 -10.8032 7.2
    endloop
  endfacet
  facet normal 0 0 1
    outer loop
      vertex 45.6877 -9.27863 7.2
      vertex 45.9528 -8.08307 7.2
      vertex 45.8442 -8.262 7.2
    endloop
  endfacet
  facet normal 0 0 1
    outer loop
      vertex 45.6877 -9.27863 7.2
      vertex 45.8442 -8.262 7.2
      vertex 45.7599 -8.45356 7.2
    endloop
  endfacet
  facet normal 0 0 1
    outer loop
      vertex 45.6877 -9.27863 7.2
      vertex 45.7599 -8.45356 7.2
      vertex 45.7013 -8.65449 7.2
    endloop
  endfacet
  facet normal 0 0 1
    outer loop
      vertex 46.9856 -7.42509 7.2
      vertex 45.6877 -9.27863 7.2
      vertex 45.9207 -10.5999 7.2
    endloop
  endfacet
  facet normal -0 0 1
    outer loop
      vertex 45.6695 -8.86135 7.2
      vertex 45.6877 -9.27863 7.2
      vertex 45.7013 -8.65449 7.2
    endloop
  endfacet
  facet normal 0 0 1
    outer loop
      vertex 45.6877 -9.27863 7.2
      vertex 45.6695 -8.86135 7.2
      vertex 45.6649 -9.07058 7.2
    endloop
  endfacet
  facet normal 0 0 1
    outer loop
      vertex 118.291 -6.40245 7.2
      vertex 102.192 -11.272 7.2
      vertex 102.389 -13.0664 7.2
    endloop
  endfacet
  facet normal 0 0 1
    outer loop
      vertex 118.291 -6.40245 7.2
      vertex 101.763 -9.51859 7.2
      vertex 102.192 -11.272 7.2
    endloop
  endfacet
  facet normal 0 -0 1
    outer loop
      vertex 101.763 -9.51859 7.2
      vertex 118.291 -6.40245 7.2
      vertex 101.69 -9.32974 7.2
    endloop
  endfacet
  facet normal 0 0 1
    outer loop
      vertex 118.291 -6.40245 7.2
      vertex 121.601 -6.0602 7.2
      vertex 121.597 -5.74629 7.2
    endloop
  endfacet
  facet normal 0 0 1
    outer loop
      vertex 118.291 -6.40245 7.2
      vertex 121.597 -5.74629 7.2
      vertex 121.582 -5.55096 7.2
    endloop
  endfacet
  facet normal 0 0 1
    outer loop
      vertex 121.601 -6.0602 7.2
      vertex 118.291 -6.40245 7.2
      vertex 121.587 -6.2186 7.2
    endloop
  endfacet
  facet normal 0 0 1
    outer loop
      vertex 118.291 -6.40245 7.2
      vertex 121.582 -5.55096 7.2
      vertex 121.553 -5.31964 7.2
    endloop
  endfacet
  facet normal 0 0 1
    outer loop
      vertex 121.587 -6.2186 7.2
      vertex 118.291 -6.40245 7.2
      vertex 121.564 -6.41365 7.2
    endloop
  endfacet
  facet normal 0 0 1
    outer loop
      vertex 121.564 -6.41365 7.2
      vertex 118.291 -6.40245 7.2
      vertex 121.532 -6.60803 7.2
    endloop
  endfacet
  facet normal 0 0 1
    outer loop
      vertex 121.532 -6.60803 7.2
      vertex 118.291 -6.40245 7.2
      vertex 121.121 -8.61485 7.2
    endloop
  endfacet
  facet normal 0 0 1
    outer loop
      vertex 121.121 -8.61485 7.2
      vertex 118.291 -6.40245 7.2
      vertex 121.084 -8.77249 7.2
    endloop
  endfacet
  facet normal 0 0 1
    outer loop
      vertex 121.084 -8.77249 7.2
      vertex 118.291 -6.40245 7.2
      vertex 121.029 -8.96996 7.2
    endloop
  endfacet
  facet normal 0 0 1
    outer loop
      vertex 121.029 -8.96996 7.2
      vertex 118.291 -6.40245 7.2
      vertex 120.926 -9.26645 7.2
    endloop
  endfacet
  facet normal 0 0 1
    outer loop
      vertex 120.926 -9.26645 7.2
      vertex 118.291 -6.40245 7.2
      vertex 120.856 -9.41579 7.2
    endloop
  endfacet
  facet normal 0 0 1
    outer loop
      vertex 120.856 -9.41579 7.2
      vertex 118.291 -6.40245 7.2
      vertex 120.764 -9.59865 7.2
    endloop
  endfacet
  facet normal 0 0 1
    outer loop
      vertex 120.764 -9.59865 7.2
      vertex 118.291 -6.40245 7.2
      vertex 120.604 -9.8688 7.2
    endloop
  endfacet
  facet normal 0 0 1
    outer loop
      vertex 120.604 -9.8688 7.2
      vertex 118.291 -6.40245 7.2
      vertex 120.499 -10.0104 7.2
    endloop
  endfacet
  facet normal 0 0 1
    outer loop
      vertex 120.499 -10.0104 7.2
      vertex 118.291 -6.40245 7.2
      vertex 120.372 -10.1699 7.2
    endloop
  endfacet
  facet normal 0 0 1
    outer loop
      vertex 120.372 -10.1699 7.2
      vertex 118.291 -6.40245 7.2
      vertex 120.161 -10.402 7.2
    endloop
  endfacet
  facet normal 0 0 1
    outer loop
      vertex 120.161 -10.402 7.2
      vertex 118.291 -6.40245 7.2
      vertex 120.02 -10.5271 7.2
    endloop
  endfacet
  facet normal 0 0 1
    outer loop
      vertex 120.02 -10.5271 7.2
      vertex 118.291 -6.40245 7.2
      vertex 119.861 -10.6577 7.2
    endloop
  endfacet
  facet normal 0 0 1
    outer loop
      vertex 119.861 -10.6577 7.2
      vertex 118.291 -6.40245 7.2
      vertex 119.816 -10.6938 7.2
    endloop
  endfacet
  facet normal -0 0 1
    outer loop
      vertex 109.652 42.5917 7.2
      vertex 121.553 -5.31964 7.2
      vertex 111.267 42.8765 7.2
    endloop
  endfacet
  facet normal 0 0 1
    outer loop
      vertex 109.502 63.026 7.2
      vertex 111.267 42.8765 7.2
      vertex 121.553 -5.31964 7.2
    endloop
  endfacet
  facet normal 0 0 1
    outer loop
      vertex 107.942 61.7356 7.2
      vertex 109.502 63.026 7.2
      vertex 109.45 63.2533 7.2
    endloop
  endfacet
  facet normal 0 0 1
    outer loop
      vertex 107.942 61.7356 7.2
      vertex 109.45 63.2533 7.2
      vertex 109.397 63.4421 7.2
    endloop
  endfacet
  facet normal 0 0 1
    outer loop
      vertex 107.942 61.7356 7.2
      vertex 109.397 63.4421 7.2
      vertex 109.35 63.5938 7.2
    endloop
  endfacet
  facet normal 0 0 1
    outer loop
      vertex 107.942 61.7356 7.2
      vertex 109.35 63.5938 7.2
      vertex 109.226 63.8825 7.2
    endloop
  endfacet
  facet normal 0 0 1
    outer loop
      vertex 107.942 61.7356 7.2
      vertex 109.226 63.8825 7.2
      vertex 109.138 64.0578 7.2
    endloop
  endfacet
  facet normal 0 0 1
    outer loop
      vertex 107.942 61.7356 7.2
      vertex 109.138 64.0578 7.2
      vertex 109.059 64.2006 7.2
    endloop
  endfacet
  facet normal 0 0 1
    outer loop
      vertex 107.942 61.7356 7.2
      vertex 109.059 64.2006 7.2
      vertex 108.881 64.4593 7.2
    endloop
  endfacet
  facet normal 0 0 1
    outer loop
      vertex 107.942 61.7356 7.2
      vertex 108.881 64.4593 7.2
      vertex 108.76 64.6136 7.2
    endloop
  endfacet
  facet normal 0 0 1
    outer loop
      vertex 107.942 61.7356 7.2
      vertex 108.76 64.6136 7.2
      vertex 108.437 64.9496 7.2
    endloop
  endfacet
  facet normal 0 0 1
    outer loop
      vertex 107.942 61.7356 7.2
      vertex 108.437 64.9496 7.2
      vertex 108.289 65.0768 7.2
    endloop
  endfacet
  facet normal 0 0 1
    outer loop
      vertex 109.502 63.026 7.2
      vertex 107.942 61.7356 7.2
      vertex 111.267 42.8765 7.2
    endloop
  endfacet
  facet normal 0 0 1
    outer loop
      vertex 107.905 65.3457 7.2
      vertex 107.942 61.7356 7.2
      vertex 108.289 65.0768 7.2
    endloop
  endfacet
  facet normal 0 0 1
    outer loop
      vertex 107.734 65.4416 7.2
      vertex 107.942 61.7356 7.2
      vertex 107.905 65.3457 7.2
    endloop
  endfacet
  facet normal 0 0 1
    outer loop
      vertex 107.309 65.6296 7.2
      vertex 107.942 61.7356 7.2
      vertex 107.734 65.4416 7.2
    endloop
  endfacet
  facet normal 0 0 1
    outer loop
      vertex 107.942 61.7356 7.2
      vertex 107.309 65.6296 7.2
      vertex 107.252 65.6483 7.2
    endloop
  endfacet
  facet normal 0 0 1
    outer loop
      vertex 102.389 -13.0664 7.2
      vertex 119.816 -10.6938 7.2
      vertex 118.291 -6.40245 7.2
    endloop
  endfacet
  facet normal 0 0 1
    outer loop
      vertex 102.349 -14.8711 7.2
      vertex 119.816 -10.6938 7.2
      vertex 102.389 -13.0664 7.2
    endloop
  endfacet
  facet normal 0 0 1
    outer loop
      vertex 102.075 -16.6552 7.2
      vertex 119.816 -10.6938 7.2
      vertex 102.349 -14.8711 7.2
    endloop
  endfacet
  facet normal 0 0 1
    outer loop
      vertex 101.57 -18.3882 7.2
      vertex 119.816 -10.6938 7.2
      vertex 102.075 -16.6552 7.2
    endloop
  endfacet
  facet normal 0 0 1
    outer loop
      vertex 100.843 -20.0405 7.2
      vertex 119.816 -10.6938 7.2
      vertex 101.57 -18.3882 7.2
    endloop
  endfacet
  facet normal 0 0 1
    outer loop
      vertex 98.8212 -27.1283 7.2
      vertex 100.843 -20.0405 7.2
      vertex 99.9062 -21.5837 7.2
    endloop
  endfacet
  facet normal -0 0 1
    outer loop
      vertex 100.843 -20.0405 7.2
      vertex 98.8212 -27.1283 7.2
      vertex 119.816 -10.6938 7.2
    endloop
  endfacet
  facet normal -0 0 1
    outer loop
      vertex 98.7764 -22.9915 7.2
      vertex 98.8212 -27.1283 7.2
      vertex 99.9062 -21.5837 7.2
    endloop
  endfacet
  facet normal -0 0 1
    outer loop
      vertex 97.4724 -24.2397 7.2
      vertex 98.8212 -27.1283 7.2
      vertex 98.7764 -22.9915 7.2
    endloop
  endfacet
  facet normal 0 0 1
    outer loop
      vertex 98.8212 -27.1283 7.2
      vertex 97.4724 -24.2397 7.2
      vertex 98.7377 -27.1907 7.2
    endloop
  endfacet
  facet normal -0 0 1
    outer loop
      vertex 96.0167 -25.3071 7.2
      vertex 98.7377 -27.1907 7.2
      vertex 97.4724 -24.2397 7.2
    endloop
  endfacet
  facet normal 0 0 1
    outer loop
      vertex 98.7377 -27.1907 7.2
      vertex 96.0167 -25.3071 7.2
      vertex 98.1137 -27.6369 7.2
    endloop
  endfacet
  facet normal 0 0 1
    outer loop
      vertex 98.1137 -27.6369 7.2
      vertex 96.0167 -25.3071 7.2
      vertex 98.0067 -27.7091 7.2
    endloop
  endfacet
  facet normal 0 0 1
    outer loop
      vertex 98.0067 -27.7091 7.2
      vertex 96.0167 -25.3071 7.2
      vertex 97.3603 -28.1206 7.2
    endloop
  endfacet
  facet normal 0 0 1
    outer loop
      vertex 97.3603 -28.1206 7.2
      vertex 96.0167 -25.3071 7.2
      vertex 97.2532 -28.185 7.2
    endloop
  endfacet
  facet normal 0 0 1
    outer loop
      vertex 97.2532 -28.185 7.2
      vertex 96.0167 -25.3071 7.2
      vertex 96.5856 -28.5626 7.2
    endloop
  endfacet
  facet normal -0 0 1
    outer loop
      vertex 94.4341 -26.1754 7.2
      vertex 96.5856 -28.5626 7.2
      vertex 96.0167 -25.3071 7.2
    endloop
  endfacet
  facet normal 0 0 1
    outer loop
      vertex 96.5856 -28.5626 7.2
      vertex 94.4341 -26.1754 7.2
      vertex 96.4748 -28.6216 7.2
    endloop
  endfacet
  facet normal 0 0 1
    outer loop
      vertex 96.4748 -28.6216 7.2
      vertex 94.4341 -26.1754 7.2
      vertex 95.7878 -28.9641 7.2
    endloop
  endfacet
  facet normal 0 0 1
    outer loop
      vertex 95.7878 -28.9641 7.2
      vertex 94.4341 -26.1754 7.2
      vertex 95.6709 -29.0185 7.2
    endloop
  endfacet
  facet normal 0 0 1
    outer loop
      vertex 95.6709 -29.0185 7.2
      vertex 94.4341 -26.1754 7.2
      vertex 94.9671 -29.3233 7.2
    endloop
  endfacet
  facet normal 0 0 1
    outer loop
      vertex 94.9671 -29.3233 7.2
      vertex 94.4341 -26.1754 7.2
      vertex 94.8487 -29.3709 7.2
    endloop
  endfacet
  facet normal -0 0 1
    outer loop
      vertex 92.7517 -26.8296 7.2
      vertex 94.8487 -29.3709 7.2
      vertex 94.4341 -26.1754 7.2
    endloop
  endfacet
  facet normal 0 0 1
    outer loop
      vertex 94.8487 -29.3709 7.2
      vertex 92.7517 -26.8296 7.2
      vertex 94.1301 -29.6378 7.2
    endloop
  endfacet
  facet normal 0 0 1
    outer loop
      vertex 94.1301 -29.6378 7.2
      vertex 92.7517 -26.8296 7.2
      vertex 94.0098 -29.6788 7.2
    endloop
  endfacet
  facet normal 0 0 1
    outer loop
      vertex 94.0098 -29.6788 7.2
      vertex 92.7517 -26.8296 7.2
      vertex 93.2774 -29.9075 7.2
    endloop
  endfacet
  facet normal 0 0 1
    outer loop
      vertex 93.2774 -29.9075 7.2
      vertex 92.7517 -26.8296 7.2
      vertex 93.1567 -29.9417 7.2
    endloop
  endfacet
  facet normal 0 0 1
    outer loop
      vertex 92.7517 -26.8296 7.2
      vertex 92.4143 -30.1315 7.2
      vertex 93.1567 -29.9417 7.2
    endloop
  endfacet
  facet normal -0 0 1
    outer loop
      vertex 90.9983 -27.2587 7.2
      vertex 92.4143 -30.1315 7.2
      vertex 92.7517 -26.8296 7.2
    endloop
  endfacet
  facet normal 0 0 1
    outer loop
      vertex 92.4143 -30.1315 7.2
      vertex 90.9983 -27.2587 7.2
      vertex 92.2993 -30.1579 7.2
    endloop
  endfacet
  facet normal -0 0 1
    outer loop
      vertex 89.2039 -27.4552 7.2
      vertex 92.2993 -30.1579 7.2
      vertex 90.9983 -27.2587 7.2
    endloop
  endfacet
  facet normal 0 0 1
    outer loop
      vertex 87.3992 -27.4158 7.2
      vertex 92.2993 -30.1579 7.2
      vertex 89.2039 -27.4552 7.2
    endloop
  endfacet
  facet normal 0 0 1
    outer loop
      vertex 85.6151 -27.1412 7.2
      vertex 92.2993 -30.1579 7.2
      vertex 87.3992 -27.4158 7.2
    endloop
  endfacet
  facet normal 0 0 1
    outer loop
      vertex 83.8821 -26.6361 7.2
      vertex 92.2993 -30.1579 7.2
      vertex 85.6151 -27.1412 7.2
    endloop
  endfacet
  facet normal 0 0 1
    outer loop
      vertex 72.4137 -23.2144 7.2
      vertex 75.0116 -16.0647 7.2
      vertex 74.8151 -14.2703 7.2
    endloop
  endfacet
  facet normal 0 0 1
    outer loop
      vertex 72.4137 -23.2144 7.2
      vertex 75.4407 -17.8181 7.2
      vertex 75.0116 -16.0647 7.2
    endloop
  endfacet
  facet normal 0 0 1
    outer loop
      vertex 72.4137 -23.2144 7.2
      vertex 76.0949 -19.5005 7.2
      vertex 75.4407 -17.8181 7.2
    endloop
  endfacet
  facet normal 0 0 1
    outer loop
      vertex 72.4137 -23.2144 7.2
      vertex 76.9632 -21.0831 7.2
      vertex 76.0949 -19.5005 7.2
    endloop
  endfacet
  facet normal 0 0 1
    outer loop
      vertex 72.4137 -23.2144 7.2
      vertex 78.0305 -22.5388 7.2
      vertex 76.9632 -21.0831 7.2
    endloop
  endfacet
  facet normal -0 0 1
    outer loop
      vertex 72.4137 -23.2144 7.2
      vertex 79.2788 -23.8428 7.2
      vertex 78.0305 -22.5388 7.2
    endloop
  endfacet
  facet normal 0 0 1
    outer loop
      vertex 72.4137 -23.2144 7.2
      vertex 80.6866 -24.9726 7.2
      vertex 79.2788 -23.8428 7.2
    endloop
  endfacet
  facet normal 0 0 1
    outer loop
      vertex 72.4137 -23.2144 7.2
      vertex 82.2298 -25.9091 7.2
      vertex 80.6866 -24.9726 7.2
    endloop
  endfacet
  facet normal 0 0 1
    outer loop
      vertex 50.2795 -38.7247 7.2
      vertex 82.2298 -25.9091 7.2
      vertex 72.4137 -23.2144 7.2
    endloop
  endfacet
  facet normal 0 0 1
    outer loop
      vertex 82.2298 -25.9091 7.2
      vertex 50.2795 -38.7247 7.2
      vertex 83.8821 -26.6361 7.2
    endloop
  endfacet
  facet normal 0 0 1
    outer loop
      vertex 50.2795 -38.7247 7.2
      vertex 72.4137 -23.2144 7.2
      vertex 55.0613 -26.2741 7.2
    endloop
  endfacet
  facet normal 0 0 1
    outer loop
      vertex 54.6629 -26.3997 7.2
      vertex 55.0613 -26.2741 7.2
      vertex 54.858 -26.3239 7.2
    endloop
  endfacet
  facet normal 0 0 1
    outer loop
      vertex 55.0613 -26.2741 7.2
      vertex 54.6629 -26.3997 7.2
      vertex 50.2795 -38.7247 7.2
    endloop
  endfacet
  facet normal 0 0 1
    outer loop
      vertex 83.8821 -26.6361 7.2
      vertex 50.2795 -38.7247 7.2
      vertex 92.2993 -30.1579 7.2
    endloop
  endfacet
  facet normal 0 0 1
    outer loop
      vertex 54.6629 -26.3997 7.2
      vertex 50.2595 -38.7287 7.2
      vertex 50.2795 -38.7247 7.2
    endloop
  endfacet
  facet normal -0 0 1
    outer loop
      vertex 39.0353 -33.687 7.2
      vertex 50.2595 -38.7287 7.2
      vertex 54.6629 -26.3997 7.2
    endloop
  endfacet
  facet normal 0 0 1
    outer loop
      vertex 35.2296 -30.2913 7.2
      vertex 37.7081 -30.8408 7.2
      vertex 37.6075 -30.6573 7.2
    endloop
  endfacet
  facet normal 0 0 1
    outer loop
      vertex 35.2296 -30.2913 7.2
      vertex 37.6075 -30.6573 7.2
      vertex 37.4837 -30.4885 7.2
    endloop
  endfacet
  facet normal 0 0 1
    outer loop
      vertex 35.2296 -30.2913 7.2
      vertex 37.4837 -30.4885 7.2
      vertex 37.339 -30.3374 7.2
    endloop
  endfacet
  facet normal -0 0 1
    outer loop
      vertex 35.2296 -30.2913 7.2
      vertex 37.339 -30.3374 7.2
      vertex 37.1758 -30.2064 7.2
    endloop
  endfacet
  facet normal 0 0 1
    outer loop
      vertex 35.2296 -30.2913 7.2
      vertex 37.1758 -30.2064 7.2
      vertex 36.9968 -30.0978 7.2
    endloop
  endfacet
  facet normal 0 0 1
    outer loop
      vertex 35.2296 -30.2913 7.2
      vertex 36.9968 -30.0978 7.2
      vertex 36.8053 -30.0135 7.2
    endloop
  endfacet
  facet normal 0 0 1
    outer loop
      vertex 35.2296 -30.2913 7.2
      vertex 36.8053 -30.0135 7.2
      vertex 36.6043 -29.9549 7.2
    endloop
  endfacet
  facet normal 0 0 1
    outer loop
      vertex 35.2296 -30.2913 7.2
      vertex 36.6043 -29.9549 7.2
      vertex 36.3975 -29.9231 7.2
    endloop
  endfacet
  facet normal 0 0 1
    outer loop
      vertex 35.2296 -30.2913 7.2
      vertex 36.3975 -29.9231 7.2
      vertex 36.1882 -29.9185 7.2
    endloop
  endfacet
  facet normal 0 0 1
    outer loop
      vertex 35.2296 -30.2913 7.2
      vertex 36.1882 -29.9185 7.2
      vertex 35.9802 -29.9413 7.2
    endloop
  endfacet
  facet normal 0 0 1
    outer loop
      vertex 35.2296 -30.2913 7.2
      vertex 35.9802 -29.9413 7.2
      vertex 35.7769 -29.9911 7.2
    endloop
  endfacet
  facet normal 0 0 1
    outer loop
      vertex 35.2296 -30.2913 7.2
      vertex 35.7769 -29.9911 7.2
      vertex 35.5818 -30.0669 7.2
    endloop
  endfacet
  facet normal 0 0 1
    outer loop
      vertex 35.2296 -30.2913 7.2
      vertex 35.5818 -30.0669 7.2
      vertex 35.3983 -30.1676 7.2
    endloop
  endfacet
  facet normal 0 0 1
    outer loop
      vertex 37.7081 -30.8408 7.2
      vertex 35.2296 -30.2913 7.2
      vertex 39.0353 -33.687 7.2
    endloop
  endfacet
  facet normal 0 0 1
    outer loop
      vertex 39.0353 -33.687 7.2
      vertex 22.5058 -44.1414 7.2
      vertex 50.2595 -38.7287 7.2
    endloop
  endfacet
  facet normal 0 0 1
    outer loop
      vertex 22.2593 -41.1747 7.2
      vertex 39.0353 -33.687 7.2
      vertex 35.2296 -30.2913 7.2
    endloop
  endfacet
  facet normal 0 0 1
    outer loop
      vertex 39.0353 -33.687 7.2
      vertex 22.2593 -41.1747 7.2
      vertex 22.5058 -44.1414 7.2
    endloop
  endfacet
  facet normal 0 0 1
    outer loop
      vertex 22.2593 -41.1747 7.2
      vertex 22.0709 -44.1856 7.2
      vertex 22.5058 -44.1414 7.2
    endloop
  endfacet
  facet normal 0 0 1
    outer loop
      vertex 22.2593 -41.1747 7.2
      vertex 21.8752 -44.1876 7.2
      vertex 22.0709 -44.1856 7.2
    endloop
  endfacet
  facet normal 0 0 1
    outer loop
      vertex 22.2593 -41.1747 7.2
      vertex 21.8507 -44.1877 7.2
      vertex 21.8752 -44.1876 7.2
    endloop
  endfacet
  facet normal 0 0 1
    outer loop
      vertex 5.3 -44.1877 7.2
      vertex 22.2593 -41.1747 7.2
      vertex 11.9747 -28.918 7.2
    endloop
  endfacet
  facet normal -0 0 1
    outer loop
      vertex 5.3 47.4321 7.2
      vertex 20.3981 36.2465 7.2
      vertex 8.9 47.4321 7.2
    endloop
  endfacet
  facet normal 0 0 1
    outer loop
      vertex 20.3981 36.2465 7.2
      vertex 8.9 -25.7843 7.2
      vertex 11.9747 -28.918 7.2
    endloop
  endfacet
  facet normal 0 0 1
    outer loop
      vertex 8.9 -29.5843 7.2
      vertex 11.9747 -28.918 7.2
      vertex 8.9 -25.7843 7.2
    endloop
  endfacet
  facet normal 0 0 1
    outer loop
      vertex 5.3 -44.1877 7.2
      vertex 11.9747 -28.918 7.2
      vertex 8.9 -29.5843 7.2
    endloop
  endfacet
  facet normal 0 0 1
    outer loop
      vertex 5.3 -44.1877 7.2
      vertex 8.9 -29.5843 7.2
      vertex 5.3 -29.5843 7.2
    endloop
  endfacet
  facet normal 0 0 1
    outer loop
      vertex 22.2593 -41.1747 7.2
      vertex 5.3 -44.1877 7.2
      vertex 21.8507 -44.1877 7.2
    endloop
  endfacet
  facet normal 0 0 1
    outer loop
      vertex 121.553 -5.31964 7.2
      vertex 109.652 42.5917 7.2
      vertex 118.291 -6.40245 7.2
    endloop
  endfacet
  facet normal 0 0 1
    outer loop
      vertex 54.4044 -18.9778 7.2
      vertex 54.4226 -19.3951 7.2
      vertex 54.4272 -19.1859 7.2
    endloop
  endfacet
  facet normal 0 0 1
    outer loop
      vertex 54.4044 -18.9778 7.2
      vertex 54.3908 -19.602 7.2
      vertex 54.4226 -19.3951 7.2
    endloop
  endfacet
  facet normal 0 0 1
    outer loop
      vertex 54.4044 -18.9778 7.2
      vertex 54.3322 -19.8029 7.2
      vertex 54.3908 -19.602 7.2
    endloop
  endfacet
  facet normal 0 0 1
    outer loop
      vertex 54.4044 -18.9778 7.2
      vertex 54.2479 -19.9945 7.2
      vertex 54.3322 -19.8029 7.2
    endloop
  endfacet
  facet normal 0 0 1
    outer loop
      vertex 54.4044 -18.9778 7.2
      vertex 54.1393 -20.1734 7.2
      vertex 54.2479 -19.9945 7.2
    endloop
  endfacet
  facet normal 0 0 1
    outer loop
      vertex 54.4044 -18.9778 7.2
      vertex 54.0083 -20.3366 7.2
      vertex 54.1393 -20.1734 7.2
    endloop
  endfacet
  facet normal 0 0 1
    outer loop
      vertex 54.4044 -18.9778 7.2
      vertex 53.8572 -20.4813 7.2
      vertex 54.0083 -20.3366 7.2
    endloop
  endfacet
  facet normal 0 0 1
    outer loop
      vertex 54.4044 -18.9778 7.2
      vertex 53.6884 -20.6051 7.2
      vertex 53.8572 -20.4813 7.2
    endloop
  endfacet
  facet normal 0 0 1
    outer loop
      vertex 54.4044 -18.9778 7.2
      vertex 53.5049 -20.7058 7.2
      vertex 53.6884 -20.6051 7.2
    endloop
  endfacet
  facet normal 0 0 1
    outer loop
      vertex 54.4044 -18.9778 7.2
      vertex 53.3098 -20.7816 7.2
      vertex 53.5049 -20.7058 7.2
    endloop
  endfacet
  facet normal 0 0 1
    outer loop
      vertex 54.4044 -18.9778 7.2
      vertex 53.1065 -20.8314 7.2
      vertex 53.3098 -20.7816 7.2
    endloop
  endfacet
  facet normal 0 0 1
    outer loop
      vertex 54.4044 -18.9778 7.2
      vertex 52.8985 -20.8541 7.2
      vertex 53.1065 -20.8314 7.2
    endloop
  endfacet
  facet normal 0 0 1
    outer loop
      vertex 51.3786 -19.9319 7.2
      vertex 54.4044 -18.9778 7.2
      vertex 52.8936 -10.4095 7.2
    endloop
  endfacet
  facet normal 0 0 1
    outer loop
      vertex 54.4044 -18.9778 7.2
      vertex 52.6892 -20.8496 7.2
      vertex 52.8985 -20.8541 7.2
    endloop
  endfacet
  facet normal 0 0 1
    outer loop
      vertex 35.1093 -25.3966 7.2
      vertex 35.1275 -25.8139 7.2
      vertex 35.1321 -25.6047 7.2
    endloop
  endfacet
  facet normal 0 0 1
    outer loop
      vertex 35.1093 -25.3966 7.2
      vertex 35.0957 -26.0208 7.2
      vertex 35.1275 -25.8139 7.2
    endloop
  endfacet
  facet normal 0 0 1
    outer loop
      vertex 35.0596 -25.1933 7.2
      vertex 35.0957 -26.0208 7.2
      vertex 35.1093 -25.3966 7.2
    endloop
  endfacet
  facet normal 0 0 1
    outer loop
      vertex 35.0596 -25.1933 7.2
      vertex 35.0371 -26.2217 7.2
      vertex 35.0957 -26.0208 7.2
    endloop
  endfacet
  facet normal 0 0 1
    outer loop
      vertex 34.9837 -24.9983 7.2
      vertex 35.0371 -26.2217 7.2
      vertex 35.0596 -25.1933 7.2
    endloop
  endfacet
  facet normal 0 0 1
    outer loop
      vertex 34.9837 -24.9983 7.2
      vertex 34.9528 -26.4133 7.2
      vertex 35.0371 -26.2217 7.2
    endloop
  endfacet
  facet normal 0 0 1
    outer loop
      vertex 34.9837 -24.9983 7.2
      vertex 34.8442 -26.5922 7.2
      vertex 34.9528 -26.4133 7.2
    endloop
  endfacet
  facet normal 0 0 1
    outer loop
      vertex 34.9837 -24.9983 7.2
      vertex 34.7132 -26.7554 7.2
      vertex 34.8442 -26.5922 7.2
    endloop
  endfacet
  facet normal 0 0 1
    outer loop
      vertex 34.9837 -24.9983 7.2
      vertex 34.5621 -26.9001 7.2
      vertex 34.7132 -26.7554 7.2
    endloop
  endfacet
  facet normal 0 0 1
    outer loop
      vertex 34.9837 -24.9983 7.2
      vertex 34.3933 -27.0239 7.2
      vertex 34.5621 -26.9001 7.2
    endloop
  endfacet
  facet normal 0 0 1
    outer loop
      vertex 34.9837 -24.9983 7.2
      vertex 34.2098 -27.1246 7.2
      vertex 34.3933 -27.0239 7.2
    endloop
  endfacet
  facet normal 0 0 1
    outer loop
      vertex 34.9837 -24.9983 7.2
      vertex 34.0147 -27.2004 7.2
      vertex 34.2098 -27.1246 7.2
    endloop
  endfacet
  facet normal 0 0 1
    outer loop
      vertex 34.9837 -24.9983 7.2
      vertex 33.8114 -27.2502 7.2
      vertex 34.0147 -27.2004 7.2
    endloop
  endfacet
  facet normal 0 0 1
    outer loop
      vertex 34.9837 -24.9983 7.2
      vertex 33.6034 -27.273 7.2
      vertex 33.8114 -27.2502 7.2
    endloop
  endfacet
  facet normal 0 0 1
    outer loop
      vertex 34.9837 -24.9983 7.2
      vertex 33.3941 -27.2684 7.2
      vertex 33.6034 -27.273 7.2
    endloop
  endfacet
  facet normal 0 0 1
    outer loop
      vertex 34.9837 -24.9983 7.2
      vertex 33.1873 -27.2365 7.2
      vertex 33.3941 -27.2684 7.2
    endloop
  endfacet
  facet normal 0 0 1
    outer loop
      vertex 34.9837 -24.9983 7.2
      vertex 32.9864 -27.178 7.2
      vertex 33.1873 -27.2365 7.2
    endloop
  endfacet
  facet normal 0 0 1
    outer loop
      vertex 34.9837 -24.9983 7.2
      vertex 32.7948 -27.0937 7.2
      vertex 32.9864 -27.178 7.2
    endloop
  endfacet
  facet normal 0 0 1
    outer loop
      vertex 34.9837 -24.9983 7.2
      vertex 32.6159 -26.9851 7.2
      vertex 32.7948 -27.0937 7.2
    endloop
  endfacet
  facet normal 0 0 1
    outer loop
      vertex 34.9837 -24.9983 7.2
      vertex 32.4527 -26.8541 7.2
      vertex 32.6159 -26.9851 7.2
    endloop
  endfacet
  facet normal 0 0 1
    outer loop
      vertex 34.9837 -24.9983 7.2
      vertex 32.3079 -26.7029 7.2
      vertex 32.4527 -26.8541 7.2
    endloop
  endfacet
  facet normal 0 0 1
    outer loop
      vertex 32.2734 -19.1861 7.2
      vertex 32.3079 -26.7029 7.2
      vertex 34.9837 -24.9983 7.2
    endloop
  endfacet
  facet normal -0 0 1
    outer loop
      vertex 24.9974 -17.9906 7.2
      vertex 32.2734 -19.1861 7.2
      vertex 29.0806 -12.9939 7.2
    endloop
  endfacet
  facet normal 0 0 1
    outer loop
      vertex 32.2734 -19.1861 7.2
      vertex 24.9974 -17.9906 7.2
      vertex 32.3079 -26.7029 7.2
    endloop
  endfacet
  facet normal 0 0 1
    outer loop
      vertex 20.3981 36.2465 7.2
      vertex 24.9974 -17.9906 7.2
      vertex 29.0806 -12.9939 7.2
    endloop
  endfacet
  facet normal 0 0 1
    outer loop
      vertex 24.9974 -17.9906 7.2
      vertex 20.3981 36.2465 7.2
      vertex 11.9747 -28.918 7.2
    endloop
  endfacet
  facet normal 0.973543 -0.228502 0
    outer loop
      vertex 121.084 -8.77249 7.2
      vertex 121.121 -8.61485 0
      vertex 121.121 -8.61485 7.2
    endloop
  endfacet
  facet normal 0.973543 -0.228502 0
    outer loop
      vertex 121.121 -8.61485 0
      vertex 121.084 -8.77249 7.2
      vertex 121.084 -8.77249 0
    endloop
  endfacet
  facet normal 0.986719 -0.16244 0
    outer loop
      vertex 121.532 -6.60803 7.2
      vertex 121.564 -6.41365 0
      vertex 121.564 -6.41365 7.2
    endloop
  endfacet
  facet normal 0.986719 -0.16244 0
    outer loop
      vertex 121.564 -6.41365 0
      vertex 121.532 -6.60803 7.2
      vertex 121.532 -6.60803 0
    endloop
  endfacet
  facet normal 0.0040816 -0.999992 0
    outer loop
      vertex 21.8507 -44.1877 0
      vertex 21.8752 -44.1876 7.2
      vertex 21.8507 -44.1877 7.2
    endloop
  endfacet
  facet normal 0.0040816 -0.999992 0
    outer loop
      vertex 21.8752 -44.1876 7.2
      vertex 21.8507 -44.1877 0
      vertex 21.8752 -44.1876 0
    endloop
  endfacet
  facet normal 0.996117 -0.0880406 0
    outer loop
      vertex 121.587 -6.2186 7.2
      vertex 121.601 -6.0602 0
      vertex 121.601 -6.0602 7.2
    endloop
  endfacet
  facet normal 0.996117 -0.0880406 0
    outer loop
      vertex 121.601 -6.0602 0
      vertex 121.587 -6.2186 7.2
      vertex 121.587 -6.2186 0
    endloop
  endfacet
  facet normal 0.974816 0.223011 0
    outer loop
      vertex 109.502 63.026 7.2
      vertex 109.45 63.2533 0
      vertex 109.45 63.2533 7.2
    endloop
  endfacet
  facet normal 0.974816 0.223011 0
    outer loop
      vertex 109.45 63.2533 0
      vertex 109.502 63.026 7.2
      vertex 109.502 63.026 0
    endloop
  endfacet
  facet normal 0.893311 -0.44944 0
    outer loop
      vertex 120.764 -9.59865 7.2
      vertex 120.856 -9.41579 0
      vertex 120.856 -9.41579 7.2
    endloop
  endfacet
  facet normal 0.893311 -0.44944 0
    outer loop
      vertex 120.856 -9.41579 0
      vertex 120.764 -9.59865 7.2
      vertex 120.764 -9.59865 0
    endloop
  endfacet
  facet normal 0.993119 -0.117107 0
    outer loop
      vertex 121.564 -6.41365 7.2
      vertex 121.587 -6.2186 0
      vertex 121.587 -6.2186 7.2
    endloop
  endfacet
  facet normal 0.993119 -0.117107 0
    outer loop
      vertex 121.587 -6.2186 0
      vertex 121.564 -6.41365 7.2
      vertex 121.564 -6.41365 0
    endloop
  endfacet
  facet normal 0 0 -1
    outer loop
      vertex 5.3 -25.7843 0
      vertex 8.9 47.4321 0
      vertex 8.9 -25.7843 0
    endloop
  endfacet
  facet normal -0 0 -1
    outer loop
      vertex 8.9 47.4321 0
      vertex 5.3 -25.7843 0
      vertex 5.3 47.4321 0
    endloop
  endfacet
  facet normal 0 0 -1
    outer loop
      vertex 121.587 -6.2186 0
      vertex 119.598 -6.01257 0
      vertex 119.6 -5.98541 0
    endloop
  endfacet
  facet normal 0 0 -1
    outer loop
      vertex 119.861 -10.6577 0
      vertex 119.583 -6.1337 0
      vertex 119.598 -6.01257 0
    endloop
  endfacet
  facet normal 0 0 -1
    outer loop
      vertex 119.861 -10.6577 0
      vertex 119.565 -6.24707 0
      vertex 119.583 -6.1337 0
    endloop
  endfacet
  facet normal 0 0 -1
    outer loop
      vertex 119.861 -10.6577 0
      vertex 119.169 -8.18102 0
      vertex 119.565 -6.24707 0
    endloop
  endfacet
  facet normal 0 0 -1
    outer loop
      vertex 119.861 -10.6577 0
      vertex 119.147 -8.27255 0
      vertex 119.169 -8.18102 0
    endloop
  endfacet
  facet normal 0 0 -1
    outer loop
      vertex 119.861 -10.6577 0
      vertex 119.119 -8.37442 0
      vertex 119.147 -8.27255 0
    endloop
  endfacet
  facet normal 0 0 -1
    outer loop
      vertex 119.861 -10.6577 0
      vertex 119.07 -8.5148 0
      vertex 119.119 -8.37442 0
    endloop
  endfacet
  facet normal 0 0 -1
    outer loop
      vertex 119.861 -10.6577 0
      vertex 119.057 -8.54263 0
      vertex 119.07 -8.5148 0
    endloop
  endfacet
  facet normal 0 0 -1
    outer loop
      vertex 119.861 -10.6577 0
      vertex 119.009 -8.63623 0
      vertex 119.057 -8.54263 0
    endloop
  endfacet
  facet normal 0 0 -1
    outer loop
      vertex 119.861 -10.6577 0
      vertex 118.935 -8.76216 0
      vertex 119.009 -8.63623 0
    endloop
  endfacet
  facet normal 0 0 -1
    outer loop
      vertex 119.861 -10.6577 0
      vertex 118.913 -8.79218 0
      vertex 118.935 -8.76216 0
    endloop
  endfacet
  facet normal 0 0 -1
    outer loop
      vertex 119.861 -10.6577 0
      vertex 118.849 -8.87143 0
      vertex 118.913 -8.79218 0
    endloop
  endfacet
  facet normal 0 0 -1
    outer loop
      vertex 119.861 -10.6577 0
      vertex 118.752 -8.97801 0
      vertex 118.849 -8.87143 0
    endloop
  endfacet
  facet normal 0 0 -1
    outer loop
      vertex 119.861 -10.6577 0
      vertex 118.72 -9.00722 0
      vertex 118.752 -8.97801 0
    endloop
  endfacet
  facet normal 0 0 -1
    outer loop
      vertex 119.861 -10.6577 0
      vertex 118.6 -9.10522 0
      vertex 118.72 -9.00722 0
    endloop
  endfacet
  facet normal 0 0 -1
    outer loop
      vertex 119.816 -10.6938 0
      vertex 118.574 -9.1266 0
      vertex 118.6 -9.10522 0
    endloop
  endfacet
  facet normal 0 0 -1
    outer loop
      vertex 98.8212 -27.1283 0
      vertex 118.574 -9.1266 0
      vertex 119.816 -10.6938 0
    endloop
  endfacet
  facet normal 0 0 -1
    outer loop
      vertex 97.6055 -25.54 0
      vertex 98.8212 -27.1283 0
      vertex 98.7377 -27.1907 0
    endloop
  endfacet
  facet normal 0 0 -1
    outer loop
      vertex 97.5571 -25.5762 0
      vertex 98.7377 -27.1907 0
      vertex 98.1137 -27.6369 0
    endloop
  endfacet
  facet normal 0 0 -1
    outer loop
      vertex 96.9721 -25.9945 0
      vertex 98.1137 -27.6369 0
      vertex 98.0067 -27.7091 0
    endloop
  endfacet
  facet normal 0 0 -1
    outer loop
      vertex 98.8212 -27.1283 0
      vertex 97.6055 -25.54 0
      vertex 118.574 -9.1266 0
    endloop
  endfacet
  facet normal 0 0 -1
    outer loop
      vertex 98.7377 -27.1907 0
      vertex 97.5571 -25.5762 0
      vertex 97.6055 -25.54 0
    endloop
  endfacet
  facet normal 0 0 -1
    outer loop
      vertex 96.9101 -26.0364 0
      vertex 98.0067 -27.7091 0
      vertex 97.3603 -28.1206 0
    endloop
  endfacet
  facet normal 0 0 -1
    outer loop
      vertex 96.3079 -26.4197 0
      vertex 97.3603 -28.1206 0
      vertex 97.2532 -28.185 0
    endloop
  endfacet
  facet normal 0 0 -1
    outer loop
      vertex 98.1137 -27.6369 0
      vertex 96.9721 -25.9945 0
      vertex 97.5571 -25.5762 0
    endloop
  endfacet
  facet normal 0 0 -1
    outer loop
      vertex 98.0067 -27.7091 0
      vertex 96.9101 -26.0364 0
      vertex 96.9721 -25.9945 0
    endloop
  endfacet
  facet normal 0 0 -1
    outer loop
      vertex 96.246 -26.4569 0
      vertex 97.2532 -28.185 0
      vertex 96.5856 -28.5626 0
    endloop
  endfacet
  facet normal 0 0 -1
    outer loop
      vertex 95.6236 -26.809 0
      vertex 96.5856 -28.5626 0
      vertex 96.4748 -28.6216 0
    endloop
  endfacet
  facet normal 0 0 -1
    outer loop
      vertex 97.3603 -28.1206 0
      vertex 96.3079 -26.4197 0
      vertex 96.9101 -26.0364 0
    endloop
  endfacet
  facet normal 0 0 -1
    outer loop
      vertex 97.2532 -28.185 0
      vertex 96.246 -26.4569 0
      vertex 96.3079 -26.4197 0
    endloop
  endfacet
  facet normal 0 0 -1
    outer loop
      vertex 95.5592 -26.8432 0
      vertex 96.4748 -28.6216 0
      vertex 95.7878 -28.9641 0
    endloop
  endfacet
  facet normal 0 0 -1
    outer loop
      vertex 94.9196 -27.1621 0
      vertex 95.7878 -28.9641 0
      vertex 95.6709 -29.0185 0
    endloop
  endfacet
  facet normal 0 0 -1
    outer loop
      vertex 96.5856 -28.5626 0
      vertex 95.6236 -26.809 0
      vertex 96.246 -26.4569 0
    endloop
  endfacet
  facet normal 0 0 -1
    outer loop
      vertex 96.4748 -28.6216 0
      vertex 95.5592 -26.8432 0
      vertex 95.6236 -26.809 0
    endloop
  endfacet
  facet normal 0 0 -1
    outer loop
      vertex 94.851 -27.1941 0
      vertex 95.6709 -29.0185 0
      vertex 94.9671 -29.3233 0
    endloop
  endfacet
  facet normal 0 0 -1
    outer loop
      vertex 95.7878 -28.9641 0
      vertex 94.9196 -27.1621 0
      vertex 95.5592 -26.8432 0
    endloop
  endfacet
  facet normal 0 0 -1
    outer loop
      vertex 95.6709 -29.0185 0
      vertex 94.851 -27.1941 0
      vertex 94.9196 -27.1621 0
    endloop
  endfacet
  facet normal 0 0 -1
    outer loop
      vertex 94.1967 -27.4774 0
      vertex 94.9671 -29.3233 0
      vertex 94.8487 -29.3709 0
    endloop
  endfacet
  facet normal 0 0 -1
    outer loop
      vertex 94.9671 -29.3233 0
      vertex 94.1967 -27.4774 0
      vertex 94.851 -27.1941 0
    endloop
  endfacet
  facet normal 0 0 -1
    outer loop
      vertex 94.1273 -27.5054 0
      vertex 94.8487 -29.3709 0
      vertex 94.1301 -29.6378 0
    endloop
  endfacet
  facet normal 0 0 -1
    outer loop
      vertex 94.8487 -29.3709 0
      vertex 94.1273 -27.5054 0
      vertex 94.1967 -27.4774 0
    endloop
  endfacet
  facet normal 0 0 -1
    outer loop
      vertex 93.4591 -27.7535 0
      vertex 94.1301 -29.6378 0
      vertex 94.0098 -29.6788 0
    endloop
  endfacet
  facet normal 0 0 -1
    outer loop
      vertex 94.1301 -29.6378 0
      vertex 93.4591 -27.7535 0
      vertex 94.1273 -27.5054 0
    endloop
  endfacet
  facet normal 0 0 -1
    outer loop
      vertex 94.0098 -29.6788 0
      vertex 93.3885 -27.7776 0
      vertex 93.4591 -27.7535 0
    endloop
  endfacet
  facet normal 0 0 -1
    outer loop
      vertex 93.2774 -29.9075 0
      vertex 93.3885 -27.7776 0
      vertex 94.0098 -29.6788 0
    endloop
  endfacet
  facet normal 0 0 -1
    outer loop
      vertex 92.7061 -27.9907 0
      vertex 93.2774 -29.9075 0
      vertex 93.1567 -29.9417 0
    endloop
  endfacet
  facet normal 0 0 -1
    outer loop
      vertex 93.2774 -29.9075 0
      vertex 92.7061 -27.9907 0
      vertex 93.3885 -27.7776 0
    endloop
  endfacet
  facet normal 0 0 -1
    outer loop
      vertex 93.1567 -29.9417 0
      vertex 92.6364 -28.0104 0
      vertex 92.7061 -27.9907 0
    endloop
  endfacet
  facet normal 0 0 -1
    outer loop
      vertex 92.4143 -30.1315 0
      vertex 92.6364 -28.0104 0
      vertex 93.1567 -29.9417 0
    endloop
  endfacet
  facet normal 0 0 -1
    outer loop
      vertex 91.9424 -28.1879 0
      vertex 92.4143 -30.1315 0
      vertex 92.2993 -30.1579 0
    endloop
  endfacet
  facet normal 0 0 -1
    outer loop
      vertex 92.4143 -30.1315 0
      vertex 91.9424 -28.1879 0
      vertex 92.6364 -28.0104 0
    endloop
  endfacet
  facet normal 0 0 -1
    outer loop
      vertex 92.2993 -30.1579 0
      vertex 91.8757 -28.2032 0
      vertex 91.9424 -28.1879 0
    endloop
  endfacet
  facet normal 0 0 -1
    outer loop
      vertex 50.2795 -38.7247 0
      vertex 91.8757 -28.2032 0
      vertex 92.2993 -30.1579 0
    endloop
  endfacet
  facet normal 0 0 -1
    outer loop
      vertex 49.8852 -36.764 0
      vertex 50.2795 -38.7247 0
      vertex 50.2595 -38.7287 0
    endloop
  endfacet
  facet normal 0 0 -1
    outer loop
      vertex 50.2795 -38.7247 0
      vertex 49.8852 -36.764 0
      vertex 91.8757 -28.2032 0
    endloop
  endfacet
  facet normal 0 0 -1
    outer loop
      vertex 50.2595 -38.7287 0
      vertex 49.8701 -36.767 0
      vertex 49.8852 -36.764 0
    endloop
  endfacet
  facet normal 0 0 -1
    outer loop
      vertex 22.2126 -42.1609 0
      vertex 50.2595 -38.7287 0
      vertex 22.5058 -44.1414 0
    endloop
  endfacet
  facet normal -0 0 -1
    outer loop
      vertex 50.2595 -38.7287 0
      vertex 22.2126 -42.1609 0
      vertex 49.8701 -36.767 0
    endloop
  endfacet
  facet normal 0 0 -1
    outer loop
      vertex 22.0709 -44.1856 0
      vertex 22.2126 -42.1609 0
      vertex 22.5058 -44.1414 0
    endloop
  endfacet
  facet normal 0 0 -1
    outer loop
      vertex 22.0709 -44.1856 0
      vertex 21.9591 -42.1867 0
      vertex 22.2126 -42.1609 0
    endloop
  endfacet
  facet normal 0 0 -1
    outer loop
      vertex 21.8752 -44.1876 0
      vertex 21.9591 -42.1867 0
      vertex 22.0709 -44.1856 0
    endloop
  endfacet
  facet normal 0 0 -1
    outer loop
      vertex 21.8752 -44.1876 0
      vertex 21.8594 -42.1877 0
      vertex 21.9591 -42.1867 0
    endloop
  endfacet
  facet normal 0 0 -1
    outer loop
      vertex 21.8507 -44.1877 0
      vertex 21.8594 -42.1877 0
      vertex 21.8752 -44.1876 0
    endloop
  endfacet
  facet normal 0 0 -1
    outer loop
      vertex 21.8507 -44.1877 0
      vertex 21.8469 -42.1877 0
      vertex 21.8594 -42.1877 0
    endloop
  endfacet
  facet normal 0 0 -1
    outer loop
      vertex 21.8507 -44.1877 0
      vertex 10.9 -42.1877 0
      vertex 21.8469 -42.1877 0
    endloop
  endfacet
  facet normal 0 0 -1
    outer loop
      vertex 8.9 -25.7843 0
      vertex 10.9 -42.1877 0
      vertex 8.9 -29.5843 0
    endloop
  endfacet
  facet normal 0 0 -1
    outer loop
      vertex 5.3 -44.1877 0
      vertex 10.9 -42.1877 0
      vertex 21.8507 -44.1877 0
    endloop
  endfacet
  facet normal 0 0 -1
    outer loop
      vertex 5.3 -29.5843 0
      vertex 10.9 -42.1877 0
      vertex 5.3 -44.1877 0
    endloop
  endfacet
  facet normal 0 0 -1
    outer loop
      vertex 10.9 -42.1877 0
      vertex 5.3 -29.5843 0
      vertex 8.9 -29.5843 0
    endloop
  endfacet
  facet normal 0 0 -1
    outer loop
      vertex 119.6 -5.98541 0
      vertex 121.601 -6.0602 0
      vertex 121.587 -6.2186 0
    endloop
  endfacet
  facet normal 0 0 -1
    outer loop
      vertex 121.601 -6.0602 0
      vertex 119.6 -5.98541 0
      vertex 121.597 -5.74629 0
    endloop
  endfacet
  facet normal 0 0 -1
    outer loop
      vertex 119.598 -6.01257 0
      vertex 121.587 -6.2186 0
      vertex 121.564 -6.41365 0
    endloop
  endfacet
  facet normal 0 0 -1
    outer loop
      vertex 119.598 -5.83545 0
      vertex 121.597 -5.74629 0
      vertex 119.6 -5.98541 0
    endloop
  endfacet
  facet normal 0 0 -1
    outer loop
      vertex 119.598 -6.01257 0
      vertex 121.564 -6.41365 0
      vertex 121.532 -6.60803 0
    endloop
  endfacet
  facet normal 0 0 -1
    outer loop
      vertex 119.598 -6.01257 0
      vertex 121.532 -6.60803 0
      vertex 121.121 -8.61485 0
    endloop
  endfacet
  facet normal 0 0 -1
    outer loop
      vertex 119.598 -6.01257 0
      vertex 121.121 -8.61485 0
      vertex 121.084 -8.77249 0
    endloop
  endfacet
  facet normal 0 0 -1
    outer loop
      vertex 119.598 -6.01257 0
      vertex 121.084 -8.77249 0
      vertex 121.029 -8.96996 0
    endloop
  endfacet
  facet normal 0 0 -1
    outer loop
      vertex 119.598 -6.01257 0
      vertex 121.029 -8.96996 0
      vertex 120.926 -9.26645 0
    endloop
  endfacet
  facet normal 0 0 -1
    outer loop
      vertex 119.598 -6.01257 0
      vertex 120.926 -9.26645 0
      vertex 120.856 -9.41579 0
    endloop
  endfacet
  facet normal 0 0 -1
    outer loop
      vertex 119.598 -6.01257 0
      vertex 120.856 -9.41579 0
      vertex 120.764 -9.59865 0
    endloop
  endfacet
  facet normal 0 0 -1
    outer loop
      vertex 120.499 -10.0104 0
      vertex 120.764 -9.59865 0
      vertex 120.604 -9.8688 0
    endloop
  endfacet
  facet normal 0 0 -1
    outer loop
      vertex 119.598 -6.01257 0
      vertex 120.764 -9.59865 0
      vertex 120.499 -10.0104 0
    endloop
  endfacet
  facet normal 0 0 -1
    outer loop
      vertex 119.598 -6.01257 0
      vertex 120.499 -10.0104 0
      vertex 120.372 -10.1699 0
    endloop
  endfacet
  facet normal 0 0 -1
    outer loop
      vertex 120.02 -10.5271 0
      vertex 120.372 -10.1699 0
      vertex 120.161 -10.402 0
    endloop
  endfacet
  facet normal 0 0 -1
    outer loop
      vertex 119.598 -6.01257 0
      vertex 120.372 -10.1699 0
      vertex 120.02 -10.5271 0
    endloop
  endfacet
  facet normal 0 0 -1
    outer loop
      vertex 119.598 -6.01257 0
      vertex 120.02 -10.5271 0
      vertex 119.861 -10.6577 0
    endloop
  endfacet
  facet normal 0 0 -1
    outer loop
      vertex 118.6 -9.10522 0
      vertex 119.861 -10.6577 0
      vertex 119.816 -10.6938 0
    endloop
  endfacet
  facet normal -0 0 -1
    outer loop
      vertex 121.597 -5.74629 0
      vertex 119.598 -5.83545 0
      vertex 121.582 -5.55096 0
    endloop
  endfacet
  facet normal 0 0 -1
    outer loop
      vertex 119.592 -5.75388 0
      vertex 121.582 -5.55096 0
      vertex 119.598 -5.83545 0
    endloop
  endfacet
  facet normal -0 0 -1
    outer loop
      vertex 121.582 -5.55096 0
      vertex 119.592 -5.75388 0
      vertex 121.553 -5.31964 0
    endloop
  endfacet
  facet normal 0 0 -1
    outer loop
      vertex 119.575 -5.61922 0
      vertex 121.553 -5.31964 0
      vertex 119.592 -5.75388 0
    endloop
  endfacet
  facet normal 0 0 -1
    outer loop
      vertex 119.575 -5.61922 0
      vertex 109.502 63.026 0
      vertex 121.553 -5.31964 0
    endloop
  endfacet
  facet normal 0 0 -1
    outer loop
      vertex 107.54 62.6307 0
      vertex 109.502 63.026 0
      vertex 119.575 -5.61922 0
    endloop
  endfacet
  facet normal -0 0 -1
    outer loop
      vertex 109.502 63.026 0
      vertex 107.54 62.6307 0
      vertex 109.45 63.2533 0
    endloop
  endfacet
  facet normal 0 0 -1
    outer loop
      vertex 107.51 62.7637 0
      vertex 109.45 63.2533 0
      vertex 107.54 62.6307 0
    endloop
  endfacet
  facet normal -0 0 -1
    outer loop
      vertex 109.45 63.2533 0
      vertex 107.51 62.7637 0
      vertex 109.397 63.4421 0
    endloop
  endfacet
  facet normal 0 0 -1
    outer loop
      vertex 107.48 62.8733 0
      vertex 109.397 63.4421 0
      vertex 107.51 62.7637 0
    endloop
  endfacet
  facet normal 0 0 -1
    outer loop
      vertex 107.472 62.8993 0
      vertex 109.397 63.4421 0
      vertex 107.48 62.8733 0
    endloop
  endfacet
  facet normal -0 0 -1
    outer loop
      vertex 109.397 63.4421 0
      vertex 107.472 62.8993 0
      vertex 109.35 63.5938 0
    endloop
  endfacet
  facet normal -0 0 -1
    outer loop
      vertex 109.35 63.5938 0
      vertex 107.472 62.8993 0
      vertex 109.226 63.8825 0
    endloop
  endfacet
  facet normal 0 0 -1
    outer loop
      vertex 107.413 63.0373 0
      vertex 109.226 63.8825 0
      vertex 107.472 62.8993 0
    endloop
  endfacet
  facet normal -0 0 -1
    outer loop
      vertex 109.226 63.8825 0
      vertex 107.413 63.0373 0
      vertex 109.138 64.0578 0
    endloop
  endfacet
  facet normal 0 0 -1
    outer loop
      vertex 107.369 63.1235 0
      vertex 109.138 64.0578 0
      vertex 107.413 63.0373 0
    endloop
  endfacet
  facet normal 0 0 -1
    outer loop
      vertex 107.355 63.1496 0
      vertex 109.138 64.0578 0
      vertex 107.369 63.1235 0
    endloop
  endfacet
  facet normal -0 0 -1
    outer loop
      vertex 109.138 64.0578 0
      vertex 107.355 63.1496 0
      vertex 109.059 64.2006 0
    endloop
  endfacet
  facet normal -0 0 -1
    outer loop
      vertex 109.059 64.2006 0
      vertex 107.355 63.1496 0
      vertex 108.881 64.4593 0
    endloop
  endfacet
  facet normal 0 0 -1
    outer loop
      vertex 107.27 63.2722 0
      vertex 108.881 64.4593 0
      vertex 107.355 63.1496 0
    endloop
  endfacet
  facet normal 0 0 -1
    outer loop
      vertex 107.249 63.2988 0
      vertex 108.881 64.4593 0
      vertex 107.27 63.2722 0
    endloop
  endfacet
  facet normal -0 0 -1
    outer loop
      vertex 108.881 64.4593 0
      vertex 107.249 63.2988 0
      vertex 108.76 64.6136 0
    endloop
  endfacet
  facet normal -0 0 -1
    outer loop
      vertex 108.76 64.6136 0
      vertex 107.249 63.2988 0
      vertex 108.437 64.9496 0
    endloop
  endfacet
  facet normal 0 0 -1
    outer loop
      vertex 107.062 63.4944 0
      vertex 108.437 64.9496 0
      vertex 107.249 63.2988 0
    endloop
  endfacet
  facet normal -0 0 -1
    outer loop
      vertex 108.437 64.9496 0
      vertex 107.062 63.4944 0
      vertex 108.289 65.0768 0
    endloop
  endfacet
  facet normal 0 0 -1
    outer loop
      vertex 107.061 63.4946 0
      vertex 108.289 65.0768 0
      vertex 107.062 63.4944 0
    endloop
  endfacet
  facet normal -0 0 -1
    outer loop
      vertex 108.289 65.0768 0
      vertex 107.061 63.4946 0
      vertex 107.905 65.3457 0
    endloop
  endfacet
  facet normal 0 0 -1
    outer loop
      vertex 106.838 63.6512 0
      vertex 107.905 65.3457 0
      vertex 107.061 63.4946 0
    endloop
  endfacet
  facet normal 0 0 -1
    outer loop
      vertex 106.838 63.6513 0
      vertex 107.905 65.3457 0
      vertex 106.838 63.6512 0
    endloop
  endfacet
  facet normal -0 0 -1
    outer loop
      vertex 107.905 65.3457 0
      vertex 106.838 63.6513 0
      vertex 107.734 65.4416 0
    endloop
  endfacet
  facet normal -0 0 -1
    outer loop
      vertex 107.734 65.4416 0
      vertex 106.838 63.6513 0
      vertex 107.309 65.6296 0
    endloop
  endfacet
  facet normal 0 0 -1
    outer loop
      vertex 106.589 63.7608 0
      vertex 107.309 65.6296 0
      vertex 106.838 63.6513 0
    endloop
  endfacet
  facet normal -0 0 -1
    outer loop
      vertex 107.309 65.6296 0
      vertex 106.589 63.7608 0
      vertex 107.122 65.6912 0
    endloop
  endfacet
  facet normal 0 0 -1
    outer loop
      vertex 106.528 63.7812 0
      vertex 107.122 65.6912 0
      vertex 106.589 63.7608 0
    endloop
  endfacet
  facet normal 0 0 -1
    outer loop
      vertex 106.499 63.7896 0
      vertex 107.122 65.6912 0
      vertex 106.528 63.7812 0
    endloop
  endfacet
  facet normal -0 0 -1
    outer loop
      vertex 107.122 65.6912 0
      vertex 106.499 63.7896 0
      vertex 106.966 65.737 0
    endloop
  endfacet
  facet normal -0 0 -1
    outer loop
      vertex 106.966 65.737 0
      vertex 106.499 63.7896 0
      vertex 106.657 65.7948 0
    endloop
  endfacet
  facet normal 0 0 -1
    outer loop
      vertex 106.353 63.817 0
      vertex 106.657 65.7948 0
      vertex 106.499 63.7896 0
    endloop
  endfacet
  facet normal -0 0 -1
    outer loop
      vertex 106.657 65.7948 0
      vertex 106.353 63.817 0
      vertex 106.462 65.8183 0
    endloop
  endfacet
  facet normal 0 0 -1
    outer loop
      vertex 106.282 63.8255 0
      vertex 106.462 65.8183 0
      vertex 106.353 63.817 0
    endloop
  endfacet
  facet normal 0 0 -1
    outer loop
      vertex 106.282 63.8255 0
      vertex 106.175 65.8356 0
      vertex 106.462 65.8183 0
    endloop
  endfacet
  facet normal 0 0 -1
    outer loop
      vertex 106.115 63.8356 0
      vertex 106.175 65.8356 0
      vertex 106.282 63.8255 0
    endloop
  endfacet
  facet normal 0 0 -1
    outer loop
      vertex 10.9 63.8356 0
      vertex 106.175 65.8356 0
      vertex 106.115 63.8356 0
    endloop
  endfacet
  facet normal 0 0 -1
    outer loop
      vertex 10.9 -42.1877 0
      vertex 8.9 -25.7843 0
      vertex 10.9 63.8356 0
    endloop
  endfacet
  facet normal 0 0 -1
    outer loop
      vertex 8.9 47.4321 0
      vertex 10.9 63.8356 0
      vertex 8.9 -25.7843 0
    endloop
  endfacet
  facet normal 0 0 -1
    outer loop
      vertex 8.9 51.2321 0
      vertex 10.9 63.8356 0
      vertex 8.9 47.4321 0
    endloop
  endfacet
  facet normal 0 0 -1
    outer loop
      vertex 5.3 51.2321 0
      vertex 10.9 63.8356 0
      vertex 8.9 51.2321 0
    endloop
  endfacet
  facet normal 0 0 -1
    outer loop
      vertex 10.9 63.8356 0
      vertex 5.3 65.8356 0
      vertex 106.175 65.8356 0
    endloop
  endfacet
  facet normal 0 0 -1
    outer loop
      vertex 5.3 65.8356 0
      vertex 10.9 63.8356 0
      vertex 5.3 51.2321 0
    endloop
  endfacet
  facet normal 0.944622 -0.32816 0
    outer loop
      vertex 120.926 -9.26645 7.2
      vertex 121.029 -8.96996 0
      vertex 121.029 -8.96996 7.2
    endloop
  endfacet
  facet normal 0.944622 -0.32816 0
    outer loop
      vertex 121.029 -8.96996 0
      vertex 120.926 -9.26645 7.2
      vertex 120.926 -9.26645 0
    endloop
  endfacet
  facet normal 0.0102192 -0.999948 0
    outer loop
      vertex 21.8752 -44.1876 0
      vertex 22.0709 -44.1856 7.2
      vertex 21.8752 -44.1876 7.2
    endloop
  endfacet
  facet normal 0.0102192 -0.999948 0
    outer loop
      vertex 22.0709 -44.1856 7.2
      vertex 21.8752 -44.1876 0
      vertex 22.0709 -44.1856 0
    endloop
  endfacet
  facet normal 0.963332 -0.268311 0
    outer loop
      vertex 121.029 -8.96996 7.2
      vertex 121.084 -8.77249 0
      vertex 121.084 -8.77249 7.2
    endloop
  endfacet
  facet normal 0.963332 -0.268311 0
    outer loop
      vertex 121.084 -8.77249 0
      vertex 121.029 -8.96996 7.2
      vertex 121.029 -8.96996 0
    endloop
  endfacet
  facet normal 0.962784 0.270273 0
    outer loop
      vertex 109.45 63.2533 7.2
      vertex 109.397 63.4421 0
      vertex 109.397 63.4421 7.2
    endloop
  endfacet
  facet normal 0.962784 0.270273 0
    outer loop
      vertex 109.397 63.4421 0
      vertex 109.45 63.2533 7.2
      vertex 109.45 63.2533 0
    endloop
  endfacet
  facet normal 0.979666 -0.200637 0
    outer loop
      vertex 121.121 -8.61485 7.2
      vertex 121.532 -6.60803 0
      vertex 121.532 -6.60803 7.2
    endloop
  endfacet
  facet normal 0.979666 -0.200637 0
    outer loop
      vertex 121.532 -6.60803 0
      vertex 121.121 -8.61485 7.2
      vertex 121.121 -8.61485 0
    endloop
  endfacet
  facet normal -0.944137 0.329553 0
    outer loop
      vertex 119.07 -8.5148 0
      vertex 119.119 -8.37442 1.39
      vertex 119.119 -8.37442 0
    endloop
  endfacet
  facet normal -0.944137 0.329553 0
    outer loop
      vertex 119.119 -8.37442 1.39
      vertex 119.07 -8.5148 0
      vertex 119.07 -8.5148 1.39
    endloop
  endfacet
  facet normal -0.962139 0.272561 0
    outer loop
      vertex 119.169 -8.18102 0
      vertex 119.168 -8.18455 1.39
      vertex 119.169 -8.18102 1.4
    endloop
  endfacet
  facet normal -0.972308 0.233702 -0.000105999
    outer loop
      vertex 119.147 -8.27255 0
      vertex 119.168 -8.18455 1.39
      vertex 119.169 -8.18102 0
    endloop
  endfacet
  facet normal -0.972687 0.232119 0
    outer loop
      vertex 119.168 -8.18455 1.39
      vertex 119.147 -8.27255 0
      vertex 119.147 -8.27255 1.39
    endloop
  endfacet
  facet normal -0.962139 0.272561 0
    outer loop
      vertex 119.169 -8.18102 1.4
      vertex 119.168 -8.18455 1.39
      vertex 119.168 -8.18455 1.4
    endloop
  endfacet
  facet normal -0.984805 -0.173663 0
    outer loop
      vertex 107.54 62.6307 0
      vertex 117.562 5.79824 1.39
      vertex 107.54 62.6307 1.39
    endloop
  endfacet
  facet normal -0.984806 -0.173658 0.000228817
    outer loop
      vertex 119.575 -5.61922 0
      vertex 117.562 5.79824 1.39
      vertex 107.54 62.6307 0
    endloop
  endfacet
  facet normal -0.984811 -0.173631 -0
    outer loop
      vertex 119.575 -5.61922 1.4
      vertex 117.562 5.79824 1.39
      vertex 119.575 -5.61922 0
    endloop
  endfacet
  facet normal -0.984811 -0.173631 0
    outer loop
      vertex 117.562 5.79824 1.39
      vertex 119.575 -5.61922 1.4
      vertex 117.562 5.79824 1.4
    endloop
  endfacet
  facet normal -0.881229 -0.47269 0
    outer loop
      vertex 107.369 63.1235 0
      vertex 107.355 63.1496 1.39
      vertex 107.355 63.1496 0
    endloop
  endfacet
  facet normal -0.881229 -0.47269 0
    outer loop
      vertex 107.355 63.1496 1.39
      vertex 107.369 63.1235 0
      vertex 107.369 63.1235 1.39
    endloop
  endfacet
  facet normal -0.446206 0.89493 0
    outer loop
      vertex 95.5592 -26.8432 0
      vertex 94.9196 -27.1621 1.39
      vertex 95.5592 -26.8432 1.39
    endloop
  endfacet
  facet normal -0.446206 0.89493 0
    outer loop
      vertex 94.9196 -27.1621 1.39
      vertex 95.5592 -26.8432 0
      vertex 94.9196 -27.1621 0
    endloop
  endfacet
  facet normal -0.635478 0.772119 0
    outer loop
      vertex 118.72 -9.00722 1.39
      vertex 118.72 -9.00722 0
      vertex 118.621 -9.0887 1.39
    endloop
  endfacet
  facet normal -0.618284 0.785955 0
    outer loop
      vertex 118.621 -9.0887 1.39
      vertex 118.6 -9.10522 1.4
      vertex 118.621 -9.0887 1.4
    endloop
  endfacet
  facet normal -0.632535 0.774532 0.000351047
    outer loop
      vertex 118.6 -9.10522 0
      vertex 118.621 -9.0887 1.39
      vertex 118.72 -9.00722 0
    endloop
  endfacet
  facet normal -0.618284 0.785955 0
    outer loop
      vertex 118.621 -9.0887 1.39
      vertex 118.6 -9.10522 0
      vertex 118.6 -9.10522 1.4
    endloop
  endfacet
  facet normal -1 0 0
    outer loop
      vertex 119.575 -5.61922 0
      vertex 119.575 -5.61926 1.39
      vertex 119.575 -5.61922 1.4
    endloop
  endfacet
  facet normal -0.992125 -0.12525 -3.60431e-06
    outer loop
      vertex 119.592 -5.75388 0
      vertex 119.575 -5.61926 1.39
      vertex 119.575 -5.61922 0
    endloop
  endfacet
  facet normal -0.992121 -0.125286 0
    outer loop
      vertex 119.575 -5.61926 1.39
      vertex 119.592 -5.75388 0
      vertex 119.592 -5.75388 1.39
    endloop
  endfacet
  facet normal -1 -0 0
    outer loop
      vertex 119.575 -5.61922 1.4
      vertex 119.575 -5.61926 1.39
      vertex 119.575 -5.61926 1.4
    endloop
  endfacet
  facet normal 0 1 0
    outer loop
      vertex 21.8469 -42.1877 1.39
      vertex 21.8469 -42.1877 0
      vertex 21.8134 -42.1877 1.39
    endloop
  endfacet
  facet normal 0 1 -0
    outer loop
      vertex 21.8134 -42.1877 1.39
      vertex 10.9 -42.1877 1.4
      vertex 21.8134 -42.1877 1.4
    endloop
  endfacet
  facet normal 0 1 0
    outer loop
      vertex 10.9 -42.1877 0
      vertex 21.8134 -42.1877 1.39
      vertex 21.8469 -42.1877 0
    endloop
  endfacet
  facet normal 0 1 0
    outer loop
      vertex 21.8134 -42.1877 1.39
      vertex 10.9 -42.1877 0
      vertex 10.9 -42.1877 1.4
    endloop
  endfacet
  facet normal 0 -1 0
    outer loop
      vertex 10.9 63.8356 0
      vertex 106.115 63.8356 1.4
      vertex 10.9 63.8356 1.4
    endloop
  endfacet
  facet normal 0 -1 -0
    outer loop
      vertex 106.115 63.8356 1.4
      vertex 10.9 63.8356 0
      vertex 106.115 63.8356 0
    endloop
  endfacet
  facet normal -0.77736 0.629056 0
    outer loop
      vertex 118.913 -8.79218 0
      vertex 118.88 -8.83296 1.39
      vertex 118.913 -8.79218 1.39
    endloop
  endfacet
  facet normal -0.777987 0.62828 -3.76431e-05
    outer loop
      vertex 118.849 -8.87143 0
      vertex 118.88 -8.83296 1.39
      vertex 118.913 -8.79218 0
    endloop
  endfacet
  facet normal -0.778652 0.627456 0
    outer loop
      vertex 118.849 -8.87143 1.4
      vertex 118.88 -8.83296 1.39
      vertex 118.849 -8.87143 0
    endloop
  endfacet
  facet normal -0.778652 0.627456 0
    outer loop
      vertex 118.88 -8.83296 1.39
      vertex 118.849 -8.87143 1.4
      vertex 118.88 -8.83296 1.4
    endloop
  endfacet
  facet normal -0.316228 0.948683 0
    outer loop
      vertex 93.4591 -27.7535 1.4
      vertex 93.4588 -27.7536 1.39
      vertex 93.4588 -27.7536 1.4
    endloop
  endfacet
  facet normal -0.316228 0.948683 0
    outer loop
      vertex 93.4591 -27.7535 0
      vertex 93.4588 -27.7536 1.39
      vertex 93.4591 -27.7535 1.4
    endloop
  endfacet
  facet normal -0.323085 0.94637 -1.64642e-06
    outer loop
      vertex 93.4591 -27.7535 0
      vertex 93.3885 -27.7776 1.39
      vertex 93.4588 -27.7536 1.39
    endloop
  endfacet
  facet normal -0.323056 0.94638 0
    outer loop
      vertex 93.3885 -27.7776 1.39
      vertex 93.4591 -27.7535 0
      vertex 93.3885 -27.7776 0
    endloop
  endfacet
  facet normal -0.890676 -0.454638 0
    outer loop
      vertex 107.413 63.0373 0
      vertex 107.369 63.1235 1.39
      vertex 107.369 63.1235 0
    endloop
  endfacet
  facet normal -0.890676 -0.454638 0
    outer loop
      vertex 107.369 63.1235 1.39
      vertex 107.413 63.0373 0
      vertex 107.413 63.0373 1.39
    endloop
  endfacet
  facet normal -0.997306 -0.0733583 0
    outer loop
      vertex 119.598 -5.83545 0
      vertex 119.592 -5.75388 1.39
      vertex 119.592 -5.75388 0
    endloop
  endfacet
  facet normal -0.997306 -0.0733583 0
    outer loop
      vertex 119.592 -5.75388 1.39
      vertex 119.598 -5.83545 0
      vertex 119.598 -5.83545 1.39
    endloop
  endfacet
  facet normal 1 0 0
    outer loop
      vertex 10.9 -29.215 1.4
      vertex 10.9 -42.1877 1.4
      vertex 10.9 -29.215 1.39
    endloop
  endfacet
  facet normal 1 0 0
    outer loop
      vertex 10.9 -29.1766 1.39
      vertex 10.9 63.8356 1.4
      vertex 10.9 -29.1766 1.4
    endloop
  endfacet
  facet normal 1 0 0
    outer loop
      vertex 10.9 63.8356 1.4
      vertex 10.9 -29.1766 1.39
      vertex 10.9 63.8356 0
    endloop
  endfacet
  facet normal 1 0 0
    outer loop
      vertex 10.9 -42.1877 0
      vertex 10.9 -29.1766 1.39
      vertex 10.9 -29.215 1.39
    endloop
  endfacet
  facet normal 1 0 0
    outer loop
      vertex 10.9 -42.1877 0
      vertex 10.9 -29.215 1.39
      vertex 10.9 -42.1877 1.4
    endloop
  endfacet
  facet normal 1 0 0
    outer loop
      vertex 10.9 -29.1766 1.39
      vertex 10.9 -42.1877 0
      vertex 10.9 63.8356 0
    endloop
  endfacet
  facet normal -0.862163 0.506631 0
    outer loop
      vertex 118.935 -8.76216 0
      vertex 119.009 -8.63623 1.39
      vertex 119.009 -8.63623 0
    endloop
  endfacet
  facet normal -0.862163 0.506631 0
    outer loop
      vertex 119.009 -8.63623 1.39
      vertex 118.935 -8.76216 0
      vertex 118.935 -8.76216 1.39
    endloop
  endfacet
  facet normal -0.515107 0.857126 0
    outer loop
      vertex 96.3079 -26.4197 0
      vertex 96.246 -26.4569 1.39
      vertex 96.3079 -26.4197 1.39
    endloop
  endfacet
  facet normal -0.515107 0.857126 0
    outer loop
      vertex 96.246 -26.4569 1.39
      vertex 96.3079 -26.4197 0
      vertex 96.246 -26.4569 0
    endloop
  endfacet
  facet normal -1 0 0
    outer loop
      vertex 119.057 -8.54263 0
      vertex 119.057 -8.54315 1.39
      vertex 119.057 -8.54263 1.4
    endloop
  endfacet
  facet normal -0.889817 0.456317 0.000170708
    outer loop
      vertex 119.009 -8.63623 0
      vertex 119.057 -8.54315 1.39
      vertex 119.057 -8.54263 0
    endloop
  endfacet
  facet normal -0.888781 0.458332 0
    outer loop
      vertex 119.057 -8.54315 1.39
      vertex 119.009 -8.63623 0
      vertex 119.009 -8.63623 1.39
    endloop
  endfacet
  facet normal -1 -0 0
    outer loop
      vertex 119.057 -8.54263 1.4
      vertex 119.057 -8.54315 1.39
      vertex 119.057 -8.54315 1.4
    endloop
  endfacet
  facet normal -0.469022 0.883187 0
    outer loop
      vertex 95.6236 -26.809 0
      vertex 95.5592 -26.8432 1.39
      vertex 95.6236 -26.809 1.39
    endloop
  endfacet
  facet normal -0.469022 0.883187 0
    outer loop
      vertex 95.5592 -26.8432 1.39
      vertex 95.6236 -26.809 0
      vertex 95.5592 -26.8432 0
    endloop
  endfacet
  facet normal -0.247788 0.968814 0
    outer loop
      vertex 92.6364 -28.0104 0
      vertex 91.9424 -28.1879 1.39
      vertex 92.6364 -28.0104 1.39
    endloop
  endfacet
  facet normal -0.247788 0.968814 0
    outer loop
      vertex 91.9424 -28.1879 1.39
      vertex 92.6364 -28.0104 0
      vertex 91.9424 -28.1879 0
    endloop
  endfacet
  facet normal -1 -0 0
    outer loop
      vertex 118.6 -9.10522 1.4
      vertex 118.6 -9.1053 1.39
      vertex 118.6 -9.1053 1.4
    endloop
  endfacet
  facet normal -1 0 0
    outer loop
      vertex 118.6 -9.10522 0
      vertex 118.6 -9.1053 1.39
      vertex 118.6 -9.10522 1.4
    endloop
  endfacet
  facet normal -0.633724 0.773559 4.45214e-05
    outer loop
      vertex 118.6 -9.10522 0
      vertex 118.574 -9.1266 1.39
      vertex 118.6 -9.1053 1.39
    endloop
  endfacet
  facet normal -0.635145 0.772393 0
    outer loop
      vertex 118.574 -9.1266 1.39
      vertex 118.6 -9.10522 0
      vertex 118.574 -9.1266 0
    endloop
  endfacet
  facet normal -0.999911 -0.0133357 0
    outer loop
      vertex 119.6 -5.98541 0
      vertex 119.598 -5.83545 1.39
      vertex 119.598 -5.83545 0
    endloop
  endfacet
  facet normal -0.999911 -0.0133357 0
    outer loop
      vertex 119.598 -5.83545 1.39
      vertex 119.6 -5.98541 0
      vertex 119.6 -5.98541 1.39
    endloop
  endfacet
  facet normal -0.492384 0.870378 0
    outer loop
      vertex 96.246 -26.4569 0
      vertex 95.6236 -26.809 1.39
      vertex 96.246 -26.4569 1.39
    endloop
  endfacet
  facet normal -0.492384 0.870378 0
    outer loop
      vertex 95.6236 -26.809 1.39
      vertex 96.246 -26.4569 0
      vertex 95.6236 -26.809 0
    endloop
  endfacet
  facet normal -0.722818 -0.691038 0
    outer loop
      vertex 107.249 63.2988 0
      vertex 107.062 63.4944 1.39
      vertex 107.062 63.4944 0
    endloop
  endfacet
  facet normal -0.722818 -0.691038 0
    outer loop
      vertex 107.062 63.4944 1.39
      vertex 107.249 63.2988 0
      vertex 107.249 63.2988 1.39
    endloop
  endfacet
  facet normal -0.536957 0.84361 0
    outer loop
      vertex 96.9101 -26.0364 0
      vertex 96.3079 -26.4197 1.39
      vertex 96.9101 -26.0364 1.39
    endloop
  endfacet
  facet normal -0.536957 0.84361 0
    outer loop
      vertex 96.3079 -26.4197 1.39
      vertex 96.9101 -26.0364 0
      vertex 96.3079 -26.4197 0
    endloop
  endfacet
  facet normal -0.620435 0.784258 0
    outer loop
      vertex 118.574 -9.1266 1.39
      vertex 118.574 -9.1266 0
      vertex 118.556 -9.14084 1.39
    endloop
  endfacet
  facet normal -0.616381 0.787448 0
    outer loop
      vertex 118.556 -9.14084 1.39
      vertex 97.6055 -25.54 1.4
      vertex 118.556 -9.14084 1.4
    endloop
  endfacet
  facet normal -0.616384 0.787445 8.51103e-05
    outer loop
      vertex 97.6055 -25.54 0
      vertex 118.556 -9.14084 1.39
      vertex 118.574 -9.1266 0
    endloop
  endfacet
  facet normal -0.616381 0.787448 0
    outer loop
      vertex 118.556 -9.14084 1.39
      vertex 97.6055 -25.54 0
      vertex 97.6055 -25.54 1.4
    endloop
  endfacet
  facet normal -0.271985 0.962302 0
    outer loop
      vertex 92.7061 -27.9907 0
      vertex 92.6364 -28.0104 1.39
      vertex 92.7061 -27.9907 1.39
    endloop
  endfacet
  facet normal -0.271985 0.962302 0
    outer loop
      vertex 92.6364 -28.0104 1.39
      vertex 92.7061 -27.9907 0
      vertex 92.6364 -28.0104 0
    endloop
  endfacet
  facet normal -0.559932 0.828539 0
    outer loop
      vertex 96.9721 -25.9945 0
      vertex 96.9101 -26.0364 1.39
      vertex 96.9721 -25.9945 1.39
    endloop
  endfacet
  facet normal -0.559932 0.828539 0
    outer loop
      vertex 96.9101 -26.0364 1.39
      vertex 96.9721 -25.9945 0
      vertex 96.9101 -26.0364 0
    endloop
  endfacet
  facet normal -0.99282 0.119617 0
    outer loop
      vertex 119.598 -6.01257 0
      vertex 119.592 -6.06237 1.39
      vertex 119.598 -6.01257 1.39
    endloop
  endfacet
  facet normal -0.99242 0.122895 0.000119182
    outer loop
      vertex 119.583 -6.1337 0
      vertex 119.592 -6.06237 1.39
      vertex 119.598 -6.01257 0
    endloop
  endfacet
  facet normal -0.992134 0.125182 0
    outer loop
      vertex 119.583 -6.1337 1.4
      vertex 119.592 -6.06237 1.39
      vertex 119.583 -6.1337 0
    endloop
  endfacet
  facet normal -0.992134 0.125182 0
    outer loop
      vertex 119.592 -6.06237 1.39
      vertex 119.583 -6.1337 1.4
      vertex 119.592 -6.06237 1.4
    endloop
  endfacet
  facet normal -0.196116 -0.980581 0
    outer loop
      vertex 107.061 63.4946 0
      vertex 107.062 63.4944 1.39
      vertex 107.061 63.4946 1.39
    endloop
  endfacet
  facet normal -0.196116 -0.980581 -0
    outer loop
      vertex 107.062 63.4944 1.39
      vertex 107.061 63.4946 0
      vertex 107.062 63.4944 0
    endloop
  endfacet
  facet normal -0.194151 0.980972 0
    outer loop
      vertex 49.8701 -36.767 1.39
      vertex 49.8701 -36.767 0
      vertex 49.8509 -36.7708 1.39
    endloop
  endfacet
  facet normal -0.191417 0.981509 0
    outer loop
      vertex 49.8509 -36.7708 1.39
      vertex 22.2126 -42.1609 1.4
      vertex 49.8509 -36.7708 1.4
    endloop
  endfacet
  facet normal -0.191419 0.981508 3.92058e-05
    outer loop
      vertex 22.2126 -42.1609 0
      vertex 49.8509 -36.7708 1.39
      vertex 49.8701 -36.767 0
    endloop
  endfacet
  facet normal -0.191417 0.981509 0
    outer loop
      vertex 49.8509 -36.7708 1.39
      vertex 22.2126 -42.1609 0
      vertex 22.2126 -42.1609 1.4
    endloop
  endfacet
  facet normal -0.574693 -0.818369 0
    outer loop
      vertex 106.838 63.6512 0
      vertex 107.061 63.4946 1.39
      vertex 106.838 63.6512 1.39
    endloop
  endfacet
  facet normal -0.574693 -0.818369 -0
    outer loop
      vertex 107.061 63.4946 1.39
      vertex 106.838 63.6512 0
      vertex 107.061 63.4946 0
    endloop
  endfacet
  facet normal -0.102265 0.994757 0
    outer loop
      vertex 22.2126 -42.1609 1.4
      vertex 22.2019 -42.162 1.39
      vertex 22.2019 -42.162 1.4
    endloop
  endfacet
  facet normal -0.102265 0.994757 0
    outer loop
      vertex 22.2126 -42.1609 0
      vertex 22.2019 -42.162 1.39
      vertex 22.2126 -42.1609 1.4
    endloop
  endfacet
  facet normal -0.101207 0.994865 8.22442e-06
    outer loop
      vertex 22.2126 -42.1609 0
      vertex 21.9591 -42.1867 1.39
      vertex 22.2019 -42.162 1.39
    endloop
  endfacet
  facet normal -0.101252 0.994861 0
    outer loop
      vertex 21.9591 -42.1867 1.39
      vertex 22.2126 -42.1609 0
      vertex 21.9591 -42.1867 0
    endloop
  endfacet
  facet normal -0.194867 0.98083 0
    outer loop
      vertex 49.8852 -36.764 0
      vertex 49.8701 -36.767 1.39
      vertex 49.8852 -36.764 1.39
    endloop
  endfacet
  facet normal -0.194867 0.98083 0
    outer loop
      vertex 49.8701 -36.767 1.39
      vertex 49.8852 -36.764 0
      vertex 49.8701 -36.767 0
    endloop
  endfacet
  facet normal -0.919489 -0.393115 0
    outer loop
      vertex 107.472 62.8993 0
      vertex 107.413 63.0373 1.39
      vertex 107.413 63.0373 0
    endloop
  endfacet
  facet normal -0.919489 -0.393115 0
    outer loop
      vertex 107.413 63.0373 1.39
      vertex 107.472 62.8993 0
      vertex 107.472 62.8993 1.39
    endloop
  endfacet
  facet normal -0.906025 0.423224 0
    outer loop
      vertex 119.07 -8.5148 0
      vertex 119.057 -8.54263 1.39
      vertex 119.07 -8.5148 1.39
    endloop
  endfacet
  facet normal -0.906025 0.423224 0
    outer loop
      vertex 119.057 -8.54263 0
      vertex 119.057 -8.54263 1.39
      vertex 119.07 -8.5148 0
    endloop
  endfacet
  facet normal 0 0 0
    outer loop
      vertex 119.057 -8.54263 1.4
      vertex 119.057 -8.54263 1.39
      vertex 119.057 -8.54263 0
    endloop
  endfacet
  facet normal 0 1 -0
    outer loop
      vertex 21.8594 -42.1877 0
      vertex 21.8469 -42.1877 1.39
      vertex 21.8594 -42.1877 1.39
    endloop
  endfacet
  facet normal 0 1 0
    outer loop
      vertex 21.8469 -42.1877 1.39
      vertex 21.8594 -42.1877 0
      vertex 21.8469 -42.1877 0
    endloop
  endfacet
  facet normal -0.605522 0.795829 0
    outer loop
      vertex 97.6055 -25.54 1.4
      vertex 97.6009 -25.5435 1.39
      vertex 97.6009 -25.5435 1.4
    endloop
  endfacet
  facet normal -0.605522 0.795829 0
    outer loop
      vertex 97.6055 -25.54 0
      vertex 97.6009 -25.5435 1.39
      vertex 97.6055 -25.54 1.4
    endloop
  endfacet
  facet normal -0.598242 0.801315 3.79059e-05
    outer loop
      vertex 97.6055 -25.54 0
      vertex 97.5571 -25.5762 1.39
      vertex 97.6009 -25.5435 1.39
    endloop
  endfacet
  facet normal -0.598941 0.800793 0
    outer loop
      vertex 97.5571 -25.5762 1.39
      vertex 97.6055 -25.54 0
      vertex 97.5571 -25.5762 0
    endloop
  endfacet
  facet normal -0.278219 -0.960518 0
    outer loop
      vertex 106.499 63.7896 0
      vertex 106.528 63.7812 1.39
      vertex 106.499 63.7896 1.39
    endloop
  endfacet
  facet normal -0.278219 -0.960518 -0
    outer loop
      vertex 106.528 63.7812 1.39
      vertex 106.499 63.7896 0
      vertex 106.528 63.7812 0
    endloop
  endfacet
  facet normal -0.0638693 -0.997958 0
    outer loop
      vertex 106.115 63.8356 1.4
      vertex 106.14 63.834 1.39
      vertex 106.14 63.834 1.4
    endloop
  endfacet
  facet normal -0.0638693 -0.997958 0
    outer loop
      vertex 106.115 63.8356 0
      vertex 106.14 63.834 1.39
      vertex 106.115 63.8356 1.4
    endloop
  endfacet
  facet normal -0.0603687 -0.998176 -6.32111e-05
    outer loop
      vertex 106.282 63.8255 0
      vertex 106.14 63.834 1.39
      vertex 106.115 63.8356 0
    endloop
  endfacet
  facet normal -0.0597522 -0.998213 0
    outer loop
      vertex 106.14 63.834 1.39
      vertex 106.282 63.8255 0
      vertex 106.282 63.8255 1.39
    endloop
  endfacet
  facet normal -1 0 0
    outer loop
      vertex 106.838 63.6513 0
      vertex 106.838 63.6512 1.39
      vertex 106.838 63.6513 1.39
    endloop
  endfacet
  facet normal -1 0 0
    outer loop
      vertex 106.838 63.6512 1.39
      vertex 106.838 63.6513 0
      vertex 106.838 63.6512 0
    endloop
  endfacet
  facet normal -0.9973 0.0734389 0
    outer loop
      vertex 119.598 -6.01257 0
      vertex 119.6 -5.98541 1.39
      vertex 119.6 -5.98541 0
    endloop
  endfacet
  facet normal -0.9973 0.0734389 0
    outer loop
      vertex 119.6 -5.98541 1.39
      vertex 119.598 -6.01257 0
      vertex 119.598 -6.01257 1.39
    endloop
  endfacet
  facet normal -0.784883 -0.619644 0
    outer loop
      vertex 107.27 63.2722 0
      vertex 107.249 63.2988 1.39
      vertex 107.249 63.2988 0
    endloop
  endfacet
  facet normal -0.784883 -0.619644 0
    outer loop
      vertex 107.249 63.2988 1.39
      vertex 107.27 63.2722 0
      vertex 107.27 63.2722 1.39
    endloop
  endfacet
  facet normal -0.821806 -0.569768 0
    outer loop
      vertex 107.355 63.1496 0
      vertex 107.27 63.2722 1.39
      vertex 107.27 63.2722 0
    endloop
  endfacet
  facet normal -0.821806 -0.569768 0
    outer loop
      vertex 107.27 63.2722 1.39
      vertex 107.355 63.1496 0
      vertex 107.355 63.1496 1.39
    endloop
  endfacet
  facet normal -0.422741 0.906251 0
    outer loop
      vertex 94.9196 -27.1621 0
      vertex 94.851 -27.1941 1.39
      vertex 94.9196 -27.1621 1.39
    endloop
  endfacet
  facet normal -0.422741 0.906251 0
    outer loop
      vertex 94.851 -27.1941 1.39
      vertex 94.9196 -27.1621 0
      vertex 94.851 -27.1941 0
    endloop
  endfacet
  facet normal -0.581646 0.813442 0
    outer loop
      vertex 97.5571 -25.5762 0
      vertex 96.9721 -25.9945 1.39
      vertex 97.5571 -25.5762 1.39
    endloop
  endfacet
  facet normal -0.581646 0.813442 0
    outer loop
      vertex 96.9721 -25.9945 1.39
      vertex 97.5571 -25.5762 0
      vertex 96.9721 -25.9945 0
    endloop
  endfacet
  facet normal -0.674176 0.73857 0
    outer loop
      vertex 118.752 -8.97801 0
      vertex 118.72 -9.00722 1.39
      vertex 118.752 -8.97801 1.39
    endloop
  endfacet
  facet normal -0.674176 0.73857 0
    outer loop
      vertex 118.72 -9.00722 1.39
      vertex 118.752 -8.97801 0
      vertex 118.72 -9.00722 0
    endloop
  endfacet
  facet normal -0.402554 -0.915396 0
    outer loop
      vertex 106.589 63.7608 0
      vertex 106.838 63.6513 1.39
      vertex 106.589 63.7608 1.39
    endloop
  endfacet
  facet normal -0.402554 -0.915396 -0
    outer loop
      vertex 106.838 63.6513 1.39
      vertex 106.589 63.7608 0
      vertex 106.838 63.6513 0
    endloop
  endfacet
  facet normal -0.96424 0.265031 0
    outer loop
      vertex 119.119 -8.37442 0
      vertex 119.147 -8.27255 1.39
      vertex 119.147 -8.27255 0
    endloop
  endfacet
  facet normal -0.96424 0.265031 0
    outer loop
      vertex 119.147 -8.27255 1.39
      vertex 119.119 -8.37442 0
      vertex 119.119 -8.37442 1.39
    endloop
  endfacet
  facet normal -1 0 0
    outer loop
      vertex 119.583 -6.1337 0
      vertex 119.583 -6.13383 1.39
      vertex 119.583 -6.1337 1.4
    endloop
  endfacet
  facet normal -0.987558 0.157254 1.47073e-05
    outer loop
      vertex 119.583 -6.1337 0
      vertex 119.567 -6.23431 1.39
      vertex 119.583 -6.13383 1.39
    endloop
  endfacet
  facet normal -0.987629 0.156808 -1.84259e-05
    outer loop
      vertex 119.565 -6.24707 0
      vertex 119.567 -6.23431 1.39
      vertex 119.583 -6.1337 0
    endloop
  endfacet
  facet normal -0.987938 0.154849 0
    outer loop
      vertex 119.565 -6.24707 1.4
      vertex 119.567 -6.23431 1.39
      vertex 119.565 -6.24707 0
    endloop
  endfacet
  facet normal -0.987938 0.154849 0
    outer loop
      vertex 119.567 -6.23431 1.39
      vertex 119.565 -6.24707 1.4
      vertex 119.567 -6.23431 1.4
    endloop
  endfacet
  facet normal -1 -0 0
    outer loop
      vertex 119.583 -6.1337 1.4
      vertex 119.583 -6.13383 1.39
      vertex 119.583 -6.13383 1.4
    endloop
  endfacet
  facet normal -0.397336 0.917673 0
    outer loop
      vertex 94.851 -27.1941 0
      vertex 94.1967 -27.4774 1.39
      vertex 94.851 -27.1941 1.39
    endloop
  endfacet
  facet normal -0.397336 0.917673 0
    outer loop
      vertex 94.1967 -27.4774 1.39
      vertex 94.851 -27.1941 0
      vertex 94.1967 -27.4774 0
    endloop
  endfacet
  facet normal -0.199765 0.979844 0
    outer loop
      vertex 91.8757 -28.2032 1.4
      vertex 49.8945 -36.7621 1.39
      vertex 49.8945 -36.7621 1.4
    endloop
  endfacet
  facet normal -0.199765 0.979844 0
    outer loop
      vertex 91.8757 -28.2032 0
      vertex 49.8945 -36.7621 1.39
      vertex 91.8757 -28.2032 1.4
    endloop
  endfacet
  facet normal -0.199765 0.979844 -2.79532e-06
    outer loop
      vertex 49.8852 -36.764 0
      vertex 49.8945 -36.7621 1.39
      vertex 91.8757 -28.2032 0
    endloop
  endfacet
  facet normal -0.200166 0.979762 0
    outer loop
      vertex 49.8945 -36.7621 1.39
      vertex 49.8852 -36.764 0
      vertex 49.8852 -36.764 1.39
    endloop
  endfacet
  facet normal -0.118869 -0.99291 0
    outer loop
      vertex 106.282 63.8255 0
      vertex 106.353 63.817 1.39
      vertex 106.282 63.8255 1.39
    endloop
  endfacet
  facet normal -0.118869 -0.99291 -0
    outer loop
      vertex 106.353 63.817 1.39
      vertex 106.282 63.8255 0
      vertex 106.353 63.817 0
    endloop
  endfacet
  facet normal 0 0 -1
    outer loop
      vertex 10.9 -42.1877 1.4
      vertex 21.5467 -42.1375 1.4
      vertex 21.8134 -42.1877 1.4
    endloop
  endfacet
  facet normal 0 0 -1
    outer loop
      vertex 10.9 -42.1877 1.4
      vertex 21.2912 -42.036 1.4
      vertex 21.5467 -42.1375 1.4
    endloop
  endfacet
  facet normal 0 0 -1
    outer loop
      vertex 10.9 -42.1877 1.4
      vertex 21.06 -41.8851 1.4
      vertex 21.2912 -42.036 1.4
    endloop
  endfacet
  facet normal 0 0 -1
    outer loop
      vertex 10.9 -42.1877 1.4
      vertex 20.8779 -41.706 1.4
      vertex 21.06 -41.8851 1.4
    endloop
  endfacet
  facet normal 0 0 -1
    outer loop
      vertex 10.9 -42.1877 1.4
      vertex 11.2112 -30.1859 1.4
      vertex 20.8779 -41.706 1.4
    endloop
  endfacet
  facet normal 0 0 -1
    outer loop
      vertex 10.9 -42.1877 1.4
      vertex 11.0673 -29.9754 1.4
      vertex 11.2112 -30.1859 1.4
    endloop
  endfacet
  facet normal 0 0 -1
    outer loop
      vertex 10.9 -42.1877 1.4
      vertex 10.9585 -29.7224 1.4
      vertex 11.0673 -29.9754 1.4
    endloop
  endfacet
  facet normal 0 0 -1
    outer loop
      vertex 10.9 -42.1877 1.4
      vertex 10.9024 -29.4527 1.4
      vertex 10.9585 -29.7224 1.4
    endloop
  endfacet
  facet normal -0 0 -1
    outer loop
      vertex 10.9024 -29.4527 1.4
      vertex 10.9 -42.1877 1.4
      vertex 10.9 -29.215 1.4
    endloop
  endfacet
  facet normal 0 0 -1
    outer loop
      vertex 103.088 -17.1554 1.4
      vertex 103.765 -15.1203 1.4
      vertex 118.325 -9.26317 1.4
    endloop
  endfacet
  facet normal 0 -0 -1
    outer loop
      vertex 103.372 -15.6323 1.4
      vertex 103.765 -15.1203 1.4
      vertex 103.252 -16.3848 1.4
    endloop
  endfacet
  facet normal 0 0 -1
    outer loop
      vertex 103.765 -15.1203 1.4
      vertex 103.372 -15.6323 1.4
      vertex 103.636 -15.1892 1.4
    endloop
  endfacet
  facet normal 0 0 -1
    outer loop
      vertex 103.636 -15.1892 1.4
      vertex 103.372 -15.6323 1.4
      vertex 103.539 -15.2704 1.4
    endloop
  endfacet
  facet normal 0 -0 -1
    outer loop
      vertex 103.407 -15.4836 1.4
      vertex 103.539 -15.2704 1.4
      vertex 103.372 -15.6323 1.4
    endloop
  endfacet
  facet normal 0 0 -1
    outer loop
      vertex 103.539 -15.2704 1.4
      vertex 103.407 -15.4836 1.4
      vertex 103.461 -15.371 1.4
    endloop
  endfacet
  facet normal 0 0 -1
    outer loop
      vertex 103.765 -15.1203 1.4
      vertex 103.088 -17.1554 1.4
      vertex 103.252 -16.3848 1.4
    endloop
  endfacet
  facet normal 0 0 -1
    outer loop
      vertex 118.325 -9.26317 1.4
      vertex 102.884 -17.917 1.4
      vertex 103.088 -17.1554 1.4
    endloop
  endfacet
  facet normal 0 0 -1
    outer loop
      vertex 99.879 -23.4062 1.4
      vertex 118.325 -9.26317 1.4
      vertex 118.556 -9.14084 1.4
    endloop
  endfacet
  facet normal 0 0 -1
    outer loop
      vertex 118.325 -9.26317 1.4
      vertex 102.639 -18.6653 1.4
      vertex 102.884 -17.917 1.4
    endloop
  endfacet
  facet normal 0 0 -1
    outer loop
      vertex 118.325 -9.26317 1.4
      vertex 102.355 -19.4007 1.4
      vertex 102.639 -18.6653 1.4
    endloop
  endfacet
  facet normal 0 0 -1
    outer loop
      vertex 118.325 -9.26317 1.4
      vertex 102.033 -20.1203 1.4
      vertex 102.355 -19.4007 1.4
    endloop
  endfacet
  facet normal 0 0 -1
    outer loop
      vertex 118.325 -9.26317 1.4
      vertex 101.673 -20.8216 1.4
      vertex 102.033 -20.1203 1.4
    endloop
  endfacet
  facet normal 0 0 -1
    outer loop
      vertex 118.325 -9.26317 1.4
      vertex 101.276 -21.5017 1.4
      vertex 101.673 -20.8216 1.4
    endloop
  endfacet
  facet normal 0 0 -1
    outer loop
      vertex 118.325 -9.26317 1.4
      vertex 100.845 -22.161 1.4
      vertex 101.276 -21.5017 1.4
    endloop
  endfacet
  facet normal 0 0 -1
    outer loop
      vertex 118.325 -9.26317 1.4
      vertex 100.379 -22.7964 1.4
      vertex 100.845 -22.161 1.4
    endloop
  endfacet
  facet normal 0 0 -1
    outer loop
      vertex 118.325 -9.26317 1.4
      vertex 99.879 -23.4062 1.4
      vertex 100.379 -22.7964 1.4
    endloop
  endfacet
  facet normal 0 0 -1
    outer loop
      vertex 118.556 -9.14084 1.4
      vertex 99.3485 -23.989 1.4
      vertex 99.879 -23.4062 1.4
    endloop
  endfacet
  facet normal 0 0 -1
    outer loop
      vertex 118.556 -9.14084 1.4
      vertex 98.7877 -24.5429 1.4
      vertex 99.3485 -23.989 1.4
    endloop
  endfacet
  facet normal 0 0 -1
    outer loop
      vertex 118.556 -9.14084 1.4
      vertex 98.1987 -25.0662 1.4
      vertex 98.7877 -24.5429 1.4
    endloop
  endfacet
  facet normal 0 0 -1
    outer loop
      vertex 97.6055 -25.54 1.4
      vertex 98.1987 -25.0662 1.4
      vertex 118.556 -9.14084 1.4
    endloop
  endfacet
  facet normal 0 0 -1
    outer loop
      vertex 98.1987 -25.0662 1.4
      vertex 97.6055 -25.54 1.4
      vertex 97.6009 -25.5435 1.4
    endloop
  endfacet
  facet normal 0 0 -1
    outer loop
      vertex 117.562 5.79824 1.4
      vertex 119.575 -5.61922 1.4
      vertex 119.575 -5.61926 1.4
    endloop
  endfacet
  facet normal -0 0 -1
    outer loop
      vertex 119.565 -6.24707 1.4
      vertex 119.487 -6.47567 1.4
      vertex 119.567 -6.23431 1.4
    endloop
  endfacet
  facet normal 0 0 -1
    outer loop
      vertex 119.487 -6.47567 1.4
      vertex 119.184 -7.9118 1.4
      vertex 119.353 -6.71405 1.4
    endloop
  endfacet
  facet normal 0 0 -1
    outer loop
      vertex 119.169 -8.18102 1.4
      vertex 119.487 -6.47567 1.4
      vertex 119.565 -6.24707 1.4
    endloop
  endfacet
  facet normal 0 0 -1
    outer loop
      vertex 119.487 -6.47567 1.4
      vertex 119.169 -8.18102 1.4
      vertex 119.184 -7.9118 1.4
    endloop
  endfacet
  facet normal 0 0 -1
    outer loop
      vertex 119.184 -7.9118 1.4
      vertex 119.169 -8.18102 1.4
      vertex 119.168 -8.18455 1.4
    endloop
  endfacet
  facet normal 0 0 -1
    outer loop
      vertex 119.142 -7.62777 1.4
      vertex 119.353 -6.71405 1.4
      vertex 119.184 -7.9118 1.4
    endloop
  endfacet
  facet normal 0 0 -1
    outer loop
      vertex 119.353 -6.71405 1.4
      vertex 119.142 -7.62777 1.4
      vertex 119.175 -6.92181 1.4
    endloop
  endfacet
  facet normal 0 0 -1
    outer loop
      vertex 119.043 -7.35787 1.4
      vertex 119.175 -6.92181 1.4
      vertex 119.142 -7.62777 1.4
    endloop
  endfacet
  facet normal 0 0 -1
    outer loop
      vertex 119.043 -7.35787 1.4
      vertex 118.958 -7.09229 1.4
      vertex 119.175 -6.92181 1.4
    endloop
  endfacet
  facet normal 0 -0 -1
    outer loop
      vertex 118.958 -7.09229 1.4
      vertex 119.043 -7.35787 1.4
      vertex 118.898 -7.12309 1.4
    endloop
  endfacet
  facet normal 0 0 1
    outer loop
      vertex 118.6 -9.1053 1.4
      vertex 118.621 -9.0887 1.4
      vertex 118.6 -9.10522 1.4
    endloop
  endfacet
  facet normal 0 0 -1
    outer loop
      vertex 93.4588 -27.7536 1.4
      vertex 93.6772 -27.6725 1.4
      vertex 93.4591 -27.7535 1.4
    endloop
  endfacet
  facet normal 0 0 1
    outer loop
      vertex 119.583 -6.13383 1.4
      vertex 119.592 -6.06237 1.4
      vertex 119.583 -6.1337 1.4
    endloop
  endfacet
  facet normal -0 0 -1
    outer loop
      vertex 91.8757 -28.2032 1.4
      vertex 91.1358 -28.3515 1.4
      vertex 91.8779 -28.2027 1.4
    endloop
  endfacet
  facet normal 0 0 -1
    outer loop
      vertex 78.6676 -25.2165 1.4
      vertex 79.3074 -25.313 1.4
      vertex 79.9137 -25.7735 1.4
    endloop
  endfacet
  facet normal 0 0 -1
    outer loop
      vertex 79.3074 -25.313 1.4
      vertex 78.6676 -25.2165 1.4
      vertex 79.1784 -25.2308 1.4
    endloop
  endfacet
  facet normal 0 0 -1
    outer loop
      vertex 79.1784 -25.2308 1.4
      vertex 78.6676 -25.2165 1.4
      vertex 79.0594 -25.1864 1.4
    endloop
  endfacet
  facet normal 0 0 -1
    outer loop
      vertex 78.6676 -25.2165 1.4
      vertex 79.9137 -25.7735 1.4
      vertex 80.5658 -26.2159 1.4
    endloop
  endfacet
  facet normal 0 -0 -1
    outer loop
      vertex 78.8095 -25.1759 1.4
      vertex 79.0594 -25.1864 1.4
      vertex 78.6676 -25.2165 1.4
    endloop
  endfacet
  facet normal 0 0 -1
    outer loop
      vertex 50.1333 -36.695 1.4
      vertex 80.5658 -26.2159 1.4
      vertex 81.2406 -26.6227 1.4
    endloop
  endfacet
  facet normal 0 0 -1
    outer loop
      vertex 79.0594 -25.1864 1.4
      vertex 78.8095 -25.1759 1.4
      vertex 78.9346 -25.1677 1.4
    endloop
  endfacet
  facet normal -0 0 -1
    outer loop
      vertex 80.5658 -26.2159 1.4
      vertex 50.1333 -36.695 1.4
      vertex 78.6676 -25.2165 1.4
    endloop
  endfacet
  facet normal -0 0 -1
    outer loop
      vertex 81.9351 -26.9937 1.4
      vertex 50.1333 -36.695 1.4
      vertex 81.2406 -26.6227 1.4
    endloop
  endfacet
  facet normal -0 0 -1
    outer loop
      vertex 82.6492 -27.3279 1.4
      vertex 50.1333 -36.695 1.4
      vertex 81.9351 -26.9937 1.4
    endloop
  endfacet
  facet normal -0 0 -1
    outer loop
      vertex 83.3799 -27.6239 1.4
      vertex 50.1333 -36.695 1.4
      vertex 82.6492 -27.3279 1.4
    endloop
  endfacet
  facet normal -0 0 -1
    outer loop
      vertex 84.1252 -27.8796 1.4
      vertex 50.1333 -36.695 1.4
      vertex 83.3799 -27.6239 1.4
    endloop
  endfacet
  facet normal -0 0 -1
    outer loop
      vertex 84.8822 -28.0967 1.4
      vertex 50.1333 -36.695 1.4
      vertex 84.1252 -27.8796 1.4
    endloop
  endfacet
  facet normal -0 0 -1
    outer loop
      vertex 85.6511 -28.2731 1.4
      vertex 50.1333 -36.695 1.4
      vertex 84.8822 -28.0967 1.4
    endloop
  endfacet
  facet normal -0 0 -1
    outer loop
      vertex 86.4272 -28.4086 1.4
      vertex 50.1333 -36.695 1.4
      vertex 85.6511 -28.2731 1.4
    endloop
  endfacet
  facet normal -0 0 -1
    outer loop
      vertex 87.2099 -28.5033 1.4
      vertex 50.1333 -36.695 1.4
      vertex 86.4272 -28.4086 1.4
    endloop
  endfacet
  facet normal -0 0 -1
    outer loop
      vertex 87.9955 -28.5557 1.4
      vertex 50.1333 -36.695 1.4
      vertex 87.2099 -28.5033 1.4
    endloop
  endfacet
  facet normal -0 0 -1
    outer loop
      vertex 88.7831 -28.5671 1.4
      vertex 50.1333 -36.695 1.4
      vertex 87.9955 -28.5557 1.4
    endloop
  endfacet
  facet normal 0 0 -1
    outer loop
      vertex 89.5707 -28.5367 1.4
      vertex 50.1333 -36.695 1.4
      vertex 88.7831 -28.5671 1.4
    endloop
  endfacet
  facet normal 0 0 -1
    outer loop
      vertex 90.3563 -28.465 1.4
      vertex 50.1333 -36.695 1.4
      vertex 89.5707 -28.5367 1.4
    endloop
  endfacet
  facet normal 0 0 -1
    outer loop
      vertex 49.8945 -36.7621 1.4
      vertex 90.3563 -28.465 1.4
      vertex 91.1358 -28.3515 1.4
    endloop
  endfacet
  facet normal 0 0 -1
    outer loop
      vertex 49.8945 -36.7621 1.4
      vertex 91.1358 -28.3515 1.4
      vertex 91.8757 -28.2032 1.4
    endloop
  endfacet
  facet normal 0 0 -1
    outer loop
      vertex 90.3563 -28.465 1.4
      vertex 49.8945 -36.7621 1.4
      vertex 50.1333 -36.695 1.4
    endloop
  endfacet
  facet normal 0 0 -1
    outer loop
      vertex 29.1677 -14.7177 1.4
      vertex 29.1666 -14.488 1.4
      vertex 29.1784 -14.6033 1.4
    endloop
  endfacet
  facet normal 0 0 -1
    outer loop
      vertex 29.1677 -14.7177 1.4
      vertex 29.1331 -14.3774 1.4
      vertex 29.1666 -14.488 1.4
    endloop
  endfacet
  facet normal 0 0 -1
    outer loop
      vertex 28.5918 -14.0075 1.4
      vertex 29.1677 -14.7177 1.4
      vertex 29.1295 -14.8472 1.4
    endloop
  endfacet
  facet normal 0 0 -1
    outer loop
      vertex 29.1677 -14.7177 1.4
      vertex 29.0783 -14.2745 1.4
      vertex 29.1331 -14.3774 1.4
    endloop
  endfacet
  facet normal 0 0 -1
    outer loop
      vertex 29.1677 -14.7177 1.4
      vertex 28.9178 -14.1118 1.4
      vertex 29.0783 -14.2745 1.4
    endloop
  endfacet
  facet normal 0 0 -1
    outer loop
      vertex 29.0783 -14.2745 1.4
      vertex 28.9178 -14.1118 1.4
      vertex 29.0064 -14.1852 1.4
    endloop
  endfacet
  facet normal 0 0 -1
    outer loop
      vertex 29.1677 -14.7177 1.4
      vertex 28.8162 -14.0557 1.4
      vertex 28.9178 -14.1118 1.4
    endloop
  endfacet
  facet normal 0 0 -1
    outer loop
      vertex 29.1677 -14.7177 1.4
      vertex 28.7066 -14.0207 1.4
      vertex 28.8162 -14.0557 1.4
    endloop
  endfacet
  facet normal 0 0 -1
    outer loop
      vertex 29.1677 -14.7177 1.4
      vertex 28.5918 -14.0075 1.4
      vertex 28.7066 -14.0207 1.4
    endloop
  endfacet
  facet normal 0 0 -1
    outer loop
      vertex 29.1295 -14.8472 1.4
      vertex 28.4562 -14.0178 1.4
      vertex 28.5918 -14.0075 1.4
    endloop
  endfacet
  facet normal 0 0 -1
    outer loop
      vertex 27.8581 -14.1233 1.4
      vertex 29.1295 -14.8472 1.4
      vertex 27.9091 -17.8797 1.4
    endloop
  endfacet
  facet normal 0 0 -1
    outer loop
      vertex 29.1295 -14.8472 1.4
      vertex 27.8581 -14.1233 1.4
      vertex 28.4562 -14.0178 1.4
    endloop
  endfacet
  facet normal 0 0 -1
    outer loop
      vertex 26.8717 -18.0459 1.4
      vertex 27.9091 -17.8797 1.4
      vertex 27.8408 -18.0075 1.4
    endloop
  endfacet
  facet normal 0 0 -1
    outer loop
      vertex 26.8717 -18.0459 1.4
      vertex 27.8408 -18.0075 1.4
      vertex 27.7626 -18.103 1.4
    endloop
  endfacet
  facet normal 0 0 -1
    outer loop
      vertex 26.8717 -18.0459 1.4
      vertex 27.7626 -18.103 1.4
      vertex 27.6672 -18.1787 1.4
    endloop
  endfacet
  facet normal 0 0 -1
    outer loop
      vertex 26.8717 -18.0459 1.4
      vertex 27.6672 -18.1787 1.4
      vertex 27.5567 -18.2342 1.4
    endloop
  endfacet
  facet normal 0 0 -1
    outer loop
      vertex 26.8717 -18.0459 1.4
      vertex 27.5567 -18.2342 1.4
      vertex 27.438 -18.266 1.4
    endloop
  endfacet
  facet normal 0 0 -1
    outer loop
      vertex 26.8717 -18.0459 1.4
      vertex 27.438 -18.266 1.4
      vertex 27.3157 -18.2725 1.4
    endloop
  endfacet
  facet normal 0 0 -1
    outer loop
      vertex 26.8717 -18.0459 1.4
      vertex 27.3157 -18.2725 1.4
      vertex 27.1935 -18.2538 1.4
    endloop
  endfacet
  facet normal 0 0 -1
    outer loop
      vertex 26.8717 -18.0459 1.4
      vertex 27.1935 -18.2538 1.4
      vertex 27.0777 -18.2107 1.4
    endloop
  endfacet
  facet normal 0 0 -1
    outer loop
      vertex 26.8717 -18.0459 1.4
      vertex 27.0777 -18.2107 1.4
      vertex 26.9739 -18.1457 1.4
    endloop
  endfacet
  facet normal -0 0 -1
    outer loop
      vertex 27.9091 -17.8797 1.4
      vertex 26.8717 -18.0459 1.4
      vertex 26.3787 -17.4592 1.4
    endloop
  endfacet
  facet normal 0 0 -1
    outer loop
      vertex 26.1967 -17.2802 1.4
      vertex 27.9091 -17.8797 1.4
      vertex 26.3787 -17.4592 1.4
    endloop
  endfacet
  facet normal 0 0 -1
    outer loop
      vertex 27.9091 -17.8797 1.4
      vertex 26.1967 -17.2802 1.4
      vertex 27.8581 -14.1233 1.4
    endloop
  endfacet
  facet normal 0 0 -1
    outer loop
      vertex 25.9655 -17.1293 1.4
      vertex 27.8581 -14.1233 1.4
      vertex 26.1967 -17.2802 1.4
    endloop
  endfacet
  facet normal 0 0 -1
    outer loop
      vertex 25.71 -17.0278 1.4
      vertex 27.8581 -14.1233 1.4
      vertex 25.9655 -17.1293 1.4
    endloop
  endfacet
  facet normal 0 0 -1
    outer loop
      vertex 25.4412 -16.9772 1.4
      vertex 27.8581 -14.1233 1.4
      vertex 25.71 -17.0278 1.4
    endloop
  endfacet
  facet normal 0 0 -1
    outer loop
      vertex 25.1671 -16.98 1.4
      vertex 27.8581 -14.1233 1.4
      vertex 25.4412 -16.9772 1.4
    endloop
  endfacet
  facet normal 0 0 -1
    outer loop
      vertex 24.8974 -17.0361 1.4
      vertex 27.8581 -14.1233 1.4
      vertex 25.1671 -16.98 1.4
    endloop
  endfacet
  facet normal 0 0 -1
    outer loop
      vertex 24.6445 -17.1448 1.4
      vertex 27.8581 -14.1233 1.4
      vertex 24.8974 -17.0361 1.4
    endloop
  endfacet
  facet normal 0 0 -1
    outer loop
      vertex 24.4339 -17.2887 1.4
      vertex 27.8581 -14.1233 1.4
      vertex 24.6445 -17.1448 1.4
    endloop
  endfacet
  facet normal 0 0 -1
    outer loop
      vertex 24.4339 -17.2887 1.4
      vertex 19.1029 35.5302 1.4
      vertex 27.8581 -14.1233 1.4
    endloop
  endfacet
  facet normal 0 0 -1
    outer loop
      vertex 11.2026 -28.4231 1.4
      vertex 19.1029 35.5302 1.4
      vertex 11.3818 -28.241 1.4
    endloop
  endfacet
  facet normal 0 0 -1
    outer loop
      vertex 11.3818 -28.241 1.4
      vertex 19.1029 35.5302 1.4
      vertex 24.4339 -17.2887 1.4
    endloop
  endfacet
  facet normal 0 0 -1
    outer loop
      vertex 36.4419 40.2612 1.4
      vertex 36.4927 40.4889 1.4
      vertex 36.4787 40.3728 1.4
    endloop
  endfacet
  facet normal 0 0 -1
    outer loop
      vertex 35.9796 39.9078 1.4
      vertex 36.4927 40.4889 1.4
      vertex 36.4419 40.2612 1.4
    endloop
  endfacet
  facet normal -0 0 -1
    outer loop
      vertex 36.4927 40.4889 1.4
      vertex 35.9796 39.9078 1.4
      vertex 36.4821 40.6255 1.4
    endloop
  endfacet
  facet normal -0 0 -1
    outer loop
      vertex 36.4821 40.6255 1.4
      vertex 35.9796 39.9078 1.4
      vertex 36.417 40.9948 1.4
    endloop
  endfacet
  facet normal 0 0 -1
    outer loop
      vertex 35.9796 39.9078 1.4
      vertex 36.4419 40.2612 1.4
      vertex 36.3844 40.1591 1.4
    endloop
  endfacet
  facet normal 0 0 -1
    outer loop
      vertex 53.756 45.7258 1.4
      vertex 53.8068 45.9535 1.4
      vertex 53.7928 45.8374 1.4
    endloop
  endfacet
  facet normal -0 0 -1
    outer loop
      vertex 53.8068 45.9535 1.4
      vertex 53.756 45.7258 1.4
      vertex 53.7962 46.0901 1.4
    endloop
  endfacet
  facet normal 0 0 -1
    outer loop
      vertex 53.6985 45.6237 1.4
      vertex 53.7962 46.0901 1.4
      vertex 53.756 45.7258 1.4
    endloop
  endfacet
  facet normal 0 0 -1
    outer loop
      vertex 53.6223 45.5348 1.4
      vertex 53.7962 46.0901 1.4
      vertex 53.6985 45.6237 1.4
    endloop
  endfacet
  facet normal 0 0 -1
    outer loop
      vertex 53.53 45.462 1.4
      vertex 53.7962 46.0901 1.4
      vertex 53.6223 45.5348 1.4
    endloop
  endfacet
  facet normal 0 0 -1
    outer loop
      vertex 53.4257 45.4092 1.4
      vertex 53.7962 46.0901 1.4
      vertex 53.53 45.462 1.4
    endloop
  endfacet
  facet normal 0 0 -1
    outer loop
      vertex 53.2937 45.3724 1.4
      vertex 53.7962 46.0901 1.4
      vertex 53.4257 45.4092 1.4
    endloop
  endfacet
  facet normal 0 0 -1
    outer loop
      vertex 53.2937 45.3724 1.4
      vertex 52.9931 50.6448 1.4
      vertex 53.7962 46.0901 1.4
    endloop
  endfacet
  facet normal 0 0 -1
    outer loop
      vertex 37.5368 42.594 1.4
      vertex 52.9931 50.6448 1.4
      vertex 53.2937 45.3724 1.4
    endloop
  endfacet
  facet normal -0 0 -1
    outer loop
      vertex 52.9931 50.6448 1.4
      vertex 37.5368 42.594 1.4
      vertex 52.9734 50.8989 1.4
    endloop
  endfacet
  facet normal 0 0 -1
    outer loop
      vertex 61.9613 53.8998 1.4
      vertex 62.0121 54.1275 1.4
      vertex 61.9981 54.0114 1.4
    endloop
  endfacet
  facet normal 0 0 -1
    outer loop
      vertex 61.4989 53.5464 1.4
      vertex 62.0121 54.1275 1.4
      vertex 61.9613 53.8998 1.4
    endloop
  endfacet
  facet normal -0 0 -1
    outer loop
      vertex 62.0121 54.1275 1.4
      vertex 61.4989 53.5464 1.4
      vertex 62.0015 54.2641 1.4
    endloop
  endfacet
  facet normal -0 0 -1
    outer loop
      vertex 62.0015 54.2641 1.4
      vertex 61.4989 53.5464 1.4
      vertex 61.932 54.658 1.4
    endloop
  endfacet
  facet normal 0 0 -1
    outer loop
      vertex 61.4989 53.5464 1.4
      vertex 61.9613 53.8998 1.4
      vertex 61.9038 53.7977 1.4
    endloop
  endfacet
  facet normal 0 0 -1
    outer loop
      vertex 105.929 63.8177 1.4
      vertex 106.115 63.8356 1.4
      vertex 106.14 63.834 1.4
    endloop
  endfacet
  facet normal 0 0 -1
    outer loop
      vertex 61.4989 53.5464 1.4
      vertex 61.9038 53.7977 1.4
      vertex 61.8275 53.7088 1.4
    endloop
  endfacet
  facet normal 0 0 -1
    outer loop
      vertex 61.6309 53.5832 1.4
      vertex 61.8275 53.7088 1.4
      vertex 61.7353 53.636 1.4
    endloop
  endfacet
  facet normal -0 0 -1
    outer loop
      vertex 61.932 54.658 1.4
      vertex 61.4989 53.5464 1.4
      vertex 61.9123 54.9121 1.4
    endloop
  endfacet
  facet normal 0 0 -1
    outer loop
      vertex 61.8275 53.7088 1.4
      vertex 61.6309 53.5832 1.4
      vertex 61.4989 53.5464 1.4
    endloop
  endfacet
  facet normal 0 0 -1
    outer loop
      vertex 54.113 52.2441 1.4
      vertex 61.9123 54.9121 1.4
      vertex 61.4989 53.5464 1.4
    endloop
  endfacet
  facet normal -0 0 -1
    outer loop
      vertex 61.9123 54.9121 1.4
      vertex 54.113 52.2441 1.4
      vertex 61.9453 55.1861 1.4
    endloop
  endfacet
  facet normal 0 0 -1
    outer loop
      vertex 54.113 52.2441 1.4
      vertex 62.0316 55.4475 1.4
      vertex 61.9453 55.1861 1.4
    endloop
  endfacet
  facet normal 0 0 -1
    outer loop
      vertex 54.113 52.2441 1.4
      vertex 62.1659 55.6859 1.4
      vertex 62.0316 55.4475 1.4
    endloop
  endfacet
  facet normal 0 0 -1
    outer loop
      vertex 54.113 52.2441 1.4
      vertex 62.344 55.8937 1.4
      vertex 62.1659 55.6859 1.4
    endloop
  endfacet
  facet normal 0 0 -1
    outer loop
      vertex 54.113 52.2441 1.4
      vertex 62.5601 56.0641 1.4
      vertex 62.344 55.8937 1.4
    endloop
  endfacet
  facet normal 0 0 -1
    outer loop
      vertex 53.8674 52.1756 1.4
      vertex 62.5601 56.0641 1.4
      vertex 54.113 52.2441 1.4
    endloop
  endfacet
  facet normal 0 0 -1
    outer loop
      vertex 10.9 63.8356 1.4
      vertex 62.5601 56.0641 1.4
      vertex 53.8674 52.1756 1.4
    endloop
  endfacet
  facet normal 0 0 -1
    outer loop
      vertex 37.5368 42.594 1.4
      vertex 53.0064 51.1729 1.4
      vertex 52.9734 50.8989 1.4
    endloop
  endfacet
  facet normal 0 0 -1
    outer loop
      vertex 37.5368 42.594 1.4
      vertex 53.0927 51.4343 1.4
      vertex 53.0064 51.1729 1.4
    endloop
  endfacet
  facet normal 0 0 -1
    outer loop
      vertex 37.5368 42.594 1.4
      vertex 53.227 51.6727 1.4
      vertex 53.0927 51.4343 1.4
    endloop
  endfacet
  facet normal 0 0 -1
    outer loop
      vertex 10.9 63.8356 1.4
      vertex 53.227 51.6727 1.4
      vertex 37.5368 42.594 1.4
    endloop
  endfacet
  facet normal 0 0 -1
    outer loop
      vertex 53.227 51.6727 1.4
      vertex 10.9 63.8356 1.4
      vertex 53.405 51.8805 1.4
    endloop
  endfacet
  facet normal 0 0 -1
    outer loop
      vertex 10.9 63.8356 1.4
      vertex 37.5368 42.594 1.4
      vertex 37.2913 42.5256 1.4
    endloop
  endfacet
  facet normal 0 0 -1
    outer loop
      vertex 10.9 63.8356 1.4
      vertex 37.2913 42.5256 1.4
      vertex 37.0451 42.4009 1.4
    endloop
  endfacet
  facet normal 0 0 -1
    outer loop
      vertex 35.9796 39.9078 1.4
      vertex 36.3844 40.1591 1.4
      vertex 36.3081 40.0702 1.4
    endloop
  endfacet
  facet normal 0 0 -1
    outer loop
      vertex 36.1116 39.9446 1.4
      vertex 36.3081 40.0702 1.4
      vertex 36.2159 39.9974 1.4
    endloop
  endfacet
  facet normal -0 0 -1
    outer loop
      vertex 36.417 40.9948 1.4
      vertex 35.9796 39.9078 1.4
      vertex 36.3973 41.2489 1.4
    endloop
  endfacet
  facet normal 0 0 -1
    outer loop
      vertex 36.3081 40.0702 1.4
      vertex 36.1116 39.9446 1.4
      vertex 35.9796 39.9078 1.4
    endloop
  endfacet
  facet normal -0 0 -1
    outer loop
      vertex 36.3973 41.2489 1.4
      vertex 35.9796 39.9078 1.4
      vertex 36.4303 41.5229 1.4
    endloop
  endfacet
  facet normal 0 0 -1
    outer loop
      vertex 20.2227 37.1295 1.4
      vertex 36.4303 41.5229 1.4
      vertex 35.9796 39.9078 1.4
    endloop
  endfacet
  facet normal 0 0 -1
    outer loop
      vertex 20.2227 37.1295 1.4
      vertex 36.5165 41.7843 1.4
      vertex 36.4303 41.5229 1.4
    endloop
  endfacet
  facet normal 0 0 -1
    outer loop
      vertex 20.2227 37.1295 1.4
      vertex 36.6509 42.0227 1.4
      vertex 36.5165 41.7843 1.4
    endloop
  endfacet
  facet normal 0 0 -1
    outer loop
      vertex 20.2227 37.1295 1.4
      vertex 36.8289 42.2305 1.4
      vertex 36.6509 42.0227 1.4
    endloop
  endfacet
  facet normal 0 0 -1
    outer loop
      vertex 10.9 63.8356 1.4
      vertex 36.8289 42.2305 1.4
      vertex 20.2227 37.1295 1.4
    endloop
  endfacet
  facet normal 0 0 -1
    outer loop
      vertex 36.8289 42.2305 1.4
      vertex 10.9 63.8356 1.4
      vertex 37.0451 42.4009 1.4
    endloop
  endfacet
  facet normal 0 0 -1
    outer loop
      vertex 53.405 51.8805 1.4
      vertex 10.9 63.8356 1.4
      vertex 53.6212 52.051 1.4
    endloop
  endfacet
  facet normal 0 0 -1
    outer loop
      vertex 53.6212 52.051 1.4
      vertex 10.9 63.8356 1.4
      vertex 53.8674 52.1756 1.4
    endloop
  endfacet
  facet normal 0 0 -1
    outer loop
      vertex 10.9 63.8356 1.4
      vertex 20.2227 37.1295 1.4
      vertex 19.9771 37.061 1.4
    endloop
  endfacet
  facet normal 0 0 -1
    outer loop
      vertex 11.0517 -28.6543 1.4
      vertex 19.1029 35.5302 1.4
      vertex 11.2026 -28.4231 1.4
    endloop
  endfacet
  facet normal 0 0 -1
    outer loop
      vertex 10.9 63.8356 1.4
      vertex 19.1029 35.5302 1.4
      vertex 11.0517 -28.6543 1.4
    endloop
  endfacet
  facet normal 0 0 -1
    outer loop
      vertex 19.1029 35.5302 1.4
      vertex 10.9 63.8356 1.4
      vertex 19.0832 35.7843 1.4
    endloop
  endfacet
  facet normal 0 0 -1
    outer loop
      vertex 10.9 63.8356 1.4
      vertex 11.0517 -28.6543 1.4
      vertex 10.9502 -28.9098 1.4
    endloop
  endfacet
  facet normal 0 0 -1
    outer loop
      vertex 10.9 63.8356 1.4
      vertex 10.9502 -28.9098 1.4
      vertex 10.9 -29.1766 1.4
    endloop
  endfacet
  facet normal 0 0 -1
    outer loop
      vertex 105.929 63.8177 1.4
      vertex 10.9 63.8356 1.4
      vertex 106.115 63.8356 1.4
    endloop
  endfacet
  facet normal 0 0 -1
    outer loop
      vertex 63.0519 56.2573 1.4
      vertex 10.9 63.8356 1.4
      vertex 105.929 63.8177 1.4
    endloop
  endfacet
  facet normal 0 0 -1
    outer loop
      vertex 62.8063 56.1889 1.4
      vertex 10.9 63.8356 1.4
      vertex 63.0519 56.2573 1.4
    endloop
  endfacet
  facet normal 0 0 -1
    outer loop
      vertex 62.5601 56.0641 1.4
      vertex 10.9 63.8356 1.4
      vertex 62.8063 56.1889 1.4
    endloop
  endfacet
  facet normal 0 0 -1
    outer loop
      vertex 19.731 36.9364 1.4
      vertex 10.9 63.8356 1.4
      vertex 19.9771 37.061 1.4
    endloop
  endfacet
  facet normal 0 0 -1
    outer loop
      vertex 19.5148 36.7659 1.4
      vertex 10.9 63.8356 1.4
      vertex 19.731 36.9364 1.4
    endloop
  endfacet
  facet normal 0 0 -1
    outer loop
      vertex 19.3367 36.5581 1.4
      vertex 10.9 63.8356 1.4
      vertex 19.5148 36.7659 1.4
    endloop
  endfacet
  facet normal 0 0 -1
    outer loop
      vertex 19.2024 36.3197 1.4
      vertex 10.9 63.8356 1.4
      vertex 19.3367 36.5581 1.4
    endloop
  endfacet
  facet normal 0 0 -1
    outer loop
      vertex 19.1161 36.0583 1.4
      vertex 10.9 63.8356 1.4
      vertex 19.2024 36.3197 1.4
    endloop
  endfacet
  facet normal 0 0 -1
    outer loop
      vertex 19.0832 35.7843 1.4
      vertex 10.9 63.8356 1.4
      vertex 19.1161 36.0583 1.4
    endloop
  endfacet
  facet normal 0 0 1
    outer loop
      vertex 118.849 -8.87151 1.4
      vertex 118.88 -8.83296 1.4
      vertex 118.849 -8.87143 1.4
    endloop
  endfacet
  facet normal 0 0 -1
    outer loop
      vertex 39.1574 -34.5952 1.4
      vertex 40.1338 -34.3369 1.4
      vertex 49.2954 -36.7467 1.4
    endloop
  endfacet
  facet normal 0 -0 -1
    outer loop
      vertex 39.6841 -34.3778 1.4
      vertex 40.1338 -34.3369 1.4
      vertex 39.3979 -34.5107 1.4
    endloop
  endfacet
  facet normal -0 0 -1
    outer loop
      vertex 40.1338 -34.3369 1.4
      vertex 39.6841 -34.3778 1.4
      vertex 39.9743 -34.3146 1.4
    endloop
  endfacet
  facet normal 0 0 -1
    outer loop
      vertex 39.9743 -34.3146 1.4
      vertex 39.6841 -34.3778 1.4
      vertex 39.8368 -34.3268 1.4
    endloop
  endfacet
  facet normal 0 0 -1
    outer loop
      vertex 40.1338 -34.3369 1.4
      vertex 39.1574 -34.5952 1.4
      vertex 39.3979 -34.5107 1.4
    endloop
  endfacet
  facet normal 0 0 -1
    outer loop
      vertex 49.2954 -36.7467 1.4
      vertex 38.8849 -34.6347 1.4
      vertex 39.1574 -34.5952 1.4
    endloop
  endfacet
  facet normal 0 0 -1
    outer loop
      vertex 22.8228 -41.8766 1.4
      vertex 38.8849 -34.6347 1.4
      vertex 49.2954 -36.7467 1.4
    endloop
  endfacet
  facet normal 0 0 -1
    outer loop
      vertex 37.5636 -33.843 1.4
      vertex 34.1133 -32.7544 1.4
      vertex 37.4669 -33.6361 1.4
    endloop
  endfacet
  facet normal 0 0 -1
    outer loop
      vertex 37.6933 -34.0627 1.4
      vertex 34.1133 -32.7544 1.4
      vertex 37.5636 -33.843 1.4
    endloop
  endfacet
  facet normal 0 0 -1
    outer loop
      vertex 33.5425 -32.8821 1.4
      vertex 37.6933 -34.0627 1.4
      vertex 37.8763 -34.2673 1.4
    endloop
  endfacet
  facet normal 0 0 -1
    outer loop
      vertex 33.5425 -32.8821 1.4
      vertex 37.8763 -34.2673 1.4
      vertex 38.0967 -34.4325 1.4
    endloop
  endfacet
  facet normal 0 0 -1
    outer loop
      vertex 22.8228 -41.8766 1.4
      vertex 38.0967 -34.4325 1.4
      vertex 38.3449 -34.5507 1.4
    endloop
  endfacet
  facet normal 0 0 -1
    outer loop
      vertex 37.6933 -34.0627 1.4
      vertex 33.5425 -32.8821 1.4
      vertex 34.1133 -32.7544 1.4
    endloop
  endfacet
  facet normal -0 0 -1
    outer loop
      vertex 34.1133 -32.7544 1.4
      vertex 33.5425 -32.8821 1.4
      vertex 33.9814 -32.7328 1.4
    endloop
  endfacet
  facet normal 0 0 -1
    outer loop
      vertex 33.9814 -32.7328 1.4
      vertex 33.5425 -32.8821 1.4
      vertex 33.8675 -32.736 1.4
    endloop
  endfacet
  facet normal 0 0 -1
    outer loop
      vertex 33.8675 -32.736 1.4
      vertex 33.5425 -32.8821 1.4
      vertex 33.7571 -32.7608 1.4
    endloop
  endfacet
  facet normal 0 0 -1
    outer loop
      vertex 33.7571 -32.7608 1.4
      vertex 33.5425 -32.8821 1.4
      vertex 33.6518 -32.8069 1.4
    endloop
  endfacet
  facet normal -0 0 -1
    outer loop
      vertex 38.0967 -34.4325 1.4
      vertex 22.8228 -41.8766 1.4
      vertex 33.5425 -32.8821 1.4
    endloop
  endfacet
  facet normal -0 0 -1
    outer loop
      vertex 38.6096 -34.6191 1.4
      vertex 22.8228 -41.8766 1.4
      vertex 38.3449 -34.5507 1.4
    endloop
  endfacet
  facet normal -0 0 -1
    outer loop
      vertex 38.8849 -34.6347 1.4
      vertex 22.8228 -41.8766 1.4
      vertex 38.6096 -34.6191 1.4
    endloop
  endfacet
  facet normal 0 0 -1
    outer loop
      vertex 22.6122 -42.0205 1.4
      vertex 49.2954 -36.7467 1.4
      vertex 49.5694 -36.7882 1.4
    endloop
  endfacet
  facet normal 0 0 -1
    outer loop
      vertex 22.3593 -42.1292 1.4
      vertex 49.5694 -36.7882 1.4
      vertex 49.8509 -36.7708 1.4
    endloop
  endfacet
  facet normal 0 0 -1
    outer loop
      vertex 49.2954 -36.7467 1.4
      vertex 22.6122 -42.0205 1.4
      vertex 22.8228 -41.8766 1.4
    endloop
  endfacet
  facet normal 0 0 -1
    outer loop
      vertex 49.5694 -36.7882 1.4
      vertex 22.3593 -42.1292 1.4
      vertex 22.6122 -42.0205 1.4
    endloop
  endfacet
  facet normal 0 0 -1
    outer loop
      vertex 22.2126 -42.1609 1.4
      vertex 22.3593 -42.1292 1.4
      vertex 49.8509 -36.7708 1.4
    endloop
  endfacet
  facet normal 0 0 -1
    outer loop
      vertex 22.3593 -42.1292 1.4
      vertex 22.2126 -42.1609 1.4
      vertex 22.2019 -42.162 1.4
    endloop
  endfacet
  facet normal 0 0 1
    outer loop
      vertex 107.48 62.8734 1.4
      vertex 107.48 62.8733 1.4
      vertex 107.496 62.8161 1.4
    endloop
  endfacet
  facet normal -0.34804 0.93748 0
    outer loop
      vertex 94.1273 -27.5054 1.39
      vertex 94.1273 -27.5054 0
      vertex 93.6772 -27.6725 1.39
    endloop
  endfacet
  facet normal -0.348154 0.937437 0
    outer loop
      vertex 93.6772 -27.6725 1.39
      vertex 93.4591 -27.7535 1.4
      vertex 93.6772 -27.6725 1.4
    endloop
  endfacet
  facet normal -0.348077 0.937466 -1.37168e-05
    outer loop
      vertex 93.4591 -27.7535 0
      vertex 93.6772 -27.6725 1.39
      vertex 94.1273 -27.5054 0
    endloop
  endfacet
  facet normal -0.348154 0.937437 0
    outer loop
      vertex 93.6772 -27.6725 1.39
      vertex 93.4591 -27.7535 0
      vertex 93.4591 -27.7535 1.4
    endloop
  endfacet
  facet normal -0.806593 0.591107 0
    outer loop
      vertex 118.913 -8.79218 0
      vertex 118.935 -8.76216 1.39
      vertex 118.935 -8.76216 0
    endloop
  endfacet
  facet normal -0.806593 0.591107 0
    outer loop
      vertex 118.935 -8.76216 1.39
      vertex 118.913 -8.79218 0
      vertex 118.913 -8.79218 1.39
    endloop
  endfacet
  facet normal -0.184451 -0.982842 0
    outer loop
      vertex 106.353 63.817 0
      vertex 106.499 63.7896 1.39
      vertex 106.353 63.817 1.39
    endloop
  endfacet
  facet normal -0.184451 -0.982842 -0
    outer loop
      vertex 106.499 63.7896 1.39
      vertex 106.353 63.817 0
      vertex 106.499 63.7896 0
    endloop
  endfacet
  facet normal -0.298084 0.95454 0
    outer loop
      vertex 93.3885 -27.7776 0
      vertex 92.7061 -27.9907 1.39
      vertex 93.3885 -27.7776 1.39
    endloop
  endfacet
  facet normal -0.298084 0.95454 0
    outer loop
      vertex 92.7061 -27.9907 1.39
      vertex 93.3885 -27.7776 0
      vertex 92.7061 -27.9907 0
    endloop
  endfacet
  facet normal -0.975492 -0.220036 0
    outer loop
      vertex 107.54 62.6307 0
      vertex 107.51 62.7637 1.39
      vertex 107.51 62.7637 0
    endloop
  endfacet
  facet normal -0.975492 -0.220036 0
    outer loop
      vertex 107.51 62.7637 1.39
      vertex 107.54 62.6307 0
      vertex 107.54 62.6307 1.39
    endloop
  endfacet
  facet normal -0.374154 0.927367 0
    outer loop
      vertex 94.1967 -27.4774 0
      vertex 94.1273 -27.5054 1.39
      vertex 94.1967 -27.4774 1.39
    endloop
  endfacet
  facet normal -0.374154 0.927367 0
    outer loop
      vertex 94.1273 -27.5054 1.39
      vertex 94.1967 -27.4774 0
      vertex 94.1273 -27.5054 0
    endloop
  endfacet
  facet normal -0.0100296 0.99995 0
    outer loop
      vertex 21.9591 -42.1867 0
      vertex 21.8594 -42.1877 1.39
      vertex 21.9591 -42.1867 1.39
    endloop
  endfacet
  facet normal -0.0100296 0.99995 0
    outer loop
      vertex 21.8594 -42.1877 1.39
      vertex 21.9591 -42.1867 0
      vertex 21.8594 -42.1877 0
    endloop
  endfacet
  facet normal -1 0 0
    outer loop
      vertex 118.849 -8.87143 0
      vertex 118.849 -8.87151 1.39
      vertex 118.849 -8.87143 1.4
    endloop
  endfacet
  facet normal -0.739563 0.673087 3.87388e-05
    outer loop
      vertex 118.752 -8.97801 0
      vertex 118.849 -8.87151 1.39
      vertex 118.849 -8.87143 0
    endloop
  endfacet
  facet normal -0.739312 0.673364 0
    outer loop
      vertex 118.849 -8.87151 1.39
      vertex 118.752 -8.97801 0
      vertex 118.752 -8.97801 1.39
    endloop
  endfacet
  facet normal -1 -0 0
    outer loop
      vertex 118.849 -8.87143 1.4
      vertex 118.849 -8.87151 1.39
      vertex 118.849 -8.87151 1.4
    endloop
  endfacet
  facet normal -0.955459 -0.295123 0
    outer loop
      vertex 107.472 62.8993 0
      vertex 107.48 62.8734 1.39
      vertex 107.472 62.8993 1.39
    endloop
  endfacet
  facet normal -0.955779 -0.294086 2.11573e-05
    outer loop
      vertex 107.48 62.8733 0
      vertex 107.48 62.8734 1.39
      vertex 107.472 62.8993 0
    endloop
  endfacet
  facet normal -1 0 0
    outer loop
      vertex 107.48 62.8733 1.4
      vertex 107.48 62.8734 1.39
      vertex 107.48 62.8733 0
    endloop
  endfacet
  facet normal -1 0 0
    outer loop
      vertex 107.48 62.8734 1.39
      vertex 107.48 62.8733 1.4
      vertex 107.48 62.8734 1.4
    endloop
  endfacet
  facet normal -0.223645 0.974671 0
    outer loop
      vertex 91.9424 -28.1879 1.39
      vertex 91.9424 -28.1879 0
      vertex 91.8779 -28.2027 1.39
    endloop
  endfacet
  facet normal -0.221621 0.975133 0
    outer loop
      vertex 91.8779 -28.2027 1.39
      vertex 91.8757 -28.2032 1.4
      vertex 91.8779 -28.2027 1.4
    endloop
  endfacet
  facet normal -0.223579 0.974686 3.25901e-06
    outer loop
      vertex 91.8757 -28.2032 0
      vertex 91.8779 -28.2027 1.39
      vertex 91.9424 -28.1879 0
    endloop
  endfacet
  facet normal -0.221621 0.975133 0
    outer loop
      vertex 91.8779 -28.2027 1.39
      vertex 91.8757 -28.2032 0
      vertex 91.8757 -28.2032 1.4
    endloop
  endfacet
  facet normal -0.963034 -0.26938 0
    outer loop
      vertex 107.48 62.8733 0
      vertex 107.496 62.8161 1.39
      vertex 107.48 62.8733 1.4
    endloop
  endfacet
  facet normal -0.96452 -0.264011 0.000238053
    outer loop
      vertex 107.51 62.7637 0
      vertex 107.496 62.8161 1.39
      vertex 107.48 62.8733 0
    endloop
  endfacet
  facet normal -0.966112 -0.258122 0
    outer loop
      vertex 107.496 62.8161 1.39
      vertex 107.51 62.7637 0
      vertex 107.51 62.7637 1.39
    endloop
  endfacet
  facet normal -0.963034 -0.26938 0
    outer loop
      vertex 107.48 62.8733 1.4
      vertex 107.496 62.8161 1.39
      vertex 107.496 62.8161 1.4
    endloop
  endfacet
  facet normal -0.979673 0.2006 0
    outer loop
      vertex 119.169 -8.18102 0
      vertex 119.565 -6.24707 1.4
      vertex 119.565 -6.24707 0
    endloop
  endfacet
  facet normal -0.979673 0.2006 0
    outer loop
      vertex 119.565 -6.24707 1.4
      vertex 119.169 -8.18102 0
      vertex 119.169 -8.18102 1.4
    endloop
  endfacet
  facet normal -0.31716 -0.948372 0
    outer loop
      vertex 106.528 63.7812 0
      vertex 106.589 63.7608 1.39
      vertex 106.528 63.7812 1.39
    endloop
  endfacet
  facet normal -0.31716 -0.948372 -0
    outer loop
      vertex 106.589 63.7608 1.39
      vertex 106.528 63.7812 0
      vertex 106.589 63.7608 0
    endloop
  endfacet
  facet normal 0 0 1
    outer loop
      vertex 21.9591 -42.1867 1.39
      vertex 22.0896 -42.1853 1.39
      vertex 22.2019 -42.162 1.39
    endloop
  endfacet
  facet normal 0 0 -1
    outer loop
      vertex 21.8594 -42.1877 1.39
      vertex 22.0896 -42.1853 1.39
      vertex 21.9591 -42.1867 1.39
    endloop
  endfacet
  facet normal -0 0 -1
    outer loop
      vertex 21.8594 -42.1877 1.39
      vertex 21.8154 -42.1881 1.39
      vertex 22.0896 -42.1853 1.39
    endloop
  endfacet
  facet normal -0 0 1
    outer loop
      vertex 21.8469 -42.1877 1.39
      vertex 21.8154 -42.1881 1.39
      vertex 21.8594 -42.1877 1.39
    endloop
  endfacet
  facet normal 0 -0 1
    outer loop
      vertex 21.8154 -42.1881 1.39
      vertex 21.8469 -42.1877 1.39
      vertex 21.8134 -42.1877 1.39
    endloop
  endfacet
  facet normal -0 0 1
    outer loop
      vertex 10.8996 -29.1785 1.39
      vertex 10.9 -29.215 1.39
      vertex 10.9 -29.1766 1.39
    endloop
  endfacet
  facet normal 0 0 1
    outer loop
      vertex 119.606 -5.94026 1.39
      vertex 119.598 -5.83545 1.39
      vertex 119.6 -5.98541 1.39
    endloop
  endfacet
  facet normal 0 0 1
    outer loop
      vertex 119.606 -5.94026 1.39
      vertex 119.592 -5.75388 1.39
      vertex 119.598 -5.83545 1.39
    endloop
  endfacet
  facet normal 0 0 1
    outer loop
      vertex 119.587 -5.6861 1.39
      vertex 119.592 -5.75388 1.39
      vertex 119.606 -5.94026 1.39
    endloop
  endfacet
  facet normal 0 0 1
    outer loop
      vertex 119.592 -5.75388 1.39
      vertex 119.587 -5.6861 1.39
      vertex 119.575 -5.61926 1.39
    endloop
  endfacet
  facet normal 0 0 1
    outer loop
      vertex 119.598 -6.01257 1.39
      vertex 119.606 -5.94026 1.39
      vertex 119.6 -5.98541 1.39
    endloop
  endfacet
  facet normal 0 0 -1
    outer loop
      vertex 119.606 -5.94026 1.39
      vertex 119.598 -6.01257 1.39
      vertex 119.592 -6.06237 1.39
    endloop
  endfacet
  facet normal 0 0 1
    outer loop
      vertex 107.529 62.6979 1.39
      vertex 107.54 62.6307 1.39
      vertex 117.562 5.79824 1.39
    endloop
  endfacet
  facet normal 0 0 1
    outer loop
      vertex 107.54 62.6307 1.39
      vertex 107.529 62.6979 1.39
      vertex 107.51 62.7637 1.39
    endloop
  endfacet
  facet normal 0 0 1
    outer loop
      vertex 107.529 62.6979 1.39
      vertex 107.496 62.8161 1.39
      vertex 107.51 62.7637 1.39
    endloop
  endfacet
  facet normal 0 0 1
    outer loop
      vertex 106.457 63.8044 1.39
      vertex 106.353 63.817 1.39
      vertex 106.499 63.7896 1.39
    endloop
  endfacet
  facet normal 0 0 -1
    outer loop
      vertex 106.457 63.8044 1.39
      vertex 106.282 63.8255 1.39
      vertex 106.353 63.817 1.39
    endloop
  endfacet
  facet normal 0 0 -1
    outer loop
      vertex 106.183 63.8374 1.39
      vertex 106.282 63.8255 1.39
      vertex 106.457 63.8044 1.39
    endloop
  endfacet
  facet normal 0 0 1
    outer loop
      vertex 106.282 63.8255 1.39
      vertex 106.183 63.8374 1.39
      vertex 106.14 63.834 1.39
    endloop
  endfacet
  facet normal 0 0 1
    outer loop
      vertex 107.46 62.9434 1.39
      vertex 107.472 62.8993 1.39
      vertex 107.48 62.8734 1.39
    endloop
  endfacet
  facet normal 0 0 1
    outer loop
      vertex 107.46 62.9434 1.39
      vertex 107.413 63.0373 1.39
      vertex 107.472 62.8993 1.39
    endloop
  endfacet
  facet normal 0 0 -1
    outer loop
      vertex 107.46 62.9434 1.39
      vertex 107.369 63.1235 1.39
      vertex 107.413 63.0373 1.39
    endloop
  endfacet
  facet normal 0 0 1
    outer loop
      vertex 107.336 63.1896 1.39
      vertex 107.369 63.1235 1.39
      vertex 107.46 62.9434 1.39
    endloop
  endfacet
  facet normal 0 0 1
    outer loop
      vertex 107.336 63.1896 1.39
      vertex 107.355 63.1496 1.39
      vertex 107.369 63.1235 1.39
    endloop
  endfacet
  facet normal 0 0 1
    outer loop
      vertex 107.336 63.1896 1.39
      vertex 107.27 63.2722 1.39
      vertex 107.355 63.1496 1.39
    endloop
  endfacet
  facet normal 0 0 1
    outer loop
      vertex 107.336 63.1896 1.39
      vertex 107.249 63.2988 1.39
      vertex 107.27 63.2722 1.39
    endloop
  endfacet
  facet normal 0 0 1
    outer loop
      vertex 107.165 63.4058 1.39
      vertex 107.249 63.2988 1.39
      vertex 107.336 63.1896 1.39
    endloop
  endfacet
  facet normal 0 0 1
    outer loop
      vertex 107.165 63.4058 1.39
      vertex 107.062 63.4944 1.39
      vertex 107.249 63.2988 1.39
    endloop
  endfacet
  facet normal 0 0 -1
    outer loop
      vertex 106.957 63.5839 1.39
      vertex 107.062 63.4944 1.39
      vertex 107.165 63.4058 1.39
    endloop
  endfacet
  facet normal 0 0 1
    outer loop
      vertex 106.957 63.5839 1.39
      vertex 107.061 63.4946 1.39
      vertex 107.062 63.4944 1.39
    endloop
  endfacet
  facet normal 0 0 1
    outer loop
      vertex 106.957 63.5839 1.39
      vertex 106.838 63.6512 1.39
      vertex 107.061 63.4946 1.39
    endloop
  endfacet
  facet normal 0 0 1
    outer loop
      vertex 106.957 63.5839 1.39
      vertex 106.838 63.6513 1.39
      vertex 106.838 63.6512 1.39
    endloop
  endfacet
  facet normal 0 0 -1
    outer loop
      vertex 106.719 63.7182 1.39
      vertex 106.838 63.6513 1.39
      vertex 106.957 63.5839 1.39
    endloop
  endfacet
  facet normal 0 0 1
    outer loop
      vertex 106.719 63.7182 1.39
      vertex 106.589 63.7608 1.39
      vertex 106.838 63.6513 1.39
    endloop
  endfacet
  facet normal 0 0 -1
    outer loop
      vertex 106.499 63.7896 1.39
      vertex 106.528 63.7812 1.39
      vertex 106.589 63.7608 1.39
    endloop
  endfacet
  facet normal 0 0 1
    outer loop
      vertex 106.457 63.8044 1.39
      vertex 106.499 63.7896 1.39
      vertex 106.589 63.7608 1.39
    endloop
  endfacet
  facet normal -0 -0 1
    outer loop
      vertex 106.589 63.7608 1.39
      vertex 106.719 63.7182 1.39
      vertex 106.457 63.8044 1.39
    endloop
  endfacet
  facet normal 0 0 1
    outer loop
      vertex 119.567 -6.23431 1.39
      vertex 119.573 -6.21421 1.39
      vertex 119.583 -6.13383 1.39
    endloop
  endfacet
  facet normal 0 0 1
    outer loop
      vertex 119.147 -8.27255 1.39
      vertex 119.167 -8.19904 1.39
      vertex 119.168 -8.18455 1.39
    endloop
  endfacet
  facet normal 0 0 -1
    outer loop
      vertex 119.119 -8.37442 1.39
      vertex 119.167 -8.19904 1.39
      vertex 119.147 -8.27255 1.39
    endloop
  endfacet
  facet normal -0 0 -1
    outer loop
      vertex 119.119 -8.37442 1.39
      vertex 119.091 -8.47614 1.39
      vertex 119.167 -8.19904 1.39
    endloop
  endfacet
  facet normal 0 0 1
    outer loop
      vertex 119.07 -8.5148 1.39
      vertex 119.091 -8.47614 1.39
      vertex 119.119 -8.37442 1.39
    endloop
  endfacet
  facet normal 0 0 1
    outer loop
      vertex 119.091 -8.47614 1.39
      vertex 119.07 -8.5148 1.39
      vertex 119.057 -8.54263 1.39
    endloop
  endfacet
  facet normal 0 0 1
    outer loop
      vertex 118.752 -8.97801 1.39
      vertex 118.782 -8.9557 1.39
      vertex 118.849 -8.87151 1.39
    endloop
  endfacet
  facet normal 0 0 1
    outer loop
      vertex 118.72 -9.00722 1.39
      vertex 118.782 -8.9557 1.39
      vertex 118.752 -8.97801 1.39
    endloop
  endfacet
  facet normal 0 0 -1
    outer loop
      vertex 118.782 -8.9557 1.39
      vertex 118.72 -9.00722 1.39
      vertex 118.621 -9.0887 1.39
    endloop
  endfacet
  facet normal -0 0 1
    outer loop
      vertex 118.574 -9.1266 1.39
      vertex 118.56 -9.13857 1.39
      vertex 118.6 -9.1053 1.39
    endloop
  endfacet
  facet normal 0 -0 1
    outer loop
      vertex 118.56 -9.13857 1.39
      vertex 118.574 -9.1266 1.39
      vertex 118.556 -9.14084 1.39
    endloop
  endfacet
  facet normal -0 0 1
    outer loop
      vertex 119.009 -8.63623 1.39
      vertex 118.961 -8.7313 1.39
      vertex 119.057 -8.54315 1.39
    endloop
  endfacet
  facet normal 0 0 1
    outer loop
      vertex 118.935 -8.76216 1.39
      vertex 118.961 -8.7313 1.39
      vertex 119.009 -8.63623 1.39
    endloop
  endfacet
  facet normal 0 0 1
    outer loop
      vertex 118.913 -8.79218 1.39
      vertex 118.961 -8.7313 1.39
      vertex 118.935 -8.76216 1.39
    endloop
  endfacet
  facet normal 0 0 -1
    outer loop
      vertex 118.961 -8.7313 1.39
      vertex 118.913 -8.79218 1.39
      vertex 118.88 -8.83296 1.39
    endloop
  endfacet
  facet normal 0 0 1
    outer loop
      vertex 93.3885 -27.7776 1.39
      vertex 93.4239 -27.7665 1.39
      vertex 93.4588 -27.7536 1.39
    endloop
  endfacet
  facet normal 0 0 -1
    outer loop
      vertex 92.7061 -27.9907 1.39
      vertex 93.4239 -27.7665 1.39
      vertex 93.3885 -27.7776 1.39
    endloop
  endfacet
  facet normal -0 0 -1
    outer loop
      vertex 92.7061 -27.9907 1.39
      vertex 92.6714 -28.0015 1.39
      vertex 93.4239 -27.7665 1.39
    endloop
  endfacet
  facet normal 0 0 1
    outer loop
      vertex 92.6364 -28.0104 1.39
      vertex 92.6714 -28.0015 1.39
      vertex 92.7061 -27.9907 1.39
    endloop
  endfacet
  facet normal 0 0 1
    outer loop
      vertex 91.9424 -28.1879 1.39
      vertex 92.6714 -28.0015 1.39
      vertex 92.6364 -28.0104 1.39
    endloop
  endfacet
  facet normal -0 0 1
    outer loop
      vertex 91.9424 -28.1879 1.39
      vertex 91.9088 -28.1965 1.39
      vertex 92.6714 -28.0015 1.39
    endloop
  endfacet
  facet normal 0 -0 1
    outer loop
      vertex 91.9088 -28.1965 1.39
      vertex 91.9424 -28.1879 1.39
      vertex 91.8779 -28.2027 1.39
    endloop
  endfacet
  facet normal 0 0 1
    outer loop
      vertex 97.5571 -25.5762 1.39
      vertex 97.5831 -25.5576 1.39
      vertex 97.6009 -25.5435 1.39
    endloop
  endfacet
  facet normal 0 0 -1
    outer loop
      vertex 96.9721 -25.9945 1.39
      vertex 97.5831 -25.5576 1.39
      vertex 97.5571 -25.5762 1.39
    endloop
  endfacet
  facet normal -0 0 -1
    outer loop
      vertex 96.9721 -25.9945 1.39
      vertex 96.9417 -26.0162 1.39
      vertex 97.5831 -25.5576 1.39
    endloop
  endfacet
  facet normal 0 0 1
    outer loop
      vertex 96.9101 -26.0364 1.39
      vertex 96.9417 -26.0162 1.39
      vertex 96.9721 -25.9945 1.39
    endloop
  endfacet
  facet normal 0 0 -1
    outer loop
      vertex 96.3079 -26.4197 1.39
      vertex 96.9417 -26.0162 1.39
      vertex 96.9101 -26.0364 1.39
    endloop
  endfacet
  facet normal -0 0 1
    outer loop
      vertex 96.3079 -26.4197 1.39
      vertex 96.2775 -26.4391 1.39
      vertex 96.9417 -26.0162 1.39
    endloop
  endfacet
  facet normal 0 0 1
    outer loop
      vertex 96.246 -26.4569 1.39
      vertex 96.2775 -26.4391 1.39
      vertex 96.3079 -26.4197 1.39
    endloop
  endfacet
  facet normal 0 0 1
    outer loop
      vertex 95.6236 -26.809 1.39
      vertex 96.2775 -26.4391 1.39
      vertex 96.246 -26.4569 1.39
    endloop
  endfacet
  facet normal -0 0 1
    outer loop
      vertex 95.6236 -26.809 1.39
      vertex 95.5918 -26.827 1.39
      vertex 96.2775 -26.4391 1.39
    endloop
  endfacet
  facet normal 0 0 1
    outer loop
      vertex 95.5592 -26.8432 1.39
      vertex 95.5918 -26.827 1.39
      vertex 95.6236 -26.809 1.39
    endloop
  endfacet
  facet normal 0 0 1
    outer loop
      vertex 94.9196 -27.1621 1.39
      vertex 95.5918 -26.827 1.39
      vertex 95.5592 -26.8432 1.39
    endloop
  endfacet
  facet normal -0 0 1
    outer loop
      vertex 94.9196 -27.1621 1.39
      vertex 94.8858 -27.179 1.39
      vertex 95.5918 -26.827 1.39
    endloop
  endfacet
  facet normal 0 0 1
    outer loop
      vertex 94.851 -27.1941 1.39
      vertex 94.8858 -27.179 1.39
      vertex 94.9196 -27.1621 1.39
    endloop
  endfacet
  facet normal 0 0 -1
    outer loop
      vertex 94.1967 -27.4774 1.39
      vertex 94.8858 -27.179 1.39
      vertex 94.851 -27.1941 1.39
    endloop
  endfacet
  facet normal -0 0 1
    outer loop
      vertex 94.1967 -27.4774 1.39
      vertex 94.1624 -27.4923 1.39
      vertex 94.8858 -27.179 1.39
    endloop
  endfacet
  facet normal 0 0 1
    outer loop
      vertex 94.1273 -27.5054 1.39
      vertex 94.1624 -27.4923 1.39
      vertex 94.1967 -27.4774 1.39
    endloop
  endfacet
  facet normal 0 0 -1
    outer loop
      vertex 94.1624 -27.4923 1.39
      vertex 94.1273 -27.5054 1.39
      vertex 93.6772 -27.6725 1.39
    endloop
  endfacet
  facet normal -0 0 1
    outer loop
      vertex 49.8852 -36.764 1.39
      vertex 49.8673 -36.7698 1.39
      vertex 49.8945 -36.7621 1.39
    endloop
  endfacet
  facet normal -0 0 1
    outer loop
      vertex 49.8701 -36.767 1.39
      vertex 49.8673 -36.7698 1.39
      vertex 49.8852 -36.764 1.39
    endloop
  endfacet
  facet normal 0 -0 1
    outer loop
      vertex 49.8673 -36.7698 1.39
      vertex 49.8701 -36.767 1.39
      vertex 49.8509 -36.7708 1.39
    endloop
  endfacet
  facet normal 0 0 -1
    outer loop
      vertex 36.4821 40.6255 6
      vertex 37.8696 40.7398 6
      vertex 37.8651 40.5306 6
    endloop
  endfacet
  facet normal 0 0 -1
    outer loop
      vertex 36.4927 40.4889 6
      vertex 37.8651 40.5306 6
      vertex 37.8332 40.3237 6
    endloop
  endfacet
  facet normal 0 0 -1
    outer loop
      vertex 36.4927 40.4889 6
      vertex 37.8332 40.3237 6
      vertex 37.7747 40.1228 6
    endloop
  endfacet
  facet normal -0 0 -1
    outer loop
      vertex 37.8651 40.5306 6
      vertex 36.4927 40.4889 6
      vertex 36.4821 40.6255 6
    endloop
  endfacet
  facet normal 0 0 -1
    outer loop
      vertex 36.4787 40.3728 6
      vertex 37.7747 40.1228 6
      vertex 37.6904 39.9313 6
    endloop
  endfacet
  facet normal 0 0 -1
    outer loop
      vertex 54.4226 -19.3951 6
      vertex 54.4044 -18.9778 6
      vertex 54.4272 -19.1859 6
    endloop
  endfacet
  facet normal 0 0 -1
    outer loop
      vertex 54.3908 -19.602 6
      vertex 54.4044 -18.9778 6
      vertex 54.4226 -19.3951 6
    endloop
  endfacet
  facet normal 0 0 -1
    outer loop
      vertex 54.3322 -19.8029 6
      vertex 54.4044 -18.9778 6
      vertex 54.3908 -19.602 6
    endloop
  endfacet
  facet normal 0 0 -1
    outer loop
      vertex 54.2479 -19.9945 6
      vertex 54.4044 -18.9778 6
      vertex 54.3322 -19.8029 6
    endloop
  endfacet
  facet normal 0 0 -1
    outer loop
      vertex 54.1393 -20.1734 6
      vertex 54.4044 -18.9778 6
      vertex 54.2479 -19.9945 6
    endloop
  endfacet
  facet normal 0 0 -1
    outer loop
      vertex 54.0083 -20.3366 6
      vertex 54.4044 -18.9778 6
      vertex 54.1393 -20.1734 6
    endloop
  endfacet
  facet normal 0 0 -1
    outer loop
      vertex 53.8572 -20.4813 6
      vertex 54.4044 -18.9778 6
      vertex 54.0083 -20.3366 6
    endloop
  endfacet
  facet normal 0 0 -1
    outer loop
      vertex 53.6884 -20.6051 6
      vertex 54.4044 -18.9778 6
      vertex 53.8572 -20.4813 6
    endloop
  endfacet
  facet normal 0 0 -1
    outer loop
      vertex 53.5049 -20.7058 6
      vertex 54.4044 -18.9778 6
      vertex 53.6884 -20.6051 6
    endloop
  endfacet
  facet normal 0 0 -1
    outer loop
      vertex 53.3098 -20.7816 6
      vertex 54.4044 -18.9778 6
      vertex 53.5049 -20.7058 6
    endloop
  endfacet
  facet normal 0 0 -1
    outer loop
      vertex 53.1065 -20.8314 6
      vertex 54.4044 -18.9778 6
      vertex 53.3098 -20.7816 6
    endloop
  endfacet
  facet normal 0 0 -1
    outer loop
      vertex 52.8985 -20.8541 6
      vertex 54.4044 -18.9778 6
      vertex 53.1065 -20.8314 6
    endloop
  endfacet
  facet normal 0 0 -1
    outer loop
      vertex 51.3786 -19.9319 6
      vertex 54.4044 -18.9778 6
      vertex 52.8985 -20.8541 6
    endloop
  endfacet
  facet normal 0 0 -1
    outer loop
      vertex 51.3786 -19.9319 6
      vertex 52.8985 -20.8541 6
      vertex 52.6892 -20.8496 6
    endloop
  endfacet
  facet normal 0 0 -1
    outer loop
      vertex 53.7962 46.0901 6
      vertex 55.1838 46.2044 6
      vertex 55.1792 45.9952 6
    endloop
  endfacet
  facet normal 0 0 -1
    outer loop
      vertex 53.8068 45.9535 6
      vertex 55.1792 45.9952 6
      vertex 55.1474 45.7883 6
    endloop
  endfacet
  facet normal 0 0 -1
    outer loop
      vertex 53.8068 45.9535 6
      vertex 55.1474 45.7883 6
      vertex 55.0888 45.5874 6
    endloop
  endfacet
  facet normal 0 0 -1
    outer loop
      vertex 53.7928 45.8374 6
      vertex 55.0888 45.5874 6
      vertex 55.0045 45.3958 6
    endloop
  endfacet
  facet normal 0 0 -1
    outer loop
      vertex 53.7928 45.8374 6
      vertex 55.0045 45.3958 6
      vertex 54.8959 45.2169 6
    endloop
  endfacet
  facet normal 0 0 -1
    outer loop
      vertex 53.7928 45.8374 6
      vertex 54.8959 45.2169 6
      vertex 54.7649 45.0537 6
    endloop
  endfacet
  facet normal 0 0 -1
    outer loop
      vertex 53.7928 45.8374 6
      vertex 54.7649 45.0537 6
      vertex 54.6137 44.909 6
    endloop
  endfacet
  facet normal 0 0 -1
    outer loop
      vertex 53.7928 45.8374 6
      vertex 54.6137 44.909 6
      vertex 54.445 44.7852 6
    endloop
  endfacet
  facet normal 0 0 -1
    outer loop
      vertex 55.0888 45.5874 6
      vertex 53.7928 45.8374 6
      vertex 53.8068 45.9535 6
    endloop
  endfacet
  facet normal 0 0 -1
    outer loop
      vertex 53.7928 45.8374 6
      vertex 54.445 44.7852 6
      vertex 54.2615 44.6845 6
    endloop
  endfacet
  facet normal 0 0 -1
    outer loop
      vertex 101.57 -18.3882 6
      vertex 102.639 -18.6653 6
      vertex 102.355 -19.4007 6
    endloop
  endfacet
  facet normal 0 0 -1
    outer loop
      vertex 102.639 -18.6653 6
      vertex 102.349 -14.8711 6
      vertex 102.389 -13.0664 6
    endloop
  endfacet
  facet normal 0 0 -1
    outer loop
      vertex 102.639 -18.6653 6
      vertex 102.075 -16.6552 6
      vertex 102.349 -14.8711 6
    endloop
  endfacet
  facet normal 0 0 -1
    outer loop
      vertex 100.843 -20.0405 6
      vertex 102.355 -19.4007 6
      vertex 102.033 -20.1203 6
    endloop
  endfacet
  facet normal 0 0 -1
    outer loop
      vertex 100.843 -20.0405 6
      vertex 102.033 -20.1203 6
      vertex 101.673 -20.8216 6
    endloop
  endfacet
  facet normal 0 0 -1
    outer loop
      vertex 102.639 -18.6653 6
      vertex 101.57 -18.3882 6
      vertex 102.075 -16.6552 6
    endloop
  endfacet
  facet normal 0 0 -1
    outer loop
      vertex 100.843 -20.0405 6
      vertex 101.673 -20.8216 6
      vertex 101.276 -21.5017 6
    endloop
  endfacet
  facet normal 0 0 -1
    outer loop
      vertex 99.9062 -21.5837 6
      vertex 101.276 -21.5017 6
      vertex 100.845 -22.161 6
    endloop
  endfacet
  facet normal -0 0 -1
    outer loop
      vertex 102.355 -19.4007 6
      vertex 100.843 -20.0405 6
      vertex 101.57 -18.3882 6
    endloop
  endfacet
  facet normal 0 0 -1
    outer loop
      vertex 99.9062 -21.5837 6
      vertex 100.845 -22.161 6
      vertex 100.379 -22.7964 6
    endloop
  endfacet
  facet normal -0 0 -1
    outer loop
      vertex 101.276 -21.5017 6
      vertex 99.9062 -21.5837 6
      vertex 100.843 -20.0405 6
    endloop
  endfacet
  facet normal 0 0 -1
    outer loop
      vertex 98.7764 -22.9915 6
      vertex 100.379 -22.7964 6
      vertex 99.879 -23.4062 6
    endloop
  endfacet
  facet normal 0 0 -1
    outer loop
      vertex 98.7764 -22.9915 6
      vertex 99.879 -23.4062 6
      vertex 99.3485 -23.989 6
    endloop
  endfacet
  facet normal 0 0 -1
    outer loop
      vertex 98.7764 -22.9915 6
      vertex 99.3485 -23.989 6
      vertex 98.7877 -24.5429 6
    endloop
  endfacet
  facet normal -0 0 -1
    outer loop
      vertex 100.379 -22.7964 6
      vertex 98.7764 -22.9915 6
      vertex 99.9062 -21.5837 6
    endloop
  endfacet
  facet normal 0 0 -1
    outer loop
      vertex 97.4724 -24.2397 6
      vertex 98.7877 -24.5429 6
      vertex 98.1987 -25.0662 6
    endloop
  endfacet
  facet normal 0 0 -1
    outer loop
      vertex 97.4724 -24.2397 6
      vertex 98.1987 -25.0662 6
      vertex 97.5831 -25.5576 6
    endloop
  endfacet
  facet normal 0 0 -1
    outer loop
      vertex 98.7877 -24.5429 6
      vertex 97.4724 -24.2397 6
      vertex 98.7764 -22.9915 6
    endloop
  endfacet
  facet normal 0 0 -1
    outer loop
      vertex 96.0167 -25.3071 6
      vertex 97.5831 -25.5576 6
      vertex 96.9417 -26.0162 6
    endloop
  endfacet
  facet normal 0 0 -1
    outer loop
      vertex 96.0167 -25.3071 6
      vertex 96.9417 -26.0162 6
      vertex 96.2775 -26.4391 6
    endloop
  endfacet
  facet normal 0 0 -1
    outer loop
      vertex 97.5831 -25.5576 6
      vertex 96.0167 -25.3071 6
      vertex 97.4724 -24.2397 6
    endloop
  endfacet
  facet normal 0 0 -1
    outer loop
      vertex 95.5918 -26.827 6
      vertex 96.0167 -25.3071 6
      vertex 96.2775 -26.4391 6
    endloop
  endfacet
  facet normal 0 0 -1
    outer loop
      vertex 94.4341 -26.1754 6
      vertex 95.5918 -26.827 6
      vertex 94.8858 -27.179 6
    endloop
  endfacet
  facet normal 0 0 -1
    outer loop
      vertex 95.5918 -26.827 6
      vertex 94.4341 -26.1754 6
      vertex 96.0167 -25.3071 6
    endloop
  endfacet
  facet normal 0 0 -1
    outer loop
      vertex 94.1624 -27.4923 6
      vertex 94.4341 -26.1754 6
      vertex 94.8858 -27.179 6
    endloop
  endfacet
  facet normal 0 0 -1
    outer loop
      vertex 92.7517 -26.8296 6
      vertex 94.1624 -27.4923 6
      vertex 93.4239 -27.7665 6
    endloop
  endfacet
  facet normal 0 0 -1
    outer loop
      vertex 94.1624 -27.4923 6
      vertex 92.7517 -26.8296 6
      vertex 94.4341 -26.1754 6
    endloop
  endfacet
  facet normal 0 0 -1
    outer loop
      vertex 92.6714 -28.0015 6
      vertex 92.7517 -26.8296 6
      vertex 93.4239 -27.7665 6
    endloop
  endfacet
  facet normal 0 0 -1
    outer loop
      vertex 91.9088 -28.1965 6
      vertex 92.7517 -26.8296 6
      vertex 92.6714 -28.0015 6
    endloop
  endfacet
  facet normal 0 0 -1
    outer loop
      vertex 90.9983 -27.2587 6
      vertex 91.9088 -28.1965 6
      vertex 91.1358 -28.3515 6
    endloop
  endfacet
  facet normal 0 0 -1
    outer loop
      vertex 91.9088 -28.1965 6
      vertex 90.9983 -27.2587 6
      vertex 92.7517 -26.8296 6
    endloop
  endfacet
  facet normal 0 0 -1
    outer loop
      vertex 90.3563 -28.465 6
      vertex 90.9983 -27.2587 6
      vertex 91.1358 -28.3515 6
    endloop
  endfacet
  facet normal 0 0 -1
    outer loop
      vertex 89.2039 -27.4552 6
      vertex 90.3563 -28.465 6
      vertex 89.5707 -28.5367 6
    endloop
  endfacet
  facet normal 0 0 -1
    outer loop
      vertex 90.3563 -28.465 6
      vertex 89.2039 -27.4552 6
      vertex 90.9983 -27.2587 6
    endloop
  endfacet
  facet normal 0 0 -1
    outer loop
      vertex 88.7831 -28.5671 6
      vertex 89.2039 -27.4552 6
      vertex 89.5707 -28.5367 6
    endloop
  endfacet
  facet normal 0 0 -1
    outer loop
      vertex 87.9955 -28.5557 6
      vertex 89.2039 -27.4552 6
      vertex 88.7831 -28.5671 6
    endloop
  endfacet
  facet normal 0 0 -1
    outer loop
      vertex 87.9955 -28.5557 6
      vertex 87.3992 -27.4158 6
      vertex 89.2039 -27.4552 6
    endloop
  endfacet
  facet normal 0 0 -1
    outer loop
      vertex 87.2099 -28.5033 6
      vertex 87.3992 -27.4158 6
      vertex 87.9955 -28.5557 6
    endloop
  endfacet
  facet normal 0 0 -1
    outer loop
      vertex 86.4272 -28.4086 6
      vertex 87.3992 -27.4158 6
      vertex 87.2099 -28.5033 6
    endloop
  endfacet
  facet normal 0 0 -1
    outer loop
      vertex 85.6151 -27.1412 6
      vertex 86.4272 -28.4086 6
      vertex 85.6511 -28.2731 6
    endloop
  endfacet
  facet normal 0 0 -1
    outer loop
      vertex 86.4272 -28.4086 6
      vertex 85.6151 -27.1412 6
      vertex 87.3992 -27.4158 6
    endloop
  endfacet
  facet normal 0 0 -1
    outer loop
      vertex 84.8822 -28.0967 6
      vertex 85.6151 -27.1412 6
      vertex 85.6511 -28.2731 6
    endloop
  endfacet
  facet normal 0 0 -1
    outer loop
      vertex 84.1252 -27.8796 6
      vertex 85.6151 -27.1412 6
      vertex 84.8822 -28.0967 6
    endloop
  endfacet
  facet normal 0 0 -1
    outer loop
      vertex 84.1252 -27.8796 6
      vertex 83.8821 -26.6361 6
      vertex 85.6151 -27.1412 6
    endloop
  endfacet
  facet normal 0 0 -1
    outer loop
      vertex 83.3799 -27.6239 6
      vertex 83.8821 -26.6361 6
      vertex 84.1252 -27.8796 6
    endloop
  endfacet
  facet normal 0 0 -1
    outer loop
      vertex 82.6492 -27.3279 6
      vertex 83.8821 -26.6361 6
      vertex 83.3799 -27.6239 6
    endloop
  endfacet
  facet normal 0 0 -1
    outer loop
      vertex 82.6492 -27.3279 6
      vertex 82.2298 -25.9091 6
      vertex 83.8821 -26.6361 6
    endloop
  endfacet
  facet normal 0 0 -1
    outer loop
      vertex 81.9351 -26.9937 6
      vertex 82.2298 -25.9091 6
      vertex 82.6492 -27.3279 6
    endloop
  endfacet
  facet normal 0 0 -1
    outer loop
      vertex 81.2406 -26.6227 6
      vertex 82.2298 -25.9091 6
      vertex 81.9351 -26.9937 6
    endloop
  endfacet
  facet normal 0 0 -1
    outer loop
      vertex 80.5658 -26.2159 6
      vertex 82.2298 -25.9091 6
      vertex 81.2406 -26.6227 6
    endloop
  endfacet
  facet normal -0 0 -1
    outer loop
      vertex 82.2298 -25.9091 6
      vertex 80.5658 -26.2159 6
      vertex 80.6866 -24.9726 6
    endloop
  endfacet
  facet normal 0 0 -1
    outer loop
      vertex 79.9137 -25.7735 6
      vertex 80.6866 -24.9726 6
      vertex 80.5658 -26.2159 6
    endloop
  endfacet
  facet normal 0 0 -1
    outer loop
      vertex 79.3074 -25.313 6
      vertex 80.6866 -24.9726 6
      vertex 79.9137 -25.7735 6
    endloop
  endfacet
  facet normal 0 0 -1
    outer loop
      vertex 79.3074 -25.313 6
      vertex 79.2788 -23.8428 6
      vertex 80.6866 -24.9726 6
    endloop
  endfacet
  facet normal 0 0 -1
    outer loop
      vertex 79.1784 -25.2308 6
      vertex 79.2788 -23.8428 6
      vertex 79.3074 -25.313 6
    endloop
  endfacet
  facet normal 0 0 -1
    outer loop
      vertex 79.0594 -25.1864 6
      vertex 79.2788 -23.8428 6
      vertex 79.1784 -25.2308 6
    endloop
  endfacet
  facet normal 0 0 -1
    outer loop
      vertex 78.9346 -25.1677 6
      vertex 79.2788 -23.8428 6
      vertex 79.0594 -25.1864 6
    endloop
  endfacet
  facet normal 0 0 -1
    outer loop
      vertex 78.8095 -25.1759 6
      vertex 79.2788 -23.8428 6
      vertex 78.9346 -25.1677 6
    endloop
  endfacet
  facet normal 0 0 -1
    outer loop
      vertex 78.6676 -25.2165 6
      vertex 79.2788 -23.8428 6
      vertex 78.8095 -25.1759 6
    endloop
  endfacet
  facet normal 0 0 -1
    outer loop
      vertex 78.6676 -25.2165 6
      vertex 78.0305 -22.5388 6
      vertex 79.2788 -23.8428 6
    endloop
  endfacet
  facet normal 0 0 -1
    outer loop
      vertex 72.4137 -23.2144 6
      vertex 78.0305 -22.5388 6
      vertex 78.6676 -25.2165 6
    endloop
  endfacet
  facet normal -0 0 -1
    outer loop
      vertex 78.0305 -22.5388 6
      vertex 72.4137 -23.2144 6
      vertex 76.9632 -21.0831 6
    endloop
  endfacet
  facet normal 0 0 -1
    outer loop
      vertex 69.6353 -7.4575 6
      vertex 75.0116 -16.0647 6
      vertex 72.4137 -23.2144 6
    endloop
  endfacet
  facet normal -0 0 -1
    outer loop
      vertex 75.4407 -17.8181 6
      vertex 72.4137 -23.2144 6
      vertex 75.0116 -16.0647 6
    endloop
  endfacet
  facet normal -0 0 -1
    outer loop
      vertex 76.0949 -19.5005 6
      vertex 72.4137 -23.2144 6
      vertex 75.4407 -17.8181 6
    endloop
  endfacet
  facet normal -0 0 -1
    outer loop
      vertex 76.9632 -21.0831 6
      vertex 72.4137 -23.2144 6
      vertex 76.0949 -19.5005 6
    endloop
  endfacet
  facet normal 0 0 -1
    outer loop
      vertex 50.1333 -36.695 6
      vertex 72.4137 -23.2144 6
      vertex 78.6676 -25.2165 6
    endloop
  endfacet
  facet normal 0 0 -1
    outer loop
      vertex 72.4137 -23.2144 6
      vertex 50.1333 -36.695 6
      vertex 55.0613 -26.2741 6
    endloop
  endfacet
  facet normal 0 -0 -1
    outer loop
      vertex 54.6629 -26.3997 6
      vertex 55.0613 -26.2741 6
      vertex 50.1333 -36.695 6
    endloop
  endfacet
  facet normal 0 0 -1
    outer loop
      vertex 55.0613 -26.2741 6
      vertex 54.6629 -26.3997 6
      vertex 54.858 -26.3239 6
    endloop
  endfacet
  facet normal 0 0 -1
    outer loop
      vertex 49.2954 -36.7467 6
      vertex 50.1333 -36.695 6
      vertex 49.8673 -36.7698 6
    endloop
  endfacet
  facet normal 0 0 -1
    outer loop
      vertex 49.2954 -36.7467 6
      vertex 49.8673 -36.7698 6
      vertex 49.5694 -36.7882 6
    endloop
  endfacet
  facet normal -0 0 -1
    outer loop
      vertex 50.1333 -36.695 6
      vertex 49.2954 -36.7467 6
      vertex 54.6629 -26.3997 6
    endloop
  endfacet
  facet normal 0 0 -1
    outer loop
      vertex 40.1338 -34.3369 6
      vertex 54.6629 -26.3997 6
      vertex 49.2954 -36.7467 6
    endloop
  endfacet
  facet normal 0 0 -1
    outer loop
      vertex 39.0353 -33.687 6
      vertex 40.1338 -34.3369 6
      vertex 39.9743 -34.3146 6
    endloop
  endfacet
  facet normal 0 0 -1
    outer loop
      vertex 39.0353 -33.687 6
      vertex 39.9743 -34.3146 6
      vertex 39.8368 -34.3268 6
    endloop
  endfacet
  facet normal 0 0 -1
    outer loop
      vertex 39.0353 -33.687 6
      vertex 39.8368 -34.3268 6
      vertex 39.6841 -34.3778 6
    endloop
  endfacet
  facet normal 0 0 -1
    outer loop
      vertex 39.0353 -33.687 6
      vertex 39.6841 -34.3778 6
      vertex 39.3979 -34.5107 6
    endloop
  endfacet
  facet normal 0 0 -1
    outer loop
      vertex 39.0353 -33.687 6
      vertex 39.3979 -34.5107 6
      vertex 39.1574 -34.5952 6
    endloop
  endfacet
  facet normal 0 0 -1
    outer loop
      vertex 40.1338 -34.3369 6
      vertex 39.0353 -33.687 6
      vertex 54.6629 -26.3997 6
    endloop
  endfacet
  facet normal 0 0 -1
    outer loop
      vertex 38.8849 -34.6347 6
      vertex 39.0353 -33.687 6
      vertex 39.1574 -34.5952 6
    endloop
  endfacet
  facet normal 0 0 -1
    outer loop
      vertex 38.6096 -34.6191 6
      vertex 39.0353 -33.687 6
      vertex 38.8849 -34.6347 6
    endloop
  endfacet
  facet normal 0 0 -1
    outer loop
      vertex 38.3449 -34.5507 6
      vertex 39.0353 -33.687 6
      vertex 38.6096 -34.6191 6
    endloop
  endfacet
  facet normal 0 0 -1
    outer loop
      vertex 38.0967 -34.4325 6
      vertex 39.0353 -33.687 6
      vertex 38.3449 -34.5507 6
    endloop
  endfacet
  facet normal 0 0 -1
    outer loop
      vertex 37.8763 -34.2673 6
      vertex 39.0353 -33.687 6
      vertex 38.0967 -34.4325 6
    endloop
  endfacet
  facet normal 0 0 -1
    outer loop
      vertex 37.6933 -34.0627 6
      vertex 39.0353 -33.687 6
      vertex 37.8763 -34.2673 6
    endloop
  endfacet
  facet normal 0 0 -1
    outer loop
      vertex 39.0353 -33.687 6
      vertex 37.6933 -34.0627 6
      vertex 37.5636 -33.843 6
    endloop
  endfacet
  facet normal 0 0 -1
    outer loop
      vertex 39.0353 -33.687 6
      vertex 37.4669 -33.6361 6
      vertex 37.7081 -30.8408 6
    endloop
  endfacet
  facet normal -0 0 -1
    outer loop
      vertex 39.0353 -33.687 6
      vertex 37.5636 -33.843 6
      vertex 37.4669 -33.6361 6
    endloop
  endfacet
  facet normal 0 0 -1
    outer loop
      vertex 35.2296 -30.2913 6
      vertex 37.7081 -30.8408 6
      vertex 37.4669 -33.6361 6
    endloop
  endfacet
  facet normal 0 0 -1
    outer loop
      vertex 37.7081 -30.8408 6
      vertex 35.2296 -30.2913 6
      vertex 37.6075 -30.6573 6
    endloop
  endfacet
  facet normal 0 0 -1
    outer loop
      vertex 37.6075 -30.6573 6
      vertex 35.2296 -30.2913 6
      vertex 37.4837 -30.4885 6
    endloop
  endfacet
  facet normal 0 0 -1
    outer loop
      vertex 37.4837 -30.4885 6
      vertex 35.2296 -30.2913 6
      vertex 37.339 -30.3374 6
    endloop
  endfacet
  facet normal 0 0 -1
    outer loop
      vertex 37.339 -30.3374 6
      vertex 35.2296 -30.2913 6
      vertex 37.1758 -30.2064 6
    endloop
  endfacet
  facet normal -0 0 -1
    outer loop
      vertex 37.1758 -30.2064 6
      vertex 35.2296 -30.2913 6
      vertex 36.9968 -30.0978 6
    endloop
  endfacet
  facet normal -0 0 -1
    outer loop
      vertex 36.9968 -30.0978 6
      vertex 35.2296 -30.2913 6
      vertex 36.8053 -30.0135 6
    endloop
  endfacet
  facet normal -0 0 -1
    outer loop
      vertex 36.8053 -30.0135 6
      vertex 35.2296 -30.2913 6
      vertex 36.6043 -29.9549 6
    endloop
  endfacet
  facet normal -0 0 -1
    outer loop
      vertex 36.6043 -29.9549 6
      vertex 35.2296 -30.2913 6
      vertex 36.3975 -29.9231 6
    endloop
  endfacet
  facet normal -0 0 -1
    outer loop
      vertex 36.3975 -29.9231 6
      vertex 35.2296 -30.2913 6
      vertex 36.1882 -29.9185 6
    endloop
  endfacet
  facet normal 0 0 -1
    outer loop
      vertex 36.1882 -29.9185 6
      vertex 35.2296 -30.2913 6
      vertex 35.9802 -29.9413 6
    endloop
  endfacet
  facet normal 0 0 -1
    outer loop
      vertex 35.9802 -29.9413 6
      vertex 35.2296 -30.2913 6
      vertex 35.7769 -29.9911 6
    endloop
  endfacet
  facet normal 0 0 -1
    outer loop
      vertex 35.7769 -29.9911 6
      vertex 35.2296 -30.2913 6
      vertex 35.5818 -30.0669 6
    endloop
  endfacet
  facet normal 0 0 -1
    outer loop
      vertex 35.5818 -30.0669 6
      vertex 35.2296 -30.2913 6
      vertex 35.3983 -30.1676 6
    endloop
  endfacet
  facet normal 0 0 -1
    outer loop
      vertex 34.1133 -32.7544 6
      vertex 35.2296 -30.2913 6
      vertex 37.4669 -33.6361 6
    endloop
  endfacet
  facet normal 0 0 -1
    outer loop
      vertex 33.9814 -32.7328 6
      vertex 35.2296 -30.2913 6
      vertex 34.1133 -32.7544 6
    endloop
  endfacet
  facet normal 0 0 -1
    outer loop
      vertex 33.8675 -32.736 6
      vertex 35.2296 -30.2913 6
      vertex 33.9814 -32.7328 6
    endloop
  endfacet
  facet normal 0 0 -1
    outer loop
      vertex 33.7571 -32.7608 6
      vertex 35.2296 -30.2913 6
      vertex 33.8675 -32.736 6
    endloop
  endfacet
  facet normal 0 0 -1
    outer loop
      vertex 33.6518 -32.8069 6
      vertex 35.2296 -30.2913 6
      vertex 33.7571 -32.7608 6
    endloop
  endfacet
  facet normal 0 0 -1
    outer loop
      vertex 33.5425 -32.8821 6
      vertex 35.2296 -30.2913 6
      vertex 33.6518 -32.8069 6
    endloop
  endfacet
  facet normal 0 0 -1
    outer loop
      vertex 22.2593 -41.1747 6
      vertex 33.5425 -32.8821 6
      vertex 22.8228 -41.8766 6
    endloop
  endfacet
  facet normal 0 0 -1
    outer loop
      vertex 22.2593 -41.1747 6
      vertex 22.8228 -41.8766 6
      vertex 22.6122 -42.0205 6
    endloop
  endfacet
  facet normal 0 0 -1
    outer loop
      vertex 22.2593 -41.1747 6
      vertex 22.6122 -42.0205 6
      vertex 22.3593 -42.1292 6
    endloop
  endfacet
  facet normal -0 0 -1
    outer loop
      vertex 33.5425 -32.8821 6
      vertex 22.2593 -41.1747 6
      vertex 35.2296 -30.2913 6
    endloop
  endfacet
  facet normal 0 0 -1
    outer loop
      vertex 22.0896 -42.1853 6
      vertex 22.2593 -41.1747 6
      vertex 22.3593 -42.1292 6
    endloop
  endfacet
  facet normal 0 0 -1
    outer loop
      vertex 21.8154 -42.1881 6
      vertex 22.2593 -41.1747 6
      vertex 22.0896 -42.1853 6
    endloop
  endfacet
  facet normal 0 0 -1
    outer loop
      vertex 21.5467 -42.1375 6
      vertex 22.2593 -41.1747 6
      vertex 21.8154 -42.1881 6
    endloop
  endfacet
  facet normal 0 0 -1
    outer loop
      vertex 21.2912 -42.036 6
      vertex 22.2593 -41.1747 6
      vertex 21.5467 -42.1375 6
    endloop
  endfacet
  facet normal 0 0 -1
    outer loop
      vertex 21.06 -41.8851 6
      vertex 22.2593 -41.1747 6
      vertex 21.2912 -42.036 6
    endloop
  endfacet
  facet normal 0 0 -1
    outer loop
      vertex 20.8779 -41.706 6
      vertex 22.2593 -41.1747 6
      vertex 21.06 -41.8851 6
    endloop
  endfacet
  facet normal 0 0 -1
    outer loop
      vertex 20.8779 -41.706 6
      vertex 11.9747 -28.918 6
      vertex 22.2593 -41.1747 6
    endloop
  endfacet
  facet normal 0 0 -1
    outer loop
      vertex 11.2112 -30.1859 6
      vertex 11.9747 -28.918 6
      vertex 20.8779 -41.706 6
    endloop
  endfacet
  facet normal 0 0 -1
    outer loop
      vertex 11.0673 -29.9754 6
      vertex 11.9747 -28.918 6
      vertex 11.2112 -30.1859 6
    endloop
  endfacet
  facet normal 0 0 -1
    outer loop
      vertex 11.9747 -28.918 6
      vertex 11.2026 -28.4231 6
      vertex 11.3818 -28.241 6
    endloop
  endfacet
  facet normal 0 0 -1
    outer loop
      vertex 10.9585 -29.7224 6
      vertex 11.9747 -28.918 6
      vertex 11.0673 -29.9754 6
    endloop
  endfacet
  facet normal 0 0 -1
    outer loop
      vertex 11.9747 -28.918 6
      vertex 11.0517 -28.6543 6
      vertex 11.2026 -28.4231 6
    endloop
  endfacet
  facet normal 0 0 -1
    outer loop
      vertex 10.9024 -29.4527 6
      vertex 11.9747 -28.918 6
      vertex 10.9585 -29.7224 6
    endloop
  endfacet
  facet normal 0 0 -1
    outer loop
      vertex 11.9747 -28.918 6
      vertex 10.9502 -28.9098 6
      vertex 11.0517 -28.6543 6
    endloop
  endfacet
  facet normal 0 0 -1
    outer loop
      vertex 10.8996 -29.1785 6
      vertex 11.9747 -28.918 6
      vertex 10.9024 -29.4527 6
    endloop
  endfacet
  facet normal -0 0 -1
    outer loop
      vertex 11.9747 -28.918 6
      vertex 10.8996 -29.1785 6
      vertex 10.9502 -28.9098 6
    endloop
  endfacet
  facet normal -0 0 -1
    outer loop
      vertex 106.243 -11.6748 6
      vertex 102.389 -13.0664 6
      vertex 106.172 -11.3826 6
    endloop
  endfacet
  facet normal -0 0 -1
    outer loop
      vertex 106.353 -11.9552 6
      vertex 102.389 -13.0664 6
      vertex 106.243 -11.6748 6
    endloop
  endfacet
  facet normal 0 0 -1
    outer loop
      vertex 102.389 -13.0664 6
      vertex 106.353 -11.9552 6
      vertex 103.765 -15.1203 6
    endloop
  endfacet
  facet normal -0 0 -1
    outer loop
      vertex 106.497 -12.219 6
      vertex 103.765 -15.1203 6
      vertex 106.353 -11.9552 6
    endloop
  endfacet
  facet normal -0 0 -1
    outer loop
      vertex 106.675 -12.4616 6
      vertex 103.765 -15.1203 6
      vertex 106.497 -12.219 6
    endloop
  endfacet
  facet normal -0 0 -1
    outer loop
      vertex 106.883 -12.679 6
      vertex 103.765 -15.1203 6
      vertex 106.675 -12.4616 6
    endloop
  endfacet
  facet normal -0 0 -1
    outer loop
      vertex 107.118 -12.8673 6
      vertex 103.765 -15.1203 6
      vertex 106.883 -12.679 6
    endloop
  endfacet
  facet normal -0 0 -1
    outer loop
      vertex 107.375 -13.0233 6
      vertex 103.765 -15.1203 6
      vertex 107.118 -12.8673 6
    endloop
  endfacet
  facet normal -0 0 -1
    outer loop
      vertex 107.65 -13.1445 6
      vertex 103.765 -15.1203 6
      vertex 107.375 -13.0233 6
    endloop
  endfacet
  facet normal -0 0 -1
    outer loop
      vertex 107.939 -13.2287 6
      vertex 103.765 -15.1203 6
      vertex 107.65 -13.1445 6
    endloop
  endfacet
  facet normal -0 0 -1
    outer loop
      vertex 108.237 -13.2745 6
      vertex 103.765 -15.1203 6
      vertex 107.939 -13.2287 6
    endloop
  endfacet
  facet normal 0 0 -1
    outer loop
      vertex 103.765 -15.1203 6
      vertex 108.237 -13.2745 6
      vertex 108.348 -13.2769 6
    endloop
  endfacet
  facet normal 0 0 -1
    outer loop
      vertex 119.167 -8.19904 6
      vertex 119.142 -7.62777 6
      vertex 119.184 -7.9118 6
    endloop
  endfacet
  facet normal 0 0 -1
    outer loop
      vertex 119.091 -8.47614 6
      vertex 119.142 -7.62777 6
      vertex 119.167 -8.19904 6
    endloop
  endfacet
  facet normal 0 0 -1
    outer loop
      vertex 119.091 -8.47614 6
      vertex 119.043 -7.35787 6
      vertex 119.142 -7.62777 6
    endloop
  endfacet
  facet normal 0 0 -1
    outer loop
      vertex 118.961 -8.7313 6
      vertex 119.043 -7.35787 6
      vertex 119.091 -8.47614 6
    endloop
  endfacet
  facet normal 0 0 -1
    outer loop
      vertex 118.961 -8.7313 6
      vertex 118.898 -7.12309 6
      vertex 119.043 -7.35787 6
    endloop
  endfacet
  facet normal 0 -0 -1
    outer loop
      vertex 118.898 -7.12309 6
      vertex 118.961 -8.7313 6
      vertex 118.782 -8.9557 6
    endloop
  endfacet
  facet normal 0 0 -1
    outer loop
      vertex 118.291 -6.40245 6
      vertex 119.606 -5.94026 6
      vertex 119.573 -6.21421 6
    endloop
  endfacet
  facet normal 0 0 -1
    outer loop
      vertex 118.291 -6.40245 6
      vertex 119.573 -6.21421 6
      vertex 119.487 -6.47567 6
    endloop
  endfacet
  facet normal 0 0 -1
    outer loop
      vertex 118.291 -6.40245 6
      vertex 119.487 -6.47567 6
      vertex 119.353 -6.71405 6
    endloop
  endfacet
  facet normal 0 0 -1
    outer loop
      vertex 118.291 -6.40245 6
      vertex 119.353 -6.71405 6
      vertex 119.175 -6.92181 6
    endloop
  endfacet
  facet normal 0 0 -1
    outer loop
      vertex 118.291 -6.40245 6
      vertex 119.175 -6.92181 6
      vertex 118.958 -7.09229 6
    endloop
  endfacet
  facet normal 0 0 -1
    outer loop
      vertex 118.291 -6.40245 6
      vertex 118.958 -7.09229 6
      vertex 118.898 -7.12309 6
    endloop
  endfacet
  facet normal 0 0 -1
    outer loop
      vertex 118.56 -9.13857 6
      vertex 118.898 -7.12309 6
      vertex 118.782 -8.9557 6
    endloop
  endfacet
  facet normal 0 0 -1
    outer loop
      vertex 118.325 -9.26317 6
      vertex 118.898 -7.12309 6
      vertex 118.56 -9.13857 6
    endloop
  endfacet
  facet normal 0 0 -1
    outer loop
      vertex 118.291 -6.40245 6
      vertex 118.898 -7.12309 6
      vertex 118.325 -9.26317 6
    endloop
  endfacet
  facet normal -0 0 -1
    outer loop
      vertex 119.606 -5.94026 6
      vertex 118.291 -6.40245 6
      vertex 119.587 -5.6861 6
    endloop
  endfacet
  facet normal 0 0 -1
    outer loop
      vertex 109.652 42.5917 6
      vertex 119.587 -5.6861 6
      vertex 118.291 -6.40245 6
    endloop
  endfacet
  facet normal 0 0 -1
    outer loop
      vertex 119.587 -5.6861 6
      vertex 109.652 42.5917 6
      vertex 111.031 42.8348 6
    endloop
  endfacet
  facet normal 0 0 -1
    outer loop
      vertex 110.702 -10.5838 6
      vertex 118.325 -9.26317 6
      vertex 110.735 -10.8829 6
    endloop
  endfacet
  facet normal 0 0 -1
    outer loop
      vertex 118.325 -9.26317 6
      vertex 110.728 -11.1837 6
      vertex 110.735 -10.8829 6
    endloop
  endfacet
  facet normal 0 0 -1
    outer loop
      vertex 118.325 -9.26317 6
      vertex 110.682 -11.481 6
      vertex 110.728 -11.1837 6
    endloop
  endfacet
  facet normal 0 0 -1
    outer loop
      vertex 118.325 -9.26317 6
      vertex 110.598 -11.7699 6
      vertex 110.682 -11.481 6
    endloop
  endfacet
  facet normal 0 0 -1
    outer loop
      vertex 118.325 -9.26317 6
      vertex 110.477 -12.0452 6
      vertex 110.598 -11.7699 6
    endloop
  endfacet
  facet normal 0 0 -1
    outer loop
      vertex 118.325 -9.26317 6
      vertex 110.321 -12.3024 6
      vertex 110.477 -12.0452 6
    endloop
  endfacet
  facet normal 0 0 -1
    outer loop
      vertex 118.325 -9.26317 6
      vertex 110.133 -12.5371 6
      vertex 110.321 -12.3024 6
    endloop
  endfacet
  facet normal 0 -0 -1
    outer loop
      vertex 110.133 -12.5371 6
      vertex 118.325 -9.26317 6
      vertex 110.094 -12.5745 6
    endloop
  endfacet
  facet normal 0 0 -1
    outer loop
      vertex 110.631 -10.2916 6
      vertex 118.325 -9.26317 6
      vertex 110.702 -10.5838 6
    endloop
  endfacet
  facet normal 0 0 -1
    outer loop
      vertex 110.522 -10.0112 6
      vertex 118.325 -9.26317 6
      vertex 110.631 -10.2916 6
    endloop
  endfacet
  facet normal -0 0 -1
    outer loop
      vertex 118.325 -9.26317 6
      vertex 110.522 -10.0112 6
      vertex 118.291 -6.40245 6
    endloop
  endfacet
  facet normal 0 0 -1
    outer loop
      vertex 110.377 -9.74743 6
      vertex 118.291 -6.40245 6
      vertex 110.522 -10.0112 6
    endloop
  endfacet
  facet normal 0 0 -1
    outer loop
      vertex 110.199 -9.50481 6
      vertex 118.291 -6.40245 6
      vertex 110.377 -9.74743 6
    endloop
  endfacet
  facet normal 0 0 -1
    outer loop
      vertex 109.991 -9.28748 6
      vertex 118.291 -6.40245 6
      vertex 110.199 -9.50481 6
    endloop
  endfacet
  facet normal 0 0 -1
    outer loop
      vertex 109.756 -9.09917 6
      vertex 118.291 -6.40245 6
      vertex 109.991 -9.28748 6
    endloop
  endfacet
  facet normal 0 0 -1
    outer loop
      vertex 109.499 -8.94309 6
      vertex 118.291 -6.40245 6
      vertex 109.756 -9.09917 6
    endloop
  endfacet
  facet normal 0 0 -1
    outer loop
      vertex 109.224 -8.82193 6
      vertex 118.291 -6.40245 6
      vertex 109.499 -8.94309 6
    endloop
  endfacet
  facet normal 0 0 -1
    outer loop
      vertex 108.935 -8.73774 6
      vertex 118.291 -6.40245 6
      vertex 109.224 -8.82193 6
    endloop
  endfacet
  facet normal 0 0 -1
    outer loop
      vertex 108.637 -8.69197 6
      vertex 118.291 -6.40245 6
      vertex 108.935 -8.73774 6
    endloop
  endfacet
  facet normal 0 0 -1
    outer loop
      vertex 108.337 -8.68541 6
      vertex 118.291 -6.40245 6
      vertex 108.637 -8.69197 6
    endloop
  endfacet
  facet normal 0 0 -1
    outer loop
      vertex 108.038 -8.71816 6
      vertex 118.291 -6.40245 6
      vertex 108.337 -8.68541 6
    endloop
  endfacet
  facet normal 0 0 -1
    outer loop
      vertex 102.192 -11.272 6
      vertex 106.172 -11.3826 6
      vertex 102.389 -13.0664 6
    endloop
  endfacet
  facet normal 0 0 -1
    outer loop
      vertex 106.172 -11.3826 6
      vertex 102.192 -11.272 6
      vertex 106.139 -11.0835 6
    endloop
  endfacet
  facet normal -0 0 -1
    outer loop
      vertex 106.139 -11.0835 6
      vertex 102.192 -11.272 6
      vertex 106.146 -10.7828 6
    endloop
  endfacet
  facet normal -0 0 -1
    outer loop
      vertex 106.146 -10.7828 6
      vertex 102.192 -11.272 6
      vertex 106.192 -10.4854 6
    endloop
  endfacet
  facet normal 0 0 -1
    outer loop
      vertex 102.389 -13.0664 6
      vertex 103.765 -15.1203 6
      vertex 103.636 -15.1892 6
    endloop
  endfacet
  facet normal 0 0 -1
    outer loop
      vertex 102.389 -13.0664 6
      vertex 103.636 -15.1892 6
      vertex 103.539 -15.2704 6
    endloop
  endfacet
  facet normal 0 0 -1
    outer loop
      vertex 102.389 -13.0664 6
      vertex 103.539 -15.2704 6
      vertex 103.461 -15.371 6
    endloop
  endfacet
  facet normal 0 0 -1
    outer loop
      vertex 102.389 -13.0664 6
      vertex 103.252 -16.3848 6
      vertex 103.088 -17.1554 6
    endloop
  endfacet
  facet normal 0 0 -1
    outer loop
      vertex 102.389 -13.0664 6
      vertex 103.088 -17.1554 6
      vertex 102.884 -17.917 6
    endloop
  endfacet
  facet normal 0 0 -1
    outer loop
      vertex 102.389 -13.0664 6
      vertex 102.884 -17.917 6
      vertex 102.639 -18.6653 6
    endloop
  endfacet
  facet normal 0 0 -1
    outer loop
      vertex 103.252 -16.3848 6
      vertex 102.389 -13.0664 6
      vertex 103.372 -15.6323 6
    endloop
  endfacet
  facet normal 0 0 -1
    outer loop
      vertex 103.372 -15.6323 6
      vertex 102.389 -13.0664 6
      vertex 103.407 -15.4836 6
    endloop
  endfacet
  facet normal 0 0 -1
    outer loop
      vertex 102.389 -13.0664 6
      vertex 103.461 -15.371 6
      vertex 103.407 -15.4836 6
    endloop
  endfacet
  facet normal 0 0 -1
    outer loop
      vertex 101.763 -9.51859 6
      vertex 106.192 -10.4854 6
      vertex 102.192 -11.272 6
    endloop
  endfacet
  facet normal 0 0 -1
    outer loop
      vertex 106.192 -10.4854 6
      vertex 101.763 -9.51859 6
      vertex 106.276 -10.1966 6
    endloop
  endfacet
  facet normal 0 0 -1
    outer loop
      vertex 106.276 -10.1966 6
      vertex 101.763 -9.51859 6
      vertex 106.397 -9.9212 6
    endloop
  endfacet
  facet normal 0 0 -1
    outer loop
      vertex 101.69 -9.32974 6
      vertex 106.397 -9.9212 6
      vertex 101.763 -9.51859 6
    endloop
  endfacet
  facet normal 0 0 -1
    outer loop
      vertex 106.397 -9.9212 6
      vertex 101.69 -9.32974 6
      vertex 106.553 -9.66399 6
    endloop
  endfacet
  facet normal 0 0 -1
    outer loop
      vertex 106.553 -9.66399 6
      vertex 101.69 -9.32974 6
      vertex 106.741 -9.42936 6
    endloop
  endfacet
  facet normal 0 0 -1
    outer loop
      vertex 106.741 -9.42936 6
      vertex 101.69 -9.32974 6
      vertex 106.959 -9.22132 6
    endloop
  endfacet
  facet normal -0 0 -1
    outer loop
      vertex 106.959 -9.22132 6
      vertex 101.69 -9.32974 6
      vertex 107.201 -9.04342 6
    endloop
  endfacet
  facet normal -0 0 -1
    outer loop
      vertex 107.201 -9.04342 6
      vertex 101.69 -9.32974 6
      vertex 107.465 -8.89871 6
    endloop
  endfacet
  facet normal -0 0 -1
    outer loop
      vertex 107.465 -8.89871 6
      vertex 101.69 -9.32974 6
      vertex 107.745 -8.78967 6
    endloop
  endfacet
  facet normal -0 0 -1
    outer loop
      vertex 107.745 -8.78967 6
      vertex 101.69 -9.32974 6
      vertex 108.038 -8.71816 6
    endloop
  endfacet
  facet normal -0 0 -1
    outer loop
      vertex 108.038 -8.71816 6
      vertex 101.69 -9.32974 6
      vertex 118.291 -6.40245 6
    endloop
  endfacet
  facet normal 0 0 -1
    outer loop
      vertex 101.109 -7.83619 6
      vertex 99.7436 0.887523 6
      vertex 101.425 -8.64936 6
    endloop
  endfacet
  facet normal 0 0 -1
    outer loop
      vertex 100.241 -6.2536 6
      vertex 99.7436 0.887523 6
      vertex 101.109 -7.83619 6
    endloop
  endfacet
  facet normal 0 0 -1
    outer loop
      vertex 99.1734 -4.79786 6
      vertex 99.7436 0.887523 6
      vertex 100.241 -6.2536 6
    endloop
  endfacet
  facet normal 0 0 -1
    outer loop
      vertex 97.9251 -3.49391 6
      vertex 99.7436 0.887523 6
      vertex 99.1734 -4.79786 6
    endloop
  endfacet
  facet normal 0 0 -1
    outer loop
      vertex 96.5173 -2.36402 6
      vertex 99.7436 0.887523 6
      vertex 97.9251 -3.49391 6
    endloop
  endfacet
  facet normal 0 -0 -1
    outer loop
      vertex 97.8901 2.18538 6
      vertex 99.7436 0.887523 6
      vertex 96.5173 -2.36402 6
    endloop
  endfacet
  facet normal 0 0 -1
    outer loop
      vertex 99.7436 0.887523 6
      vertex 97.8901 2.18538 6
      vertex 99.6939 1.09082 6
    endloop
  endfacet
  facet normal 0 0 -1
    outer loop
      vertex 99.6939 1.09082 6
      vertex 97.8901 2.18538 6
      vertex 99.618 1.28587 6
    endloop
  endfacet
  facet normal 0 0 -1
    outer loop
      vertex 99.618 1.28587 6
      vertex 97.8901 2.18538 6
      vertex 99.5173 1.46936 6
    endloop
  endfacet
  facet normal 0 0 -1
    outer loop
      vertex 99.5173 1.46936 6
      vertex 97.8901 2.18538 6
      vertex 99.3936 1.63815 6
    endloop
  endfacet
  facet normal 0 0 -1
    outer loop
      vertex 99.3936 1.63815 6
      vertex 97.8901 2.18538 6
      vertex 99.2489 1.78932 6
    endloop
  endfacet
  facet normal 0 0 -1
    outer loop
      vertex 99.2489 1.78932 6
      vertex 97.8901 2.18538 6
      vertex 99.0856 1.92034 6
    endloop
  endfacet
  facet normal 0 0 -1
    outer loop
      vertex 99.0856 1.92034 6
      vertex 97.8901 2.18538 6
      vertex 98.9067 2.0289 6
    endloop
  endfacet
  facet normal 0 0 -1
    outer loop
      vertex 98.9067 2.0289 6
      vertex 97.8901 2.18538 6
      vertex 98.7151 2.11319 6
    endloop
  endfacet
  facet normal 0 0 -1
    outer loop
      vertex 98.7151 2.11319 6
      vertex 97.8901 2.18538 6
      vertex 98.5142 2.17176 6
    endloop
  endfacet
  facet normal 0 0 -1
    outer loop
      vertex 98.5142 2.17176 6
      vertex 97.8901 2.18538 6
      vertex 98.3074 2.2036 6
    endloop
  endfacet
  facet normal -0 0 -1
    outer loop
      vertex 98.3074 2.2036 6
      vertex 97.8901 2.18538 6
      vertex 98.0981 2.20817 6
    endloop
  endfacet
  facet normal 0 0 -1
    outer loop
      vertex 94.9741 -1.42759 6
      vertex 97.8901 2.18538 6
      vertex 96.5173 -2.36402 6
    endloop
  endfacet
  facet normal 0 0 -1
    outer loop
      vertex 93.3218 -0.700586 6
      vertex 97.8901 2.18538 6
      vertex 94.9741 -1.42759 6
    endloop
  endfacet
  facet normal 0 0 -1
    outer loop
      vertex 91.5888 -0.195461 6
      vertex 97.8901 2.18538 6
      vertex 93.3218 -0.700586 6
    endloop
  endfacet
  facet normal 0 0 -1
    outer loop
      vertex 89.8047 0.0791483 6
      vertex 97.8901 2.18538 6
      vertex 91.5888 -0.195461 6
    endloop
  endfacet
  facet normal 0 0 -1
    outer loop
      vertex 88 0.118521 6
      vertex 97.8901 2.18538 6
      vertex 89.8047 0.0791483 6
    endloop
  endfacet
  facet normal 0 0 -1
    outer loop
      vertex 86.2056 -0.078002 6
      vertex 97.8901 2.18538 6
      vertex 88 0.118521 6
    endloop
  endfacet
  facet normal -0 0 -1
    outer loop
      vertex 86.2056 -0.078002 6
      vertex 81.7392 -0.662445 6
      vertex 97.8901 2.18538 6
    endloop
  endfacet
  facet normal -0 0 -1
    outer loop
      vertex 84.4522 -0.507051 6
      vertex 81.7392 -0.662445 6
      vertex 86.2056 -0.078002 6
    endloop
  endfacet
  facet normal 0 0 -1
    outer loop
      vertex 82.7698 -1.16129 6
      vertex 81.7392 -0.662445 6
      vertex 84.4522 -0.507051 6
    endloop
  endfacet
  facet normal 0 0 -1
    outer loop
      vertex 81.1872 -2.02954 6
      vertex 81.7392 -0.662445 6
      vertex 82.7698 -1.16129 6
    endloop
  endfacet
  facet normal 0 0 -1
    outer loop
      vertex 79.7315 -3.09693 6
      vertex 81.7392 -0.662445 6
      vertex 81.1872 -2.02954 6
    endloop
  endfacet
  facet normal 0 0 -1
    outer loop
      vertex 79.1216 4.96856 6
      vertex 81.7392 -0.662445 6
      vertex 79.7315 -3.09693 6
    endloop
  endfacet
  facet normal 0 0 -1
    outer loop
      vertex 81.7392 -0.662445 6
      vertex 79.1216 4.96856 6
      vertex 80.9752 3.6707 6
    endloop
  endfacet
  facet normal 0 0 -1
    outer loop
      vertex 80.9254 3.874 6
      vertex 79.1216 4.96856 6
      vertex 80.8496 4.06905 6
    endloop
  endfacet
  facet normal 0 0 -1
    outer loop
      vertex 80.8496 4.06905 6
      vertex 79.1216 4.96856 6
      vertex 80.7489 4.25254 6
    endloop
  endfacet
  facet normal 0 0 -1
    outer loop
      vertex 80.7489 4.25254 6
      vertex 79.1216 4.96856 6
      vertex 80.6251 4.42133 6
    endloop
  endfacet
  facet normal 0 0 -1
    outer loop
      vertex 80.6251 4.42133 6
      vertex 79.1216 4.96856 6
      vertex 80.4804 4.5725 6
    endloop
  endfacet
  facet normal 0 0 -1
    outer loop
      vertex 80.4804 4.5725 6
      vertex 79.1216 4.96856 6
      vertex 80.3172 4.70352 6
    endloop
  endfacet
  facet normal 0 0 -1
    outer loop
      vertex 80.3172 4.70352 6
      vertex 79.1216 4.96856 6
      vertex 80.1383 4.81208 6
    endloop
  endfacet
  facet normal 0 0 -1
    outer loop
      vertex 80.1383 4.81208 6
      vertex 79.1216 4.96856 6
      vertex 79.9467 4.89637 6
    endloop
  endfacet
  facet normal 0 0 -1
    outer loop
      vertex 80.9752 3.6707 6
      vertex 79.1216 4.96856 6
      vertex 80.9254 3.874 6
    endloop
  endfacet
  facet normal 0 0 -1
    outer loop
      vertex 79.9467 4.89637 6
      vertex 79.1216 4.96856 6
      vertex 79.7458 4.95494 6
    endloop
  endfacet
  facet normal 0 0 -1
    outer loop
      vertex 79.7458 4.95494 6
      vertex 79.1216 4.96856 6
      vertex 79.5389 4.98678 6
    endloop
  endfacet
  facet normal -0 0 -1
    outer loop
      vertex 79.5389 4.98678 6
      vertex 79.1216 4.96856 6
      vertex 79.3297 4.99135 6
    endloop
  endfacet
  facet normal 0 0 -1
    outer loop
      vertex 78.4275 -4.34519 6
      vertex 79.1216 4.96856 6
      vertex 79.7315 -3.09693 6
    endloop
  endfacet
  facet normal 0 0 -1
    outer loop
      vertex 69.6353 -7.4575 6
      vertex 78.4275 -4.34519 6
      vertex 77.2976 -5.75297 6
    endloop
  endfacet
  facet normal 0 0 -1
    outer loop
      vertex 69.6353 -7.4575 6
      vertex 77.2976 -5.75297 6
      vertex 76.3612 -7.2962 6
    endloop
  endfacet
  facet normal 0 0 -1
    outer loop
      vertex 69.6353 -7.4575 6
      vertex 76.3612 -7.2962 6
      vertex 75.6342 -8.94845 6
    endloop
  endfacet
  facet normal 0 0 -1
    outer loop
      vertex 69.6353 -7.4575 6
      vertex 75.6342 -8.94845 6
      vertex 75.1291 -10.6815 6
    endloop
  endfacet
  facet normal 0 0 -1
    outer loop
      vertex 75.0116 -16.0647 6
      vertex 69.6353 -7.4575 6
      vertex 74.8151 -14.2703 6
    endloop
  endfacet
  facet normal 0 0 -1
    outer loop
      vertex 74.8151 -14.2703 6
      vertex 69.6353 -7.4575 6
      vertex 74.8545 -12.4656 6
    endloop
  endfacet
  facet normal 0 0 -1
    outer loop
      vertex 74.8545 -12.4656 6
      vertex 69.6353 -7.4575 6
      vertex 75.1291 -10.6815 6
    endloop
  endfacet
  facet normal 0 0 -1
    outer loop
      vertex 63.5617 2.22492 6
      vertex 78.4275 -4.34519 6
      vertex 69.6353 -7.4575 6
    endloop
  endfacet
  facet normal 0 0 -1
    outer loop
      vertex 78.4275 -4.34519 6
      vertex 63.5617 2.22492 6
      vertex 79.1216 4.96856 6
    endloop
  endfacet
  facet normal 0 0 -1
    outer loop
      vertex 63.1364 -4.57727 6
      vertex 63.5617 2.22492 6
      vertex 69.6353 -7.4575 6
    endloop
  endfacet
  facet normal 0 0 -1
    outer loop
      vertex 62.2638 0.371387 6
      vertex 63.5617 2.22492 6
      vertex 63.1364 -4.57727 6
    endloop
  endfacet
  facet normal 0 0 -1
    outer loop
      vertex 63.5617 2.22492 6
      vertex 62.2638 0.371387 6
      vertex 63.3584 2.17518 6
    endloop
  endfacet
  facet normal 0 0 -1
    outer loop
      vertex 52.8936 -10.4095 6
      vertex 63.1364 -4.57727 6
      vertex 69.6353 -7.4575 6
    endloop
  endfacet
  facet normal 0 0 -1
    outer loop
      vertex 51.3786 -19.9319 6
      vertex 52.6892 -20.8496 6
      vertex 52.4824 -20.8177 6
    endloop
  endfacet
  facet normal 0 0 -1
    outer loop
      vertex 51.3786 -19.9319 6
      vertex 52.4824 -20.8177 6
      vertex 52.2815 -20.7592 6
    endloop
  endfacet
  facet normal 0 0 -1
    outer loop
      vertex 51.3786 -19.9319 6
      vertex 52.2815 -20.7592 6
      vertex 52.0899 -20.6749 6
    endloop
  endfacet
  facet normal 0 0 -1
    outer loop
      vertex 51.3786 -19.9319 6
      vertex 52.0899 -20.6749 6
      vertex 51.911 -20.5663 6
    endloop
  endfacet
  facet normal 0 0 -1
    outer loop
      vertex 51.3786 -19.9319 6
      vertex 51.911 -20.5663 6
      vertex 51.7478 -20.4353 6
    endloop
  endfacet
  facet normal 0 0 -1
    outer loop
      vertex 51.3786 -19.9319 6
      vertex 51.7478 -20.4353 6
      vertex 51.603 -20.2841 6
    endloop
  endfacet
  facet normal 0 0 -1
    outer loop
      vertex 51.3786 -19.9319 6
      vertex 51.603 -20.2841 6
      vertex 51.4793 -20.1153 6
    endloop
  endfacet
  facet normal -0 0 -1
    outer loop
      vertex 54.4044 -18.9778 6
      vertex 51.3786 -19.9319 6
      vertex 52.8936 -10.4095 6
    endloop
  endfacet
  facet normal 0 0 -1
    outer loop
      vertex 47.6391 -11.9126 6
      vertex 52.8936 -10.4095 6
      vertex 51.3786 -19.9319 6
    endloop
  endfacet
  facet normal 0 0 -1
    outer loop
      vertex 46.9856 -7.42509 6
      vertex 52.8936 -10.4095 6
      vertex 47.6391 -11.9126 6
    endloop
  endfacet
  facet normal 0 0 -1
    outer loop
      vertex 47.3569 -11.916 6
      vertex 47.6391 -11.9126 6
      vertex 47.5662 -11.9205 6
    endloop
  endfacet
  facet normal -0 0 -1
    outer loop
      vertex 47.6391 -11.9126 6
      vertex 47.3569 -11.916 6
      vertex 45.9207 -10.5999 6
    endloop
  endfacet
  facet normal 0 0 -1
    outer loop
      vertex 45.9207 -10.5999 6
      vertex 47.3569 -11.916 6
      vertex 47.1501 -11.8841 6
    endloop
  endfacet
  facet normal 0 0 -1
    outer loop
      vertex 52.8936 -10.4095 6
      vertex 46.9856 -7.42509 6
      vertex 63.1364 -4.57727 6
    endloop
  endfacet
  facet normal 0 0 -1
    outer loop
      vertex 45.9207 -10.5999 6
      vertex 47.1501 -11.8841 6
      vertex 46.9492 -11.8256 6
    endloop
  endfacet
  facet normal 0 0 -1
    outer loop
      vertex 47.6391 -11.9126 6
      vertex 45.9207 -10.5999 6
      vertex 46.9856 -7.42509 6
    endloop
  endfacet
  facet normal 0 0 -1
    outer loop
      vertex 45.9207 -10.5999 6
      vertex 46.9492 -11.8256 6
      vertex 46.7576 -11.7413 6
    endloop
  endfacet
  facet normal 0 0 -1
    outer loop
      vertex 45.6877 -9.27863 6
      vertex 46.9856 -7.42509 6
      vertex 45.9207 -10.5999 6
    endloop
  endfacet
  facet normal 0 0 -1
    outer loop
      vertex 45.9207 -10.5999 6
      vertex 46.7576 -11.7413 6
      vertex 46.5787 -11.6327 6
    endloop
  endfacet
  facet normal 0 0 -1
    outer loop
      vertex 45.9207 -10.5999 6
      vertex 46.5787 -11.6327 6
      vertex 46.4154 -11.5017 6
    endloop
  endfacet
  facet normal 0 0 -1
    outer loop
      vertex 46.9856 -7.42509 6
      vertex 45.6877 -9.27863 6
      vertex 46.7823 -7.47484 6
    endloop
  endfacet
  facet normal 0 0 -1
    outer loop
      vertex 45.9207 -10.5999 6
      vertex 46.4154 -11.5017 6
      vertex 46.2707 -11.3505 6
    endloop
  endfacet
  facet normal 0 0 -1
    outer loop
      vertex 46.7823 -7.47484 6
      vertex 45.6877 -9.27863 6
      vertex 46.5872 -7.5507 6
    endloop
  endfacet
  facet normal 0 0 -1
    outer loop
      vertex 45.9207 -10.5999 6
      vertex 46.2707 -11.3505 6
      vertex 46.147 -11.1817 6
    endloop
  endfacet
  facet normal 0 0 -1
    outer loop
      vertex 46.5872 -7.5507 6
      vertex 45.6877 -9.27863 6
      vertex 46.4037 -7.65136 6
    endloop
  endfacet
  facet normal 0 0 -1
    outer loop
      vertex 45.9207 -10.5999 6
      vertex 46.147 -11.1817 6
      vertex 46.0463 -10.9982 6
    endloop
  endfacet
  facet normal 0 0 -1
    outer loop
      vertex 45.9207 -10.5999 6
      vertex 46.0463 -10.9982 6
      vertex 45.9704 -10.8032 6
    endloop
  endfacet
  facet normal 0 0 -1
    outer loop
      vertex 46.4037 -7.65136 6
      vertex 45.6877 -9.27863 6
      vertex 46.2349 -7.77513 6
    endloop
  endfacet
  facet normal 0 0 -1
    outer loop
      vertex 46.2349 -7.77513 6
      vertex 45.6877 -9.27863 6
      vertex 46.0838 -7.91985 6
    endloop
  endfacet
  facet normal 0 0 -1
    outer loop
      vertex 46.0838 -7.91985 6
      vertex 45.6877 -9.27863 6
      vertex 45.9528 -8.08307 6
    endloop
  endfacet
  facet normal 0 0 -1
    outer loop
      vertex 45.9528 -8.08307 6
      vertex 45.6877 -9.27863 6
      vertex 45.8442 -8.262 6
    endloop
  endfacet
  facet normal 0 0 -1
    outer loop
      vertex 45.8442 -8.262 6
      vertex 45.6877 -9.27863 6
      vertex 45.7599 -8.45356 6
    endloop
  endfacet
  facet normal 0 0 -1
    outer loop
      vertex 45.7599 -8.45356 6
      vertex 45.6877 -9.27863 6
      vertex 45.7013 -8.65449 6
    endloop
  endfacet
  facet normal 0 0 -1
    outer loop
      vertex 45.6877 -9.27863 6
      vertex 45.6695 -8.86135 6
      vertex 45.7013 -8.65449 6
    endloop
  endfacet
  facet normal 0 -0 -1
    outer loop
      vertex 45.6695 -8.86135 6
      vertex 45.6877 -9.27863 6
      vertex 45.6649 -9.07058 6
    endloop
  endfacet
  facet normal 0 0 -1
    outer loop
      vertex 63.3584 2.17518 6
      vertex 62.2638 0.371387 6
      vertex 63.1633 2.09932 6
    endloop
  endfacet
  facet normal 0 0 -1
    outer loop
      vertex 63.1633 2.09932 6
      vertex 62.2638 0.371387 6
      vertex 62.9799 1.99866 6
    endloop
  endfacet
  facet normal 0 0 -1
    outer loop
      vertex 62.9799 1.99866 6
      vertex 62.2638 0.371387 6
      vertex 62.8111 1.87489 6
    endloop
  endfacet
  facet normal 0 0 -1
    outer loop
      vertex 62.8111 1.87489 6
      vertex 62.2638 0.371387 6
      vertex 62.6599 1.73017 6
    endloop
  endfacet
  facet normal 0 0 -1
    outer loop
      vertex 62.6599 1.73017 6
      vertex 62.2638 0.371387 6
      vertex 62.5289 1.56695 6
    endloop
  endfacet
  facet normal 0 0 -1
    outer loop
      vertex 62.5289 1.56695 6
      vertex 62.2638 0.371387 6
      vertex 62.4203 1.38802 6
    endloop
  endfacet
  facet normal 0 0 -1
    outer loop
      vertex 62.4203 1.38802 6
      vertex 62.2638 0.371387 6
      vertex 62.336 1.19646 6
    endloop
  endfacet
  facet normal 0 0 -1
    outer loop
      vertex 62.336 1.19646 6
      vertex 62.2638 0.371387 6
      vertex 62.2775 0.995523 6
    endloop
  endfacet
  facet normal 0 0 -1
    outer loop
      vertex 62.2638 0.371387 6
      vertex 62.2456 0.788671 6
      vertex 62.2775 0.995523 6
    endloop
  endfacet
  facet normal 0 -0 -1
    outer loop
      vertex 62.2456 0.788671 6
      vertex 62.2638 0.371387 6
      vertex 62.241 0.579437 6
    endloop
  endfacet
  facet normal 0 0 -1
    outer loop
      vertex 61.932 54.658 6
      vertex 63.0519 56.2573 6
      vertex 62.0015 54.2641 6
    endloop
  endfacet
  facet normal 0 0 -1
    outer loop
      vertex 63.0519 56.2573 6
      vertex 61.932 54.658 6
      vertex 62.0316 55.4475 6
    endloop
  endfacet
  facet normal 0 0 -1
    outer loop
      vertex 62.0316 55.4475 6
      vertex 61.932 54.658 6
      vertex 61.9453 55.1861 6
    endloop
  endfacet
  facet normal 0 0 -1
    outer loop
      vertex 61.9453 55.1861 6
      vertex 61.932 54.658 6
      vertex 61.9123 54.9121 6
    endloop
  endfacet
  facet normal -0 0 -1
    outer loop
      vertex 55.1792 45.9952 6
      vertex 53.8068 45.9535 6
      vertex 53.7962 46.0901 6
    endloop
  endfacet
  facet normal 0 0 -1
    outer loop
      vertex 54.0664 44.6087 6
      vertex 53.756 45.7258 6
      vertex 53.7928 45.8374 6
    endloop
  endfacet
  facet normal 0 0 -1
    outer loop
      vertex 54.0664 44.6087 6
      vertex 53.6985 45.6237 6
      vertex 53.756 45.7258 6
    endloop
  endfacet
  facet normal 0 0 -1
    outer loop
      vertex 54.0664 44.6087 6
      vertex 53.6223 45.5348 6
      vertex 53.6985 45.6237 6
    endloop
  endfacet
  facet normal 0 0 -1
    outer loop
      vertex 54.0664 44.6087 6
      vertex 53.53 45.462 6
      vertex 53.6223 45.5348 6
    endloop
  endfacet
  facet normal 0 0 -1
    outer loop
      vertex 53.8631 44.5589 6
      vertex 53.4257 45.4092 6
      vertex 53.53 45.462 6
    endloop
  endfacet
  facet normal 0 0 -1
    outer loop
      vertex 53.8631 44.5589 6
      vertex 53.2937 45.3724 6
      vertex 53.4257 45.4092 6
    endloop
  endfacet
  facet normal 0 0 -1
    outer loop
      vertex 37.7123 41.7111 6
      vertex 53.2937 45.3724 6
      vertex 53.8631 44.5589 6
    endloop
  endfacet
  facet normal 0 0 -1
    outer loop
      vertex 36.4787 40.3728 6
      vertex 37.6904 39.9313 6
      vertex 37.5818 39.7523 6
    endloop
  endfacet
  facet normal 0 0 -1
    outer loop
      vertex 37.7123 41.7111 6
      vertex 37.5368 42.594 6
      vertex 53.2937 45.3724 6
    endloop
  endfacet
  facet normal 0 0 -1
    outer loop
      vertex 36.417 40.9948 6
      vertex 37.8468 40.9479 6
      vertex 36.4821 40.6255 6
    endloop
  endfacet
  facet normal 0 0 -1
    outer loop
      vertex 36.4419 40.2612 6
      vertex 37.5818 39.7523 6
      vertex 37.4508 39.5891 6
    endloop
  endfacet
  facet normal 0 0 -1
    outer loop
      vertex 36.4419 40.2612 6
      vertex 37.4508 39.5891 6
      vertex 37.2996 39.4444 6
    endloop
  endfacet
  facet normal 0 0 -1
    outer loop
      vertex 36.3973 41.2489 6
      vertex 37.8468 40.9479 6
      vertex 36.417 40.9948 6
    endloop
  endfacet
  facet normal 0 0 -1
    outer loop
      vertex 36.3844 40.1591 6
      vertex 37.2996 39.4444 6
      vertex 37.1308 39.3206 6
    endloop
  endfacet
  facet normal 0 0 -1
    outer loop
      vertex 37.8468 40.9479 6
      vertex 36.3973 41.2489 6
      vertex 37.7123 41.7111 6
    endloop
  endfacet
  facet normal 0 0 -1
    outer loop
      vertex 36.3844 40.1591 6
      vertex 37.1308 39.3206 6
      vertex 36.9473 39.2199 6
    endloop
  endfacet
  facet normal 0 0 -1
    outer loop
      vertex 37.7123 41.7111 6
      vertex 37.2913 42.5256 6
      vertex 37.5368 42.594 6
    endloop
  endfacet
  facet normal 0 0 -1
    outer loop
      vertex 36.3081 40.0702 6
      vertex 36.9473 39.2199 6
      vertex 36.7523 39.1441 6
    endloop
  endfacet
  facet normal -0 0 -1
    outer loop
      vertex 37.8696 40.7398 6
      vertex 36.4821 40.6255 6
      vertex 37.8468 40.9479 6
    endloop
  endfacet
  facet normal 0 0 -1
    outer loop
      vertex 36.2159 39.9974 6
      vertex 36.7523 39.1441 6
      vertex 36.549 39.0943 6
    endloop
  endfacet
  facet normal 0 0 -1
    outer loop
      vertex 37.7123 41.7111 6
      vertex 37.0451 42.4009 6
      vertex 37.2913 42.5256 6
    endloop
  endfacet
  facet normal 0 0 -1
    outer loop
      vertex 37.7123 41.7111 6
      vertex 36.8289 42.2305 6
      vertex 37.0451 42.4009 6
    endloop
  endfacet
  facet normal 0 0 -1
    outer loop
      vertex 37.7747 40.1228 6
      vertex 36.4787 40.3728 6
      vertex 36.4927 40.4889 6
    endloop
  endfacet
  facet normal 0 0 -1
    outer loop
      vertex 37.5818 39.7523 6
      vertex 36.4419 40.2612 6
      vertex 36.4787 40.3728 6
    endloop
  endfacet
  facet normal 0 0 -1
    outer loop
      vertex 37.2996 39.4444 6
      vertex 36.3844 40.1591 6
      vertex 36.4419 40.2612 6
    endloop
  endfacet
  facet normal 0 0 -1
    outer loop
      vertex 36.9473 39.2199 6
      vertex 36.3081 40.0702 6
      vertex 36.3844 40.1591 6
    endloop
  endfacet
  facet normal 0 0 -1
    outer loop
      vertex 36.7523 39.1441 6
      vertex 36.2159 39.9974 6
      vertex 36.3081 40.0702 6
    endloop
  endfacet
  facet normal 0 0 -1
    outer loop
      vertex 36.549 39.0943 6
      vertex 36.1116 39.9446 6
      vertex 36.2159 39.9974 6
    endloop
  endfacet
  facet normal 0 0 -1
    outer loop
      vertex 36.549 39.0943 6
      vertex 35.9796 39.9078 6
      vertex 36.1116 39.9446 6
    endloop
  endfacet
  facet normal 0 0 -1
    outer loop
      vertex 20.3981 36.2465 6
      vertex 35.9796 39.9078 6
      vertex 36.549 39.0943 6
    endloop
  endfacet
  facet normal 0 0 -1
    outer loop
      vertex 35.9796 39.9078 6
      vertex 20.3981 36.2465 6
      vertex 20.2227 37.1295 6
    endloop
  endfacet
  facet normal 0 0 -1
    outer loop
      vertex 35.1275 -25.8139 6
      vertex 35.1093 -25.3966 6
      vertex 35.1321 -25.6047 6
    endloop
  endfacet
  facet normal 0 0 -1
    outer loop
      vertex 35.0957 -26.0208 6
      vertex 35.1093 -25.3966 6
      vertex 35.1275 -25.8139 6
    endloop
  endfacet
  facet normal 0 0 -1
    outer loop
      vertex 35.0957 -26.0208 6
      vertex 35.0596 -25.1933 6
      vertex 35.1093 -25.3966 6
    endloop
  endfacet
  facet normal 0 0 -1
    outer loop
      vertex 35.0371 -26.2217 6
      vertex 35.0596 -25.1933 6
      vertex 35.0957 -26.0208 6
    endloop
  endfacet
  facet normal 0 0 -1
    outer loop
      vertex 35.0371 -26.2217 6
      vertex 34.9837 -24.9983 6
      vertex 35.0596 -25.1933 6
    endloop
  endfacet
  facet normal 0 0 -1
    outer loop
      vertex 34.9528 -26.4133 6
      vertex 34.9837 -24.9983 6
      vertex 35.0371 -26.2217 6
    endloop
  endfacet
  facet normal 0 0 -1
    outer loop
      vertex 34.8442 -26.5922 6
      vertex 34.9837 -24.9983 6
      vertex 34.9528 -26.4133 6
    endloop
  endfacet
  facet normal 0 0 -1
    outer loop
      vertex 34.7132 -26.7554 6
      vertex 34.9837 -24.9983 6
      vertex 34.8442 -26.5922 6
    endloop
  endfacet
  facet normal 0 0 -1
    outer loop
      vertex 34.5621 -26.9001 6
      vertex 34.9837 -24.9983 6
      vertex 34.7132 -26.7554 6
    endloop
  endfacet
  facet normal 0 0 -1
    outer loop
      vertex 34.3933 -27.0239 6
      vertex 34.9837 -24.9983 6
      vertex 34.5621 -26.9001 6
    endloop
  endfacet
  facet normal 0 0 -1
    outer loop
      vertex 34.2098 -27.1246 6
      vertex 34.9837 -24.9983 6
      vertex 34.3933 -27.0239 6
    endloop
  endfacet
  facet normal 0 0 -1
    outer loop
      vertex 34.0147 -27.2004 6
      vertex 34.9837 -24.9983 6
      vertex 34.2098 -27.1246 6
    endloop
  endfacet
  facet normal 0 0 -1
    outer loop
      vertex 33.8114 -27.2502 6
      vertex 34.9837 -24.9983 6
      vertex 34.0147 -27.2004 6
    endloop
  endfacet
  facet normal 0 0 -1
    outer loop
      vertex 33.6034 -27.273 6
      vertex 34.9837 -24.9983 6
      vertex 33.8114 -27.2502 6
    endloop
  endfacet
  facet normal 0 0 -1
    outer loop
      vertex 33.3941 -27.2684 6
      vertex 34.9837 -24.9983 6
      vertex 33.6034 -27.273 6
    endloop
  endfacet
  facet normal 0 0 -1
    outer loop
      vertex 33.1873 -27.2365 6
      vertex 34.9837 -24.9983 6
      vertex 33.3941 -27.2684 6
    endloop
  endfacet
  facet normal 0 0 -1
    outer loop
      vertex 32.9864 -27.178 6
      vertex 34.9837 -24.9983 6
      vertex 33.1873 -27.2365 6
    endloop
  endfacet
  facet normal 0 0 -1
    outer loop
      vertex 32.7948 -27.0937 6
      vertex 34.9837 -24.9983 6
      vertex 32.9864 -27.178 6
    endloop
  endfacet
  facet normal 0 0 -1
    outer loop
      vertex 32.6159 -26.9851 6
      vertex 34.9837 -24.9983 6
      vertex 32.7948 -27.0937 6
    endloop
  endfacet
  facet normal 0 0 -1
    outer loop
      vertex 32.4527 -26.8541 6
      vertex 34.9837 -24.9983 6
      vertex 32.6159 -26.9851 6
    endloop
  endfacet
  facet normal 0 0 -1
    outer loop
      vertex 32.3079 -26.7029 6
      vertex 34.9837 -24.9983 6
      vertex 32.4527 -26.8541 6
    endloop
  endfacet
  facet normal 0 0 -1
    outer loop
      vertex 32.3079 -26.7029 6
      vertex 32.2734 -19.1861 6
      vertex 34.9837 -24.9983 6
    endloop
  endfacet
  facet normal 0 0 -1
    outer loop
      vertex 27.5567 -18.2342 6
      vertex 32.2734 -19.1861 6
      vertex 32.3079 -26.7029 6
    endloop
  endfacet
  facet normal 0 -0 -1
    outer loop
      vertex 27.7626 -18.103 6
      vertex 32.2734 -19.1861 6
      vertex 27.6672 -18.1787 6
    endloop
  endfacet
  facet normal 0 -0 -1
    outer loop
      vertex 27.9091 -17.8797 6
      vertex 32.2734 -19.1861 6
      vertex 27.8408 -18.0075 6
    endloop
  endfacet
  facet normal 0 -0 -1
    outer loop
      vertex 31.8657 -17.2245 6
      vertex 32.2734 -19.1861 6
      vertex 27.9091 -17.8797 6
    endloop
  endfacet
  facet normal 0 0 -1
    outer loop
      vertex 32.2734 -19.1861 6
      vertex 31.8657 -17.2245 6
      vertex 32.0737 -17.4418 6
    endloop
  endfacet
  facet normal -0 0 -1
    outer loop
      vertex 31.8657 -17.2245 6
      vertex 27.9091 -17.8797 6
      vertex 31.6878 -16.9819 6
    endloop
  endfacet
  facet normal -0 0 -1
    outer loop
      vertex 31.543 -16.7181 6
      vertex 27.9091 -17.8797 6
      vertex 31.434 -16.4377 6
    endloop
  endfacet
  facet normal -0 0 -1
    outer loop
      vertex 31.434 -16.4377 6
      vertex 27.9091 -17.8797 6
      vertex 31.3625 -16.1455 6
    endloop
  endfacet
  facet normal 0 0 -1
    outer loop
      vertex 31.3297 -15.8464 6
      vertex 29.1677 -14.7177 6
      vertex 29.1784 -14.6033 6
    endloop
  endfacet
  facet normal 0 0 -1
    outer loop
      vertex 31.3297 -15.8464 6
      vertex 29.1295 -14.8472 6
      vertex 29.1677 -14.7177 6
    endloop
  endfacet
  facet normal 0 0 -1
    outer loop
      vertex 31.3625 -16.1455 6
      vertex 29.1295 -14.8472 6
      vertex 31.3297 -15.8464 6
    endloop
  endfacet
  facet normal 0 -0 -1
    outer loop
      vertex 29.1295 -14.8472 6
      vertex 31.3625 -16.1455 6
      vertex 27.9091 -17.8797 6
    endloop
  endfacet
  facet normal -0 0 -1
    outer loop
      vertex 31.6878 -16.9819 6
      vertex 27.9091 -17.8797 6
      vertex 31.543 -16.7181 6
    endloop
  endfacet
  facet normal 0 -0 -1
    outer loop
      vertex 27.8408 -18.0075 6
      vertex 32.2734 -19.1861 6
      vertex 27.7626 -18.103 6
    endloop
  endfacet
  facet normal 0 0 -1
    outer loop
      vertex 32.2734 -19.1861 6
      vertex 27.5567 -18.2342 6
      vertex 27.6672 -18.1787 6
    endloop
  endfacet
  facet normal 0 0 -1
    outer loop
      vertex 32.3079 -26.7029 6
      vertex 27.438 -18.266 6
      vertex 27.5567 -18.2342 6
    endloop
  endfacet
  facet normal 0 0 -1
    outer loop
      vertex 32.3079 -26.7029 6
      vertex 27.3157 -18.2725 6
      vertex 27.438 -18.266 6
    endloop
  endfacet
  facet normal 0 0 -1
    outer loop
      vertex 32.3079 -26.7029 6
      vertex 27.1935 -18.2538 6
      vertex 27.3157 -18.2725 6
    endloop
  endfacet
  facet normal 0 0 -1
    outer loop
      vertex 24.9974 -17.9906 6
      vertex 27.1935 -18.2538 6
      vertex 32.3079 -26.7029 6
    endloop
  endfacet
  facet normal 0 0 -1
    outer loop
      vertex 27.1935 -18.2538 6
      vertex 24.9974 -17.9906 6
      vertex 27.0777 -18.2107 6
    endloop
  endfacet
  facet normal 0 0 -1
    outer loop
      vertex 27.0777 -18.2107 6
      vertex 24.9974 -17.9906 6
      vertex 26.9739 -18.1457 6
    endloop
  endfacet
  facet normal 0 0 -1
    outer loop
      vertex 26.9739 -18.1457 6
      vertex 24.9974 -17.9906 6
      vertex 26.8717 -18.0459 6
    endloop
  endfacet
  facet normal 0 0 -1
    outer loop
      vertex 26.8717 -18.0459 6
      vertex 24.9974 -17.9906 6
      vertex 26.3787 -17.4592 6
    endloop
  endfacet
  facet normal -0 0 -1
    outer loop
      vertex 26.3787 -17.4592 6
      vertex 24.9974 -17.9906 6
      vertex 26.1967 -17.2802 6
    endloop
  endfacet
  facet normal -0 0 -1
    outer loop
      vertex 26.1967 -17.2802 6
      vertex 24.9974 -17.9906 6
      vertex 25.9655 -17.1293 6
    endloop
  endfacet
  facet normal -0 0 -1
    outer loop
      vertex 25.9655 -17.1293 6
      vertex 24.9974 -17.9906 6
      vertex 25.71 -17.0278 6
    endloop
  endfacet
  facet normal -0 0 -1
    outer loop
      vertex 25.71 -17.0278 6
      vertex 24.9974 -17.9906 6
      vertex 25.4412 -16.9772 6
    endloop
  endfacet
  facet normal 0 0 -1
    outer loop
      vertex 25.4412 -16.9772 6
      vertex 24.9974 -17.9906 6
      vertex 25.1671 -16.98 6
    endloop
  endfacet
  facet normal 0 0 -1
    outer loop
      vertex 24.9974 -17.9906 6
      vertex 24.8974 -17.0361 6
      vertex 25.1671 -16.98 6
    endloop
  endfacet
  facet normal 0 0 -1
    outer loop
      vertex 24.9974 -17.9906 6
      vertex 24.6445 -17.1448 6
      vertex 24.8974 -17.0361 6
    endloop
  endfacet
  facet normal 0 0 -1
    outer loop
      vertex 24.9974 -17.9906 6
      vertex 24.4339 -17.2887 6
      vertex 24.6445 -17.1448 6
    endloop
  endfacet
  facet normal 0 0 -1
    outer loop
      vertex 11.9747 -28.918 6
      vertex 24.4339 -17.2887 6
      vertex 24.9974 -17.9906 6
    endloop
  endfacet
  facet normal 0 0 -1
    outer loop
      vertex 24.4339 -17.2887 6
      vertex 11.9747 -28.918 6
      vertex 11.3818 -28.241 6
    endloop
  endfacet
  facet normal 0 0 -1
    outer loop
      vertex 45.4718 -12.1488 6
      vertex 45.4536 -11.7316 6
      vertex 45.4764 -11.9396 6
    endloop
  endfacet
  facet normal 0 0 -1
    outer loop
      vertex 45.44 -12.3557 6
      vertex 45.4536 -11.7316 6
      vertex 45.4718 -12.1488 6
    endloop
  endfacet
  facet normal 0 0 -1
    outer loop
      vertex 45.44 -12.3557 6
      vertex 45.4038 -11.5283 6
      vertex 45.4536 -11.7316 6
    endloop
  endfacet
  facet normal 0 0 -1
    outer loop
      vertex 45.3814 -12.5566 6
      vertex 45.4038 -11.5283 6
      vertex 45.44 -12.3557 6
    endloop
  endfacet
  facet normal 0 0 -1
    outer loop
      vertex 45.3814 -12.5566 6
      vertex 45.328 -11.3332 6
      vertex 45.4038 -11.5283 6
    endloop
  endfacet
  facet normal 0 0 -1
    outer loop
      vertex 45.2971 -12.7482 6
      vertex 45.328 -11.3332 6
      vertex 45.3814 -12.5566 6
    endloop
  endfacet
  facet normal 0 0 -1
    outer loop
      vertex 45.2971 -12.7482 6
      vertex 45.2273 -11.1497 6
      vertex 45.328 -11.3332 6
    endloop
  endfacet
  facet normal 0 0 -1
    outer loop
      vertex 45.1885 -12.9271 6
      vertex 45.2273 -11.1497 6
      vertex 45.2971 -12.7482 6
    endloop
  endfacet
  facet normal 0 0 -1
    outer loop
      vertex 45.1885 -12.9271 6
      vertex 45.1035 -10.9809 6
      vertex 45.2273 -11.1497 6
    endloop
  endfacet
  facet normal 0 0 -1
    outer loop
      vertex 45.0575 -13.0903 6
      vertex 45.1035 -10.9809 6
      vertex 45.1885 -12.9271 6
    endloop
  endfacet
  facet normal 0 0 -1
    outer loop
      vertex 45.0575 -13.0903 6
      vertex 44.9588 -10.8298 6
      vertex 45.1035 -10.9809 6
    endloop
  endfacet
  facet normal 0 0 -1
    outer loop
      vertex 44.9063 -13.2351 6
      vertex 44.9588 -10.8298 6
      vertex 45.0575 -13.0903 6
    endloop
  endfacet
  facet normal 0 0 -1
    outer loop
      vertex 44.9063 -13.2351 6
      vertex 44.7956 -10.6987 6
      vertex 44.9588 -10.8298 6
    endloop
  endfacet
  facet normal 0 0 -1
    outer loop
      vertex 44.7376 -13.3588 6
      vertex 44.7956 -10.6987 6
      vertex 44.9063 -13.2351 6
    endloop
  endfacet
  facet normal 0 0 -1
    outer loop
      vertex 44.7376 -13.3588 6
      vertex 44.6167 -10.5902 6
      vertex 44.7956 -10.6987 6
    endloop
  endfacet
  facet normal 0 0 -1
    outer loop
      vertex 44.5541 -13.4595 6
      vertex 44.6167 -10.5902 6
      vertex 44.7376 -13.3588 6
    endloop
  endfacet
  facet normal 0 0 -1
    outer loop
      vertex 44.5541 -13.4595 6
      vertex 44.4251 -10.5059 6
      vertex 44.6167 -10.5902 6
    endloop
  endfacet
  facet normal 0 0 -1
    outer loop
      vertex 44.5541 -13.4595 6
      vertex 44.2242 -10.4473 6
      vertex 44.4251 -10.5059 6
    endloop
  endfacet
  facet normal 0 0 -1
    outer loop
      vertex 44.5541 -13.4595 6
      vertex 44.0173 -10.4155 6
      vertex 44.2242 -10.4473 6
    endloop
  endfacet
  facet normal 0 0 -1
    outer loop
      vertex 44.5541 -13.4595 6
      vertex 43.8081 -10.4109 6
      vertex 44.0173 -10.4155 6
    endloop
  endfacet
  facet normal 0 0 -1
    outer loop
      vertex 44.5541 -13.4595 6
      vertex 43.6 -10.4337 6
      vertex 43.8081 -10.4109 6
    endloop
  endfacet
  facet normal 0 0 -1
    outer loop
      vertex 35.8926 -15.3467 6
      vertex 44.5541 -13.4595 6
      vertex 35.9254 -15.6458 6
    endloop
  endfacet
  facet normal 0 0 -1
    outer loop
      vertex 44.5541 -13.4595 6
      vertex 35.9188 -15.9466 6
      vertex 35.9254 -15.6458 6
    endloop
  endfacet
  facet normal 0 0 -1
    outer loop
      vertex 44.5541 -13.4595 6
      vertex 35.873 -16.2439 6
      vertex 35.9188 -15.9466 6
    endloop
  endfacet
  facet normal 0 0 -1
    outer loop
      vertex 44.5541 -13.4595 6
      vertex 35.7888 -16.5328 6
      vertex 35.873 -16.2439 6
    endloop
  endfacet
  facet normal 0 0 -1
    outer loop
      vertex 44.5541 -13.4595 6
      vertex 35.6677 -16.8081 6
      vertex 35.7888 -16.5328 6
    endloop
  endfacet
  facet normal 0 0 -1
    outer loop
      vertex 44.5541 -13.4595 6
      vertex 35.5116 -17.0653 6
      vertex 35.6677 -16.8081 6
    endloop
  endfacet
  facet normal 0 0 -1
    outer loop
      vertex 44.5541 -13.4595 6
      vertex 35.3233 -17.3 6
      vertex 35.5116 -17.0653 6
    endloop
  endfacet
  facet normal 0 0 -1
    outer loop
      vertex 44.5541 -13.4595 6
      vertex 35.106 -17.508 6
      vertex 35.3233 -17.3 6
    endloop
  endfacet
  facet normal 0 0 -1
    outer loop
      vertex 44.5541 -13.4595 6
      vertex 34.8633 -17.6859 6
      vertex 35.106 -17.508 6
    endloop
  endfacet
  facet normal 0 0 -1
    outer loop
      vertex 44.5541 -13.4595 6
      vertex 34.5996 -17.8306 6
      vertex 34.8633 -17.6859 6
    endloop
  endfacet
  facet normal 0 0 -1
    outer loop
      vertex 32.2734 -19.1861 6
      vertex 34.5996 -17.8306 6
      vertex 44.5541 -13.4595 6
    endloop
  endfacet
  facet normal 0 0 -1
    outer loop
      vertex 32.2734 -19.1861 6
      vertex 34.3192 -17.9397 6
      vertex 34.5996 -17.8306 6
    endloop
  endfacet
  facet normal 0 0 -1
    outer loop
      vertex 32.2734 -19.1861 6
      vertex 34.0269 -18.0112 6
      vertex 34.3192 -17.9397 6
    endloop
  endfacet
  facet normal 0 0 -1
    outer loop
      vertex 32.2734 -19.1861 6
      vertex 33.7279 -18.0439 6
      vertex 34.0269 -18.0112 6
    endloop
  endfacet
  facet normal 0 0 -1
    outer loop
      vertex 32.2734 -19.1861 6
      vertex 33.4271 -18.0374 6
      vertex 33.7279 -18.0439 6
    endloop
  endfacet
  facet normal 0 0 -1
    outer loop
      vertex 32.2734 -19.1861 6
      vertex 33.1297 -17.9916 6
      vertex 33.4271 -18.0374 6
    endloop
  endfacet
  facet normal 0 0 -1
    outer loop
      vertex 32.2734 -19.1861 6
      vertex 32.8409 -17.9074 6
      vertex 33.1297 -17.9916 6
    endloop
  endfacet
  facet normal 0 0 -1
    outer loop
      vertex 32.2734 -19.1861 6
      vertex 32.5655 -17.7862 6
      vertex 32.8409 -17.9074 6
    endloop
  endfacet
  facet normal 0 0 -1
    outer loop
      vertex 32.2734 -19.1861 6
      vertex 32.3083 -17.6302 6
      vertex 32.5655 -17.7862 6
    endloop
  endfacet
  facet normal -0 0 -1
    outer loop
      vertex 32.3083 -17.6302 6
      vertex 32.2734 -19.1861 6
      vertex 32.0737 -17.4418 6
    endloop
  endfacet
  facet normal 0 0 -1
    outer loop
      vertex 35.8211 -15.0545 6
      vertex 44.5541 -13.4595 6
      vertex 35.8926 -15.3467 6
    endloop
  endfacet
  facet normal -0 0 -1
    outer loop
      vertex 44.5541 -13.4595 6
      vertex 35.8211 -15.0545 6
      vertex 43.6 -10.4337 6
    endloop
  endfacet
  facet normal 0 0 -1
    outer loop
      vertex 35.7121 -14.7741 6
      vertex 43.6 -10.4337 6
      vertex 35.8211 -15.0545 6
    endloop
  endfacet
  facet normal 0 0 -1
    outer loop
      vertex 35.5674 -14.5103 6
      vertex 43.6 -10.4337 6
      vertex 35.7121 -14.7741 6
    endloop
  endfacet
  facet normal 0 0 -1
    outer loop
      vertex 35.3895 -14.2677 6
      vertex 43.6 -10.4337 6
      vertex 35.5674 -14.5103 6
    endloop
  endfacet
  facet normal 0 0 -1
    outer loop
      vertex 35.1814 -14.0504 6
      vertex 43.6 -10.4337 6
      vertex 35.3895 -14.2677 6
    endloop
  endfacet
  facet normal 0 0 -1
    outer loop
      vertex 34.9468 -13.8621 6
      vertex 43.6 -10.4337 6
      vertex 35.1814 -14.0504 6
    endloop
  endfacet
  facet normal 0 0 -1
    outer loop
      vertex 34.6896 -13.706 6
      vertex 43.6 -10.4337 6
      vertex 34.9468 -13.8621 6
    endloop
  endfacet
  facet normal 0 0 -1
    outer loop
      vertex 34.4142 -13.5848 6
      vertex 43.6 -10.4337 6
      vertex 34.6896 -13.706 6
    endloop
  endfacet
  facet normal 0 0 -1
    outer loop
      vertex 34.1254 -13.5006 6
      vertex 43.6 -10.4337 6
      vertex 34.4142 -13.5848 6
    endloop
  endfacet
  facet normal 0 0 -1
    outer loop
      vertex 33.828 -13.4549 6
      vertex 43.6 -10.4337 6
      vertex 34.1254 -13.5006 6
    endloop
  endfacet
  facet normal 0 0 -1
    outer loop
      vertex 33.5272 -13.4483 6
      vertex 43.6 -10.4337 6
      vertex 33.828 -13.4549 6
    endloop
  endfacet
  facet normal 0 0 -1
    outer loop
      vertex 29.0806 -12.9939 6
      vertex 33.5272 -13.4483 6
      vertex 33.2282 -13.481 6
    endloop
  endfacet
  facet normal 0 0 -1
    outer loop
      vertex 29.0806 -12.9939 6
      vertex 33.2282 -13.481 6
      vertex 32.9359 -13.5526 6
    endloop
  endfacet
  facet normal 0 0 -1
    outer loop
      vertex 29.1784 -14.6033 6
      vertex 31.3363 -15.5456 6
      vertex 31.3297 -15.8464 6
    endloop
  endfacet
  facet normal 0 0 -1
    outer loop
      vertex 29.1784 -14.6033 6
      vertex 31.3821 -15.2483 6
      vertex 31.3363 -15.5456 6
    endloop
  endfacet
  facet normal 0 0 -1
    outer loop
      vertex 29.1784 -14.6033 6
      vertex 31.4663 -14.9595 6
      vertex 31.3821 -15.2483 6
    endloop
  endfacet
  facet normal 0 0 -1
    outer loop
      vertex 29.1666 -14.488 6
      vertex 31.4663 -14.9595 6
      vertex 29.1784 -14.6033 6
    endloop
  endfacet
  facet normal 0 0 -1
    outer loop
      vertex 31.4663 -14.9595 6
      vertex 29.1666 -14.488 6
      vertex 31.5874 -14.6841 6
    endloop
  endfacet
  facet normal 0 0 -1
    outer loop
      vertex 29.1331 -14.3774 6
      vertex 31.5874 -14.6841 6
      vertex 29.1666 -14.488 6
    endloop
  endfacet
  facet normal 0 0 -1
    outer loop
      vertex 31.5874 -14.6841 6
      vertex 29.1331 -14.3774 6
      vertex 31.7435 -14.4269 6
    endloop
  endfacet
  facet normal 0 0 -1
    outer loop
      vertex 29.0806 -12.9939 6
      vertex 31.7435 -14.4269 6
      vertex 29.1331 -14.3774 6
    endloop
  endfacet
  facet normal 0 0 -1
    outer loop
      vertex 31.7435 -14.4269 6
      vertex 29.0806 -12.9939 6
      vertex 31.9318 -14.1922 6
    endloop
  endfacet
  facet normal 0 0 -1
    outer loop
      vertex 31.9318 -14.1922 6
      vertex 29.0806 -12.9939 6
      vertex 32.1491 -13.9842 6
    endloop
  endfacet
  facet normal 0 0 -1
    outer loop
      vertex 32.1491 -13.9842 6
      vertex 29.0806 -12.9939 6
      vertex 32.3918 -13.8063 6
    endloop
  endfacet
  facet normal 0 0 -1
    outer loop
      vertex 32.3918 -13.8063 6
      vertex 29.0806 -12.9939 6
      vertex 32.6555 -13.6616 6
    endloop
  endfacet
  facet normal 0 0 -1
    outer loop
      vertex 32.6555 -13.6616 6
      vertex 29.0806 -12.9939 6
      vertex 32.9359 -13.5526 6
    endloop
  endfacet
  facet normal 0 0 -1
    outer loop
      vertex 33.5272 -13.4483 6
      vertex 29.0806 -12.9939 6
      vertex 43.6 -10.4337 6
    endloop
  endfacet
  facet normal 0 0 -1
    outer loop
      vertex 29.0783 -14.2745 6
      vertex 29.0806 -12.9939 6
      vertex 29.1331 -14.3774 6
    endloop
  endfacet
  facet normal 0 0 -1
    outer loop
      vertex 29.0064 -14.1852 6
      vertex 29.0806 -12.9939 6
      vertex 29.0783 -14.2745 6
    endloop
  endfacet
  facet normal 0 0 -1
    outer loop
      vertex 28.9178 -14.1118 6
      vertex 29.0806 -12.9939 6
      vertex 29.0064 -14.1852 6
    endloop
  endfacet
  facet normal 0 0 -1
    outer loop
      vertex 28.8162 -14.0557 6
      vertex 29.0806 -12.9939 6
      vertex 28.9178 -14.1118 6
    endloop
  endfacet
  facet normal 0 0 -1
    outer loop
      vertex 28.7066 -14.0207 6
      vertex 29.0806 -12.9939 6
      vertex 28.8162 -14.0557 6
    endloop
  endfacet
  facet normal 0 0 -1
    outer loop
      vertex 28.5918 -14.0075 6
      vertex 29.0806 -12.9939 6
      vertex 28.7066 -14.0207 6
    endloop
  endfacet
  facet normal 0 0 -1
    outer loop
      vertex 28.4562 -14.0178 6
      vertex 29.0806 -12.9939 6
      vertex 28.5918 -14.0075 6
    endloop
  endfacet
  facet normal 0 0 -1
    outer loop
      vertex 27.8581 -14.1233 6
      vertex 29.0806 -12.9939 6
      vertex 28.4562 -14.0178 6
    endloop
  endfacet
  facet normal 0 0 -1
    outer loop
      vertex 19.1029 35.5302 6
      vertex 29.0806 -12.9939 6
      vertex 27.8581 -14.1233 6
    endloop
  endfacet
  facet normal 0 0 -1
    outer loop
      vertex 29.0806 -12.9939 6
      vertex 19.1029 35.5302 6
      vertex 20.3981 36.2465 6
    endloop
  endfacet
  facet normal 0 0 -1
    outer loop
      vertex 19.0832 35.7843 6
      vertex 20.3981 36.2465 6
      vertex 19.1029 35.5302 6
    endloop
  endfacet
  facet normal 0 0 -1
    outer loop
      vertex 20.3981 36.2465 6
      vertex 19.9771 37.061 6
      vertex 20.2227 37.1295 6
    endloop
  endfacet
  facet normal 0 0 -1
    outer loop
      vertex 20.3981 36.2465 6
      vertex 19.731 36.9364 6
      vertex 19.9771 37.061 6
    endloop
  endfacet
  facet normal 0 0 -1
    outer loop
      vertex 20.3981 36.2465 6
      vertex 19.5148 36.7659 6
      vertex 19.731 36.9364 6
    endloop
  endfacet
  facet normal 0 0 -1
    outer loop
      vertex 20.3981 36.2465 6
      vertex 19.3367 36.5581 6
      vertex 19.5148 36.7659 6
    endloop
  endfacet
  facet normal 0 0 -1
    outer loop
      vertex 20.3981 36.2465 6
      vertex 19.2024 36.3197 6
      vertex 19.3367 36.5581 6
    endloop
  endfacet
  facet normal -0 0 -1
    outer loop
      vertex 20.3981 36.2465 6
      vertex 19.1161 36.0583 6
      vertex 19.2024 36.3197 6
    endloop
  endfacet
  facet normal 0 0 -1
    outer loop
      vertex 20.3981 36.2465 6
      vertex 19.0832 35.7843 6
      vertex 19.1161 36.0583 6
    endloop
  endfacet
  facet normal 0 0 -1
    outer loop
      vertex 37.7123 41.7111 6
      vertex 36.6509 42.0227 6
      vertex 36.8289 42.2305 6
    endloop
  endfacet
  facet normal 0 0 -1
    outer loop
      vertex 37.7123 41.7111 6
      vertex 36.5165 41.7843 6
      vertex 36.6509 42.0227 6
    endloop
  endfacet
  facet normal -0 0 -1
    outer loop
      vertex 37.7123 41.7111 6
      vertex 36.4303 41.5229 6
      vertex 36.5165 41.7843 6
    endloop
  endfacet
  facet normal 0 0 -1
    outer loop
      vertex 37.7123 41.7111 6
      vertex 36.3973 41.2489 6
      vertex 36.4303 41.5229 6
    endloop
  endfacet
  facet normal 0 0 -1
    outer loop
      vertex 76.3626 54.1412 6
      vertex 88.1572 58.247 6
      vertex 89.3554 51.4518 6
    endloop
  endfacet
  facet normal 0 0 -1
    outer loop
      vertex 88.1572 58.247 6
      vertex 76.3626 54.1412 6
      vertex 76.3692 54.442 6
    endloop
  endfacet
  facet normal 0 0 -1
    outer loop
      vertex 89.3554 51.4518 6
      vertex 76.3169 53.8439 6
      vertex 76.3626 54.1412 6
    endloop
  endfacet
  facet normal 0 0 -1
    outer loop
      vertex 89.3554 51.4518 6
      vertex 76.2327 53.555 6
      vertex 76.3169 53.8439 6
    endloop
  endfacet
  facet normal 0 0 -1
    outer loop
      vertex 89.3554 51.4518 6
      vertex 76.1115 53.2797 6
      vertex 76.2327 53.555 6
    endloop
  endfacet
  facet normal 0 0 -1
    outer loop
      vertex 89.3554 51.4518 6
      vertex 75.9554 53.0225 6
      vertex 76.1115 53.2797 6
    endloop
  endfacet
  facet normal 0 0 -1
    outer loop
      vertex 89.3554 51.4518 6
      vertex 75.7671 52.7878 6
      vertex 75.9554 53.0225 6
    endloop
  endfacet
  facet normal 0 0 -1
    outer loop
      vertex 73.6477 48.6821 6
      vertex 75.7671 52.7878 6
      vertex 89.3554 51.4518 6
    endloop
  endfacet
  facet normal 0 0 -1
    outer loop
      vertex 75.7671 52.7878 6
      vertex 73.6477 48.6821 6
      vertex 75.5498 52.5798 6
    endloop
  endfacet
  facet normal 0 0 -1
    outer loop
      vertex 75.5498 52.5798 6
      vertex 73.6477 48.6821 6
      vertex 75.3072 52.4019 6
    endloop
  endfacet
  facet normal 0 0 -1
    outer loop
      vertex 75.3072 52.4019 6
      vertex 73.6477 48.6821 6
      vertex 75.0434 52.2572 6
    endloop
  endfacet
  facet normal 0 0 -1
    outer loop
      vertex 75.0434 52.2572 6
      vertex 73.6477 48.6821 6
      vertex 74.763 52.1481 6
    endloop
  endfacet
  facet normal 0 0 -1
    outer loop
      vertex 74.763 52.1481 6
      vertex 73.6477 48.6821 6
      vertex 74.4708 52.0766 6
    endloop
  endfacet
  facet normal 0 0 -1
    outer loop
      vertex 74.4708 52.0766 6
      vertex 73.6477 48.6821 6
      vertex 74.1717 52.0439 6
    endloop
  endfacet
  facet normal -0 0 -1
    outer loop
      vertex 74.1717 52.0439 6
      vertex 73.6477 48.6821 6
      vertex 73.8709 52.0504 6
    endloop
  endfacet
  facet normal 0 0 -1
    outer loop
      vertex 73.6477 48.6821 6
      vertex 73.5736 52.0962 6
      vertex 73.8709 52.0504 6
    endloop
  endfacet
  facet normal 0 0 -1
    outer loop
      vertex 71.7942 49.98 6
      vertex 73.6477 48.6821 6
      vertex 73.4397 48.6593 6
    endloop
  endfacet
  facet normal 0 0 -1
    outer loop
      vertex 73.6477 48.6821 6
      vertex 71.7942 49.98 6
      vertex 73.5736 52.0962 6
    endloop
  endfacet
  facet normal 0 0 -1
    outer loop
      vertex 71.7942 49.98 6
      vertex 73.4397 48.6593 6
      vertex 73.2304 48.6639 6
    endloop
  endfacet
  facet normal 0 0 -1
    outer loop
      vertex 71.7942 49.98 6
      vertex 73.2304 48.6639 6
      vertex 73.0236 48.6958 6
    endloop
  endfacet
  facet normal -0 0 -1
    outer loop
      vertex 73.5736 52.0962 6
      vertex 71.7942 49.98 6
      vertex 73.2847 52.1804 6
    endloop
  endfacet
  facet normal 0 0 -1
    outer loop
      vertex 71.7942 49.98 6
      vertex 73.0236 48.6958 6
      vertex 72.8226 48.7543 6
    endloop
  endfacet
  facet normal -0 0 -1
    outer loop
      vertex 73.2847 52.1804 6
      vertex 71.7942 49.98 6
      vertex 73.0094 52.3016 6
    endloop
  endfacet
  facet normal 0 0 -1
    outer loop
      vertex 71.7942 49.98 6
      vertex 72.8226 48.7543 6
      vertex 72.6311 48.8386 6
    endloop
  endfacet
  facet normal -0 0 -1
    outer loop
      vertex 73.0094 52.3016 6
      vertex 71.7942 49.98 6
      vertex 72.7521 52.4576 6
    endloop
  endfacet
  facet normal 0 0 -1
    outer loop
      vertex 71.7942 49.98 6
      vertex 72.6311 48.8386 6
      vertex 72.4521 48.9472 6
    endloop
  endfacet
  facet normal -0 0 -1
    outer loop
      vertex 72.7521 52.4576 6
      vertex 71.7942 49.98 6
      vertex 72.5175 52.6459 6
    endloop
  endfacet
  facet normal 0 0 -1
    outer loop
      vertex 71.7942 49.98 6
      vertex 72.4521 48.9472 6
      vertex 72.2889 49.0782 6
    endloop
  endfacet
  facet normal 0 0 -1
    outer loop
      vertex 71.7942 49.98 6
      vertex 72.2889 49.0782 6
      vertex 72.1442 49.2294 6
    endloop
  endfacet
  facet normal -0 0 -1
    outer loop
      vertex 72.5175 52.6459 6
      vertex 71.7942 49.98 6
      vertex 72.3095 52.8633 6
    endloop
  endfacet
  facet normal 0 0 -1
    outer loop
      vertex 71.7942 49.98 6
      vertex 72.1442 49.2294 6
      vertex 72.0204 49.3982 6
    endloop
  endfacet
  facet normal -0 0 -1
    outer loop
      vertex 72.3095 52.8633 6
      vertex 71.7942 49.98 6
      vertex 72.1316 53.1059 6
    endloop
  endfacet
  facet normal 0 0 -1
    outer loop
      vertex 71.7942 49.98 6
      vertex 72.0204 49.3982 6
      vertex 71.9198 49.5816 6
    endloop
  endfacet
  facet normal -0 0 -1
    outer loop
      vertex 72.1316 53.1059 6
      vertex 71.7942 49.98 6
      vertex 71.9869 53.3697 6
    endloop
  endfacet
  facet normal 0 0 -1
    outer loop
      vertex 71.7942 49.98 6
      vertex 71.9198 49.5816 6
      vertex 71.8439 49.7767 6
    endloop
  endfacet
  facet normal 0 0 -1
    outer loop
      vertex 71.0301 54.3131 6
      vertex 71.9869 53.3697 6
      vertex 71.7942 49.98 6
    endloop
  endfacet
  facet normal 0 0 -1
    outer loop
      vertex 71.9869 53.3697 6
      vertex 71.0301 54.3131 6
      vertex 71.8778 53.6501 6
    endloop
  endfacet
  facet normal 0 0 -1
    outer loop
      vertex 71.8778 53.6501 6
      vertex 71.0301 54.3131 6
      vertex 71.8063 53.9423 6
    endloop
  endfacet
  facet normal 0 0 -1
    outer loop
      vertex 71.8063 53.9423 6
      vertex 71.0301 54.3131 6
      vertex 71.7736 54.2414 6
    endloop
  endfacet
  facet normal 0 0 -1
    outer loop
      vertex 76.3364 54.7411 6
      vertex 88.1572 58.247 6
      vertex 76.3692 54.442 6
    endloop
  endfacet
  facet normal 0 0 -1
    outer loop
      vertex 76.3364 54.7411 6
      vertex 76.2903 56.1545 6
      vertex 88.1572 58.247 6
    endloop
  endfacet
  facet normal 0 0 -1
    outer loop
      vertex 76.2649 55.0333 6
      vertex 76.2903 56.1545 6
      vertex 76.3364 54.7411 6
    endloop
  endfacet
  facet normal 0 0 -1
    outer loop
      vertex 76.1559 55.3137 6
      vertex 76.2903 56.1545 6
      vertex 76.2649 55.0333 6
    endloop
  endfacet
  facet normal 0 0 -1
    outer loop
      vertex 76.0112 55.5775 6
      vertex 76.2903 56.1545 6
      vertex 76.1559 55.3137 6
    endloop
  endfacet
  facet normal 0 0 -1
    outer loop
      vertex 75.8333 55.8201 6
      vertex 76.2903 56.1545 6
      vertex 76.0112 55.5775 6
    endloop
  endfacet
  facet normal 0 0 -1
    outer loop
      vertex 75.6252 56.0374 6
      vertex 76.2903 56.1545 6
      vertex 75.8333 55.8201 6
    endloop
  endfacet
  facet normal 0 0 -1
    outer loop
      vertex 75.3906 56.2257 6
      vertex 76.2903 56.1545 6
      vertex 75.6252 56.0374 6
    endloop
  endfacet
  facet normal 0 0 -1
    outer loop
      vertex 76.2903 56.1545 6
      vertex 75.3906 56.2257 6
      vertex 75.8735 58.5181 6
    endloop
  endfacet
  facet normal 0 0 -1
    outer loop
      vertex 75.1334 56.3818 6
      vertex 75.8735 58.5181 6
      vertex 75.3906 56.2257 6
    endloop
  endfacet
  facet normal 0 0 -1
    outer loop
      vertex 74.858 56.503 6
      vertex 75.8735 58.5181 6
      vertex 75.1334 56.3818 6
    endloop
  endfacet
  facet normal 0 0 -1
    outer loop
      vertex 74.5692 56.5872 6
      vertex 75.8735 58.5181 6
      vertex 74.858 56.503 6
    endloop
  endfacet
  facet normal 0 0 -1
    outer loop
      vertex 74.2718 56.6329 6
      vertex 75.8735 58.5181 6
      vertex 74.5692 56.5872 6
    endloop
  endfacet
  facet normal 0 0 -1
    outer loop
      vertex 73.971 56.6395 6
      vertex 75.8735 58.5181 6
      vertex 74.2718 56.6329 6
    endloop
  endfacet
  facet normal 0 0 -1
    outer loop
      vertex 73.672 56.6067 6
      vertex 75.8735 58.5181 6
      vertex 73.971 56.6395 6
    endloop
  endfacet
  facet normal 0 0 -1
    outer loop
      vertex 73.3798 56.5352 6
      vertex 75.8735 58.5181 6
      vertex 73.672 56.6067 6
    endloop
  endfacet
  facet normal 0 0 -1
    outer loop
      vertex 73.0993 56.4262 6
      vertex 75.8735 58.5181 6
      vertex 73.3798 56.5352 6
    endloop
  endfacet
  facet normal 0 0 -1
    outer loop
      vertex 63.0519 56.2573 6
      vertex 73.0993 56.4262 6
      vertex 72.8356 56.2815 6
    endloop
  endfacet
  facet normal 0 0 -1
    outer loop
      vertex 63.0519 56.2573 6
      vertex 72.8356 56.2815 6
      vertex 72.593 56.1036 6
    endloop
  endfacet
  facet normal 0 0 -1
    outer loop
      vertex 71.0301 54.3131 6
      vertex 71.7801 54.5421 6
      vertex 71.7736 54.2414 6
    endloop
  endfacet
  facet normal 0 0 -1
    outer loop
      vertex 71.0301 54.3131 6
      vertex 71.8259 54.8395 6
      vertex 71.7801 54.5421 6
    endloop
  endfacet
  facet normal 0 0 -1
    outer loop
      vertex 71.0301 54.3131 6
      vertex 71.9101 55.1283 6
      vertex 71.8259 54.8395 6
    endloop
  endfacet
  facet normal 0 0 -1
    outer loop
      vertex 71.0301 54.3131 6
      vertex 72.0312 55.4037 6
      vertex 71.9101 55.1283 6
    endloop
  endfacet
  facet normal 0 0 -1
    outer loop
      vertex 71.0301 54.3131 6
      vertex 72.1873 55.6609 6
      vertex 72.0312 55.4037 6
    endloop
  endfacet
  facet normal 0 0 -1
    outer loop
      vertex 63.0519 56.2573 6
      vertex 72.1873 55.6609 6
      vertex 71.0301 54.3131 6
    endloop
  endfacet
  facet normal -0 0 -1
    outer loop
      vertex 73.0993 56.4262 6
      vertex 63.0519 56.2573 6
      vertex 75.8735 58.5181 6
    endloop
  endfacet
  facet normal 0 0 -1
    outer loop
      vertex 72.3756 55.8955 6
      vertex 63.0519 56.2573 6
      vertex 72.593 56.1036 6
    endloop
  endfacet
  facet normal 0 0 -1
    outer loop
      vertex 72.1873 55.6609 6
      vertex 63.0519 56.2573 6
      vertex 72.3756 55.8955 6
    endloop
  endfacet
  facet normal 0 0 -1
    outer loop
      vertex 61.9981 54.0114 6
      vertex 63.0519 56.2573 6
      vertex 71.0301 54.3131 6
    endloop
  endfacet
  facet normal 0 0 -1
    outer loop
      vertex 62.0015 54.2641 6
      vertex 63.0519 56.2573 6
      vertex 62.0121 54.1275 6
    endloop
  endfacet
  facet normal 0 0 -1
    outer loop
      vertex 63.0519 56.2573 6
      vertex 62.0316 55.4475 6
      vertex 62.8063 56.1889 6
    endloop
  endfacet
  facet normal 0 0 -1
    outer loop
      vertex 62.8063 56.1889 6
      vertex 62.0316 55.4475 6
      vertex 62.5601 56.0641 6
    endloop
  endfacet
  facet normal 0 0 -1
    outer loop
      vertex 62.5601 56.0641 6
      vertex 62.0316 55.4475 6
      vertex 62.344 55.8937 6
    endloop
  endfacet
  facet normal 0 0 -1
    outer loop
      vertex 62.344 55.8937 6
      vertex 62.0316 55.4475 6
      vertex 62.1659 55.6859 6
    endloop
  endfacet
  facet normal 0 0 -1
    outer loop
      vertex 63.0519 56.2573 6
      vertex 61.9981 54.0114 6
      vertex 62.0121 54.1275 6
    endloop
  endfacet
  facet normal 0 0 -1
    outer loop
      vertex 71.0301 54.3131 6
      vertex 61.9613 53.8998 6
      vertex 61.9981 54.0114 6
    endloop
  endfacet
  facet normal 0 0 -1
    outer loop
      vertex 71.0301 54.3131 6
      vertex 61.9038 53.7977 6
      vertex 61.9613 53.8998 6
    endloop
  endfacet
  facet normal 0 0 -1
    outer loop
      vertex 71.0301 54.3131 6
      vertex 61.8275 53.7088 6
      vertex 61.9038 53.7977 6
    endloop
  endfacet
  facet normal 0 0 -1
    outer loop
      vertex 71.0301 54.3131 6
      vertex 61.7353 53.636 6
      vertex 61.8275 53.7088 6
    endloop
  endfacet
  facet normal 0 0 -1
    outer loop
      vertex 71.0301 54.3131 6
      vertex 61.6309 53.5832 6
      vertex 61.7353 53.636 6
    endloop
  endfacet
  facet normal 0 0 -1
    outer loop
      vertex 71.0301 54.3131 6
      vertex 61.4989 53.5464 6
      vertex 61.6309 53.5832 6
    endloop
  endfacet
  facet normal 0 0 -1
    outer loop
      vertex 54.2884 51.3611 6
      vertex 61.4989 53.5464 6
      vertex 71.0301 54.3131 6
    endloop
  endfacet
  facet normal 0 0 -1
    outer loop
      vertex 54.2884 51.3611 6
      vertex 54.113 52.2441 6
      vertex 61.4989 53.5464 6
    endloop
  endfacet
  facet normal 0 0 -1
    outer loop
      vertex 52.9931 50.6448 6
      vertex 55.161 46.4125 6
      vertex 53.7962 46.0901 6
    endloop
  endfacet
  facet normal 0 0 -1
    outer loop
      vertex 53.7928 45.8374 6
      vertex 54.2615 44.6845 6
      vertex 54.0664 44.6087 6
    endloop
  endfacet
  facet normal 0 0 -1
    outer loop
      vertex 55.161 46.4125 6
      vertex 52.9931 50.6448 6
      vertex 54.2884 51.3611 6
    endloop
  endfacet
  facet normal 0 0 -1
    outer loop
      vertex 53.53 45.462 6
      vertex 54.0664 44.6087 6
      vertex 53.8631 44.5589 6
    endloop
  endfacet
  facet normal -0 0 -1
    outer loop
      vertex 55.1838 46.2044 6
      vertex 53.7962 46.0901 6
      vertex 55.161 46.4125 6
    endloop
  endfacet
  facet normal 0 0 -1
    outer loop
      vertex 52.9734 50.8989 6
      vertex 54.2884 51.3611 6
      vertex 52.9931 50.6448 6
    endloop
  endfacet
  facet normal 0 0 -1
    outer loop
      vertex 54.2884 51.3611 6
      vertex 53.8674 52.1756 6
      vertex 54.113 52.2441 6
    endloop
  endfacet
  facet normal 0 0 -1
    outer loop
      vertex 54.2884 51.3611 6
      vertex 53.6212 52.051 6
      vertex 53.8674 52.1756 6
    endloop
  endfacet
  facet normal 0 0 -1
    outer loop
      vertex 54.2884 51.3611 6
      vertex 53.405 51.8805 6
      vertex 53.6212 52.051 6
    endloop
  endfacet
  facet normal 0 0 -1
    outer loop
      vertex 54.2884 51.3611 6
      vertex 53.227 51.6727 6
      vertex 53.405 51.8805 6
    endloop
  endfacet
  facet normal 0 0 -1
    outer loop
      vertex 54.2884 51.3611 6
      vertex 53.0927 51.4343 6
      vertex 53.227 51.6727 6
    endloop
  endfacet
  facet normal -0 0 -1
    outer loop
      vertex 54.2884 51.3611 6
      vertex 53.0064 51.1729 6
      vertex 53.0927 51.4343 6
    endloop
  endfacet
  facet normal 0 0 -1
    outer loop
      vertex 54.2884 51.3611 6
      vertex 52.9734 50.8989 6
      vertex 53.0064 51.1729 6
    endloop
  endfacet
  facet normal 0.185061 0.982727 4.99306e-06
    outer loop
      vertex 21.8154 -42.1881 6
      vertex 21.8134 -42.1877 1.4
      vertex 21.5467 -42.1375 6
    endloop
  endfacet
  facet normal 0.196116 0.980581 -0
    outer loop
      vertex 21.8154 -42.1881 1.39
      vertex 21.8134 -42.1877 1.4
      vertex 21.8154 -42.1881 6
    endloop
  endfacet
  facet normal 0.196116 0.980581 0
    outer loop
      vertex 21.8134 -42.1877 1.4
      vertex 21.8154 -42.1881 1.39
      vertex 21.8134 -42.1877 1.39
    endloop
  endfacet
  facet normal 0.184978 0.982743 0
    outer loop
      vertex 21.5467 -42.1375 6
      vertex 21.8134 -42.1877 1.4
      vertex 21.5467 -42.1375 1.4
    endloop
  endfacet
  facet normal 0.369195 0.929352 -0
    outer loop
      vertex 21.5467 -42.1375 1.4
      vertex 21.2912 -42.036 6
      vertex 21.5467 -42.1375 6
    endloop
  endfacet
  facet normal 0.369195 0.929352 0
    outer loop
      vertex 21.2912 -42.036 6
      vertex 21.5467 -42.1375 1.4
      vertex 21.2912 -42.036 1.4
    endloop
  endfacet
  facet normal 0.546566 0.837416 -0
    outer loop
      vertex 21.2912 -42.036 1.4
      vertex 21.06 -41.8851 6
      vertex 21.2912 -42.036 6
    endloop
  endfacet
  facet normal 0.546566 0.837416 0
    outer loop
      vertex 21.06 -41.8851 6
      vertex 21.2912 -42.036 1.4
      vertex 21.06 -41.8851 1.4
    endloop
  endfacet
  facet normal 0.70121 0.712955 -0
    outer loop
      vertex 21.06 -41.8851 1.4
      vertex 20.8779 -41.706 6
      vertex 21.06 -41.8851 6
    endloop
  endfacet
  facet normal 0.70121 0.712955 0
    outer loop
      vertex 20.8779 -41.706 6
      vertex 21.06 -41.8851 1.4
      vertex 20.8779 -41.706 1.4
    endloop
  endfacet
  facet normal 0.766038 0.642795 0
    outer loop
      vertex 20.8779 -41.706 6
      vertex 11.2112 -30.1859 1.4
      vertex 11.2112 -30.1859 6
    endloop
  endfacet
  facet normal 0.766038 0.642795 0
    outer loop
      vertex 11.2112 -30.1859 1.4
      vertex 20.8779 -41.706 6
      vertex 20.8779 -41.706 1.4
    endloop
  endfacet
  facet normal 0.825538 0.564346 0
    outer loop
      vertex 11.2112 -30.1859 6
      vertex 11.0673 -29.9754 1.4
      vertex 11.0673 -29.9754 6
    endloop
  endfacet
  facet normal 0.825538 0.564346 0
    outer loop
      vertex 11.0673 -29.9754 1.4
      vertex 11.2112 -30.1859 6
      vertex 11.2112 -30.1859 1.4
    endloop
  endfacet
  facet normal 0.918656 0.395058 0
    outer loop
      vertex 11.0673 -29.9754 6
      vertex 10.9585 -29.7224 1.4
      vertex 10.9585 -29.7224 6
    endloop
  endfacet
  facet normal 0.918656 0.395058 0
    outer loop
      vertex 10.9585 -29.7224 1.4
      vertex 11.0673 -29.9754 6
      vertex 11.0673 -29.9754 1.4
    endloop
  endfacet
  facet normal 0.979044 0.20365 0
    outer loop
      vertex 10.9585 -29.7224 6
      vertex 10.9024 -29.4527 1.4
      vertex 10.9024 -29.4527 6
    endloop
  endfacet
  facet normal 0.979044 0.20365 0
    outer loop
      vertex 10.9024 -29.4527 1.4
      vertex 10.9585 -29.7224 6
      vertex 10.9585 -29.7224 1.4
    endloop
  endfacet
  facet normal 0.99994 0.0109582 0
    outer loop
      vertex 10.8996 -29.1785 6
      vertex 10.9 -29.215 1.4
      vertex 10.8996 -29.1785 1.39
    endloop
  endfacet
  facet normal 0.999948 0.010211 5.92999e-06
    outer loop
      vertex 10.9024 -29.4527 6
      vertex 10.9 -29.215 1.4
      vertex 10.8996 -29.1785 6
    endloop
  endfacet
  facet normal 0.999949 0.0100962 0
    outer loop
      vertex 10.9 -29.215 1.4
      vertex 10.9024 -29.4527 6
      vertex 10.9024 -29.4527 1.4
    endloop
  endfacet
  facet normal 0.99994 0.0109582 0
    outer loop
      vertex 10.8996 -29.1785 1.39
      vertex 10.9 -29.215 1.4
      vertex 10.9 -29.215 1.39
    endloop
  endfacet
  facet normal 0.982755 -0.184911 0
    outer loop
      vertex 10.9502 -28.9098 6
      vertex 10.9 -29.1766 1.4
      vertex 10.9502 -28.9098 1.4
    endloop
  endfacet
  facet normal 0.982727 -0.185061 9.01614e-06
    outer loop
      vertex 10.8996 -29.1785 6
      vertex 10.9 -29.1766 1.4
      vertex 10.9502 -28.9098 6
    endloop
  endfacet
  facet normal 0.97855 -0.20601 0
    outer loop
      vertex 10.8996 -29.1785 1.39
      vertex 10.9 -29.1766 1.4
      vertex 10.8996 -29.1785 6
    endloop
  endfacet
  facet normal 0.97855 -0.20601 0
    outer loop
      vertex 10.9 -29.1766 1.4
      vertex 10.8996 -29.1785 1.39
      vertex 10.9 -29.1766 1.39
    endloop
  endfacet
  facet normal 0.929352 -0.369195 0
    outer loop
      vertex 10.9502 -28.9098 6
      vertex 11.0517 -28.6543 1.4
      vertex 11.0517 -28.6543 6
    endloop
  endfacet
  facet normal 0.929352 -0.369195 0
    outer loop
      vertex 11.0517 -28.6543 1.4
      vertex 10.9502 -28.9098 6
      vertex 10.9502 -28.9098 1.4
    endloop
  endfacet
  facet normal 0.837416 -0.546566 0
    outer loop
      vertex 11.0517 -28.6543 6
      vertex 11.2026 -28.4231 1.4
      vertex 11.2026 -28.4231 6
    endloop
  endfacet
  facet normal 0.837416 -0.546566 0
    outer loop
      vertex 11.2026 -28.4231 1.4
      vertex 11.0517 -28.6543 6
      vertex 11.0517 -28.6543 1.4
    endloop
  endfacet
  facet normal 0.712759 -0.701409 0
    outer loop
      vertex 11.2026 -28.4231 6
      vertex 11.3818 -28.241 1.4
      vertex 11.3818 -28.241 6
    endloop
  endfacet
  facet normal 0.712759 -0.701409 0
    outer loop
      vertex 11.3818 -28.241 1.4
      vertex 11.2026 -28.4231 6
      vertex 11.2026 -28.4231 1.4
    endloop
  endfacet
  facet normal 0.642798 -0.766036 0
    outer loop
      vertex 11.3818 -28.241 1.4
      vertex 24.4339 -17.2887 6
      vertex 11.3818 -28.241 6
    endloop
  endfacet
  facet normal 0.642798 -0.766036 0
    outer loop
      vertex 24.4339 -17.2887 6
      vertex 11.3818 -28.241 1.4
      vertex 24.4339 -17.2887 1.4
    endloop
  endfacet
  facet normal 0.564164 -0.825663 0
    outer loop
      vertex 24.4339 -17.2887 1.4
      vertex 24.6445 -17.1448 6
      vertex 24.4339 -17.2887 6
    endloop
  endfacet
  facet normal 0.564164 -0.825663 0
    outer loop
      vertex 24.6445 -17.1448 6
      vertex 24.4339 -17.2887 1.4
      vertex 24.6445 -17.1448 1.4
    endloop
  endfacet
  facet normal 0.394884 -0.918731 0
    outer loop
      vertex 24.6445 -17.1448 1.4
      vertex 24.8974 -17.0361 6
      vertex 24.6445 -17.1448 6
    endloop
  endfacet
  facet normal 0.394884 -0.918731 0
    outer loop
      vertex 24.8974 -17.0361 6
      vertex 24.6445 -17.1448 1.4
      vertex 24.8974 -17.0361 1.4
    endloop
  endfacet
  facet normal 0.20365 -0.979044 0
    outer loop
      vertex 24.8974 -17.0361 1.4
      vertex 25.1671 -16.98 6
      vertex 24.8974 -17.0361 6
    endloop
  endfacet
  facet normal 0.20365 -0.979044 0
    outer loop
      vertex 25.1671 -16.98 6
      vertex 24.8974 -17.0361 1.4
      vertex 25.1671 -16.98 1.4
    endloop
  endfacet
  facet normal 0.0102147 -0.999948 0
    outer loop
      vertex 25.1671 -16.98 1.4
      vertex 25.4412 -16.9772 6
      vertex 25.1671 -16.98 6
    endloop
  endfacet
  facet normal 0.0102147 -0.999948 0
    outer loop
      vertex 25.4412 -16.9772 6
      vertex 25.1671 -16.98 1.4
      vertex 25.4412 -16.9772 1.4
    endloop
  endfacet
  facet normal -0.184995 -0.982739 0
    outer loop
      vertex 25.4412 -16.9772 1.4
      vertex 25.71 -17.0278 6
      vertex 25.4412 -16.9772 6
    endloop
  endfacet
  facet normal -0.184995 -0.982739 -0
    outer loop
      vertex 25.71 -17.0278 6
      vertex 25.4412 -16.9772 1.4
      vertex 25.71 -17.0278 1.4
    endloop
  endfacet
  facet normal -0.369195 -0.929352 0
    outer loop
      vertex 25.71 -17.0278 1.4
      vertex 25.9655 -17.1293 6
      vertex 25.71 -17.0278 6
    endloop
  endfacet
  facet normal -0.369195 -0.929352 -0
    outer loop
      vertex 25.9655 -17.1293 6
      vertex 25.71 -17.0278 1.4
      vertex 25.9655 -17.1293 1.4
    endloop
  endfacet
  facet normal -0.546566 -0.837416 0
    outer loop
      vertex 25.9655 -17.1293 1.4
      vertex 26.1967 -17.2802 6
      vertex 25.9655 -17.1293 6
    endloop
  endfacet
  facet normal -0.546566 -0.837416 -0
    outer loop
      vertex 26.1967 -17.2802 6
      vertex 25.9655 -17.1293 1.4
      vertex 26.1967 -17.2802 1.4
    endloop
  endfacet
  facet normal -0.701206 -0.712958 0
    outer loop
      vertex 26.1967 -17.2802 1.4
      vertex 26.3787 -17.4592 6
      vertex 26.1967 -17.2802 6
    endloop
  endfacet
  facet normal -0.701206 -0.712958 -0
    outer loop
      vertex 26.3787 -17.4592 6
      vertex 26.1967 -17.2802 1.4
      vertex 26.3787 -17.4592 1.4
    endloop
  endfacet
  facet normal -0.765594 -0.643324 0
    outer loop
      vertex 26.8717 -18.0459 1.4
      vertex 26.3787 -17.4592 6
      vertex 26.3787 -17.4592 1.4
    endloop
  endfacet
  facet normal -0.765594 -0.643324 0
    outer loop
      vertex 26.3787 -17.4592 6
      vertex 26.8717 -18.0459 1.4
      vertex 26.8717 -18.0459 6
    endloop
  endfacet
  facet normal -0.698656 -0.715458 0
    outer loop
      vertex 26.8717 -18.0459 1.4
      vertex 26.9739 -18.1457 6
      vertex 26.8717 -18.0459 6
    endloop
  endfacet
  facet normal -0.698656 -0.715458 -0
    outer loop
      vertex 26.9739 -18.1457 6
      vertex 26.8717 -18.0459 1.4
      vertex 26.9739 -18.1457 1.4
    endloop
  endfacet
  facet normal -0.530733 -0.847539 0
    outer loop
      vertex 26.9739 -18.1457 1.4
      vertex 27.0777 -18.2107 6
      vertex 26.9739 -18.1457 6
    endloop
  endfacet
  facet normal -0.530733 -0.847539 -0
    outer loop
      vertex 27.0777 -18.2107 6
      vertex 26.9739 -18.1457 1.4
      vertex 27.0777 -18.2107 1.4
    endloop
  endfacet
  facet normal -0.348816 -0.937191 0
    outer loop
      vertex 27.0777 -18.2107 1.4
      vertex 27.1935 -18.2538 6
      vertex 27.0777 -18.2107 6
    endloop
  endfacet
  facet normal -0.348816 -0.937191 -0
    outer loop
      vertex 27.1935 -18.2538 6
      vertex 27.0777 -18.2107 1.4
      vertex 27.1935 -18.2538 1.4
    endloop
  endfacet
  facet normal -0.151267 -0.988493 0
    outer loop
      vertex 27.1935 -18.2538 1.4
      vertex 27.3157 -18.2725 6
      vertex 27.1935 -18.2538 6
    endloop
  endfacet
  facet normal -0.151267 -0.988493 -0
    outer loop
      vertex 27.3157 -18.2725 6
      vertex 27.1935 -18.2538 1.4
      vertex 27.3157 -18.2725 1.4
    endloop
  endfacet
  facet normal 0.0530731 -0.998591 0
    outer loop
      vertex 27.3157 -18.2725 1.4
      vertex 27.438 -18.266 6
      vertex 27.3157 -18.2725 6
    endloop
  endfacet
  facet normal 0.0530731 -0.998591 0
    outer loop
      vertex 27.438 -18.266 6
      vertex 27.3157 -18.2725 1.4
      vertex 27.438 -18.266 1.4
    endloop
  endfacet
  facet normal 0.258777 -0.965937 0
    outer loop
      vertex 27.438 -18.266 1.4
      vertex 27.5567 -18.2342 6
      vertex 27.438 -18.266 6
    endloop
  endfacet
  facet normal 0.258777 -0.965937 0
    outer loop
      vertex 27.5567 -18.2342 6
      vertex 27.438 -18.266 1.4
      vertex 27.5567 -18.2342 1.4
    endloop
  endfacet
  facet normal 0.44883 -0.893617 0
    outer loop
      vertex 27.5567 -18.2342 1.4
      vertex 27.6672 -18.1787 6
      vertex 27.5567 -18.2342 6
    endloop
  endfacet
  facet normal 0.44883 -0.893617 0
    outer loop
      vertex 27.6672 -18.1787 6
      vertex 27.5567 -18.2342 1.4
      vertex 27.6672 -18.1787 1.4
    endloop
  endfacet
  facet normal 0.621586 -0.783346 0
    outer loop
      vertex 27.6672 -18.1787 1.4
      vertex 27.7626 -18.103 6
      vertex 27.6672 -18.1787 6
    endloop
  endfacet
  facet normal 0.621586 -0.783346 0
    outer loop
      vertex 27.7626 -18.103 6
      vertex 27.6672 -18.1787 1.4
      vertex 27.7626 -18.103 1.4
    endloop
  endfacet
  facet normal 0.773705 -0.633547 0
    outer loop
      vertex 27.7626 -18.103 6
      vertex 27.8408 -18.0075 1.4
      vertex 27.8408 -18.0075 6
    endloop
  endfacet
  facet normal 0.773705 -0.633547 0
    outer loop
      vertex 27.8408 -18.0075 1.4
      vertex 27.7626 -18.103 6
      vertex 27.7626 -18.103 1.4
    endloop
  endfacet
  facet normal 0.881951 -0.47134 0
    outer loop
      vertex 27.8408 -18.0075 6
      vertex 27.9091 -17.8797 1.4
      vertex 27.9091 -17.8797 6
    endloop
  endfacet
  facet normal 0.881951 -0.47134 0
    outer loop
      vertex 27.9091 -17.8797 1.4
      vertex 27.8408 -18.0075 6
      vertex 27.8408 -18.0075 1.4
    endloop
  endfacet
  facet normal 0.927694 -0.373341 0
    outer loop
      vertex 27.9091 -17.8797 6
      vertex 29.1295 -14.8472 1.4
      vertex 29.1295 -14.8472 6
    endloop
  endfacet
  facet normal 0.927694 -0.373341 0
    outer loop
      vertex 29.1295 -14.8472 1.4
      vertex 27.9091 -17.8797 6
      vertex 27.9091 -17.8797 1.4
    endloop
  endfacet
  facet normal 0.959141 -0.282928 0
    outer loop
      vertex 29.1295 -14.8472 6
      vertex 29.1677 -14.7177 1.4
      vertex 29.1677 -14.7177 6
    endloop
  endfacet
  facet normal 0.959141 -0.282928 0
    outer loop
      vertex 29.1677 -14.7177 1.4
      vertex 29.1295 -14.8472 6
      vertex 29.1295 -14.8472 1.4
    endloop
  endfacet
  facet normal 0.995654 -0.093125 0
    outer loop
      vertex 29.1677 -14.7177 6
      vertex 29.1784 -14.6033 1.4
      vertex 29.1784 -14.6033 6
    endloop
  endfacet
  facet normal 0.995654 -0.093125 0
    outer loop
      vertex 29.1784 -14.6033 1.4
      vertex 29.1677 -14.7177 6
      vertex 29.1677 -14.7177 1.4
    endloop
  endfacet
  facet normal 0.994804 0.10181 0
    outer loop
      vertex 29.1784 -14.6033 6
      vertex 29.1666 -14.488 1.4
      vertex 29.1666 -14.488 6
    endloop
  endfacet
  facet normal 0.994804 0.10181 0
    outer loop
      vertex 29.1666 -14.488 1.4
      vertex 29.1784 -14.6033 6
      vertex 29.1784 -14.6033 1.4
    endloop
  endfacet
  facet normal 0.957061 0.289887 0
    outer loop
      vertex 29.1666 -14.488 6
      vertex 29.1331 -14.3774 1.4
      vertex 29.1331 -14.3774 6
    endloop
  endfacet
  facet normal 0.957061 0.289887 0
    outer loop
      vertex 29.1331 -14.3774 1.4
      vertex 29.1666 -14.488 6
      vertex 29.1666 -14.488 1.4
    endloop
  endfacet
  facet normal 0.882638 0.470054 0
    outer loop
      vertex 29.1331 -14.3774 6
      vertex 29.0783 -14.2745 1.4
      vertex 29.0783 -14.2745 6
    endloop
  endfacet
  facet normal 0.882638 0.470054 0
    outer loop
      vertex 29.0783 -14.2745 1.4
      vertex 29.1331 -14.3774 6
      vertex 29.1331 -14.3774 1.4
    endloop
  endfacet
  facet normal 0.778908 0.627139 0
    outer loop
      vertex 29.0783 -14.2745 6
      vertex 29.0064 -14.1852 1.4
      vertex 29.0064 -14.1852 6
    endloop
  endfacet
  facet normal 0.778908 0.627139 0
    outer loop
      vertex 29.0064 -14.1852 1.4
      vertex 29.0783 -14.2745 6
      vertex 29.0783 -14.2745 1.4
    endloop
  endfacet
  facet normal 0.637959 0.77007 -0
    outer loop
      vertex 29.0064 -14.1852 1.4
      vertex 28.9178 -14.1118 6
      vertex 29.0064 -14.1852 6
    endloop
  endfacet
  facet normal 0.637959 0.77007 0
    outer loop
      vertex 28.9178 -14.1118 6
      vertex 29.0064 -14.1852 1.4
      vertex 28.9178 -14.1118 1.4
    endloop
  endfacet
  facet normal 0.483373 0.875414 -0
    outer loop
      vertex 28.9178 -14.1118 1.4
      vertex 28.8162 -14.0557 6
      vertex 28.9178 -14.1118 6
    endloop
  endfacet
  facet normal 0.483373 0.875414 0
    outer loop
      vertex 28.8162 -14.0557 6
      vertex 28.9178 -14.1118 1.4
      vertex 28.8162 -14.0557 1.4
    endloop
  endfacet
  facet normal 0.304208 0.952606 -0
    outer loop
      vertex 28.8162 -14.0557 1.4
      vertex 28.7066 -14.0207 6
      vertex 28.8162 -14.0557 6
    endloop
  endfacet
  facet normal 0.304208 0.952606 0
    outer loop
      vertex 28.7066 -14.0207 6
      vertex 28.8162 -14.0557 1.4
      vertex 28.7066 -14.0207 1.4
    endloop
  endfacet
  facet normal 0.11423 0.993454 -0
    outer loop
      vertex 28.7066 -14.0207 1.4
      vertex 28.5918 -14.0075 6
      vertex 28.7066 -14.0207 6
    endloop
  endfacet
  facet normal 0.11423 0.993454 0
    outer loop
      vertex 28.5918 -14.0075 6
      vertex 28.7066 -14.0207 1.4
      vertex 28.5918 -14.0075 1.4
    endloop
  endfacet
  facet normal -0.0757405 0.997128 0
    outer loop
      vertex 28.5918 -14.0075 1.4
      vertex 28.4562 -14.0178 6
      vertex 28.5918 -14.0075 6
    endloop
  endfacet
  facet normal -0.0757405 0.997128 0
    outer loop
      vertex 28.4562 -14.0178 6
      vertex 28.5918 -14.0075 1.4
      vertex 28.4562 -14.0178 1.4
    endloop
  endfacet
  facet normal -0.17371 0.984797 0
    outer loop
      vertex 28.4562 -14.0178 1.4
      vertex 27.8581 -14.1233 6
      vertex 28.4562 -14.0178 6
    endloop
  endfacet
  facet normal -0.17371 0.984797 0
    outer loop
      vertex 27.8581 -14.1233 6
      vertex 28.4562 -14.0178 1.4
      vertex 27.8581 -14.1233 1.4
    endloop
  endfacet
  facet normal 0.984808 0.173647 0
    outer loop
      vertex 27.8581 -14.1233 6
      vertex 19.1029 35.5302 1.4
      vertex 19.1029 35.5302 6
    endloop
  endfacet
  facet normal 0.984808 0.173647 0
    outer loop
      vertex 19.1029 35.5302 1.4
      vertex 27.8581 -14.1233 6
      vertex 27.8581 -14.1233 1.4
    endloop
  endfacet
  facet normal 0.997008 0.0772966 0
    outer loop
      vertex 19.1029 35.5302 6
      vertex 19.0832 35.7843 1.4
      vertex 19.0832 35.7843 6
    endloop
  endfacet
  facet normal 0.997008 0.0772966 0
    outer loop
      vertex 19.0832 35.7843 1.4
      vertex 19.1029 35.5302 6
      vertex 19.1029 35.5302 1.4
    endloop
  endfacet
  facet normal 0.992868 -0.119217 0
    outer loop
      vertex 19.0832 35.7843 6
      vertex 19.1161 36.0583 1.4
      vertex 19.1161 36.0583 6
    endloop
  endfacet
  facet normal 0.992868 -0.119217 0
    outer loop
      vertex 19.1161 36.0583 1.4
      vertex 19.0832 35.7843 6
      vertex 19.0832 35.7843 1.4
    endloop
  endfacet
  facet normal 0.949588 -0.313502 0
    outer loop
      vertex 19.1161 36.0583 6
      vertex 19.2024 36.3197 1.4
      vertex 19.2024 36.3197 6
    endloop
  endfacet
  facet normal 0.949588 -0.313502 0
    outer loop
      vertex 19.2024 36.3197 1.4
      vertex 19.1161 36.0583 6
      vertex 19.1161 36.0583 1.4
    endloop
  endfacet
  facet normal 0.871263 -0.490816 0
    outer loop
      vertex 19.2024 36.3197 6
      vertex 19.3367 36.5581 1.4
      vertex 19.3367 36.5581 6
    endloop
  endfacet
  facet normal 0.871263 -0.490816 0
    outer loop
      vertex 19.3367 36.5581 1.4
      vertex 19.2024 36.3197 6
      vertex 19.2024 36.3197 1.4
    endloop
  endfacet
  facet normal 0.759282 -0.650761 0
    outer loop
      vertex 19.3367 36.5581 6
      vertex 19.5148 36.7659 1.4
      vertex 19.5148 36.7659 6
    endloop
  endfacet
  facet normal 0.759282 -0.650761 0
    outer loop
      vertex 19.5148 36.7659 1.4
      vertex 19.3367 36.5581 6
      vertex 19.3367 36.5581 1.4
    endloop
  endfacet
  facet normal 0.619232 -0.785208 0
    outer loop
      vertex 19.5148 36.7659 1.4
      vertex 19.731 36.9364 6
      vertex 19.5148 36.7659 6
    endloop
  endfacet
  facet normal 0.619232 -0.785208 0
    outer loop
      vertex 19.731 36.9364 6
      vertex 19.5148 36.7659 1.4
      vertex 19.731 36.9364 1.4
    endloop
  endfacet
  facet normal 0.451703 -0.892168 0
    outer loop
      vertex 19.731 36.9364 1.4
      vertex 19.9771 37.061 6
      vertex 19.731 36.9364 6
    endloop
  endfacet
  facet normal 0.451703 -0.892168 0
    outer loop
      vertex 19.9771 37.061 6
      vertex 19.731 36.9364 1.4
      vertex 19.9771 37.061 1.4
    endloop
  endfacet
  facet normal 0.268655 -0.963236 0
    outer loop
      vertex 19.9771 37.061 1.4
      vertex 20.2227 37.1295 6
      vertex 19.9771 37.061 6
    endloop
  endfacet
  facet normal 0.268655 -0.963236 0
    outer loop
      vertex 20.2227 37.1295 6
      vertex 19.9771 37.061 1.4
      vertex 20.2227 37.1295 1.4
    endloop
  endfacet
  facet normal 0.173644 -0.984808 0
    outer loop
      vertex 20.2227 37.1295 1.4
      vertex 35.9796 39.9078 6
      vertex 20.2227 37.1295 6
    endloop
  endfacet
  facet normal 0.173644 -0.984808 0
    outer loop
      vertex 35.9796 39.9078 6
      vertex 20.2227 37.1295 1.4
      vertex 35.9796 39.9078 1.4
    endloop
  endfacet
  facet normal 0.268547 -0.963267 0
    outer loop
      vertex 35.9796 39.9078 1.4
      vertex 36.1116 39.9446 6
      vertex 35.9796 39.9078 6
    endloop
  endfacet
  facet normal 0.268547 -0.963267 0
    outer loop
      vertex 36.1116 39.9446 6
      vertex 35.9796 39.9078 1.4
      vertex 36.1116 39.9446 1.4
    endloop
  endfacet
  facet normal 0.451656 -0.892192 0
    outer loop
      vertex 36.1116 39.9446 1.4
      vertex 36.2159 39.9974 6
      vertex 36.1116 39.9446 6
    endloop
  endfacet
  facet normal 0.451656 -0.892192 0
    outer loop
      vertex 36.2159 39.9974 6
      vertex 36.1116 39.9446 1.4
      vertex 36.2159 39.9974 1.4
    endloop
  endfacet
  facet normal 0.619699 -0.784839 0
    outer loop
      vertex 36.2159 39.9974 1.4
      vertex 36.3081 40.0702 6
      vertex 36.2159 39.9974 6
    endloop
  endfacet
  facet normal 0.619699 -0.784839 0
    outer loop
      vertex 36.3081 40.0702 6
      vertex 36.2159 39.9974 1.4
      vertex 36.3081 40.0702 1.4
    endloop
  endfacet
  facet normal 0.758835 -0.651283 0
    outer loop
      vertex 36.3081 40.0702 6
      vertex 36.3844 40.1591 1.4
      vertex 36.3844 40.1591 6
    endloop
  endfacet
  facet normal 0.758835 -0.651283 0
    outer loop
      vertex 36.3844 40.1591 1.4
      vertex 36.3081 40.0702 6
      vertex 36.3081 40.0702 1.4
    endloop
  endfacet
  facet normal 0.871325 -0.490707 0
    outer loop
      vertex 36.3844 40.1591 6
      vertex 36.4419 40.2612 1.4
      vertex 36.4419 40.2612 6
    endloop
  endfacet
  facet normal 0.871325 -0.490707 0
    outer loop
      vertex 36.4419 40.2612 1.4
      vertex 36.3844 40.1591 6
      vertex 36.3844 40.1591 1.4
    endloop
  endfacet
  facet normal 0.9497 -0.313163 0
    outer loop
      vertex 36.4419 40.2612 6
      vertex 36.4787 40.3728 1.4
      vertex 36.4787 40.3728 6
    endloop
  endfacet
  facet normal 0.9497 -0.313163 0
    outer loop
      vertex 36.4787 40.3728 1.4
      vertex 36.4419 40.2612 6
      vertex 36.4419 40.2612 1.4
    endloop
  endfacet
  facet normal 0.992808 -0.119718 0
    outer loop
      vertex 36.4787 40.3728 6
      vertex 36.4927 40.4889 1.4
      vertex 36.4927 40.4889 6
    endloop
  endfacet
  facet normal 0.992808 -0.119718 0
    outer loop
      vertex 36.4927 40.4889 1.4
      vertex 36.4787 40.3728 6
      vertex 36.4787 40.3728 1.4
    endloop
  endfacet
  facet normal 0.997003 0.0773662 0
    outer loop
      vertex 36.4927 40.4889 6
      vertex 36.4821 40.6255 1.4
      vertex 36.4821 40.6255 6
    endloop
  endfacet
  facet normal 0.997003 0.0773662 0
    outer loop
      vertex 36.4821 40.6255 1.4
      vertex 36.4927 40.4889 6
      vertex 36.4927 40.4889 1.4
    endloop
  endfacet
  facet normal 0.984816 0.173603 0
    outer loop
      vertex 36.4821 40.6255 6
      vertex 36.417 40.9948 1.4
      vertex 36.417 40.9948 6
    endloop
  endfacet
  facet normal 0.984816 0.173603 0
    outer loop
      vertex 36.417 40.9948 1.4
      vertex 36.4821 40.6255 6
      vertex 36.4821 40.6255 1.4
    endloop
  endfacet
  facet normal 0.997008 0.0772966 0
    outer loop
      vertex 36.417 40.9948 6
      vertex 36.3973 41.2489 1.4
      vertex 36.3973 41.2489 6
    endloop
  endfacet
  facet normal 0.997008 0.0772966 0
    outer loop
      vertex 36.3973 41.2489 1.4
      vertex 36.417 40.9948 6
      vertex 36.417 40.9948 1.4
    endloop
  endfacet
  facet normal 0.992825 -0.119574 0
    outer loop
      vertex 36.3973 41.2489 6
      vertex 36.4303 41.5229 1.4
      vertex 36.4303 41.5229 6
    endloop
  endfacet
  facet normal 0.992825 -0.119574 0
    outer loop
      vertex 36.4303 41.5229 1.4
      vertex 36.3973 41.2489 6
      vertex 36.3973 41.2489 1.4
    endloop
  endfacet
  facet normal 0.949696 -0.313174 0
    outer loop
      vertex 36.4303 41.5229 6
      vertex 36.5165 41.7843 1.4
      vertex 36.5165 41.7843 6
    endloop
  endfacet
  facet normal 0.949696 -0.313174 0
    outer loop
      vertex 36.5165 41.7843 1.4
      vertex 36.4303 41.5229 6
      vertex 36.4303 41.5229 1.4
    endloop
  endfacet
  facet normal 0.871107 -0.491094 0
    outer loop
      vertex 36.5165 41.7843 6
      vertex 36.6509 42.0227 1.4
      vertex 36.6509 42.0227 6
    endloop
  endfacet
  facet normal 0.871107 -0.491094 0
    outer loop
      vertex 36.6509 42.0227 1.4
      vertex 36.5165 41.7843 6
      vertex 36.5165 41.7843 1.4
    endloop
  endfacet
  facet normal 0.759463 -0.650551 0
    outer loop
      vertex 36.6509 42.0227 6
      vertex 36.8289 42.2305 1.4
      vertex 36.8289 42.2305 6
    endloop
  endfacet
  facet normal 0.759463 -0.650551 0
    outer loop
      vertex 36.8289 42.2305 1.4
      vertex 36.6509 42.0227 6
      vertex 36.6509 42.0227 1.4
    endloop
  endfacet
  facet normal 0.619008 -0.785385 0
    outer loop
      vertex 36.8289 42.2305 1.4
      vertex 37.0451 42.4009 6
      vertex 36.8289 42.2305 6
    endloop
  endfacet
  facet normal 0.619008 -0.785385 0
    outer loop
      vertex 37.0451 42.4009 6
      vertex 36.8289 42.2305 1.4
      vertex 37.0451 42.4009 1.4
    endloop
  endfacet
  facet normal 0.451846 -0.892096 0
    outer loop
      vertex 37.0451 42.4009 1.4
      vertex 37.2913 42.5256 6
      vertex 37.0451 42.4009 6
    endloop
  endfacet
  facet normal 0.451846 -0.892096 0
    outer loop
      vertex 37.2913 42.5256 6
      vertex 37.0451 42.4009 1.4
      vertex 37.2913 42.5256 1.4
    endloop
  endfacet
  facet normal 0.268393 -0.96331 0
    outer loop
      vertex 37.2913 42.5256 1.4
      vertex 37.5368 42.594 6
      vertex 37.2913 42.5256 6
    endloop
  endfacet
  facet normal 0.268393 -0.96331 0
    outer loop
      vertex 37.5368 42.594 6
      vertex 37.2913 42.5256 1.4
      vertex 37.5368 42.594 1.4
    endloop
  endfacet
  facet normal 0.17365 -0.984807 0
    outer loop
      vertex 37.5368 42.594 1.4
      vertex 53.2937 45.3724 6
      vertex 37.5368 42.594 6
    endloop
  endfacet
  facet normal 0.17365 -0.984807 0
    outer loop
      vertex 53.2937 45.3724 6
      vertex 37.5368 42.594 1.4
      vertex 53.2937 45.3724 1.4
    endloop
  endfacet
  facet normal 0.268547 -0.963267 0
    outer loop
      vertex 53.2937 45.3724 1.4
      vertex 53.4257 45.4092 6
      vertex 53.2937 45.3724 6
    endloop
  endfacet
  facet normal 0.268547 -0.963267 0
    outer loop
      vertex 53.4257 45.4092 6
      vertex 53.2937 45.3724 1.4
      vertex 53.4257 45.4092 1.4
    endloop
  endfacet
  facet normal 0.451656 -0.892192 0
    outer loop
      vertex 53.4257 45.4092 1.4
      vertex 53.53 45.462 6
      vertex 53.4257 45.4092 6
    endloop
  endfacet
  facet normal 0.451656 -0.892192 0
    outer loop
      vertex 53.53 45.462 6
      vertex 53.4257 45.4092 1.4
      vertex 53.53 45.462 1.4
    endloop
  endfacet
  facet normal 0.619286 -0.785166 0
    outer loop
      vertex 53.53 45.462 1.4
      vertex 53.6223 45.5348 6
      vertex 53.53 45.462 6
    endloop
  endfacet
  facet normal 0.619286 -0.785166 0
    outer loop
      vertex 53.6223 45.5348 6
      vertex 53.53 45.462 1.4
      vertex 53.6223 45.5348 1.4
    endloop
  endfacet
  facet normal 0.759257 -0.650791 0
    outer loop
      vertex 53.6223 45.5348 6
      vertex 53.6985 45.6237 1.4
      vertex 53.6985 45.6237 6
    endloop
  endfacet
  facet normal 0.759257 -0.650791 0
    outer loop
      vertex 53.6985 45.6237 1.4
      vertex 53.6223 45.5348 6
      vertex 53.6223 45.5348 1.4
    endloop
  endfacet
  facet normal 0.871325 -0.490707 0
    outer loop
      vertex 53.6985 45.6237 6
      vertex 53.756 45.7258 1.4
      vertex 53.756 45.7258 6
    endloop
  endfacet
  facet normal 0.871325 -0.490707 0
    outer loop
      vertex 53.756 45.7258 1.4
      vertex 53.6985 45.6237 6
      vertex 53.6985 45.6237 1.4
    endloop
  endfacet
  facet normal 0.9497 -0.313163 0
    outer loop
      vertex 53.756 45.7258 6
      vertex 53.7928 45.8374 1.4
      vertex 53.7928 45.8374 6
    endloop
  endfacet
  facet normal 0.9497 -0.313163 0
    outer loop
      vertex 53.7928 45.8374 1.4
      vertex 53.756 45.7258 6
      vertex 53.756 45.7258 1.4
    endloop
  endfacet
  facet normal 0.992808 -0.119718 0
    outer loop
      vertex 53.7928 45.8374 6
      vertex 53.8068 45.9535 1.4
      vertex 53.8068 45.9535 6
    endloop
  endfacet
  facet normal 0.992808 -0.119718 0
    outer loop
      vertex 53.8068 45.9535 1.4
      vertex 53.7928 45.8374 6
      vertex 53.7928 45.8374 1.4
    endloop
  endfacet
  facet normal 0.997003 0.0773662 0
    outer loop
      vertex 53.8068 45.9535 6
      vertex 53.7962 46.0901 1.4
      vertex 53.7962 46.0901 6
    endloop
  endfacet
  facet normal 0.997003 0.0773662 0
    outer loop
      vertex 53.7962 46.0901 1.4
      vertex 53.8068 45.9535 6
      vertex 53.8068 45.9535 1.4
    endloop
  endfacet
  facet normal 0.984808 0.173645 0
    outer loop
      vertex 53.7962 46.0901 6
      vertex 52.9931 50.6448 1.4
      vertex 52.9931 50.6448 6
    endloop
  endfacet
  facet normal 0.984808 0.173645 0
    outer loop
      vertex 52.9931 50.6448 1.4
      vertex 53.7962 46.0901 6
      vertex 53.7962 46.0901 1.4
    endloop
  endfacet
  facet normal 0.997008 0.0772966 0
    outer loop
      vertex 52.9931 50.6448 6
      vertex 52.9734 50.8989 1.4
      vertex 52.9734 50.8989 6
    endloop
  endfacet
  facet normal 0.997008 0.0772966 0
    outer loop
      vertex 52.9734 50.8989 1.4
      vertex 52.9931 50.6448 6
      vertex 52.9931 50.6448 1.4
    endloop
  endfacet
  facet normal 0.992825 -0.119574 0
    outer loop
      vertex 52.9734 50.8989 6
      vertex 53.0064 51.1729 1.4
      vertex 53.0064 51.1729 6
    endloop
  endfacet
  facet normal 0.992825 -0.119574 0
    outer loop
      vertex 53.0064 51.1729 1.4
      vertex 52.9734 50.8989 6
      vertex 52.9734 50.8989 1.4
    endloop
  endfacet
  facet normal 0.949588 -0.313502 0
    outer loop
      vertex 53.0064 51.1729 6
      vertex 53.0927 51.4343 1.4
      vertex 53.0927 51.4343 6
    endloop
  endfacet
  facet normal 0.949588 -0.313502 0
    outer loop
      vertex 53.0927 51.4343 1.4
      vertex 53.0064 51.1729 6
      vertex 53.0064 51.1729 1.4
    endloop
  endfacet
  facet normal 0.871263 -0.490816 0
    outer loop
      vertex 53.0927 51.4343 6
      vertex 53.227 51.6727 1.4
      vertex 53.227 51.6727 6
    endloop
  endfacet
  facet normal 0.871263 -0.490816 0
    outer loop
      vertex 53.227 51.6727 1.4
      vertex 53.0927 51.4343 6
      vertex 53.0927 51.4343 1.4
    endloop
  endfacet
  facet normal 0.759463 -0.650551 0
    outer loop
      vertex 53.227 51.6727 6
      vertex 53.405 51.8805 1.4
      vertex 53.405 51.8805 6
    endloop
  endfacet
  facet normal 0.759463 -0.650551 0
    outer loop
      vertex 53.405 51.8805 1.4
      vertex 53.227 51.6727 6
      vertex 53.227 51.6727 1.4
    endloop
  endfacet
  facet normal 0.619232 -0.785208 0
    outer loop
      vertex 53.405 51.8805 1.4
      vertex 53.6212 52.051 6
      vertex 53.405 51.8805 6
    endloop
  endfacet
  facet normal 0.619232 -0.785208 0
    outer loop
      vertex 53.6212 52.051 6
      vertex 53.405 51.8805 1.4
      vertex 53.6212 52.051 1.4
    endloop
  endfacet
  facet normal 0.451557 -0.892242 0
    outer loop
      vertex 53.6212 52.051 1.4
      vertex 53.8674 52.1756 6
      vertex 53.6212 52.051 6
    endloop
  endfacet
  facet normal 0.451557 -0.892242 0
    outer loop
      vertex 53.8674 52.1756 6
      vertex 53.6212 52.051 1.4
      vertex 53.8674 52.1756 1.4
    endloop
  endfacet
  facet normal 0.268655 -0.963236 0
    outer loop
      vertex 53.8674 52.1756 1.4
      vertex 54.113 52.2441 6
      vertex 53.8674 52.1756 6
    endloop
  endfacet
  facet normal 0.268655 -0.963236 0
    outer loop
      vertex 54.113 52.2441 6
      vertex 53.8674 52.1756 1.4
      vertex 54.113 52.2441 1.4
    endloop
  endfacet
  facet normal 0.173644 -0.984809 0
    outer loop
      vertex 54.113 52.2441 1.4
      vertex 61.4989 53.5464 6
      vertex 54.113 52.2441 6
    endloop
  endfacet
  facet normal 0.173644 -0.984809 0
    outer loop
      vertex 61.4989 53.5464 6
      vertex 54.113 52.2441 1.4
      vertex 61.4989 53.5464 1.4
    endloop
  endfacet
  facet normal 0.268547 -0.963267 0
    outer loop
      vertex 61.4989 53.5464 1.4
      vertex 61.6309 53.5832 6
      vertex 61.4989 53.5464 6
    endloop
  endfacet
  facet normal 0.268547 -0.963267 0
    outer loop
      vertex 61.6309 53.5832 6
      vertex 61.4989 53.5464 1.4
      vertex 61.6309 53.5832 1.4
    endloop
  endfacet
  facet normal 0.451312 -0.892366 0
    outer loop
      vertex 61.6309 53.5832 1.4
      vertex 61.7353 53.636 6
      vertex 61.6309 53.5832 6
    endloop
  endfacet
  facet normal 0.451312 -0.892366 0
    outer loop
      vertex 61.7353 53.636 6
      vertex 61.6309 53.5832 1.4
      vertex 61.7353 53.636 1.4
    endloop
  endfacet
  facet normal 0.619699 -0.784839 0
    outer loop
      vertex 61.7353 53.636 1.4
      vertex 61.8275 53.7088 6
      vertex 61.7353 53.636 6
    endloop
  endfacet
  facet normal 0.619699 -0.784839 0
    outer loop
      vertex 61.8275 53.7088 6
      vertex 61.7353 53.636 1.4
      vertex 61.8275 53.7088 1.4
    endloop
  endfacet
  facet normal 0.758835 -0.651283 0
    outer loop
      vertex 61.8275 53.7088 6
      vertex 61.9038 53.7977 1.4
      vertex 61.9038 53.7977 6
    endloop
  endfacet
  facet normal 0.758835 -0.651283 0
    outer loop
      vertex 61.9038 53.7977 1.4
      vertex 61.8275 53.7088 6
      vertex 61.8275 53.7088 1.4
    endloop
  endfacet
  facet normal 0.871325 -0.490707 0
    outer loop
      vertex 61.9038 53.7977 6
      vertex 61.9613 53.8998 1.4
      vertex 61.9613 53.8998 6
    endloop
  endfacet
  facet normal 0.871325 -0.490707 0
    outer loop
      vertex 61.9613 53.8998 1.4
      vertex 61.9038 53.7977 6
      vertex 61.9038 53.7977 1.4
    endloop
  endfacet
  facet normal 0.9497 -0.313163 0
    outer loop
      vertex 61.9613 53.8998 6
      vertex 61.9981 54.0114 1.4
      vertex 61.9981 54.0114 6
    endloop
  endfacet
  facet normal 0.9497 -0.313163 0
    outer loop
      vertex 61.9981 54.0114 1.4
      vertex 61.9613 53.8998 6
      vertex 61.9613 53.8998 1.4
    endloop
  endfacet
  facet normal 0.992808 -0.119718 0
    outer loop
      vertex 61.9981 54.0114 6
      vertex 62.0121 54.1275 1.4
      vertex 62.0121 54.1275 6
    endloop
  endfacet
  facet normal 0.992808 -0.119718 0
    outer loop
      vertex 62.0121 54.1275 1.4
      vertex 61.9981 54.0114 6
      vertex 61.9981 54.0114 1.4
    endloop
  endfacet
  facet normal 0.997003 0.0773662 0
    outer loop
      vertex 62.0121 54.1275 6
      vertex 62.0015 54.2641 1.4
      vertex 62.0015 54.2641 6
    endloop
  endfacet
  facet normal 0.997003 0.0773662 0
    outer loop
      vertex 62.0015 54.2641 1.4
      vertex 62.0121 54.1275 6
      vertex 62.0121 54.1275 1.4
    endloop
  endfacet
  facet normal 0.984789 0.173757 0
    outer loop
      vertex 62.0015 54.2641 6
      vertex 61.932 54.658 1.4
      vertex 61.932 54.658 6
    endloop
  endfacet
  facet normal 0.984789 0.173757 0
    outer loop
      vertex 61.932 54.658 1.4
      vertex 62.0015 54.2641 6
      vertex 62.0015 54.2641 1.4
    endloop
  endfacet
  facet normal 0.997008 0.0772966 0
    outer loop
      vertex 61.932 54.658 6
      vertex 61.9123 54.9121 1.4
      vertex 61.9123 54.9121 6
    endloop
  endfacet
  facet normal 0.997008 0.0772966 0
    outer loop
      vertex 61.9123 54.9121 1.4
      vertex 61.932 54.658 6
      vertex 61.932 54.658 1.4
    endloop
  endfacet
  facet normal 0.992825 -0.119574 0
    outer loop
      vertex 61.9123 54.9121 6
      vertex 61.9453 55.1861 1.4
      vertex 61.9453 55.1861 6
    endloop
  endfacet
  facet normal 0.992825 -0.119574 0
    outer loop
      vertex 61.9453 55.1861 1.4
      vertex 61.9123 54.9121 6
      vertex 61.9123 54.9121 1.4
    endloop
  endfacet
  facet normal 0.949588 -0.313502 0
    outer loop
      vertex 61.9453 55.1861 6
      vertex 62.0316 55.4475 1.4
      vertex 62.0316 55.4475 6
    endloop
  endfacet
  facet normal 0.949588 -0.313502 0
    outer loop
      vertex 62.0316 55.4475 1.4
      vertex 61.9453 55.1861 6
      vertex 61.9453 55.1861 1.4
    endloop
  endfacet
  facet normal 0.871263 -0.490816 0
    outer loop
      vertex 62.0316 55.4475 6
      vertex 62.1659 55.6859 1.4
      vertex 62.1659 55.6859 6
    endloop
  endfacet
  facet normal 0.871263 -0.490816 0
    outer loop
      vertex 62.1659 55.6859 1.4
      vertex 62.0316 55.4475 6
      vertex 62.0316 55.4475 1.4
    endloop
  endfacet
  facet normal 0.759282 -0.650761 0
    outer loop
      vertex 62.1659 55.6859 6
      vertex 62.344 55.8937 1.4
      vertex 62.344 55.8937 6
    endloop
  endfacet
  facet normal 0.759282 -0.650761 0
    outer loop
      vertex 62.344 55.8937 1.4
      vertex 62.1659 55.6859 6
      vertex 62.1659 55.6859 1.4
    endloop
  endfacet
  facet normal 0.619185 -0.785245 0
    outer loop
      vertex 62.344 55.8937 1.4
      vertex 62.5601 56.0641 6
      vertex 62.344 55.8937 6
    endloop
  endfacet
  facet normal 0.619185 -0.785245 0
    outer loop
      vertex 62.5601 56.0641 6
      vertex 62.344 55.8937 1.4
      vertex 62.5601 56.0641 1.4
    endloop
  endfacet
  facet normal 0.452134 -0.89195 0
    outer loop
      vertex 62.5601 56.0641 1.4
      vertex 62.8063 56.1889 6
      vertex 62.5601 56.0641 6
    endloop
  endfacet
  facet normal 0.452134 -0.89195 0
    outer loop
      vertex 62.8063 56.1889 6
      vertex 62.5601 56.0641 1.4
      vertex 62.8063 56.1889 1.4
    endloop
  endfacet
  facet normal 0.268291 -0.963338 0
    outer loop
      vertex 62.8063 56.1889 1.4
      vertex 63.0519 56.2573 6
      vertex 62.8063 56.1889 6
    endloop
  endfacet
  facet normal 0.268291 -0.963338 0
    outer loop
      vertex 63.0519 56.2573 6
      vertex 62.8063 56.1889 1.4
      vertex 63.0519 56.2573 1.4
    endloop
  endfacet
  facet normal 0.173649 -0.984808 0
    outer loop
      vertex 63.0519 56.2573 6
      vertex 75.8735 58.5181 4
      vertex 75.8735 58.5181 6
    endloop
  endfacet
  facet normal 0.173649 -0.984808 0
    outer loop
      vertex 63.0519 56.2573 1.4
      vertex 75.8735 58.5181 4
      vertex 63.0519 56.2573 6
    endloop
  endfacet
  facet normal 0.173648 -0.984808 1.08692e-06
    outer loop
      vertex 105.929 63.8177 1.4
      vertex 75.8735 58.5181 4
      vertex 63.0519 56.2573 1.4
    endloop
  endfacet
  facet normal 0.173648 -0.984808 0
    outer loop
      vertex 75.8735 58.5181 4
      vertex 105.929 63.8177 1.4
      vertex 105.929 63.8177 4
    endloop
  endfacet
  facet normal 0.0770217 -0.997029 0
    outer loop
      vertex 106.14 63.834 1.4
      vertex 105.929 63.8177 4
      vertex 105.929 63.8177 1.4
    endloop
  endfacet
  facet normal 0.0773268 -0.997006 2.491e-05
    outer loop
      vertex 105.929 63.8177 4
      vertex 106.14 63.834 1.4
      vertex 106.183 63.8374 4
    endloop
  endfacet
  facet normal 0.0788237 -0.996889 0
    outer loop
      vertex 106.183 63.8374 1.39
      vertex 106.14 63.834 1.4
      vertex 106.14 63.834 1.39
    endloop
  endfacet
  facet normal 0.0788237 -0.996889 0
    outer loop
      vertex 106.14 63.834 1.4
      vertex 106.183 63.8374 1.39
      vertex 106.183 63.8374 4
    endloop
  endfacet
  facet normal -0.119574 -0.992825 0
    outer loop
      vertex 106.183 63.8374 1.39
      vertex 106.457 63.8044 4
      vertex 106.183 63.8374 4
    endloop
  endfacet
  facet normal -0.119574 -0.992825 -0
    outer loop
      vertex 106.457 63.8044 4
      vertex 106.183 63.8374 1.39
      vertex 106.457 63.8044 1.39
    endloop
  endfacet
  facet normal -0.312527 -0.949909 0
    outer loop
      vertex 106.457 63.8044 1.39
      vertex 106.719 63.7182 4
      vertex 106.457 63.8044 4
    endloop
  endfacet
  facet normal -0.312527 -0.949909 -0
    outer loop
      vertex 106.719 63.7182 4
      vertex 106.457 63.8044 1.39
      vertex 106.719 63.7182 1.39
    endloop
  endfacet
  facet normal -0.491442 -0.87091 0
    outer loop
      vertex 106.719 63.7182 1.39
      vertex 106.957 63.5839 4
      vertex 106.719 63.7182 4
    endloop
  endfacet
  facet normal -0.491442 -0.87091 -0
    outer loop
      vertex 106.957 63.5839 4
      vertex 106.719 63.7182 1.39
      vertex 106.957 63.5839 1.39
    endloop
  endfacet
  facet normal -0.6504 -0.759592 0
    outer loop
      vertex 106.957 63.5839 1.39
      vertex 107.165 63.4058 4
      vertex 106.957 63.5839 4
    endloop
  endfacet
  facet normal -0.6504 -0.759592 -0
    outer loop
      vertex 107.165 63.4058 4
      vertex 106.957 63.5839 1.39
      vertex 107.165 63.4058 1.39
    endloop
  endfacet
  facet normal -0.784325 -0.62035 0
    outer loop
      vertex 107.336 63.1896 1.39
      vertex 107.165 63.4058 4
      vertex 107.165 63.4058 1.39
    endloop
  endfacet
  facet normal -0.784325 -0.62035 0
    outer loop
      vertex 107.165 63.4058 4
      vertex 107.336 63.1896 1.39
      vertex 107.336 63.1896 4
    endloop
  endfacet
  facet normal -0.893117 -0.449824 0
    outer loop
      vertex 107.46 62.9434 1.39
      vertex 107.336 63.1896 4
      vertex 107.336 63.1896 1.39
    endloop
  endfacet
  facet normal -0.893117 -0.449824 0
    outer loop
      vertex 107.336 63.1896 4
      vertex 107.46 62.9434 1.39
      vertex 107.46 62.9434 4
    endloop
  endfacet
  facet normal -0.963167 -0.268904 0
    outer loop
      vertex 107.496 62.8161 1.39
      vertex 107.529 62.6979 1.39
      vertex 107.496 62.8161 1.4
    endloop
  endfacet
  facet normal -0.961524 -0.274721 -0
    outer loop
      vertex 107.48 62.8734 1.4
      vertex 107.46 62.9434 1.39
      vertex 107.48 62.8734 1.39
    endloop
  endfacet
  facet normal -0.961524 -0.274721 0
    outer loop
      vertex 107.46 62.9434 1.39
      vertex 107.48 62.8734 1.4
      vertex 107.46 62.9434 4
    endloop
  endfacet
  facet normal -0.963156 -0.268944 -0.00016809
    outer loop
      vertex 107.496 62.8161 1.4
      vertex 107.46 62.9434 4
      vertex 107.48 62.8734 1.4
    endloop
  endfacet
  facet normal -0.963167 -0.268904 -0
    outer loop
      vertex 107.529 62.6979 4
      vertex 107.496 62.8161 1.4
      vertex 107.529 62.6979 1.39
    endloop
  endfacet
  facet normal -0.962699 -0.270575 -8.18965e-05
    outer loop
      vertex 107.496 62.8161 1.4
      vertex 107.529 62.6979 4
      vertex 107.46 62.9434 4
    endloop
  endfacet
  facet normal -0.984263 -0.176708 0
    outer loop
      vertex 119.575 -5.61926 1.39
      vertex 119.587 -5.6861 1.39
      vertex 119.575 -5.61926 1.4
    endloop
  endfacet
  facet normal -0.984813 -0.173617 0
    outer loop
      vertex 107.529 62.6979 1.39
      vertex 107.706 61.6939 4
      vertex 107.529 62.6979 4
    endloop
  endfacet
  facet normal -0.984811 -0.17363 0
    outer loop
      vertex 107.706 61.6939 4
      vertex 111.031 42.8348 4.2
      vertex 107.706 61.6939 4.2
    endloop
  endfacet
  facet normal -0.984811 -0.17363 -4.80739e-06
    outer loop
      vertex 107.529 62.6979 1.39
      vertex 111.031 42.8348 4.2
      vertex 107.706 61.6939 4
    endloop
  endfacet
  facet normal -0.984808 -0.173649 -0.000147042
    outer loop
      vertex 117.562 5.79824 1.39
      vertex 111.031 42.8348 4.2
      vertex 107.529 62.6979 1.39
    endloop
  endfacet
  facet normal -0.984806 -0.17366 -0
    outer loop
      vertex 117.562 5.79824 1.4
      vertex 111.031 42.8348 4.2
      vertex 117.562 5.79824 1.39
    endloop
  endfacet
  facet normal -0.984806 -0.17366 0
    outer loop
      vertex 111.031 42.8348 4.2
      vertex 117.562 5.79824 1.4
      vertex 111.031 42.8348 6
    endloop
  endfacet
  facet normal -0.984811 -0.17363 4.61477e-05
    outer loop
      vertex 119.587 -5.6861 6
      vertex 117.562 5.79824 1.4
      vertex 119.575 -5.61926 1.4
    endloop
  endfacet
  facet normal -0.984806 -0.173657 -2.29022e-05
    outer loop
      vertex 117.562 5.79824 1.4
      vertex 119.587 -5.6861 6
      vertex 111.031 42.8348 6
    endloop
  endfacet
  facet normal -0.984263 -0.176708 -0
    outer loop
      vertex 119.587 -5.6861 6
      vertex 119.575 -5.61926 1.4
      vertex 119.587 -5.6861 1.39
    endloop
  endfacet
  facet normal -0.997217 -0.074548 0
    outer loop
      vertex 119.606 -5.94026 1.39
      vertex 119.587 -5.6861 6
      vertex 119.587 -5.6861 1.39
    endloop
  endfacet
  facet normal -0.997217 -0.074548 0
    outer loop
      vertex 119.587 -5.6861 6
      vertex 119.606 -5.94026 1.39
      vertex 119.606 -5.94026 6
    endloop
  endfacet
  facet normal -0.99235 0.123457 0
    outer loop
      vertex 119.583 -6.13383 1.39
      vertex 119.573 -6.21421 1.39
      vertex 119.583 -6.13383 1.4
    endloop
  endfacet
  facet normal -0.993492 0.113905 0
    outer loop
      vertex 119.592 -6.06237 1.4
      vertex 119.606 -5.94026 1.39
      vertex 119.592 -6.06237 1.39
    endloop
  endfacet
  facet normal -0.993492 0.113905 0
    outer loop
      vertex 119.606 -5.94026 1.39
      vertex 119.592 -6.06237 1.4
      vertex 119.606 -5.94026 6
    endloop
  endfacet
  facet normal -0.992162 0.124957 -0.000297453
    outer loop
      vertex 119.583 -6.13383 1.4
      vertex 119.606 -5.94026 6
      vertex 119.592 -6.06237 1.4
    endloop
  endfacet
  facet normal -0.99235 0.123457 0
    outer loop
      vertex 119.573 -6.21421 6
      vertex 119.583 -6.13383 1.4
      vertex 119.573 -6.21421 1.39
    endloop
  endfacet
  facet normal -0.992823 0.119595 -6.85113e-05
    outer loop
      vertex 119.583 -6.13383 1.4
      vertex 119.573 -6.21421 6
      vertex 119.606 -5.94026 6
    endloop
  endfacet
  facet normal -0.958219 0.286036 0
    outer loop
      vertex 119.567 -6.23431 1.4
      vertex 119.573 -6.21421 1.39
      vertex 119.567 -6.23431 1.39
    endloop
  endfacet
  facet normal -0.958219 0.286036 0
    outer loop
      vertex 119.573 -6.21421 1.39
      vertex 119.567 -6.23431 1.4
      vertex 119.573 -6.21421 6
    endloop
  endfacet
  facet normal -0.949217 0.314623 -0.000136656
    outer loop
      vertex 119.487 -6.47567 1.4
      vertex 119.573 -6.21421 6
      vertex 119.567 -6.23431 1.4
    endloop
  endfacet
  facet normal -0.949933 0.312454 0
    outer loop
      vertex 119.573 -6.21421 6
      vertex 119.487 -6.47567 1.4
      vertex 119.487 -6.47567 6
    endloop
  endfacet
  facet normal -0.871714 0.490015 0
    outer loop
      vertex 119.353 -6.71405 1.4
      vertex 119.487 -6.47567 6
      vertex 119.487 -6.47567 1.4
    endloop
  endfacet
  facet normal -0.871714 0.490015 0
    outer loop
      vertex 119.487 -6.47567 6
      vertex 119.353 -6.71405 1.4
      vertex 119.353 -6.71405 6
    endloop
  endfacet
  facet normal -0.759401 0.650623 0
    outer loop
      vertex 119.175 -6.92181 1.4
      vertex 119.353 -6.71405 6
      vertex 119.353 -6.71405 1.4
    endloop
  endfacet
  facet normal -0.759401 0.650623 0
    outer loop
      vertex 119.353 -6.71405 6
      vertex 119.175 -6.92181 1.4
      vertex 119.175 -6.92181 6
    endloop
  endfacet
  facet normal -0.617777 0.786354 0
    outer loop
      vertex 119.175 -6.92181 1.4
      vertex 118.958 -7.09229 6
      vertex 119.175 -6.92181 6
    endloop
  endfacet
  facet normal -0.617777 0.786354 0
    outer loop
      vertex 118.958 -7.09229 6
      vertex 119.175 -6.92181 1.4
      vertex 118.958 -7.09229 1.4
    endloop
  endfacet
  facet normal -0.456678 0.889632 0
    outer loop
      vertex 118.958 -7.09229 1.4
      vertex 118.898 -7.12309 6
      vertex 118.958 -7.09229 6
    endloop
  endfacet
  facet normal -0.456678 0.889632 0
    outer loop
      vertex 118.898 -7.12309 6
      vertex 118.958 -7.09229 1.4
      vertex 118.898 -7.12309 1.4
    endloop
  endfacet
  facet normal -0.850816 -0.525464 0
    outer loop
      vertex 119.043 -7.35787 1.4
      vertex 118.898 -7.12309 6
      vertex 118.898 -7.12309 1.4
    endloop
  endfacet
  facet normal -0.850816 -0.525464 0
    outer loop
      vertex 118.898 -7.12309 6
      vertex 119.043 -7.35787 1.4
      vertex 119.043 -7.35787 6
    endloop
  endfacet
  facet normal -0.938835 -0.344367 0
    outer loop
      vertex 119.142 -7.62777 1.4
      vertex 119.043 -7.35787 6
      vertex 119.043 -7.35787 1.4
    endloop
  endfacet
  facet normal -0.938835 -0.344367 0
    outer loop
      vertex 119.043 -7.35787 6
      vertex 119.142 -7.62777 1.4
      vertex 119.142 -7.62777 6
    endloop
  endfacet
  facet normal -0.989243 -0.146281 0
    outer loop
      vertex 119.184 -7.9118 1.4
      vertex 119.142 -7.62777 6
      vertex 119.142 -7.62777 1.4
    endloop
  endfacet
  facet normal -0.989243 -0.146281 0
    outer loop
      vertex 119.142 -7.62777 6
      vertex 119.184 -7.9118 1.4
      vertex 119.184 -7.9118 6
    endloop
  endfacet
  facet normal -0.997627 0.0688493 0
    outer loop
      vertex 119.168 -8.18455 1.39
      vertex 119.167 -8.19904 1.39
      vertex 119.168 -8.18455 1.4
    endloop
  endfacet
  facet normal -0.998284 0.0585611 0
    outer loop
      vertex 119.168 -8.18455 1.4
      vertex 119.184 -7.9118 6
      vertex 119.184 -7.9118 1.4
    endloop
  endfacet
  facet normal -0.997627 0.0688493 0
    outer loop
      vertex 119.167 -8.19904 6
      vertex 119.168 -8.18455 1.4
      vertex 119.167 -8.19904 1.39
    endloop
  endfacet
  facet normal -0.998253 0.0590806 -3.09078e-05
    outer loop
      vertex 119.168 -8.18455 1.4
      vertex 119.167 -8.19904 6
      vertex 119.184 -7.9118 6
    endloop
  endfacet
  facet normal -0.964385 0.264501 0
    outer loop
      vertex 119.091 -8.47614 1.39
      vertex 119.167 -8.19904 6
      vertex 119.167 -8.19904 1.39
    endloop
  endfacet
  facet normal -0.964385 0.264501 0
    outer loop
      vertex 119.167 -8.19904 6
      vertex 119.091 -8.47614 1.39
      vertex 119.091 -8.47614 6
    endloop
  endfacet
  facet normal -0.890752 0.45449 0
    outer loop
      vertex 119.057 -8.54315 1.39
      vertex 118.961 -8.7313 1.39
      vertex 119.057 -8.54315 1.4
    endloop
  endfacet
  facet normal -0.890347 0.455283 0
    outer loop
      vertex 119.057 -8.54263 1.4
      vertex 119.091 -8.47614 1.39
      vertex 119.057 -8.54263 1.39
    endloop
  endfacet
  facet normal -0.890347 0.455283 0
    outer loop
      vertex 119.091 -8.47614 1.39
      vertex 119.057 -8.54263 1.4
      vertex 119.091 -8.47614 6
    endloop
  endfacet
  facet normal -0.999973 0 0.0073911
    outer loop
      vertex 119.057 -8.54315 1.4
      vertex 119.091 -8.47614 6
      vertex 119.057 -8.54263 1.4
    endloop
  endfacet
  facet normal -0.890752 0.45449 0
    outer loop
      vertex 118.961 -8.7313 6
      vertex 119.057 -8.54315 1.4
      vertex 118.961 -8.7313 1.39
    endloop
  endfacet
  facet normal -0.891021 0.453961 -2.72225e-05
    outer loop
      vertex 119.057 -8.54315 1.4
      vertex 118.961 -8.7313 6
      vertex 119.091 -8.47614 6
    endloop
  endfacet
  facet normal -0.782462 0.622698 0
    outer loop
      vertex 118.849 -8.87151 1.39
      vertex 118.782 -8.9557 1.39
      vertex 118.849 -8.87151 1.4
    endloop
  endfacet
  facet normal -0.782098 0.623155 0
    outer loop
      vertex 118.88 -8.83296 1.4
      vertex 118.961 -8.7313 1.39
      vertex 118.88 -8.83296 1.39
    endloop
  endfacet
  facet normal -0.782098 0.623155 0
    outer loop
      vertex 118.961 -8.7313 1.39
      vertex 118.88 -8.83296 1.4
      vertex 118.961 -8.7313 6
    endloop
  endfacet
  facet normal -0.779289 0.626665 -0.000127047
    outer loop
      vertex 118.849 -8.87151 1.4
      vertex 118.961 -8.7313 6
      vertex 118.88 -8.83296 1.4
    endloop
  endfacet
  facet normal -0.782462 0.622698 0
    outer loop
      vertex 118.782 -8.9557 6
      vertex 118.849 -8.87151 1.4
      vertex 118.782 -8.9557 1.39
    endloop
  endfacet
  facet normal -0.781752 0.62359 2.66658e-05
    outer loop
      vertex 118.849 -8.87151 1.4
      vertex 118.782 -8.9557 6
      vertex 118.961 -8.7313 6
    endloop
  endfacet
  facet normal -0.635804 0.771851 -6.34366e-05
    outer loop
      vertex 118.782 -8.9557 6
      vertex 118.621 -9.0887 1.4
      vertex 118.56 -9.13857 6
    endloop
  endfacet
  facet normal -0.636881 0.770962 0
    outer loop
      vertex 118.782 -8.9557 1.39
      vertex 118.621 -9.0887 1.4
      vertex 118.782 -8.9557 6
    endloop
  endfacet
  facet normal -0.636881 0.770962 0
    outer loop
      vertex 118.621 -9.0887 1.4
      vertex 118.782 -8.9557 1.39
      vertex 118.621 -9.0887 1.39
    endloop
  endfacet
  facet normal -0.620129 0.7845 0.000281559
    outer loop
      vertex 118.6 -9.1053 1.4
      vertex 118.56 -9.13857 6
      vertex 118.621 -9.0887 1.4
    endloop
  endfacet
  facet normal -0.639466 0.76882 0
    outer loop
      vertex 118.56 -9.13857 1.39
      vertex 118.6 -9.1053 1.4
      vertex 118.6 -9.1053 1.39
    endloop
  endfacet
  facet normal -0.639466 0.76882 0
    outer loop
      vertex 118.6 -9.1053 1.4
      vertex 118.56 -9.13857 1.39
      vertex 118.56 -9.13857 6
    endloop
  endfacet
  facet normal -0.46844 0.883495 -2.86462e-05
    outer loop
      vertex 118.56 -9.13857 6
      vertex 118.556 -9.14084 1.4
      vertex 118.325 -9.26317 6
    endloop
  endfacet
  facet normal -0.493561 0.869711 0
    outer loop
      vertex 118.56 -9.13857 1.39
      vertex 118.556 -9.14084 1.4
      vertex 118.56 -9.13857 6
    endloop
  endfacet
  facet normal -0.493561 0.869711 0
    outer loop
      vertex 118.556 -9.14084 1.4
      vertex 118.56 -9.13857 1.39
      vertex 118.556 -9.14084 1.39
    endloop
  endfacet
  facet normal -0.467995 0.883731 0
    outer loop
      vertex 118.325 -9.26317 6
      vertex 118.556 -9.14084 1.4
      vertex 118.325 -9.26317 1.4
    endloop
  endfacet
  facet normal -0.373229 0.927739 0
    outer loop
      vertex 118.325 -9.26317 6
      vertex 110.094 -12.5745 4
      vertex 110.094 -12.5745 6
    endloop
  endfacet
  facet normal -0.37321 0.927747 7.17516e-05
    outer loop
      vertex 103.765 -15.1203 1.4
      vertex 110.094 -12.5745 4
      vertex 118.325 -9.26317 1.4
    endloop
  endfacet
  facet normal -0.373229 0.927739 0
    outer loop
      vertex 118.325 -9.26317 1.4
      vertex 110.094 -12.5745 4
      vertex 118.325 -9.26317 6
    endloop
  endfacet
  facet normal -0.37317 0.927763 0
    outer loop
      vertex 108.348 -13.2769 4
      vertex 103.765 -15.1203 6
      vertex 108.348 -13.2769 6
    endloop
  endfacet
  facet normal -0.37317 0.927763 0
    outer loop
      vertex 108.348 -13.2769 4
      vertex 103.765 -15.1203 1.4
      vertex 103.765 -15.1203 6
    endloop
  endfacet
  facet normal -0.373222 0.927742 0.000106843
    outer loop
      vertex 110.094 -12.5745 4
      vertex 103.765 -15.1203 1.4
      vertex 108.348 -13.2769 4
    endloop
  endfacet
  facet normal -0.47112 0.882069 0
    outer loop
      vertex 103.765 -15.1203 1.4
      vertex 103.636 -15.1892 6
      vertex 103.765 -15.1203 6
    endloop
  endfacet
  facet normal -0.47112 0.882069 0
    outer loop
      vertex 103.636 -15.1892 6
      vertex 103.765 -15.1203 1.4
      vertex 103.636 -15.1892 1.4
    endloop
  endfacet
  facet normal -0.641893 0.766794 0
    outer loop
      vertex 103.636 -15.1892 1.4
      vertex 103.539 -15.2704 6
      vertex 103.636 -15.1892 6
    endloop
  endfacet
  facet normal -0.641893 0.766794 0
    outer loop
      vertex 103.539 -15.2704 6
      vertex 103.636 -15.1892 1.4
      vertex 103.539 -15.2704 1.4
    endloop
  endfacet
  facet normal -0.790282 0.612743 0
    outer loop
      vertex 103.461 -15.371 1.4
      vertex 103.539 -15.2704 6
      vertex 103.539 -15.2704 1.4
    endloop
  endfacet
  facet normal -0.790282 0.612743 0
    outer loop
      vertex 103.539 -15.2704 6
      vertex 103.461 -15.371 1.4
      vertex 103.461 -15.371 6
    endloop
  endfacet
  facet normal -0.901673 0.432419 0
    outer loop
      vertex 103.407 -15.4836 1.4
      vertex 103.461 -15.371 6
      vertex 103.461 -15.371 1.4
    endloop
  endfacet
  facet normal -0.901673 0.432419 0
    outer loop
      vertex 103.461 -15.371 6
      vertex 103.407 -15.4836 1.4
      vertex 103.407 -15.4836 6
    endloop
  endfacet
  facet normal -0.9734 0.229112 0
    outer loop
      vertex 103.372 -15.6323 1.4
      vertex 103.407 -15.4836 6
      vertex 103.407 -15.4836 1.4
    endloop
  endfacet
  facet normal -0.9734 0.229112 0
    outer loop
      vertex 103.407 -15.4836 6
      vertex 103.372 -15.6323 1.4
      vertex 103.372 -15.6323 6
    endloop
  endfacet
  facet normal -0.987522 0.157479 0
    outer loop
      vertex 103.252 -16.3848 1.4
      vertex 103.372 -15.6323 6
      vertex 103.372 -15.6323 1.4
    endloop
  endfacet
  facet normal -0.987522 0.157479 0
    outer loop
      vertex 103.372 -15.6323 6
      vertex 103.252 -16.3848 1.4
      vertex 103.252 -16.3848 6
    endloop
  endfacet
  facet normal -0.978095 0.208159 0
    outer loop
      vertex 103.088 -17.1554 1.4
      vertex 103.252 -16.3848 6
      vertex 103.252 -16.3848 1.4
    endloop
  endfacet
  facet normal -0.978095 0.208159 0
    outer loop
      vertex 103.252 -16.3848 6
      vertex 103.088 -17.1554 1.4
      vertex 103.088 -17.1554 6
    endloop
  endfacet
  facet normal -0.965948 0.258736 0
    outer loop
      vertex 102.884 -17.917 1.4
      vertex 103.088 -17.1554 6
      vertex 103.088 -17.1554 1.4
    endloop
  endfacet
  facet normal -0.965948 0.258736 0
    outer loop
      vertex 103.088 -17.1554 6
      vertex 102.884 -17.917 1.4
      vertex 102.884 -17.917 6
    endloop
  endfacet
  facet normal -0.950359 0.311156 0
    outer loop
      vertex 102.639 -18.6653 1.4
      vertex 102.884 -17.917 6
      vertex 102.884 -17.917 1.4
    endloop
  endfacet
  facet normal -0.950359 0.311156 0
    outer loop
      vertex 102.884 -17.917 6
      vertex 102.639 -18.6653 1.4
      vertex 102.639 -18.6653 6
    endloop
  endfacet
  facet normal -0.932854 0.360254 0
    outer loop
      vertex 102.355 -19.4007 1.4
      vertex 102.639 -18.6653 6
      vertex 102.639 -18.6653 1.4
    endloop
  endfacet
  facet normal -0.932854 0.360254 0
    outer loop
      vertex 102.639 -18.6653 6
      vertex 102.355 -19.4007 1.4
      vertex 102.355 -19.4007 6
    endloop
  endfacet
  facet normal -0.912783 0.408444 0
    outer loop
      vertex 102.033 -20.1203 1.4
      vertex 102.355 -19.4007 6
      vertex 102.355 -19.4007 1.4
    endloop
  endfacet
  facet normal -0.912783 0.408444 0
    outer loop
      vertex 102.355 -19.4007 6
      vertex 102.033 -20.1203 1.4
      vertex 102.033 -20.1203 6
    endloop
  endfacet
  facet normal -0.889632 0.456677 0
    outer loop
      vertex 101.673 -20.8216 1.4
      vertex 102.033 -20.1203 6
      vertex 102.033 -20.1203 1.4
    endloop
  endfacet
  facet normal -0.889632 0.456677 0
    outer loop
      vertex 102.033 -20.1203 6
      vertex 101.673 -20.8216 1.4
      vertex 101.673 -20.8216 6
    endloop
  endfacet
  facet normal -0.863627 0.504132 0
    outer loop
      vertex 101.276 -21.5017 1.4
      vertex 101.673 -20.8216 6
      vertex 101.673 -20.8216 1.4
    endloop
  endfacet
  facet normal -0.863627 0.504132 0
    outer loop
      vertex 101.673 -20.8216 6
      vertex 101.276 -21.5017 1.4
      vertex 101.276 -21.5017 6
    endloop
  endfacet
  facet normal -0.837017 0.547178 0
    outer loop
      vertex 100.845 -22.161 1.4
      vertex 101.276 -21.5017 6
      vertex 101.276 -21.5017 1.4
    endloop
  endfacet
  facet normal -0.837017 0.547178 0
    outer loop
      vertex 101.276 -21.5017 6
      vertex 100.845 -22.161 1.4
      vertex 100.845 -22.161 6
    endloop
  endfacet
  facet normal -0.806381 0.591397 0
    outer loop
      vertex 100.379 -22.7964 1.4
      vertex 100.845 -22.161 6
      vertex 100.845 -22.161 1.4
    endloop
  endfacet
  facet normal -0.806381 0.591397 0
    outer loop
      vertex 100.845 -22.161 6
      vertex 100.379 -22.7964 1.4
      vertex 100.379 -22.7964 6
    endloop
  endfacet
  facet normal -0.77329 0.634052 0
    outer loop
      vertex 99.879 -23.4062 1.4
      vertex 100.379 -22.7964 6
      vertex 100.379 -22.7964 1.4
    endloop
  endfacet
  facet normal -0.77329 0.634052 0
    outer loop
      vertex 100.379 -22.7964 6
      vertex 99.879 -23.4062 1.4
      vertex 99.879 -23.4062 6
    endloop
  endfacet
  facet normal -0.739509 0.673146 0
    outer loop
      vertex 99.3485 -23.989 1.4
      vertex 99.879 -23.4062 6
      vertex 99.879 -23.4062 1.4
    endloop
  endfacet
  facet normal -0.739509 0.673146 0
    outer loop
      vertex 99.879 -23.4062 6
      vertex 99.3485 -23.989 1.4
      vertex 99.3485 -23.989 6
    endloop
  endfacet
  facet normal -0.702716 0.71147 0
    outer loop
      vertex 99.3485 -23.989 1.4
      vertex 98.7877 -24.5429 6
      vertex 99.3485 -23.989 6
    endloop
  endfacet
  facet normal -0.702716 0.71147 0
    outer loop
      vertex 98.7877 -24.5429 6
      vertex 99.3485 -23.989 1.4
      vertex 98.7877 -24.5429 1.4
    endloop
  endfacet
  facet normal -0.664183 0.74757 0
    outer loop
      vertex 98.7877 -24.5429 1.4
      vertex 98.1987 -25.0662 6
      vertex 98.7877 -24.5429 6
    endloop
  endfacet
  facet normal -0.664183 0.74757 0
    outer loop
      vertex 98.1987 -25.0662 6
      vertex 98.7877 -24.5429 1.4
      vertex 98.1987 -25.0662 1.4
    endloop
  endfacet
  facet normal -0.623859 0.781537 0
    outer loop
      vertex 98.1987 -25.0662 1.4
      vertex 97.5831 -25.5576 6
      vertex 98.1987 -25.0662 6
    endloop
  endfacet
  facet normal -0.623945 0.781468 -1.90289e-05
    outer loop
      vertex 97.6009 -25.5435 1.4
      vertex 97.5831 -25.5576 6
      vertex 98.1987 -25.0662 1.4
    endloop
  endfacet
  facet normal -0.620929 0.783867 0
    outer loop
      vertex 97.5831 -25.5576 1.39
      vertex 97.6009 -25.5435 1.4
      vertex 97.6009 -25.5435 1.39
    endloop
  endfacet
  facet normal -0.620929 0.783867 0
    outer loop
      vertex 97.6009 -25.5435 1.4
      vertex 97.5831 -25.5576 1.39
      vertex 97.5831 -25.5576 6
    endloop
  endfacet
  facet normal -0.581622 0.813459 0
    outer loop
      vertex 97.5831 -25.5576 1.39
      vertex 96.9417 -26.0162 6
      vertex 97.5831 -25.5576 6
    endloop
  endfacet
  facet normal -0.581622 0.813459 0
    outer loop
      vertex 96.9417 -26.0162 6
      vertex 97.5831 -25.5576 1.39
      vertex 96.9417 -26.0162 1.39
    endloop
  endfacet
  facet normal -0.537081 0.843531 0
    outer loop
      vertex 96.9417 -26.0162 1.39
      vertex 96.2775 -26.4391 6
      vertex 96.9417 -26.0162 6
    endloop
  endfacet
  facet normal -0.537081 0.843531 0
    outer loop
      vertex 96.2775 -26.4391 6
      vertex 96.9417 -26.0162 1.39
      vertex 96.2775 -26.4391 1.39
    endloop
  endfacet
  facet normal -0.492375 0.870383 0
    outer loop
      vertex 96.2775 -26.4391 1.39
      vertex 95.5918 -26.827 6
      vertex 96.2775 -26.4391 6
    endloop
  endfacet
  facet normal -0.492375 0.870383 0
    outer loop
      vertex 95.5918 -26.827 6
      vertex 96.2775 -26.4391 1.39
      vertex 95.5918 -26.827 1.39
    endloop
  endfacet
  facet normal -0.446199 0.894934 0
    outer loop
      vertex 95.5918 -26.827 1.39
      vertex 94.8858 -27.179 6
      vertex 95.5918 -26.827 6
    endloop
  endfacet
  facet normal -0.446199 0.894934 0
    outer loop
      vertex 94.8858 -27.179 6
      vertex 95.5918 -26.827 1.39
      vertex 94.8858 -27.179 1.39
    endloop
  endfacet
  facet normal -0.397422 0.917636 0
    outer loop
      vertex 94.8858 -27.179 1.39
      vertex 94.1624 -27.4923 6
      vertex 94.8858 -27.179 6
    endloop
  endfacet
  facet normal -0.397422 0.917636 0
    outer loop
      vertex 94.1624 -27.4923 6
      vertex 94.8858 -27.179 1.39
      vertex 94.1624 -27.4923 1.39
    endloop
  endfacet
  facet normal -0.348075 0.937467 -9.89596e-06
    outer loop
      vertex 94.1624 -27.4923 6
      vertex 93.6772 -27.6725 1.4
      vertex 93.4239 -27.7665 6
    endloop
  endfacet
  facet normal -0.348157 0.937436 0
    outer loop
      vertex 94.1624 -27.4923 1.39
      vertex 93.6772 -27.6725 1.4
      vertex 94.1624 -27.4923 6
    endloop
  endfacet
  facet normal -0.348157 0.937436 0
    outer loop
      vertex 93.6772 -27.6725 1.4
      vertex 94.1624 -27.4923 1.39
      vertex 93.6772 -27.6725 1.39
    endloop
  endfacet
  facet normal -0.348111 0.937453 -1.21586e-05
    outer loop
      vertex 93.4588 -27.7536 1.4
      vertex 93.4239 -27.7665 6
      vertex 93.6772 -27.6725 1.4
    endloop
  endfacet
  facet normal -0.346702 0.937975 0
    outer loop
      vertex 93.4239 -27.7665 1.39
      vertex 93.4588 -27.7536 1.4
      vertex 93.4588 -27.7536 1.39
    endloop
  endfacet
  facet normal -0.346702 0.937975 0
    outer loop
      vertex 93.4588 -27.7536 1.4
      vertex 93.4239 -27.7665 1.39
      vertex 93.4239 -27.7665 6
    endloop
  endfacet
  facet normal -0.298094 0.954536 0
    outer loop
      vertex 93.4239 -27.7665 1.39
      vertex 92.6714 -28.0015 6
      vertex 93.4239 -27.7665 6
    endloop
  endfacet
  facet normal -0.298094 0.954536 0
    outer loop
      vertex 92.6714 -28.0015 6
      vertex 93.4239 -27.7665 1.39
      vertex 92.6714 -28.0015 1.39
    endloop
  endfacet
  facet normal -0.247733 0.968828 0
    outer loop
      vertex 92.6714 -28.0015 1.39
      vertex 91.9088 -28.1965 6
      vertex 92.6714 -28.0015 6
    endloop
  endfacet
  facet normal -0.247733 0.968828 0
    outer loop
      vertex 91.9088 -28.1965 6
      vertex 92.6714 -28.0015 1.39
      vertex 91.9088 -28.1965 1.39
    endloop
  endfacet
  facet normal -0.196604 0.980483 -8.548e-07
    outer loop
      vertex 91.9088 -28.1965 6
      vertex 91.8779 -28.2027 1.4
      vertex 91.1358 -28.3515 6
    endloop
  endfacet
  facet normal -0.196726 0.980458 0
    outer loop
      vertex 91.9088 -28.1965 1.39
      vertex 91.8779 -28.2027 1.4
      vertex 91.9088 -28.1965 6
    endloop
  endfacet
  facet normal -0.196726 0.980458 0
    outer loop
      vertex 91.8779 -28.2027 1.4
      vertex 91.9088 -28.1965 1.39
      vertex 91.8779 -28.2027 1.39
    endloop
  endfacet
  facet normal -0.196599 0.980484 0
    outer loop
      vertex 91.1358 -28.3515 6
      vertex 91.8779 -28.2027 1.4
      vertex 91.1358 -28.3515 1.4
    endloop
  endfacet
  facet normal -0.144087 0.989565 0
    outer loop
      vertex 91.1358 -28.3515 1.4
      vertex 90.3563 -28.465 6
      vertex 91.1358 -28.3515 6
    endloop
  endfacet
  facet normal -0.144087 0.989565 0
    outer loop
      vertex 90.3563 -28.465 6
      vertex 91.1358 -28.3515 1.4
      vertex 90.3563 -28.465 1.4
    endloop
  endfacet
  facet normal -0.0908901 0.995861 0
    outer loop
      vertex 90.3563 -28.465 1.4
      vertex 89.5707 -28.5367 6
      vertex 90.3563 -28.465 6
    endloop
  endfacet
  facet normal -0.0908901 0.995861 0
    outer loop
      vertex 89.5707 -28.5367 6
      vertex 90.3563 -28.465 1.4
      vertex 89.5707 -28.5367 1.4
    endloop
  endfacet
  facet normal -0.0385696 0.999256 0
    outer loop
      vertex 89.5707 -28.5367 1.4
      vertex 88.7831 -28.5671 6
      vertex 89.5707 -28.5367 6
    endloop
  endfacet
  facet normal -0.0385696 0.999256 0
    outer loop
      vertex 88.7831 -28.5671 6
      vertex 89.5707 -28.5367 1.4
      vertex 88.7831 -28.5671 1.4
    endloop
  endfacet
  facet normal 0.0144728 0.999895 -0
    outer loop
      vertex 88.7831 -28.5671 1.4
      vertex 87.9955 -28.5557 6
      vertex 88.7831 -28.5671 6
    endloop
  endfacet
  facet normal 0.0144728 0.999895 0
    outer loop
      vertex 87.9955 -28.5557 6
      vertex 88.7831 -28.5671 1.4
      vertex 87.9955 -28.5557 1.4
    endloop
  endfacet
  facet normal 0.0665527 0.997783 -0
    outer loop
      vertex 87.9955 -28.5557 1.4
      vertex 87.2099 -28.5033 6
      vertex 87.9955 -28.5557 6
    endloop
  endfacet
  facet normal 0.0665527 0.997783 0
    outer loop
      vertex 87.2099 -28.5033 6
      vertex 87.9955 -28.5557 1.4
      vertex 87.2099 -28.5033 1.4
    endloop
  endfacet
  facet normal 0.120115 0.99276 -0
    outer loop
      vertex 87.2099 -28.5033 1.4
      vertex 86.4272 -28.4086 6
      vertex 87.2099 -28.5033 6
    endloop
  endfacet
  facet normal 0.120115 0.99276 0
    outer loop
      vertex 86.4272 -28.4086 6
      vertex 87.2099 -28.5033 1.4
      vertex 86.4272 -28.4086 1.4
    endloop
  endfacet
  facet normal 0.171989 0.985099 -0
    outer loop
      vertex 86.4272 -28.4086 1.4
      vertex 85.6511 -28.2731 6
      vertex 86.4272 -28.4086 6
    endloop
  endfacet
  facet normal 0.171989 0.985099 0
    outer loop
      vertex 85.6511 -28.2731 6
      vertex 86.4272 -28.4086 1.4
      vertex 85.6511 -28.2731 1.4
    endloop
  endfacet
  facet normal 0.223609 0.974679 -0
    outer loop
      vertex 85.6511 -28.2731 1.4
      vertex 84.8822 -28.0967 6
      vertex 85.6511 -28.2731 6
    endloop
  endfacet
  facet normal 0.223609 0.974679 0
    outer loop
      vertex 84.8822 -28.0967 6
      vertex 85.6511 -28.2731 1.4
      vertex 84.8822 -28.0967 1.4
    endloop
  endfacet
  facet normal 0.275677 0.96125 -0
    outer loop
      vertex 84.8822 -28.0967 1.4
      vertex 84.1252 -27.8796 6
      vertex 84.8822 -28.0967 6
    endloop
  endfacet
  facet normal 0.275677 0.96125 0
    outer loop
      vertex 84.1252 -27.8796 6
      vertex 84.8822 -28.0967 1.4
      vertex 84.1252 -27.8796 1.4
    endloop
  endfacet
  facet normal 0.324516 0.94588 -0
    outer loop
      vertex 84.1252 -27.8796 1.4
      vertex 83.3799 -27.6239 6
      vertex 84.1252 -27.8796 6
    endloop
  endfacet
  facet normal 0.324516 0.94588 0
    outer loop
      vertex 83.3799 -27.6239 6
      vertex 84.1252 -27.8796 1.4
      vertex 83.3799 -27.6239 1.4
    endloop
  endfacet
  facet normal 0.375455 0.926841 -0
    outer loop
      vertex 83.3799 -27.6239 1.4
      vertex 82.6492 -27.3279 6
      vertex 83.3799 -27.6239 6
    endloop
  endfacet
  facet normal 0.375455 0.926841 0
    outer loop
      vertex 82.6492 -27.3279 6
      vertex 83.3799 -27.6239 1.4
      vertex 82.6492 -27.3279 1.4
    endloop
  endfacet
  facet normal 0.423878 0.905719 -0
    outer loop
      vertex 82.6492 -27.3279 1.4
      vertex 81.9351 -26.9937 6
      vertex 82.6492 -27.3279 6
    endloop
  endfacet
  facet normal 0.423878 0.905719 0
    outer loop
      vertex 81.9351 -26.9937 6
      vertex 82.6492 -27.3279 1.4
      vertex 81.9351 -26.9937 1.4
    endloop
  endfacet
  facet normal 0.471181 0.882036 -0
    outer loop
      vertex 81.9351 -26.9937 1.4
      vertex 81.2406 -26.6227 6
      vertex 81.9351 -26.9937 6
    endloop
  endfacet
  facet normal 0.471181 0.882036 0
    outer loop
      vertex 81.2406 -26.6227 6
      vertex 81.9351 -26.9937 1.4
      vertex 81.2406 -26.6227 1.4
    endloop
  endfacet
  facet normal 0.516286 0.856416 -0
    outer loop
      vertex 81.2406 -26.6227 1.4
      vertex 80.5658 -26.2159 6
      vertex 81.2406 -26.6227 6
    endloop
  endfacet
  facet normal 0.516286 0.856416 0
    outer loop
      vertex 80.5658 -26.2159 6
      vertex 81.2406 -26.6227 1.4
      vertex 80.5658 -26.2159 1.4
    endloop
  endfacet
  facet normal 0.561418 0.827533 -0
    outer loop
      vertex 80.5658 -26.2159 1.4
      vertex 79.9137 -25.7735 6
      vertex 80.5658 -26.2159 6
    endloop
  endfacet
  facet normal 0.561418 0.827533 0
    outer loop
      vertex 79.9137 -25.7735 6
      vertex 80.5658 -26.2159 1.4
      vertex 79.9137 -25.7735 1.4
    endloop
  endfacet
  facet normal 0.604843 0.796344 -0
    outer loop
      vertex 79.9137 -25.7735 1.4
      vertex 79.3074 -25.313 6
      vertex 79.9137 -25.7735 6
    endloop
  endfacet
  facet normal 0.604843 0.796344 0
    outer loop
      vertex 79.3074 -25.313 6
      vertex 79.9137 -25.7735 1.4
      vertex 79.3074 -25.313 1.4
    endloop
  endfacet
  facet normal 0.537383 0.843338 -0
    outer loop
      vertex 79.3074 -25.313 1.4
      vertex 79.1784 -25.2308 6
      vertex 79.3074 -25.313 6
    endloop
  endfacet
  facet normal 0.537383 0.843338 0
    outer loop
      vertex 79.1784 -25.2308 6
      vertex 79.3074 -25.313 1.4
      vertex 79.1784 -25.2308 1.4
    endloop
  endfacet
  facet normal 0.34957 0.93691 -0
    outer loop
      vertex 79.1784 -25.2308 1.4
      vertex 79.0594 -25.1864 6
      vertex 79.1784 -25.2308 6
    endloop
  endfacet
  facet normal 0.34957 0.93691 0
    outer loop
      vertex 79.0594 -25.1864 6
      vertex 79.1784 -25.2308 1.4
      vertex 79.0594 -25.1864 1.4
    endloop
  endfacet
  facet normal 0.148185 0.98896 -0
    outer loop
      vertex 79.0594 -25.1864 1.4
      vertex 78.9346 -25.1677 6
      vertex 79.0594 -25.1864 6
    endloop
  endfacet
  facet normal 0.148185 0.98896 0
    outer loop
      vertex 78.9346 -25.1677 6
      vertex 79.0594 -25.1864 1.4
      vertex 78.9346 -25.1677 1.4
    endloop
  endfacet
  facet normal -0.0654072 0.997859 0
    outer loop
      vertex 78.9346 -25.1677 1.4
      vertex 78.8095 -25.1759 6
      vertex 78.9346 -25.1677 6
    endloop
  endfacet
  facet normal -0.0654072 0.997859 0
    outer loop
      vertex 78.8095 -25.1759 6
      vertex 78.9346 -25.1677 1.4
      vertex 78.8095 -25.1759 1.4
    endloop
  endfacet
  facet normal -0.275079 0.961422 0
    outer loop
      vertex 78.8095 -25.1759 1.4
      vertex 78.6676 -25.2165 6
      vertex 78.8095 -25.1759 6
    endloop
  endfacet
  facet normal -0.275079 0.961422 0
    outer loop
      vertex 78.6676 -25.2165 6
      vertex 78.8095 -25.1759 1.4
      vertex 78.6676 -25.2165 1.4
    endloop
  endfacet
  facet normal -0.373206 0.927749 0
    outer loop
      vertex 78.6676 -25.2165 1.4
      vertex 50.1333 -36.695 6
      vertex 78.6676 -25.2165 6
    endloop
  endfacet
  facet normal -0.373206 0.927749 0
    outer loop
      vertex 50.1333 -36.695 6
      vertex 78.6676 -25.2165 1.4
      vertex 50.1333 -36.695 1.4
    endloop
  endfacet
  facet normal -0.270704 0.962663 0
    outer loop
      vertex 50.1333 -36.695 1.4
      vertex 49.8673 -36.7698 6
      vertex 50.1333 -36.695 6
    endloop
  endfacet
  facet normal -0.270512 0.962717 1.19542e-05
    outer loop
      vertex 49.8945 -36.7621 1.4
      vertex 49.8673 -36.7698 6
      vertex 50.1333 -36.695 1.4
    endloop
  endfacet
  facet normal -0.272384 0.962189 0
    outer loop
      vertex 49.8673 -36.7698 1.39
      vertex 49.8945 -36.7621 1.4
      vertex 49.8945 -36.7621 1.39
    endloop
  endfacet
  facet normal -0.272384 0.962189 0
    outer loop
      vertex 49.8945 -36.7621 1.4
      vertex 49.8673 -36.7698 1.39
      vertex 49.8673 -36.7698 6
    endloop
  endfacet
  facet normal -0.0616482 0.998098 2.81146e-06
    outer loop
      vertex 49.8673 -36.7698 6
      vertex 49.8509 -36.7708 1.4
      vertex 49.5694 -36.7882 6
    endloop
  endfacet
  facet normal -0.0608626 0.998146 0
    outer loop
      vertex 49.8673 -36.7698 1.39
      vertex 49.8509 -36.7708 1.4
      vertex 49.8673 -36.7698 6
    endloop
  endfacet
  facet normal -0.0608626 0.998146 0
    outer loop
      vertex 49.8509 -36.7708 1.4
      vertex 49.8673 -36.7698 1.39
      vertex 49.8509 -36.7708 1.39
    endloop
  endfacet
  facet normal -0.061694 0.998095 0
    outer loop
      vertex 49.5694 -36.7882 6
      vertex 49.8509 -36.7708 1.4
      vertex 49.5694 -36.7882 1.4
    endloop
  endfacet
  facet normal 0.149752 0.988724 -0
    outer loop
      vertex 49.5694 -36.7882 1.4
      vertex 49.2954 -36.7467 6
      vertex 49.5694 -36.7882 6
    endloop
  endfacet
  facet normal 0.149752 0.988724 0
    outer loop
      vertex 49.2954 -36.7467 6
      vertex 49.5694 -36.7882 1.4
      vertex 49.2954 -36.7467 1.4
    endloop
  endfacet
  facet normal 0.25438 0.967104 -0
    outer loop
      vertex 49.2954 -36.7467 1.4
      vertex 40.1338 -34.3369 6
      vertex 49.2954 -36.7467 6
    endloop
  endfacet
  facet normal 0.25438 0.967104 0
    outer loop
      vertex 40.1338 -34.3369 6
      vertex 49.2954 -36.7467 1.4
      vertex 40.1338 -34.3369 1.4
    endloop
  endfacet
  facet normal 0.138465 0.990367 -0
    outer loop
      vertex 40.1338 -34.3369 1.4
      vertex 39.9743 -34.3146 6
      vertex 40.1338 -34.3369 6
    endloop
  endfacet
  facet normal 0.138465 0.990367 0
    outer loop
      vertex 39.9743 -34.3146 6
      vertex 40.1338 -34.3369 1.4
      vertex 39.9743 -34.3146 1.4
    endloop
  endfacet
  facet normal -0.0883801 0.996087 0
    outer loop
      vertex 39.9743 -34.3146 1.4
      vertex 39.8368 -34.3268 6
      vertex 39.9743 -34.3146 6
    endloop
  endfacet
  facet normal -0.0883801 0.996087 0
    outer loop
      vertex 39.8368 -34.3268 6
      vertex 39.9743 -34.3146 1.4
      vertex 39.8368 -34.3268 1.4
    endloop
  endfacet
  facet normal -0.316787 0.948497 0
    outer loop
      vertex 39.8368 -34.3268 1.4
      vertex 39.6841 -34.3778 6
      vertex 39.8368 -34.3268 6
    endloop
  endfacet
  facet normal -0.316787 0.948497 0
    outer loop
      vertex 39.6841 -34.3778 6
      vertex 39.8368 -34.3268 1.4
      vertex 39.6841 -34.3778 1.4
    endloop
  endfacet
  facet normal -0.421167 0.906983 0
    outer loop
      vertex 39.6841 -34.3778 1.4
      vertex 39.3979 -34.5107 6
      vertex 39.6841 -34.3778 6
    endloop
  endfacet
  facet normal -0.421167 0.906983 0
    outer loop
      vertex 39.3979 -34.5107 6
      vertex 39.6841 -34.3778 1.4
      vertex 39.3979 -34.5107 1.4
    endloop
  endfacet
  facet normal -0.331486 0.94346 0
    outer loop
      vertex 39.3979 -34.5107 1.4
      vertex 39.1574 -34.5952 6
      vertex 39.3979 -34.5107 6
    endloop
  endfacet
  facet normal -0.331486 0.94346 0
    outer loop
      vertex 39.1574 -34.5952 6
      vertex 39.3979 -34.5107 1.4
      vertex 39.1574 -34.5952 1.4
    endloop
  endfacet
  facet normal -0.143455 0.989657 0
    outer loop
      vertex 39.1574 -34.5952 1.4
      vertex 38.8849 -34.6347 6
      vertex 39.1574 -34.5952 6
    endloop
  endfacet
  facet normal -0.143455 0.989657 0
    outer loop
      vertex 38.8849 -34.6347 6
      vertex 39.1574 -34.5952 1.4
      vertex 38.8849 -34.6347 1.4
    endloop
  endfacet
  facet normal 0.0565747 0.998398 -0
    outer loop
      vertex 38.8849 -34.6347 1.4
      vertex 38.6096 -34.6191 6
      vertex 38.8849 -34.6347 6
    endloop
  endfacet
  facet normal 0.0565747 0.998398 0
    outer loop
      vertex 38.6096 -34.6191 6
      vertex 38.8849 -34.6347 1.4
      vertex 38.6096 -34.6191 1.4
    endloop
  endfacet
  facet normal 0.250188 0.968197 -0
    outer loop
      vertex 38.6096 -34.6191 1.4
      vertex 38.3449 -34.5507 6
      vertex 38.6096 -34.6191 6
    endloop
  endfacet
  facet normal 0.250188 0.968197 0
    outer loop
      vertex 38.3449 -34.5507 6
      vertex 38.6096 -34.6191 1.4
      vertex 38.3449 -34.5507 1.4
    endloop
  endfacet
  facet normal 0.429962 0.902847 -0
    outer loop
      vertex 38.3449 -34.5507 1.4
      vertex 38.0967 -34.4325 6
      vertex 38.3449 -34.5507 6
    endloop
  endfacet
  facet normal 0.429962 0.902847 0
    outer loop
      vertex 38.0967 -34.4325 6
      vertex 38.3449 -34.5507 1.4
      vertex 38.0967 -34.4325 1.4
    endloop
  endfacet
  facet normal 0.599768 0.800174 -0
    outer loop
      vertex 38.0967 -34.4325 1.4
      vertex 37.8763 -34.2673 6
      vertex 38.0967 -34.4325 6
    endloop
  endfacet
  facet normal 0.599768 0.800174 0
    outer loop
      vertex 37.8763 -34.2673 6
      vertex 38.0967 -34.4325 1.4
      vertex 37.8763 -34.2673 1.4
    endloop
  endfacet
  facet normal 0.745356 0.666667 0
    outer loop
      vertex 37.8763 -34.2673 6
      vertex 37.6933 -34.0627 1.4
      vertex 37.6933 -34.0627 6
    endloop
  endfacet
  facet normal 0.745356 0.666667 0
    outer loop
      vertex 37.6933 -34.0627 1.4
      vertex 37.8763 -34.2673 6
      vertex 37.8763 -34.2673 1.4
    endloop
  endfacet
  facet normal 0.861137 0.508373 0
    outer loop
      vertex 37.6933 -34.0627 6
      vertex 37.5636 -33.843 1.4
      vertex 37.5636 -33.843 6
    endloop
  endfacet
  facet normal 0.861137 0.508373 0
    outer loop
      vertex 37.5636 -33.843 1.4
      vertex 37.6933 -34.0627 6
      vertex 37.6933 -34.0627 1.4
    endloop
  endfacet
  facet normal 0.905937 0.423413 0
    outer loop
      vertex 37.5636 -33.843 6
      vertex 37.4669 -33.6361 1.4
      vertex 37.4669 -33.6361 6
    endloop
  endfacet
  facet normal 0.905937 0.423413 0
    outer loop
      vertex 37.4669 -33.6361 1.4
      vertex 37.5636 -33.843 6
      vertex 37.5636 -33.843 1.4
    endloop
  endfacet
  facet normal 0.25427 0.967133 -0
    outer loop
      vertex 37.4669 -33.6361 1.4
      vertex 34.1133 -32.7544 6
      vertex 37.4669 -33.6361 6
    endloop
  endfacet
  facet normal 0.25427 0.967133 0
    outer loop
      vertex 34.1133 -32.7544 6
      vertex 37.4669 -33.6361 1.4
      vertex 34.1133 -32.7544 1.4
    endloop
  endfacet
  facet normal 0.161608 0.986855 -0
    outer loop
      vertex 34.1133 -32.7544 1.4
      vertex 33.9814 -32.7328 6
      vertex 34.1133 -32.7544 6
    endloop
  endfacet
  facet normal 0.161608 0.986855 0
    outer loop
      vertex 33.9814 -32.7328 6
      vertex 34.1133 -32.7544 1.4
      vertex 33.9814 -32.7328 1.4
    endloop
  endfacet
  facet normal -0.0280837 0.999606 0
    outer loop
      vertex 33.9814 -32.7328 1.4
      vertex 33.8675 -32.736 6
      vertex 33.9814 -32.7328 6
    endloop
  endfacet
  facet normal -0.0280837 0.999606 0
    outer loop
      vertex 33.8675 -32.736 6
      vertex 33.9814 -32.7328 1.4
      vertex 33.8675 -32.736 1.4
    endloop
  endfacet
  facet normal -0.219176 0.975685 0
    outer loop
      vertex 33.8675 -32.736 1.4
      vertex 33.7571 -32.7608 6
      vertex 33.8675 -32.736 6
    endloop
  endfacet
  facet normal -0.219176 0.975685 0
    outer loop
      vertex 33.7571 -32.7608 6
      vertex 33.8675 -32.736 1.4
      vertex 33.7571 -32.7608 1.4
    endloop
  endfacet
  facet normal -0.401047 0.916057 0
    outer loop
      vertex 33.7571 -32.7608 1.4
      vertex 33.6518 -32.8069 6
      vertex 33.7571 -32.7608 6
    endloop
  endfacet
  facet normal -0.401047 0.916057 0
    outer loop
      vertex 33.6518 -32.8069 6
      vertex 33.7571 -32.7608 1.4
      vertex 33.6518 -32.8069 1.4
    endloop
  endfacet
  facet normal -0.566817 0.823844 0
    outer loop
      vertex 33.6518 -32.8069 1.4
      vertex 33.5425 -32.8821 6
      vertex 33.6518 -32.8069 6
    endloop
  endfacet
  facet normal -0.566817 0.823844 0
    outer loop
      vertex 33.5425 -32.8821 6
      vertex 33.6518 -32.8069 1.4
      vertex 33.5425 -32.8821 1.4
    endloop
  endfacet
  facet normal -0.642771 0.766058 0
    outer loop
      vertex 33.5425 -32.8821 1.4
      vertex 22.8228 -41.8766 6
      vertex 33.5425 -32.8821 6
    endloop
  endfacet
  facet normal -0.642771 0.766058 0
    outer loop
      vertex 22.8228 -41.8766 6
      vertex 33.5425 -32.8821 1.4
      vertex 22.8228 -41.8766 1.4
    endloop
  endfacet
  facet normal -0.564164 0.825663 0
    outer loop
      vertex 22.8228 -41.8766 1.4
      vertex 22.6122 -42.0205 6
      vertex 22.8228 -41.8766 6
    endloop
  endfacet
  facet normal -0.564164 0.825663 0
    outer loop
      vertex 22.6122 -42.0205 6
      vertex 22.8228 -41.8766 1.4
      vertex 22.6122 -42.0205 1.4
    endloop
  endfacet
  facet normal -0.394884 0.918731 0
    outer loop
      vertex 22.6122 -42.0205 1.4
      vertex 22.3593 -42.1292 6
      vertex 22.6122 -42.0205 6
    endloop
  endfacet
  facet normal -0.394884 0.918731 0
    outer loop
      vertex 22.3593 -42.1292 6
      vertex 22.6122 -42.0205 1.4
      vertex 22.3593 -42.1292 1.4
    endloop
  endfacet
  facet normal -0.204004 0.97897 0
    outer loop
      vertex 22.2019 -42.162 1.4
      vertex 22.3593 -42.1292 6
      vertex 22.3593 -42.1292 1.4
    endloop
  endfacet
  facet normal -0.20365 0.979044 -1.26423e-05
    outer loop
      vertex 22.3593 -42.1292 6
      vertex 22.2019 -42.162 1.4
      vertex 22.0896 -42.1853 6
    endloop
  endfacet
  facet normal -0.203153 0.979147 0
    outer loop
      vertex 22.0896 -42.1853 1.39
      vertex 22.2019 -42.162 1.4
      vertex 22.2019 -42.162 1.39
    endloop
  endfacet
  facet normal -0.203153 0.979147 0
    outer loop
      vertex 22.2019 -42.162 1.4
      vertex 22.0896 -42.1853 1.39
      vertex 22.0896 -42.1853 6
    endloop
  endfacet
  facet normal -0.010211 0.999948 0
    outer loop
      vertex 22.0896 -42.1853 1.39
      vertex 21.8154 -42.1881 6
      vertex 22.0896 -42.1853 6
    endloop
  endfacet
  facet normal -0.010211 0.999948 0
    outer loop
      vertex 21.8154 -42.1881 6
      vertex 22.0896 -42.1853 1.39
      vertex 21.8154 -42.1881 1.39
    endloop
  endfacet
  facet normal -0.999766 0.0216112 0
    outer loop
      vertex 71.7736 54.2414 4
      vertex 71.7801 54.5421 6
      vertex 71.7801 54.5421 4
    endloop
  endfacet
  facet normal -0.999766 0.0216112 0
    outer loop
      vertex 71.7801 54.5421 6
      vertex 71.7736 54.2414 4
      vertex 71.7736 54.2414 6
    endloop
  endfacet
  facet normal -0.994077 -0.10868 0
    outer loop
      vertex 71.8063 53.9423 4
      vertex 71.7736 54.2414 6
      vertex 71.7736 54.2414 4
    endloop
  endfacet
  facet normal -0.994077 -0.10868 0
    outer loop
      vertex 71.7736 54.2414 6
      vertex 71.8063 53.9423 4
      vertex 71.8063 53.9423 6
    endloop
  endfacet
  facet normal -0.988349 0.152207 0
    outer loop
      vertex 71.7801 54.5421 4
      vertex 71.8259 54.8395 6
      vertex 71.8259 54.8395 4
    endloop
  endfacet
  facet normal -0.988349 0.152207 0
    outer loop
      vertex 71.8259 54.8395 6
      vertex 71.7801 54.5421 4
      vertex 71.7801 54.5421 6
    endloop
  endfacet
  facet normal -0.915408 0.402527 0
    outer loop
      vertex 71.9101 55.1283 4
      vertex 72.0312 55.4037 6
      vertex 72.0312 55.4037 4
    endloop
  endfacet
  facet normal -0.915408 0.402527 0
    outer loop
      vertex 72.0312 55.4037 6
      vertex 71.9101 55.1283 4
      vertex 71.9101 55.1283 6
    endloop
  endfacet
  facet normal 0.988391 -0.151932 0
    outer loop
      vertex 76.3169 53.8439 6
      vertex 76.3626 54.1412 4
      vertex 76.3626 54.1412 6
    endloop
  endfacet
  facet normal 0.988391 -0.151932 0
    outer loop
      vertex 76.3626 54.1412 4
      vertex 76.3169 53.8439 6
      vertex 76.3169 53.8439 4
    endloop
  endfacet
  facet normal -0.152257 -0.988341 0
    outer loop
      vertex 73.5736 52.0962 4
      vertex 73.8709 52.0504 6
      vertex 73.5736 52.0962 6
    endloop
  endfacet
  facet normal -0.152257 -0.988341 -0
    outer loop
      vertex 73.8709 52.0504 6
      vertex 73.5736 52.0962 4
      vertex 73.8709 52.0504 4
    endloop
  endfacet
  facet normal -0.96003 0.279898 0
    outer loop
      vertex 71.8259 54.8395 4
      vertex 71.9101 55.1283 6
      vertex 71.9101 55.1283 4
    endloop
  endfacet
  facet normal -0.96003 0.279898 0
    outer loop
      vertex 71.9101 55.1283 6
      vertex 71.8259 54.8395 4
      vertex 71.8259 54.8395 6
    endloop
  endfacet
  facet normal 0.402805 0.915286 -0
    outer loop
      vertex 75.1334 56.3818 4
      vertex 74.858 56.503 6
      vertex 75.1334 56.3818 6
    endloop
  endfacet
  facet normal 0.402805 0.915286 0
    outer loop
      vertex 74.858 56.503 6
      vertex 75.1334 56.3818 4
      vertex 74.858 56.503 4
    endloop
  endfacet
  facet normal -0.931942 -0.362607 0
    outer loop
      vertex 71.9869 53.3697 4
      vertex 71.8778 53.6501 6
      vertex 71.8778 53.6501 4
    endloop
  endfacet
  facet normal -0.931942 -0.362607 0
    outer loop
      vertex 71.8778 53.6501 6
      vertex 71.9869 53.3697 4
      vertex 71.9869 53.3697 6
    endloop
  endfacet
  facet normal 0 0 -1
    outer loop
      vertex 76.3626 54.1412 4
      vertex 74.9181 54.2676 4
      vertex 74.9206 54.3788 4
    endloop
  endfacet
  facet normal 0 0 -1
    outer loop
      vertex 75.3072 52.4019 4
      vertex 74.9012 54.1577 4
      vertex 74.9181 54.2676 4
    endloop
  endfacet
  facet normal 0 0 -1
    outer loop
      vertex 75.3072 52.4019 4
      vertex 74.8701 54.051 4
      vertex 74.9012 54.1577 4
    endloop
  endfacet
  facet normal 0 0 -1
    outer loop
      vertex 75.3072 52.4019 4
      vertex 74.8253 53.9492 4
      vertex 74.8701 54.051 4
    endloop
  endfacet
  facet normal 0 0 -1
    outer loop
      vertex 75.3072 52.4019 4
      vertex 74.7677 53.8541 4
      vertex 74.8253 53.9492 4
    endloop
  endfacet
  facet normal 0 0 -1
    outer loop
      vertex 74.4306 53.5713 4
      vertex 75.0434 52.2572 4
      vertex 74.763 52.1481 4
    endloop
  endfacet
  facet normal 0 0 -1
    outer loop
      vertex 75.3072 52.4019 4
      vertex 74.6981 53.7674 4
      vertex 74.7677 53.8541 4
    endloop
  endfacet
  facet normal 0 0 -1
    outer loop
      vertex 75.3072 52.4019 4
      vertex 74.6177 53.6905 4
      vertex 74.6981 53.7674 4
    endloop
  endfacet
  facet normal 0 0 -1
    outer loop
      vertex 75.3072 52.4019 4
      vertex 74.5281 53.6248 4
      vertex 74.6177 53.6905 4
    endloop
  endfacet
  facet normal 0 0 -1
    outer loop
      vertex 74.327 53.531 4
      vertex 74.763 52.1481 4
      vertex 74.4708 52.0766 4
    endloop
  endfacet
  facet normal 0 0 -1
    outer loop
      vertex 75.0434 52.2572 4
      vertex 74.4306 53.5713 4
      vertex 74.5281 53.6248 4
    endloop
  endfacet
  facet normal 0 0 -1
    outer loop
      vertex 74.763 52.1481 4
      vertex 74.327 53.531 4
      vertex 74.4306 53.5713 4
    endloop
  endfacet
  facet normal 0 0 -1
    outer loop
      vertex 74.4708 52.0766 4
      vertex 74.219 53.5046 4
      vertex 74.327 53.531 4
    endloop
  endfacet
  facet normal 0 0 -1
    outer loop
      vertex 74.1717 52.0439 4
      vertex 74.219 53.5046 4
      vertex 74.4708 52.0766 4
    endloop
  endfacet
  facet normal 0 0 -1
    outer loop
      vertex 74.1717 52.0439 4
      vertex 74.1085 53.4925 4
      vertex 74.219 53.5046 4
    endloop
  endfacet
  facet normal 0 0 -1
    outer loop
      vertex 74.1717 52.0439 4
      vertex 73.9973 53.4949 4
      vertex 74.1085 53.4925 4
    endloop
  endfacet
  facet normal 0 0 -1
    outer loop
      vertex 73.8709 52.0504 4
      vertex 73.9973 53.4949 4
      vertex 74.1717 52.0439 4
    endloop
  endfacet
  facet normal -0 0 -1
    outer loop
      vertex 73.9973 53.4949 4
      vertex 73.8709 52.0504 4
      vertex 73.8874 53.5118 4
    endloop
  endfacet
  facet normal 0 0 -1
    outer loop
      vertex 73.5736 52.0962 4
      vertex 73.8874 53.5118 4
      vertex 73.8709 52.0504 4
    endloop
  endfacet
  facet normal -0 0 -1
    outer loop
      vertex 73.8874 53.5118 4
      vertex 73.5736 52.0962 4
      vertex 73.7807 53.5429 4
    endloop
  endfacet
  facet normal 0 0 -1
    outer loop
      vertex 73.2847 52.1804 4
      vertex 73.7807 53.5429 4
      vertex 73.5736 52.0962 4
    endloop
  endfacet
  facet normal -0 0 -1
    outer loop
      vertex 73.7807 53.5429 4
      vertex 73.2847 52.1804 4
      vertex 73.6789 53.5877 4
    endloop
  endfacet
  facet normal 0 0 -1
    outer loop
      vertex 73.0094 52.3016 4
      vertex 73.6789 53.5877 4
      vertex 73.2847 52.1804 4
    endloop
  endfacet
  facet normal -0 0 -1
    outer loop
      vertex 73.6789 53.5877 4
      vertex 73.0094 52.3016 4
      vertex 73.5838 53.6454 4
    endloop
  endfacet
  facet normal 0 0 -1
    outer loop
      vertex 72.7521 52.4576 4
      vertex 73.5838 53.6454 4
      vertex 73.0094 52.3016 4
    endloop
  endfacet
  facet normal -0 0 -1
    outer loop
      vertex 73.5838 53.6454 4
      vertex 72.7521 52.4576 4
      vertex 73.4971 53.715 4
    endloop
  endfacet
  facet normal 0 0 -1
    outer loop
      vertex 72.5175 52.6459 4
      vertex 73.4971 53.715 4
      vertex 72.7521 52.4576 4
    endloop
  endfacet
  facet normal -0 0 -1
    outer loop
      vertex 73.4971 53.715 4
      vertex 72.5175 52.6459 4
      vertex 73.4202 53.7953 4
    endloop
  endfacet
  facet normal 0 0 -1
    outer loop
      vertex 72.3095 52.8633 4
      vertex 73.4202 53.7953 4
      vertex 72.5175 52.6459 4
    endloop
  endfacet
  facet normal -0 0 -1
    outer loop
      vertex 73.4202 53.7953 4
      vertex 72.3095 52.8633 4
      vertex 73.3545 53.885 4
    endloop
  endfacet
  facet normal 0 0 -1
    outer loop
      vertex 72.1316 53.1059 4
      vertex 73.3545 53.885 4
      vertex 72.3095 52.8633 4
    endloop
  endfacet
  facet normal -0 0 -1
    outer loop
      vertex 73.3545 53.885 4
      vertex 72.1316 53.1059 4
      vertex 73.301 53.9825 4
    endloop
  endfacet
  facet normal 0 0 -1
    outer loop
      vertex 73.2222 54.3046 4
      vertex 72.8356 56.2815 4
      vertex 73.0993 56.4262 4
    endloop
  endfacet
  facet normal 0 0 -1
    outer loop
      vertex 71.9869 53.3697 4
      vertex 73.301 53.9825 4
      vertex 72.1316 53.1059 4
    endloop
  endfacet
  facet normal 0 0 -1
    outer loop
      vertex 73.2222 54.3046 4
      vertex 72.593 56.1036 4
      vertex 72.8356 56.2815 4
    endloop
  endfacet
  facet normal -0 0 -1
    outer loop
      vertex 73.301 53.9825 4
      vertex 71.9869 53.3697 4
      vertex 73.2607 54.0861 4
    endloop
  endfacet
  facet normal 0 0 -1
    outer loop
      vertex 73.2222 54.3046 4
      vertex 72.3756 55.8955 4
      vertex 72.593 56.1036 4
    endloop
  endfacet
  facet normal 0 0 -1
    outer loop
      vertex 71.8778 53.6501 4
      vertex 73.2607 54.0861 4
      vertex 71.9869 53.3697 4
    endloop
  endfacet
  facet normal 0 0 -1
    outer loop
      vertex 73.2222 54.3046 4
      vertex 72.1873 55.6609 4
      vertex 72.3756 55.8955 4
    endloop
  endfacet
  facet normal -0 0 -1
    outer loop
      vertex 73.2607 54.0861 4
      vertex 71.8778 53.6501 4
      vertex 73.2343 54.1941 4
    endloop
  endfacet
  facet normal 0 0 -1
    outer loop
      vertex 73.2222 54.3046 4
      vertex 72.0312 55.4037 4
      vertex 72.1873 55.6609 4
    endloop
  endfacet
  facet normal 0 0 -1
    outer loop
      vertex 71.8063 53.9423 4
      vertex 73.2343 54.1941 4
      vertex 71.8778 53.6501 4
    endloop
  endfacet
  facet normal 0 0 -1
    outer loop
      vertex 73.2222 54.3046 4
      vertex 71.9101 55.1283 4
      vertex 72.0312 55.4037 4
    endloop
  endfacet
  facet normal -0 0 -1
    outer loop
      vertex 73.2343 54.1941 4
      vertex 71.8063 53.9423 4
      vertex 73.2222 54.3046 4
    endloop
  endfacet
  facet normal 0 0 -1
    outer loop
      vertex 73.2222 54.3046 4
      vertex 71.8259 54.8395 4
      vertex 71.9101 55.1283 4
    endloop
  endfacet
  facet normal 0 0 -1
    outer loop
      vertex 71.7736 54.2414 4
      vertex 73.2222 54.3046 4
      vertex 71.8063 53.9423 4
    endloop
  endfacet
  facet normal 0 0 -1
    outer loop
      vertex 73.2222 54.3046 4
      vertex 71.7801 54.5421 4
      vertex 71.8259 54.8395 4
    endloop
  endfacet
  facet normal -0 0 -1
    outer loop
      vertex 73.2222 54.3046 4
      vertex 71.7736 54.2414 4
      vertex 71.7801 54.5421 4
    endloop
  endfacet
  facet normal 0 0 -1
    outer loop
      vertex 74.9206 54.3788 4
      vertex 76.3692 54.442 4
      vertex 76.3626 54.1412 4
    endloop
  endfacet
  facet normal 0 0 -1
    outer loop
      vertex 74.9181 54.2676 4
      vertex 76.3626 54.1412 4
      vertex 76.3169 53.8439 4
    endloop
  endfacet
  facet normal -0 0 -1
    outer loop
      vertex 76.3692 54.442 4
      vertex 74.9206 54.3788 4
      vertex 76.3364 54.7411 4
    endloop
  endfacet
  facet normal 0 0 -1
    outer loop
      vertex 74.9181 54.2676 4
      vertex 76.3169 53.8439 4
      vertex 76.2327 53.555 4
    endloop
  endfacet
  facet normal 0 0 -1
    outer loop
      vertex 74.9085 54.4893 4
      vertex 76.3364 54.7411 4
      vertex 74.9206 54.3788 4
    endloop
  endfacet
  facet normal 0 0 -1
    outer loop
      vertex 74.9181 54.2676 4
      vertex 76.2327 53.555 4
      vertex 76.1115 53.2797 4
    endloop
  endfacet
  facet normal -0 0 -1
    outer loop
      vertex 76.3364 54.7411 4
      vertex 74.9085 54.4893 4
      vertex 76.2649 55.0333 4
    endloop
  endfacet
  facet normal 0 0 -1
    outer loop
      vertex 74.9181 54.2676 4
      vertex 76.1115 53.2797 4
      vertex 75.9554 53.0225 4
    endloop
  endfacet
  facet normal 0 0 -1
    outer loop
      vertex 74.882 54.5973 4
      vertex 76.2649 55.0333 4
      vertex 74.9085 54.4893 4
    endloop
  endfacet
  facet normal 0 0 -1
    outer loop
      vertex 74.9181 54.2676 4
      vertex 75.9554 53.0225 4
      vertex 75.7671 52.7878 4
    endloop
  endfacet
  facet normal -0 0 -1
    outer loop
      vertex 76.2649 55.0333 4
      vertex 74.882 54.5973 4
      vertex 76.1559 55.3137 4
    endloop
  endfacet
  facet normal 0 0 -1
    outer loop
      vertex 74.9181 54.2676 4
      vertex 75.7671 52.7878 4
      vertex 75.5498 52.5798 4
    endloop
  endfacet
  facet normal 0 0 -1
    outer loop
      vertex 74.8417 54.7009 4
      vertex 76.1559 55.3137 4
      vertex 74.882 54.5973 4
    endloop
  endfacet
  facet normal 0 0 -1
    outer loop
      vertex 74.9181 54.2676 4
      vertex 75.5498 52.5798 4
      vertex 75.3072 52.4019 4
    endloop
  endfacet
  facet normal -0 0 -1
    outer loop
      vertex 76.1559 55.3137 4
      vertex 74.8417 54.7009 4
      vertex 76.0112 55.5775 4
    endloop
  endfacet
  facet normal 0 0 -1
    outer loop
      vertex 74.5281 53.6248 4
      vertex 75.3072 52.4019 4
      vertex 75.0434 52.2572 4
    endloop
  endfacet
  facet normal 0 0 -1
    outer loop
      vertex 74.7883 54.7984 4
      vertex 76.0112 55.5775 4
      vertex 74.8417 54.7009 4
    endloop
  endfacet
  facet normal -0 0 -1
    outer loop
      vertex 76.0112 55.5775 4
      vertex 74.7883 54.7984 4
      vertex 75.8333 55.8201 4
    endloop
  endfacet
  facet normal 0 0 -1
    outer loop
      vertex 74.7225 54.8881 4
      vertex 75.8333 55.8201 4
      vertex 74.7883 54.7984 4
    endloop
  endfacet
  facet normal -0 0 -1
    outer loop
      vertex 75.8333 55.8201 4
      vertex 74.7225 54.8881 4
      vertex 75.6252 56.0374 4
    endloop
  endfacet
  facet normal 0 0 -1
    outer loop
      vertex 74.6456 54.9684 4
      vertex 75.6252 56.0374 4
      vertex 74.7225 54.8881 4
    endloop
  endfacet
  facet normal -0 0 -1
    outer loop
      vertex 75.6252 56.0374 4
      vertex 74.6456 54.9684 4
      vertex 75.3906 56.2257 4
    endloop
  endfacet
  facet normal 0 0 -1
    outer loop
      vertex 74.5589 55.038 4
      vertex 75.3906 56.2257 4
      vertex 74.6456 54.9684 4
    endloop
  endfacet
  facet normal -0 0 -1
    outer loop
      vertex 75.3906 56.2257 4
      vertex 74.5589 55.038 4
      vertex 75.1334 56.3818 4
    endloop
  endfacet
  facet normal 0 0 -1
    outer loop
      vertex 74.4639 55.0956 4
      vertex 75.1334 56.3818 4
      vertex 74.5589 55.038 4
    endloop
  endfacet
  facet normal -0 0 -1
    outer loop
      vertex 75.1334 56.3818 4
      vertex 74.4639 55.0956 4
      vertex 74.858 56.503 4
    endloop
  endfacet
  facet normal 0 0 -1
    outer loop
      vertex 74.3621 55.1404 4
      vertex 74.858 56.503 4
      vertex 74.4639 55.0956 4
    endloop
  endfacet
  facet normal -0 0 -1
    outer loop
      vertex 74.858 56.503 4
      vertex 74.3621 55.1404 4
      vertex 74.5692 56.5872 4
    endloop
  endfacet
  facet normal 0 0 -1
    outer loop
      vertex 74.2553 55.1715 4
      vertex 74.5692 56.5872 4
      vertex 74.3621 55.1404 4
    endloop
  endfacet
  facet normal -0 0 -1
    outer loop
      vertex 74.5692 56.5872 4
      vertex 74.2553 55.1715 4
      vertex 74.2718 56.6329 4
    endloop
  endfacet
  facet normal 0 0 -1
    outer loop
      vertex 74.1455 55.1884 4
      vertex 74.2718 56.6329 4
      vertex 74.2553 55.1715 4
    endloop
  endfacet
  facet normal 0 0 -1
    outer loop
      vertex 74.0343 55.1909 4
      vertex 74.2718 56.6329 4
      vertex 74.1455 55.1884 4
    endloop
  endfacet
  facet normal 0 0 -1
    outer loop
      vertex 74.0343 55.1909 4
      vertex 73.971 56.6395 4
      vertex 74.2718 56.6329 4
    endloop
  endfacet
  facet normal 0 0 -1
    outer loop
      vertex 73.9238 55.1788 4
      vertex 73.971 56.6395 4
      vertex 74.0343 55.1909 4
    endloop
  endfacet
  facet normal 0 0 -1
    outer loop
      vertex 73.672 56.6067 4
      vertex 73.9238 55.1788 4
      vertex 73.8158 55.1523 4
    endloop
  endfacet
  facet normal 0 0 -1
    outer loop
      vertex 73.3798 56.5352 4
      vertex 73.8158 55.1523 4
      vertex 73.7122 55.112 4
    endloop
  endfacet
  facet normal 0 0 -1
    outer loop
      vertex 73.9238 55.1788 4
      vertex 73.672 56.6067 4
      vertex 73.971 56.6395 4
    endloop
  endfacet
  facet normal 0 0 -1
    outer loop
      vertex 73.0993 56.4262 4
      vertex 73.7122 55.112 4
      vertex 73.6147 55.0586 4
    endloop
  endfacet
  facet normal 0 0 -1
    outer loop
      vertex 73.0993 56.4262 4
      vertex 73.6147 55.0586 4
      vertex 73.525 54.9928 4
    endloop
  endfacet
  facet normal 0 0 -1
    outer loop
      vertex 73.0993 56.4262 4
      vertex 73.525 54.9928 4
      vertex 73.4447 54.9159 4
    endloop
  endfacet
  facet normal 0 0 -1
    outer loop
      vertex 73.8158 55.1523 4
      vertex 73.3798 56.5352 4
      vertex 73.672 56.6067 4
    endloop
  endfacet
  facet normal 0 0 -1
    outer loop
      vertex 73.0993 56.4262 4
      vertex 73.4447 54.9159 4
      vertex 73.3751 54.8292 4
    endloop
  endfacet
  facet normal 0 0 -1
    outer loop
      vertex 73.0993 56.4262 4
      vertex 73.3751 54.8292 4
      vertex 73.3174 54.7342 4
    endloop
  endfacet
  facet normal 0 0 -1
    outer loop
      vertex 73.0993 56.4262 4
      vertex 73.3174 54.7342 4
      vertex 73.2726 54.6324 4
    endloop
  endfacet
  facet normal 0 0 -1
    outer loop
      vertex 73.0993 56.4262 4
      vertex 73.2726 54.6324 4
      vertex 73.2415 54.5257 4
    endloop
  endfacet
  facet normal 0 0 -1
    outer loop
      vertex 73.0993 56.4262 4
      vertex 73.2415 54.5257 4
      vertex 73.2246 54.4158 4
    endloop
  endfacet
  facet normal 0 0 -1
    outer loop
      vertex 73.7122 55.112 4
      vertex 73.0993 56.4262 4
      vertex 73.3798 56.5352 4
    endloop
  endfacet
  facet normal 0 0 -1
    outer loop
      vertex 73.0993 56.4262 4
      vertex 73.2246 54.4158 4
      vertex 73.2222 54.3046 4
    endloop
  endfacet
  facet normal -0.481063 0.876686 0
    outer loop
      vertex 73.0993 56.4262 4
      vertex 72.8356 56.2815 6
      vertex 73.0993 56.4262 6
    endloop
  endfacet
  facet normal -0.481063 0.876686 0
    outer loop
      vertex 72.8356 56.2815 6
      vertex 73.0993 56.4262 4
      vertex 72.8356 56.2815 4
    endloop
  endfacet
  facet normal 0.518839 0.854872 -0
    outer loop
      vertex 75.3906 56.2257 4
      vertex 75.1334 56.3818 6
      vertex 75.3906 56.2257 6
    endloop
  endfacet
  facet normal 0.518839 0.854872 0
    outer loop
      vertex 75.1334 56.3818 6
      vertex 75.3906 56.2257 4
      vertex 75.1334 56.3818 4
    endloop
  endfacet
  facet normal -0.402928 -0.915232 0
    outer loop
      vertex 73.0094 52.3016 4
      vertex 73.2847 52.1804 6
      vertex 73.0094 52.3016 6
    endloop
  endfacet
  facet normal -0.402928 -0.915232 -0
    outer loop
      vertex 73.2847 52.1804 6
      vertex 73.0094 52.3016 4
      vertex 73.2847 52.1804 4
    endloop
  endfacet
  facet normal 0.0219362 0.999759 -0
    outer loop
      vertex 74.2718 56.6329 4
      vertex 73.971 56.6395 6
      vertex 74.2718 56.6329 6
    endloop
  endfacet
  facet normal 0.0219362 0.999759 0
    outer loop
      vertex 73.971 56.6395 6
      vertex 74.2718 56.6329 4
      vertex 73.971 56.6395 4
    endloop
  endfacet
  facet normal 0.994041 0.109009 0
    outer loop
      vertex 76.3692 54.442 6
      vertex 76.3364 54.7411 4
      vertex 76.3364 54.7411 6
    endloop
  endfacet
  facet normal 0.994041 0.109009 0
    outer loop
      vertex 76.3364 54.7411 4
      vertex 76.3692 54.442 6
      vertex 76.3692 54.442 4
    endloop
  endfacet
  facet normal 0.960056 -0.279809 0
    outer loop
      vertex 76.2327 53.555 6
      vertex 76.3169 53.8439 4
      vertex 76.3169 53.8439 6
    endloop
  endfacet
  facet normal 0.960056 -0.279809 0
    outer loop
      vertex 76.3169 53.8439 4
      vertex 76.2327 53.555 6
      vertex 76.2327 53.555 4
    endloop
  endfacet
  facet normal -0.237683 0.971343 0
    outer loop
      vertex 73.672 56.6067 4
      vertex 73.3798 56.5352 6
      vertex 73.672 56.6067 6
    endloop
  endfacet
  facet normal -0.237683 0.971343 0
    outer loop
      vertex 73.3798 56.5352 6
      vertex 73.672 56.6067 4
      vertex 73.3798 56.5352 4
    endloop
  endfacet
  facet normal 0.480923 -0.876763 0
    outer loop
      vertex 75.0434 52.2572 4
      vertex 75.3072 52.4019 6
      vertex 75.0434 52.2572 6
    endloop
  endfacet
  facet normal 0.480923 -0.876763 0
    outer loop
      vertex 75.3072 52.4019 6
      vertex 75.0434 52.2572 4
      vertex 75.3072 52.4019 4
    endloop
  endfacet
  facet normal -0.021604 -0.999767 0
    outer loop
      vertex 73.8709 52.0504 4
      vertex 74.1717 52.0439 6
      vertex 73.8709 52.0504 6
    endloop
  endfacet
  facet normal -0.021604 -0.999767 -0
    outer loop
      vertex 74.1717 52.0439 6
      vertex 73.8709 52.0504 4
      vertex 74.1717 52.0439 4
    endloop
  endfacet
  facet normal 0.279898 0.96003 -0
    outer loop
      vertex 74.858 56.503 4
      vertex 74.5692 56.5872 6
      vertex 74.858 56.503 6
    endloop
  endfacet
  facet normal 0.279898 0.96003 0
    outer loop
      vertex 74.5692 56.5872 6
      vertex 74.858 56.503 4
      vertex 74.5692 56.5872 4
    endloop
  endfacet
  facet normal -0.109045 0.994037 0
    outer loop
      vertex 73.971 56.6395 4
      vertex 73.672 56.6067 6
      vertex 73.971 56.6395 6
    endloop
  endfacet
  facet normal -0.109045 0.994037 0
    outer loop
      vertex 73.672 56.6067 6
      vertex 73.971 56.6395 4
      vertex 73.672 56.6067 4
    endloop
  endfacet
  facet normal -0.591349 0.806416 0
    outer loop
      vertex 72.8356 56.2815 4
      vertex 72.593 56.1036 6
      vertex 72.8356 56.2815 6
    endloop
  endfacet
  facet normal -0.591349 0.806416 0
    outer loop
      vertex 72.593 56.1036 6
      vertex 72.8356 56.2815 4
      vertex 72.593 56.1036 4
    endloop
  endfacet
  facet normal -0.279809 -0.960056 0
    outer loop
      vertex 73.2847 52.1804 4
      vertex 73.5736 52.0962 6
      vertex 73.2847 52.1804 6
    endloop
  endfacet
  facet normal -0.279809 -0.960056 -0
    outer loop
      vertex 73.5736 52.0962 6
      vertex 73.2847 52.1804 4
      vertex 73.5736 52.0962 4
    endloop
  endfacet
  facet normal 0.999759 -0.0219362 0
    outer loop
      vertex 76.3626 54.1412 6
      vertex 76.3692 54.442 4
      vertex 76.3692 54.442 6
    endloop
  endfacet
  facet normal 0.999759 -0.0219362 0
    outer loop
      vertex 76.3692 54.442 4
      vertex 76.3626 54.1412 6
      vertex 76.3626 54.1412 4
    endloop
  endfacet
  facet normal -0.971343 -0.237683 0
    outer loop
      vertex 71.8778 53.6501 4
      vertex 71.8063 53.9423 6
      vertex 71.8063 53.9423 4
    endloop
  endfacet
  facet normal -0.971343 -0.237683 0
    outer loop
      vertex 71.8063 53.9423 6
      vertex 71.8778 53.6501 4
      vertex 71.8778 53.6501 6
    endloop
  endfacet
  facet normal 0.691479 -0.722396 0
    outer loop
      vertex 75.5498 52.5798 4
      vertex 75.7671 52.7878 6
      vertex 75.5498 52.5798 6
    endloop
  endfacet
  facet normal 0.691479 -0.722396 0
    outer loop
      vertex 75.7671 52.7878 6
      vertex 75.5498 52.5798 4
      vertex 75.7671 52.7878 4
    endloop
  endfacet
  facet normal -0.625951 -0.779862 0
    outer loop
      vertex 72.5175 52.6459 4
      vertex 72.7521 52.4576 6
      vertex 72.5175 52.6459 6
    endloop
  endfacet
  facet normal -0.625951 -0.779862 -0
    outer loop
      vertex 72.7521 52.4576 6
      vertex 72.5175 52.6459 4
      vertex 72.7521 52.4576 4
    endloop
  endfacet
  facet normal -0.722555 -0.691313 0
    outer loop
      vertex 72.5175 52.6459 4
      vertex 72.3095 52.8633 6
      vertex 72.3095 52.8633 4
    endloop
  endfacet
  facet normal -0.722555 -0.691313 0
    outer loop
      vertex 72.3095 52.8633 6
      vertex 72.5175 52.6459 4
      vertex 72.5175 52.6459 6
    endloop
  endfacet
  facet normal 0.854872 -0.518839 0
    outer loop
      vertex 75.9554 53.0225 6
      vertex 76.1115 53.2797 4
      vertex 76.1115 53.2797 6
    endloop
  endfacet
  facet normal 0.854872 -0.518839 0
    outer loop
      vertex 76.1115 53.2797 4
      vertex 75.9554 53.0225 6
      vertex 75.9554 53.0225 4
    endloop
  endfacet
  facet normal 0.625951 0.779862 -0
    outer loop
      vertex 75.6252 56.0374 4
      vertex 75.3906 56.2257 6
      vertex 75.6252 56.0374 6
    endloop
  endfacet
  facet normal 0.625951 0.779862 0
    outer loop
      vertex 75.3906 56.2257 6
      vertex 75.6252 56.0374 4
      vertex 75.3906 56.2257 4
    endloop
  endfacet
  facet normal 0.779993 -0.625789 0
    outer loop
      vertex 75.7671 52.7878 6
      vertex 75.9554 53.0225 4
      vertex 75.9554 53.0225 6
    endloop
  endfacet
  facet normal 0.779993 -0.625789 0
    outer loop
      vertex 75.9554 53.0225 4
      vertex 75.7671 52.7878 6
      vertex 75.7671 52.7878 4
    endloop
  endfacet
  facet normal -0.876763 -0.480923 0
    outer loop
      vertex 72.1316 53.1059 4
      vertex 71.9869 53.3697 6
      vertex 71.9869 53.3697 4
    endloop
  endfacet
  facet normal -0.876763 -0.480923 0
    outer loop
      vertex 71.9869 53.3697 6
      vertex 72.1316 53.1059 4
      vertex 72.1316 53.1059 6
    endloop
  endfacet
  facet normal 0.915232 -0.402928 0
    outer loop
      vertex 76.1115 53.2797 6
      vertex 76.2327 53.555 4
      vertex 76.2327 53.555 6
    endloop
  endfacet
  facet normal 0.915232 -0.402928 0
    outer loop
      vertex 76.2327 53.555 4
      vertex 76.1115 53.2797 6
      vertex 76.1115 53.2797 4
    endloop
  endfacet
  facet normal -0.806416 -0.591349 0
    outer loop
      vertex 72.3095 52.8633 4
      vertex 72.1316 53.1059 6
      vertex 72.1316 53.1059 4
    endloop
  endfacet
  facet normal -0.806416 -0.591349 0
    outer loop
      vertex 72.1316 53.1059 6
      vertex 72.3095 52.8633 4
      vertex 72.3095 52.8633 6
    endloop
  endfacet
  facet normal 0.362607 -0.931942 0
    outer loop
      vertex 74.763 52.1481 4
      vertex 75.0434 52.2572 6
      vertex 74.763 52.1481 6
    endloop
  endfacet
  facet normal 0.362607 -0.931942 0
    outer loop
      vertex 75.0434 52.2572 6
      vertex 74.763 52.1481 4
      vertex 75.0434 52.2572 4
    endloop
  endfacet
  facet normal 0.10868 -0.994077 0
    outer loop
      vertex 74.1717 52.0439 4
      vertex 74.4708 52.0766 6
      vertex 74.1717 52.0439 6
    endloop
  endfacet
  facet normal 0.10868 -0.994077 0
    outer loop
      vertex 74.4708 52.0766 6
      vertex 74.1717 52.0439 4
      vertex 74.4708 52.0766 4
    endloop
  endfacet
  facet normal 0.591349 -0.806416 0
    outer loop
      vertex 75.3072 52.4019 4
      vertex 75.5498 52.5798 6
      vertex 75.3072 52.4019 6
    endloop
  endfacet
  facet normal 0.591349 -0.806416 0
    outer loop
      vertex 75.5498 52.5798 6
      vertex 75.3072 52.4019 4
      vertex 75.5498 52.5798 4
    endloop
  endfacet
  facet normal -0.362206 0.932098 0
    outer loop
      vertex 73.3798 56.5352 4
      vertex 73.0993 56.4262 6
      vertex 73.3798 56.5352 6
    endloop
  endfacet
  facet normal -0.362206 0.932098 0
    outer loop
      vertex 73.0993 56.4262 6
      vertex 73.3798 56.5352 4
      vertex 73.0993 56.4262 4
    endloop
  endfacet
  facet normal -0.518449 -0.855109 0
    outer loop
      vertex 72.7521 52.4576 4
      vertex 73.0094 52.3016 6
      vertex 72.7521 52.4576 6
    endloop
  endfacet
  facet normal -0.518449 -0.855109 -0
    outer loop
      vertex 73.0094 52.3016 6
      vertex 72.7521 52.4576 4
      vertex 73.0094 52.3016 4
    endloop
  endfacet
  facet normal -0.691487 0.722389 0
    outer loop
      vertex 72.593 56.1036 4
      vertex 72.3756 55.8955 6
      vertex 72.593 56.1036 6
    endloop
  endfacet
  facet normal -0.691487 0.722389 0
    outer loop
      vertex 72.3756 55.8955 6
      vertex 72.593 56.1036 4
      vertex 72.3756 55.8955 4
    endloop
  endfacet
  facet normal 0.151882 0.988399 -0
    outer loop
      vertex 74.5692 56.5872 4
      vertex 74.2718 56.6329 6
      vertex 74.5692 56.5872 6
    endloop
  endfacet
  facet normal 0.151882 0.988399 0
    outer loop
      vertex 74.2718 56.6329 6
      vertex 74.5692 56.5872 4
      vertex 74.2718 56.6329 4
    endloop
  endfacet
  facet normal 0.237683 -0.971343 0
    outer loop
      vertex 74.4708 52.0766 4
      vertex 74.763 52.1481 6
      vertex 74.4708 52.0766 6
    endloop
  endfacet
  facet normal 0.237683 -0.971343 0
    outer loop
      vertex 74.763 52.1481 6
      vertex 74.4708 52.0766 4
      vertex 74.763 52.1481 4
    endloop
  endfacet
  facet normal 0.806416 0.591349 0
    outer loop
      vertex 76.0112 55.5775 6
      vertex 75.8333 55.8201 4
      vertex 75.8333 55.8201 6
    endloop
  endfacet
  facet normal 0.806416 0.591349 0
    outer loop
      vertex 75.8333 55.8201 4
      vertex 76.0112 55.5775 6
      vertex 76.0112 55.5775 4
    endloop
  endfacet
  facet normal 0.932055 0.362318 0
    outer loop
      vertex 76.2649 55.0333 6
      vertex 76.1559 55.3137 4
      vertex 76.1559 55.3137 6
    endloop
  endfacet
  facet normal 0.932055 0.362318 0
    outer loop
      vertex 76.1559 55.3137 4
      vertex 76.2649 55.0333 6
      vertex 76.2649 55.0333 4
    endloop
  endfacet
  facet normal -0.854872 0.518839 0
    outer loop
      vertex 72.0312 55.4037 4
      vertex 72.1873 55.6609 6
      vertex 72.1873 55.6609 4
    endloop
  endfacet
  facet normal -0.854872 0.518839 0
    outer loop
      vertex 72.1873 55.6609 6
      vertex 72.0312 55.4037 4
      vertex 72.0312 55.4037 6
    endloop
  endfacet
  facet normal -0.779862 0.625951 0
    outer loop
      vertex 72.1873 55.6609 4
      vertex 72.3756 55.8955 6
      vertex 72.3756 55.8955 4
    endloop
  endfacet
  facet normal -0.779862 0.625951 0
    outer loop
      vertex 72.3756 55.8955 6
      vertex 72.1873 55.6609 4
      vertex 72.1873 55.6609 6
    endloop
  endfacet
  facet normal 0.876763 0.480923 0
    outer loop
      vertex 76.1559 55.3137 6
      vertex 76.0112 55.5775 4
      vertex 76.0112 55.5775 6
    endloop
  endfacet
  facet normal 0.876763 0.480923 0
    outer loop
      vertex 76.0112 55.5775 4
      vertex 76.1559 55.3137 6
      vertex 76.1559 55.3137 4
    endloop
  endfacet
  facet normal 0.971343 0.237683 0
    outer loop
      vertex 76.3364 54.7411 6
      vertex 76.2649 55.0333 4
      vertex 76.2649 55.0333 6
    endloop
  endfacet
  facet normal 0.971343 0.237683 0
    outer loop
      vertex 76.2649 55.0333 4
      vertex 76.3364 54.7411 6
      vertex 76.3364 54.7411 4
    endloop
  endfacet
  facet normal 0.72223 0.691653 0
    outer loop
      vertex 75.8333 55.8201 6
      vertex 75.6252 56.0374 4
      vertex 75.6252 56.0374 6
    endloop
  endfacet
  facet normal 0.72223 0.691653 0
    outer loop
      vertex 75.6252 56.0374 4
      vertex 75.8333 55.8201 6
      vertex 75.8333 55.8201 4
    endloop
  endfacet
  facet normal -0.999729 0.0232727 0
    outer loop
      vertex 106.139 -11.0835 4
      vertex 106.146 -10.7828 6
      vertex 106.146 -10.7828 4
    endloop
  endfacet
  facet normal -0.999729 0.0232727 0
    outer loop
      vertex 106.146 -10.7828 6
      vertex 106.139 -11.0835 4
      vertex 106.139 -11.0835 6
    endloop
  endfacet
  facet normal -0.993969 -0.109666 0
    outer loop
      vertex 106.172 -11.3826 4
      vertex 106.139 -11.0835 6
      vertex 106.139 -11.0835 4
    endloop
  endfacet
  facet normal -0.993969 -0.109666 0
    outer loop
      vertex 106.139 -11.0835 6
      vertex 106.172 -11.3826 4
      vertex 106.172 -11.3826 6
    endloop
  endfacet
  facet normal -0.988248 0.152856 0
    outer loop
      vertex 106.146 -10.7828 4
      vertex 106.192 -10.4854 6
      vertex 106.192 -10.4854 4
    endloop
  endfacet
  facet normal -0.988248 0.152856 0
    outer loop
      vertex 106.192 -10.4854 6
      vertex 106.146 -10.7828 4
      vertex 106.146 -10.7828 6
    endloop
  endfacet
  facet normal 0.993969 0.109666 0
    outer loop
      vertex 110.735 -10.8829 6
      vertex 110.702 -10.5838 4
      vertex 110.702 -10.5838 6
    endloop
  endfacet
  facet normal 0.993969 0.109666 0
    outer loop
      vertex 110.702 -10.5838 4
      vertex 110.735 -10.8829 6
      vertex 110.735 -10.8829 4
    endloop
  endfacet
  facet normal -0.480669 0.876902 0
    outer loop
      vertex 107.465 -8.89871 4
      vertex 107.201 -9.04342 6
      vertex 107.465 -8.89871 6
    endloop
  endfacet
  facet normal -0.480669 0.876902 0
    outer loop
      vertex 107.201 -9.04342 6
      vertex 107.465 -8.89871 4
      vertex 107.201 -9.04342 4
    endloop
  endfacet
  facet normal -0.806257 -0.591565 0
    outer loop
      vertex 106.675 -12.4616 4
      vertex 106.497 -12.219 6
      vertex 106.497 -12.219 4
    endloop
  endfacet
  facet normal -0.806257 -0.591565 0
    outer loop
      vertex 106.497 -12.219 6
      vertex 106.675 -12.4616 4
      vertex 106.675 -12.4616 6
    endloop
  endfacet
  facet normal -0.592301 0.805716 0
    outer loop
      vertex 107.201 -9.04342 4
      vertex 106.959 -9.22132 6
      vertex 107.201 -9.04342 6
    endloop
  endfacet
  facet normal -0.592301 0.805716 0
    outer loop
      vertex 106.959 -9.22132 6
      vertex 107.201 -9.04342 4
      vertex 106.959 -9.22132 4
    endloop
  endfacet
  facet normal -0.237102 0.971485 0
    outer loop
      vertex 108.038 -8.71816 4
      vertex 107.745 -8.78967 6
      vertex 108.038 -8.71816 6
    endloop
  endfacet
  facet normal -0.237102 0.971485 0
    outer loop
      vertex 107.745 -8.78967 6
      vertex 108.038 -8.71816 4
      vertex 107.745 -8.78967 4
    endloop
  endfacet
  facet normal 0.999729 -0.023265 0
    outer loop
      vertex 110.728 -11.1837 6
      vertex 110.735 -10.8829 4
      vertex 110.735 -10.8829 6
    endloop
  endfacet
  facet normal 0.999729 -0.023265 0
    outer loop
      vertex 110.735 -10.8829 4
      vertex 110.728 -11.1837 6
      vertex 110.728 -11.1837 4
    endloop
  endfacet
  facet normal -0.915531 0.402248 0
    outer loop
      vertex 106.276 -10.1966 4
      vertex 106.397 -9.9212 6
      vertex 106.397 -9.9212 4
    endloop
  endfacet
  facet normal -0.915531 0.402248 0
    outer loop
      vertex 106.397 -9.9212 6
      vertex 106.276 -10.1966 4
      vertex 106.276 -10.1966 6
    endloop
  endfacet
  facet normal -0.960208 0.279285 0
    outer loop
      vertex 106.192 -10.4854 4
      vertex 106.276 -10.1966 6
      vertex 106.276 -10.1966 4
    endloop
  endfacet
  facet normal -0.960208 0.279285 0
    outer loop
      vertex 106.276 -10.1966 6
      vertex 106.192 -10.4854 4
      vertex 106.192 -10.4854 6
    endloop
  endfacet
  facet normal -0.877743 -0.479132 0
    outer loop
      vertex 106.497 -12.219 4
      vertex 106.353 -11.9552 6
      vertex 106.353 -11.9552 4
    endloop
  endfacet
  facet normal -0.877743 -0.479132 0
    outer loop
      vertex 106.353 -11.9552 6
      vertex 106.497 -12.219 4
      vertex 106.497 -12.219 6
    endloop
  endfacet
  facet normal 0.960234 -0.279196 0
    outer loop
      vertex 110.598 -11.7699 6
      vertex 110.682 -11.481 4
      vertex 110.682 -11.481 6
    endloop
  endfacet
  facet normal 0.960234 -0.279196 0
    outer loop
      vertex 110.682 -11.481 4
      vertex 110.598 -11.7699 6
      vertex 110.598 -11.7699 4
    endloop
  endfacet
  facet normal 0.692146 -0.721757 0
    outer loop
      vertex 110.094 -12.5745 4
      vertex 110.133 -12.5371 6
      vertex 110.094 -12.5745 6
    endloop
  endfacet
  facet normal 0.692146 -0.721757 0
    outer loop
      vertex 110.133 -12.5371 6
      vertex 110.094 -12.5745 4
      vertex 110.133 -12.5371 4
    endloop
  endfacet
  facet normal -0.151908 -0.988395 0
    outer loop
      vertex 107.939 -13.2287 4
      vertex 108.237 -13.2745 6
      vertex 107.939 -13.2287 6
    endloop
  endfacet
  facet normal -0.151908 -0.988395 -0
    outer loop
      vertex 108.237 -13.2745 6
      vertex 107.939 -13.2287 4
      vertex 108.237 -13.2745 4
    endloop
  endfacet
  facet normal 0.279689 0.960091 -0
    outer loop
      vertex 109.224 -8.82193 4
      vertex 108.935 -8.73774 6
      vertex 109.224 -8.82193 6
    endloop
  endfacet
  facet normal 0.279689 0.960091 0
    outer loop
      vertex 108.935 -8.73774 6
      vertex 109.224 -8.82193 4
      vertex 108.935 -8.73774 4
    endloop
  endfacet
  facet normal 0.0218614 0.999761 -0
    outer loop
      vertex 108.637 -8.69197 4
      vertex 108.337 -8.68541 6
      vertex 108.637 -8.69197 6
    endloop
  endfacet
  facet normal 0.0218614 0.999761 0
    outer loop
      vertex 108.337 -8.68541 6
      vertex 108.637 -8.69197 4
      vertex 108.337 -8.68541 4
    endloop
  endfacet
  facet normal -0.722555 -0.691313 0
    outer loop
      vertex 106.883 -12.679 4
      vertex 106.675 -12.4616 6
      vertex 106.675 -12.4616 4
    endloop
  endfacet
  facet normal -0.722555 -0.691313 0
    outer loop
      vertex 106.675 -12.4616 6
      vertex 106.883 -12.679 4
      vertex 106.883 -12.679 6
    endloop
  endfacet
  facet normal 0.403185 0.915119 -0
    outer loop
      vertex 109.499 -8.94309 4
      vertex 109.224 -8.82193 6
      vertex 109.499 -8.94309 6
    endloop
  endfacet
  facet normal 0.403185 0.915119 0
    outer loop
      vertex 109.224 -8.82193 6
      vertex 109.499 -8.94309 4
      vertex 109.224 -8.82193 4
    endloop
  endfacet
  facet normal 0.932055 0.362318 0
    outer loop
      vertex 110.631 -10.2916 6
      vertex 110.522 -10.0112 4
      vertex 110.522 -10.0112 6
    endloop
  endfacet
  facet normal 0.932055 0.362318 0
    outer loop
      vertex 110.522 -10.0112 4
      vertex 110.631 -10.2916 6
      vertex 110.631 -10.2916 4
    endloop
  endfacet
  facet normal -0.930929 -0.3652 0
    outer loop
      vertex 106.353 -11.9552 4
      vertex 106.243 -11.6748 6
      vertex 106.243 -11.6748 4
    endloop
  endfacet
  facet normal -0.930929 -0.3652 0
    outer loop
      vertex 106.243 -11.6748 6
      vertex 106.353 -11.9552 4
      vertex 106.353 -11.9552 6
    endloop
  endfacet
  facet normal 0.15181 0.98841 -0
    outer loop
      vertex 108.935 -8.73774 4
      vertex 108.637 -8.69197 6
      vertex 108.935 -8.73774 6
    endloop
  endfacet
  facet normal 0.15181 0.98841 0
    outer loop
      vertex 108.637 -8.69197 6
      vertex 108.935 -8.73774 4
      vertex 108.637 -8.69197 4
    endloop
  endfacet
  facet normal 0.876319 0.481731 0
    outer loop
      vertex 110.522 -10.0112 6
      vertex 110.377 -9.74743 4
      vertex 110.377 -9.74743 6
    endloop
  endfacet
  facet normal 0.876319 0.481731 0
    outer loop
      vertex 110.377 -9.74743 4
      vertex 110.522 -10.0112 6
      vertex 110.522 -10.0112 4
    endloop
  endfacet
  facet normal -0.0216166 -0.999766 0
    outer loop
      vertex 108.237 -13.2745 4
      vertex 108.348 -13.2769 6
      vertex 108.237 -13.2745 6
    endloop
  endfacet
  facet normal -0.0216166 -0.999766 -0
    outer loop
      vertex 108.348 -13.2769 6
      vertex 108.237 -13.2745 4
      vertex 108.348 -13.2769 4
    endloop
  endfacet
  facet normal 0.519086 0.854722 -0
    outer loop
      vertex 109.756 -9.09917 4
      vertex 109.499 -8.94309 6
      vertex 109.756 -9.09917 6
    endloop
  endfacet
  facet normal 0.519086 0.854722 0
    outer loop
      vertex 109.499 -8.94309 6
      vertex 109.756 -9.09917 4
      vertex 109.499 -8.94309 4
    endloop
  endfacet
  facet normal -0.279719 -0.960082 0
    outer loop
      vertex 107.65 -13.1445 4
      vertex 107.939 -13.2287 6
      vertex 107.65 -13.1445 6
    endloop
  endfacet
  facet normal -0.279719 -0.960082 -0
    outer loop
      vertex 107.939 -13.2287 6
      vertex 107.65 -13.1445 4
      vertex 107.939 -13.2287 4
    endloop
  endfacet
  facet normal 0.915477 -0.402371 0
    outer loop
      vertex 110.477 -12.0452 6
      vertex 110.598 -11.7699 4
      vertex 110.598 -11.7699 6
    endloop
  endfacet
  facet normal 0.915477 -0.402371 0
    outer loop
      vertex 110.598 -11.7699 4
      vertex 110.477 -12.0452 6
      vertex 110.477 -12.0452 4
    endloop
  endfacet
  facet normal -0.971725 -0.236114 0
    outer loop
      vertex 106.243 -11.6748 4
      vertex 106.172 -11.3826 6
      vertex 106.172 -11.3826 4
    endloop
  endfacet
  facet normal -0.971725 -0.236114 0
    outer loop
      vertex 106.172 -11.3826 6
      vertex 106.243 -11.6748 4
      vertex 106.243 -11.6748 6
    endloop
  endfacet
  facet normal 0 0 -1
    outer loop
      vertex 109.286 -10.9461 4
      vertex 110.735 -10.8829 4
      vertex 110.728 -11.1837 4
    endloop
  endfacet
  facet normal 0 0 -1
    outer loop
      vertex 109.284 -11.0573 4
      vertex 110.728 -11.1837 4
      vertex 110.682 -11.481 4
    endloop
  endfacet
  facet normal -0 0 -1
    outer loop
      vertex 110.735 -10.8829 4
      vertex 109.286 -10.9461 4
      vertex 110.702 -10.5838 4
    endloop
  endfacet
  facet normal 0 0 -1
    outer loop
      vertex 109.267 -11.1672 4
      vertex 110.682 -11.481 4
      vertex 110.598 -11.7699 4
    endloop
  endfacet
  facet normal 0 0 -1
    outer loop
      vertex 109.274 -10.8356 4
      vertex 110.702 -10.5838 4
      vertex 109.286 -10.9461 4
    endloop
  endfacet
  facet normal 0 0 -1
    outer loop
      vertex 109.236 -11.2739 4
      vertex 110.598 -11.7699 4
      vertex 110.477 -12.0452 4
    endloop
  endfacet
  facet normal -0 0 -1
    outer loop
      vertex 110.702 -10.5838 4
      vertex 109.274 -10.8356 4
      vertex 110.631 -10.2916 4
    endloop
  endfacet
  facet normal 0 0 -1
    outer loop
      vertex 109.191 -11.3757 4
      vertex 110.477 -12.0452 4
      vertex 110.321 -12.3024 4
    endloop
  endfacet
  facet normal 0 0 -1
    outer loop
      vertex 109.248 -10.7276 4
      vertex 110.631 -10.2916 4
      vertex 109.274 -10.8356 4
    endloop
  endfacet
  facet normal 0 0 -1
    outer loop
      vertex 109.133 -11.4708 4
      vertex 110.321 -12.3024 4
      vertex 110.133 -12.5371 4
    endloop
  endfacet
  facet normal 0 0 -1
    outer loop
      vertex 109.064 -11.5575 4
      vertex 110.133 -12.5371 4
      vertex 110.094 -12.5745 4
    endloop
  endfacet
  facet normal 0 0 -1
    outer loop
      vertex 110.728 -11.1837 4
      vertex 109.284 -11.0573 4
      vertex 109.286 -10.9461 4
    endloop
  endfacet
  facet normal 0 0 -1
    outer loop
      vertex 109.207 -10.624 4
      vertex 110.522 -10.0112 4
      vertex 109.248 -10.7276 4
    endloop
  endfacet
  facet normal -0 0 -1
    outer loop
      vertex 110.522 -10.0112 4
      vertex 109.207 -10.624 4
      vertex 110.377 -9.74743 4
    endloop
  endfacet
  facet normal 0 0 -1
    outer loop
      vertex 109.154 -10.5265 4
      vertex 110.377 -9.74743 4
      vertex 109.207 -10.624 4
    endloop
  endfacet
  facet normal -0 0 -1
    outer loop
      vertex 110.631 -10.2916 4
      vertex 109.248 -10.7276 4
      vertex 110.522 -10.0112 4
    endloop
  endfacet
  facet normal 0 0 -1
    outer loop
      vertex 110.682 -11.481 4
      vertex 109.267 -11.1672 4
      vertex 109.284 -11.0573 4
    endloop
  endfacet
  facet normal 0 0 -1
    outer loop
      vertex 110.598 -11.7699 4
      vertex 109.236 -11.2739 4
      vertex 109.267 -11.1672 4
    endloop
  endfacet
  facet normal 0 0 -1
    outer loop
      vertex 110.477 -12.0452 4
      vertex 109.191 -11.3757 4
      vertex 109.236 -11.2739 4
    endloop
  endfacet
  facet normal 0 0 -1
    outer loop
      vertex 110.321 -12.3024 4
      vertex 109.133 -11.4708 4
      vertex 109.191 -11.3757 4
    endloop
  endfacet
  facet normal 0 0 -1
    outer loop
      vertex 110.133 -12.5371 4
      vertex 109.064 -11.5575 4
      vertex 109.133 -11.4708 4
    endloop
  endfacet
  facet normal 0 0 -1
    outer loop
      vertex 110.094 -12.5745 4
      vertex 108.983 -11.6344 4
      vertex 109.064 -11.5575 4
    endloop
  endfacet
  facet normal 0 0 -1
    outer loop
      vertex 110.094 -12.5745 4
      vertex 108.894 -11.7001 4
      vertex 108.983 -11.6344 4
    endloop
  endfacet
  facet normal 0 0 -1
    outer loop
      vertex 110.094 -12.5745 4
      vertex 108.796 -11.7536 4
      vertex 108.894 -11.7001 4
    endloop
  endfacet
  facet normal 0 0 -1
    outer loop
      vertex 108.348 -13.2769 4
      vertex 108.796 -11.7536 4
      vertex 110.094 -12.5745 4
    endloop
  endfacet
  facet normal 0 0 -1
    outer loop
      vertex 108.796 -11.7536 4
      vertex 108.348 -13.2769 4
      vertex 108.693 -11.7939 4
    endloop
  endfacet
  facet normal 0 0 -1
    outer loop
      vertex 108.693 -11.7939 4
      vertex 108.348 -13.2769 4
      vertex 108.585 -11.8203 4
    endloop
  endfacet
  facet normal 0 0 -1
    outer loop
      vertex 108.585 -11.8203 4
      vertex 108.348 -13.2769 4
      vertex 108.474 -11.8324 4
    endloop
  endfacet
  facet normal -0 0 -1
    outer loop
      vertex 108.474 -11.8324 4
      vertex 108.348 -13.2769 4
      vertex 108.363 -11.83 4
    endloop
  endfacet
  facet normal 0 0 -1
    outer loop
      vertex 108.237 -13.2745 4
      vertex 108.363 -11.83 4
      vertex 108.348 -13.2769 4
    endloop
  endfacet
  facet normal -0 0 -1
    outer loop
      vertex 108.363 -11.83 4
      vertex 108.237 -13.2745 4
      vertex 108.253 -11.8131 4
    endloop
  endfacet
  facet normal 0 0 -1
    outer loop
      vertex 107.939 -13.2287 4
      vertex 108.253 -11.8131 4
      vertex 108.237 -13.2745 4
    endloop
  endfacet
  facet normal -0 0 -1
    outer loop
      vertex 108.253 -11.8131 4
      vertex 107.939 -13.2287 4
      vertex 108.146 -11.782 4
    endloop
  endfacet
  facet normal 0 0 -1
    outer loop
      vertex 107.65 -13.1445 4
      vertex 108.146 -11.782 4
      vertex 107.939 -13.2287 4
    endloop
  endfacet
  facet normal -0 0 -1
    outer loop
      vertex 108.146 -11.782 4
      vertex 107.65 -13.1445 4
      vertex 108.045 -11.7372 4
    endloop
  endfacet
  facet normal 0 0 -1
    outer loop
      vertex 107.375 -13.0233 4
      vertex 108.045 -11.7372 4
      vertex 107.65 -13.1445 4
    endloop
  endfacet
  facet normal -0 0 -1
    outer loop
      vertex 108.045 -11.7372 4
      vertex 107.375 -13.0233 4
      vertex 107.949 -11.6795 4
    endloop
  endfacet
  facet normal 0 0 -1
    outer loop
      vertex 107.118 -12.8673 4
      vertex 107.949 -11.6795 4
      vertex 107.375 -13.0233 4
    endloop
  endfacet
  facet normal -0 0 -1
    outer loop
      vertex 107.949 -11.6795 4
      vertex 107.118 -12.8673 4
      vertex 107.863 -11.6099 4
    endloop
  endfacet
  facet normal 0 0 -1
    outer loop
      vertex 106.883 -12.679 4
      vertex 107.863 -11.6099 4
      vertex 107.118 -12.8673 4
    endloop
  endfacet
  facet normal -0 0 -1
    outer loop
      vertex 107.863 -11.6099 4
      vertex 106.883 -12.679 4
      vertex 107.786 -11.5296 4
    endloop
  endfacet
  facet normal 0 0 -1
    outer loop
      vertex 106.675 -12.4616 4
      vertex 107.786 -11.5296 4
      vertex 106.883 -12.679 4
    endloop
  endfacet
  facet normal -0 0 -1
    outer loop
      vertex 107.786 -11.5296 4
      vertex 106.675 -12.4616 4
      vertex 107.72 -11.4399 4
    endloop
  endfacet
  facet normal 0 0 -1
    outer loop
      vertex 106.497 -12.219 4
      vertex 107.72 -11.4399 4
      vertex 106.675 -12.4616 4
    endloop
  endfacet
  facet normal -0 0 -1
    outer loop
      vertex 107.72 -11.4399 4
      vertex 106.497 -12.219 4
      vertex 107.667 -11.3424 4
    endloop
  endfacet
  facet normal 0 0 -1
    outer loop
      vertex 107.588 -11.0203 4
      vertex 107.201 -9.04342 4
      vertex 107.465 -8.89871 4
    endloop
  endfacet
  facet normal 0 0 -1
    outer loop
      vertex 106.353 -11.9552 4
      vertex 107.667 -11.3424 4
      vertex 106.497 -12.219 4
    endloop
  endfacet
  facet normal 0 0 -1
    outer loop
      vertex 107.588 -11.0203 4
      vertex 106.959 -9.22132 4
      vertex 107.201 -9.04342 4
    endloop
  endfacet
  facet normal -0 0 -1
    outer loop
      vertex 107.667 -11.3424 4
      vertex 106.353 -11.9552 4
      vertex 107.626 -11.2388 4
    endloop
  endfacet
  facet normal 0 0 -1
    outer loop
      vertex 107.588 -11.0203 4
      vertex 106.741 -9.42936 4
      vertex 106.959 -9.22132 4
    endloop
  endfacet
  facet normal 0 0 -1
    outer loop
      vertex 106.243 -11.6748 4
      vertex 107.626 -11.2388 4
      vertex 106.353 -11.9552 4
    endloop
  endfacet
  facet normal 0 0 -1
    outer loop
      vertex 107.588 -11.0203 4
      vertex 106.553 -9.66399 4
      vertex 106.741 -9.42936 4
    endloop
  endfacet
  facet normal -0 0 -1
    outer loop
      vertex 107.626 -11.2388 4
      vertex 106.243 -11.6748 4
      vertex 107.6 -11.1308 4
    endloop
  endfacet
  facet normal 0 0 -1
    outer loop
      vertex 107.588 -11.0203 4
      vertex 106.397 -9.9212 4
      vertex 106.553 -9.66399 4
    endloop
  endfacet
  facet normal 0 0 -1
    outer loop
      vertex 106.172 -11.3826 4
      vertex 107.6 -11.1308 4
      vertex 106.243 -11.6748 4
    endloop
  endfacet
  facet normal 0 0 -1
    outer loop
      vertex 107.588 -11.0203 4
      vertex 106.276 -10.1966 4
      vertex 106.397 -9.9212 4
    endloop
  endfacet
  facet normal -0 0 -1
    outer loop
      vertex 107.6 -11.1308 4
      vertex 106.172 -11.3826 4
      vertex 107.588 -11.0203 4
    endloop
  endfacet
  facet normal 0 0 -1
    outer loop
      vertex 107.588 -11.0203 4
      vertex 106.192 -10.4854 4
      vertex 106.276 -10.1966 4
    endloop
  endfacet
  facet normal 0 0 -1
    outer loop
      vertex 106.139 -11.0835 4
      vertex 107.588 -11.0203 4
      vertex 106.172 -11.3826 4
    endloop
  endfacet
  facet normal 0 0 -1
    outer loop
      vertex 107.588 -11.0203 4
      vertex 106.146 -10.7828 4
      vertex 106.192 -10.4854 4
    endloop
  endfacet
  facet normal -0 0 -1
    outer loop
      vertex 107.588 -11.0203 4
      vertex 106.139 -11.0835 4
      vertex 106.146 -10.7828 4
    endloop
  endfacet
  facet normal -0 0 -1
    outer loop
      vertex 110.377 -9.74743 4
      vertex 109.154 -10.5265 4
      vertex 110.199 -9.50481 4
    endloop
  endfacet
  facet normal 0 0 -1
    outer loop
      vertex 109.088 -10.4369 4
      vertex 110.199 -9.50481 4
      vertex 109.154 -10.5265 4
    endloop
  endfacet
  facet normal -0 0 -1
    outer loop
      vertex 110.199 -9.50481 4
      vertex 109.088 -10.4369 4
      vertex 109.991 -9.28748 4
    endloop
  endfacet
  facet normal 0 0 -1
    outer loop
      vertex 109.011 -10.3565 4
      vertex 109.991 -9.28748 4
      vertex 109.088 -10.4369 4
    endloop
  endfacet
  facet normal -0 0 -1
    outer loop
      vertex 109.991 -9.28748 4
      vertex 109.011 -10.3565 4
      vertex 109.756 -9.09917 4
    endloop
  endfacet
  facet normal 0 0 -1
    outer loop
      vertex 108.925 -10.2869 4
      vertex 109.756 -9.09917 4
      vertex 109.011 -10.3565 4
    endloop
  endfacet
  facet normal -0 0 -1
    outer loop
      vertex 109.756 -9.09917 4
      vertex 108.925 -10.2869 4
      vertex 109.499 -8.94309 4
    endloop
  endfacet
  facet normal 0 0 -1
    outer loop
      vertex 108.829 -10.2293 4
      vertex 109.499 -8.94309 4
      vertex 108.925 -10.2869 4
    endloop
  endfacet
  facet normal -0 0 -1
    outer loop
      vertex 109.499 -8.94309 4
      vertex 108.829 -10.2293 4
      vertex 109.224 -8.82193 4
    endloop
  endfacet
  facet normal 0 0 -1
    outer loop
      vertex 108.728 -10.1845 4
      vertex 109.224 -8.82193 4
      vertex 108.829 -10.2293 4
    endloop
  endfacet
  facet normal -0 0 -1
    outer loop
      vertex 109.224 -8.82193 4
      vertex 108.728 -10.1845 4
      vertex 108.935 -8.73774 4
    endloop
  endfacet
  facet normal 0 0 -1
    outer loop
      vertex 108.621 -10.1534 4
      vertex 108.935 -8.73774 4
      vertex 108.728 -10.1845 4
    endloop
  endfacet
  facet normal -0 0 -1
    outer loop
      vertex 108.935 -8.73774 4
      vertex 108.621 -10.1534 4
      vertex 108.637 -8.69197 4
    endloop
  endfacet
  facet normal 0 0 -1
    outer loop
      vertex 108.511 -10.1365 4
      vertex 108.637 -8.69197 4
      vertex 108.621 -10.1534 4
    endloop
  endfacet
  facet normal 0 0 -1
    outer loop
      vertex 108.4 -10.134 4
      vertex 108.637 -8.69197 4
      vertex 108.511 -10.1365 4
    endloop
  endfacet
  facet normal 0 0 -1
    outer loop
      vertex 108.4 -10.134 4
      vertex 108.337 -8.68541 4
      vertex 108.637 -8.69197 4
    endloop
  endfacet
  facet normal 0 0 -1
    outer loop
      vertex 108.289 -10.1461 4
      vertex 108.337 -8.68541 4
      vertex 108.4 -10.134 4
    endloop
  endfacet
  facet normal 0 0 -1
    outer loop
      vertex 108.038 -8.71816 4
      vertex 108.289 -10.1461 4
      vertex 108.181 -10.1726 4
    endloop
  endfacet
  facet normal 0 0 -1
    outer loop
      vertex 107.745 -8.78967 4
      vertex 108.181 -10.1726 4
      vertex 108.078 -10.2129 4
    endloop
  endfacet
  facet normal 0 0 -1
    outer loop
      vertex 108.289 -10.1461 4
      vertex 108.038 -8.71816 4
      vertex 108.337 -8.68541 4
    endloop
  endfacet
  facet normal 0 0 -1
    outer loop
      vertex 107.465 -8.89871 4
      vertex 108.078 -10.2129 4
      vertex 107.98 -10.2663 4
    endloop
  endfacet
  facet normal 0 0 -1
    outer loop
      vertex 107.465 -8.89871 4
      vertex 107.98 -10.2663 4
      vertex 107.891 -10.3321 4
    endloop
  endfacet
  facet normal 0 0 -1
    outer loop
      vertex 107.465 -8.89871 4
      vertex 107.891 -10.3321 4
      vertex 107.81 -10.409 4
    endloop
  endfacet
  facet normal 0 0 -1
    outer loop
      vertex 108.181 -10.1726 4
      vertex 107.745 -8.78967 4
      vertex 108.038 -8.71816 4
    endloop
  endfacet
  facet normal 0 0 -1
    outer loop
      vertex 107.465 -8.89871 4
      vertex 107.81 -10.409 4
      vertex 107.741 -10.4957 4
    endloop
  endfacet
  facet normal 0 0 -1
    outer loop
      vertex 107.465 -8.89871 4
      vertex 107.741 -10.4957 4
      vertex 107.683 -10.5907 4
    endloop
  endfacet
  facet normal 0 0 -1
    outer loop
      vertex 107.465 -8.89871 4
      vertex 107.683 -10.5907 4
      vertex 107.638 -10.6925 4
    endloop
  endfacet
  facet normal 0 0 -1
    outer loop
      vertex 107.465 -8.89871 4
      vertex 107.638 -10.6925 4
      vertex 107.607 -10.7992 4
    endloop
  endfacet
  facet normal 0 0 -1
    outer loop
      vertex 107.465 -8.89871 4
      vertex 107.607 -10.7992 4
      vertex 107.59 -10.9091 4
    endloop
  endfacet
  facet normal 0 0 -1
    outer loop
      vertex 108.078 -10.2129 4
      vertex 107.465 -8.89871 4
      vertex 107.745 -8.78967 4
    endloop
  endfacet
  facet normal 0 0 -1
    outer loop
      vertex 107.465 -8.89871 4
      vertex 107.59 -10.9091 4
      vertex 107.588 -11.0203 4
    endloop
  endfacet
  facet normal -0.780388 0.625295 0
    outer loop
      vertex 106.553 -9.66399 4
      vertex 106.741 -9.42936 6
      vertex 106.741 -9.42936 4
    endloop
  endfacet
  facet normal -0.780388 0.625295 0
    outer loop
      vertex 106.741 -9.42936 6
      vertex 106.553 -9.66399 4
      vertex 106.553 -9.66399 6
    endloop
  endfacet
  facet normal -0.625302 -0.780383 0
    outer loop
      vertex 106.883 -12.679 4
      vertex 107.118 -12.8673 6
      vertex 106.883 -12.679 6
    endloop
  endfacet
  facet normal -0.625302 -0.780383 -0
    outer loop
      vertex 107.118 -12.8673 6
      vertex 106.883 -12.679 4
      vertex 107.118 -12.8673 4
    endloop
  endfacet
  facet normal -0.362883 0.931835 0
    outer loop
      vertex 107.745 -8.78967 4
      vertex 107.465 -8.89871 6
      vertex 107.745 -8.78967 6
    endloop
  endfacet
  facet normal -0.362883 0.931835 0
    outer loop
      vertex 107.465 -8.89871 6
      vertex 107.745 -8.78967 4
      vertex 107.465 -8.89871 4
    endloop
  endfacet
  facet normal -0.403296 -0.91507 0
    outer loop
      vertex 107.375 -13.0233 4
      vertex 107.65 -13.1445 6
      vertex 107.375 -13.0233 6
    endloop
  endfacet
  facet normal -0.403296 -0.91507 -0
    outer loop
      vertex 107.65 -13.1445 6
      vertex 107.375 -13.0233 4
      vertex 107.65 -13.1445 4
    endloop
  endfacet
  facet normal -0.518891 -0.85484 0
    outer loop
      vertex 107.118 -12.8673 4
      vertex 107.375 -13.0233 6
      vertex 107.118 -12.8673 6
    endloop
  endfacet
  facet normal -0.518891 -0.85484 -0
    outer loop
      vertex 107.375 -13.0233 6
      vertex 107.118 -12.8673 4
      vertex 107.375 -13.0233 4
    endloop
  endfacet
  facet normal -0.855028 0.518582 0
    outer loop
      vertex 106.397 -9.9212 4
      vertex 106.553 -9.66399 6
      vertex 106.553 -9.66399 4
    endloop
  endfacet
  facet normal -0.855028 0.518582 0
    outer loop
      vertex 106.553 -9.66399 6
      vertex 106.397 -9.9212 4
      vertex 106.397 -9.9212 6
    endloop
  endfacet
  facet normal -0.108881 0.994055 0
    outer loop
      vertex 108.337 -8.68541 4
      vertex 108.038 -8.71816 6
      vertex 108.337 -8.68541 6
    endloop
  endfacet
  facet normal -0.108881 0.994055 0
    outer loop
      vertex 108.038 -8.71816 6
      vertex 108.337 -8.68541 4
      vertex 108.038 -8.71816 4
    endloop
  endfacet
  facet normal 0.780479 -0.625182 0
    outer loop
      vertex 110.133 -12.5371 6
      vertex 110.321 -12.3024 4
      vertex 110.321 -12.3024 6
    endloop
  endfacet
  facet normal 0.780479 -0.625182 0
    outer loop
      vertex 110.321 -12.3024 4
      vertex 110.133 -12.5371 6
      vertex 110.133 -12.5371 4
    endloop
  endfacet
  facet normal -0.690387 0.72344 0
    outer loop
      vertex 106.959 -9.22132 4
      vertex 106.741 -9.42936 6
      vertex 106.959 -9.22132 6
    endloop
  endfacet
  facet normal -0.690387 0.72344 0
    outer loop
      vertex 106.741 -9.42936 6
      vertex 106.959 -9.22132 4
      vertex 106.741 -9.42936 4
    endloop
  endfacet
  facet normal 0.722444 0.691429 0
    outer loop
      vertex 110.199 -9.50481 6
      vertex 109.991 -9.28748 4
      vertex 109.991 -9.28748 6
    endloop
  endfacet
  facet normal 0.722444 0.691429 0
    outer loop
      vertex 109.991 -9.28748 4
      vertex 110.199 -9.50481 6
      vertex 110.199 -9.50481 4
    endloop
  endfacet
  facet normal 0.625323 0.780366 -0
    outer loop
      vertex 109.991 -9.28748 4
      vertex 109.756 -9.09917 6
      vertex 109.991 -9.28748 6
    endloop
  endfacet
  facet normal 0.625323 0.780366 0
    outer loop
      vertex 109.756 -9.09917 6
      vertex 109.991 -9.28748 4
      vertex 109.756 -9.09917 4
    endloop
  endfacet
  facet normal 0.855019 -0.518596 0
    outer loop
      vertex 110.321 -12.3024 6
      vertex 110.477 -12.0452 4
      vertex 110.477 -12.0452 6
    endloop
  endfacet
  facet normal 0.855019 -0.518596 0
    outer loop
      vertex 110.477 -12.0452 4
      vertex 110.321 -12.3024 6
      vertex 110.321 -12.3024 4
    endloop
  endfacet
  facet normal 0.971725 0.236114 0
    outer loop
      vertex 110.702 -10.5838 6
      vertex 110.631 -10.2916 4
      vertex 110.631 -10.2916 6
    endloop
  endfacet
  facet normal 0.971725 0.236114 0
    outer loop
      vertex 110.631 -10.2916 4
      vertex 110.702 -10.5838 6
      vertex 110.702 -10.5838 4
    endloop
  endfacet
  facet normal 0.988241 -0.152906 0
    outer loop
      vertex 110.682 -11.481 6
      vertex 110.728 -11.1837 4
      vertex 110.728 -11.1837 6
    endloop
  endfacet
  facet normal 0.988241 -0.152906 0
    outer loop
      vertex 110.728 -11.1837 4
      vertex 110.682 -11.481 6
      vertex 110.682 -11.481 4
    endloop
  endfacet
  facet normal 0.80628 0.591534 0
    outer loop
      vertex 110.377 -9.74743 6
      vertex 110.199 -9.50481 4
      vertex 110.199 -9.50481 6
    endloop
  endfacet
  facet normal 0.80628 0.591534 0
    outer loop
      vertex 110.199 -9.50481 4
      vertex 110.377 -9.74743 6
      vertex 110.377 -9.74743 4
    endloop
  endfacet
  facet normal -0.362318 0.932055 0
    outer loop
      vertex 32.9359 -13.5526 4
      vertex 32.6555 -13.6616 6
      vertex 32.9359 -13.5526 6
    endloop
  endfacet
  facet normal -0.362318 0.932055 0
    outer loop
      vertex 32.6555 -13.6616 6
      vertex 32.9359 -13.5526 4
      vertex 32.6555 -13.6616 4
    endloop
  endfacet
  facet normal -0.999759 0.0219362 0
    outer loop
      vertex 31.3297 -15.8464 4
      vertex 31.3363 -15.5456 6
      vertex 31.3363 -15.5456 4
    endloop
  endfacet
  facet normal -0.999759 0.0219362 0
    outer loop
      vertex 31.3363 -15.5456 6
      vertex 31.3297 -15.8464 4
      vertex 31.3297 -15.8464 6
    endloop
  endfacet
  facet normal -0.994041 -0.109009 0
    outer loop
      vertex 31.3625 -16.1455 4
      vertex 31.3297 -15.8464 6
      vertex 31.3297 -15.8464 4
    endloop
  endfacet
  facet normal -0.994041 -0.109009 0
    outer loop
      vertex 31.3297 -15.8464 6
      vertex 31.3625 -16.1455 4
      vertex 31.3625 -16.1455 6
    endloop
  endfacet
  facet normal -0.988341 0.152257 0
    outer loop
      vertex 31.3363 -15.5456 4
      vertex 31.3821 -15.2483 6
      vertex 31.3821 -15.2483 4
    endloop
  endfacet
  facet normal -0.988341 0.152257 0
    outer loop
      vertex 31.3821 -15.2483 6
      vertex 31.3363 -15.5456 4
      vertex 31.3363 -15.5456 6
    endloop
  endfacet
  facet normal -0.915408 0.402527 0
    outer loop
      vertex 31.4663 -14.9595 4
      vertex 31.5874 -14.6841 6
      vertex 31.5874 -14.6841 4
    endloop
  endfacet
  facet normal -0.915408 0.402527 0
    outer loop
      vertex 31.5874 -14.6841 6
      vertex 31.4663 -14.9595 4
      vertex 31.4663 -14.9595 6
    endloop
  endfacet
  facet normal -0.481063 0.876686 0
    outer loop
      vertex 32.6555 -13.6616 4
      vertex 32.3918 -13.8063 6
      vertex 32.6555 -13.6616 6
    endloop
  endfacet
  facet normal -0.481063 0.876686 0
    outer loop
      vertex 32.3918 -13.8063 6
      vertex 32.6555 -13.6616 4
      vertex 32.3918 -13.8063 4
    endloop
  endfacet
  facet normal 0.999759 -0.0219362 0
    outer loop
      vertex 35.9188 -15.9466 6
      vertex 35.9254 -15.6458 4
      vertex 35.9254 -15.6458 6
    endloop
  endfacet
  facet normal 0.999759 -0.0219362 0
    outer loop
      vertex 35.9254 -15.6458 4
      vertex 35.9188 -15.9466 6
      vertex 35.9188 -15.9466 4
    endloop
  endfacet
  facet normal -0.971343 -0.237683 0
    outer loop
      vertex 31.434 -16.4377 4
      vertex 31.3625 -16.1455 6
      vertex 31.3625 -16.1455 4
    endloop
  endfacet
  facet normal -0.971343 -0.237683 0
    outer loop
      vertex 31.3625 -16.1455 6
      vertex 31.434 -16.4377 4
      vertex 31.434 -16.4377 6
    endloop
  endfacet
  facet normal 0.691479 -0.722396 0
    outer loop
      vertex 35.106 -17.508 4
      vertex 35.3233 -17.3 6
      vertex 35.106 -17.508 6
    endloop
  endfacet
  facet normal 0.691479 -0.722396 0
    outer loop
      vertex 35.3233 -17.3 6
      vertex 35.106 -17.508 4
      vertex 35.3233 -17.3 4
    endloop
  endfacet
  facet normal 0.994041 0.109009 0
    outer loop
      vertex 35.9254 -15.6458 6
      vertex 35.8926 -15.3467 4
      vertex 35.8926 -15.3467 6
    endloop
  endfacet
  facet normal 0.994041 0.109009 0
    outer loop
      vertex 35.8926 -15.3467 4
      vertex 35.9254 -15.6458 6
      vertex 35.9254 -15.6458 4
    endloop
  endfacet
  facet normal 0.481063 -0.876686 0
    outer loop
      vertex 34.5996 -17.8306 4
      vertex 34.8633 -17.6859 6
      vertex 34.5996 -17.8306 6
    endloop
  endfacet
  facet normal 0.481063 -0.876686 0
    outer loop
      vertex 34.8633 -17.6859 6
      vertex 34.5996 -17.8306 4
      vertex 34.8633 -17.6859 4
    endloop
  endfacet
  facet normal -0.96003 0.279898 0
    outer loop
      vertex 31.3821 -15.2483 4
      vertex 31.4663 -14.9595 6
      vertex 31.4663 -14.9595 4
    endloop
  endfacet
  facet normal -0.96003 0.279898 0
    outer loop
      vertex 31.4663 -14.9595 6
      vertex 31.3821 -15.2483 4
      vertex 31.3821 -15.2483 6
    endloop
  endfacet
  facet normal -0.854872 0.518839 0
    outer loop
      vertex 31.5874 -14.6841 4
      vertex 31.7435 -14.4269 6
      vertex 31.7435 -14.4269 4
    endloop
  endfacet
  facet normal -0.854872 0.518839 0
    outer loop
      vertex 31.7435 -14.4269 6
      vertex 31.5874 -14.6841 4
      vertex 31.5874 -14.6841 6
    endloop
  endfacet
  facet normal -0.876623 -0.481179 0
    outer loop
      vertex 31.6878 -16.9819 4
      vertex 31.543 -16.7181 6
      vertex 31.543 -16.7181 4
    endloop
  endfacet
  facet normal -0.876623 -0.481179 0
    outer loop
      vertex 31.543 -16.7181 6
      vertex 31.6878 -16.9819 4
      vertex 31.6878 -16.9819 6
    endloop
  endfacet
  facet normal 0.854872 -0.518839 0
    outer loop
      vertex 35.5116 -17.0653 6
      vertex 35.6677 -16.8081 4
      vertex 35.6677 -16.8081 6
    endloop
  endfacet
  facet normal 0.854872 -0.518839 0
    outer loop
      vertex 35.6677 -16.8081 4
      vertex 35.5116 -17.0653 6
      vertex 35.5116 -17.0653 4
    endloop
  endfacet
  facet normal -0.932055 -0.362318 0
    outer loop
      vertex 31.543 -16.7181 4
      vertex 31.434 -16.4377 6
      vertex 31.434 -16.4377 4
    endloop
  endfacet
  facet normal -0.932055 -0.362318 0
    outer loop
      vertex 31.434 -16.4377 6
      vertex 31.543 -16.7181 4
      vertex 31.543 -16.7181 6
    endloop
  endfacet
  facet normal 0.108716 -0.994073 0
    outer loop
      vertex 33.7279 -18.0439 4
      vertex 34.0269 -18.0112 6
      vertex 33.7279 -18.0439 6
    endloop
  endfacet
  facet normal 0.108716 -0.994073 0
    outer loop
      vertex 34.0269 -18.0112 6
      vertex 33.7279 -18.0439 4
      vertex 34.0269 -18.0112 4
    endloop
  endfacet
  facet normal 0.988341 -0.152257 0
    outer loop
      vertex 35.873 -16.2439 6
      vertex 35.9188 -15.9466 4
      vertex 35.9188 -15.9466 6
    endloop
  endfacet
  facet normal 0.988341 -0.152257 0
    outer loop
      vertex 35.9188 -15.9466 4
      vertex 35.873 -16.2439 6
      vertex 35.873 -16.2439 4
    endloop
  endfacet
  facet normal -0.722396 -0.691479 0
    outer loop
      vertex 32.0737 -17.4418 4
      vertex 31.8657 -17.2245 6
      vertex 31.8657 -17.2245 4
    endloop
  endfacet
  facet normal -0.722396 -0.691479 0
    outer loop
      vertex 31.8657 -17.2245 6
      vertex 32.0737 -17.4418 4
      vertex 32.0737 -17.4418 6
    endloop
  endfacet
  facet normal -0.591191 0.806532 0
    outer loop
      vertex 32.3918 -13.8063 4
      vertex 32.1491 -13.9842 6
      vertex 32.3918 -13.8063 6
    endloop
  endfacet
  facet normal -0.591191 0.806532 0
    outer loop
      vertex 32.1491 -13.9842 6
      vertex 32.3918 -13.8063 4
      vertex 32.1491 -13.9842 4
    endloop
  endfacet
  facet normal 0.279898 0.96003 -0
    outer loop
      vertex 34.4142 -13.5848 4
      vertex 34.1254 -13.5006 6
      vertex 34.4142 -13.5848 6
    endloop
  endfacet
  facet normal 0.279898 0.96003 0
    outer loop
      vertex 34.1254 -13.5006 6
      vertex 34.4142 -13.5848 4
      vertex 34.1254 -13.5006 4
    endloop
  endfacet
  facet normal -0.279898 -0.96003 0
    outer loop
      vertex 32.8409 -17.9074 4
      vertex 33.1297 -17.9916 6
      vertex 32.8409 -17.9074 6
    endloop
  endfacet
  facet normal -0.279898 -0.96003 -0
    outer loop
      vertex 33.1297 -17.9916 6
      vertex 32.8409 -17.9074 4
      vertex 33.1297 -17.9916 4
    endloop
  endfacet
  facet normal -0.152207 -0.988349 0
    outer loop
      vertex 33.1297 -17.9916 4
      vertex 33.4271 -18.0374 6
      vertex 33.1297 -17.9916 6
    endloop
  endfacet
  facet normal -0.152207 -0.988349 -0
    outer loop
      vertex 33.4271 -18.0374 6
      vertex 33.1297 -17.9916 4
      vertex 33.4271 -18.0374 4
    endloop
  endfacet
  facet normal 0.362607 -0.931942 0
    outer loop
      vertex 34.3192 -17.9397 4
      vertex 34.5996 -17.8306 6
      vertex 34.3192 -17.9397 6
    endloop
  endfacet
  facet normal 0.362607 -0.931942 0
    outer loop
      vertex 34.5996 -17.8306 6
      vertex 34.3192 -17.9397 4
      vertex 34.5996 -17.8306 4
    endloop
  endfacet
  facet normal 0.876763 0.480923 0
    outer loop
      vertex 35.7121 -14.7741 6
      vertex 35.5674 -14.5103 4
      vertex 35.5674 -14.5103 6
    endloop
  endfacet
  facet normal 0.876763 0.480923 0
    outer loop
      vertex 35.5674 -14.5103 4
      vertex 35.7121 -14.7741 6
      vertex 35.7121 -14.7741 4
    endloop
  endfacet
  facet normal 0.0219362 0.999759 -0
    outer loop
      vertex 33.828 -13.4549 4
      vertex 33.5272 -13.4483 6
      vertex 33.828 -13.4549 6
    endloop
  endfacet
  facet normal 0.0219362 0.999759 0
    outer loop
      vertex 33.5272 -13.4483 6
      vertex 33.828 -13.4549 4
      vertex 33.5272 -13.4483 4
    endloop
  endfacet
  facet normal 0.402805 0.915286 -0
    outer loop
      vertex 34.6896 -13.706 4
      vertex 34.4142 -13.5848 6
      vertex 34.6896 -13.706 6
    endloop
  endfacet
  facet normal 0.402805 0.915286 0
    outer loop
      vertex 34.4142 -13.5848 6
      vertex 34.6896 -13.706 4
      vertex 34.4142 -13.5848 4
    endloop
  endfacet
  facet normal -0.402805 -0.915286 0
    outer loop
      vertex 32.5655 -17.7862 4
      vertex 32.8409 -17.9074 6
      vertex 32.5655 -17.7862 6
    endloop
  endfacet
  facet normal -0.402805 -0.915286 -0
    outer loop
      vertex 32.8409 -17.9074 6
      vertex 32.5655 -17.7862 4
      vertex 32.8409 -17.9074 4
    endloop
  endfacet
  facet normal -0.021604 -0.999767 0
    outer loop
      vertex 33.4271 -18.0374 4
      vertex 33.7279 -18.0439 6
      vertex 33.4271 -18.0374 6
    endloop
  endfacet
  facet normal -0.021604 -0.999767 -0
    outer loop
      vertex 33.7279 -18.0439 6
      vertex 33.4271 -18.0374 4
      vertex 33.7279 -18.0439 4
    endloop
  endfacet
  facet normal 0.806416 0.591349 0
    outer loop
      vertex 35.5674 -14.5103 6
      vertex 35.3895 -14.2677 4
      vertex 35.3895 -14.2677 6
    endloop
  endfacet
  facet normal 0.806416 0.591349 0
    outer loop
      vertex 35.3895 -14.2677 4
      vertex 35.5674 -14.5103 6
      vertex 35.5674 -14.5103 4
    endloop
  endfacet
  facet normal -0.779993 0.625789 0
    outer loop
      vertex 31.7435 -14.4269 4
      vertex 31.9318 -14.1922 6
      vertex 31.9318 -14.1922 4
    endloop
  endfacet
  facet normal -0.779993 0.625789 0
    outer loop
      vertex 31.9318 -14.1922 6
      vertex 31.7435 -14.4269 4
      vertex 31.7435 -14.4269 6
    endloop
  endfacet
  facet normal 0.72223 0.691653 0
    outer loop
      vertex 35.3895 -14.2677 6
      vertex 35.1814 -14.0504 4
      vertex 35.1814 -14.0504 6
    endloop
  endfacet
  facet normal 0.72223 0.691653 0
    outer loop
      vertex 35.1814 -14.0504 4
      vertex 35.3895 -14.2677 6
      vertex 35.3895 -14.2677 4
    endloop
  endfacet
  facet normal 0.237606 -0.971362 0
    outer loop
      vertex 34.0269 -18.0112 4
      vertex 34.3192 -17.9397 6
      vertex 34.0269 -18.0112 6
    endloop
  endfacet
  facet normal 0.237606 -0.971362 0
    outer loop
      vertex 34.3192 -17.9397 6
      vertex 34.0269 -18.0112 4
      vertex 34.3192 -17.9397 4
    endloop
  endfacet
  facet normal -0.108716 0.994073 0
    outer loop
      vertex 33.5272 -13.4483 4
      vertex 33.2282 -13.481 6
      vertex 33.5272 -13.4483 6
    endloop
  endfacet
  facet normal -0.108716 0.994073 0
    outer loop
      vertex 33.2282 -13.481 6
      vertex 33.5272 -13.4483 4
      vertex 33.2282 -13.481 4
    endloop
  endfacet
  facet normal 0.518839 0.854872 -0
    outer loop
      vertex 34.9468 -13.8621 4
      vertex 34.6896 -13.706 6
      vertex 34.9468 -13.8621 6
    endloop
  endfacet
  facet normal 0.518839 0.854872 0
    outer loop
      vertex 34.6896 -13.706 6
      vertex 34.9468 -13.8621 4
      vertex 34.6896 -13.706 4
    endloop
  endfacet
  facet normal 0.779993 -0.625789 0
    outer loop
      vertex 35.3233 -17.3 6
      vertex 35.5116 -17.0653 4
      vertex 35.5116 -17.0653 6
    endloop
  endfacet
  facet normal 0.779993 -0.625789 0
    outer loop
      vertex 35.5116 -17.0653 4
      vertex 35.3233 -17.3 6
      vertex 35.3233 -17.3 4
    endloop
  endfacet
  facet normal 0 0 -1
    outer loop
      vertex 35.9188 -15.9466 4
      vertex 34.4743 -15.8202 4
      vertex 34.4767 -15.709 4
    endloop
  endfacet
  facet normal 0 0 -1
    outer loop
      vertex 34.8633 -17.6859 4
      vertex 34.4574 -15.9301 4
      vertex 34.4743 -15.8202 4
    endloop
  endfacet
  facet normal 0 0 -1
    outer loop
      vertex 34.8633 -17.6859 4
      vertex 34.4263 -16.0368 4
      vertex 34.4574 -15.9301 4
    endloop
  endfacet
  facet normal 0 0 -1
    outer loop
      vertex 34.8633 -17.6859 4
      vertex 34.3815 -16.1386 4
      vertex 34.4263 -16.0368 4
    endloop
  endfacet
  facet normal 0 0 -1
    outer loop
      vertex 34.8633 -17.6859 4
      vertex 34.3238 -16.2336 4
      vertex 34.3815 -16.1386 4
    endloop
  endfacet
  facet normal 0 0 -1
    outer loop
      vertex 33.9868 -16.5165 4
      vertex 34.5996 -17.8306 4
      vertex 34.3192 -17.9397 4
    endloop
  endfacet
  facet normal 0 0 -1
    outer loop
      vertex 34.8633 -17.6859 4
      vertex 34.2542 -16.3204 4
      vertex 34.3238 -16.2336 4
    endloop
  endfacet
  facet normal 0 0 -1
    outer loop
      vertex 34.8633 -17.6859 4
      vertex 34.1739 -16.3972 4
      vertex 34.2542 -16.3204 4
    endloop
  endfacet
  facet normal 0 0 -1
    outer loop
      vertex 34.8633 -17.6859 4
      vertex 34.0843 -16.463 4
      vertex 34.1739 -16.3972 4
    endloop
  endfacet
  facet normal 0 0 -1
    outer loop
      vertex 33.8832 -16.5568 4
      vertex 34.3192 -17.9397 4
      vertex 34.0269 -18.0112 4
    endloop
  endfacet
  facet normal 0 0 -1
    outer loop
      vertex 34.5996 -17.8306 4
      vertex 33.9868 -16.5165 4
      vertex 34.0843 -16.463 4
    endloop
  endfacet
  facet normal 0 0 -1
    outer loop
      vertex 34.3192 -17.9397 4
      vertex 33.8832 -16.5568 4
      vertex 33.9868 -16.5165 4
    endloop
  endfacet
  facet normal 0 0 -1
    outer loop
      vertex 34.0269 -18.0112 4
      vertex 33.7752 -16.5832 4
      vertex 33.8832 -16.5568 4
    endloop
  endfacet
  facet normal 0 0 -1
    outer loop
      vertex 33.7279 -18.0439 4
      vertex 33.7752 -16.5832 4
      vertex 34.0269 -18.0112 4
    endloop
  endfacet
  facet normal 0 0 -1
    outer loop
      vertex 33.7279 -18.0439 4
      vertex 33.6646 -16.5953 4
      vertex 33.7752 -16.5832 4
    endloop
  endfacet
  facet normal 0 0 -1
    outer loop
      vertex 33.7279 -18.0439 4
      vertex 33.5535 -16.5929 4
      vertex 33.6646 -16.5953 4
    endloop
  endfacet
  facet normal 0 0 -1
    outer loop
      vertex 33.4271 -18.0374 4
      vertex 33.5535 -16.5929 4
      vertex 33.7279 -18.0439 4
    endloop
  endfacet
  facet normal -0 0 -1
    outer loop
      vertex 33.5535 -16.5929 4
      vertex 33.4271 -18.0374 4
      vertex 33.4436 -16.576 4
    endloop
  endfacet
  facet normal 0 0 -1
    outer loop
      vertex 33.1297 -17.9916 4
      vertex 33.4436 -16.576 4
      vertex 33.4271 -18.0374 4
    endloop
  endfacet
  facet normal -0 0 -1
    outer loop
      vertex 33.4436 -16.576 4
      vertex 33.1297 -17.9916 4
      vertex 33.3368 -16.5448 4
    endloop
  endfacet
  facet normal 0 0 -1
    outer loop
      vertex 32.8409 -17.9074 4
      vertex 33.3368 -16.5448 4
      vertex 33.1297 -17.9916 4
    endloop
  endfacet
  facet normal -0 0 -1
    outer loop
      vertex 33.3368 -16.5448 4
      vertex 32.8409 -17.9074 4
      vertex 33.2351 -16.5001 4
    endloop
  endfacet
  facet normal 0 0 -1
    outer loop
      vertex 32.5655 -17.7862 4
      vertex 33.2351 -16.5001 4
      vertex 32.8409 -17.9074 4
    endloop
  endfacet
  facet normal -0 0 -1
    outer loop
      vertex 33.2351 -16.5001 4
      vertex 32.5655 -17.7862 4
      vertex 33.14 -16.4424 4
    endloop
  endfacet
  facet normal 0 0 -1
    outer loop
      vertex 32.3083 -17.6302 4
      vertex 33.14 -16.4424 4
      vertex 32.5655 -17.7862 4
    endloop
  endfacet
  facet normal -0 0 -1
    outer loop
      vertex 33.14 -16.4424 4
      vertex 32.3083 -17.6302 4
      vertex 33.0533 -16.3728 4
    endloop
  endfacet
  facet normal 0 0 -1
    outer loop
      vertex 32.0737 -17.4418 4
      vertex 33.0533 -16.3728 4
      vertex 32.3083 -17.6302 4
    endloop
  endfacet
  facet normal -0 0 -1
    outer loop
      vertex 33.0533 -16.3728 4
      vertex 32.0737 -17.4418 4
      vertex 32.9764 -16.2925 4
    endloop
  endfacet
  facet normal 0 0 -1
    outer loop
      vertex 31.8657 -17.2245 4
      vertex 32.9764 -16.2925 4
      vertex 32.0737 -17.4418 4
    endloop
  endfacet
  facet normal -0 0 -1
    outer loop
      vertex 32.9764 -16.2925 4
      vertex 31.8657 -17.2245 4
      vertex 32.9107 -16.2028 4
    endloop
  endfacet
  facet normal 0 0 -1
    outer loop
      vertex 31.6878 -16.9819 4
      vertex 32.9107 -16.2028 4
      vertex 31.8657 -17.2245 4
    endloop
  endfacet
  facet normal -0 0 -1
    outer loop
      vertex 32.9107 -16.2028 4
      vertex 31.6878 -16.9819 4
      vertex 32.8572 -16.1053 4
    endloop
  endfacet
  facet normal 0 0 -1
    outer loop
      vertex 32.7784 -15.7832 4
      vertex 32.3918 -13.8063 4
      vertex 32.6555 -13.6616 4
    endloop
  endfacet
  facet normal 0 0 -1
    outer loop
      vertex 31.543 -16.7181 4
      vertex 32.8572 -16.1053 4
      vertex 31.6878 -16.9819 4
    endloop
  endfacet
  facet normal 0 0 -1
    outer loop
      vertex 32.7784 -15.7832 4
      vertex 32.1491 -13.9842 4
      vertex 32.3918 -13.8063 4
    endloop
  endfacet
  facet normal -0 0 -1
    outer loop
      vertex 32.8572 -16.1053 4
      vertex 31.543 -16.7181 4
      vertex 32.8169 -16.0017 4
    endloop
  endfacet
  facet normal 0 0 -1
    outer loop
      vertex 32.7784 -15.7832 4
      vertex 31.9318 -14.1922 4
      vertex 32.1491 -13.9842 4
    endloop
  endfacet
  facet normal 0 0 -1
    outer loop
      vertex 31.434 -16.4377 4
      vertex 32.8169 -16.0017 4
      vertex 31.543 -16.7181 4
    endloop
  endfacet
  facet normal 0 0 -1
    outer loop
      vertex 32.7784 -15.7832 4
      vertex 31.7435 -14.4269 4
      vertex 31.9318 -14.1922 4
    endloop
  endfacet
  facet normal -0 0 -1
    outer loop
      vertex 32.8169 -16.0017 4
      vertex 31.434 -16.4377 4
      vertex 32.7905 -15.8937 4
    endloop
  endfacet
  facet normal 0 0 -1
    outer loop
      vertex 32.7784 -15.7832 4
      vertex 31.5874 -14.6841 4
      vertex 31.7435 -14.4269 4
    endloop
  endfacet
  facet normal 0 0 -1
    outer loop
      vertex 31.3625 -16.1455 4
      vertex 32.7905 -15.8937 4
      vertex 31.434 -16.4377 4
    endloop
  endfacet
  facet normal 0 0 -1
    outer loop
      vertex 32.7784 -15.7832 4
      vertex 31.4663 -14.9595 4
      vertex 31.5874 -14.6841 4
    endloop
  endfacet
  facet normal -0 0 -1
    outer loop
      vertex 32.7905 -15.8937 4
      vertex 31.3625 -16.1455 4
      vertex 32.7784 -15.7832 4
    endloop
  endfacet
  facet normal 0 0 -1
    outer loop
      vertex 32.7784 -15.7832 4
      vertex 31.3821 -15.2483 4
      vertex 31.4663 -14.9595 4
    endloop
  endfacet
  facet normal 0 0 -1
    outer loop
      vertex 31.3297 -15.8464 4
      vertex 32.7784 -15.7832 4
      vertex 31.3625 -16.1455 4
    endloop
  endfacet
  facet normal 0 0 -1
    outer loop
      vertex 32.7784 -15.7832 4
      vertex 31.3363 -15.5456 4
      vertex 31.3821 -15.2483 4
    endloop
  endfacet
  facet normal -0 0 -1
    outer loop
      vertex 32.7784 -15.7832 4
      vertex 31.3297 -15.8464 4
      vertex 31.3363 -15.5456 4
    endloop
  endfacet
  facet normal 0 0 -1
    outer loop
      vertex 34.4767 -15.709 4
      vertex 35.9254 -15.6458 4
      vertex 35.9188 -15.9466 4
    endloop
  endfacet
  facet normal 0 0 -1
    outer loop
      vertex 34.4743 -15.8202 4
      vertex 35.9188 -15.9466 4
      vertex 35.873 -16.2439 4
    endloop
  endfacet
  facet normal -0 0 -1
    outer loop
      vertex 35.9254 -15.6458 4
      vertex 34.4767 -15.709 4
      vertex 35.8926 -15.3467 4
    endloop
  endfacet
  facet normal 0 0 -1
    outer loop
      vertex 34.4743 -15.8202 4
      vertex 35.873 -16.2439 4
      vertex 35.7888 -16.5328 4
    endloop
  endfacet
  facet normal 0 0 -1
    outer loop
      vertex 34.4646 -15.5985 4
      vertex 35.8926 -15.3467 4
      vertex 34.4767 -15.709 4
    endloop
  endfacet
  facet normal 0 0 -1
    outer loop
      vertex 34.4743 -15.8202 4
      vertex 35.7888 -16.5328 4
      vertex 35.6677 -16.8081 4
    endloop
  endfacet
  facet normal -0 0 -1
    outer loop
      vertex 35.8926 -15.3467 4
      vertex 34.4646 -15.5985 4
      vertex 35.8211 -15.0545 4
    endloop
  endfacet
  facet normal 0 0 -1
    outer loop
      vertex 34.4743 -15.8202 4
      vertex 35.6677 -16.8081 4
      vertex 35.5116 -17.0653 4
    endloop
  endfacet
  facet normal 0 0 -1
    outer loop
      vertex 34.4382 -15.4905 4
      vertex 35.8211 -15.0545 4
      vertex 34.4646 -15.5985 4
    endloop
  endfacet
  facet normal 0 0 -1
    outer loop
      vertex 34.4743 -15.8202 4
      vertex 35.5116 -17.0653 4
      vertex 35.3233 -17.3 4
    endloop
  endfacet
  facet normal -0 0 -1
    outer loop
      vertex 35.8211 -15.0545 4
      vertex 34.4382 -15.4905 4
      vertex 35.7121 -14.7741 4
    endloop
  endfacet
  facet normal 0 0 -1
    outer loop
      vertex 34.4743 -15.8202 4
      vertex 35.3233 -17.3 4
      vertex 35.106 -17.508 4
    endloop
  endfacet
  facet normal 0 0 -1
    outer loop
      vertex 34.3979 -15.3869 4
      vertex 35.7121 -14.7741 4
      vertex 34.4382 -15.4905 4
    endloop
  endfacet
  facet normal 0 0 -1
    outer loop
      vertex 34.4743 -15.8202 4
      vertex 35.106 -17.508 4
      vertex 34.8633 -17.6859 4
    endloop
  endfacet
  facet normal -0 0 -1
    outer loop
      vertex 35.7121 -14.7741 4
      vertex 34.3979 -15.3869 4
      vertex 35.5674 -14.5103 4
    endloop
  endfacet
  facet normal 0 0 -1
    outer loop
      vertex 34.0843 -16.463 4
      vertex 34.8633 -17.6859 4
      vertex 34.5996 -17.8306 4
    endloop
  endfacet
  facet normal 0 0 -1
    outer loop
      vertex 34.3444 -15.2894 4
      vertex 35.5674 -14.5103 4
      vertex 34.3979 -15.3869 4
    endloop
  endfacet
  facet normal -0 0 -1
    outer loop
      vertex 35.5674 -14.5103 4
      vertex 34.3444 -15.2894 4
      vertex 35.3895 -14.2677 4
    endloop
  endfacet
  facet normal 0 0 -1
    outer loop
      vertex 34.2787 -15.1997 4
      vertex 35.3895 -14.2677 4
      vertex 34.3444 -15.2894 4
    endloop
  endfacet
  facet normal -0 0 -1
    outer loop
      vertex 35.3895 -14.2677 4
      vertex 34.2787 -15.1997 4
      vertex 35.1814 -14.0504 4
    endloop
  endfacet
  facet normal 0 0 -1
    outer loop
      vertex 34.2018 -15.1194 4
      vertex 35.1814 -14.0504 4
      vertex 34.2787 -15.1997 4
    endloop
  endfacet
  facet normal -0 0 -1
    outer loop
      vertex 35.1814 -14.0504 4
      vertex 34.2018 -15.1194 4
      vertex 34.9468 -13.8621 4
    endloop
  endfacet
  facet normal 0 0 -1
    outer loop
      vertex 34.1151 -15.0498 4
      vertex 34.9468 -13.8621 4
      vertex 34.2018 -15.1194 4
    endloop
  endfacet
  facet normal -0 0 -1
    outer loop
      vertex 34.9468 -13.8621 4
      vertex 34.1151 -15.0498 4
      vertex 34.6896 -13.706 4
    endloop
  endfacet
  facet normal 0 0 -1
    outer loop
      vertex 34.02 -14.9921 4
      vertex 34.6896 -13.706 4
      vertex 34.1151 -15.0498 4
    endloop
  endfacet
  facet normal -0 0 -1
    outer loop
      vertex 34.6896 -13.706 4
      vertex 34.02 -14.9921 4
      vertex 34.4142 -13.5848 4
    endloop
  endfacet
  facet normal 0 0 -1
    outer loop
      vertex 33.9183 -14.9474 4
      vertex 34.4142 -13.5848 4
      vertex 34.02 -14.9921 4
    endloop
  endfacet
  facet normal -0 0 -1
    outer loop
      vertex 34.4142 -13.5848 4
      vertex 33.9183 -14.9474 4
      vertex 34.1254 -13.5006 4
    endloop
  endfacet
  facet normal 0 0 -1
    outer loop
      vertex 33.8115 -14.9163 4
      vertex 34.1254 -13.5006 4
      vertex 33.9183 -14.9474 4
    endloop
  endfacet
  facet normal -0 0 -1
    outer loop
      vertex 34.1254 -13.5006 4
      vertex 33.8115 -14.9163 4
      vertex 33.828 -13.4549 4
    endloop
  endfacet
  facet normal 0 0 -1
    outer loop
      vertex 33.7016 -14.8993 4
      vertex 33.828 -13.4549 4
      vertex 33.8115 -14.9163 4
    endloop
  endfacet
  facet normal 0 0 -1
    outer loop
      vertex 33.5905 -14.8969 4
      vertex 33.828 -13.4549 4
      vertex 33.7016 -14.8993 4
    endloop
  endfacet
  facet normal 0 0 -1
    outer loop
      vertex 33.5905 -14.8969 4
      vertex 33.5272 -13.4483 4
      vertex 33.828 -13.4549 4
    endloop
  endfacet
  facet normal 0 0 -1
    outer loop
      vertex 33.48 -14.909 4
      vertex 33.5272 -13.4483 4
      vertex 33.5905 -14.8969 4
    endloop
  endfacet
  facet normal 0 0 -1
    outer loop
      vertex 33.2282 -13.481 4
      vertex 33.48 -14.909 4
      vertex 33.372 -14.9354 4
    endloop
  endfacet
  facet normal 0 0 -1
    outer loop
      vertex 32.9359 -13.5526 4
      vertex 33.372 -14.9354 4
      vertex 33.2683 -14.9757 4
    endloop
  endfacet
  facet normal 0 0 -1
    outer loop
      vertex 33.48 -14.909 4
      vertex 33.2282 -13.481 4
      vertex 33.5272 -13.4483 4
    endloop
  endfacet
  facet normal 0 0 -1
    outer loop
      vertex 32.6555 -13.6616 4
      vertex 33.2683 -14.9757 4
      vertex 33.1709 -15.0292 4
    endloop
  endfacet
  facet normal 0 0 -1
    outer loop
      vertex 32.6555 -13.6616 4
      vertex 33.1709 -15.0292 4
      vertex 33.0812 -15.095 4
    endloop
  endfacet
  facet normal 0 0 -1
    outer loop
      vertex 32.6555 -13.6616 4
      vertex 33.0812 -15.095 4
      vertex 33.0009 -15.1719 4
    endloop
  endfacet
  facet normal 0 0 -1
    outer loop
      vertex 33.372 -14.9354 4
      vertex 32.9359 -13.5526 4
      vertex 33.2282 -13.481 4
    endloop
  endfacet
  facet normal 0 0 -1
    outer loop
      vertex 32.6555 -13.6616 4
      vertex 33.0009 -15.1719 4
      vertex 32.9313 -15.2586 4
    endloop
  endfacet
  facet normal 0 0 -1
    outer loop
      vertex 32.6555 -13.6616 4
      vertex 32.9313 -15.2586 4
      vertex 32.8736 -15.3536 4
    endloop
  endfacet
  facet normal 0 0 -1
    outer loop
      vertex 32.6555 -13.6616 4
      vertex 32.8736 -15.3536 4
      vertex 32.8288 -15.4554 4
    endloop
  endfacet
  facet normal 0 0 -1
    outer loop
      vertex 32.6555 -13.6616 4
      vertex 32.8288 -15.4554 4
      vertex 32.7977 -15.5621 4
    endloop
  endfacet
  facet normal 0 0 -1
    outer loop
      vertex 32.6555 -13.6616 4
      vertex 32.7977 -15.5621 4
      vertex 32.7808 -15.672 4
    endloop
  endfacet
  facet normal 0 0 -1
    outer loop
      vertex 33.2683 -14.9757 4
      vertex 32.6555 -13.6616 4
      vertex 32.9359 -13.5526 4
    endloop
  endfacet
  facet normal 0 0 -1
    outer loop
      vertex 32.6555 -13.6616 4
      vertex 32.7808 -15.672 4
      vertex 32.7784 -15.7832 4
    endloop
  endfacet
  facet normal 0.625951 0.779862 -0
    outer loop
      vertex 35.1814 -14.0504 4
      vertex 34.9468 -13.8621 6
      vertex 35.1814 -14.0504 6
    endloop
  endfacet
  facet normal 0.625951 0.779862 0
    outer loop
      vertex 34.9468 -13.8621 6
      vertex 35.1814 -14.0504 4
      vertex 34.9468 -13.8621 4
    endloop
  endfacet
  facet normal -0.626153 -0.7797 0
    outer loop
      vertex 32.0737 -17.4418 4
      vertex 32.3083 -17.6302 6
      vertex 32.0737 -17.4418 6
    endloop
  endfacet
  facet normal -0.626153 -0.7797 -0
    outer loop
      vertex 32.3083 -17.6302 6
      vertex 32.0737 -17.4418 4
      vertex 32.3083 -17.6302 4
    endloop
  endfacet
  facet normal -0.806416 -0.591349 0
    outer loop
      vertex 31.8657 -17.2245 4
      vertex 31.6878 -16.9819 6
      vertex 31.6878 -16.9819 4
    endloop
  endfacet
  facet normal -0.806416 -0.591349 0
    outer loop
      vertex 31.6878 -16.9819 6
      vertex 31.8657 -17.2245 4
      vertex 31.8657 -17.2245 6
    endloop
  endfacet
  facet normal 0.932055 0.362318 0
    outer loop
      vertex 35.8211 -15.0545 6
      vertex 35.7121 -14.7741 4
      vertex 35.7121 -14.7741 6
    endloop
  endfacet
  facet normal 0.932055 0.362318 0
    outer loop
      vertex 35.7121 -14.7741 4
      vertex 35.8211 -15.0545 6
      vertex 35.8211 -15.0545 4
    endloop
  endfacet
  facet normal -0.23792 0.971285 0
    outer loop
      vertex 33.2282 -13.481 4
      vertex 32.9359 -13.5526 6
      vertex 33.2282 -13.481 6
    endloop
  endfacet
  facet normal -0.23792 0.971285 0
    outer loop
      vertex 32.9359 -13.5526 6
      vertex 33.2282 -13.481 4
      vertex 32.9359 -13.5526 4
    endloop
  endfacet
  facet normal -0.691479 0.722396 0
    outer loop
      vertex 32.1491 -13.9842 4
      vertex 31.9318 -14.1922 6
      vertex 32.1491 -13.9842 6
    endloop
  endfacet
  facet normal -0.691479 0.722396 0
    outer loop
      vertex 31.9318 -14.1922 6
      vertex 32.1491 -13.9842 4
      vertex 31.9318 -14.1922 4
    endloop
  endfacet
  facet normal 0.151882 0.988399 -0
    outer loop
      vertex 34.1254 -13.5006 4
      vertex 33.828 -13.4549 6
      vertex 34.1254 -13.5006 6
    endloop
  endfacet
  facet normal 0.151882 0.988399 0
    outer loop
      vertex 33.828 -13.4549 6
      vertex 34.1254 -13.5006 4
      vertex 33.828 -13.4549 4
    endloop
  endfacet
  facet normal 0.971343 0.237683 0
    outer loop
      vertex 35.8926 -15.3467 6
      vertex 35.8211 -15.0545 4
      vertex 35.8211 -15.0545 6
    endloop
  endfacet
  facet normal 0.971343 0.237683 0
    outer loop
      vertex 35.8211 -15.0545 4
      vertex 35.8926 -15.3467 6
      vertex 35.8926 -15.3467 4
    endloop
  endfacet
  facet normal 0.591191 -0.806532 0
    outer loop
      vertex 34.8633 -17.6859 4
      vertex 35.106 -17.508 6
      vertex 34.8633 -17.6859 6
    endloop
  endfacet
  facet normal 0.591191 -0.806532 0
    outer loop
      vertex 35.106 -17.508 6
      vertex 34.8633 -17.6859 4
      vertex 35.106 -17.508 4
    endloop
  endfacet
  facet normal -0.518596 -0.855019 0
    outer loop
      vertex 32.3083 -17.6302 4
      vertex 32.5655 -17.7862 6
      vertex 32.3083 -17.6302 6
    endloop
  endfacet
  facet normal -0.518596 -0.855019 -0
    outer loop
      vertex 32.5655 -17.7862 6
      vertex 32.3083 -17.6302 4
      vertex 32.5655 -17.7862 4
    endloop
  endfacet
  facet normal 0.915354 -0.402649 0
    outer loop
      vertex 35.6677 -16.8081 6
      vertex 35.7888 -16.5328 4
      vertex 35.7888 -16.5328 6
    endloop
  endfacet
  facet normal 0.915354 -0.402649 0
    outer loop
      vertex 35.7888 -16.5328 4
      vertex 35.6677 -16.8081 6
      vertex 35.6677 -16.8081 4
    endloop
  endfacet
  facet normal 0.960056 -0.279809 0
    outer loop
      vertex 35.7888 -16.5328 6
      vertex 35.873 -16.2439 4
      vertex 35.873 -16.2439 6
    endloop
  endfacet
  facet normal 0.960056 -0.279809 0
    outer loop
      vertex 35.873 -16.2439 4
      vertex 35.7888 -16.5328 6
      vertex 35.7888 -16.5328 4
    endloop
  endfacet
  facet normal -1 0 0
    outer loop
      vertex 8.9 -29.5843 0
      vertex 8.9 -25.7843 7.2
      vertex 8.9 -25.7843 0
    endloop
  endfacet
  facet normal -1 -0 0
    outer loop
      vertex 8.9 -25.7843 7.2
      vertex 8.9 -29.5843 0
      vertex 8.9 -29.5843 7.2
    endloop
  endfacet
  facet normal 0 -1 0
    outer loop
      vertex 4.83011 -25.7843 7.1692
      vertex 5.15642 -25.7843 4.69059
      vertex 5.3 -25.7843 4.7
    endloop
  endfacet
  facet normal 0 -1 0
    outer loop
      vertex 2.18231 -25.7843 5.4
      vertex 5.0153 -25.7843 4.66252
      vertex 5.15642 -25.7843 4.69059
    endloop
  endfacet
  facet normal 0 -1 0
    outer loop
      vertex 2.18231 -25.7843 5.4
      vertex 4.87905 -25.7843 4.61627
      vertex 5.0153 -25.7843 4.66252
    endloop
  endfacet
  facet normal 0 -1 0
    outer loop
      vertex 2.18231 -25.7843 5.4
      vertex 4.75 -25.7843 4.55263
      vertex 4.87905 -25.7843 4.61627
    endloop
  endfacet
  facet normal 0 -1 0
    outer loop
      vertex 4.28373 -25.7843 4.02095
      vertex 1.97403 -25.7843 4.97766
      vertex 1.82267 -25.7843 4.53175
    endloop
  endfacet
  facet normal 0 -1 0
    outer loop
      vertex 2.18231 -25.7843 5.4
      vertex 4.63036 -25.7843 4.47269
      vertex 4.75 -25.7843 4.55263
    endloop
  endfacet
  facet normal 0 -1 0
    outer loop
      vertex 2.18231 -25.7843 5.4
      vertex 4.52218 -25.7843 4.37782
      vertex 4.63036 -25.7843 4.47269
    endloop
  endfacet
  facet normal 0 -1 0
    outer loop
      vertex 2.18231 -25.7843 5.4
      vertex 4.42731 -25.7843 4.26964
      vertex 4.52218 -25.7843 4.37782
    endloop
  endfacet
  facet normal 0 -1 0
    outer loop
      vertex 2.18231 -25.7843 5.4
      vertex 4.34737 -25.7843 4.15
      vertex 4.42731 -25.7843 4.26964
    endloop
  endfacet
  facet normal 0 -1 0
    outer loop
      vertex 4.23748 -25.7843 3.8847
      vertex 1.82267 -25.7843 4.53175
      vertex 1.7308 -25.7843 4.06989
    endloop
  endfacet
  facet normal 0 -1 0
    outer loop
      vertex 1.97403 -25.7843 4.97766
      vertex 4.28373 -25.7843 4.02095
      vertex 4.34737 -25.7843 4.15
    endloop
  endfacet
  facet normal 0 -1 0
    outer loop
      vertex 1.82267 -25.7843 4.53175
      vertex 4.23748 -25.7843 3.8847
      vertex 4.28373 -25.7843 4.02095
    endloop
  endfacet
  facet normal 0 -1 0
    outer loop
      vertex 1.7308 -25.7843 4.06989
      vertex 4.20941 -25.7843 3.74358
      vertex 4.23748 -25.7843 3.8847
    endloop
  endfacet
  facet normal 0 -1 0
    outer loop
      vertex 1.7 -25.7843 3.6
      vertex 4.20941 -25.7843 3.74358
      vertex 1.7308 -25.7843 4.06989
    endloop
  endfacet
  facet normal 0 -1 0
    outer loop
      vertex 1.7 -25.7843 3.6
      vertex 4.2 -25.7843 3.6
      vertex 4.20941 -25.7843 3.74358
    endloop
  endfacet
  facet normal 0 -1 0
    outer loop
      vertex 1.7 -25.7843 3.6
      vertex 4.20941 -25.7843 3.45642
      vertex 4.2 -25.7843 3.6
    endloop
  endfacet
  facet normal 0 -1 0
    outer loop
      vertex 1.7308 -25.7843 3.13011
      vertex 4.20941 -25.7843 3.45642
      vertex 1.7 -25.7843 3.6
    endloop
  endfacet
  facet normal 0 -1 -0
    outer loop
      vertex 4.20941 -25.7843 3.45642
      vertex 1.7308 -25.7843 3.13011
      vertex 4.23748 -25.7843 3.3153
    endloop
  endfacet
  facet normal 0 -1 0
    outer loop
      vertex 1.82267 -25.7843 2.66825
      vertex 4.23748 -25.7843 3.3153
      vertex 1.7308 -25.7843 3.13011
    endloop
  endfacet
  facet normal 0 -1 -0
    outer loop
      vertex 4.23748 -25.7843 3.3153
      vertex 1.82267 -25.7843 2.66825
      vertex 4.28373 -25.7843 3.17905
    endloop
  endfacet
  facet normal 0 -1 0
    outer loop
      vertex 1.97403 -25.7843 2.22234
      vertex 4.28373 -25.7843 3.17905
      vertex 1.82267 -25.7843 2.66825
    endloop
  endfacet
  facet normal 0 -1 -0
    outer loop
      vertex 4.28373 -25.7843 3.17905
      vertex 1.97403 -25.7843 2.22234
      vertex 4.34737 -25.7843 3.05
    endloop
  endfacet
  facet normal 0 -1 0
    outer loop
      vertex 2.18231 -25.7843 1.8
      vertex 4.34737 -25.7843 3.05
      vertex 1.97403 -25.7843 2.22234
    endloop
  endfacet
  facet normal 0 -1 -0
    outer loop
      vertex 4.34737 -25.7843 3.05
      vertex 2.18231 -25.7843 1.8
      vertex 4.42731 -25.7843 2.93036
    endloop
  endfacet
  facet normal 0 -1 0
    outer loop
      vertex 2.44393 -25.7843 1.40846
      vertex 4.42731 -25.7843 2.93036
      vertex 2.18231 -25.7843 1.8
    endloop
  endfacet
  facet normal 0 -1 -0
    outer loop
      vertex 4.42731 -25.7843 2.93036
      vertex 2.44393 -25.7843 1.40846
      vertex 4.52218 -25.7843 2.82218
    endloop
  endfacet
  facet normal 0 -1 0
    outer loop
      vertex 2.75442 -25.7843 1.05442
      vertex 4.52218 -25.7843 2.82218
      vertex 2.44393 -25.7843 1.40846
    endloop
  endfacet
  facet normal 0 -1 -0
    outer loop
      vertex 4.52218 -25.7843 2.82218
      vertex 2.75442 -25.7843 1.05442
      vertex 4.63036 -25.7843 2.72731
    endloop
  endfacet
  facet normal 0 -1 0
    outer loop
      vertex 3.10846 -25.7843 0.743929
      vertex 4.63036 -25.7843 2.72731
      vertex 2.75442 -25.7843 1.05442
    endloop
  endfacet
  facet normal 0 -1 -0
    outer loop
      vertex 4.63036 -25.7843 2.72731
      vertex 3.10846 -25.7843 0.743929
      vertex 4.75 -25.7843 2.64737
    endloop
  endfacet
  facet normal 0 -1 0
    outer loop
      vertex 5.3 -25.7843 4.7
      vertex 5.3 -25.7843 7.2
      vertex 4.83011 -25.7843 7.1692
    endloop
  endfacet
  facet normal 0 -1 0
    outer loop
      vertex 5.15642 -25.7843 4.69059
      vertex 4.83011 -25.7843 7.1692
      vertex 4.36825 -25.7843 7.07733
    endloop
  endfacet
  facet normal 0 -1 0
    outer loop
      vertex 5.15642 -25.7843 4.69059
      vertex 4.36825 -25.7843 7.07733
      vertex 3.92234 -25.7843 6.92597
    endloop
  endfacet
  facet normal 0 -1 0
    outer loop
      vertex 5.15642 -25.7843 4.69059
      vertex 3.92234 -25.7843 6.92597
      vertex 3.5 -25.7843 6.71769
    endloop
  endfacet
  facet normal 0 -1 0
    outer loop
      vertex 5.15642 -25.7843 4.69059
      vertex 3.5 -25.7843 6.71769
      vertex 3.10846 -25.7843 6.45607
    endloop
  endfacet
  facet normal 0 -1 0
    outer loop
      vertex 5.15642 -25.7843 4.69059
      vertex 3.10846 -25.7843 6.45607
      vertex 2.75442 -25.7843 6.14558
    endloop
  endfacet
  facet normal 0 -1 0
    outer loop
      vertex 5.15642 -25.7843 4.69059
      vertex 2.75442 -25.7843 6.14558
      vertex 2.44393 -25.7843 5.79154
    endloop
  endfacet
  facet normal 0 -1 0
    outer loop
      vertex 5.15642 -25.7843 4.69059
      vertex 2.44393 -25.7843 5.79154
      vertex 2.18231 -25.7843 5.4
    endloop
  endfacet
  facet normal 0 -1 0
    outer loop
      vertex 4.34737 -25.7843 4.15
      vertex 2.18231 -25.7843 5.4
      vertex 1.97403 -25.7843 4.97766
    endloop
  endfacet
  facet normal 0 -1 0
    outer loop
      vertex 5.3 -25.7843 7.2
      vertex 5.3 -25.7843 4.7
      vertex 5.44358 -25.7843 4.69059
    endloop
  endfacet
  facet normal 0 -1 0
    outer loop
      vertex 5.3 -25.7843 7.2
      vertex 5.44358 -25.7843 4.69059
      vertex 5.5847 -25.7843 4.66252
    endloop
  endfacet
  facet normal 0 -1 0
    outer loop
      vertex 5.3 -25.7843 7.2
      vertex 5.5847 -25.7843 4.66252
      vertex 5.72095 -25.7843 4.61627
    endloop
  endfacet
  facet normal 0 -1 0
    outer loop
      vertex 5.3 -25.7843 7.2
      vertex 5.72095 -25.7843 4.61627
      vertex 5.85 -25.7843 4.55263
    endloop
  endfacet
  facet normal 0 -1 0
    outer loop
      vertex 5.96964 -25.7843 4.47269
      vertex 5.3 -25.7843 7.2
      vertex 5.85 -25.7843 4.55263
    endloop
  endfacet
  facet normal 0 -1 0
    outer loop
      vertex 5.3 -25.7843 7.2
      vertex 5.96964 -25.7843 4.47269
      vertex 8.9 -25.7843 7.2
    endloop
  endfacet
  facet normal 0 -1 0
    outer loop
      vertex 6.07782 -25.7843 4.37782
      vertex 8.9 -25.7843 7.2
      vertex 5.96964 -25.7843 4.47269
    endloop
  endfacet
  facet normal 0 -1 0
    outer loop
      vertex 6.17269 -25.7843 4.26964
      vertex 8.9 -25.7843 7.2
      vertex 6.07782 -25.7843 4.37782
    endloop
  endfacet
  facet normal 0 -1 0
    outer loop
      vertex 6.25263 -25.7843 4.15
      vertex 8.9 -25.7843 7.2
      vertex 6.17269 -25.7843 4.26964
    endloop
  endfacet
  facet normal 0 -1 0
    outer loop
      vertex 6.31627 -25.7843 4.02095
      vertex 8.9 -25.7843 7.2
      vertex 6.25263 -25.7843 4.15
    endloop
  endfacet
  facet normal 0 -1 0
    outer loop
      vertex 6.36252 -25.7843 3.8847
      vertex 8.9 -25.7843 7.2
      vertex 6.31627 -25.7843 4.02095
    endloop
  endfacet
  facet normal 0 -1 0
    outer loop
      vertex 6.39059 -25.7843 3.74358
      vertex 8.9 -25.7843 7.2
      vertex 6.36252 -25.7843 3.8847
    endloop
  endfacet
  facet normal 0 -1 0
    outer loop
      vertex 6.4 -25.7843 3.6
      vertex 8.9 -25.7843 7.2
      vertex 6.39059 -25.7843 3.74358
    endloop
  endfacet
  facet normal 0 -1 0
    outer loop
      vertex 8.9 -25.7843 0
      vertex 6.4 -25.7843 3.6
      vertex 6.39059 -25.7843 3.45642
    endloop
  endfacet
  facet normal 0 -1 0
    outer loop
      vertex 8.9 -25.7843 0
      vertex 6.39059 -25.7843 3.45642
      vertex 6.36252 -25.7843 3.3153
    endloop
  endfacet
  facet normal 0 -1 0
    outer loop
      vertex 8.9 -25.7843 0
      vertex 6.36252 -25.7843 3.3153
      vertex 6.31627 -25.7843 3.17905
    endloop
  endfacet
  facet normal 0 -1 0
    outer loop
      vertex 8.9 -25.7843 0
      vertex 6.31627 -25.7843 3.17905
      vertex 6.25263 -25.7843 3.05
    endloop
  endfacet
  facet normal 0 -1 0
    outer loop
      vertex 3.5 -25.7843 0.482309
      vertex 4.75 -25.7843 2.64737
      vertex 3.10846 -25.7843 0.743929
    endloop
  endfacet
  facet normal 0 -1 -0
    outer loop
      vertex 4.75 -25.7843 2.64737
      vertex 3.5 -25.7843 0.482309
      vertex 4.87905 -25.7843 2.58373
    endloop
  endfacet
  facet normal 0 -1 0
    outer loop
      vertex 3.92234 -25.7843 0.274034
      vertex 4.87905 -25.7843 2.58373
      vertex 3.5 -25.7843 0.482309
    endloop
  endfacet
  facet normal 0 -1 -0
    outer loop
      vertex 4.87905 -25.7843 2.58373
      vertex 3.92234 -25.7843 0.274034
      vertex 5.0153 -25.7843 2.53748
    endloop
  endfacet
  facet normal 0 -1 0
    outer loop
      vertex 4.36825 -25.7843 0.122668
      vertex 5.0153 -25.7843 2.53748
      vertex 3.92234 -25.7843 0.274034
    endloop
  endfacet
  facet normal 0 -1 -0
    outer loop
      vertex 5.0153 -25.7843 2.53748
      vertex 4.36825 -25.7843 0.122668
      vertex 5.15642 -25.7843 2.50941
    endloop
  endfacet
  facet normal 0 -1 0
    outer loop
      vertex 4.83011 -25.7843 0.0307985
      vertex 5.15642 -25.7843 2.50941
      vertex 4.36825 -25.7843 0.122668
    endloop
  endfacet
  facet normal 0 -1 -0
    outer loop
      vertex 5.15642 -25.7843 2.50941
      vertex 4.83011 -25.7843 0.0307985
      vertex 5.3 -25.7843 2.5
    endloop
  endfacet
  facet normal 0 -1 0
    outer loop
      vertex 5.3 -25.7843 5.72205e-07
      vertex 5.3 -25.7843 2.5
      vertex 4.83011 -25.7843 0.0307985
    endloop
  endfacet
  facet normal 0 -1 0
    outer loop
      vertex 5.3 -25.7843 2.5
      vertex 5.3 -25.7843 5.72205e-07
      vertex 5.44358 -25.7843 2.50941
    endloop
  endfacet
  facet normal 0 -1 -0
    outer loop
      vertex 5.44358 -25.7843 2.50941
      vertex 5.3 -25.7843 5.72205e-07
      vertex 5.5847 -25.7843 2.53748
    endloop
  endfacet
  facet normal 0 -1 -0
    outer loop
      vertex 5.5847 -25.7843 2.53748
      vertex 5.3 -25.7843 5.72205e-07
      vertex 5.72095 -25.7843 2.58373
    endloop
  endfacet
  facet normal 0 -1 -0
    outer loop
      vertex 5.72095 -25.7843 2.58373
      vertex 5.3 -25.7843 5.72205e-07
      vertex 5.85 -25.7843 2.64737
    endloop
  endfacet
  facet normal 0 -1 -0
    outer loop
      vertex 5.85 -25.7843 2.64737
      vertex 5.3 -25.7843 5.72205e-07
      vertex 5.96964 -25.7843 2.72731
    endloop
  endfacet
  facet normal 0 -1 0
    outer loop
      vertex 8.9 -25.7843 0
      vertex 5.96964 -25.7843 2.72731
      vertex 5.3 -25.7843 5.72205e-07
    endloop
  endfacet
  facet normal 0 -1 0
    outer loop
      vertex 5.96964 -25.7843 2.72731
      vertex 8.9 -25.7843 0
      vertex 6.07782 -25.7843 2.82218
    endloop
  endfacet
  facet normal 0 -1 0
    outer loop
      vertex 6.07782 -25.7843 2.82218
      vertex 8.9 -25.7843 0
      vertex 6.17269 -25.7843 2.93036
    endloop
  endfacet
  facet normal 0 -1 0
    outer loop
      vertex 6.17269 -25.7843 2.93036
      vertex 8.9 -25.7843 0
      vertex 6.25263 -25.7843 3.05
    endloop
  endfacet
  facet normal 0 -1 0
    outer loop
      vertex 8.9 -25.7843 0
      vertex 5.3 -25.7843 5.72205e-07
      vertex 5.3 -25.7843 0
    endloop
  endfacet
  facet normal 0 -1 0
    outer loop
      vertex 6.4 -25.7843 3.6
      vertex 8.9 -25.7843 0
      vertex 8.9 -25.7843 7.2
    endloop
  endfacet
  facet normal 0 1 -0
    outer loop
      vertex 5.96964 -29.5843 4.47269
      vertex 5.3 -29.5843 7.2
      vertex 8.9 -29.5843 7.2
    endloop
  endfacet
  facet normal -0 1 -0
    outer loop
      vertex 5.72095 -29.5843 4.61627
      vertex 5.3 -29.5843 7.2
      vertex 5.85 -29.5843 4.55263
    endloop
  endfacet
  facet normal -0 1 -0
    outer loop
      vertex 5.44358 -29.5843 4.69059
      vertex 5.3 -29.5843 7.2
      vertex 5.5847 -29.5843 4.66252
    endloop
  endfacet
  facet normal 0 1 0
    outer loop
      vertex 5.3 -29.5843 7.2
      vertex 5.3 -29.5843 4.7
      vertex 4.83011 -29.5843 7.1692
    endloop
  endfacet
  facet normal 0 1 -0
    outer loop
      vertex 5.15642 -29.5843 4.69059
      vertex 4.83011 -29.5843 7.1692
      vertex 5.3 -29.5843 4.7
    endloop
  endfacet
  facet normal 0 1 -0
    outer loop
      vertex 5.0153 -29.5843 4.66252
      vertex 4.36825 -29.5843 7.07733
      vertex 5.15642 -29.5843 4.69059
    endloop
  endfacet
  facet normal 0 1 -0
    outer loop
      vertex 4.87905 -29.5843 4.61627
      vertex 3.92234 -29.5843 6.92597
      vertex 5.0153 -29.5843 4.66252
    endloop
  endfacet
  facet normal 0 1 0
    outer loop
      vertex 3.92234 -29.5843 6.92597
      vertex 4.87905 -29.5843 4.61627
      vertex 3.5 -29.5843 6.71769
    endloop
  endfacet
  facet normal 0 1 0
    outer loop
      vertex 3.5 -29.5843 6.71769
      vertex 4.75 -29.5843 4.55263
      vertex 3.10846 -29.5843 6.45607
    endloop
  endfacet
  facet normal 0 1 -0
    outer loop
      vertex 4.75 -29.5843 4.55263
      vertex 3.5 -29.5843 6.71769
      vertex 4.87905 -29.5843 4.61627
    endloop
  endfacet
  facet normal 0 1 0
    outer loop
      vertex 4.36825 -29.5843 7.07733
      vertex 5.0153 -29.5843 4.66252
      vertex 3.92234 -29.5843 6.92597
    endloop
  endfacet
  facet normal 0 1 0
    outer loop
      vertex 4.83011 -29.5843 7.1692
      vertex 5.15642 -29.5843 4.69059
      vertex 4.36825 -29.5843 7.07733
    endloop
  endfacet
  facet normal -0 1 0
    outer loop
      vertex 5.3 -29.5843 4.7
      vertex 5.3 -29.5843 7.2
      vertex 5.44358 -29.5843 4.69059
    endloop
  endfacet
  facet normal -0 1 -0
    outer loop
      vertex 5.5847 -29.5843 4.66252
      vertex 5.3 -29.5843 7.2
      vertex 5.72095 -29.5843 4.61627
    endloop
  endfacet
  facet normal 0 1 0
    outer loop
      vertex 5.3 -29.5843 7.2
      vertex 5.96964 -29.5843 4.47269
      vertex 5.85 -29.5843 4.55263
    endloop
  endfacet
  facet normal 0 1 0
    outer loop
      vertex 8.9 -29.5843 7.2
      vertex 6.07782 -29.5843 4.37782
      vertex 5.96964 -29.5843 4.47269
    endloop
  endfacet
  facet normal 0 1 0
    outer loop
      vertex 8.9 -29.5843 7.2
      vertex 6.17269 -29.5843 4.26964
      vertex 6.07782 -29.5843 4.37782
    endloop
  endfacet
  facet normal 0 1 0
    outer loop
      vertex 8.9 -29.5843 7.2
      vertex 6.25263 -29.5843 4.15
      vertex 6.17269 -29.5843 4.26964
    endloop
  endfacet
  facet normal 0 1 0
    outer loop
      vertex 8.9 -29.5843 7.2
      vertex 6.31627 -29.5843 4.02095
      vertex 6.25263 -29.5843 4.15
    endloop
  endfacet
  facet normal 0 1 0
    outer loop
      vertex 8.9 -29.5843 7.2
      vertex 6.36252 -29.5843 3.8847
      vertex 6.31627 -29.5843 4.02095
    endloop
  endfacet
  facet normal 0 1 0
    outer loop
      vertex 8.9 -29.5843 7.2
      vertex 6.39059 -29.5843 3.74358
      vertex 6.36252 -29.5843 3.8847
    endloop
  endfacet
  facet normal 0 1 0
    outer loop
      vertex 8.9 -29.5843 7.2
      vertex 6.4 -29.5843 3.6
      vertex 6.39059 -29.5843 3.74358
    endloop
  endfacet
  facet normal 0 1 -0
    outer loop
      vertex 8.9 -29.5843 0
      vertex 6.4 -29.5843 3.6
      vertex 8.9 -29.5843 7.2
    endloop
  endfacet
  facet normal 0 1 0
    outer loop
      vertex 6.4 -29.5843 3.6
      vertex 8.9 -29.5843 0
      vertex 6.39059 -29.5843 3.45642
    endloop
  endfacet
  facet normal 0 1 0
    outer loop
      vertex 6.39059 -29.5843 3.45642
      vertex 8.9 -29.5843 0
      vertex 6.36252 -29.5843 3.3153
    endloop
  endfacet
  facet normal 0 1 0
    outer loop
      vertex 6.36252 -29.5843 3.3153
      vertex 8.9 -29.5843 0
      vertex 6.31627 -29.5843 3.17905
    endloop
  endfacet
  facet normal 0 1 0
    outer loop
      vertex 5.3 -29.5843 5.72205e-07
      vertex 5.3 -29.5843 2.5
      vertex 5.44358 -29.5843 2.50941
    endloop
  endfacet
  facet normal 0 1 0
    outer loop
      vertex 5.3 -29.5843 2.5
      vertex 2.18231 -29.5843 1.8
      vertex 1.97403 -29.5843 2.22234
    endloop
  endfacet
  facet normal 0 1 0
    outer loop
      vertex 5.3 -29.5843 5.72205e-07
      vertex 5.44358 -29.5843 2.50941
      vertex 5.5847 -29.5843 2.53748
    endloop
  endfacet
  facet normal 0 1 0
    outer loop
      vertex 5.3 -29.5843 2.5
      vertex 2.44393 -29.5843 1.40846
      vertex 2.18231 -29.5843 1.8
    endloop
  endfacet
  facet normal 0 1 0
    outer loop
      vertex 5.3 -29.5843 5.72205e-07
      vertex 5.5847 -29.5843 2.53748
      vertex 5.72095 -29.5843 2.58373
    endloop
  endfacet
  facet normal 0 1 0
    outer loop
      vertex 5.3 -29.5843 2.5
      vertex 2.75442 -29.5843 1.05442
      vertex 2.44393 -29.5843 1.40846
    endloop
  endfacet
  facet normal 0 1 0
    outer loop
      vertex 5.3 -29.5843 5.72205e-07
      vertex 5.72095 -29.5843 2.58373
      vertex 5.85 -29.5843 2.64737
    endloop
  endfacet
  facet normal 0 1 0
    outer loop
      vertex 5.3 -29.5843 2.5
      vertex 3.10846 -29.5843 0.743929
      vertex 2.75442 -29.5843 1.05442
    endloop
  endfacet
  facet normal 0 1 0
    outer loop
      vertex 5.3 -29.5843 5.72205e-07
      vertex 5.85 -29.5843 2.64737
      vertex 5.96964 -29.5843 2.72731
    endloop
  endfacet
  facet normal 0 1 0
    outer loop
      vertex 5.3 -29.5843 2.5
      vertex 3.5 -29.5843 0.482309
      vertex 3.10846 -29.5843 0.743929
    endloop
  endfacet
  facet normal 0 1 0
    outer loop
      vertex 8.9 -29.5843 0
      vertex 5.96964 -29.5843 2.72731
      vertex 6.07782 -29.5843 2.82218
    endloop
  endfacet
  facet normal 0 1 0
    outer loop
      vertex 5.3 -29.5843 2.5
      vertex 3.92234 -29.5843 0.274034
      vertex 3.5 -29.5843 0.482309
    endloop
  endfacet
  facet normal 0 1 0
    outer loop
      vertex 8.9 -29.5843 0
      vertex 6.07782 -29.5843 2.82218
      vertex 6.17269 -29.5843 2.93036
    endloop
  endfacet
  facet normal 0 1 0
    outer loop
      vertex 5.3 -29.5843 2.5
      vertex 4.36825 -29.5843 0.122668
      vertex 3.92234 -29.5843 0.274034
    endloop
  endfacet
  facet normal 0 1 0
    outer loop
      vertex 8.9 -29.5843 0
      vertex 6.17269 -29.5843 2.93036
      vertex 6.25263 -29.5843 3.05
    endloop
  endfacet
  facet normal 0 1 0
    outer loop
      vertex 5.3 -29.5843 2.5
      vertex 4.83011 -29.5843 0.0307985
      vertex 4.36825 -29.5843 0.122668
    endloop
  endfacet
  facet normal 0 1 0
    outer loop
      vertex 6.31627 -29.5843 3.17905
      vertex 8.9 -29.5843 0
      vertex 6.25263 -29.5843 3.05
    endloop
  endfacet
  facet normal 0 1 0
    outer loop
      vertex 5.3 -29.5843 2.5
      vertex 5.3 -29.5843 5.72205e-07
      vertex 4.83011 -29.5843 0.0307985
    endloop
  endfacet
  facet normal 0 1 0
    outer loop
      vertex 5.96964 -29.5843 2.72731
      vertex 8.9 -29.5843 0
      vertex 5.3 -29.5843 5.72205e-07
    endloop
  endfacet
  facet normal 0 1 0
    outer loop
      vertex 5.3 -29.5843 5.72205e-07
      vertex 8.9 -29.5843 0
      vertex 5.3 -29.5843 0
    endloop
  endfacet
  facet normal 0 1 -0
    outer loop
      vertex 4.63036 -29.5843 4.47269
      vertex 3.10846 -29.5843 6.45607
      vertex 4.75 -29.5843 4.55263
    endloop
  endfacet
  facet normal 0 1 0
    outer loop
      vertex 3.10846 -29.5843 6.45607
      vertex 4.63036 -29.5843 4.47269
      vertex 2.75442 -29.5843 6.14558
    endloop
  endfacet
  facet normal 0 1 -0
    outer loop
      vertex 4.52218 -29.5843 4.37782
      vertex 2.75442 -29.5843 6.14558
      vertex 4.63036 -29.5843 4.47269
    endloop
  endfacet
  facet normal 0 1 0
    outer loop
      vertex 2.75442 -29.5843 6.14558
      vertex 4.52218 -29.5843 4.37782
      vertex 2.44393 -29.5843 5.79154
    endloop
  endfacet
  facet normal 0 1 -0
    outer loop
      vertex 4.42731 -29.5843 4.26964
      vertex 2.44393 -29.5843 5.79154
      vertex 4.52218 -29.5843 4.37782
    endloop
  endfacet
  facet normal 0 1 0
    outer loop
      vertex 2.44393 -29.5843 5.79154
      vertex 4.42731 -29.5843 4.26964
      vertex 2.18231 -29.5843 5.4
    endloop
  endfacet
  facet normal 0 1 -0
    outer loop
      vertex 4.34737 -29.5843 4.15
      vertex 2.18231 -29.5843 5.4
      vertex 4.42731 -29.5843 4.26964
    endloop
  endfacet
  facet normal 0 1 0
    outer loop
      vertex 2.18231 -29.5843 5.4
      vertex 4.34737 -29.5843 4.15
      vertex 1.97403 -29.5843 4.97766
    endloop
  endfacet
  facet normal 0 1 -0
    outer loop
      vertex 4.28373 -29.5843 4.02095
      vertex 1.97403 -29.5843 4.97766
      vertex 4.34737 -29.5843 4.15
    endloop
  endfacet
  facet normal 0 1 0
    outer loop
      vertex 1.97403 -29.5843 4.97766
      vertex 4.28373 -29.5843 4.02095
      vertex 1.82267 -29.5843 4.53175
    endloop
  endfacet
  facet normal 0 1 -0
    outer loop
      vertex 4.23748 -29.5843 3.8847
      vertex 1.82267 -29.5843 4.53175
      vertex 4.28373 -29.5843 4.02095
    endloop
  endfacet
  facet normal 0 1 0
    outer loop
      vertex 1.82267 -29.5843 4.53175
      vertex 4.23748 -29.5843 3.8847
      vertex 1.7308 -29.5843 4.06989
    endloop
  endfacet
  facet normal 0 1 -0
    outer loop
      vertex 4.20941 -29.5843 3.74358
      vertex 1.7308 -29.5843 4.06989
      vertex 4.23748 -29.5843 3.8847
    endloop
  endfacet
  facet normal 0 1 0
    outer loop
      vertex 4.20941 -29.5843 3.74358
      vertex 1.7 -29.5843 3.6
      vertex 1.7308 -29.5843 4.06989
    endloop
  endfacet
  facet normal 0 1 -0
    outer loop
      vertex 4.2 -29.5843 3.6
      vertex 1.7 -29.5843 3.6
      vertex 4.20941 -29.5843 3.74358
    endloop
  endfacet
  facet normal 0 1 0
    outer loop
      vertex 4.20941 -29.5843 3.45642
      vertex 1.7 -29.5843 3.6
      vertex 4.2 -29.5843 3.6
    endloop
  endfacet
  facet normal 0 1 0
    outer loop
      vertex 1.7308 -29.5843 3.13011
      vertex 4.20941 -29.5843 3.45642
      vertex 4.23748 -29.5843 3.3153
    endloop
  endfacet
  facet normal 0 1 0
    outer loop
      vertex 1.82267 -29.5843 2.66825
      vertex 4.23748 -29.5843 3.3153
      vertex 4.28373 -29.5843 3.17905
    endloop
  endfacet
  facet normal 0 1 0
    outer loop
      vertex 4.20941 -29.5843 3.45642
      vertex 1.7308 -29.5843 3.13011
      vertex 1.7 -29.5843 3.6
    endloop
  endfacet
  facet normal 0 1 0
    outer loop
      vertex 1.97403 -29.5843 2.22234
      vertex 4.28373 -29.5843 3.17905
      vertex 4.34737 -29.5843 3.05
    endloop
  endfacet
  facet normal 0 1 0
    outer loop
      vertex 1.97403 -29.5843 2.22234
      vertex 4.34737 -29.5843 3.05
      vertex 4.42731 -29.5843 2.93036
    endloop
  endfacet
  facet normal 0 1 0
    outer loop
      vertex 1.97403 -29.5843 2.22234
      vertex 4.42731 -29.5843 2.93036
      vertex 4.52218 -29.5843 2.82218
    endloop
  endfacet
  facet normal 0 1 0
    outer loop
      vertex 1.97403 -29.5843 2.22234
      vertex 4.52218 -29.5843 2.82218
      vertex 4.63036 -29.5843 2.72731
    endloop
  endfacet
  facet normal 0 1 0
    outer loop
      vertex 4.23748 -29.5843 3.3153
      vertex 1.82267 -29.5843 2.66825
      vertex 1.7308 -29.5843 3.13011
    endloop
  endfacet
  facet normal 0 1 0
    outer loop
      vertex 1.97403 -29.5843 2.22234
      vertex 4.63036 -29.5843 2.72731
      vertex 4.75 -29.5843 2.64737
    endloop
  endfacet
  facet normal 0 1 0
    outer loop
      vertex 1.97403 -29.5843 2.22234
      vertex 4.75 -29.5843 2.64737
      vertex 4.87905 -29.5843 2.58373
    endloop
  endfacet
  facet normal 0 1 0
    outer loop
      vertex 1.97403 -29.5843 2.22234
      vertex 4.87905 -29.5843 2.58373
      vertex 5.0153 -29.5843 2.53748
    endloop
  endfacet
  facet normal 0 1 0
    outer loop
      vertex 1.97403 -29.5843 2.22234
      vertex 5.0153 -29.5843 2.53748
      vertex 5.15642 -29.5843 2.50941
    endloop
  endfacet
  facet normal 0 1 0
    outer loop
      vertex 1.97403 -29.5843 2.22234
      vertex 5.15642 -29.5843 2.50941
      vertex 5.3 -29.5843 2.5
    endloop
  endfacet
  facet normal 0 1 0
    outer loop
      vertex 4.28373 -29.5843 3.17905
      vertex 1.97403 -29.5843 2.22234
      vertex 1.82267 -29.5843 2.66825
    endloop
  endfacet
  facet normal -1 0 0
    outer loop
      vertex 8.9 47.4321 0
      vertex 8.9 51.2321 7.2
      vertex 8.9 51.2321 0
    endloop
  endfacet
  facet normal -1 -0 0
    outer loop
      vertex 8.9 51.2321 7.2
      vertex 8.9 47.4321 0
      vertex 8.9 47.4321 7.2
    endloop
  endfacet
  facet normal 0 -1 0
    outer loop
      vertex 4.83011 51.2321 7.1692
      vertex 5.15642 51.2321 4.69059
      vertex 5.3 51.2321 4.7
    endloop
  endfacet
  facet normal 0 -1 0
    outer loop
      vertex 2.18231 51.2321 5.4
      vertex 5.0153 51.2321 4.66252
      vertex 5.15642 51.2321 4.69059
    endloop
  endfacet
  facet normal 0 -1 0
    outer loop
      vertex 2.18231 51.2321 5.4
      vertex 4.87905 51.2321 4.61627
      vertex 5.0153 51.2321 4.66252
    endloop
  endfacet
  facet normal 0 -1 0
    outer loop
      vertex 2.18231 51.2321 5.4
      vertex 4.75 51.2321 4.55263
      vertex 4.87905 51.2321 4.61627
    endloop
  endfacet
  facet normal 0 -1 0
    outer loop
      vertex 4.28373 51.2321 4.02095
      vertex 1.97403 51.2321 4.97766
      vertex 1.82267 51.2321 4.53175
    endloop
  endfacet
  facet normal 0 -1 0
    outer loop
      vertex 2.18231 51.2321 5.4
      vertex 4.63036 51.2321 4.47269
      vertex 4.75 51.2321 4.55263
    endloop
  endfacet
  facet normal 0 -1 0
    outer loop
      vertex 2.18231 51.2321 5.4
      vertex 4.52218 51.2321 4.37782
      vertex 4.63036 51.2321 4.47269
    endloop
  endfacet
  facet normal 0 -1 0
    outer loop
      vertex 2.18231 51.2321 5.4
      vertex 4.42731 51.2321 4.26964
      vertex 4.52218 51.2321 4.37782
    endloop
  endfacet
  facet normal 0 -1 0
    outer loop
      vertex 2.18231 51.2321 5.4
      vertex 4.34737 51.2321 4.15
      vertex 4.42731 51.2321 4.26964
    endloop
  endfacet
  facet normal 0 -1 0
    outer loop
      vertex 4.23748 51.2321 3.8847
      vertex 1.82267 51.2321 4.53175
      vertex 1.7308 51.2321 4.06989
    endloop
  endfacet
  facet normal 0 -1 0
    outer loop
      vertex 1.97403 51.2321 4.97766
      vertex 4.28373 51.2321 4.02095
      vertex 4.34737 51.2321 4.15
    endloop
  endfacet
  facet normal 0 -1 0
    outer loop
      vertex 1.82267 51.2321 4.53175
      vertex 4.23748 51.2321 3.8847
      vertex 4.28373 51.2321 4.02095
    endloop
  endfacet
  facet normal 0 -1 0
    outer loop
      vertex 1.7308 51.2321 4.06989
      vertex 4.20941 51.2321 3.74358
      vertex 4.23748 51.2321 3.8847
    endloop
  endfacet
  facet normal 0 -1 0
    outer loop
      vertex 1.7 51.2321 3.6
      vertex 4.20941 51.2321 3.74358
      vertex 1.7308 51.2321 4.06989
    endloop
  endfacet
  facet normal 0 -1 0
    outer loop
      vertex 1.7 51.2321 3.6
      vertex 4.2 51.2321 3.6
      vertex 4.20941 51.2321 3.74358
    endloop
  endfacet
  facet normal 0 -1 0
    outer loop
      vertex 1.7 51.2321 3.6
      vertex 4.20941 51.2321 3.45642
      vertex 4.2 51.2321 3.6
    endloop
  endfacet
  facet normal 0 -1 0
    outer loop
      vertex 1.7308 51.2321 3.13011
      vertex 4.20941 51.2321 3.45642
      vertex 1.7 51.2321 3.6
    endloop
  endfacet
  facet normal 0 -1 -0
    outer loop
      vertex 4.20941 51.2321 3.45642
      vertex 1.7308 51.2321 3.13011
      vertex 4.23748 51.2321 3.3153
    endloop
  endfacet
  facet normal 0 -1 0
    outer loop
      vertex 1.82267 51.2321 2.66825
      vertex 4.23748 51.2321 3.3153
      vertex 1.7308 51.2321 3.13011
    endloop
  endfacet
  facet normal 0 -1 -0
    outer loop
      vertex 4.23748 51.2321 3.3153
      vertex 1.82267 51.2321 2.66825
      vertex 4.28373 51.2321 3.17905
    endloop
  endfacet
  facet normal 0 -1 0
    outer loop
      vertex 1.97403 51.2321 2.22234
      vertex 4.28373 51.2321 3.17905
      vertex 1.82267 51.2321 2.66825
    endloop
  endfacet
  facet normal 0 -1 -0
    outer loop
      vertex 4.28373 51.2321 3.17905
      vertex 1.97403 51.2321 2.22234
      vertex 4.34737 51.2321 3.05
    endloop
  endfacet
  facet normal 0 -1 0
    outer loop
      vertex 2.18231 51.2321 1.8
      vertex 4.34737 51.2321 3.05
      vertex 1.97403 51.2321 2.22234
    endloop
  endfacet
  facet normal 0 -1 -0
    outer loop
      vertex 4.34737 51.2321 3.05
      vertex 2.18231 51.2321 1.8
      vertex 4.42731 51.2321 2.93036
    endloop
  endfacet
  facet normal 0 -1 0
    outer loop
      vertex 2.44393 51.2321 1.40846
      vertex 4.42731 51.2321 2.93036
      vertex 2.18231 51.2321 1.8
    endloop
  endfacet
  facet normal 0 -1 -0
    outer loop
      vertex 4.42731 51.2321 2.93036
      vertex 2.44393 51.2321 1.40846
      vertex 4.52218 51.2321 2.82218
    endloop
  endfacet
  facet normal 0 -1 0
    outer loop
      vertex 2.75442 51.2321 1.05442
      vertex 4.52218 51.2321 2.82218
      vertex 2.44393 51.2321 1.40846
    endloop
  endfacet
  facet normal 0 -1 -0
    outer loop
      vertex 4.52218 51.2321 2.82218
      vertex 2.75442 51.2321 1.05442
      vertex 4.63036 51.2321 2.72731
    endloop
  endfacet
  facet normal 0 -1 0
    outer loop
      vertex 3.10846 51.2321 0.743929
      vertex 4.63036 51.2321 2.72731
      vertex 2.75442 51.2321 1.05442
    endloop
  endfacet
  facet normal 0 -1 -0
    outer loop
      vertex 4.63036 51.2321 2.72731
      vertex 3.10846 51.2321 0.743929
      vertex 4.75 51.2321 2.64737
    endloop
  endfacet
  facet normal 0 -1 0
    outer loop
      vertex 5.3 51.2321 4.7
      vertex 5.3 51.2321 7.2
      vertex 4.83011 51.2321 7.1692
    endloop
  endfacet
  facet normal 0 -1 0
    outer loop
      vertex 5.15642 51.2321 4.69059
      vertex 4.83011 51.2321 7.1692
      vertex 4.36825 51.2321 7.07733
    endloop
  endfacet
  facet normal 0 -1 0
    outer loop
      vertex 5.15642 51.2321 4.69059
      vertex 4.36825 51.2321 7.07733
      vertex 3.92234 51.2321 6.92597
    endloop
  endfacet
  facet normal 0 -1 0
    outer loop
      vertex 5.15642 51.2321 4.69059
      vertex 3.92234 51.2321 6.92597
      vertex 3.5 51.2321 6.71769
    endloop
  endfacet
  facet normal 0 -1 0
    outer loop
      vertex 5.15642 51.2321 4.69059
      vertex 3.5 51.2321 6.71769
      vertex 3.10846 51.2321 6.45607
    endloop
  endfacet
  facet normal 0 -1 0
    outer loop
      vertex 5.15642 51.2321 4.69059
      vertex 3.10846 51.2321 6.45607
      vertex 2.75442 51.2321 6.14558
    endloop
  endfacet
  facet normal 0 -1 0
    outer loop
      vertex 5.15642 51.2321 4.69059
      vertex 2.75442 51.2321 6.14558
      vertex 2.44393 51.2321 5.79154
    endloop
  endfacet
  facet normal 0 -1 0
    outer loop
      vertex 5.15642 51.2321 4.69059
      vertex 2.44393 51.2321 5.79154
      vertex 2.18231 51.2321 5.4
    endloop
  endfacet
  facet normal 0 -1 0
    outer loop
      vertex 4.34737 51.2321 4.15
      vertex 2.18231 51.2321 5.4
      vertex 1.97403 51.2321 4.97766
    endloop
  endfacet
  facet normal 0 -1 0
    outer loop
      vertex 5.3 51.2321 7.2
      vertex 5.3 51.2321 4.7
      vertex 5.44358 51.2321 4.69059
    endloop
  endfacet
  facet normal 0 -1 0
    outer loop
      vertex 5.3 51.2321 7.2
      vertex 5.44358 51.2321 4.69059
      vertex 5.5847 51.2321 4.66252
    endloop
  endfacet
  facet normal 0 -1 0
    outer loop
      vertex 5.3 51.2321 7.2
      vertex 5.5847 51.2321 4.66252
      vertex 5.72095 51.2321 4.61627
    endloop
  endfacet
  facet normal 0 -1 0
    outer loop
      vertex 5.3 51.2321 7.2
      vertex 5.72095 51.2321 4.61627
      vertex 5.85 51.2321 4.55263
    endloop
  endfacet
  facet normal 0 -1 0
    outer loop
      vertex 5.96964 51.2321 4.47269
      vertex 5.3 51.2321 7.2
      vertex 5.85 51.2321 4.55263
    endloop
  endfacet
  facet normal 0 -1 0
    outer loop
      vertex 5.3 51.2321 7.2
      vertex 5.96964 51.2321 4.47269
      vertex 8.9 51.2321 7.2
    endloop
  endfacet
  facet normal 0 -1 0
    outer loop
      vertex 6.07782 51.2321 4.37782
      vertex 8.9 51.2321 7.2
      vertex 5.96964 51.2321 4.47269
    endloop
  endfacet
  facet normal 0 -1 0
    outer loop
      vertex 6.17269 51.2321 4.26964
      vertex 8.9 51.2321 7.2
      vertex 6.07782 51.2321 4.37782
    endloop
  endfacet
  facet normal 0 -1 0
    outer loop
      vertex 6.25263 51.2321 4.15
      vertex 8.9 51.2321 7.2
      vertex 6.17269 51.2321 4.26964
    endloop
  endfacet
  facet normal 0 -1 0
    outer loop
      vertex 6.31627 51.2321 4.02095
      vertex 8.9 51.2321 7.2
      vertex 6.25263 51.2321 4.15
    endloop
  endfacet
  facet normal 0 -1 0
    outer loop
      vertex 6.36252 51.2321 3.8847
      vertex 8.9 51.2321 7.2
      vertex 6.31627 51.2321 4.02095
    endloop
  endfacet
  facet normal 0 -1 0
    outer loop
      vertex 6.39059 51.2321 3.74358
      vertex 8.9 51.2321 7.2
      vertex 6.36252 51.2321 3.8847
    endloop
  endfacet
  facet normal 0 -1 0
    outer loop
      vertex 6.4 51.2321 3.6
      vertex 8.9 51.2321 7.2
      vertex 6.39059 51.2321 3.74358
    endloop
  endfacet
  facet normal 0 -1 0
    outer loop
      vertex 8.9 51.2321 0
      vertex 6.4 51.2321 3.6
      vertex 6.39059 51.2321 3.45642
    endloop
  endfacet
  facet normal 0 -1 0
    outer loop
      vertex 8.9 51.2321 0
      vertex 6.39059 51.2321 3.45642
      vertex 6.36252 51.2321 3.3153
    endloop
  endfacet
  facet normal 0 -1 0
    outer loop
      vertex 8.9 51.2321 0
      vertex 6.36252 51.2321 3.3153
      vertex 6.31627 51.2321 3.17905
    endloop
  endfacet
  facet normal 0 -1 0
    outer loop
      vertex 8.9 51.2321 0
      vertex 6.31627 51.2321 3.17905
      vertex 6.25263 51.2321 3.05
    endloop
  endfacet
  facet normal 0 -1 0
    outer loop
      vertex 3.5 51.2321 0.482309
      vertex 4.75 51.2321 2.64737
      vertex 3.10846 51.2321 0.743929
    endloop
  endfacet
  facet normal 0 -1 -0
    outer loop
      vertex 4.75 51.2321 2.64737
      vertex 3.5 51.2321 0.482309
      vertex 4.87905 51.2321 2.58373
    endloop
  endfacet
  facet normal 0 -1 0
    outer loop
      vertex 3.92234 51.2321 0.274034
      vertex 4.87905 51.2321 2.58373
      vertex 3.5 51.2321 0.482309
    endloop
  endfacet
  facet normal 0 -1 -0
    outer loop
      vertex 4.87905 51.2321 2.58373
      vertex 3.92234 51.2321 0.274034
      vertex 5.0153 51.2321 2.53748
    endloop
  endfacet
  facet normal 0 -1 0
    outer loop
      vertex 4.36825 51.2321 0.122668
      vertex 5.0153 51.2321 2.53748
      vertex 3.92234 51.2321 0.274034
    endloop
  endfacet
  facet normal 0 -1 -0
    outer loop
      vertex 5.0153 51.2321 2.53748
      vertex 4.36825 51.2321 0.122668
      vertex 5.15642 51.2321 2.50941
    endloop
  endfacet
  facet normal 0 -1 0
    outer loop
      vertex 4.83011 51.2321 0.0307985
      vertex 5.15642 51.2321 2.50941
      vertex 4.36825 51.2321 0.122668
    endloop
  endfacet
  facet normal 0 -1 -0
    outer loop
      vertex 5.15642 51.2321 2.50941
      vertex 4.83011 51.2321 0.0307985
      vertex 5.3 51.2321 2.5
    endloop
  endfacet
  facet normal 0 -1 0
    outer loop
      vertex 5.3 51.2321 5.72205e-07
      vertex 5.3 51.2321 2.5
      vertex 4.83011 51.2321 0.0307985
    endloop
  endfacet
  facet normal 0 -1 0
    outer loop
      vertex 5.3 51.2321 2.5
      vertex 5.3 51.2321 5.72205e-07
      vertex 5.44358 51.2321 2.50941
    endloop
  endfacet
  facet normal 0 -1 -0
    outer loop
      vertex 5.44358 51.2321 2.50941
      vertex 5.3 51.2321 5.72205e-07
      vertex 5.5847 51.2321 2.53748
    endloop
  endfacet
  facet normal 0 -1 -0
    outer loop
      vertex 5.5847 51.2321 2.53748
      vertex 5.3 51.2321 5.72205e-07
      vertex 5.72095 51.2321 2.58373
    endloop
  endfacet
  facet normal 0 -1 -0
    outer loop
      vertex 5.72095 51.2321 2.58373
      vertex 5.3 51.2321 5.72205e-07
      vertex 5.85 51.2321 2.64737
    endloop
  endfacet
  facet normal 0 -1 -0
    outer loop
      vertex 5.85 51.2321 2.64737
      vertex 5.3 51.2321 5.72205e-07
      vertex 5.96964 51.2321 2.72731
    endloop
  endfacet
  facet normal 0 -1 0
    outer loop
      vertex 8.9 51.2321 0
      vertex 5.96964 51.2321 2.72731
      vertex 5.3 51.2321 5.72205e-07
    endloop
  endfacet
  facet normal 0 -1 0
    outer loop
      vertex 5.96964 51.2321 2.72731
      vertex 8.9 51.2321 0
      vertex 6.07782 51.2321 2.82218
    endloop
  endfacet
  facet normal 0 -1 0
    outer loop
      vertex 6.07782 51.2321 2.82218
      vertex 8.9 51.2321 0
      vertex 6.17269 51.2321 2.93036
    endloop
  endfacet
  facet normal 0 -1 0
    outer loop
      vertex 6.17269 51.2321 2.93036
      vertex 8.9 51.2321 0
      vertex 6.25263 51.2321 3.05
    endloop
  endfacet
  facet normal 0 -1 0
    outer loop
      vertex 8.9 51.2321 0
      vertex 5.3 51.2321 5.72205e-07
      vertex 5.3 51.2321 0
    endloop
  endfacet
  facet normal 0 -1 0
    outer loop
      vertex 6.4 51.2321 3.6
      vertex 8.9 51.2321 0
      vertex 8.9 51.2321 7.2
    endloop
  endfacet
  facet normal 0 1 -0
    outer loop
      vertex 5.96964 47.4321 4.47269
      vertex 5.3 47.4321 7.2
      vertex 8.9 47.4321 7.2
    endloop
  endfacet
  facet normal -0 1 -0
    outer loop
      vertex 5.72095 47.4321 4.61627
      vertex 5.3 47.4321 7.2
      vertex 5.85 47.4321 4.55263
    endloop
  endfacet
  facet normal -0 1 -0
    outer loop
      vertex 5.44358 47.4321 4.69059
      vertex 5.3 47.4321 7.2
      vertex 5.5847 47.4321 4.66252
    endloop
  endfacet
  facet normal 0 1 0
    outer loop
      vertex 5.3 47.4321 7.2
      vertex 5.3 47.4321 4.7
      vertex 4.83011 47.4321 7.1692
    endloop
  endfacet
  facet normal 0 1 -0
    outer loop
      vertex 5.15642 47.4321 4.69059
      vertex 4.83011 47.4321 7.1692
      vertex 5.3 47.4321 4.7
    endloop
  endfacet
  facet normal 0 1 -0
    outer loop
      vertex 5.0153 47.4321 4.66252
      vertex 4.36825 47.4321 7.07733
      vertex 5.15642 47.4321 4.69059
    endloop
  endfacet
  facet normal 0 1 -0
    outer loop
      vertex 4.87905 47.4321 4.61627
      vertex 3.92234 47.4321 6.92597
      vertex 5.0153 47.4321 4.66252
    endloop
  endfacet
  facet normal 0 1 0
    outer loop
      vertex 3.92234 47.4321 6.92597
      vertex 4.87905 47.4321 4.61627
      vertex 3.5 47.4321 6.71769
    endloop
  endfacet
  facet normal 0 1 0
    outer loop
      vertex 3.5 47.4321 6.71769
      vertex 4.75 47.4321 4.55263
      vertex 3.10846 47.4321 6.45607
    endloop
  endfacet
  facet normal 0 1 -0
    outer loop
      vertex 4.75 47.4321 4.55263
      vertex 3.5 47.4321 6.71769
      vertex 4.87905 47.4321 4.61627
    endloop
  endfacet
  facet normal 0 1 0
    outer loop
      vertex 4.36825 47.4321 7.07733
      vertex 5.0153 47.4321 4.66252
      vertex 3.92234 47.4321 6.92597
    endloop
  endfacet
  facet normal 0 1 0
    outer loop
      vertex 4.83011 47.4321 7.1692
      vertex 5.15642 47.4321 4.69059
      vertex 4.36825 47.4321 7.07733
    endloop
  endfacet
  facet normal -0 1 0
    outer loop
      vertex 5.3 47.4321 4.7
      vertex 5.3 47.4321 7.2
      vertex 5.44358 47.4321 4.69059
    endloop
  endfacet
  facet normal -0 1 -0
    outer loop
      vertex 5.5847 47.4321 4.66252
      vertex 5.3 47.4321 7.2
      vertex 5.72095 47.4321 4.61627
    endloop
  endfacet
  facet normal 0 1 0
    outer loop
      vertex 5.3 47.4321 7.2
      vertex 5.96964 47.4321 4.47269
      vertex 5.85 47.4321 4.55263
    endloop
  endfacet
  facet normal 0 1 0
    outer loop
      vertex 8.9 47.4321 7.2
      vertex 6.07782 47.4321 4.37782
      vertex 5.96964 47.4321 4.47269
    endloop
  endfacet
  facet normal 0 1 0
    outer loop
      vertex 8.9 47.4321 7.2
      vertex 6.17269 47.4321 4.26964
      vertex 6.07782 47.4321 4.37782
    endloop
  endfacet
  facet normal 0 1 0
    outer loop
      vertex 8.9 47.4321 7.2
      vertex 6.25263 47.4321 4.15
      vertex 6.17269 47.4321 4.26964
    endloop
  endfacet
  facet normal 0 1 0
    outer loop
      vertex 8.9 47.4321 7.2
      vertex 6.31627 47.4321 4.02095
      vertex 6.25263 47.4321 4.15
    endloop
  endfacet
  facet normal 0 1 0
    outer loop
      vertex 8.9 47.4321 7.2
      vertex 6.36252 47.4321 3.8847
      vertex 6.31627 47.4321 4.02095
    endloop
  endfacet
  facet normal 0 1 0
    outer loop
      vertex 8.9 47.4321 7.2
      vertex 6.39059 47.4321 3.74358
      vertex 6.36252 47.4321 3.8847
    endloop
  endfacet
  facet normal 0 1 0
    outer loop
      vertex 8.9 47.4321 7.2
      vertex 6.4 47.4321 3.6
      vertex 6.39059 47.4321 3.74358
    endloop
  endfacet
  facet normal 0 1 -0
    outer loop
      vertex 8.9 47.4321 0
      vertex 6.4 47.4321 3.6
      vertex 8.9 47.4321 7.2
    endloop
  endfacet
  facet normal 0 1 0
    outer loop
      vertex 6.4 47.4321 3.6
      vertex 8.9 47.4321 0
      vertex 6.39059 47.4321 3.45642
    endloop
  endfacet
  facet normal 0 1 0
    outer loop
      vertex 6.39059 47.4321 3.45642
      vertex 8.9 47.4321 0
      vertex 6.36252 47.4321 3.3153
    endloop
  endfacet
  facet normal 0 1 0
    outer loop
      vertex 6.36252 47.4321 3.3153
      vertex 8.9 47.4321 0
      vertex 6.31627 47.4321 3.17905
    endloop
  endfacet
  facet normal 0 1 0
    outer loop
      vertex 5.3 47.4321 5.72205e-07
      vertex 5.3 47.4321 2.5
      vertex 5.44358 47.4321 2.50941
    endloop
  endfacet
  facet normal 0 1 0
    outer loop
      vertex 5.3 47.4321 2.5
      vertex 2.18231 47.4321 1.8
      vertex 1.97403 47.4321 2.22234
    endloop
  endfacet
  facet normal 0 1 0
    outer loop
      vertex 5.3 47.4321 5.72205e-07
      vertex 5.44358 47.4321 2.50941
      vertex 5.5847 47.4321 2.53748
    endloop
  endfacet
  facet normal 0 1 0
    outer loop
      vertex 5.3 47.4321 2.5
      vertex 2.44393 47.4321 1.40846
      vertex 2.18231 47.4321 1.8
    endloop
  endfacet
  facet normal 0 1 0
    outer loop
      vertex 5.3 47.4321 5.72205e-07
      vertex 5.5847 47.4321 2.53748
      vertex 5.72095 47.4321 2.58373
    endloop
  endfacet
  facet normal 0 1 0
    outer loop
      vertex 5.3 47.4321 2.5
      vertex 2.75442 47.4321 1.05442
      vertex 2.44393 47.4321 1.40846
    endloop
  endfacet
  facet normal 0 1 0
    outer loop
      vertex 5.3 47.4321 5.72205e-07
      vertex 5.72095 47.4321 2.58373
      vertex 5.85 47.4321 2.64737
    endloop
  endfacet
  facet normal 0 1 0
    outer loop
      vertex 5.3 47.4321 2.5
      vertex 3.10846 47.4321 0.743929
      vertex 2.75442 47.4321 1.05442
    endloop
  endfacet
  facet normal 0 1 0
    outer loop
      vertex 5.3 47.4321 5.72205e-07
      vertex 5.85 47.4321 2.64737
      vertex 5.96964 47.4321 2.72731
    endloop
  endfacet
  facet normal 0 1 0
    outer loop
      vertex 5.3 47.4321 2.5
      vertex 3.5 47.4321 0.482309
      vertex 3.10846 47.4321 0.743929
    endloop
  endfacet
  facet normal 0 1 0
    outer loop
      vertex 8.9 47.4321 0
      vertex 5.96964 47.4321 2.72731
      vertex 6.07782 47.4321 2.82218
    endloop
  endfacet
  facet normal 0 1 0
    outer loop
      vertex 5.3 47.4321 2.5
      vertex 3.92234 47.4321 0.274034
      vertex 3.5 47.4321 0.482309
    endloop
  endfacet
  facet normal 0 1 0
    outer loop
      vertex 8.9 47.4321 0
      vertex 6.07782 47.4321 2.82218
      vertex 6.17269 47.4321 2.93036
    endloop
  endfacet
  facet normal 0 1 0
    outer loop
      vertex 5.3 47.4321 2.5
      vertex 4.36825 47.4321 0.122668
      vertex 3.92234 47.4321 0.274034
    endloop
  endfacet
  facet normal 0 1 0
    outer loop
      vertex 8.9 47.4321 0
      vertex 6.17269 47.4321 2.93036
      vertex 6.25263 47.4321 3.05
    endloop
  endfacet
  facet normal 0 1 0
    outer loop
      vertex 5.3 47.4321 2.5
      vertex 4.83011 47.4321 0.0307985
      vertex 4.36825 47.4321 0.122668
    endloop
  endfacet
  facet normal 0 1 0
    outer loop
      vertex 6.31627 47.4321 3.17905
      vertex 8.9 47.4321 0
      vertex 6.25263 47.4321 3.05
    endloop
  endfacet
  facet normal 0 1 0
    outer loop
      vertex 5.3 47.4321 2.5
      vertex 5.3 47.4321 5.72205e-07
      vertex 4.83011 47.4321 0.0307985
    endloop
  endfacet
  facet normal 0 1 0
    outer loop
      vertex 5.96964 47.4321 2.72731
      vertex 8.9 47.4321 0
      vertex 5.3 47.4321 5.72205e-07
    endloop
  endfacet
  facet normal 0 1 0
    outer loop
      vertex 5.3 47.4321 5.72205e-07
      vertex 8.9 47.4321 0
      vertex 5.3 47.4321 0
    endloop
  endfacet
  facet normal 0 1 -0
    outer loop
      vertex 4.63036 47.4321 4.47269
      vertex 3.10846 47.4321 6.45607
      vertex 4.75 47.4321 4.55263
    endloop
  endfacet
  facet normal 0 1 0
    outer loop
      vertex 3.10846 47.4321 6.45607
      vertex 4.63036 47.4321 4.47269
      vertex 2.75442 47.4321 6.14558
    endloop
  endfacet
  facet normal 0 1 -0
    outer loop
      vertex 4.52218 47.4321 4.37782
      vertex 2.75442 47.4321 6.14558
      vertex 4.63036 47.4321 4.47269
    endloop
  endfacet
  facet normal 0 1 0
    outer loop
      vertex 2.75442 47.4321 6.14558
      vertex 4.52218 47.4321 4.37782
      vertex 2.44393 47.4321 5.79154
    endloop
  endfacet
  facet normal 0 1 -0
    outer loop
      vertex 4.42731 47.4321 4.26964
      vertex 2.44393 47.4321 5.79154
      vertex 4.52218 47.4321 4.37782
    endloop
  endfacet
  facet normal 0 1 0
    outer loop
      vertex 2.44393 47.4321 5.79154
      vertex 4.42731 47.4321 4.26964
      vertex 2.18231 47.4321 5.4
    endloop
  endfacet
  facet normal 0 1 -0
    outer loop
      vertex 4.34737 47.4321 4.15
      vertex 2.18231 47.4321 5.4
      vertex 4.42731 47.4321 4.26964
    endloop
  endfacet
  facet normal 0 1 0
    outer loop
      vertex 2.18231 47.4321 5.4
      vertex 4.34737 47.4321 4.15
      vertex 1.97403 47.4321 4.97766
    endloop
  endfacet
  facet normal 0 1 -0
    outer loop
      vertex 4.28373 47.4321 4.02095
      vertex 1.97403 47.4321 4.97766
      vertex 4.34737 47.4321 4.15
    endloop
  endfacet
  facet normal 0 1 0
    outer loop
      vertex 1.97403 47.4321 4.97766
      vertex 4.28373 47.4321 4.02095
      vertex 1.82267 47.4321 4.53175
    endloop
  endfacet
  facet normal 0 1 -0
    outer loop
      vertex 4.23748 47.4321 3.8847
      vertex 1.82267 47.4321 4.53175
      vertex 4.28373 47.4321 4.02095
    endloop
  endfacet
  facet normal 0 1 0
    outer loop
      vertex 1.82267 47.4321 4.53175
      vertex 4.23748 47.4321 3.8847
      vertex 1.7308 47.4321 4.06989
    endloop
  endfacet
  facet normal 0 1 -0
    outer loop
      vertex 4.20941 47.4321 3.74358
      vertex 1.7308 47.4321 4.06989
      vertex 4.23748 47.4321 3.8847
    endloop
  endfacet
  facet normal 0 1 0
    outer loop
      vertex 4.20941 47.4321 3.74358
      vertex 1.7 47.4321 3.6
      vertex 1.7308 47.4321 4.06989
    endloop
  endfacet
  facet normal 0 1 -0
    outer loop
      vertex 4.2 47.4321 3.6
      vertex 1.7 47.4321 3.6
      vertex 4.20941 47.4321 3.74358
    endloop
  endfacet
  facet normal 0 1 0
    outer loop
      vertex 4.20941 47.4321 3.45642
      vertex 1.7 47.4321 3.6
      vertex 4.2 47.4321 3.6
    endloop
  endfacet
  facet normal 0 1 0
    outer loop
      vertex 1.7308 47.4321 3.13011
      vertex 4.20941 47.4321 3.45642
      vertex 4.23748 47.4321 3.3153
    endloop
  endfacet
  facet normal 0 1 0
    outer loop
      vertex 1.82267 47.4321 2.66825
      vertex 4.23748 47.4321 3.3153
      vertex 4.28373 47.4321 3.17905
    endloop
  endfacet
  facet normal 0 1 0
    outer loop
      vertex 4.20941 47.4321 3.45642
      vertex 1.7308 47.4321 3.13011
      vertex 1.7 47.4321 3.6
    endloop
  endfacet
  facet normal 0 1 0
    outer loop
      vertex 1.97403 47.4321 2.22234
      vertex 4.28373 47.4321 3.17905
      vertex 4.34737 47.4321 3.05
    endloop
  endfacet
  facet normal 0 1 0
    outer loop
      vertex 1.97403 47.4321 2.22234
      vertex 4.34737 47.4321 3.05
      vertex 4.42731 47.4321 2.93036
    endloop
  endfacet
  facet normal 0 1 0
    outer loop
      vertex 1.97403 47.4321 2.22234
      vertex 4.42731 47.4321 2.93036
      vertex 4.52218 47.4321 2.82218
    endloop
  endfacet
  facet normal 0 1 0
    outer loop
      vertex 1.97403 47.4321 2.22234
      vertex 4.52218 47.4321 2.82218
      vertex 4.63036 47.4321 2.72731
    endloop
  endfacet
  facet normal 0 1 0
    outer loop
      vertex 4.23748 47.4321 3.3153
      vertex 1.82267 47.4321 2.66825
      vertex 1.7308 47.4321 3.13011
    endloop
  endfacet
  facet normal 0 1 0
    outer loop
      vertex 1.97403 47.4321 2.22234
      vertex 4.63036 47.4321 2.72731
      vertex 4.75 47.4321 2.64737
    endloop
  endfacet
  facet normal 0 1 0
    outer loop
      vertex 1.97403 47.4321 2.22234
      vertex 4.75 47.4321 2.64737
      vertex 4.87905 47.4321 2.58373
    endloop
  endfacet
  facet normal 0 1 0
    outer loop
      vertex 1.97403 47.4321 2.22234
      vertex 4.87905 47.4321 2.58373
      vertex 5.0153 47.4321 2.53748
    endloop
  endfacet
  facet normal 0 1 0
    outer loop
      vertex 1.97403 47.4321 2.22234
      vertex 5.0153 47.4321 2.53748
      vertex 5.15642 47.4321 2.50941
    endloop
  endfacet
  facet normal 0 1 0
    outer loop
      vertex 1.97403 47.4321 2.22234
      vertex 5.15642 47.4321 2.50941
      vertex 5.3 47.4321 2.5
    endloop
  endfacet
  facet normal 0 1 0
    outer loop
      vertex 4.28373 47.4321 3.17905
      vertex 1.97403 47.4321 2.22234
      vertex 1.82267 47.4321 2.66825
    endloop
  endfacet
  facet normal 0.999767 -0.0215777 0
    outer loop
      vertex 73.2222 54.3046 6.59
      vertex 73.2246 54.4158 4
      vertex 73.2246 54.4158 6.59
    endloop
  endfacet
  facet normal 0.999767 -0.0215777 0
    outer loop
      vertex 73.2246 54.4158 4
      vertex 73.2222 54.3046 6.59
      vertex 73.2222 54.3046 4
    endloop
  endfacet
  facet normal 0.994058 0.108852 0
    outer loop
      vertex 73.2343 54.1941 6.59
      vertex 73.2222 54.3046 4
      vertex 73.2222 54.3046 6.59
    endloop
  endfacet
  facet normal 0.994058 0.108852 0
    outer loop
      vertex 73.2222 54.3046 4
      vertex 73.2343 54.1941 6.59
      vertex 73.2343 54.1941 4
    endloop
  endfacet
  facet normal 0.988382 -0.15199 0
    outer loop
      vertex 73.2246 54.4158 6.59
      vertex 73.2415 54.5257 4
      vertex 73.2415 54.5257 6.59
    endloop
  endfacet
  facet normal 0.988382 -0.15199 0
    outer loop
      vertex 73.2415 54.5257 4
      vertex 73.2246 54.4158 6.59
      vertex 73.2246 54.4158 4
    endloop
  endfacet
  facet normal 0 0 -1
    outer loop
      vertex 74.9181 54.2676 6.59
      vertex 74.9085 54.4893 6.59
      vertex 74.9206 54.3788 6.59
    endloop
  endfacet
  facet normal 0 0 -1
    outer loop
      vertex 74.9012 54.1577 6.59
      vertex 74.9085 54.4893 6.59
      vertex 74.9181 54.2676 6.59
    endloop
  endfacet
  facet normal 0 0 -1
    outer loop
      vertex 74.9012 54.1577 6.59
      vertex 74.882 54.5973 6.59
      vertex 74.9085 54.4893 6.59
    endloop
  endfacet
  facet normal 0 0 -1
    outer loop
      vertex 74.8701 54.051 6.59
      vertex 74.882 54.5973 6.59
      vertex 74.9012 54.1577 6.59
    endloop
  endfacet
  facet normal 0 0 -1
    outer loop
      vertex 74.8701 54.051 6.59
      vertex 74.8417 54.7009 6.59
      vertex 74.882 54.5973 6.59
    endloop
  endfacet
  facet normal 0 0 -1
    outer loop
      vertex 74.8253 53.9492 6.59
      vertex 74.8417 54.7009 6.59
      vertex 74.8701 54.051 6.59
    endloop
  endfacet
  facet normal 0 0 -1
    outer loop
      vertex 74.8253 53.9492 6.59
      vertex 74.7883 54.7984 6.59
      vertex 74.8417 54.7009 6.59
    endloop
  endfacet
  facet normal 0 0 -1
    outer loop
      vertex 74.7677 53.8541 6.59
      vertex 74.7883 54.7984 6.59
      vertex 74.8253 53.9492 6.59
    endloop
  endfacet
  facet normal 0 0 -1
    outer loop
      vertex 74.7677 53.8541 6.59
      vertex 74.7225 54.8881 6.59
      vertex 74.7883 54.7984 6.59
    endloop
  endfacet
  facet normal 0 0 -1
    outer loop
      vertex 74.6981 53.7674 6.59
      vertex 74.7225 54.8881 6.59
      vertex 74.7677 53.8541 6.59
    endloop
  endfacet
  facet normal 0 0 -1
    outer loop
      vertex 74.6981 53.7674 6.59
      vertex 74.6456 54.9684 6.59
      vertex 74.7225 54.8881 6.59
    endloop
  endfacet
  facet normal 0 0 -1
    outer loop
      vertex 74.6177 53.6905 6.59
      vertex 74.6456 54.9684 6.59
      vertex 74.6981 53.7674 6.59
    endloop
  endfacet
  facet normal 0 0 -1
    outer loop
      vertex 74.6177 53.6905 6.59
      vertex 74.5589 55.038 6.59
      vertex 74.6456 54.9684 6.59
    endloop
  endfacet
  facet normal 0 0 -1
    outer loop
      vertex 74.5281 53.6248 6.59
      vertex 74.5589 55.038 6.59
      vertex 74.6177 53.6905 6.59
    endloop
  endfacet
  facet normal 0 0 -1
    outer loop
      vertex 74.5281 53.6248 6.59
      vertex 74.4639 55.0956 6.59
      vertex 74.5589 55.038 6.59
    endloop
  endfacet
  facet normal 0 0 -1
    outer loop
      vertex 74.4306 53.5713 6.59
      vertex 74.4639 55.0956 6.59
      vertex 74.5281 53.6248 6.59
    endloop
  endfacet
  facet normal 0 0 -1
    outer loop
      vertex 74.4306 53.5713 6.59
      vertex 74.3621 55.1404 6.59
      vertex 74.4639 55.0956 6.59
    endloop
  endfacet
  facet normal 0 0 -1
    outer loop
      vertex 74.327 53.531 6.59
      vertex 74.3621 55.1404 6.59
      vertex 74.4306 53.5713 6.59
    endloop
  endfacet
  facet normal 0 0 -1
    outer loop
      vertex 74.327 53.531 6.59
      vertex 74.2553 55.1715 6.59
      vertex 74.3621 55.1404 6.59
    endloop
  endfacet
  facet normal 0 0 -1
    outer loop
      vertex 74.219 53.5046 6.59
      vertex 74.2553 55.1715 6.59
      vertex 74.327 53.531 6.59
    endloop
  endfacet
  facet normal 0 0 -1
    outer loop
      vertex 74.219 53.5046 6.59
      vertex 74.1455 55.1884 6.59
      vertex 74.2553 55.1715 6.59
    endloop
  endfacet
  facet normal 0 0 -1
    outer loop
      vertex 74.1085 53.4925 6.59
      vertex 74.1455 55.1884 6.59
      vertex 74.219 53.5046 6.59
    endloop
  endfacet
  facet normal 0 0 -1
    outer loop
      vertex 74.1085 53.4925 6.59
      vertex 74.0343 55.1909 6.59
      vertex 74.1455 55.1884 6.59
    endloop
  endfacet
  facet normal 0 0 -1
    outer loop
      vertex 73.9973 53.4949 6.59
      vertex 74.0343 55.1909 6.59
      vertex 74.1085 53.4925 6.59
    endloop
  endfacet
  facet normal 0 0 -1
    outer loop
      vertex 73.9973 53.4949 6.59
      vertex 73.9238 55.1788 6.59
      vertex 74.0343 55.1909 6.59
    endloop
  endfacet
  facet normal 0 0 -1
    outer loop
      vertex 73.8874 53.5118 6.59
      vertex 73.9238 55.1788 6.59
      vertex 73.9973 53.4949 6.59
    endloop
  endfacet
  facet normal 0 0 -1
    outer loop
      vertex 73.8874 53.5118 6.59
      vertex 73.8158 55.1523 6.59
      vertex 73.9238 55.1788 6.59
    endloop
  endfacet
  facet normal 0 0 -1
    outer loop
      vertex 73.7807 53.5429 6.59
      vertex 73.8158 55.1523 6.59
      vertex 73.8874 53.5118 6.59
    endloop
  endfacet
  facet normal 0 0 -1
    outer loop
      vertex 73.7807 53.5429 6.59
      vertex 73.7122 55.112 6.59
      vertex 73.8158 55.1523 6.59
    endloop
  endfacet
  facet normal 0 0 -1
    outer loop
      vertex 73.6789 53.5877 6.59
      vertex 73.7122 55.112 6.59
      vertex 73.7807 53.5429 6.59
    endloop
  endfacet
  facet normal 0 0 -1
    outer loop
      vertex 73.6789 53.5877 6.59
      vertex 73.6147 55.0586 6.59
      vertex 73.7122 55.112 6.59
    endloop
  endfacet
  facet normal 0 0 -1
    outer loop
      vertex 73.5838 53.6454 6.59
      vertex 73.6147 55.0586 6.59
      vertex 73.6789 53.5877 6.59
    endloop
  endfacet
  facet normal 0 0 -1
    outer loop
      vertex 73.5838 53.6454 6.59
      vertex 73.525 54.9928 6.59
      vertex 73.6147 55.0586 6.59
    endloop
  endfacet
  facet normal 0 0 -1
    outer loop
      vertex 73.4971 53.715 6.59
      vertex 73.525 54.9928 6.59
      vertex 73.5838 53.6454 6.59
    endloop
  endfacet
  facet normal 0 0 -1
    outer loop
      vertex 73.4971 53.715 6.59
      vertex 73.4447 54.9159 6.59
      vertex 73.525 54.9928 6.59
    endloop
  endfacet
  facet normal 0 0 -1
    outer loop
      vertex 73.4202 53.7953 6.59
      vertex 73.4447 54.9159 6.59
      vertex 73.4971 53.715 6.59
    endloop
  endfacet
  facet normal 0 0 -1
    outer loop
      vertex 73.4202 53.7953 6.59
      vertex 73.3751 54.8292 6.59
      vertex 73.4447 54.9159 6.59
    endloop
  endfacet
  facet normal 0 0 -1
    outer loop
      vertex 73.3545 53.885 6.59
      vertex 73.3751 54.8292 6.59
      vertex 73.4202 53.7953 6.59
    endloop
  endfacet
  facet normal 0 0 -1
    outer loop
      vertex 73.3545 53.885 6.59
      vertex 73.3174 54.7342 6.59
      vertex 73.3751 54.8292 6.59
    endloop
  endfacet
  facet normal 0 0 -1
    outer loop
      vertex 73.301 53.9825 6.59
      vertex 73.3174 54.7342 6.59
      vertex 73.3545 53.885 6.59
    endloop
  endfacet
  facet normal 0 0 -1
    outer loop
      vertex 73.301 53.9825 6.59
      vertex 73.2726 54.6324 6.59
      vertex 73.3174 54.7342 6.59
    endloop
  endfacet
  facet normal 0 0 -1
    outer loop
      vertex 73.2607 54.0861 6.59
      vertex 73.2726 54.6324 6.59
      vertex 73.301 53.9825 6.59
    endloop
  endfacet
  facet normal 0 0 -1
    outer loop
      vertex 73.2607 54.0861 6.59
      vertex 73.2415 54.5257 6.59
      vertex 73.2726 54.6324 6.59
    endloop
  endfacet
  facet normal 0 0 -1
    outer loop
      vertex 73.2343 54.1941 6.59
      vertex 73.2415 54.5257 6.59
      vertex 73.2607 54.0861 6.59
    endloop
  endfacet
  facet normal 0 0 -1
    outer loop
      vertex 73.2343 54.1941 6.59
      vertex 73.2246 54.4158 6.59
      vertex 73.2415 54.5257 6.59
    endloop
  endfacet
  facet normal 0 -0 -1
    outer loop
      vertex 73.2246 54.4158 6.59
      vertex 73.2343 54.1941 6.59
      vertex 73.2222 54.3046 6.59
    endloop
  endfacet
  facet normal 0.915289 -0.402799 0
    outer loop
      vertex 73.2726 54.6324 6.59
      vertex 73.3174 54.7342 4
      vertex 73.3174 54.7342 6.59
    endloop
  endfacet
  facet normal 0.915289 -0.402799 0
    outer loop
      vertex 73.3174 54.7342 4
      vertex 73.2726 54.6324 6.59
      vertex 73.2726 54.6324 4
    endloop
  endfacet
  facet normal -0.988382 0.15199 0
    outer loop
      vertex 74.9012 54.1577 4
      vertex 74.9181 54.2676 6.59
      vertex 74.9181 54.2676 4
    endloop
  endfacet
  facet normal -0.988382 0.15199 0
    outer loop
      vertex 74.9181 54.2676 6.59
      vertex 74.9012 54.1577 4
      vertex 74.9012 54.1577 6.59
    endloop
  endfacet
  facet normal 0.15199 0.988382 -0
    outer loop
      vertex 73.9973 53.4949 4
      vertex 73.8874 53.5118 6.59
      vertex 73.9973 53.4949 6.59
    endloop
  endfacet
  facet normal 0.15199 0.988382 0
    outer loop
      vertex 73.8874 53.5118 6.59
      vertex 73.9973 53.4949 4
      vertex 73.8874 53.5118 4
    endloop
  endfacet
  facet normal 0.96005 -0.279827 0
    outer loop
      vertex 73.2415 54.5257 6.59
      vertex 73.2726 54.6324 4
      vertex 73.2726 54.6324 6.59
    endloop
  endfacet
  facet normal 0.96005 -0.279827 0
    outer loop
      vertex 73.2726 54.6324 4
      vertex 73.2415 54.5257 6.59
      vertex 73.2415 54.5257 4
    endloop
  endfacet
  facet normal -0.402799 -0.915289 0
    outer loop
      vertex 74.3621 55.1404 4
      vertex 74.4639 55.0956 6.59
      vertex 74.3621 55.1404 6.59
    endloop
  endfacet
  facet normal -0.402799 -0.915289 -0
    outer loop
      vertex 74.4639 55.0956 6.59
      vertex 74.3621 55.1404 4
      vertex 74.4639 55.0956 4
    endloop
  endfacet
  facet normal 0.931971 0.362533 0
    outer loop
      vertex 73.301 53.9825 6.59
      vertex 73.2607 54.0861 4
      vertex 73.2607 54.0861 6.59
    endloop
  endfacet
  facet normal 0.931971 0.362533 0
    outer loop
      vertex 73.2607 54.0861 4
      vertex 73.301 53.9825 6.59
      vertex 73.301 53.9825 4
    endloop
  endfacet
  facet normal 0.480364 -0.877069 0
    outer loop
      vertex 73.6147 55.0586 4
      vertex 73.7122 55.112 6.59
      vertex 73.6147 55.0586 6.59
    endloop
  endfacet
  facet normal 0.480364 -0.877069 0
    outer loop
      vertex 73.7122 55.112 6.59
      vertex 73.6147 55.0586 4
      vertex 73.7122 55.112 4
    endloop
  endfacet
  facet normal -0.518461 -0.855101 0
    outer loop
      vertex 74.4639 55.0956 4
      vertex 74.5589 55.038 6.59
      vertex 74.4639 55.0956 6.59
    endloop
  endfacet
  facet normal -0.518461 -0.855101 -0
    outer loop
      vertex 74.5589 55.038 6.59
      vertex 74.4639 55.0956 4
      vertex 74.5589 55.038 4
    endloop
  endfacet
  facet normal 0.402799 0.915289 -0
    outer loop
      vertex 73.7807 53.5429 4
      vertex 73.6789 53.5877 6.59
      vertex 73.7807 53.5429 6.59
    endloop
  endfacet
  facet normal 0.402799 0.915289 0
    outer loop
      vertex 73.6789 53.5877 6.59
      vertex 73.7807 53.5429 4
      vertex 73.6789 53.5877 4
    endloop
  endfacet
  facet normal -0.0224763 -0.999747 0
    outer loop
      vertex 74.0343 55.1909 4
      vertex 74.1455 55.1884 6.59
      vertex 74.0343 55.1909 6.59
    endloop
  endfacet
  facet normal -0.0224763 -0.999747 -0
    outer loop
      vertex 74.1455 55.1884 6.59
      vertex 74.0343 55.1909 4
      vertex 74.1455 55.1884 4
    endloop
  endfacet
  facet normal -0.994058 -0.108852 0
    outer loop
      vertex 74.9206 54.3788 4
      vertex 74.9085 54.4893 6.59
      vertex 74.9085 54.4893 4
    endloop
  endfacet
  facet normal -0.994058 -0.108852 0
    outer loop
      vertex 74.9085 54.4893 6.59
      vertex 74.9206 54.3788 4
      vertex 74.9206 54.3788 6.59
    endloop
  endfacet
  facet normal -0.96005 0.279827 0
    outer loop
      vertex 74.8701 54.051 4
      vertex 74.9012 54.1577 6.59
      vertex 74.9012 54.1577 4
    endloop
  endfacet
  facet normal -0.96005 0.279827 0
    outer loop
      vertex 74.9012 54.1577 6.59
      vertex 74.8701 54.051 4
      vertex 74.8701 54.051 6.59
    endloop
  endfacet
  facet normal 0.238302 -0.971191 0
    outer loop
      vertex 73.8158 55.1523 4
      vertex 73.9238 55.1788 6.59
      vertex 73.8158 55.1523 6.59
    endloop
  endfacet
  facet normal 0.238302 -0.971191 0
    outer loop
      vertex 73.9238 55.1788 6.59
      vertex 73.8158 55.1523 4
      vertex 73.9238 55.1788 4
    endloop
  endfacet
  facet normal -0.481056 0.87669 0
    outer loop
      vertex 74.5281 53.6248 4
      vertex 74.4306 53.5713 6.59
      vertex 74.5281 53.6248 6.59
    endloop
  endfacet
  facet normal -0.481056 0.87669 0
    outer loop
      vertex 74.4306 53.5713 6.59
      vertex 74.5281 53.6248 4
      vertex 74.4306 53.5713 4
    endloop
  endfacet
  facet normal 0.0215777 0.999767 -0
    outer loop
      vertex 74.1085 53.4925 4
      vertex 73.9973 53.4949 6.59
      vertex 74.1085 53.4925 6.59
    endloop
  endfacet
  facet normal 0.0215777 0.999767 0
    outer loop
      vertex 73.9973 53.4949 6.59
      vertex 74.1085 53.4925 4
      vertex 73.9973 53.4949 4
    endloop
  endfacet
  facet normal -0.279586 -0.960121 0
    outer loop
      vertex 74.2553 55.1715 4
      vertex 74.3621 55.1404 6.59
      vertex 74.2553 55.1715 6.59
    endloop
  endfacet
  facet normal -0.279586 -0.960121 -0
    outer loop
      vertex 74.3621 55.1404 6.59
      vertex 74.2553 55.1715 4
      vertex 74.3621 55.1404 4
    endloop
  endfacet
  facet normal 0.591481 -0.806319 0
    outer loop
      vertex 73.525 54.9928 4
      vertex 73.6147 55.0586 6.59
      vertex 73.525 54.9928 6.59
    endloop
  endfacet
  facet normal 0.591481 -0.806319 0
    outer loop
      vertex 73.6147 55.0586 6.59
      vertex 73.525 54.9928 4
      vertex 73.6147 55.0586 4
    endloop
  endfacet
  facet normal 0.279827 0.96005 -0
    outer loop
      vertex 73.8874 53.5118 4
      vertex 73.7807 53.5429 6.59
      vertex 73.8874 53.5118 6.59
    endloop
  endfacet
  facet normal 0.279827 0.96005 0
    outer loop
      vertex 73.7807 53.5429 6.59
      vertex 73.8874 53.5118 4
      vertex 73.7807 53.5429 4
    endloop
  endfacet
  facet normal -0.999747 0.0224763 0
    outer loop
      vertex 74.9181 54.2676 4
      vertex 74.9206 54.3788 6.59
      vertex 74.9206 54.3788 4
    endloop
  endfacet
  facet normal -0.999747 0.0224763 0
    outer loop
      vertex 74.9206 54.3788 6.59
      vertex 74.9181 54.2676 4
      vertex 74.9181 54.2676 6.59
    endloop
  endfacet
  facet normal 0.971399 0.237453 0
    outer loop
      vertex 73.2607 54.0861 6.59
      vertex 73.2343 54.1941 4
      vertex 73.2343 54.1941 6.59
    endloop
  endfacet
  facet normal 0.971399 0.237453 0
    outer loop
      vertex 73.2343 54.1941 4
      vertex 73.2607 54.0861 6.59
      vertex 73.2607 54.0861 4
    endloop
  endfacet
  facet normal -0.691202 0.722661 0
    outer loop
      vertex 74.6981 53.7674 4
      vertex 74.6177 53.6905 6.59
      vertex 74.6981 53.7674 6.59
    endloop
  endfacet
  facet normal -0.691202 0.722661 0
    outer loop
      vertex 74.6177 53.6905 6.59
      vertex 74.6981 53.7674 4
      vertex 74.6177 53.6905 4
    endloop
  endfacet
  facet normal 0.62601 0.779815 -0
    outer loop
      vertex 73.5838 53.6454 4
      vertex 73.4971 53.715 6.59
      vertex 73.5838 53.6454 6.59
    endloop
  endfacet
  facet normal 0.62601 0.779815 0
    outer loop
      vertex 73.4971 53.715 6.59
      vertex 73.5838 53.6454 4
      vertex 73.4971 53.715 4
    endloop
  endfacet
  facet normal 0.722232 0.691651 0
    outer loop
      vertex 73.4971 53.715 6.59
      vertex 73.4202 53.7953 4
      vertex 73.4202 53.7953 6.59
    endloop
  endfacet
  facet normal 0.722232 0.691651 0
    outer loop
      vertex 73.4202 53.7953 4
      vertex 73.4971 53.715 6.59
      vertex 73.4971 53.715 4
    endloop
  endfacet
  facet normal -0.855343 0.518062 0
    outer loop
      vertex 74.7677 53.8541 4
      vertex 74.8253 53.9492 6.59
      vertex 74.8253 53.9492 4
    endloop
  endfacet
  facet normal -0.855343 0.518062 0
    outer loop
      vertex 74.8253 53.9492 6.59
      vertex 74.7677 53.8541 4
      vertex 74.7677 53.8541 6.59
    endloop
  endfacet
  facet normal -0.62601 -0.779815 0
    outer loop
      vertex 74.5589 55.038 4
      vertex 74.6456 54.9684 6.59
      vertex 74.5589 55.038 6.59
    endloop
  endfacet
  facet normal -0.62601 -0.779815 -0
    outer loop
      vertex 74.6456 54.9684 6.59
      vertex 74.5589 55.038 4
      vertex 74.6456 54.9684 4
    endloop
  endfacet
  facet normal -0.722232 -0.691651 0
    outer loop
      vertex 74.7225 54.8881 4
      vertex 74.6456 54.9684 6.59
      vertex 74.6456 54.9684 4
    endloop
  endfacet
  facet normal -0.722232 -0.691651 0
    outer loop
      vertex 74.6456 54.9684 6.59
      vertex 74.7225 54.8881 4
      vertex 74.7225 54.8881 6.59
    endloop
  endfacet
  facet normal -0.779815 0.62601 0
    outer loop
      vertex 74.6981 53.7674 4
      vertex 74.7677 53.8541 6.59
      vertex 74.7677 53.8541 4
    endloop
  endfacet
  facet normal -0.779815 0.62601 0
    outer loop
      vertex 74.7677 53.8541 6.59
      vertex 74.6981 53.7674 4
      vertex 74.6981 53.7674 6.59
    endloop
  endfacet
  facet normal 0.87669 0.481056 0
    outer loop
      vertex 73.3545 53.885 6.59
      vertex 73.301 53.9825 4
      vertex 73.301 53.9825 6.59
    endloop
  endfacet
  facet normal 0.87669 0.481056 0
    outer loop
      vertex 73.301 53.9825 4
      vertex 73.3545 53.885 6.59
      vertex 73.3545 53.885 4
    endloop
  endfacet
  facet normal -0.915289 0.402799 0
    outer loop
      vertex 74.8253 53.9492 4
      vertex 74.8701 54.051 6.59
      vertex 74.8701 54.051 4
    endloop
  endfacet
  facet normal -0.915289 0.402799 0
    outer loop
      vertex 74.8701 54.051 6.59
      vertex 74.8253 53.9492 4
      vertex 74.8253 53.9492 6.59
    endloop
  endfacet
  facet normal 0.806748 0.590896 0
    outer loop
      vertex 73.4202 53.7953 6.59
      vertex 73.3545 53.885 4
      vertex 73.3545 53.885 6.59
    endloop
  endfacet
  facet normal 0.806748 0.590896 0
    outer loop
      vertex 73.3545 53.885 4
      vertex 73.4202 53.7953 6.59
      vertex 73.4202 53.7953 4
    endloop
  endfacet
  facet normal -0.362533 0.931971 0
    outer loop
      vertex 74.4306 53.5713 4
      vertex 74.327 53.531 6.59
      vertex 74.4306 53.5713 6.59
    endloop
  endfacet
  facet normal -0.362533 0.931971 0
    outer loop
      vertex 74.327 53.531 6.59
      vertex 74.4306 53.5713 4
      vertex 74.327 53.531 4
    endloop
  endfacet
  facet normal -0.108852 0.994058 0
    outer loop
      vertex 74.219 53.5046 4
      vertex 74.1085 53.4925 6.59
      vertex 74.219 53.5046 6.59
    endloop
  endfacet
  facet normal -0.108852 0.994058 0
    outer loop
      vertex 74.1085 53.4925 6.59
      vertex 74.219 53.5046 4
      vertex 74.1085 53.4925 4
    endloop
  endfacet
  facet normal -0.591325 0.806434 0
    outer loop
      vertex 74.6177 53.6905 4
      vertex 74.5281 53.6248 6.59
      vertex 74.6177 53.6905 6.59
    endloop
  endfacet
  facet normal -0.591325 0.806434 0
    outer loop
      vertex 74.5281 53.6248 6.59
      vertex 74.6177 53.6905 4
      vertex 74.5281 53.6248 4
    endloop
  endfacet
  facet normal 0.362533 -0.931971 0
    outer loop
      vertex 73.7122 55.112 4
      vertex 73.8158 55.1523 6.59
      vertex 73.7122 55.112 6.59
    endloop
  endfacet
  facet normal 0.362533 -0.931971 0
    outer loop
      vertex 73.8158 55.1523 6.59
      vertex 73.7122 55.112 4
      vertex 73.8158 55.1523 4
    endloop
  endfacet
  facet normal 0.51872 0.854944 -0
    outer loop
      vertex 73.6789 53.5877 4
      vertex 73.5838 53.6454 6.59
      vertex 73.6789 53.5877 6.59
    endloop
  endfacet
  facet normal 0.51872 0.854944 0
    outer loop
      vertex 73.5838 53.6454 6.59
      vertex 73.6789 53.5877 4
      vertex 73.5838 53.6454 4
    endloop
  endfacet
  facet normal 0.691651 -0.722232 0
    outer loop
      vertex 73.4447 54.9159 4
      vertex 73.525 54.9928 6.59
      vertex 73.4447 54.9159 6.59
    endloop
  endfacet
  facet normal 0.691651 -0.722232 0
    outer loop
      vertex 73.525 54.9928 6.59
      vertex 73.4447 54.9159 4
      vertex 73.525 54.9928 4
    endloop
  endfacet
  facet normal -0.152125 -0.988361 0
    outer loop
      vertex 74.1455 55.1884 4
      vertex 74.2553 55.1715 6.59
      vertex 74.1455 55.1884 6.59
    endloop
  endfacet
  facet normal -0.152125 -0.988361 -0
    outer loop
      vertex 74.2553 55.1715 6.59
      vertex 74.1455 55.1884 4
      vertex 74.2553 55.1715 4
    endloop
  endfacet
  facet normal -0.237453 0.971399 0
    outer loop
      vertex 74.327 53.531 4
      vertex 74.219 53.5046 6.59
      vertex 74.327 53.531 6.59
    endloop
  endfacet
  facet normal -0.237453 0.971399 0
    outer loop
      vertex 74.219 53.5046 6.59
      vertex 74.327 53.531 4
      vertex 74.219 53.5046 4
    endloop
  endfacet
  facet normal -0.806319 -0.591481 0
    outer loop
      vertex 74.7883 54.7984 4
      vertex 74.7225 54.8881 6.59
      vertex 74.7225 54.8881 4
    endloop
  endfacet
  facet normal -0.806319 -0.591481 0
    outer loop
      vertex 74.7225 54.8881 6.59
      vertex 74.7883 54.7984 4
      vertex 74.7883 54.7984 6.59
    endloop
  endfacet
  facet normal -0.931971 -0.362533 0
    outer loop
      vertex 74.882 54.5973 4
      vertex 74.8417 54.7009 6.59
      vertex 74.8417 54.7009 4
    endloop
  endfacet
  facet normal -0.931971 -0.362533 0
    outer loop
      vertex 74.8417 54.7009 6.59
      vertex 74.882 54.5973 4
      vertex 74.882 54.5973 6.59
    endloop
  endfacet
  facet normal 0.854702 -0.519119 0
    outer loop
      vertex 73.3174 54.7342 6.59
      vertex 73.3751 54.8292 4
      vertex 73.3751 54.8292 6.59
    endloop
  endfacet
  facet normal 0.854702 -0.519119 0
    outer loop
      vertex 73.3751 54.8292 4
      vertex 73.3174 54.7342 6.59
      vertex 73.3174 54.7342 4
    endloop
  endfacet
  facet normal 0.779815 -0.62601 0
    outer loop
      vertex 73.3751 54.8292 6.59
      vertex 73.4447 54.9159 4
      vertex 73.4447 54.9159 6.59
    endloop
  endfacet
  facet normal 0.779815 -0.62601 0
    outer loop
      vertex 73.4447 54.9159 4
      vertex 73.3751 54.8292 6.59
      vertex 73.3751 54.8292 4
    endloop
  endfacet
  facet normal 0.108852 -0.994058 0
    outer loop
      vertex 73.9238 55.1788 4
      vertex 74.0343 55.1909 6.59
      vertex 73.9238 55.1788 6.59
    endloop
  endfacet
  facet normal 0.108852 -0.994058 0
    outer loop
      vertex 74.0343 55.1909 6.59
      vertex 73.9238 55.1788 4
      vertex 74.0343 55.1909 4
    endloop
  endfacet
  facet normal -0.877069 -0.480364 0
    outer loop
      vertex 74.8417 54.7009 4
      vertex 74.7883 54.7984 6.59
      vertex 74.7883 54.7984 4
    endloop
  endfacet
  facet normal -0.877069 -0.480364 0
    outer loop
      vertex 74.7883 54.7984 6.59
      vertex 74.8417 54.7009 4
      vertex 74.8417 54.7009 6.59
    endloop
  endfacet
  facet normal -0.971191 -0.238302 0
    outer loop
      vertex 74.9085 54.4893 4
      vertex 74.882 54.5973 6.59
      vertex 74.882 54.5973 4
    endloop
  endfacet
  facet normal -0.971191 -0.238302 0
    outer loop
      vertex 74.882 54.5973 6.59
      vertex 74.9085 54.4893 4
      vertex 74.9085 54.4893 6.59
    endloop
  endfacet
  facet normal 0.629094 0.777329 -0
    outer loop
      vertex 107.949 -11.6795 4
      vertex 107.863 -11.6099 6.59
      vertex 107.949 -11.6795 6.59
    endloop
  endfacet
  facet normal 0.629094 0.777329 0
    outer loop
      vertex 107.863 -11.6099 6.59
      vertex 107.949 -11.6795 4
      vertex 107.863 -11.6099 4
    endloop
  endfacet
  facet normal 0.999838 -0.0179827 0
    outer loop
      vertex 107.588 -11.0203 6.59
      vertex 107.59 -10.9091 4
      vertex 107.59 -10.9091 6.59
    endloop
  endfacet
  facet normal 0.999838 -0.0179827 0
    outer loop
      vertex 107.59 -10.9091 4
      vertex 107.588 -11.0203 6.59
      vertex 107.588 -11.0203 4
    endloop
  endfacet
  facet normal 0.994155 0.107963 0
    outer loop
      vertex 107.6 -11.1308 6.59
      vertex 107.588 -11.0203 4
      vertex 107.588 -11.0203 6.59
    endloop
  endfacet
  facet normal 0.994155 0.107963 0
    outer loop
      vertex 107.588 -11.0203 4
      vertex 107.6 -11.1308 6.59
      vertex 107.6 -11.1308 4
    endloop
  endfacet
  facet normal 0.988247 -0.152868 0
    outer loop
      vertex 107.59 -10.9091 6.59
      vertex 107.607 -10.7992 4
      vertex 107.607 -10.7992 6.59
    endloop
  endfacet
  facet normal 0.988247 -0.152868 0
    outer loop
      vertex 107.607 -10.7992 4
      vertex 107.59 -10.9091 6.59
      vertex 107.59 -10.9091 4
    endloop
  endfacet
  facet normal 0.929832 0.367984 0
    outer loop
      vertex 107.667 -11.3424 6.59
      vertex 107.626 -11.2388 4
      vertex 107.626 -11.2388 6.59
    endloop
  endfacet
  facet normal 0.929832 0.367984 0
    outer loop
      vertex 107.626 -11.2388 4
      vertex 107.667 -11.3424 6.59
      vertex 107.667 -11.3424 4
    endloop
  endfacet
  facet normal 0.151855 0.988403 -0
    outer loop
      vertex 108.363 -11.83 4
      vertex 108.253 -11.8131 6.59
      vertex 108.363 -11.83 6.59
    endloop
  endfacet
  facet normal 0.151855 0.988403 0
    outer loop
      vertex 108.253 -11.8131 6.59
      vertex 108.363 -11.83 4
      vertex 108.253 -11.8131 4
    endloop
  endfacet
  facet normal 0.960292 -0.278998 0
    outer loop
      vertex 107.607 -10.7992 6.59
      vertex 107.638 -10.6925 4
      vertex 107.638 -10.6925 6.59
    endloop
  endfacet
  facet normal 0.960292 -0.278998 0
    outer loop
      vertex 107.638 -10.6925 4
      vertex 107.607 -10.7992 6.59
      vertex 107.607 -10.7992 4
    endloop
  endfacet
  facet normal -0.853748 0.520687 0
    outer loop
      vertex 109.133 -11.4708 4
      vertex 109.191 -11.3757 6.59
      vertex 109.191 -11.3757 4
    endloop
  endfacet
  facet normal -0.853748 0.520687 0
    outer loop
      vertex 109.191 -11.3757 6.59
      vertex 109.133 -11.4708 4
      vertex 109.133 -11.4708 6.59
    endloop
  endfacet
  facet normal 0.108367 -0.994111 0
    outer loop
      vertex 108.289 -10.1461 4
      vertex 108.4 -10.134 6.59
      vertex 108.289 -10.1461 6.59
    endloop
  endfacet
  facet normal 0.108367 -0.994111 0
    outer loop
      vertex 108.4 -10.134 6.59
      vertex 108.289 -10.1461 4
      vertex 108.4 -10.134 4
    endloop
  endfacet
  facet normal 0.478475 -0.878101 0
    outer loop
      vertex 107.98 -10.2663 4
      vertex 108.078 -10.2129 6.59
      vertex 107.98 -10.2663 6.59
    endloop
  endfacet
  facet normal 0.478475 -0.878101 0
    outer loop
      vertex 108.078 -10.2129 6.59
      vertex 107.98 -10.2663 4
      vertex 108.078 -10.2129 4
    endloop
  endfacet
  facet normal -0.514496 -0.857493 0
    outer loop
      vertex 108.829 -10.2293 4
      vertex 108.925 -10.2869 6.59
      vertex 108.829 -10.2293 6.59
    endloop
  endfacet
  facet normal -0.514496 -0.857493 -0
    outer loop
      vertex 108.925 -10.2869 6.59
      vertex 108.829 -10.2293 4
      vertex 108.925 -10.2869 4
    endloop
  endfacet
  facet normal 0.364365 -0.931256 0
    outer loop
      vertex 108.078 -10.2129 4
      vertex 108.181 -10.1726 6.59
      vertex 108.078 -10.2129 6.59
    endloop
  endfacet
  facet normal 0.364365 -0.931256 0
    outer loop
      vertex 108.181 -10.1726 6.59
      vertex 108.078 -10.2129 4
      vertex 108.181 -10.1726 4
    endloop
  endfacet
  facet normal 0.594493 -0.804101 0
    outer loop
      vertex 107.891 -10.3321 4
      vertex 107.98 -10.2663 6.59
      vertex 107.891 -10.3321 6.59
    endloop
  endfacet
  facet normal 0.594493 -0.804101 0
    outer loop
      vertex 107.98 -10.2663 6.59
      vertex 107.891 -10.3321 4
      vertex 107.98 -10.2663 4
    endloop
  endfacet
  facet normal 0.782451 -0.622712 0
    outer loop
      vertex 107.741 -10.4957 6.59
      vertex 107.81 -10.409 4
      vertex 107.81 -10.409 6.59
    endloop
  endfacet
  facet normal 0.782451 -0.622712 0
    outer loop
      vertex 107.81 -10.409 4
      vertex 107.741 -10.4957 6.59
      vertex 107.741 -10.4957 4
    endloop
  endfacet
  facet normal -0.782451 0.622712 0
    outer loop
      vertex 109.064 -11.5575 4
      vertex 109.133 -11.4708 6.59
      vertex 109.133 -11.4708 4
    endloop
  endfacet
  facet normal -0.782451 0.622712 0
    outer loop
      vertex 109.133 -11.4708 6.59
      vertex 109.064 -11.5575 4
      vertex 109.064 -11.5575 6.59
    endloop
  endfacet
  facet normal -0.688514 0.725223 0
    outer loop
      vertex 109.064 -11.5575 4
      vertex 108.983 -11.6344 6.59
      vertex 109.064 -11.5575 6.59
    endloop
  endfacet
  facet normal -0.688514 0.725223 0
    outer loop
      vertex 108.983 -11.6344 6.59
      vertex 109.064 -11.5575 4
      vertex 108.983 -11.6344 4
    endloop
  endfacet
  facet normal -0.960292 0.278998 0
    outer loop
      vertex 109.236 -11.2739 4
      vertex 109.267 -11.1672 6.59
      vertex 109.267 -11.1672 4
    endloop
  endfacet
  facet normal -0.960292 0.278998 0
    outer loop
      vertex 109.267 -11.1672 6.59
      vertex 109.236 -11.2739 4
      vertex 109.236 -11.2739 6.59
    endloop
  endfacet
  facet normal 0.405467 0.91411 -0
    outer loop
      vertex 108.146 -11.782 4
      vertex 108.045 -11.7372 6.59
      vertex 108.146 -11.782 6.59
    endloop
  endfacet
  facet normal 0.405467 0.91411 0
    outer loop
      vertex 108.045 -11.7372 6.59
      vertex 108.146 -11.782 4
      vertex 108.045 -11.7372 4
    endloop
  endfacet
  facet normal -0.479166 0.877724 0
    outer loop
      vertex 108.894 -11.7001 4
      vertex 108.796 -11.7536 6.59
      vertex 108.894 -11.7001 6.59
    endloop
  endfacet
  facet normal -0.479166 0.877724 0
    outer loop
      vertex 108.796 -11.7536 6.59
      vertex 108.894 -11.7001 4
      vertex 108.796 -11.7536 4
    endloop
  endfacet
  facet normal -0.629094 -0.777329 0
    outer loop
      vertex 108.925 -10.2869 4
      vertex 109.011 -10.3565 6.59
      vertex 108.925 -10.2869 6.59
    endloop
  endfacet
  facet normal -0.629094 -0.777329 -0
    outer loop
      vertex 109.011 -10.3565 6.59
      vertex 108.925 -10.2869 4
      vertex 109.011 -10.3565 4
    endloop
  endfacet
  facet normal 0.0216166 0.999766 -0
    outer loop
      vertex 108.474 -11.8324 4
      vertex 108.363 -11.83 6.59
      vertex 108.474 -11.8324 6.59
    endloop
  endfacet
  facet normal 0.0216166 0.999766 0
    outer loop
      vertex 108.363 -11.83 6.59
      vertex 108.474 -11.8324 4
      vertex 108.363 -11.83 4
    endloop
  endfacet
  facet normal -0.279104 -0.960261 0
    outer loop
      vertex 108.621 -10.1534 4
      vertex 108.728 -10.1845 6.59
      vertex 108.621 -10.1534 6.59
    endloop
  endfacet
  facet normal -0.279104 -0.960261 -0
    outer loop
      vertex 108.728 -10.1845 6.59
      vertex 108.621 -10.1534 4
      vertex 108.728 -10.1845 4
    endloop
  endfacet
  facet normal 0.805462 0.592648 0
    outer loop
      vertex 107.786 -11.5296 6.59
      vertex 107.72 -11.4399 4
      vertex 107.72 -11.4399 6.59
    endloop
  endfacet
  facet normal 0.805462 0.592648 0
    outer loop
      vertex 107.72 -11.4399 4
      vertex 107.786 -11.5296 6.59
      vertex 107.786 -11.5296 4
    endloop
  endfacet
  facet normal -0.237453 0.971399 0
    outer loop
      vertex 108.693 -11.7939 4
      vertex 108.585 -11.8203 6.59
      vertex 108.693 -11.7939 6.59
    endloop
  endfacet
  facet normal -0.237453 0.971399 0
    outer loop
      vertex 108.585 -11.8203 6.59
      vertex 108.693 -11.7939 4
      vertex 108.585 -11.8203 4
    endloop
  endfacet
  facet normal 0.279104 0.960261 -0
    outer loop
      vertex 108.253 -11.8131 4
      vertex 108.146 -11.782 6.59
      vertex 108.253 -11.8131 6.59
    endloop
  endfacet
  facet normal 0.279104 0.960261 0
    outer loop
      vertex 108.146 -11.782 6.59
      vertex 108.253 -11.8131 4
      vertex 108.146 -11.782 4
    endloop
  endfacet
  facet normal 0.972224 0.234054 0
    outer loop
      vertex 107.626 -11.2388 6.59
      vertex 107.6 -11.1308 4
      vertex 107.6 -11.1308 6.59
    endloop
  endfacet
  facet normal 0.972224 0.234054 0
    outer loop
      vertex 107.6 -11.1308 4
      vertex 107.626 -11.2388 6.59
      vertex 107.626 -11.2388 4
    endloop
  endfacet
  facet normal -0.805146 -0.593076 0
    outer loop
      vertex 109.154 -10.5265 4
      vertex 109.088 -10.4369 6.59
      vertex 109.088 -10.4369 4
    endloop
  endfacet
  facet normal -0.805146 -0.593076 0
    outer loop
      vertex 109.088 -10.4369 6.59
      vertex 109.154 -10.5265 4
      vertex 109.154 -10.5265 6.59
    endloop
  endfacet
  facet normal 0 0 -1
    outer loop
      vertex 109.284 -11.0573 6.59
      vertex 109.274 -10.8356 6.59
      vertex 109.286 -10.9461 6.59
    endloop
  endfacet
  facet normal 0 0 -1
    outer loop
      vertex 109.267 -11.1672 6.59
      vertex 109.274 -10.8356 6.59
      vertex 109.284 -11.0573 6.59
    endloop
  endfacet
  facet normal 0 0 -1
    outer loop
      vertex 109.267 -11.1672 6.59
      vertex 109.248 -10.7276 6.59
      vertex 109.274 -10.8356 6.59
    endloop
  endfacet
  facet normal 0 0 -1
    outer loop
      vertex 109.236 -11.2739 6.59
      vertex 109.248 -10.7276 6.59
      vertex 109.267 -11.1672 6.59
    endloop
  endfacet
  facet normal 0 0 -1
    outer loop
      vertex 109.236 -11.2739 6.59
      vertex 109.207 -10.624 6.59
      vertex 109.248 -10.7276 6.59
    endloop
  endfacet
  facet normal 0 0 -1
    outer loop
      vertex 109.191 -11.3757 6.59
      vertex 109.207 -10.624 6.59
      vertex 109.236 -11.2739 6.59
    endloop
  endfacet
  facet normal 0 0 -1
    outer loop
      vertex 109.191 -11.3757 6.59
      vertex 109.154 -10.5265 6.59
      vertex 109.207 -10.624 6.59
    endloop
  endfacet
  facet normal 0 0 -1
    outer loop
      vertex 109.133 -11.4708 6.59
      vertex 109.154 -10.5265 6.59
      vertex 109.191 -11.3757 6.59
    endloop
  endfacet
  facet normal 0 0 -1
    outer loop
      vertex 109.133 -11.4708 6.59
      vertex 109.088 -10.4369 6.59
      vertex 109.154 -10.5265 6.59
    endloop
  endfacet
  facet normal 0 0 -1
    outer loop
      vertex 109.064 -11.5575 6.59
      vertex 109.088 -10.4369 6.59
      vertex 109.133 -11.4708 6.59
    endloop
  endfacet
  facet normal 0 0 -1
    outer loop
      vertex 109.064 -11.5575 6.59
      vertex 109.011 -10.3565 6.59
      vertex 109.088 -10.4369 6.59
    endloop
  endfacet
  facet normal 0 0 -1
    outer loop
      vertex 108.983 -11.6344 6.59
      vertex 109.011 -10.3565 6.59
      vertex 109.064 -11.5575 6.59
    endloop
  endfacet
  facet normal 0 0 -1
    outer loop
      vertex 108.983 -11.6344 6.59
      vertex 108.925 -10.2869 6.59
      vertex 109.011 -10.3565 6.59
    endloop
  endfacet
  facet normal 0 0 -1
    outer loop
      vertex 108.894 -11.7001 6.59
      vertex 108.925 -10.2869 6.59
      vertex 108.983 -11.6344 6.59
    endloop
  endfacet
  facet normal 0 0 -1
    outer loop
      vertex 108.894 -11.7001 6.59
      vertex 108.829 -10.2293 6.59
      vertex 108.925 -10.2869 6.59
    endloop
  endfacet
  facet normal 0 0 -1
    outer loop
      vertex 108.796 -11.7536 6.59
      vertex 108.829 -10.2293 6.59
      vertex 108.894 -11.7001 6.59
    endloop
  endfacet
  facet normal 0 0 -1
    outer loop
      vertex 108.796 -11.7536 6.59
      vertex 108.728 -10.1845 6.59
      vertex 108.829 -10.2293 6.59
    endloop
  endfacet
  facet normal 0 0 -1
    outer loop
      vertex 108.693 -11.7939 6.59
      vertex 108.728 -10.1845 6.59
      vertex 108.796 -11.7536 6.59
    endloop
  endfacet
  facet normal 0 0 -1
    outer loop
      vertex 108.693 -11.7939 6.59
      vertex 108.621 -10.1534 6.59
      vertex 108.728 -10.1845 6.59
    endloop
  endfacet
  facet normal 0 0 -1
    outer loop
      vertex 108.585 -11.8203 6.59
      vertex 108.621 -10.1534 6.59
      vertex 108.693 -11.7939 6.59
    endloop
  endfacet
  facet normal 0 0 -1
    outer loop
      vertex 108.585 -11.8203 6.59
      vertex 108.511 -10.1365 6.59
      vertex 108.621 -10.1534 6.59
    endloop
  endfacet
  facet normal 0 0 -1
    outer loop
      vertex 108.474 -11.8324 6.59
      vertex 108.511 -10.1365 6.59
      vertex 108.585 -11.8203 6.59
    endloop
  endfacet
  facet normal 0 0 -1
    outer loop
      vertex 108.474 -11.8324 6.59
      vertex 108.4 -10.134 6.59
      vertex 108.511 -10.1365 6.59
    endloop
  endfacet
  facet normal 0 0 -1
    outer loop
      vertex 108.363 -11.83 6.59
      vertex 108.4 -10.134 6.59
      vertex 108.474 -11.8324 6.59
    endloop
  endfacet
  facet normal 0 0 -1
    outer loop
      vertex 108.363 -11.83 6.59
      vertex 108.289 -10.1461 6.59
      vertex 108.4 -10.134 6.59
    endloop
  endfacet
  facet normal 0 0 -1
    outer loop
      vertex 108.253 -11.8131 6.59
      vertex 108.289 -10.1461 6.59
      vertex 108.363 -11.83 6.59
    endloop
  endfacet
  facet normal 0 0 -1
    outer loop
      vertex 108.253 -11.8131 6.59
      vertex 108.181 -10.1726 6.59
      vertex 108.289 -10.1461 6.59
    endloop
  endfacet
  facet normal 0 0 -1
    outer loop
      vertex 108.146 -11.782 6.59
      vertex 108.181 -10.1726 6.59
      vertex 108.253 -11.8131 6.59
    endloop
  endfacet
  facet normal 0 0 -1
    outer loop
      vertex 108.146 -11.782 6.59
      vertex 108.078 -10.2129 6.59
      vertex 108.181 -10.1726 6.59
    endloop
  endfacet
  facet normal 0 0 -1
    outer loop
      vertex 108.045 -11.7372 6.59
      vertex 108.078 -10.2129 6.59
      vertex 108.146 -11.782 6.59
    endloop
  endfacet
  facet normal 0 0 -1
    outer loop
      vertex 108.045 -11.7372 6.59
      vertex 107.98 -10.2663 6.59
      vertex 108.078 -10.2129 6.59
    endloop
  endfacet
  facet normal 0 0 -1
    outer loop
      vertex 107.949 -11.6795 6.59
      vertex 107.98 -10.2663 6.59
      vertex 108.045 -11.7372 6.59
    endloop
  endfacet
  facet normal 0 0 -1
    outer loop
      vertex 107.949 -11.6795 6.59
      vertex 107.891 -10.3321 6.59
      vertex 107.98 -10.2663 6.59
    endloop
  endfacet
  facet normal 0 0 -1
    outer loop
      vertex 107.863 -11.6099 6.59
      vertex 107.891 -10.3321 6.59
      vertex 107.949 -11.6795 6.59
    endloop
  endfacet
  facet normal 0 0 -1
    outer loop
      vertex 107.863 -11.6099 6.59
      vertex 107.81 -10.409 6.59
      vertex 107.891 -10.3321 6.59
    endloop
  endfacet
  facet normal 0 0 -1
    outer loop
      vertex 107.786 -11.5296 6.59
      vertex 107.81 -10.409 6.59
      vertex 107.863 -11.6099 6.59
    endloop
  endfacet
  facet normal 0 0 -1
    outer loop
      vertex 107.786 -11.5296 6.59
      vertex 107.741 -10.4957 6.59
      vertex 107.81 -10.409 6.59
    endloop
  endfacet
  facet normal 0 0 -1
    outer loop
      vertex 107.72 -11.4399 6.59
      vertex 107.741 -10.4957 6.59
      vertex 107.786 -11.5296 6.59
    endloop
  endfacet
  facet normal 0 0 -1
    outer loop
      vertex 107.72 -11.4399 6.59
      vertex 107.683 -10.5907 6.59
      vertex 107.741 -10.4957 6.59
    endloop
  endfacet
  facet normal 0 0 -1
    outer loop
      vertex 107.667 -11.3424 6.59
      vertex 107.683 -10.5907 6.59
      vertex 107.72 -11.4399 6.59
    endloop
  endfacet
  facet normal 0 0 -1
    outer loop
      vertex 107.667 -11.3424 6.59
      vertex 107.638 -10.6925 6.59
      vertex 107.683 -10.5907 6.59
    endloop
  endfacet
  facet normal 0 0 -1
    outer loop
      vertex 107.626 -11.2388 6.59
      vertex 107.638 -10.6925 6.59
      vertex 107.667 -11.3424 6.59
    endloop
  endfacet
  facet normal 0 0 -1
    outer loop
      vertex 107.626 -11.2388 6.59
      vertex 107.607 -10.7992 6.59
      vertex 107.638 -10.6925 6.59
    endloop
  endfacet
  facet normal 0 0 -1
    outer loop
      vertex 107.6 -11.1308 6.59
      vertex 107.607 -10.7992 6.59
      vertex 107.626 -11.2388 6.59
    endloop
  endfacet
  facet normal 0 0 -1
    outer loop
      vertex 107.6 -11.1308 6.59
      vertex 107.59 -10.9091 6.59
      vertex 107.607 -10.7992 6.59
    endloop
  endfacet
  facet normal 0 -0 -1
    outer loop
      vertex 107.59 -10.9091 6.59
      vertex 107.6 -11.1308 6.59
      vertex 107.588 -11.0203 6.59
    endloop
  endfacet
  facet normal 0.688514 -0.725223 0
    outer loop
      vertex 107.81 -10.409 4
      vertex 107.891 -10.3321 6.59
      vertex 107.81 -10.409 6.59
    endloop
  endfacet
  facet normal 0.688514 -0.725223 0
    outer loop
      vertex 107.891 -10.3321 6.59
      vertex 107.81 -10.409 4
      vertex 107.891 -10.3321 4
    endloop
  endfacet
  facet normal -0.972224 -0.234054 0
    outer loop
      vertex 109.274 -10.8356 4
      vertex 109.248 -10.7276 6.59
      vertex 109.248 -10.7276 4
    endloop
  endfacet
  facet normal -0.972224 -0.234054 0
    outer loop
      vertex 109.248 -10.7276 6.59
      vertex 109.274 -10.8356 4
      vertex 109.274 -10.8356 6.59
    endloop
  endfacet
  facet normal 0.914625 -0.404304 0
    outer loop
      vertex 107.638 -10.6925 6.59
      vertex 107.683 -10.5907 4
      vertex 107.683 -10.5907 6.59
    endloop
  endfacet
  facet normal 0.914625 -0.404304 0
    outer loop
      vertex 107.683 -10.5907 4
      vertex 107.638 -10.6925 6.59
      vertex 107.638 -10.6925 4
    endloop
  endfacet
  facet normal -0.108367 0.994111 0
    outer loop
      vertex 108.585 -11.8203 4
      vertex 108.474 -11.8324 6.59
      vertex 108.585 -11.8203 6.59
    endloop
  endfacet
  facet normal -0.108367 0.994111 0
    outer loop
      vertex 108.474 -11.8324 6.59
      vertex 108.585 -11.8203 4
      vertex 108.474 -11.8324 4
    endloop
  endfacet
  facet normal 0.878583 0.477589 0
    outer loop
      vertex 107.72 -11.4399 6.59
      vertex 107.667 -11.3424 4
      vertex 107.667 -11.3424 6.59
    endloop
  endfacet
  facet normal 0.878583 0.477589 0
    outer loop
      vertex 107.667 -11.3424 4
      vertex 107.72 -11.4399 6.59
      vertex 107.72 -11.4399 4
    endloop
  endfacet
  facet normal -0.151855 -0.988403 0
    outer loop
      vertex 108.511 -10.1365 4
      vertex 108.621 -10.1534 6.59
      vertex 108.511 -10.1365 6.59
    endloop
  endfacet
  facet normal -0.151855 -0.988403 -0
    outer loop
      vertex 108.621 -10.1534 6.59
      vertex 108.511 -10.1365 4
      vertex 108.621 -10.1534 4
    endloop
  endfacet
  facet normal 0.721782 0.69212 0
    outer loop
      vertex 107.863 -11.6099 6.59
      vertex 107.786 -11.5296 4
      vertex 107.786 -11.5296 6.59
    endloop
  endfacet
  facet normal 0.721782 0.69212 0
    outer loop
      vertex 107.786 -11.5296 4
      vertex 107.863 -11.6099 6.59
      vertex 107.863 -11.6099 4
    endloop
  endfacet
  facet normal -0.914625 0.404304 0
    outer loop
      vertex 109.191 -11.3757 4
      vertex 109.236 -11.2739 6.59
      vertex 109.236 -11.2739 4
    endloop
  endfacet
  facet normal -0.914625 0.404304 0
    outer loop
      vertex 109.236 -11.2739 6.59
      vertex 109.191 -11.3757 4
      vertex 109.191 -11.3757 6.59
    endloop
  endfacet
  facet normal -0.593908 0.804533 0
    outer loop
      vertex 108.983 -11.6344 4
      vertex 108.894 -11.7001 6.59
      vertex 108.983 -11.6344 6.59
    endloop
  endfacet
  facet normal -0.593908 0.804533 0
    outer loop
      vertex 108.894 -11.7001 6.59
      vertex 108.983 -11.6344 4
      vertex 108.894 -11.7001 4
    endloop
  endfacet
  facet normal -0.405467 -0.91411 0
    outer loop
      vertex 108.728 -10.1845 4
      vertex 108.829 -10.2293 6.59
      vertex 108.728 -10.1845 6.59
    endloop
  endfacet
  facet normal -0.405467 -0.91411 -0
    outer loop
      vertex 108.829 -10.2293 6.59
      vertex 108.728 -10.1845 4
      vertex 108.829 -10.2293 4
    endloop
  endfacet
  facet normal 0.853504 -0.521087 0
    outer loop
      vertex 107.683 -10.5907 6.59
      vertex 107.741 -10.4957 4
      vertex 107.741 -10.4957 6.59
    endloop
  endfacet
  facet normal 0.853504 -0.521087 0
    outer loop
      vertex 107.741 -10.4957 4
      vertex 107.683 -10.5907 6.59
      vertex 107.683 -10.5907 4
    endloop
  endfacet
  facet normal -0.988247 0.152868 0
    outer loop
      vertex 109.267 -11.1672 4
      vertex 109.284 -11.0573 6.59
      vertex 109.284 -11.0573 4
    endloop
  endfacet
  facet normal -0.988247 0.152868 0
    outer loop
      vertex 109.284 -11.0573 6.59
      vertex 109.267 -11.1672 4
      vertex 109.267 -11.1672 6.59
    endloop
  endfacet
  facet normal -0.999838 0.0179827 0
    outer loop
      vertex 109.284 -11.0573 4
      vertex 109.286 -10.9461 6.59
      vertex 109.286 -10.9461 4
    endloop
  endfacet
  facet normal -0.999838 0.0179827 0
    outer loop
      vertex 109.286 -10.9461 6.59
      vertex 109.284 -11.0573 4
      vertex 109.284 -11.0573 6.59
    endloop
  endfacet
  facet normal -0.364365 0.931256 0
    outer loop
      vertex 108.796 -11.7536 4
      vertex 108.693 -11.7939 6.59
      vertex 108.796 -11.7536 6.59
    endloop
  endfacet
  facet normal -0.364365 0.931256 0
    outer loop
      vertex 108.693 -11.7939 6.59
      vertex 108.796 -11.7536 4
      vertex 108.693 -11.7939 4
    endloop
  endfacet
  facet normal -0.0225168 -0.999746 0
    outer loop
      vertex 108.4 -10.134 4
      vertex 108.511 -10.1365 6.59
      vertex 108.4 -10.134 6.59
    endloop
  endfacet
  facet normal -0.0225168 -0.999746 -0
    outer loop
      vertex 108.511 -10.1365 6.59
      vertex 108.4 -10.134 4
      vertex 108.511 -10.1365 4
    endloop
  endfacet
  facet normal -0.929832 -0.367984 0
    outer loop
      vertex 109.248 -10.7276 4
      vertex 109.207 -10.624 6.59
      vertex 109.207 -10.624 4
    endloop
  endfacet
  facet normal -0.929832 -0.367984 0
    outer loop
      vertex 109.207 -10.624 6.59
      vertex 109.248 -10.7276 4
      vertex 109.248 -10.7276 6.59
    endloop
  endfacet
  facet normal 0.238302 -0.971191 0
    outer loop
      vertex 108.181 -10.1726 4
      vertex 108.289 -10.1461 6.59
      vertex 108.181 -10.1726 6.59
    endloop
  endfacet
  facet normal 0.238302 -0.971191 0
    outer loop
      vertex 108.289 -10.1461 6.59
      vertex 108.181 -10.1726 4
      vertex 108.289 -10.1461 4
    endloop
  endfacet
  facet normal -0.878583 -0.477589 0
    outer loop
      vertex 109.207 -10.624 4
      vertex 109.154 -10.5265 6.59
      vertex 109.154 -10.5265 4
    endloop
  endfacet
  facet normal -0.878583 -0.477589 0
    outer loop
      vertex 109.154 -10.5265 6.59
      vertex 109.207 -10.624 4
      vertex 109.207 -10.624 6.59
    endloop
  endfacet
  facet normal -0.994155 -0.107963 0
    outer loop
      vertex 109.286 -10.9461 4
      vertex 109.274 -10.8356 6.59
      vertex 109.274 -10.8356 4
    endloop
  endfacet
  facet normal -0.994155 -0.107963 0
    outer loop
      vertex 109.274 -10.8356 6.59
      vertex 109.286 -10.9461 4
      vertex 109.286 -10.9461 6.59
    endloop
  endfacet
  facet normal 0.515152 0.857099 -0
    outer loop
      vertex 108.045 -11.7372 4
      vertex 107.949 -11.6795 6.59
      vertex 108.045 -11.7372 6.59
    endloop
  endfacet
  facet normal 0.515152 0.857099 0
    outer loop
      vertex 107.949 -11.6795 6.59
      vertex 108.045 -11.7372 4
      vertex 107.949 -11.6795 4
    endloop
  endfacet
  facet normal -0.722213 -0.691671 0
    outer loop
      vertex 109.088 -10.4369 4
      vertex 109.011 -10.3565 6.59
      vertex 109.011 -10.3565 4
    endloop
  endfacet
  facet normal -0.722213 -0.691671 0
    outer loop
      vertex 109.011 -10.3565 6.59
      vertex 109.088 -10.4369 4
      vertex 109.088 -10.4369 6.59
    endloop
  endfacet
  facet normal 0.362229 -0.932089 0
    outer loop
      vertex 33.2683 -14.9757 4
      vertex 33.372 -14.9354 6.59
      vertex 33.2683 -14.9757 6.59
    endloop
  endfacet
  facet normal 0.362229 -0.932089 0
    outer loop
      vertex 33.372 -14.9354 6.59
      vertex 33.2683 -14.9757 4
      vertex 33.372 -14.9354 4
    endloop
  endfacet
  facet normal 0.999767 -0.0215777 0
    outer loop
      vertex 32.7784 -15.7832 6.59
      vertex 32.7808 -15.672 4
      vertex 32.7808 -15.672 6.59
    endloop
  endfacet
  facet normal 0.999767 -0.0215777 0
    outer loop
      vertex 32.7808 -15.672 4
      vertex 32.7784 -15.7832 6.59
      vertex 32.7784 -15.7832 4
    endloop
  endfacet
  facet normal 0.994058 0.108852 0
    outer loop
      vertex 32.7905 -15.8937 6.59
      vertex 32.7784 -15.7832 4
      vertex 32.7784 -15.7832 6.59
    endloop
  endfacet
  facet normal 0.994058 0.108852 0
    outer loop
      vertex 32.7784 -15.7832 4
      vertex 32.7905 -15.8937 6.59
      vertex 32.7905 -15.8937 4
    endloop
  endfacet
  facet normal 0.988382 -0.15199 0
    outer loop
      vertex 32.7808 -15.672 6.59
      vertex 32.7977 -15.5621 4
      vertex 32.7977 -15.5621 6.59
    endloop
  endfacet
  facet normal 0.988382 -0.15199 0
    outer loop
      vertex 32.7977 -15.5621 4
      vertex 32.7808 -15.672 6.59
      vertex 32.7808 -15.672 4
    endloop
  endfacet
  facet normal 0.915289 -0.402799 0
    outer loop
      vertex 32.8288 -15.4554 6.59
      vertex 32.8736 -15.3536 4
      vertex 32.8736 -15.3536 6.59
    endloop
  endfacet
  facet normal 0.915289 -0.402799 0
    outer loop
      vertex 32.8736 -15.3536 4
      vertex 32.8288 -15.4554 6.59
      vertex 32.8288 -15.4554 4
    endloop
  endfacet
  facet normal 0.481435 -0.876482 0
    outer loop
      vertex 33.1709 -15.0292 4
      vertex 33.2683 -14.9757 6.59
      vertex 33.1709 -15.0292 6.59
    endloop
  endfacet
  facet normal 0.481435 -0.876482 0
    outer loop
      vertex 33.2683 -14.9757 6.59
      vertex 33.1709 -15.0292 4
      vertex 33.2683 -14.9757 4
    endloop
  endfacet
  facet normal -0.999767 0.0215777 0
    outer loop
      vertex 34.4743 -15.8202 4
      vertex 34.4767 -15.709 6.59
      vertex 34.4767 -15.709 4
    endloop
  endfacet
  facet normal -0.999767 0.0215777 0
    outer loop
      vertex 34.4767 -15.709 6.59
      vertex 34.4743 -15.8202 4
      vertex 34.4743 -15.8202 6.59
    endloop
  endfacet
  facet normal 0.971399 0.237453 0
    outer loop
      vertex 32.8169 -16.0017 6.59
      vertex 32.7905 -15.8937 4
      vertex 32.7905 -15.8937 6.59
    endloop
  endfacet
  facet normal 0.971399 0.237453 0
    outer loop
      vertex 32.7905 -15.8937 4
      vertex 32.8169 -16.0017 6.59
      vertex 32.8169 -16.0017 4
    endloop
  endfacet
  facet normal -0.691182 0.722681 0
    outer loop
      vertex 34.2542 -16.3204 4
      vertex 34.1739 -16.3972 6.59
      vertex 34.2542 -16.3204 6.59
    endloop
  endfacet
  facet normal -0.691182 0.722681 0
    outer loop
      vertex 34.1739 -16.3972 6.59
      vertex 34.2542 -16.3204 4
      vertex 34.1739 -16.3972 4
    endloop
  endfacet
  facet normal -0.994058 -0.108852 0
    outer loop
      vertex 34.4767 -15.709 4
      vertex 34.4646 -15.5985 6.59
      vertex 34.4646 -15.5985 4
    endloop
  endfacet
  facet normal -0.994058 -0.108852 0
    outer loop
      vertex 34.4646 -15.5985 6.59
      vertex 34.4767 -15.709 4
      vertex 34.4767 -15.709 6.59
    endloop
  endfacet
  facet normal -0.481056 0.87669 0
    outer loop
      vertex 34.0843 -16.463 4
      vertex 33.9868 -16.5165 6.59
      vertex 34.0843 -16.463 6.59
    endloop
  endfacet
  facet normal -0.481056 0.87669 0
    outer loop
      vertex 33.9868 -16.5165 6.59
      vertex 34.0843 -16.463 4
      vertex 33.9868 -16.5165 4
    endloop
  endfacet
  facet normal 0.96005 -0.279827 0
    outer loop
      vertex 32.7977 -15.5621 6.59
      vertex 32.8288 -15.4554 4
      vertex 32.8288 -15.4554 6.59
    endloop
  endfacet
  facet normal 0.96005 -0.279827 0
    outer loop
      vertex 32.8288 -15.4554 4
      vertex 32.7977 -15.5621 6.59
      vertex 32.7977 -15.5621 4
    endloop
  endfacet
  facet normal 0.854702 -0.519119 0
    outer loop
      vertex 32.8736 -15.3536 6.59
      vertex 32.9313 -15.2586 4
      vertex 32.9313 -15.2586 6.59
    endloop
  endfacet
  facet normal 0.854702 -0.519119 0
    outer loop
      vertex 32.9313 -15.2586 4
      vertex 32.8736 -15.3536 6.59
      vertex 32.8736 -15.3536 4
    endloop
  endfacet
  facet normal 0.87669 0.481056 0
    outer loop
      vertex 32.9107 -16.2028 6.59
      vertex 32.8572 -16.1053 4
      vertex 32.8572 -16.1053 6.59
    endloop
  endfacet
  facet normal 0.87669 0.481056 0
    outer loop
      vertex 32.8572 -16.1053 4
      vertex 32.9107 -16.2028 6.59
      vertex 32.9107 -16.2028 4
    endloop
  endfacet
  facet normal -0.854702 0.519119 0
    outer loop
      vertex 34.3238 -16.2336 4
      vertex 34.3815 -16.1386 6.59
      vertex 34.3815 -16.1386 4
    endloop
  endfacet
  facet normal -0.854702 0.519119 0
    outer loop
      vertex 34.3815 -16.1386 6.59
      vertex 34.3238 -16.2336 4
      vertex 34.3238 -16.2336 6.59
    endloop
  endfacet
  facet normal 0.931971 0.362533 0
    outer loop
      vertex 32.8572 -16.1053 6.59
      vertex 32.8169 -16.0017 4
      vertex 32.8169 -16.0017 6.59
    endloop
  endfacet
  facet normal 0.931971 0.362533 0
    outer loop
      vertex 32.8169 -16.0017 4
      vertex 32.8572 -16.1053 6.59
      vertex 32.8572 -16.1053 4
    endloop
  endfacet
  facet normal -0.108754 0.994069 0
    outer loop
      vertex 33.7752 -16.5832 4
      vertex 33.6646 -16.5953 6.59
      vertex 33.7752 -16.5832 6.59
    endloop
  endfacet
  facet normal -0.108754 0.994069 0
    outer loop
      vertex 33.6646 -16.5953 6.59
      vertex 33.7752 -16.5832 4
      vertex 33.6646 -16.5953 4
    endloop
  endfacet
  facet normal -0.988382 0.15199 0
    outer loop
      vertex 34.4574 -15.9301 4
      vertex 34.4743 -15.8202 6.59
      vertex 34.4743 -15.8202 4
    endloop
  endfacet
  facet normal -0.988382 0.15199 0
    outer loop
      vertex 34.4743 -15.8202 6.59
      vertex 34.4574 -15.9301 4
      vertex 34.4574 -15.9301 6.59
    endloop
  endfacet
  facet normal 0.722232 0.691651 0
    outer loop
      vertex 33.0533 -16.3728 6.59
      vertex 32.9764 -16.2925 4
      vertex 32.9764 -16.2925 6.59
    endloop
  endfacet
  facet normal 0.722232 0.691651 0
    outer loop
      vertex 32.9764 -16.2925 4
      vertex 33.0533 -16.3728 6.59
      vertex 33.0533 -16.3728 4
    endloop
  endfacet
  facet normal 0.591481 -0.806319 0
    outer loop
      vertex 33.0812 -15.095 4
      vertex 33.1709 -15.0292 6.59
      vertex 33.0812 -15.095 6.59
    endloop
  endfacet
  facet normal 0.591481 -0.806319 0
    outer loop
      vertex 33.1709 -15.0292 6.59
      vertex 33.0812 -15.095 4
      vertex 33.1709 -15.0292 4
    endloop
  endfacet
  facet normal -0.279586 -0.960121 0
    outer loop
      vertex 33.8115 -14.9163 4
      vertex 33.9183 -14.9474 6.59
      vertex 33.8115 -14.9163 6.59
    endloop
  endfacet
  facet normal -0.279586 -0.960121 -0
    outer loop
      vertex 33.9183 -14.9474 6.59
      vertex 33.8115 -14.9163 4
      vertex 33.9183 -14.9474 4
    endloop
  endfacet
  facet normal 0.280414 0.959879 -0
    outer loop
      vertex 33.4436 -16.576 4
      vertex 33.3368 -16.5448 6.59
      vertex 33.4436 -16.576 6.59
    endloop
  endfacet
  facet normal 0.280414 0.959879 0
    outer loop
      vertex 33.3368 -16.5448 6.59
      vertex 33.4436 -16.576 4
      vertex 33.3368 -16.5448 4
    endloop
  endfacet
  facet normal 0.15199 0.988382 -0
    outer loop
      vertex 33.5535 -16.5929 4
      vertex 33.4436 -16.576 6.59
      vertex 33.5535 -16.5929 6.59
    endloop
  endfacet
  facet normal 0.15199 0.988382 0
    outer loop
      vertex 33.4436 -16.576 6.59
      vertex 33.5535 -16.5929 4
      vertex 33.4436 -16.576 4
    endloop
  endfacet
  facet normal -0.362533 0.931971 0
    outer loop
      vertex 33.9868 -16.5165 4
      vertex 33.8832 -16.5568 6.59
      vertex 33.9868 -16.5165 6.59
    endloop
  endfacet
  facet normal -0.362533 0.931971 0
    outer loop
      vertex 33.8832 -16.5568 6.59
      vertex 33.9868 -16.5165 4
      vertex 33.8832 -16.5568 4
    endloop
  endfacet
  facet normal -0.87669 -0.481056 0
    outer loop
      vertex 34.3979 -15.3869 4
      vertex 34.3444 -15.2894 6.59
      vertex 34.3444 -15.2894 4
    endloop
  endfacet
  facet normal -0.87669 -0.481056 0
    outer loop
      vertex 34.3444 -15.2894 6.59
      vertex 34.3979 -15.3869 4
      vertex 34.3979 -15.3869 6.59
    endloop
  endfacet
  facet normal -0.0215971 -0.999767 0
    outer loop
      vertex 33.5905 -14.8969 4
      vertex 33.7016 -14.8993 6.59
      vertex 33.5905 -14.8969 6.59
    endloop
  endfacet
  facet normal -0.0215971 -0.999767 -0
    outer loop
      vertex 33.7016 -14.8993 6.59
      vertex 33.5905 -14.8969 4
      vertex 33.7016 -14.8993 4
    endloop
  endfacet
  facet normal -0.402377 -0.915474 0
    outer loop
      vertex 33.9183 -14.9474 4
      vertex 34.02 -14.9921 6.59
      vertex 33.9183 -14.9474 6.59
    endloop
  endfacet
  facet normal -0.402377 -0.915474 -0
    outer loop
      vertex 34.02 -14.9921 6.59
      vertex 33.9183 -14.9474 4
      vertex 34.02 -14.9921 4
    endloop
  endfacet
  facet normal 0.402377 0.915474 -0
    outer loop
      vertex 33.3368 -16.5448 4
      vertex 33.2351 -16.5001 6.59
      vertex 33.3368 -16.5448 6.59
    endloop
  endfacet
  facet normal 0.402377 0.915474 0
    outer loop
      vertex 33.2351 -16.5001 6.59
      vertex 33.3368 -16.5448 4
      vertex 33.2351 -16.5001 4
    endloop
  endfacet
  facet normal 0.0215971 0.999767 -0
    outer loop
      vertex 33.6646 -16.5953 4
      vertex 33.5535 -16.5929 6.59
      vertex 33.6646 -16.5953 6.59
    endloop
  endfacet
  facet normal 0.0215971 0.999767 0
    outer loop
      vertex 33.5535 -16.5929 6.59
      vertex 33.6646 -16.5953 4
      vertex 33.5535 -16.5929 4
    endloop
  endfacet
  facet normal -0.806748 -0.590896 0
    outer loop
      vertex 34.3444 -15.2894 4
      vertex 34.2787 -15.1997 6.59
      vertex 34.2787 -15.1997 4
    endloop
  endfacet
  facet normal -0.806748 -0.590896 0
    outer loop
      vertex 34.2787 -15.1997 6.59
      vertex 34.3444 -15.2894 4
      vertex 34.3444 -15.2894 6.59
    endloop
  endfacet
  facet normal -0.722232 -0.691651 0
    outer loop
      vertex 34.2787 -15.1997 4
      vertex 34.2018 -15.1194 6.59
      vertex 34.2018 -15.1194 4
    endloop
  endfacet
  facet normal -0.722232 -0.691651 0
    outer loop
      vertex 34.2018 -15.1194 6.59
      vertex 34.2787 -15.1997 4
      vertex 34.2787 -15.1997 6.59
    endloop
  endfacet
  facet normal -0.237453 0.971399 0
    outer loop
      vertex 33.8832 -16.5568 4
      vertex 33.7752 -16.5832 6.59
      vertex 33.8832 -16.5568 6.59
    endloop
  endfacet
  facet normal -0.237453 0.971399 0
    outer loop
      vertex 33.7752 -16.5832 6.59
      vertex 33.8832 -16.5568 4
      vertex 33.7752 -16.5832 4
    endloop
  endfacet
  facet normal -0.51872 -0.854944 0
    outer loop
      vertex 34.02 -14.9921 4
      vertex 34.1151 -15.0498 6.59
      vertex 34.02 -14.9921 6.59
    endloop
  endfacet
  facet normal -0.51872 -0.854944 -0
    outer loop
      vertex 34.1151 -15.0498 6.59
      vertex 34.02 -14.9921 4
      vertex 34.1151 -15.0498 4
    endloop
  endfacet
  facet normal -0.780167 0.625572 0
    outer loop
      vertex 34.2542 -16.3204 4
      vertex 34.3238 -16.2336 6.59
      vertex 34.3238 -16.2336 4
    endloop
  endfacet
  facet normal -0.780167 0.625572 0
    outer loop
      vertex 34.3238 -16.2336 6.59
      vertex 34.2542 -16.3204 4
      vertex 34.2542 -16.3204 6.59
    endloop
  endfacet
  facet normal -0.62601 -0.779815 0
    outer loop
      vertex 34.1151 -15.0498 4
      vertex 34.2018 -15.1194 6.59
      vertex 34.1151 -15.0498 6.59
    endloop
  endfacet
  facet normal -0.62601 -0.779815 -0
    outer loop
      vertex 34.2018 -15.1194 6.59
      vertex 34.1151 -15.0498 4
      vertex 34.2018 -15.1194 4
    endloop
  endfacet
  facet normal 0.62601 0.779815 -0
    outer loop
      vertex 33.14 -16.4424 4
      vertex 33.0533 -16.3728 6.59
      vertex 33.14 -16.4424 6.59
    endloop
  endfacet
  facet normal 0.62601 0.779815 0
    outer loop
      vertex 33.0533 -16.3728 6.59
      vertex 33.14 -16.4424 4
      vertex 33.0533 -16.3728 4
    endloop
  endfacet
  facet normal 0.806748 0.590896 0
    outer loop
      vertex 32.9764 -16.2925 6.59
      vertex 32.9107 -16.2028 4
      vertex 32.9107 -16.2028 6.59
    endloop
  endfacet
  facet normal 0.806748 0.590896 0
    outer loop
      vertex 32.9107 -16.2028 4
      vertex 32.9764 -16.2925 6.59
      vertex 32.9764 -16.2925 4
    endloop
  endfacet
  facet normal -0.931971 -0.362533 0
    outer loop
      vertex 34.4382 -15.4905 4
      vertex 34.3979 -15.3869 6.59
      vertex 34.3979 -15.3869 4
    endloop
  endfacet
  facet normal -0.931971 -0.362533 0
    outer loop
      vertex 34.3979 -15.3869 6.59
      vertex 34.4382 -15.4905 4
      vertex 34.4382 -15.4905 6.59
    endloop
  endfacet
  facet normal 0.237453 -0.971399 0
    outer loop
      vertex 33.372 -14.9354 4
      vertex 33.48 -14.909 6.59
      vertex 33.372 -14.9354 6.59
    endloop
  endfacet
  facet normal 0.237453 -0.971399 0
    outer loop
      vertex 33.48 -14.909 6.59
      vertex 33.372 -14.9354 4
      vertex 33.48 -14.909 4
    endloop
  endfacet
  facet normal 0.691651 -0.722232 0
    outer loop
      vertex 33.0009 -15.1719 4
      vertex 33.0812 -15.095 6.59
      vertex 33.0009 -15.1719 6.59
    endloop
  endfacet
  facet normal 0.691651 -0.722232 0
    outer loop
      vertex 33.0812 -15.095 6.59
      vertex 33.0009 -15.1719 4
      vertex 33.0812 -15.095 4
    endloop
  endfacet
  facet normal -0.152868 -0.988247 0
    outer loop
      vertex 33.7016 -14.8993 4
      vertex 33.8115 -14.9163 6.59
      vertex 33.7016 -14.8993 6.59
    endloop
  endfacet
  facet normal -0.152868 -0.988247 -0
    outer loop
      vertex 33.8115 -14.9163 6.59
      vertex 33.7016 -14.8993 4
      vertex 33.8115 -14.9163 4
    endloop
  endfacet
  facet normal 0.108852 -0.994058 0
    outer loop
      vertex 33.48 -14.909 4
      vertex 33.5905 -14.8969 6.59
      vertex 33.48 -14.909 6.59
    endloop
  endfacet
  facet normal 0.108852 -0.994058 0
    outer loop
      vertex 33.5905 -14.8969 6.59
      vertex 33.48 -14.909 4
      vertex 33.5905 -14.8969 4
    endloop
  endfacet
  facet normal -0.971399 -0.237453 0
    outer loop
      vertex 34.4646 -15.5985 4
      vertex 34.4382 -15.4905 6.59
      vertex 34.4382 -15.4905 4
    endloop
  endfacet
  facet normal -0.971399 -0.237453 0
    outer loop
      vertex 34.4382 -15.4905 6.59
      vertex 34.4646 -15.5985 4
      vertex 34.4646 -15.5985 6.59
    endloop
  endfacet
  facet normal 0.779815 -0.62601 0
    outer loop
      vertex 32.9313 -15.2586 6.59
      vertex 33.0009 -15.1719 4
      vertex 33.0009 -15.1719 6.59
    endloop
  endfacet
  facet normal 0.779815 -0.62601 0
    outer loop
      vertex 33.0009 -15.1719 4
      vertex 32.9313 -15.2586 6.59
      vertex 32.9313 -15.2586 4
    endloop
  endfacet
  facet normal 0 0 -1
    outer loop
      vertex 34.4743 -15.8202 6.59
      vertex 34.4646 -15.5985 6.59
      vertex 34.4767 -15.709 6.59
    endloop
  endfacet
  facet normal 0 0 -1
    outer loop
      vertex 34.4574 -15.9301 6.59
      vertex 34.4646 -15.5985 6.59
      vertex 34.4743 -15.8202 6.59
    endloop
  endfacet
  facet normal 0 0 -1
    outer loop
      vertex 34.4574 -15.9301 6.59
      vertex 34.4382 -15.4905 6.59
      vertex 34.4646 -15.5985 6.59
    endloop
  endfacet
  facet normal 0 0 -1
    outer loop
      vertex 34.4263 -16.0368 6.59
      vertex 34.4382 -15.4905 6.59
      vertex 34.4574 -15.9301 6.59
    endloop
  endfacet
  facet normal 0 0 -1
    outer loop
      vertex 34.4263 -16.0368 6.59
      vertex 34.3979 -15.3869 6.59
      vertex 34.4382 -15.4905 6.59
    endloop
  endfacet
  facet normal 0 0 -1
    outer loop
      vertex 34.3815 -16.1386 6.59
      vertex 34.3979 -15.3869 6.59
      vertex 34.4263 -16.0368 6.59
    endloop
  endfacet
  facet normal 0 0 -1
    outer loop
      vertex 34.3815 -16.1386 6.59
      vertex 34.3444 -15.2894 6.59
      vertex 34.3979 -15.3869 6.59
    endloop
  endfacet
  facet normal 0 0 -1
    outer loop
      vertex 34.3238 -16.2336 6.59
      vertex 34.3444 -15.2894 6.59
      vertex 34.3815 -16.1386 6.59
    endloop
  endfacet
  facet normal 0 0 -1
    outer loop
      vertex 34.3238 -16.2336 6.59
      vertex 34.2787 -15.1997 6.59
      vertex 34.3444 -15.2894 6.59
    endloop
  endfacet
  facet normal 0 0 -1
    outer loop
      vertex 34.2542 -16.3204 6.59
      vertex 34.2787 -15.1997 6.59
      vertex 34.3238 -16.2336 6.59
    endloop
  endfacet
  facet normal 0 0 -1
    outer loop
      vertex 34.2542 -16.3204 6.59
      vertex 34.2018 -15.1194 6.59
      vertex 34.2787 -15.1997 6.59
    endloop
  endfacet
  facet normal 0 0 -1
    outer loop
      vertex 34.1739 -16.3972 6.59
      vertex 34.2018 -15.1194 6.59
      vertex 34.2542 -16.3204 6.59
    endloop
  endfacet
  facet normal 0 0 -1
    outer loop
      vertex 34.1739 -16.3972 6.59
      vertex 34.1151 -15.0498 6.59
      vertex 34.2018 -15.1194 6.59
    endloop
  endfacet
  facet normal 0 0 -1
    outer loop
      vertex 34.0843 -16.463 6.59
      vertex 34.1151 -15.0498 6.59
      vertex 34.1739 -16.3972 6.59
    endloop
  endfacet
  facet normal 0 0 -1
    outer loop
      vertex 34.0843 -16.463 6.59
      vertex 34.02 -14.9921 6.59
      vertex 34.1151 -15.0498 6.59
    endloop
  endfacet
  facet normal 0 0 -1
    outer loop
      vertex 33.9868 -16.5165 6.59
      vertex 34.02 -14.9921 6.59
      vertex 34.0843 -16.463 6.59
    endloop
  endfacet
  facet normal 0 0 -1
    outer loop
      vertex 33.9868 -16.5165 6.59
      vertex 33.9183 -14.9474 6.59
      vertex 34.02 -14.9921 6.59
    endloop
  endfacet
  facet normal 0 0 -1
    outer loop
      vertex 33.8832 -16.5568 6.59
      vertex 33.9183 -14.9474 6.59
      vertex 33.9868 -16.5165 6.59
    endloop
  endfacet
  facet normal 0 0 -1
    outer loop
      vertex 33.8832 -16.5568 6.59
      vertex 33.8115 -14.9163 6.59
      vertex 33.9183 -14.9474 6.59
    endloop
  endfacet
  facet normal 0 0 -1
    outer loop
      vertex 33.7752 -16.5832 6.59
      vertex 33.8115 -14.9163 6.59
      vertex 33.8832 -16.5568 6.59
    endloop
  endfacet
  facet normal 0 0 -1
    outer loop
      vertex 33.7752 -16.5832 6.59
      vertex 33.7016 -14.8993 6.59
      vertex 33.8115 -14.9163 6.59
    endloop
  endfacet
  facet normal 0 0 -1
    outer loop
      vertex 33.6646 -16.5953 6.59
      vertex 33.7016 -14.8993 6.59
      vertex 33.7752 -16.5832 6.59
    endloop
  endfacet
  facet normal 0 0 -1
    outer loop
      vertex 33.6646 -16.5953 6.59
      vertex 33.5905 -14.8969 6.59
      vertex 33.7016 -14.8993 6.59
    endloop
  endfacet
  facet normal 0 0 -1
    outer loop
      vertex 33.5535 -16.5929 6.59
      vertex 33.5905 -14.8969 6.59
      vertex 33.6646 -16.5953 6.59
    endloop
  endfacet
  facet normal 0 0 -1
    outer loop
      vertex 33.5535 -16.5929 6.59
      vertex 33.48 -14.909 6.59
      vertex 33.5905 -14.8969 6.59
    endloop
  endfacet
  facet normal 0 0 -1
    outer loop
      vertex 33.4436 -16.576 6.59
      vertex 33.48 -14.909 6.59
      vertex 33.5535 -16.5929 6.59
    endloop
  endfacet
  facet normal 0 0 -1
    outer loop
      vertex 33.4436 -16.576 6.59
      vertex 33.372 -14.9354 6.59
      vertex 33.48 -14.909 6.59
    endloop
  endfacet
  facet normal 0 0 -1
    outer loop
      vertex 33.3368 -16.5448 6.59
      vertex 33.372 -14.9354 6.59
      vertex 33.4436 -16.576 6.59
    endloop
  endfacet
  facet normal 0 0 -1
    outer loop
      vertex 33.3368 -16.5448 6.59
      vertex 33.2683 -14.9757 6.59
      vertex 33.372 -14.9354 6.59
    endloop
  endfacet
  facet normal 0 0 -1
    outer loop
      vertex 33.2351 -16.5001 6.59
      vertex 33.2683 -14.9757 6.59
      vertex 33.3368 -16.5448 6.59
    endloop
  endfacet
  facet normal 0 0 -1
    outer loop
      vertex 33.2351 -16.5001 6.59
      vertex 33.1709 -15.0292 6.59
      vertex 33.2683 -14.9757 6.59
    endloop
  endfacet
  facet normal 0 0 -1
    outer loop
      vertex 33.14 -16.4424 6.59
      vertex 33.1709 -15.0292 6.59
      vertex 33.2351 -16.5001 6.59
    endloop
  endfacet
  facet normal 0 0 -1
    outer loop
      vertex 33.14 -16.4424 6.59
      vertex 33.0812 -15.095 6.59
      vertex 33.1709 -15.0292 6.59
    endloop
  endfacet
  facet normal 0 0 -1
    outer loop
      vertex 33.0533 -16.3728 6.59
      vertex 33.0812 -15.095 6.59
      vertex 33.14 -16.4424 6.59
    endloop
  endfacet
  facet normal 0 0 -1
    outer loop
      vertex 33.0533 -16.3728 6.59
      vertex 33.0009 -15.1719 6.59
      vertex 33.0812 -15.095 6.59
    endloop
  endfacet
  facet normal 0 0 -1
    outer loop
      vertex 32.9764 -16.2925 6.59
      vertex 33.0009 -15.1719 6.59
      vertex 33.0533 -16.3728 6.59
    endloop
  endfacet
  facet normal 0 0 -1
    outer loop
      vertex 32.9764 -16.2925 6.59
      vertex 32.9313 -15.2586 6.59
      vertex 33.0009 -15.1719 6.59
    endloop
  endfacet
  facet normal 0 0 -1
    outer loop
      vertex 32.9107 -16.2028 6.59
      vertex 32.9313 -15.2586 6.59
      vertex 32.9764 -16.2925 6.59
    endloop
  endfacet
  facet normal 0 0 -1
    outer loop
      vertex 32.9107 -16.2028 6.59
      vertex 32.8736 -15.3536 6.59
      vertex 32.9313 -15.2586 6.59
    endloop
  endfacet
  facet normal 0 0 -1
    outer loop
      vertex 32.8572 -16.1053 6.59
      vertex 32.8736 -15.3536 6.59
      vertex 32.9107 -16.2028 6.59
    endloop
  endfacet
  facet normal 0 0 -1
    outer loop
      vertex 32.8572 -16.1053 6.59
      vertex 32.8288 -15.4554 6.59
      vertex 32.8736 -15.3536 6.59
    endloop
  endfacet
  facet normal 0 0 -1
    outer loop
      vertex 32.8169 -16.0017 6.59
      vertex 32.8288 -15.4554 6.59
      vertex 32.8572 -16.1053 6.59
    endloop
  endfacet
  facet normal 0 0 -1
    outer loop
      vertex 32.8169 -16.0017 6.59
      vertex 32.7977 -15.5621 6.59
      vertex 32.8288 -15.4554 6.59
    endloop
  endfacet
  facet normal 0 0 -1
    outer loop
      vertex 32.7905 -15.8937 6.59
      vertex 32.7977 -15.5621 6.59
      vertex 32.8169 -16.0017 6.59
    endloop
  endfacet
  facet normal 0 0 -1
    outer loop
      vertex 32.7905 -15.8937 6.59
      vertex 32.7808 -15.672 6.59
      vertex 32.7977 -15.5621 6.59
    endloop
  endfacet
  facet normal 0 -0 -1
    outer loop
      vertex 32.7808 -15.672 6.59
      vertex 32.7905 -15.8937 6.59
      vertex 32.7784 -15.7832 6.59
    endloop
  endfacet
  facet normal -0.96005 0.279827 0
    outer loop
      vertex 34.4263 -16.0368 4
      vertex 34.4574 -15.9301 6.59
      vertex 34.4574 -15.9301 4
    endloop
  endfacet
  facet normal -0.96005 0.279827 0
    outer loop
      vertex 34.4574 -15.9301 6.59
      vertex 34.4263 -16.0368 4
      vertex 34.4263 -16.0368 6.59
    endloop
  endfacet
  facet normal -0.59191 0.806004 0
    outer loop
      vertex 34.1739 -16.3972 4
      vertex 34.0843 -16.463 6.59
      vertex 34.1739 -16.3972 6.59
    endloop
  endfacet
  facet normal -0.59191 0.806004 0
    outer loop
      vertex 34.0843 -16.463 6.59
      vertex 34.1739 -16.3972 4
      vertex 34.0843 -16.463 4
    endloop
  endfacet
  facet normal 0.51872 0.854944 -0
    outer loop
      vertex 33.2351 -16.5001 4
      vertex 33.14 -16.4424 6.59
      vertex 33.2351 -16.5001 6.59
    endloop
  endfacet
  facet normal 0.51872 0.854944 0
    outer loop
      vertex 33.14 -16.4424 6.59
      vertex 33.2351 -16.5001 4
      vertex 33.14 -16.4424 4
    endloop
  endfacet
  facet normal -0.915289 0.402799 0
    outer loop
      vertex 34.3815 -16.1386 4
      vertex 34.4263 -16.0368 6.59
      vertex 34.4263 -16.0368 4
    endloop
  endfacet
  facet normal -0.915289 0.402799 0
    outer loop
      vertex 34.4263 -16.0368 6.59
      vertex 34.3815 -16.1386 4
      vertex 34.3815 -16.1386 6.59
    endloop
  endfacet
  facet normal 0 0 1
    outer loop
      vertex 107.942 61.7356 4.2
      vertex 111.031 42.8348 4.2
      vertex 111.267 42.8765 4.2
    endloop
  endfacet
  facet normal 0 0 1
    outer loop
      vertex 111.031 42.8348 4.2
      vertex 107.942 61.7356 4.2
      vertex 107.706 61.6939 4.2
    endloop
  endfacet
  facet normal 0.64279 -0.766043 0
    outer loop
      vertex 11.9747 -28.918 6
      vertex 24.9974 -17.9906 7.2
      vertex 11.9747 -28.918 7.2
    endloop
  endfacet
  facet normal 0.64279 -0.766043 0
    outer loop
      vertex 24.9974 -17.9906 7.2
      vertex 11.9747 -28.918 6
      vertex 24.9974 -17.9906 6
    endloop
  endfacet
  facet normal -0.766044 -0.642788 0
    outer loop
      vertex 32.3079 -26.7029 6
      vertex 24.9974 -17.9906 7.2
      vertex 24.9974 -17.9906 6
    endloop
  endfacet
  facet normal -0.766044 -0.642788 0
    outer loop
      vertex 24.9974 -17.9906 7.2
      vertex 32.3079 -26.7029 6
      vertex 32.3079 -26.7029 7.2
    endloop
  endfacet
  facet normal -0.722227 -0.691656 0
    outer loop
      vertex 32.4527 -26.8541 6
      vertex 32.3079 -26.7029 7.2
      vertex 32.3079 -26.7029 6
    endloop
  endfacet
  facet normal -0.722227 -0.691656 0
    outer loop
      vertex 32.3079 -26.7029 7.2
      vertex 32.4527 -26.8541 6
      vertex 32.4527 -26.8541 7.2
    endloop
  endfacet
  facet normal -0.625976 -0.779842 0
    outer loop
      vertex 32.4527 -26.8541 6
      vertex 32.6159 -26.9851 7.2
      vertex 32.4527 -26.8541 7.2
    endloop
  endfacet
  facet normal -0.625976 -0.779842 -0
    outer loop
      vertex 32.6159 -26.9851 7.2
      vertex 32.4527 -26.8541 6
      vertex 32.6159 -26.9851 6
    endloop
  endfacet
  facet normal -0.518916 -0.854825 0
    outer loop
      vertex 32.6159 -26.9851 6
      vertex 32.7948 -27.0937 7.2
      vertex 32.6159 -26.9851 7.2
    endloop
  endfacet
  facet normal -0.518916 -0.854825 -0
    outer loop
      vertex 32.7948 -27.0937 7.2
      vertex 32.6159 -26.9851 6
      vertex 32.7948 -27.0937 6
    endloop
  endfacet
  facet normal -0.402723 -0.915322 0
    outer loop
      vertex 32.7948 -27.0937 6
      vertex 32.9864 -27.178 7.2
      vertex 32.7948 -27.0937 7.2
    endloop
  endfacet
  facet normal -0.402723 -0.915322 -0
    outer loop
      vertex 32.9864 -27.178 7.2
      vertex 32.7948 -27.0937 6
      vertex 32.9864 -27.178 6
    endloop
  endfacet
  facet normal -0.279578 -0.960123 0
    outer loop
      vertex 32.9864 -27.178 6
      vertex 33.1873 -27.2365 7.2
      vertex 32.9864 -27.178 7.2
    endloop
  endfacet
  facet normal -0.279578 -0.960123 -0
    outer loop
      vertex 33.1873 -27.2365 7.2
      vertex 32.9864 -27.178 6
      vertex 33.1873 -27.2365 6
    endloop
  endfacet
  facet normal -0.152452 -0.988311 0
    outer loop
      vertex 33.1873 -27.2365 6
      vertex 33.3941 -27.2684 7.2
      vertex 33.1873 -27.2365 7.2
    endloop
  endfacet
  facet normal -0.152452 -0.988311 -0
    outer loop
      vertex 33.3941 -27.2684 7.2
      vertex 33.1873 -27.2365 6
      vertex 33.3941 -27.2684 6
    endloop
  endfacet
  facet normal -0.0219727 -0.999759 0
    outer loop
      vertex 33.3941 -27.2684 6
      vertex 33.6034 -27.273 7.2
      vertex 33.3941 -27.2684 7.2
    endloop
  endfacet
  facet normal -0.0219727 -0.999759 -0
    outer loop
      vertex 33.6034 -27.273 7.2
      vertex 33.3941 -27.2684 6
      vertex 33.6034 -27.273 6
    endloop
  endfacet
  facet normal 0.108963 -0.994046 0
    outer loop
      vertex 33.6034 -27.273 6
      vertex 33.8114 -27.2502 7.2
      vertex 33.6034 -27.273 7.2
    endloop
  endfacet
  facet normal 0.108963 -0.994046 0
    outer loop
      vertex 33.8114 -27.2502 7.2
      vertex 33.6034 -27.273 6
      vertex 33.8114 -27.2502 6
    endloop
  endfacet
  facet normal 0.237924 -0.971284 0
    outer loop
      vertex 33.8114 -27.2502 6
      vertex 34.0147 -27.2004 7.2
      vertex 33.8114 -27.2502 7.2
    endloop
  endfacet
  facet normal 0.237924 -0.971284 0
    outer loop
      vertex 34.0147 -27.2004 7.2
      vertex 33.8114 -27.2502 6
      vertex 34.0147 -27.2004 6
    endloop
  endfacet
  facet normal 0.362147 -0.932121 0
    outer loop
      vertex 34.0147 -27.2004 6
      vertex 34.2098 -27.1246 7.2
      vertex 34.0147 -27.2004 7.2
    endloop
  endfacet
  facet normal 0.362147 -0.932121 0
    outer loop
      vertex 34.2098 -27.1246 7.2
      vertex 34.0147 -27.2004 6
      vertex 34.2098 -27.1246 6
    endloop
  endfacet
  facet normal 0.481093 -0.876669 0
    outer loop
      vertex 34.2098 -27.1246 6
      vertex 34.3933 -27.0239 7.2
      vertex 34.2098 -27.1246 7.2
    endloop
  endfacet
  facet normal 0.481093 -0.876669 0
    outer loop
      vertex 34.3933 -27.0239 7.2
      vertex 34.2098 -27.1246 6
      vertex 34.3933 -27.0239 6
    endloop
  endfacet
  facet normal 0.591405 -0.806375 0
    outer loop
      vertex 34.3933 -27.0239 6
      vertex 34.5621 -26.9001 7.2
      vertex 34.3933 -27.0239 7.2
    endloop
  endfacet
  facet normal 0.591405 -0.806375 0
    outer loop
      vertex 34.5621 -26.9001 7.2
      vertex 34.3933 -27.0239 6
      vertex 34.5621 -26.9001 6
    endloop
  endfacet
  facet normal 0.691646 -0.722237 0
    outer loop
      vertex 34.5621 -26.9001 6
      vertex 34.7132 -26.7554 7.2
      vertex 34.5621 -26.9001 7.2
    endloop
  endfacet
  facet normal 0.691646 -0.722237 0
    outer loop
      vertex 34.7132 -26.7554 7.2
      vertex 34.5621 -26.9001 6
      vertex 34.7132 -26.7554 6
    endloop
  endfacet
  facet normal 0.779842 -0.625976 0
    outer loop
      vertex 34.7132 -26.7554 7.2
      vertex 34.8442 -26.5922 6
      vertex 34.8442 -26.5922 7.2
    endloop
  endfacet
  facet normal 0.779842 -0.625976 0
    outer loop
      vertex 34.8442 -26.5922 6
      vertex 34.7132 -26.7554 7.2
      vertex 34.7132 -26.7554 6
    endloop
  endfacet
  facet normal 0.854825 -0.518916 0
    outer loop
      vertex 34.8442 -26.5922 7.2
      vertex 34.9528 -26.4133 6
      vertex 34.9528 -26.4133 7.2
    endloop
  endfacet
  facet normal 0.854825 -0.518916 0
    outer loop
      vertex 34.9528 -26.4133 6
      vertex 34.8442 -26.5922 7.2
      vertex 34.8442 -26.5922 6
    endloop
  endfacet
  facet normal 0.915322 -0.402723 0
    outer loop
      vertex 34.9528 -26.4133 7.2
      vertex 35.0371 -26.2217 6
      vertex 35.0371 -26.2217 7.2
    endloop
  endfacet
  facet normal 0.915322 -0.402723 0
    outer loop
      vertex 35.0371 -26.2217 6
      vertex 34.9528 -26.4133 7.2
      vertex 34.9528 -26.4133 6
    endloop
  endfacet
  facet normal 0.959995 -0.280018 0
    outer loop
      vertex 35.0371 -26.2217 7.2
      vertex 35.0957 -26.0208 6
      vertex 35.0957 -26.0208 7.2
    endloop
  endfacet
  facet normal 0.959995 -0.280018 0
    outer loop
      vertex 35.0957 -26.0208 6
      vertex 35.0371 -26.2217 7.2
      vertex 35.0371 -26.2217 6
    endloop
  endfacet
  facet normal 0.988394 -0.151914 0
    outer loop
      vertex 35.0957 -26.0208 7.2
      vertex 35.1275 -25.8139 6
      vertex 35.1275 -25.8139 7.2
    endloop
  endfacet
  facet normal 0.988394 -0.151914 0
    outer loop
      vertex 35.1275 -25.8139 6
      vertex 35.0957 -26.0208 7.2
      vertex 35.0957 -26.0208 6
    endloop
  endfacet
  facet normal 0.999758 -0.0219832 0
    outer loop
      vertex 35.1275 -25.8139 7.2
      vertex 35.1321 -25.6047 6
      vertex 35.1321 -25.6047 7.2
    endloop
  endfacet
  facet normal 0.999758 -0.0219832 0
    outer loop
      vertex 35.1321 -25.6047 6
      vertex 35.1275 -25.8139 7.2
      vertex 35.1275 -25.8139 6
    endloop
  endfacet
  facet normal 0.994052 0.108911 0
    outer loop
      vertex 35.1321 -25.6047 7.2
      vertex 35.1093 -25.3966 6
      vertex 35.1093 -25.3966 7.2
    endloop
  endfacet
  facet normal 0.994052 0.108911 0
    outer loop
      vertex 35.1093 -25.3966 6
      vertex 35.1321 -25.6047 7.2
      vertex 35.1321 -25.6047 6
    endloop
  endfacet
  facet normal 0.971394 0.237473 0
    outer loop
      vertex 35.1093 -25.3966 7.2
      vertex 35.0596 -25.1933 6
      vertex 35.0596 -25.1933 7.2
    endloop
  endfacet
  facet normal 0.971394 0.237473 0
    outer loop
      vertex 35.0596 -25.1933 6
      vertex 35.1093 -25.3966 7.2
      vertex 35.1093 -25.3966 6
    endloop
  endfacet
  facet normal 0.931897 0.362723 0
    outer loop
      vertex 35.0596 -25.1933 7.2
      vertex 34.9837 -24.9983 6
      vertex 34.9837 -24.9983 7.2
    endloop
  endfacet
  facet normal 0.931897 0.362723 0
    outer loop
      vertex 34.9837 -24.9983 6
      vertex 35.0596 -25.1933 7.2
      vertex 35.0596 -25.1933 6
    endloop
  endfacet
  facet normal 0.906306 0.422622 0
    outer loop
      vertex 34.9837 -24.9983 7.2
      vertex 32.2734 -19.1861 6
      vertex 32.2734 -19.1861 7.2
    endloop
  endfacet
  facet normal 0.906306 0.422622 0
    outer loop
      vertex 32.2734 -19.1861 6
      vertex 34.9837 -24.9983 7.2
      vertex 34.9837 -24.9983 6
    endloop
  endfacet
  facet normal 0.422619 -0.906307 0
    outer loop
      vertex 32.2734 -19.1861 6
      vertex 44.5541 -13.4595 7.2
      vertex 32.2734 -19.1861 7.2
    endloop
  endfacet
  facet normal 0.422619 -0.906307 0
    outer loop
      vertex 44.5541 -13.4595 7.2
      vertex 32.2734 -19.1861 6
      vertex 44.5541 -13.4595 6
    endloop
  endfacet
  facet normal 0.481093 -0.876669 0
    outer loop
      vertex 44.5541 -13.4595 6
      vertex 44.7376 -13.3588 7.2
      vertex 44.5541 -13.4595 7.2
    endloop
  endfacet
  facet normal 0.481093 -0.876669 0
    outer loop
      vertex 44.7376 -13.3588 7.2
      vertex 44.5541 -13.4595 6
      vertex 44.7376 -13.3588 6
    endloop
  endfacet
  facet normal 0.591322 -0.806435 0
    outer loop
      vertex 44.7376 -13.3588 6
      vertex 44.9063 -13.2351 7.2
      vertex 44.7376 -13.3588 7.2
    endloop
  endfacet
  facet normal 0.591322 -0.806435 0
    outer loop
      vertex 44.9063 -13.2351 7.2
      vertex 44.7376 -13.3588 6
      vertex 44.9063 -13.2351 6
    endloop
  endfacet
  facet normal 0.691656 -0.722227 0
    outer loop
      vertex 44.9063 -13.2351 6
      vertex 45.0575 -13.0903 7.2
      vertex 44.9063 -13.2351 7.2
    endloop
  endfacet
  facet normal 0.691656 -0.722227 0
    outer loop
      vertex 45.0575 -13.0903 7.2
      vertex 44.9063 -13.2351 6
      vertex 45.0575 -13.0903 6
    endloop
  endfacet
  facet normal 0.779842 -0.625976 0
    outer loop
      vertex 45.0575 -13.0903 7.2
      vertex 45.1885 -12.9271 6
      vertex 45.1885 -12.9271 7.2
    endloop
  endfacet
  facet normal 0.779842 -0.625976 0
    outer loop
      vertex 45.1885 -12.9271 6
      vertex 45.0575 -13.0903 7.2
      vertex 45.0575 -13.0903 6
    endloop
  endfacet
  facet normal 0.854825 -0.518916 0
    outer loop
      vertex 45.1885 -12.9271 7.2
      vertex 45.2971 -12.7482 6
      vertex 45.2971 -12.7482 7.2
    endloop
  endfacet
  facet normal 0.854825 -0.518916 0
    outer loop
      vertex 45.2971 -12.7482 6
      vertex 45.1885 -12.9271 7.2
      vertex 45.1885 -12.9271 6
    endloop
  endfacet
  facet normal 0.915322 -0.402723 0
    outer loop
      vertex 45.2971 -12.7482 7.2
      vertex 45.3814 -12.5566 6
      vertex 45.3814 -12.5566 7.2
    endloop
  endfacet
  facet normal 0.915322 -0.402723 0
    outer loop
      vertex 45.3814 -12.5566 6
      vertex 45.2971 -12.7482 7.2
      vertex 45.2971 -12.7482 6
    endloop
  endfacet
  facet normal 0.959995 -0.280018 0
    outer loop
      vertex 45.3814 -12.5566 7.2
      vertex 45.44 -12.3557 6
      vertex 45.44 -12.3557 7.2
    endloop
  endfacet
  facet normal 0.959995 -0.280018 0
    outer loop
      vertex 45.44 -12.3557 6
      vertex 45.3814 -12.5566 7.2
      vertex 45.3814 -12.5566 6
    endloop
  endfacet
  facet normal 0.988394 -0.151914 0
    outer loop
      vertex 45.44 -12.3557 7.2
      vertex 45.4718 -12.1488 6
      vertex 45.4718 -12.1488 7.2
    endloop
  endfacet
  facet normal 0.988394 -0.151914 0
    outer loop
      vertex 45.4718 -12.1488 6
      vertex 45.44 -12.3557 7.2
      vertex 45.44 -12.3557 6
    endloop
  endfacet
  facet normal 0.999758 -0.0219832 0
    outer loop
      vertex 45.4718 -12.1488 7.2
      vertex 45.4764 -11.9396 6
      vertex 45.4764 -11.9396 7.2
    endloop
  endfacet
  facet normal 0.999758 -0.0219832 0
    outer loop
      vertex 45.4764 -11.9396 6
      vertex 45.4718 -12.1488 7.2
      vertex 45.4718 -12.1488 6
    endloop
  endfacet
  facet normal 0.994046 0.108963 0
    outer loop
      vertex 45.4764 -11.9396 7.2
      vertex 45.4536 -11.7316 6
      vertex 45.4536 -11.7316 7.2
    endloop
  endfacet
  facet normal 0.994046 0.108963 0
    outer loop
      vertex 45.4536 -11.7316 6
      vertex 45.4764 -11.9396 7.2
      vertex 45.4764 -11.9396 6
    endloop
  endfacet
  facet normal 0.971284 0.237924 0
    outer loop
      vertex 45.4536 -11.7316 7.2
      vertex 45.4038 -11.5283 6
      vertex 45.4038 -11.5283 7.2
    endloop
  endfacet
  facet normal 0.971284 0.237924 0
    outer loop
      vertex 45.4038 -11.5283 6
      vertex 45.4536 -11.7316 7.2
      vertex 45.4536 -11.7316 6
    endloop
  endfacet
  facet normal 0.932121 0.362147 0
    outer loop
      vertex 45.4038 -11.5283 7.2
      vertex 45.328 -11.3332 6
      vertex 45.328 -11.3332 7.2
    endloop
  endfacet
  facet normal 0.932121 0.362147 0
    outer loop
      vertex 45.328 -11.3332 6
      vertex 45.4038 -11.5283 7.2
      vertex 45.4038 -11.5283 6
    endloop
  endfacet
  facet normal 0.876669 0.481093 0
    outer loop
      vertex 45.328 -11.3332 7.2
      vertex 45.2273 -11.1497 6
      vertex 45.2273 -11.1497 7.2
    endloop
  endfacet
  facet normal 0.876669 0.481093 0
    outer loop
      vertex 45.2273 -11.1497 6
      vertex 45.328 -11.3332 7.2
      vertex 45.328 -11.3332 6
    endloop
  endfacet
  facet normal 0.806375 0.591405 0
    outer loop
      vertex 45.2273 -11.1497 7.2
      vertex 45.1035 -10.9809 6
      vertex 45.1035 -10.9809 7.2
    endloop
  endfacet
  facet normal 0.806375 0.591405 0
    outer loop
      vertex 45.1035 -10.9809 6
      vertex 45.2273 -11.1497 7.2
      vertex 45.2273 -11.1497 6
    endloop
  endfacet
  facet normal 0.722237 0.691646 0
    outer loop
      vertex 45.1035 -10.9809 7.2
      vertex 44.9588 -10.8298 6
      vertex 44.9588 -10.8298 7.2
    endloop
  endfacet
  facet normal 0.722237 0.691646 0
    outer loop
      vertex 44.9588 -10.8298 6
      vertex 45.1035 -10.9809 7.2
      vertex 45.1035 -10.9809 6
    endloop
  endfacet
  facet normal 0.626267 0.779609 -0
    outer loop
      vertex 44.9588 -10.8298 6
      vertex 44.7956 -10.6987 7.2
      vertex 44.9588 -10.8298 7.2
    endloop
  endfacet
  facet normal 0.626267 0.779609 0
    outer loop
      vertex 44.7956 -10.6987 7.2
      vertex 44.9588 -10.8298 6
      vertex 44.7956 -10.6987 6
    endloop
  endfacet
  facet normal 0.518567 0.855037 -0
    outer loop
      vertex 44.7956 -10.6987 6
      vertex 44.6167 -10.5902 7.2
      vertex 44.7956 -10.6987 7.2
    endloop
  endfacet
  facet normal 0.518567 0.855037 0
    outer loop
      vertex 44.6167 -10.5902 7.2
      vertex 44.7956 -10.6987 6
      vertex 44.6167 -10.5902 6
    endloop
  endfacet
  facet normal 0.402723 0.915322 -0
    outer loop
      vertex 44.6167 -10.5902 6
      vertex 44.4251 -10.5059 7.2
      vertex 44.6167 -10.5902 7.2
    endloop
  endfacet
  facet normal 0.402723 0.915322 0
    outer loop
      vertex 44.4251 -10.5059 7.2
      vertex 44.6167 -10.5902 6
      vertex 44.4251 -10.5059 6
    endloop
  endfacet
  facet normal 0.280018 0.959995 -0
    outer loop
      vertex 44.4251 -10.5059 6
      vertex 44.2242 -10.4473 7.2
      vertex 44.4251 -10.5059 7.2
    endloop
  endfacet
  facet normal 0.280018 0.959995 0
    outer loop
      vertex 44.2242 -10.4473 7.2
      vertex 44.4251 -10.5059 6
      vertex 44.2242 -10.4473 6
    endloop
  endfacet
  facet normal 0.151914 0.988394 -0
    outer loop
      vertex 44.2242 -10.4473 6
      vertex 44.0173 -10.4155 7.2
      vertex 44.2242 -10.4473 7.2
    endloop
  endfacet
  facet normal 0.151914 0.988394 0
    outer loop
      vertex 44.0173 -10.4155 7.2
      vertex 44.2242 -10.4473 6
      vertex 44.0173 -10.4155 6
    endloop
  endfacet
  facet normal 0.0219832 0.999758 -0
    outer loop
      vertex 44.0173 -10.4155 6
      vertex 43.8081 -10.4109 7.2
      vertex 44.0173 -10.4155 7.2
    endloop
  endfacet
  facet normal 0.0219832 0.999758 0
    outer loop
      vertex 43.8081 -10.4109 7.2
      vertex 44.0173 -10.4155 6
      vertex 43.8081 -10.4109 6
    endloop
  endfacet
  facet normal -0.108911 0.994052 0
    outer loop
      vertex 43.8081 -10.4109 6
      vertex 43.6 -10.4337 7.2
      vertex 43.8081 -10.4109 7.2
    endloop
  endfacet
  facet normal -0.108911 0.994052 0
    outer loop
      vertex 43.6 -10.4337 7.2
      vertex 43.8081 -10.4109 6
      vertex 43.6 -10.4337 6
    endloop
  endfacet
  facet normal -0.173651 0.984807 0
    outer loop
      vertex 43.6 -10.4337 6
      vertex 29.0806 -12.9939 7.2
      vertex 43.6 -10.4337 7.2
    endloop
  endfacet
  facet normal -0.173651 0.984807 0
    outer loop
      vertex 29.0806 -12.9939 7.2
      vertex 43.6 -10.4337 6
      vertex 29.0806 -12.9939 6
    endloop
  endfacet
  facet normal 0.984807 0.17365 0
    outer loop
      vertex 29.0806 -12.9939 7.2
      vertex 20.3981 36.2465 6
      vertex 20.3981 36.2465 7.2
    endloop
  endfacet
  facet normal 0.984807 0.17365 0
    outer loop
      vertex 20.3981 36.2465 6
      vertex 29.0806 -12.9939 7.2
      vertex 29.0806 -12.9939 6
    endloop
  endfacet
  facet normal 0.173646 -0.984808 0
    outer loop
      vertex 20.3981 36.2465 6
      vertex 36.549 39.0943 7.2
      vertex 20.3981 36.2465 7.2
    endloop
  endfacet
  facet normal 0.173646 -0.984808 0
    outer loop
      vertex 36.549 39.0943 7.2
      vertex 20.3981 36.2465 6
      vertex 36.549 39.0943 6
    endloop
  endfacet
  facet normal 0.237924 -0.971284 0
    outer loop
      vertex 36.549 39.0943 6
      vertex 36.7523 39.1441 7.2
      vertex 36.549 39.0943 7.2
    endloop
  endfacet
  facet normal 0.237924 -0.971284 0
    outer loop
      vertex 36.7523 39.1441 7.2
      vertex 36.549 39.0943 6
      vertex 36.7523 39.1441 6
    endloop
  endfacet
  facet normal 0.362308 -0.932058 0
    outer loop
      vertex 36.7523 39.1441 6
      vertex 36.9473 39.2199 7.2
      vertex 36.7523 39.1441 7.2
    endloop
  endfacet
  facet normal 0.362308 -0.932058 0
    outer loop
      vertex 36.9473 39.2199 7.2
      vertex 36.7523 39.1441 6
      vertex 36.9473 39.2199 6
    endloop
  endfacet
  facet normal 0.481093 -0.876669 0
    outer loop
      vertex 36.9473 39.2199 6
      vertex 37.1308 39.3206 7.2
      vertex 36.9473 39.2199 7.2
    endloop
  endfacet
  facet normal 0.481093 -0.876669 0
    outer loop
      vertex 37.1308 39.3206 7.2
      vertex 36.9473 39.2199 6
      vertex 37.1308 39.3206 6
    endloop
  endfacet
  facet normal 0.591405 -0.806375 0
    outer loop
      vertex 37.1308 39.3206 6
      vertex 37.2996 39.4444 7.2
      vertex 37.1308 39.3206 7.2
    endloop
  endfacet
  facet normal 0.591405 -0.806375 0
    outer loop
      vertex 37.2996 39.4444 7.2
      vertex 37.1308 39.3206 6
      vertex 37.2996 39.4444 6
    endloop
  endfacet
  facet normal 0.691407 -0.722465 0
    outer loop
      vertex 37.2996 39.4444 6
      vertex 37.4508 39.5891 7.2
      vertex 37.2996 39.4444 7.2
    endloop
  endfacet
  facet normal 0.691407 -0.722465 0
    outer loop
      vertex 37.4508 39.5891 7.2
      vertex 37.2996 39.4444 6
      vertex 37.4508 39.5891 6
    endloop
  endfacet
  facet normal 0.779842 -0.625976 0
    outer loop
      vertex 37.4508 39.5891 7.2
      vertex 37.5818 39.7523 6
      vertex 37.5818 39.7523 7.2
    endloop
  endfacet
  facet normal 0.779842 -0.625976 0
    outer loop
      vertex 37.5818 39.7523 6
      vertex 37.4508 39.5891 7.2
      vertex 37.4508 39.5891 6
    endloop
  endfacet
  facet normal 0.854954 -0.518704 0
    outer loop
      vertex 37.5818 39.7523 7.2
      vertex 37.6904 39.9313 6
      vertex 37.6904 39.9313 7.2
    endloop
  endfacet
  facet normal 0.854954 -0.518704 0
    outer loop
      vertex 37.6904 39.9313 6
      vertex 37.5818 39.7523 7.2
      vertex 37.5818 39.7523 6
    endloop
  endfacet
  facet normal 0.915245 -0.402899 0
    outer loop
      vertex 37.6904 39.9313 7.2
      vertex 37.7747 40.1228 6
      vertex 37.7747 40.1228 7.2
    endloop
  endfacet
  facet normal 0.915245 -0.402899 0
    outer loop
      vertex 37.7747 40.1228 6
      vertex 37.6904 39.9313 7.2
      vertex 37.6904 39.9313 6
    endloop
  endfacet
  facet normal 0.960123 -0.279578 0
    outer loop
      vertex 37.7747 40.1228 7.2
      vertex 37.8332 40.3237 6
      vertex 37.8332 40.3237 7.2
    endloop
  endfacet
  facet normal 0.960123 -0.279578 0
    outer loop
      vertex 37.8332 40.3237 6
      vertex 37.7747 40.1228 7.2
      vertex 37.7747 40.1228 6
    endloop
  endfacet
  facet normal 0.988322 -0.15238 0
    outer loop
      vertex 37.8332 40.3237 7.2
      vertex 37.8651 40.5306 6
      vertex 37.8651 40.5306 7.2
    endloop
  endfacet
  facet normal 0.988322 -0.15238 0
    outer loop
      vertex 37.8651 40.5306 6
      vertex 37.8332 40.3237 7.2
      vertex 37.8332 40.3237 6
    endloop
  endfacet
  facet normal 0.999769 -0.0215055 0
    outer loop
      vertex 37.8651 40.5306 7.2
      vertex 37.8696 40.7398 6
      vertex 37.8696 40.7398 7.2
    endloop
  endfacet
  facet normal 0.999769 -0.0215055 0
    outer loop
      vertex 37.8696 40.7398 6
      vertex 37.8651 40.5306 7.2
      vertex 37.8651 40.5306 6
    endloop
  endfacet
  facet normal 0.994052 0.108911 0
    outer loop
      vertex 37.8696 40.7398 7.2
      vertex 37.8468 40.9479 6
      vertex 37.8468 40.9479 7.2
    endloop
  endfacet
  facet normal 0.994052 0.108911 0
    outer loop
      vertex 37.8468 40.9479 6
      vertex 37.8696 40.7398 7.2
      vertex 37.8696 40.7398 6
    endloop
  endfacet
  facet normal 0.984824 0.173557 0
    outer loop
      vertex 37.8468 40.9479 7.2
      vertex 37.7123 41.7111 6
      vertex 37.7123 41.7111 7.2
    endloop
  endfacet
  facet normal 0.984824 0.173557 0
    outer loop
      vertex 37.7123 41.7111 6
      vertex 37.8468 40.9479 7.2
      vertex 37.8468 40.9479 6
    endloop
  endfacet
  facet normal 0.173647 -0.984808 0
    outer loop
      vertex 37.7123 41.7111 6
      vertex 53.8631 44.5589 7.2
      vertex 37.7123 41.7111 7.2
    endloop
  endfacet
  facet normal 0.173647 -0.984808 0
    outer loop
      vertex 53.8631 44.5589 7.2
      vertex 37.7123 41.7111 6
      vertex 53.8631 44.5589 6
    endloop
  endfacet
  facet normal 0.237924 -0.971284 0
    outer loop
      vertex 53.8631 44.5589 6
      vertex 54.0664 44.6087 7.2
      vertex 53.8631 44.5589 7.2
    endloop
  endfacet
  facet normal 0.237924 -0.971284 0
    outer loop
      vertex 54.0664 44.6087 7.2
      vertex 53.8631 44.5589 6
      vertex 54.0664 44.6087 6
    endloop
  endfacet
  facet normal 0.362147 -0.932121 0
    outer loop
      vertex 54.0664 44.6087 6
      vertex 54.2615 44.6845 7.2
      vertex 54.0664 44.6087 7.2
    endloop
  endfacet
  facet normal 0.362147 -0.932121 0
    outer loop
      vertex 54.2615 44.6845 7.2
      vertex 54.0664 44.6087 6
      vertex 54.2615 44.6845 6
    endloop
  endfacet
  facet normal 0.481093 -0.876669 0
    outer loop
      vertex 54.2615 44.6845 6
      vertex 54.445 44.7852 7.2
      vertex 54.2615 44.6845 7.2
    endloop
  endfacet
  facet normal 0.481093 -0.876669 0
    outer loop
      vertex 54.445 44.7852 7.2
      vertex 54.2615 44.6845 6
      vertex 54.445 44.7852 6
    endloop
  endfacet
  facet normal 0.591633 -0.806207 0
    outer loop
      vertex 54.445 44.7852 6
      vertex 54.6137 44.909 7.2
      vertex 54.445 44.7852 7.2
    endloop
  endfacet
  facet normal 0.591633 -0.806207 0
    outer loop
      vertex 54.6137 44.909 7.2
      vertex 54.445 44.7852 6
      vertex 54.6137 44.909 6
    endloop
  endfacet
  facet normal 0.691407 -0.722465 0
    outer loop
      vertex 54.6137 44.909 6
      vertex 54.7649 45.0537 7.2
      vertex 54.6137 44.909 7.2
    endloop
  endfacet
  facet normal 0.691407 -0.722465 0
    outer loop
      vertex 54.7649 45.0537 7.2
      vertex 54.6137 44.909 6
      vertex 54.7649 45.0537 6
    endloop
  endfacet
  facet normal 0.779842 -0.625976 0
    outer loop
      vertex 54.7649 45.0537 7.2
      vertex 54.8959 45.2169 6
      vertex 54.8959 45.2169 7.2
    endloop
  endfacet
  facet normal 0.779842 -0.625976 0
    outer loop
      vertex 54.8959 45.2169 6
      vertex 54.7649 45.0537 7.2
      vertex 54.7649 45.0537 6
    endloop
  endfacet
  facet normal 0.854825 -0.518916 0
    outer loop
      vertex 54.8959 45.2169 7.2
      vertex 55.0045 45.3958 6
      vertex 55.0045 45.3958 7.2
    endloop
  endfacet
  facet normal 0.854825 -0.518916 0
    outer loop
      vertex 55.0045 45.3958 6
      vertex 54.8959 45.2169 7.2
      vertex 54.8959 45.2169 6
    endloop
  endfacet
  facet normal 0.915322 -0.402723 0
    outer loop
      vertex 55.0045 45.3958 7.2
      vertex 55.0888 45.5874 6
      vertex 55.0888 45.5874 7.2
    endloop
  endfacet
  facet normal 0.915322 -0.402723 0
    outer loop
      vertex 55.0888 45.5874 6
      vertex 55.0045 45.3958 7.2
      vertex 55.0045 45.3958 6
    endloop
  endfacet
  facet normal 0.959995 -0.280018 0
    outer loop
      vertex 55.0888 45.5874 7.2
      vertex 55.1474 45.7883 6
      vertex 55.1474 45.7883 7.2
    endloop
  endfacet
  facet normal 0.959995 -0.280018 0
    outer loop
      vertex 55.1474 45.7883 6
      vertex 55.0888 45.5874 7.2
      vertex 55.0888 45.5874 6
    endloop
  endfacet
  facet normal 0.988394 -0.151914 0
    outer loop
      vertex 55.1474 45.7883 7.2
      vertex 55.1792 45.9952 6
      vertex 55.1792 45.9952 7.2
    endloop
  endfacet
  facet normal 0.988394 -0.151914 0
    outer loop
      vertex 55.1792 45.9952 6
      vertex 55.1474 45.7883 7.2
      vertex 55.1474 45.7883 6
    endloop
  endfacet
  facet normal 0.999758 -0.0219832 0
    outer loop
      vertex 55.1792 45.9952 7.2
      vertex 55.1838 46.2044 6
      vertex 55.1838 46.2044 7.2
    endloop
  endfacet
  facet normal 0.999758 -0.0219832 0
    outer loop
      vertex 55.1838 46.2044 6
      vertex 55.1792 45.9952 7.2
      vertex 55.1792 45.9952 6
    endloop
  endfacet
  facet normal 0.994052 0.108911 0
    outer loop
      vertex 55.1838 46.2044 7.2
      vertex 55.161 46.4125 6
      vertex 55.161 46.4125 7.2
    endloop
  endfacet
  facet normal 0.994052 0.108911 0
    outer loop
      vertex 55.161 46.4125 6
      vertex 55.1838 46.2044 7.2
      vertex 55.1838 46.2044 6
    endloop
  endfacet
  facet normal 0.984807 0.173654 0
    outer loop
      vertex 55.161 46.4125 7.2
      vertex 54.2884 51.3611 6
      vertex 54.2884 51.3611 7.2
    endloop
  endfacet
  facet normal 0.984807 0.173654 0
    outer loop
      vertex 54.2884 51.3611 6
      vertex 55.161 46.4125 7.2
      vertex 55.161 46.4125 6
    endloop
  endfacet
  facet normal 0.173647 -0.984808 0
    outer loop
      vertex 54.2884 51.3611 6
      vertex 71.0301 54.3131 7.2
      vertex 54.2884 51.3611 7.2
    endloop
  endfacet
  facet normal 0.173647 -0.984808 0
    outer loop
      vertex 71.0301 54.3131 7.2
      vertex 54.2884 51.3611 6
      vertex 71.0301 54.3131 6
    endloop
  endfacet
  facet normal -0.984806 -0.173661 0
    outer loop
      vertex 71.7942 49.98 6
      vertex 71.0301 54.3131 7.2
      vertex 71.0301 54.3131 6
    endloop
  endfacet
  facet normal -0.984806 -0.173661 0
    outer loop
      vertex 71.0301 54.3131 7.2
      vertex 71.7942 49.98 6
      vertex 71.7942 49.98 7.2
    endloop
  endfacet
  facet normal -0.971394 -0.237473 0
    outer loop
      vertex 71.8439 49.7767 6
      vertex 71.7942 49.98 7.2
      vertex 71.7942 49.98 6
    endloop
  endfacet
  facet normal -0.971394 -0.237473 0
    outer loop
      vertex 71.7942 49.98 7.2
      vertex 71.8439 49.7767 6
      vertex 71.8439 49.7767 7.2
    endloop
  endfacet
  facet normal -0.93196 -0.362562 0
    outer loop
      vertex 71.9198 49.5816 6
      vertex 71.8439 49.7767 7.2
      vertex 71.8439 49.7767 6
    endloop
  endfacet
  facet normal -0.93196 -0.362562 0
    outer loop
      vertex 71.8439 49.7767 7.2
      vertex 71.9198 49.5816 6
      vertex 71.9198 49.5816 7.2
    endloop
  endfacet
  facet normal -0.87676 -0.480927 0
    outer loop
      vertex 72.0204 49.3982 6
      vertex 71.9198 49.5816 7.2
      vertex 71.9198 49.5816 6
    endloop
  endfacet
  facet normal -0.87676 -0.480927 0
    outer loop
      vertex 71.9198 49.5816 7.2
      vertex 72.0204 49.3982 6
      vertex 72.0204 49.3982 7.2
    endloop
  endfacet
  facet normal -0.806375 -0.591405 0
    outer loop
      vertex 72.1442 49.2294 6
      vertex 72.0204 49.3982 7.2
      vertex 72.0204 49.3982 6
    endloop
  endfacet
  facet normal -0.806375 -0.591405 0
    outer loop
      vertex 72.0204 49.3982 7.2
      vertex 72.1442 49.2294 6
      vertex 72.1442 49.2294 7.2
    endloop
  endfacet
  facet normal -0.722465 -0.691407 0
    outer loop
      vertex 72.2889 49.0782 6
      vertex 72.1442 49.2294 7.2
      vertex 72.1442 49.2294 6
    endloop
  endfacet
  facet normal -0.722465 -0.691407 0
    outer loop
      vertex 72.1442 49.2294 7.2
      vertex 72.2889 49.0782 6
      vertex 72.2889 49.0782 7.2
    endloop
  endfacet
  facet normal -0.625976 -0.779842 0
    outer loop
      vertex 72.2889 49.0782 6
      vertex 72.4521 48.9472 7.2
      vertex 72.2889 49.0782 7.2
    endloop
  endfacet
  facet normal -0.625976 -0.779842 -0
    outer loop
      vertex 72.4521 48.9472 7.2
      vertex 72.2889 49.0782 6
      vertex 72.4521 48.9472 6
    endloop
  endfacet
  facet normal -0.518704 -0.854954 0
    outer loop
      vertex 72.4521 48.9472 6
      vertex 72.6311 48.8386 7.2
      vertex 72.4521 48.9472 7.2
    endloop
  endfacet
  facet normal -0.518704 -0.854954 -0
    outer loop
      vertex 72.6311 48.8386 7.2
      vertex 72.4521 48.9472 6
      vertex 72.6311 48.8386 6
    endloop
  endfacet
  facet normal -0.402899 -0.915245 0
    outer loop
      vertex 72.6311 48.8386 6
      vertex 72.8226 48.7543 7.2
      vertex 72.6311 48.8386 7.2
    endloop
  endfacet
  facet normal -0.402899 -0.915245 -0
    outer loop
      vertex 72.8226 48.7543 7.2
      vertex 72.6311 48.8386 6
      vertex 72.8226 48.7543 6
    endloop
  endfacet
  facet normal -0.27945 -0.96016 0
    outer loop
      vertex 72.8226 48.7543 6
      vertex 73.0236 48.6958 7.2
      vertex 72.8226 48.7543 7.2
    endloop
  endfacet
  facet normal -0.27945 -0.96016 -0
    outer loop
      vertex 73.0236 48.6958 7.2
      vertex 72.8226 48.7543 6
      vertex 73.0236 48.6958 6
    endloop
  endfacet
  facet normal -0.152452 -0.988311 0
    outer loop
      vertex 73.0236 48.6958 6
      vertex 73.2304 48.6639 7.2
      vertex 73.0236 48.6958 7.2
    endloop
  endfacet
  facet normal -0.152452 -0.988311 -0
    outer loop
      vertex 73.2304 48.6639 7.2
      vertex 73.0236 48.6958 6
      vertex 73.2304 48.6639 6
    endloop
  endfacet
  facet normal -0.0219727 -0.999759 0
    outer loop
      vertex 73.2304 48.6639 6
      vertex 73.4397 48.6593 7.2
      vertex 73.2304 48.6639 7.2
    endloop
  endfacet
  facet normal -0.0219727 -0.999759 -0
    outer loop
      vertex 73.4397 48.6593 7.2
      vertex 73.2304 48.6639 6
      vertex 73.4397 48.6593 6
    endloop
  endfacet
  facet normal 0.108963 -0.994046 0
    outer loop
      vertex 73.4397 48.6593 6
      vertex 73.6477 48.6821 7.2
      vertex 73.4397 48.6593 7.2
    endloop
  endfacet
  facet normal 0.108963 -0.994046 0
    outer loop
      vertex 73.6477 48.6821 7.2
      vertex 73.4397 48.6593 6
      vertex 73.6477 48.6821 6
    endloop
  endfacet
  facet normal 0.173649 -0.984808 0
    outer loop
      vertex 73.6477 48.6821 6
      vertex 89.3554 51.4518 7.2
      vertex 73.6477 48.6821 7.2
    endloop
  endfacet
  facet normal 0.173649 -0.984808 0
    outer loop
      vertex 89.3554 51.4518 7.2
      vertex 73.6477 48.6821 6
      vertex 89.3554 51.4518 6
    endloop
  endfacet
  facet normal 0.984807 0.173651 0
    outer loop
      vertex 89.3554 51.4518 7.2
      vertex 88.1572 58.247 6
      vertex 88.1572 58.247 7.2
    endloop
  endfacet
  facet normal 0.984807 0.173651 0
    outer loop
      vertex 88.1572 58.247 6
      vertex 89.3554 51.4518 7.2
      vertex 89.3554 51.4518 6
    endloop
  endfacet
  facet normal -0.984811 -0.17363 0
    outer loop
      vertex 111.267 42.8765 4.2
      vertex 107.942 61.7356 7.2
      vertex 107.942 61.7356 4.2
    endloop
  endfacet
  facet normal -0.984811 -0.17363 0
    outer loop
      vertex 107.942 61.7356 7.2
      vertex 111.267 42.8765 4.2
      vertex 111.267 42.8765 7.2
    endloop
  endfacet
  facet normal -0.173667 0.984804 -6.74322e-05
    outer loop
      vertex 111.267 42.8765 7.2
      vertex 111.031 42.8348 6
      vertex 109.652 42.5917 7.2
    endloop
  endfacet
  facet normal -0.174 0.984746 0
    outer loop
      vertex 111.267 42.8765 4.2
      vertex 111.031 42.8348 6
      vertex 111.267 42.8765 7.2
    endloop
  endfacet
  facet normal -0.174 0.984746 0
    outer loop
      vertex 111.031 42.8348 6
      vertex 111.267 42.8765 4.2
      vertex 111.031 42.8348 4.2
    endloop
  endfacet
  facet normal -0.17361 0.984814 0
    outer loop
      vertex 109.652 42.5917 7.2
      vertex 111.031 42.8348 6
      vertex 109.652 42.5917 6
    endloop
  endfacet
  facet normal -0.984808 -0.173648 0
    outer loop
      vertex 118.291 -6.40245 6
      vertex 109.652 42.5917 7.2
      vertex 109.652 42.5917 6
    endloop
  endfacet
  facet normal -0.984808 -0.173648 0
    outer loop
      vertex 109.652 42.5917 7.2
      vertex 118.291 -6.40245 6
      vertex 118.291 -6.40245 7.2
    endloop
  endfacet
  facet normal -0.173653 0.984807 0
    outer loop
      vertex 118.291 -6.40245 6
      vertex 101.69 -9.32974 7.2
      vertex 118.291 -6.40245 7.2
    endloop
  endfacet
  facet normal -0.173653 0.984807 0
    outer loop
      vertex 101.69 -9.32974 7.2
      vertex 118.291 -6.40245 6
      vertex 101.69 -9.32974 6
    endloop
  endfacet
  facet normal -0.93274 -0.360551 0
    outer loop
      vertex 101.763 -9.51859 6
      vertex 101.69 -9.32974 7.2
      vertex 101.69 -9.32974 6
    endloop
  endfacet
  facet normal -0.93274 -0.360551 0
    outer loop
      vertex 101.69 -9.32974 7.2
      vertex 101.763 -9.51859 6
      vertex 101.763 -9.51859 7.2
    endloop
  endfacet
  facet normal -0.971349 -0.237656 0
    outer loop
      vertex 102.192 -11.272 6
      vertex 101.763 -9.51859 7.2
      vertex 101.763 -9.51859 6
    endloop
  endfacet
  facet normal -0.971349 -0.237656 0
    outer loop
      vertex 101.763 -9.51859 7.2
      vertex 102.192 -11.272 6
      vertex 102.192 -11.272 7.2
    endloop
  endfacet
  facet normal -0.994027 -0.10913 0
    outer loop
      vertex 102.389 -13.0664 6
      vertex 102.192 -11.272 7.2
      vertex 102.192 -11.272 6
    endloop
  endfacet
  facet normal -0.994027 -0.10913 0
    outer loop
      vertex 102.192 -11.272 7.2
      vertex 102.389 -13.0664 6
      vertex 102.389 -13.0664 7.2
    endloop
  endfacet
  facet normal -0.999754 0.0221589 0
    outer loop
      vertex 102.349 -14.8711 6
      vertex 102.389 -13.0664 7.2
      vertex 102.389 -13.0664 6
    endloop
  endfacet
  facet normal -0.999754 0.0221589 0
    outer loop
      vertex 102.389 -13.0664 7.2
      vertex 102.349 -14.8711 6
      vertex 102.349 -14.8711 7.2
    endloop
  endfacet
  facet normal -0.988411 0.151799 0
    outer loop
      vertex 102.075 -16.6552 6
      vertex 102.349 -14.8711 7.2
      vertex 102.349 -14.8711 6
    endloop
  endfacet
  facet normal -0.988411 0.151799 0
    outer loop
      vertex 102.349 -14.8711 7.2
      vertex 102.075 -16.6552 6
      vertex 102.075 -16.6552 7.2
    endloop
  endfacet
  facet normal -0.960068 0.279766 0
    outer loop
      vertex 101.57 -18.3882 6
      vertex 102.075 -16.6552 7.2
      vertex 102.075 -16.6552 6
    endloop
  endfacet
  facet normal -0.960068 0.279766 0
    outer loop
      vertex 102.075 -16.6552 7.2
      vertex 101.57 -18.3882 6
      vertex 101.57 -18.3882 7.2
    endloop
  endfacet
  facet normal -0.915317 0.402733 0
    outer loop
      vertex 100.843 -20.0405 6
      vertex 101.57 -18.3882 7.2
      vertex 101.57 -18.3882 6
    endloop
  endfacet
  facet normal -0.915317 0.402733 0
    outer loop
      vertex 101.57 -18.3882 7.2
      vertex 100.843 -20.0405 6
      vertex 100.843 -20.0405 7.2
    endloop
  endfacet
  facet normal -0.854823 0.51892 0
    outer loop
      vertex 99.9062 -21.5837 6
      vertex 100.843 -20.0405 7.2
      vertex 100.843 -20.0405 6
    endloop
  endfacet
  facet normal -0.854823 0.51892 0
    outer loop
      vertex 100.843 -20.0405 7.2
      vertex 99.9062 -21.5837 6
      vertex 99.9062 -21.5837 7.2
    endloop
  endfacet
  facet normal -0.779906 0.625897 0
    outer loop
      vertex 98.7764 -22.9915 6
      vertex 99.9062 -21.5837 7.2
      vertex 99.9062 -21.5837 6
    endloop
  endfacet
  facet normal -0.779906 0.625897 0
    outer loop
      vertex 99.9062 -21.5837 7.2
      vertex 98.7764 -22.9915 6
      vertex 98.7764 -22.9915 7.2
    endloop
  endfacet
  facet normal -0.691482 0.722394 0
    outer loop
      vertex 98.7764 -22.9915 6
      vertex 97.4724 -24.2397 7.2
      vertex 98.7764 -22.9915 7.2
    endloop
  endfacet
  facet normal -0.691482 0.722394 0
    outer loop
      vertex 97.4724 -24.2397 7.2
      vertex 98.7764 -22.9915 6
      vertex 97.4724 -24.2397 6
    endloop
  endfacet
  facet normal -0.591323 0.806435 0
    outer loop
      vertex 97.4724 -24.2397 6
      vertex 96.0167 -25.3071 7.2
      vertex 97.4724 -24.2397 7.2
    endloop
  endfacet
  facet normal -0.591323 0.806435 0
    outer loop
      vertex 96.0167 -25.3071 7.2
      vertex 97.4724 -24.2397 6
      vertex 96.0167 -25.3071 6
    endloop
  endfacet
  facet normal -0.481013 0.876714 0
    outer loop
      vertex 96.0167 -25.3071 6
      vertex 94.4341 -26.1754 7.2
      vertex 96.0167 -25.3071 7.2
    endloop
  endfacet
  facet normal -0.481013 0.876714 0
    outer loop
      vertex 94.4341 -26.1754 7.2
      vertex 96.0167 -25.3071 6
      vertex 94.4341 -26.1754 6
    endloop
  endfacet
  facet normal -0.362414 0.932017 0
    outer loop
      vertex 94.4341 -26.1754 6
      vertex 92.7517 -26.8296 7.2
      vertex 94.4341 -26.1754 7.2
    endloop
  endfacet
  facet normal -0.362414 0.932017 0
    outer loop
      vertex 92.7517 -26.8296 7.2
      vertex 94.4341 -26.1754 6
      vertex 92.7517 -26.8296 6
    endloop
  endfacet
  facet normal -0.23771 0.971336 0
    outer loop
      vertex 92.7517 -26.8296 6
      vertex 90.9983 -27.2587 7.2
      vertex 92.7517 -26.8296 7.2
    endloop
  endfacet
  facet normal -0.23771 0.971336 0
    outer loop
      vertex 90.9983 -27.2587 7.2
      vertex 92.7517 -26.8296 6
      vertex 90.9983 -27.2587 6
    endloop
  endfacet
  facet normal -0.108857 0.994057 0
    outer loop
      vertex 90.9983 -27.2587 6
      vertex 89.2039 -27.4552 7.2
      vertex 90.9983 -27.2587 7.2
    endloop
  endfacet
  facet normal -0.108857 0.994057 0
    outer loop
      vertex 89.2039 -27.4552 7.2
      vertex 90.9983 -27.2587 6
      vertex 89.2039 -27.4552 6
    endloop
  endfacet
  facet normal 0.0218267 0.999762 -0
    outer loop
      vertex 89.2039 -27.4552 6
      vertex 87.3992 -27.4158 7.2
      vertex 89.2039 -27.4552 7.2
    endloop
  endfacet
  facet normal 0.0218267 0.999762 0
    outer loop
      vertex 87.3992 -27.4158 7.2
      vertex 89.2039 -27.4552 6
      vertex 87.3992 -27.4158 6
    endloop
  endfacet
  facet normal 0.152124 0.988361 -0
    outer loop
      vertex 87.3992 -27.4158 6
      vertex 85.6151 -27.1412 7.2
      vertex 87.3992 -27.4158 7.2
    endloop
  endfacet
  facet normal 0.152124 0.988361 0
    outer loop
      vertex 85.6151 -27.1412 7.2
      vertex 87.3992 -27.4158 6
      vertex 85.6151 -27.1412 6
    endloop
  endfacet
  facet normal 0.279817 0.960053 -0
    outer loop
      vertex 85.6151 -27.1412 6
      vertex 83.8821 -26.6361 7.2
      vertex 85.6151 -27.1412 7.2
    endloop
  endfacet
  facet normal 0.279817 0.960053 0
    outer loop
      vertex 83.8821 -26.6361 7.2
      vertex 85.6151 -27.1412 6
      vertex 83.8821 -26.6361 6
    endloop
  endfacet
  facet normal 0.402733 0.915317 -0
    outer loop
      vertex 83.8821 -26.6361 6
      vertex 82.2298 -25.9091 7.2
      vertex 83.8821 -26.6361 7.2
    endloop
  endfacet
  facet normal 0.402733 0.915317 0
    outer loop
      vertex 82.2298 -25.9091 7.2
      vertex 83.8821 -26.6361 6
      vertex 82.2298 -25.9091 6
    endloop
  endfacet
  facet normal 0.518799 0.854896 -0
    outer loop
      vertex 82.2298 -25.9091 6
      vertex 80.6866 -24.9726 7.2
      vertex 82.2298 -25.9091 7.2
    endloop
  endfacet
  facet normal 0.518799 0.854896 0
    outer loop
      vertex 80.6866 -24.9726 7.2
      vertex 82.2298 -25.9091 6
      vertex 80.6866 -24.9726 6
    endloop
  endfacet
  facet normal 0.625897 0.779906 -0
    outer loop
      vertex 80.6866 -24.9726 6
      vertex 79.2788 -23.8428 7.2
      vertex 80.6866 -24.9726 7.2
    endloop
  endfacet
  facet normal 0.625897 0.779906 0
    outer loop
      vertex 79.2788 -23.8428 7.2
      vertex 80.6866 -24.9726 6
      vertex 79.2788 -23.8428 6
    endloop
  endfacet
  facet normal 0.722366 0.691511 0
    outer loop
      vertex 79.2788 -23.8428 7.2
      vertex 78.0305 -22.5388 6
      vertex 78.0305 -22.5388 7.2
    endloop
  endfacet
  facet normal 0.722366 0.691511 0
    outer loop
      vertex 78.0305 -22.5388 6
      vertex 79.2788 -23.8428 7.2
      vertex 79.2788 -23.8428 6
    endloop
  endfacet
  facet normal 0.806461 0.591287 0
    outer loop
      vertex 78.0305 -22.5388 7.2
      vertex 76.9632 -21.0831 6
      vertex 76.9632 -21.0831 7.2
    endloop
  endfacet
  facet normal 0.806461 0.591287 0
    outer loop
      vertex 76.9632 -21.0831 6
      vertex 78.0305 -22.5388 7.2
      vertex 78.0305 -22.5388 6
    endloop
  endfacet
  facet normal 0.876714 0.481013 0
    outer loop
      vertex 76.9632 -21.0831 7.2
      vertex 76.0949 -19.5005 6
      vertex 76.0949 -19.5005 7.2
    endloop
  endfacet
  facet normal 0.876714 0.481013 0
    outer loop
      vertex 76.0949 -19.5005 6
      vertex 76.9632 -21.0831 7.2
      vertex 76.9632 -21.0831 6
    endloop
  endfacet
  facet normal 0.932017 0.362414 0
    outer loop
      vertex 76.0949 -19.5005 7.2
      vertex 75.4407 -17.8181 6
      vertex 75.4407 -17.8181 7.2
    endloop
  endfacet
  facet normal 0.932017 0.362414 0
    outer loop
      vertex 75.4407 -17.8181 6
      vertex 76.0949 -19.5005 7.2
      vertex 76.0949 -19.5005 6
    endloop
  endfacet
  facet normal 0.971336 0.23771 0
    outer loop
      vertex 75.4407 -17.8181 7.2
      vertex 75.0116 -16.0647 6
      vertex 75.0116 -16.0647 7.2
    endloop
  endfacet
  facet normal 0.971336 0.23771 0
    outer loop
      vertex 75.0116 -16.0647 6
      vertex 75.4407 -17.8181 7.2
      vertex 75.4407 -17.8181 6
    endloop
  endfacet
  facet normal 0.994057 0.108857 0
    outer loop
      vertex 75.0116 -16.0647 7.2
      vertex 74.8151 -14.2703 6
      vertex 74.8151 -14.2703 7.2
    endloop
  endfacet
  facet normal 0.994057 0.108857 0
    outer loop
      vertex 74.8151 -14.2703 6
      vertex 75.0116 -16.0647 7.2
      vertex 75.0116 -16.0647 6
    endloop
  endfacet
  facet normal 0.999762 -0.0218267 0
    outer loop
      vertex 74.8151 -14.2703 7.2
      vertex 74.8545 -12.4656 6
      vertex 74.8545 -12.4656 7.2
    endloop
  endfacet
  facet normal 0.999762 -0.0218267 0
    outer loop
      vertex 74.8545 -12.4656 6
      vertex 74.8151 -14.2703 7.2
      vertex 74.8151 -14.2703 6
    endloop
  endfacet
  facet normal 0.988361 -0.152124 0
    outer loop
      vertex 74.8545 -12.4656 7.2
      vertex 75.1291 -10.6815 6
      vertex 75.1291 -10.6815 7.2
    endloop
  endfacet
  facet normal 0.988361 -0.152124 0
    outer loop
      vertex 75.1291 -10.6815 6
      vertex 74.8545 -12.4656 7.2
      vertex 74.8545 -12.4656 6
    endloop
  endfacet
  facet normal 0.960056 -0.27981 0
    outer loop
      vertex 75.1291 -10.6815 7.2
      vertex 75.6342 -8.94845 6
      vertex 75.6342 -8.94845 7.2
    endloop
  endfacet
  facet normal 0.960056 -0.27981 0
    outer loop
      vertex 75.6342 -8.94845 6
      vertex 75.1291 -10.6815 7.2
      vertex 75.1291 -10.6815 6
    endloop
  endfacet
  facet normal 0.915313 -0.402743 0
    outer loop
      vertex 75.6342 -8.94845 7.2
      vertex 76.3612 -7.2962 6
      vertex 76.3612 -7.2962 7.2
    endloop
  endfacet
  facet normal 0.915313 -0.402743 0
    outer loop
      vertex 76.3612 -7.2962 6
      vertex 75.6342 -8.94845 7.2
      vertex 75.6342 -8.94845 6
    endloop
  endfacet
  facet normal 0.854925 -0.518751 0
    outer loop
      vertex 76.3612 -7.2962 7.2
      vertex 77.2976 -5.75297 6
      vertex 77.2976 -5.75297 7.2
    endloop
  endfacet
  facet normal 0.854925 -0.518751 0
    outer loop
      vertex 77.2976 -5.75297 6
      vertex 76.3612 -7.2962 7.2
      vertex 76.3612 -7.2962 6
    endloop
  endfacet
  facet normal 0.779874 -0.625936 0
    outer loop
      vertex 77.2976 -5.75297 7.2
      vertex 78.4275 -4.34519 6
      vertex 78.4275 -4.34519 7.2
    endloop
  endfacet
  facet normal 0.779874 -0.625936 0
    outer loop
      vertex 78.4275 -4.34519 6
      vertex 77.2976 -5.75297 7.2
      vertex 77.2976 -5.75297 6
    endloop
  endfacet
  facet normal 0.691499 -0.722377 0
    outer loop
      vertex 78.4275 -4.34519 6
      vertex 79.7315 -3.09693 7.2
      vertex 78.4275 -4.34519 7.2
    endloop
  endfacet
  facet normal 0.691499 -0.722377 0
    outer loop
      vertex 79.7315 -3.09693 7.2
      vertex 78.4275 -4.34519 6
      vertex 79.7315 -3.09693 6
    endloop
  endfacet
  facet normal 0.591319 -0.806438 0
    outer loop
      vertex 79.7315 -3.09693 6
      vertex 81.1872 -2.02954 7.2
      vertex 79.7315 -3.09693 7.2
    endloop
  endfacet
  facet normal 0.591319 -0.806438 0
    outer loop
      vertex 81.1872 -2.02954 7.2
      vertex 79.7315 -3.09693 6
      vertex 81.1872 -2.02954 6
    endloop
  endfacet
  facet normal 0.480991 -0.876725 0
    outer loop
      vertex 81.1872 -2.02954 6
      vertex 82.7698 -1.16129 7.2
      vertex 81.1872 -2.02954 7.2
    endloop
  endfacet
  facet normal 0.480991 -0.876725 0
    outer loop
      vertex 82.7698 -1.16129 7.2
      vertex 81.1872 -2.02954 6
      vertex 82.7698 -1.16129 6
    endloop
  endfacet
  facet normal 0.362433 -0.93201 0
    outer loop
      vertex 82.7698 -1.16129 6
      vertex 84.4522 -0.507051 7.2
      vertex 82.7698 -1.16129 7.2
    endloop
  endfacet
  facet normal 0.362433 -0.93201 0
    outer loop
      vertex 84.4522 -0.507051 7.2
      vertex 82.7698 -1.16129 6
      vertex 84.4522 -0.507051 6
    endloop
  endfacet
  facet normal 0.237683 -0.971343 0
    outer loop
      vertex 84.4522 -0.507051 6
      vertex 86.2056 -0.078002 7.2
      vertex 84.4522 -0.507051 7.2
    endloop
  endfacet
  facet normal 0.237683 -0.971343 0
    outer loop
      vertex 86.2056 -0.078002 7.2
      vertex 84.4522 -0.507051 6
      vertex 86.2056 -0.078002 6
    endloop
  endfacet
  facet normal 0.108869 -0.994056 0
    outer loop
      vertex 86.2056 -0.078002 6
      vertex 88 0.118521 7.2
      vertex 86.2056 -0.078002 7.2
    endloop
  endfacet
  facet normal 0.108869 -0.994056 0
    outer loop
      vertex 88 0.118521 7.2
      vertex 86.2056 -0.078002 6
      vertex 88 0.118521 6
    endloop
  endfacet
  facet normal -0.0218116 -0.999762 0
    outer loop
      vertex 88 0.118521 6
      vertex 89.8047 0.0791483 7.2
      vertex 88 0.118521 7.2
    endloop
  endfacet
  facet normal -0.0218116 -0.999762 -0
    outer loop
      vertex 89.8047 0.0791483 7.2
      vertex 88 0.118521 6
      vertex 89.8047 0.0791483 6
    endloop
  endfacet
  facet normal -0.152129 -0.988361 0
    outer loop
      vertex 89.8047 0.0791483 6
      vertex 91.5888 -0.195461 7.2
      vertex 89.8047 0.0791483 7.2
    endloop
  endfacet
  facet normal -0.152129 -0.988361 -0
    outer loop
      vertex 91.5888 -0.195461 7.2
      vertex 89.8047 0.0791483 6
      vertex 91.5888 -0.195461 6
    endloop
  endfacet
  facet normal -0.27983 -0.96005 0
    outer loop
      vertex 91.5888 -0.195461 6
      vertex 93.3218 -0.700586 7.2
      vertex 91.5888 -0.195461 7.2
    endloop
  endfacet
  facet normal -0.27983 -0.96005 -0
    outer loop
      vertex 93.3218 -0.700586 7.2
      vertex 91.5888 -0.195461 6
      vertex 93.3218 -0.700586 6
    endloop
  endfacet
  facet normal -0.402735 -0.915317 0
    outer loop
      vertex 93.3218 -0.700586 6
      vertex 94.9741 -1.42759 7.2
      vertex 93.3218 -0.700586 7.2
    endloop
  endfacet
  facet normal -0.402735 -0.915317 -0
    outer loop
      vertex 94.9741 -1.42759 7.2
      vertex 93.3218 -0.700586 6
      vertex 94.9741 -1.42759 6
    endloop
  endfacet
  facet normal -0.518771 -0.854914 0
    outer loop
      vertex 94.9741 -1.42759 6
      vertex 96.5173 -2.36402 7.2
      vertex 94.9741 -1.42759 7.2
    endloop
  endfacet
  facet normal -0.518771 -0.854914 -0
    outer loop
      vertex 96.5173 -2.36402 7.2
      vertex 94.9741 -1.42759 6
      vertex 96.5173 -2.36402 6
    endloop
  endfacet
  facet normal -0.625927 -0.779881 0
    outer loop
      vertex 96.5173 -2.36402 6
      vertex 97.9251 -3.49391 7.2
      vertex 96.5173 -2.36402 7.2
    endloop
  endfacet
  facet normal -0.625927 -0.779881 -0
    outer loop
      vertex 97.9251 -3.49391 7.2
      vertex 96.5173 -2.36402 6
      vertex 97.9251 -3.49391 6
    endloop
  endfacet
  facet normal -0.722353 -0.691524 0
    outer loop
      vertex 99.1734 -4.79786 6
      vertex 97.9251 -3.49391 7.2
      vertex 97.9251 -3.49391 6
    endloop
  endfacet
  facet normal -0.722353 -0.691524 0
    outer loop
      vertex 97.9251 -3.49391 7.2
      vertex 99.1734 -4.79786 6
      vertex 99.1734 -4.79786 7.2
    endloop
  endfacet
  facet normal -0.80639 -0.591384 0
    outer loop
      vertex 100.241 -6.2536 6
      vertex 99.1734 -4.79786 7.2
      vertex 99.1734 -4.79786 6
    endloop
  endfacet
  facet normal -0.80639 -0.591384 0
    outer loop
      vertex 99.1734 -4.79786 7.2
      vertex 100.241 -6.2536 6
      vertex 100.241 -6.2536 7.2
    endloop
  endfacet
  facet normal -0.876782 -0.480887 0
    outer loop
      vertex 101.109 -7.83619 6
      vertex 100.241 -6.2536 7.2
      vertex 100.241 -6.2536 6
    endloop
  endfacet
  facet normal -0.876782 -0.480887 0
    outer loop
      vertex 100.241 -6.2536 7.2
      vertex 101.109 -7.83619 6
      vertex 101.109 -7.83619 7.2
    endloop
  endfacet
  facet normal -0.932095 -0.362214 0
    outer loop
      vertex 101.425 -8.64936 6
      vertex 101.109 -7.83619 7.2
      vertex 101.109 -7.83619 6
    endloop
  endfacet
  facet normal -0.932095 -0.362214 0
    outer loop
      vertex 101.109 -7.83619 7.2
      vertex 101.425 -8.64936 6
      vertex 101.425 -8.64936 7.2
    endloop
  endfacet
  facet normal 0.984811 0.173627 0
    outer loop
      vertex 101.425 -8.64936 7.2
      vertex 99.7436 0.887523 6
      vertex 99.7436 0.887523 7.2
    endloop
  endfacet
  facet normal 0.984811 0.173627 0
    outer loop
      vertex 99.7436 0.887523 6
      vertex 101.425 -8.64936 7.2
      vertex 101.425 -8.64936 6
    endloop
  endfacet
  facet normal 0.971393 0.237476 0
    outer loop
      vertex 99.7436 0.887523 7.2
      vertex 99.6939 1.09082 6
      vertex 99.6939 1.09082 7.2
    endloop
  endfacet
  facet normal 0.971393 0.237476 0
    outer loop
      vertex 99.6939 1.09082 6
      vertex 99.7436 0.887523 7.2
      vertex 99.7436 0.887523 6
    endloop
  endfacet
  facet normal 0.931928 0.362642 0
    outer loop
      vertex 99.6939 1.09082 7.2
      vertex 99.618 1.28587 6
      vertex 99.618 1.28587 7.2
    endloop
  endfacet
  facet normal 0.931928 0.362642 0
    outer loop
      vertex 99.618 1.28587 6
      vertex 99.6939 1.09082 7.2
      vertex 99.6939 1.09082 6
    endloop
  endfacet
  facet normal 0.876658 0.481113 0
    outer loop
      vertex 99.618 1.28587 7.2
      vertex 99.5173 1.46936 6
      vertex 99.5173 1.46936 7.2
    endloop
  endfacet
  facet normal 0.876658 0.481113 0
    outer loop
      vertex 99.5173 1.46936 6
      vertex 99.618 1.28587 7.2
      vertex 99.618 1.28587 6
    endloop
  endfacet
  facet normal 0.806586 0.591117 0
    outer loop
      vertex 99.5173 1.46936 7.2
      vertex 99.3936 1.63815 6
      vertex 99.3936 1.63815 7.2
    endloop
  endfacet
  facet normal 0.806586 0.591117 0
    outer loop
      vertex 99.3936 1.63815 6
      vertex 99.5173 1.46936 7.2
      vertex 99.5173 1.46936 6
    endloop
  endfacet
  facet normal 0.722397 0.691479 0
    outer loop
      vertex 99.3936 1.63815 7.2
      vertex 99.2489 1.78932 6
      vertex 99.2489 1.78932 7.2
    endloop
  endfacet
  facet normal 0.722397 0.691479 0
    outer loop
      vertex 99.2489 1.78932 6
      vertex 99.3936 1.63815 7.2
      vertex 99.3936 1.63815 6
    endloop
  endfacet
  facet normal 0.625801 0.779983 -0
    outer loop
      vertex 99.2489 1.78932 6
      vertex 99.0856 1.92034 7.2
      vertex 99.2489 1.78932 7.2
    endloop
  endfacet
  facet normal 0.625801 0.779983 0
    outer loop
      vertex 99.0856 1.92034 7.2
      vertex 99.2489 1.78932 6
      vertex 99.0856 1.92034 6
    endloop
  endfacet
  facet normal 0.518776 0.85491 -0
    outer loop
      vertex 99.0856 1.92034 6
      vertex 98.9067 2.0289 7.2
      vertex 99.0856 1.92034 7.2
    endloop
  endfacet
  facet normal 0.518776 0.85491 0
    outer loop
      vertex 98.9067 2.0289 7.2
      vertex 99.0856 1.92034 6
      vertex 98.9067 2.0289 6
    endloop
  endfacet
  facet normal 0.402683 0.91534 -0
    outer loop
      vertex 98.9067 2.0289 6
      vertex 98.7151 2.11319 7.2
      vertex 98.9067 2.0289 7.2
    endloop
  endfacet
  facet normal 0.402683 0.91534 0
    outer loop
      vertex 98.7151 2.11319 7.2
      vertex 98.9067 2.0289 6
      vertex 98.7151 2.11319 6
    endloop
  endfacet
  facet normal 0.279886 0.960033 -0
    outer loop
      vertex 98.7151 2.11319 6
      vertex 98.5142 2.17176 7.2
      vertex 98.7151 2.11319 7.2
    endloop
  endfacet
  facet normal 0.279886 0.960033 0
    outer loop
      vertex 98.5142 2.17176 7.2
      vertex 98.7151 2.11319 6
      vertex 98.5142 2.17176 6
    endloop
  endfacet
  facet normal 0.152172 0.988354 -0
    outer loop
      vertex 98.5142 2.17176 6
      vertex 98.3074 2.2036 7.2
      vertex 98.5142 2.17176 7.2
    endloop
  endfacet
  facet normal 0.152172 0.988354 0
    outer loop
      vertex 98.3074 2.2036 7.2
      vertex 98.5142 2.17176 6
      vertex 98.3074 2.2036 6
    endloop
  endfacet
  facet normal 0.0218295 0.999762 -0
    outer loop
      vertex 98.3074 2.2036 6
      vertex 98.0981 2.20817 7.2
      vertex 98.3074 2.2036 7.2
    endloop
  endfacet
  facet normal 0.0218295 0.999762 0
    outer loop
      vertex 98.0981 2.20817 7.2
      vertex 98.3074 2.2036 6
      vertex 98.0981 2.20817 6
    endloop
  endfacet
  facet normal -0.108915 0.994051 0
    outer loop
      vertex 98.0981 2.20817 6
      vertex 97.8901 2.18538 7.2
      vertex 98.0981 2.20817 7.2
    endloop
  endfacet
  facet normal -0.108915 0.994051 0
    outer loop
      vertex 97.8901 2.18538 7.2
      vertex 98.0981 2.20817 6
      vertex 97.8901 2.18538 6
    endloop
  endfacet
  facet normal -0.173647 0.984808 0
    outer loop
      vertex 97.8901 2.18538 6
      vertex 81.7392 -0.662445 7.2
      vertex 97.8901 2.18538 7.2
    endloop
  endfacet
  facet normal -0.173647 0.984808 0
    outer loop
      vertex 81.7392 -0.662445 7.2
      vertex 97.8901 2.18538 6
      vertex 81.7392 -0.662445 6
    endloop
  endfacet
  facet normal 0.98481 0.173637 0
    outer loop
      vertex 81.7392 -0.662445 7.2
      vertex 80.9752 3.6707 6
      vertex 80.9752 3.6707 7.2
    endloop
  endfacet
  facet normal 0.98481 0.173637 0
    outer loop
      vertex 80.9752 3.6707 6
      vertex 81.7392 -0.662445 7.2
      vertex 81.7392 -0.662445 6
    endloop
  endfacet
  facet normal 0.971284 0.237924 0
    outer loop
      vertex 80.9752 3.6707 7.2
      vertex 80.9254 3.874 6
      vertex 80.9254 3.874 7.2
    endloop
  endfacet
  facet normal 0.971284 0.237924 0
    outer loop
      vertex 80.9254 3.874 6
      vertex 80.9752 3.6707 7.2
      vertex 80.9752 3.6707 6
    endloop
  endfacet
  facet normal 0.93209 0.362227 0
    outer loop
      vertex 80.9254 3.874 7.2
      vertex 80.8496 4.06905 6
      vertex 80.8496 4.06905 7.2
    endloop
  endfacet
  facet normal 0.93209 0.362227 0
    outer loop
      vertex 80.8496 4.06905 6
      vertex 80.9254 3.874 7.2
      vertex 80.9254 3.874 6
    endloop
  endfacet
  facet normal 0.876658 0.481113 0
    outer loop
      vertex 80.8496 4.06905 7.2
      vertex 80.7489 4.25254 6
      vertex 80.7489 4.25254 7.2
    endloop
  endfacet
  facet normal 0.876658 0.481113 0
    outer loop
      vertex 80.7489 4.25254 6
      vertex 80.8496 4.06905 7.2
      vertex 80.8496 4.06905 6
    endloop
  endfacet
  facet normal 0.806358 0.591428 0
    outer loop
      vertex 80.7489 4.25254 7.2
      vertex 80.6251 4.42133 6
      vertex 80.6251 4.42133 7.2
    endloop
  endfacet
  facet normal 0.806358 0.591428 0
    outer loop
      vertex 80.6251 4.42133 6
      vertex 80.7489 4.25254 7.2
      vertex 80.7489 4.25254 6
    endloop
  endfacet
  facet normal 0.722397 0.691479 0
    outer loop
      vertex 80.6251 4.42133 7.2
      vertex 80.4804 4.5725 6
      vertex 80.4804 4.5725 7.2
    endloop
  endfacet
  facet normal 0.722397 0.691479 0
    outer loop
      vertex 80.4804 4.5725 6
      vertex 80.6251 4.42133 7.2
      vertex 80.6251 4.42133 6
    endloop
  endfacet
  facet normal 0.626034 0.779795 -0
    outer loop
      vertex 80.4804 4.5725 6
      vertex 80.3172 4.70352 7.2
      vertex 80.4804 4.5725 7.2
    endloop
  endfacet
  facet normal 0.626034 0.779795 0
    outer loop
      vertex 80.3172 4.70352 7.2
      vertex 80.4804 4.5725 6
      vertex 80.3172 4.70352 6
    endloop
  endfacet
  facet normal 0.518776 0.85491 -0
    outer loop
      vertex 80.3172 4.70352 6
      vertex 80.1383 4.81208 7.2
      vertex 80.3172 4.70352 7.2
    endloop
  endfacet
  facet normal 0.518776 0.85491 0
    outer loop
      vertex 80.1383 4.81208 7.2
      vertex 80.3172 4.70352 6
      vertex 80.1383 4.81208 6
    endloop
  endfacet
  facet normal 0.402683 0.91534 -0
    outer loop
      vertex 80.1383 4.81208 6
      vertex 79.9467 4.89637 7.2
      vertex 80.1383 4.81208 7.2
    endloop
  endfacet
  facet normal 0.402683 0.91534 0
    outer loop
      vertex 79.9467 4.89637 7.2
      vertex 80.1383 4.81208 6
      vertex 79.9467 4.89637 6
    endloop
  endfacet
  facet normal 0.279886 0.960033 -0
    outer loop
      vertex 79.9467 4.89637 6
      vertex 79.7458 4.95494 7.2
      vertex 79.9467 4.89637 7.2
    endloop
  endfacet
  facet normal 0.279886 0.960033 0
    outer loop
      vertex 79.7458 4.95494 7.2
      vertex 79.9467 4.89637 6
      vertex 79.7458 4.95494 6
    endloop
  endfacet
  facet normal 0.1521 0.988365 -0
    outer loop
      vertex 79.7458 4.95494 6
      vertex 79.5389 4.98678 7.2
      vertex 79.7458 4.95494 7.2
    endloop
  endfacet
  facet normal 0.1521 0.988365 0
    outer loop
      vertex 79.5389 4.98678 7.2
      vertex 79.7458 4.95494 6
      vertex 79.5389 4.98678 6
    endloop
  endfacet
  facet normal 0.0218399 0.999761 -0
    outer loop
      vertex 79.5389 4.98678 6
      vertex 79.3297 4.99135 7.2
      vertex 79.5389 4.98678 7.2
    endloop
  endfacet
  facet normal 0.0218399 0.999761 0
    outer loop
      vertex 79.3297 4.99135 7.2
      vertex 79.5389 4.98678 6
      vertex 79.3297 4.99135 6
    endloop
  endfacet
  facet normal -0.108864 0.994057 0
    outer loop
      vertex 79.3297 4.99135 6
      vertex 79.1216 4.96856 7.2
      vertex 79.3297 4.99135 7.2
    endloop
  endfacet
  facet normal -0.108864 0.994057 0
    outer loop
      vertex 79.1216 4.96856 7.2
      vertex 79.3297 4.99135 6
      vertex 79.1216 4.96856 6
    endloop
  endfacet
  facet normal -0.173649 0.984808 0
    outer loop
      vertex 79.1216 4.96856 6
      vertex 63.5617 2.22492 7.2
      vertex 79.1216 4.96856 7.2
    endloop
  endfacet
  facet normal -0.173649 0.984808 0
    outer loop
      vertex 63.5617 2.22492 7.2
      vertex 79.1216 4.96856 6
      vertex 63.5617 2.22492 6
    endloop
  endfacet
  facet normal -0.237653 0.97135 0
    outer loop
      vertex 63.5617 2.22492 6
      vertex 63.3584 2.17518 7.2
      vertex 63.5617 2.22492 7.2
    endloop
  endfacet
  facet normal -0.237653 0.97135 0
    outer loop
      vertex 63.3584 2.17518 7.2
      vertex 63.5617 2.22492 6
      vertex 63.3584 2.17518 6
    endloop
  endfacet
  facet normal -0.362396 0.932024 0
    outer loop
      vertex 63.3584 2.17518 6
      vertex 63.1633 2.09932 7.2
      vertex 63.3584 2.17518 7.2
    endloop
  endfacet
  facet normal -0.362396 0.932024 0
    outer loop
      vertex 63.1633 2.09932 7.2
      vertex 63.3584 2.17518 6
      vertex 63.1633 2.09932 6
    endloop
  endfacet
  facet normal -0.481148 0.876639 0
    outer loop
      vertex 63.1633 2.09932 6
      vertex 62.9799 1.99866 7.2
      vertex 63.1633 2.09932 7.2
    endloop
  endfacet
  facet normal -0.481148 0.876639 0
    outer loop
      vertex 62.9799 1.99866 7.2
      vertex 63.1633 2.09932 6
      vertex 62.9799 1.99866 6
    endloop
  endfacet
  facet normal -0.591312 0.806443 0
    outer loop
      vertex 62.9799 1.99866 6
      vertex 62.8111 1.87489 7.2
      vertex 62.9799 1.99866 7.2
    endloop
  endfacet
  facet normal -0.591312 0.806443 0
    outer loop
      vertex 62.8111 1.87489 7.2
      vertex 62.9799 1.99866 6
      vertex 62.8111 1.87489 6
    endloop
  endfacet
  facet normal -0.691457 0.722418 0
    outer loop
      vertex 62.8111 1.87489 6
      vertex 62.6599 1.73017 7.2
      vertex 62.8111 1.87489 7.2
    endloop
  endfacet
  facet normal -0.691457 0.722418 0
    outer loop
      vertex 62.6599 1.73017 7.2
      vertex 62.8111 1.87489 6
      vertex 62.6599 1.73017 6
    endloop
  endfacet
  facet normal -0.77988 0.62593 0
    outer loop
      vertex 62.5289 1.56695 6
      vertex 62.6599 1.73017 7.2
      vertex 62.6599 1.73017 6
    endloop
  endfacet
  facet normal -0.77988 0.62593 0
    outer loop
      vertex 62.6599 1.73017 7.2
      vertex 62.5289 1.56695 6
      vertex 62.5289 1.56695 7.2
    endloop
  endfacet
  facet normal -0.854864 0.518852 0
    outer loop
      vertex 62.4203 1.38802 6
      vertex 62.5289 1.56695 7.2
      vertex 62.5289 1.56695 6
    endloop
  endfacet
  facet normal -0.854864 0.518852 0
    outer loop
      vertex 62.5289 1.56695 7.2
      vertex 62.4203 1.38802 6
      vertex 62.4203 1.38802 7.2
    endloop
  endfacet
  facet normal -0.915291 0.402793 0
    outer loop
      vertex 62.336 1.19646 6
      vertex 62.4203 1.38802 7.2
      vertex 62.4203 1.38802 6
    endloop
  endfacet
  facet normal -0.915291 0.402793 0
    outer loop
      vertex 62.4203 1.38802 7.2
      vertex 62.336 1.19646 6
      vertex 62.336 1.19646 7.2
    endloop
  endfacet
  facet normal -0.960137 0.27953 0
    outer loop
      vertex 62.2775 0.995523 6
      vertex 62.336 1.19646 7.2
      vertex 62.336 1.19646 6
    endloop
  endfacet
  facet normal -0.960137 0.27953 0
    outer loop
      vertex 62.336 1.19646 7.2
      vertex 62.2775 0.995523 6
      vertex 62.2775 0.995523 7.2
    endloop
  endfacet
  facet normal -0.988317 0.152415 0
    outer loop
      vertex 62.2456 0.788671 6
      vertex 62.2775 0.995523 7.2
      vertex 62.2775 0.995523 6
    endloop
  endfacet
  facet normal -0.988317 0.152415 0
    outer loop
      vertex 62.2775 0.995523 7.2
      vertex 62.2456 0.788671 6
      vertex 62.2456 0.788671 7.2
    endloop
  endfacet
  facet normal -0.999758 0.0219796 0
    outer loop
      vertex 62.241 0.579437 6
      vertex 62.2456 0.788671 7.2
      vertex 62.2456 0.788671 6
    endloop
  endfacet
  facet normal -0.999758 0.0219796 0
    outer loop
      vertex 62.2456 0.788671 7.2
      vertex 62.241 0.579437 6
      vertex 62.241 0.579437 7.2
    endloop
  endfacet
  facet normal -0.994049 -0.108937 0
    outer loop
      vertex 62.2638 0.371387 6
      vertex 62.241 0.579437 7.2
      vertex 62.241 0.579437 6
    endloop
  endfacet
  facet normal -0.994049 -0.108937 0
    outer loop
      vertex 62.241 0.579437 7.2
      vertex 62.2638 0.371387 6
      vertex 62.2638 0.371387 7.2
    endloop
  endfacet
  facet normal -0.984807 -0.173652 0
    outer loop
      vertex 63.1364 -4.57727 6
      vertex 62.2638 0.371387 7.2
      vertex 62.2638 0.371387 6
    endloop
  endfacet
  facet normal -0.984807 -0.173652 0
    outer loop
      vertex 62.2638 0.371387 7.2
      vertex 63.1364 -4.57727 6
      vertex 63.1364 -4.57727 7.2
    endloop
  endfacet
  facet normal -0.173648 0.984808 0
    outer loop
      vertex 63.1364 -4.57727 6
      vertex 46.9856 -7.42509 7.2
      vertex 63.1364 -4.57727 7.2
    endloop
  endfacet
  facet normal -0.173648 0.984808 0
    outer loop
      vertex 46.9856 -7.42509 7.2
      vertex 63.1364 -4.57727 6
      vertex 46.9856 -7.42509 6
    endloop
  endfacet
  facet normal -0.237699 0.971339 0
    outer loop
      vertex 46.9856 -7.42509 6
      vertex 46.7823 -7.47484 7.2
      vertex 46.9856 -7.42509 7.2
    endloop
  endfacet
  facet normal -0.237699 0.971339 0
    outer loop
      vertex 46.7823 -7.47484 7.2
      vertex 46.9856 -7.42509 6
      vertex 46.7823 -7.47484 6
    endloop
  endfacet
  facet normal -0.362396 0.932024 0
    outer loop
      vertex 46.7823 -7.47484 6
      vertex 46.5872 -7.5507 7.2
      vertex 46.7823 -7.47484 7.2
    endloop
  endfacet
  facet normal -0.362396 0.932024 0
    outer loop
      vertex 46.5872 -7.5507 7.2
      vertex 46.7823 -7.47484 6
      vertex 46.5872 -7.5507 6
    endloop
  endfacet
  facet normal -0.480946 0.87675 0
    outer loop
      vertex 46.5872 -7.5507 6
      vertex 46.4037 -7.65136 7.2
      vertex 46.5872 -7.5507 7.2
    endloop
  endfacet
  facet normal -0.480946 0.87675 0
    outer loop
      vertex 46.4037 -7.65136 7.2
      vertex 46.5872 -7.5507 6
      vertex 46.4037 -7.65136 6
    endloop
  endfacet
  facet normal -0.591312 0.806443 0
    outer loop
      vertex 46.4037 -7.65136 6
      vertex 46.2349 -7.77513 7.2
      vertex 46.4037 -7.65136 7.2
    endloop
  endfacet
  facet normal -0.591312 0.806443 0
    outer loop
      vertex 46.2349 -7.77513 7.2
      vertex 46.4037 -7.65136 6
      vertex 46.2349 -7.77513 6
    endloop
  endfacet
  facet normal -0.691696 0.722189 0
    outer loop
      vertex 46.2349 -7.77513 6
      vertex 46.0838 -7.91985 7.2
      vertex 46.2349 -7.77513 7.2
    endloop
  endfacet
  facet normal -0.691696 0.722189 0
    outer loop
      vertex 46.0838 -7.91985 7.2
      vertex 46.2349 -7.77513 6
      vertex 46.0838 -7.91985 6
    endloop
  endfacet
  facet normal -0.77988 0.62593 0
    outer loop
      vertex 45.9528 -8.08307 6
      vertex 46.0838 -7.91985 7.2
      vertex 46.0838 -7.91985 6
    endloop
  endfacet
  facet normal -0.77988 0.62593 0
    outer loop
      vertex 46.0838 -7.91985 7.2
      vertex 45.9528 -8.08307 6
      vertex 45.9528 -8.08307 7.2
    endloop
  endfacet
  facet normal -0.854864 0.518852 0
    outer loop
      vertex 45.8442 -8.262 6
      vertex 45.9528 -8.08307 7.2
      vertex 45.9528 -8.08307 6
    endloop
  endfacet
  facet normal -0.854864 0.518852 0
    outer loop
      vertex 45.9528 -8.08307 7.2
      vertex 45.8442 -8.262 6
      vertex 45.8442 -8.262 7.2
    endloop
  endfacet
  facet normal -0.915291 0.402793 0
    outer loop
      vertex 45.7599 -8.45356 6
      vertex 45.8442 -8.262 7.2
      vertex 45.8442 -8.262 6
    endloop
  endfacet
  facet normal -0.915291 0.402793 0
    outer loop
      vertex 45.8442 -8.262 7.2
      vertex 45.7599 -8.45356 6
      vertex 45.7599 -8.45356 7.2
    endloop
  endfacet
  facet normal -0.960006 0.27998 0
    outer loop
      vertex 45.7013 -8.65449 6
      vertex 45.7599 -8.45356 7.2
      vertex 45.7599 -8.45356 6
    endloop
  endfacet
  facet normal -0.960006 0.27998 0
    outer loop
      vertex 45.7599 -8.45356 7.2
      vertex 45.7013 -8.65449 6
      vertex 45.7013 -8.65449 7.2
    endloop
  endfacet
  facet normal -0.988389 0.151942 0
    outer loop
      vertex 45.6695 -8.86135 6
      vertex 45.7013 -8.65449 7.2
      vertex 45.7013 -8.65449 6
    endloop
  endfacet
  facet normal -0.988389 0.151942 0
    outer loop
      vertex 45.7013 -8.65449 7.2
      vertex 45.6695 -8.86135 6
      vertex 45.6695 -8.86135 7.2
    endloop
  endfacet
  facet normal -0.999758 0.0219801 0
    outer loop
      vertex 45.6649 -9.07058 6
      vertex 45.6695 -8.86135 7.2
      vertex 45.6695 -8.86135 6
    endloop
  endfacet
  facet normal -0.999758 0.0219801 0
    outer loop
      vertex 45.6695 -8.86135 7.2
      vertex 45.6649 -9.07058 6
      vertex 45.6649 -9.07058 7.2
    endloop
  endfacet
  facet normal -0.994049 -0.108937 0
    outer loop
      vertex 45.6877 -9.27863 6
      vertex 45.6649 -9.07058 7.2
      vertex 45.6649 -9.07058 6
    endloop
  endfacet
  facet normal -0.994049 -0.108937 0
    outer loop
      vertex 45.6649 -9.07058 7.2
      vertex 45.6877 -9.27863 6
      vertex 45.6877 -9.27863 7.2
    endloop
  endfacet
  facet normal -0.984805 -0.173666 0
    outer loop
      vertex 45.9207 -10.5999 6
      vertex 45.6877 -9.27863 7.2
      vertex 45.6877 -9.27863 6
    endloop
  endfacet
  facet normal -0.984805 -0.173666 0
    outer loop
      vertex 45.6877 -9.27863 7.2
      vertex 45.9207 -10.5999 6
      vertex 45.9207 -10.5999 7.2
    endloop
  endfacet
  facet normal -0.971394 -0.237473 0
    outer loop
      vertex 45.9704 -10.8032 6
      vertex 45.9207 -10.5999 7.2
      vertex 45.9207 -10.5999 6
    endloop
  endfacet
  facet normal -0.971394 -0.237473 0
    outer loop
      vertex 45.9207 -10.5999 7.2
      vertex 45.9704 -10.8032 6
      vertex 45.9704 -10.8032 7.2
    endloop
  endfacet
  facet normal -0.931897 -0.362723 0
    outer loop
      vertex 46.0463 -10.9982 6
      vertex 45.9704 -10.8032 7.2
      vertex 45.9704 -10.8032 6
    endloop
  endfacet
  facet normal -0.931897 -0.362723 0
    outer loop
      vertex 45.9704 -10.8032 7.2
      vertex 46.0463 -10.9982 6
      vertex 46.0463 -10.9982 7.2
    endloop
  endfacet
  facet normal -0.876669 -0.481093 0
    outer loop
      vertex 46.147 -11.1817 6
      vertex 46.0463 -10.9982 7.2
      vertex 46.0463 -10.9982 6
    endloop
  endfacet
  facet normal -0.876669 -0.481093 0
    outer loop
      vertex 46.0463 -10.9982 7.2
      vertex 46.147 -11.1817 6
      vertex 46.147 -11.1817 7.2
    endloop
  endfacet
  facet normal -0.806602 -0.591094 0
    outer loop
      vertex 46.2707 -11.3505 6
      vertex 46.147 -11.1817 7.2
      vertex 46.147 -11.1817 6
    endloop
  endfacet
  facet normal -0.806602 -0.591094 0
    outer loop
      vertex 46.147 -11.1817 7.2
      vertex 46.2707 -11.3505 6
      vertex 46.2707 -11.3505 7.2
    endloop
  endfacet
  facet normal -0.722465 -0.691407 0
    outer loop
      vertex 46.4154 -11.5017 6
      vertex 46.2707 -11.3505 7.2
      vertex 46.2707 -11.3505 6
    endloop
  endfacet
  facet normal -0.722465 -0.691407 0
    outer loop
      vertex 46.2707 -11.3505 7.2
      vertex 46.4154 -11.5017 6
      vertex 46.4154 -11.5017 7.2
    endloop
  endfacet
  facet normal -0.625743 -0.780029 0
    outer loop
      vertex 46.4154 -11.5017 6
      vertex 46.5787 -11.6327 7.2
      vertex 46.4154 -11.5017 7.2
    endloop
  endfacet
  facet normal -0.625743 -0.780029 -0
    outer loop
      vertex 46.5787 -11.6327 7.2
      vertex 46.4154 -11.5017 6
      vertex 46.5787 -11.6327 6
    endloop
  endfacet
  facet normal -0.518916 -0.854825 0
    outer loop
      vertex 46.5787 -11.6327 6
      vertex 46.7576 -11.7413 7.2
      vertex 46.5787 -11.6327 7.2
    endloop
  endfacet
  facet normal -0.518916 -0.854825 -0
    outer loop
      vertex 46.7576 -11.7413 7.2
      vertex 46.5787 -11.6327 6
      vertex 46.7576 -11.7413 6
    endloop
  endfacet
  facet normal -0.402723 -0.915322 0
    outer loop
      vertex 46.7576 -11.7413 6
      vertex 46.9492 -11.8256 7.2
      vertex 46.7576 -11.7413 7.2
    endloop
  endfacet
  facet normal -0.402723 -0.915322 -0
    outer loop
      vertex 46.9492 -11.8256 7.2
      vertex 46.7576 -11.7413 6
      vertex 46.9492 -11.8256 6
    endloop
  endfacet
  facet normal -0.279578 -0.960123 0
    outer loop
      vertex 46.9492 -11.8256 6
      vertex 47.1501 -11.8841 7.2
      vertex 46.9492 -11.8256 7.2
    endloop
  endfacet
  facet normal -0.279578 -0.960123 -0
    outer loop
      vertex 47.1501 -11.8841 7.2
      vertex 46.9492 -11.8256 6
      vertex 47.1501 -11.8841 6
    endloop
  endfacet
  facet normal -0.152452 -0.988311 0
    outer loop
      vertex 47.1501 -11.8841 6
      vertex 47.3569 -11.916 7.2
      vertex 47.1501 -11.8841 7.2
    endloop
  endfacet
  facet normal -0.152452 -0.988311 -0
    outer loop
      vertex 47.3569 -11.916 7.2
      vertex 47.1501 -11.8841 6
      vertex 47.3569 -11.916 6
    endloop
  endfacet
  facet normal -0.0214953 -0.999769 0
    outer loop
      vertex 47.3569 -11.916 6
      vertex 47.5662 -11.9205 7.2
      vertex 47.3569 -11.916 7.2
    endloop
  endfacet
  facet normal -0.0214953 -0.999769 -0
    outer loop
      vertex 47.5662 -11.9205 7.2
      vertex 47.3569 -11.916 6
      vertex 47.5662 -11.9205 6
    endloop
  endfacet
  facet normal 0.107737 -0.994179 0
    outer loop
      vertex 47.5662 -11.9205 6
      vertex 47.6391 -11.9126 7.2
      vertex 47.5662 -11.9205 7.2
    endloop
  endfacet
  facet normal 0.107737 -0.994179 0
    outer loop
      vertex 47.6391 -11.9126 7.2
      vertex 47.5662 -11.9205 6
      vertex 47.6391 -11.9126 6
    endloop
  endfacet
  facet normal -0.906306 -0.422622 0
    outer loop
      vertex 51.3786 -19.9319 6
      vertex 47.6391 -11.9126 7.2
      vertex 47.6391 -11.9126 6
    endloop
  endfacet
  facet normal -0.906306 -0.422622 0
    outer loop
      vertex 47.6391 -11.9126 7.2
      vertex 51.3786 -19.9319 6
      vertex 51.3786 -19.9319 7.2
    endloop
  endfacet
  facet normal -0.876559 -0.481295 0
    outer loop
      vertex 51.4793 -20.1153 6
      vertex 51.3786 -19.9319 7.2
      vertex 51.3786 -19.9319 6
    endloop
  endfacet
  facet normal -0.876559 -0.481295 0
    outer loop
      vertex 51.3786 -19.9319 7.2
      vertex 51.4793 -20.1153 6
      vertex 51.4793 -20.1153 7.2
    endloop
  endfacet
  facet normal -0.806602 -0.591094 0
    outer loop
      vertex 51.603 -20.2841 6
      vertex 51.4793 -20.1153 7.2
      vertex 51.4793 -20.1153 6
    endloop
  endfacet
  facet normal -0.806602 -0.591094 0
    outer loop
      vertex 51.4793 -20.1153 7.2
      vertex 51.603 -20.2841 6
      vertex 51.603 -20.2841 7.2
    endloop
  endfacet
  facet normal -0.722227 -0.691656 0
    outer loop
      vertex 51.7478 -20.4353 6
      vertex 51.603 -20.2841 7.2
      vertex 51.603 -20.2841 6
    endloop
  endfacet
  facet normal -0.722227 -0.691656 0
    outer loop
      vertex 51.603 -20.2841 7.2
      vertex 51.7478 -20.4353 6
      vertex 51.7478 -20.4353 7.2
    endloop
  endfacet
  facet normal -0.625976 -0.779842 0
    outer loop
      vertex 51.7478 -20.4353 6
      vertex 51.911 -20.5663 7.2
      vertex 51.7478 -20.4353 7.2
    endloop
  endfacet
  facet normal -0.625976 -0.779842 -0
    outer loop
      vertex 51.911 -20.5663 7.2
      vertex 51.7478 -20.4353 6
      vertex 51.911 -20.5663 6
    endloop
  endfacet
  facet normal -0.518916 -0.854825 0
    outer loop
      vertex 51.911 -20.5663 6
      vertex 52.0899 -20.6749 7.2
      vertex 51.911 -20.5663 7.2
    endloop
  endfacet
  facet normal -0.518916 -0.854825 -0
    outer loop
      vertex 52.0899 -20.6749 7.2
      vertex 51.911 -20.5663 6
      vertex 52.0899 -20.6749 6
    endloop
  endfacet
  facet normal -0.402723 -0.915322 0
    outer loop
      vertex 52.0899 -20.6749 6
      vertex 52.2815 -20.7592 7.2
      vertex 52.0899 -20.6749 7.2
    endloop
  endfacet
  facet normal -0.402723 -0.915322 -0
    outer loop
      vertex 52.2815 -20.7592 7.2
      vertex 52.0899 -20.6749 6
      vertex 52.2815 -20.7592 6
    endloop
  endfacet
  facet normal -0.279578 -0.960123 0
    outer loop
      vertex 52.2815 -20.7592 6
      vertex 52.4824 -20.8177 7.2
      vertex 52.2815 -20.7592 7.2
    endloop
  endfacet
  facet normal -0.279578 -0.960123 -0
    outer loop
      vertex 52.4824 -20.8177 7.2
      vertex 52.2815 -20.7592 6
      vertex 52.4824 -20.8177 6
    endloop
  endfacet
  facet normal -0.152452 -0.988311 0
    outer loop
      vertex 52.4824 -20.8177 6
      vertex 52.6892 -20.8496 7.2
      vertex 52.4824 -20.8177 7.2
    endloop
  endfacet
  facet normal -0.152452 -0.988311 -0
    outer loop
      vertex 52.6892 -20.8496 7.2
      vertex 52.4824 -20.8177 6
      vertex 52.6892 -20.8496 6
    endloop
  endfacet
  facet normal -0.0214953 -0.999769 0
    outer loop
      vertex 52.6892 -20.8496 6
      vertex 52.8985 -20.8541 7.2
      vertex 52.6892 -20.8496 7.2
    endloop
  endfacet
  facet normal -0.0214953 -0.999769 -0
    outer loop
      vertex 52.8985 -20.8541 7.2
      vertex 52.6892 -20.8496 6
      vertex 52.8985 -20.8541 6
    endloop
  endfacet
  facet normal 0.10849 -0.994097 0
    outer loop
      vertex 52.8985 -20.8541 6
      vertex 53.1065 -20.8314 7.2
      vertex 52.8985 -20.8541 7.2
    endloop
  endfacet
  facet normal 0.10849 -0.994097 0
    outer loop
      vertex 53.1065 -20.8314 7.2
      vertex 52.8985 -20.8541 6
      vertex 53.1065 -20.8314 6
    endloop
  endfacet
  facet normal 0.237924 -0.971284 0
    outer loop
      vertex 53.1065 -20.8314 6
      vertex 53.3098 -20.7816 7.2
      vertex 53.1065 -20.8314 7.2
    endloop
  endfacet
  facet normal 0.237924 -0.971284 0
    outer loop
      vertex 53.3098 -20.7816 7.2
      vertex 53.1065 -20.8314 6
      vertex 53.3098 -20.7816 6
    endloop
  endfacet
  facet normal 0.362147 -0.932121 0
    outer loop
      vertex 53.3098 -20.7816 6
      vertex 53.5049 -20.7058 7.2
      vertex 53.3098 -20.7816 7.2
    endloop
  endfacet
  facet normal 0.362147 -0.932121 0
    outer loop
      vertex 53.5049 -20.7058 7.2
      vertex 53.3098 -20.7816 6
      vertex 53.5049 -20.7058 6
    endloop
  endfacet
  facet normal 0.481093 -0.876669 0
    outer loop
      vertex 53.5049 -20.7058 6
      vertex 53.6884 -20.6051 7.2
      vertex 53.5049 -20.7058 7.2
    endloop
  endfacet
  facet normal 0.481093 -0.876669 0
    outer loop
      vertex 53.6884 -20.6051 7.2
      vertex 53.5049 -20.7058 6
      vertex 53.6884 -20.6051 6
    endloop
  endfacet
  facet normal 0.591405 -0.806375 0
    outer loop
      vertex 53.6884 -20.6051 6
      vertex 53.8572 -20.4813 7.2
      vertex 53.6884 -20.6051 7.2
    endloop
  endfacet
  facet normal 0.591405 -0.806375 0
    outer loop
      vertex 53.8572 -20.4813 7.2
      vertex 53.6884 -20.6051 6
      vertex 53.8572 -20.4813 6
    endloop
  endfacet
  facet normal 0.691646 -0.722237 0
    outer loop
      vertex 53.8572 -20.4813 6
      vertex 54.0083 -20.3366 7.2
      vertex 53.8572 -20.4813 7.2
    endloop
  endfacet
  facet normal 0.691646 -0.722237 0
    outer loop
      vertex 54.0083 -20.3366 7.2
      vertex 53.8572 -20.4813 6
      vertex 54.0083 -20.3366 6
    endloop
  endfacet
  facet normal 0.779842 -0.625976 0
    outer loop
      vertex 54.0083 -20.3366 7.2
      vertex 54.1393 -20.1734 6
      vertex 54.1393 -20.1734 7.2
    endloop
  endfacet
  facet normal 0.779842 -0.625976 0
    outer loop
      vertex 54.1393 -20.1734 6
      vertex 54.0083 -20.3366 7.2
      vertex 54.0083 -20.3366 6
    endloop
  endfacet
  facet normal 0.854825 -0.518916 0
    outer loop
      vertex 54.1393 -20.1734 7.2
      vertex 54.2479 -19.9945 6
      vertex 54.2479 -19.9945 7.2
    endloop
  endfacet
  facet normal 0.854825 -0.518916 0
    outer loop
      vertex 54.2479 -19.9945 6
      vertex 54.1393 -20.1734 7.2
      vertex 54.1393 -20.1734 6
    endloop
  endfacet
  facet normal 0.915322 -0.402723 0
    outer loop
      vertex 54.2479 -19.9945 7.2
      vertex 54.3322 -19.8029 6
      vertex 54.3322 -19.8029 7.2
    endloop
  endfacet
  facet normal 0.915322 -0.402723 0
    outer loop
      vertex 54.3322 -19.8029 6
      vertex 54.2479 -19.9945 7.2
      vertex 54.2479 -19.9945 6
    endloop
  endfacet
  facet normal 0.959995 -0.280018 0
    outer loop
      vertex 54.3322 -19.8029 7.2
      vertex 54.3908 -19.602 6
      vertex 54.3908 -19.602 7.2
    endloop
  endfacet
  facet normal 0.959995 -0.280018 0
    outer loop
      vertex 54.3908 -19.602 6
      vertex 54.3322 -19.8029 7.2
      vertex 54.3322 -19.8029 6
    endloop
  endfacet
  facet normal 0.988394 -0.151914 0
    outer loop
      vertex 54.3908 -19.602 7.2
      vertex 54.4226 -19.3951 6
      vertex 54.4226 -19.3951 7.2
    endloop
  endfacet
  facet normal 0.988394 -0.151914 0
    outer loop
      vertex 54.4226 -19.3951 6
      vertex 54.3908 -19.602 7.2
      vertex 54.3908 -19.602 6
    endloop
  endfacet
  facet normal 0.999758 -0.0219832 0
    outer loop
      vertex 54.4226 -19.3951 7.2
      vertex 54.4272 -19.1859 6
      vertex 54.4272 -19.1859 7.2
    endloop
  endfacet
  facet normal 0.999758 -0.0219832 0
    outer loop
      vertex 54.4272 -19.1859 6
      vertex 54.4226 -19.3951 7.2
      vertex 54.4226 -19.3951 6
    endloop
  endfacet
  facet normal 0.994052 0.108911 0
    outer loop
      vertex 54.4272 -19.1859 7.2
      vertex 54.4044 -18.9778 6
      vertex 54.4044 -18.9778 7.2
    endloop
  endfacet
  facet normal 0.994052 0.108911 0
    outer loop
      vertex 54.4044 -18.9778 6
      vertex 54.4272 -19.1859 7.2
      vertex 54.4272 -19.1859 6
    endloop
  endfacet
  facet normal 0.984808 0.173646 0
    outer loop
      vertex 54.4044 -18.9778 7.2
      vertex 52.8936 -10.4095 6
      vertex 52.8936 -10.4095 7.2
    endloop
  endfacet
  facet normal 0.984808 0.173646 0
    outer loop
      vertex 52.8936 -10.4095 6
      vertex 54.4044 -18.9778 7.2
      vertex 54.4044 -18.9778 6
    endloop
  endfacet
  facet normal 0.173647 -0.984808 0
    outer loop
      vertex 52.8936 -10.4095 6
      vertex 69.6353 -7.4575 7.2
      vertex 52.8936 -10.4095 7.2
    endloop
  endfacet
  facet normal 0.173647 -0.984808 0
    outer loop
      vertex 69.6353 -7.4575 7.2
      vertex 52.8936 -10.4095 6
      vertex 69.6353 -7.4575 6
    endloop
  endfacet
  facet normal -0.984807 -0.17365 0
    outer loop
      vertex 72.4137 -23.2144 6
      vertex 69.6353 -7.4575 7.2
      vertex 69.6353 -7.4575 6
    endloop
  endfacet
  facet normal -0.984807 -0.17365 0
    outer loop
      vertex 69.6353 -7.4575 7.2
      vertex 72.4137 -23.2144 6
      vertex 72.4137 -23.2144 7.2
    endloop
  endfacet
  facet normal -0.173648 0.984808 0
    outer loop
      vertex 72.4137 -23.2144 6
      vertex 55.0613 -26.2741 7.2
      vertex 72.4137 -23.2144 7.2
    endloop
  endfacet
  facet normal -0.173648 0.984808 0
    outer loop
      vertex 55.0613 -26.2741 7.2
      vertex 72.4137 -23.2144 6
      vertex 55.0613 -26.2741 6
    endloop
  endfacet
  facet normal -0.237924 0.971284 0
    outer loop
      vertex 55.0613 -26.2741 6
      vertex 54.858 -26.3239 7.2
      vertex 55.0613 -26.2741 7.2
    endloop
  endfacet
  facet normal -0.237924 0.971284 0
    outer loop
      vertex 54.858 -26.3239 7.2
      vertex 55.0613 -26.2741 6
      vertex 54.858 -26.3239 6
    endloop
  endfacet
  facet normal -0.362147 0.932121 0
    outer loop
      vertex 54.858 -26.3239 6
      vertex 54.6629 -26.3997 7.2
      vertex 54.858 -26.3239 7.2
    endloop
  endfacet
  facet normal -0.362147 0.932121 0
    outer loop
      vertex 54.6629 -26.3997 7.2
      vertex 54.858 -26.3239 6
      vertex 54.6629 -26.3997 6
    endloop
  endfacet
  facet normal -0.42262 0.906307 0
    outer loop
      vertex 54.6629 -26.3997 6
      vertex 39.0353 -33.687 7.2
      vertex 54.6629 -26.3997 7.2
    endloop
  endfacet
  facet normal -0.42262 0.906307 0
    outer loop
      vertex 39.0353 -33.687 7.2
      vertex 54.6629 -26.3997 6
      vertex 39.0353 -33.687 6
    endloop
  endfacet
  facet normal 0.906308 0.422617 0
    outer loop
      vertex 39.0353 -33.687 7.2
      vertex 37.7081 -30.8408 6
      vertex 37.7081 -30.8408 7.2
    endloop
  endfacet
  facet normal 0.906308 0.422617 0
    outer loop
      vertex 37.7081 -30.8408 6
      vertex 39.0353 -33.687 7.2
      vertex 39.0353 -33.687 6
    endloop
  endfacet
  facet normal 0.876871 0.480726 0
    outer loop
      vertex 37.7081 -30.8408 7.2
      vertex 37.6075 -30.6573 6
      vertex 37.6075 -30.6573 7.2
    endloop
  endfacet
  facet normal 0.876871 0.480726 0
    outer loop
      vertex 37.6075 -30.6573 6
      vertex 37.7081 -30.8408 7.2
      vertex 37.7081 -30.8408 6
    endloop
  endfacet
  facet normal 0.806375 0.591405 0
    outer loop
      vertex 37.6075 -30.6573 7.2
      vertex 37.4837 -30.4885 6
      vertex 37.4837 -30.4885 7.2
    endloop
  endfacet
  facet normal 0.806375 0.591405 0
    outer loop
      vertex 37.4837 -30.4885 6
      vertex 37.6075 -30.6573 7.2
      vertex 37.6075 -30.6573 6
    endloop
  endfacet
  facet normal 0.722237 0.691646 0
    outer loop
      vertex 37.4837 -30.4885 7.2
      vertex 37.339 -30.3374 6
      vertex 37.339 -30.3374 7.2
    endloop
  endfacet
  facet normal 0.722237 0.691646 0
    outer loop
      vertex 37.339 -30.3374 6
      vertex 37.4837 -30.4885 7.2
      vertex 37.4837 -30.4885 6
    endloop
  endfacet
  facet normal 0.625976 0.779842 -0
    outer loop
      vertex 37.339 -30.3374 6
      vertex 37.1758 -30.2064 7.2
      vertex 37.339 -30.3374 7.2
    endloop
  endfacet
  facet normal 0.625976 0.779842 0
    outer loop
      vertex 37.1758 -30.2064 7.2
      vertex 37.339 -30.3374 6
      vertex 37.1758 -30.2064 6
    endloop
  endfacet
  facet normal 0.518704 0.854954 -0
    outer loop
      vertex 37.1758 -30.2064 6
      vertex 36.9968 -30.0978 7.2
      vertex 37.1758 -30.2064 7.2
    endloop
  endfacet
  facet normal 0.518704 0.854954 0
    outer loop
      vertex 36.9968 -30.0978 7.2
      vertex 37.1758 -30.2064 6
      vertex 36.9968 -30.0978 6
    endloop
  endfacet
  facet normal 0.402899 0.915245 -0
    outer loop
      vertex 36.9968 -30.0978 6
      vertex 36.8053 -30.0135 7.2
      vertex 36.9968 -30.0978 7.2
    endloop
  endfacet
  facet normal 0.402899 0.915245 0
    outer loop
      vertex 36.8053 -30.0135 7.2
      vertex 36.9968 -30.0978 6
      vertex 36.8053 -30.0135 6
    endloop
  endfacet
  facet normal 0.27989 0.960032 -0
    outer loop
      vertex 36.8053 -30.0135 6
      vertex 36.6043 -29.9549 7.2
      vertex 36.8053 -30.0135 7.2
    endloop
  endfacet
  facet normal 0.27989 0.960032 0
    outer loop
      vertex 36.6043 -29.9549 7.2
      vertex 36.8053 -30.0135 6
      vertex 36.6043 -29.9549 6
    endloop
  endfacet
  facet normal 0.151985 0.988383 -0
    outer loop
      vertex 36.6043 -29.9549 6
      vertex 36.3975 -29.9231 7.2
      vertex 36.6043 -29.9549 7.2
    endloop
  endfacet
  facet normal 0.151985 0.988383 0
    outer loop
      vertex 36.3975 -29.9231 7.2
      vertex 36.6043 -29.9549 6
      vertex 36.3975 -29.9231 6
    endloop
  endfacet
  facet normal 0.0219727 0.999759 -0
    outer loop
      vertex 36.3975 -29.9231 6
      vertex 36.1882 -29.9185 7.2
      vertex 36.3975 -29.9231 7.2
    endloop
  endfacet
  facet normal 0.0219727 0.999759 0
    outer loop
      vertex 36.1882 -29.9185 7.2
      vertex 36.3975 -29.9231 6
      vertex 36.1882 -29.9185 6
    endloop
  endfacet
  facet normal -0.108963 0.994046 0
    outer loop
      vertex 36.1882 -29.9185 6
      vertex 35.9802 -29.9413 7.2
      vertex 36.1882 -29.9185 7.2
    endloop
  endfacet
  facet normal -0.108963 0.994046 0
    outer loop
      vertex 35.9802 -29.9413 7.2
      vertex 36.1882 -29.9185 6
      vertex 35.9802 -29.9413 6
    endloop
  endfacet
  facet normal -0.237924 0.971284 0
    outer loop
      vertex 35.9802 -29.9413 6
      vertex 35.7769 -29.9911 7.2
      vertex 35.9802 -29.9413 7.2
    endloop
  endfacet
  facet normal -0.237924 0.971284 0
    outer loop
      vertex 35.7769 -29.9911 7.2
      vertex 35.9802 -29.9413 6
      vertex 35.7769 -29.9911 6
    endloop
  endfacet
  facet normal -0.362147 0.932121 0
    outer loop
      vertex 35.7769 -29.9911 6
      vertex 35.5818 -30.0669 7.2
      vertex 35.7769 -29.9911 7.2
    endloop
  endfacet
  facet normal -0.362147 0.932121 0
    outer loop
      vertex 35.5818 -30.0669 7.2
      vertex 35.7769 -29.9911 6
      vertex 35.5818 -30.0669 6
    endloop
  endfacet
  facet normal -0.481093 0.876669 0
    outer loop
      vertex 35.5818 -30.0669 6
      vertex 35.3983 -30.1676 7.2
      vertex 35.5818 -30.0669 7.2
    endloop
  endfacet
  facet normal -0.481093 0.876669 0
    outer loop
      vertex 35.3983 -30.1676 7.2
      vertex 35.5818 -30.0669 6
      vertex 35.3983 -30.1676 6
    endloop
  endfacet
  facet normal -0.591322 0.806435 0
    outer loop
      vertex 35.3983 -30.1676 6
      vertex 35.2296 -30.2913 7.2
      vertex 35.3983 -30.1676 7.2
    endloop
  endfacet
  facet normal -0.591322 0.806435 0
    outer loop
      vertex 35.2296 -30.2913 7.2
      vertex 35.3983 -30.1676 6
      vertex 35.2296 -30.2913 6
    endloop
  endfacet
  facet normal -0.642789 0.766044 0
    outer loop
      vertex 35.2296 -30.2913 6
      vertex 22.2593 -41.1747 7.2
      vertex 35.2296 -30.2913 7.2
    endloop
  endfacet
  facet normal -0.642789 0.766044 0
    outer loop
      vertex 22.2593 -41.1747 7.2
      vertex 35.2296 -30.2913 6
      vertex 22.2593 -41.1747 6
    endloop
  endfacet
  facet normal 0.766044 0.642788 0
    outer loop
      vertex 22.2593 -41.1747 7.2
      vertex 11.9747 -28.918 6
      vertex 11.9747 -28.918 7.2
    endloop
  endfacet
  facet normal 0.766044 0.642788 0
    outer loop
      vertex 11.9747 -28.918 6
      vertex 22.2593 -41.1747 7.2
      vertex 22.2593 -41.1747 6
    endloop
  endfacet
  facet normal 0 0 1
    outer loop
      vertex 107.942 61.7356 4
      vertex 107.529 62.6979 4
      vertex 107.706 61.6939 4
    endloop
  endfacet
  facet normal 0 0 1
    outer loop
      vertex 107.942 61.7356 4
      vertex 107.46 62.9434 4
      vertex 107.529 62.6979 4
    endloop
  endfacet
  facet normal 0 0 1
    outer loop
      vertex 107.252 65.6483 4
      vertex 107.46 62.9434 4
      vertex 107.942 61.7356 4
    endloop
  endfacet
  facet normal 0 0 1
    outer loop
      vertex 107.252 65.6483 4
      vertex 107.336 63.1896 4
      vertex 107.46 62.9434 4
    endloop
  endfacet
  facet normal 0 0 1
    outer loop
      vertex 107.252 65.6483 4
      vertex 107.165 63.4058 4
      vertex 107.336 63.1896 4
    endloop
  endfacet
  facet normal 0 0 1
    outer loop
      vertex 106.457 63.8044 4
      vertex 107.252 65.6483 4
      vertex 107.122 65.6912 4
    endloop
  endfacet
  facet normal 0 0 1
    outer loop
      vertex 106.457 63.8044 4
      vertex 107.122 65.6912 4
      vertex 106.966 65.737 4
    endloop
  endfacet
  facet normal 0 0 1
    outer loop
      vertex 107.252 65.6483 4
      vertex 106.957 63.5839 4
      vertex 107.165 63.4058 4
    endloop
  endfacet
  facet normal 0 0 1
    outer loop
      vertex 107.252 65.6483 4
      vertex 106.719 63.7182 4
      vertex 106.957 63.5839 4
    endloop
  endfacet
  facet normal 0 0 1
    outer loop
      vertex 106.457 63.8044 4
      vertex 106.966 65.737 4
      vertex 106.657 65.7948 4
    endloop
  endfacet
  facet normal 0 0 1
    outer loop
      vertex 106.457 63.8044 4
      vertex 106.657 65.7948 4
      vertex 106.462 65.8183 4
    endloop
  endfacet
  facet normal 0 0 1
    outer loop
      vertex 107.252 65.6483 4
      vertex 106.457 63.8044 4
      vertex 106.719 63.7182 4
    endloop
  endfacet
  facet normal 0 0 1
    outer loop
      vertex 106.462 65.8183 4
      vertex 106.183 63.8374 4
      vertex 106.457 63.8044 4
    endloop
  endfacet
  facet normal 0 0 1
    outer loop
      vertex 106.175 65.8356 4
      vertex 106.183 63.8374 4
      vertex 106.462 65.8183 4
    endloop
  endfacet
  facet normal 0 0 1
    outer loop
      vertex 106.175 65.8356 4
      vertex 105.929 63.8177 4
      vertex 106.183 63.8374 4
    endloop
  endfacet
  facet normal -0 0 1
    outer loop
      vertex 74.5833 65.8356 4
      vertex 105.929 63.8177 4
      vertex 106.175 65.8356 4
    endloop
  endfacet
  facet normal 0 0 1
    outer loop
      vertex 105.929 63.8177 4
      vertex 74.5833 65.8356 4
      vertex 75.8735 58.5181 4
    endloop
  endfacet
  facet normal -0.984804 -0.173669 0
    outer loop
      vertex 107.942 61.7356 4
      vertex 107.252 65.6483 7.2
      vertex 107.252 65.6483 4
    endloop
  endfacet
  facet normal -0.984804 -0.173669 0
    outer loop
      vertex 107.252 65.6483 7.2
      vertex 107.942 61.7356 4
      vertex 107.942 61.7356 7.2
    endloop
  endfacet
  facet normal 0.984809 0.173639 0
    outer loop
      vertex 74.5833 65.8356 7.2
      vertex 75.8735 58.5181 6
      vertex 74.5833 65.8356 4
    endloop
  endfacet
  facet normal 0.984808 0.173644 -3.53731e-05
    outer loop
      vertex 76.2903 56.1545 7.2
      vertex 75.8735 58.5181 6
      vertex 74.5833 65.8356 7.2
    endloop
  endfacet
  facet normal 0.984805 0.173662 0
    outer loop
      vertex 75.8735 58.5181 6
      vertex 76.2903 56.1545 7.2
      vertex 76.2903 56.1545 6
    endloop
  endfacet
  facet normal 0.984809 0.173639 0
    outer loop
      vertex 74.5833 65.8356 4
      vertex 75.8735 58.5181 6
      vertex 75.8735 58.5181 4
    endloop
  endfacet
  facet normal -0.174 0.984746 0
    outer loop
      vertex 107.942 61.7356 4
      vertex 107.706 61.6939 4.2
      vertex 107.942 61.7356 4.2
    endloop
  endfacet
  facet normal -0.174 0.984746 0
    outer loop
      vertex 107.706 61.6939 4.2
      vertex 107.942 61.7356 4
      vertex 107.706 61.6939 4
    endloop
  endfacet
  facet normal 0 0 0
    outer loop
      vertex 107.942 61.7356 4
      vertex 107.942 61.7356 4.2
      vertex 107.942 61.7356 7.2
    endloop
  endfacet
  facet normal -0.173652 0.984807 0
    outer loop
      vertex 88.1572 58.247 6
      vertex 76.2903 56.1545 7.2
      vertex 88.1572 58.247 7.2
    endloop
  endfacet
  facet normal -0.173652 0.984807 0
    outer loop
      vertex 76.2903 56.1545 7.2
      vertex 88.1572 58.247 6
      vertex 76.2903 56.1545 6
    endloop
  endfacet
  facet normal -0.997859 0 0.0653981
    outer loop
      vertex 6.39059 -44.1877 3.45642
      vertex 6.4 -29.5843 3.6
      vertex 6.39059 -29.5843 3.45642
    endloop
  endfacet
  facet normal -0.997859 0 0.0653981
    outer loop
      vertex 6.4 -29.5843 3.6
      vertex 6.39059 -44.1877 3.45642
      vertex 6.4 -44.1877 3.6
    endloop
  endfacet
  facet normal -0.997859 0 0.0653981
    outer loop
      vertex 6.39059 51.2321 3.45642
      vertex 6.4 65.8356 3.6
      vertex 6.39059 65.8356 3.45642
    endloop
  endfacet
  facet normal -0.997859 0 0.0653981
    outer loop
      vertex 6.4 65.8356 3.6
      vertex 6.39059 51.2321 3.45642
      vertex 6.4 51.2321 3.6
    endloop
  endfacet
  facet normal -0.997859 0 0.0653981
    outer loop
      vertex 6.39059 -25.7843 3.45642
      vertex 6.4 47.4321 3.6
      vertex 6.39059 47.4321 3.45642
    endloop
  endfacet
  facet normal -0.997859 0 0.0653981
    outer loop
      vertex 6.4 47.4321 3.6
      vertex 6.39059 -25.7843 3.45642
      vertex 6.4 -25.7843 3.6
    endloop
  endfacet
  facet normal 0.980786 0 -0.195087
    outer loop
      vertex 4.23748 -44.1877 3.8847
      vertex 4.20941 -29.5843 3.74358
      vertex 4.23748 -29.5843 3.8847
    endloop
  endfacet
  facet normal 0.980786 0 -0.195087
    outer loop
      vertex 4.20941 -29.5843 3.74358
      vertex 4.23748 -44.1877 3.8847
      vertex 4.20941 -44.1877 3.74358
    endloop
  endfacet
  facet normal 0.980786 0 -0.195087
    outer loop
      vertex 4.23748 51.2321 3.8847
      vertex 4.20941 65.8356 3.74358
      vertex 4.23748 65.8356 3.8847
    endloop
  endfacet
  facet normal 0.980786 0 -0.195087
    outer loop
      vertex 4.20941 65.8356 3.74358
      vertex 4.23748 51.2321 3.8847
      vertex 4.20941 51.2321 3.74358
    endloop
  endfacet
  facet normal 0.980786 0 -0.195087
    outer loop
      vertex 4.23748 -25.7843 3.8847
      vertex 4.20941 47.4321 3.74358
      vertex 4.23748 47.4321 3.8847
    endloop
  endfacet
  facet normal 0.980786 0 -0.195087
    outer loop
      vertex 4.20941 47.4321 3.74358
      vertex 4.23748 -25.7843 3.8847
      vertex 4.20941 -25.7843 3.74358
    endloop
  endfacet
  facet normal 0.997859 0 -0.0653981
    outer loop
      vertex 4.20941 -44.1877 3.74358
      vertex 4.2 -29.5843 3.6
      vertex 4.20941 -29.5843 3.74358
    endloop
  endfacet
  facet normal 0.997859 0 -0.0653981
    outer loop
      vertex 4.2 -29.5843 3.6
      vertex 4.20941 -44.1877 3.74358
      vertex 4.2 -44.1877 3.6
    endloop
  endfacet
  facet normal 0.997859 0 -0.0653981
    outer loop
      vertex 4.20941 51.2321 3.74358
      vertex 4.2 65.8356 3.6
      vertex 4.20941 65.8356 3.74358
    endloop
  endfacet
  facet normal 0.997859 0 -0.0653981
    outer loop
      vertex 4.2 65.8356 3.6
      vertex 4.20941 51.2321 3.74358
      vertex 4.2 51.2321 3.6
    endloop
  endfacet
  facet normal 0.997859 0 -0.0653981
    outer loop
      vertex 4.20941 -25.7843 3.74358
      vertex 4.2 47.4321 3.6
      vertex 4.20941 47.4321 3.74358
    endloop
  endfacet
  facet normal 0.997859 0 -0.0653981
    outer loop
      vertex 4.2 47.4321 3.6
      vertex 4.20941 -25.7843 3.74358
      vertex 4.2 -25.7843 3.6
    endloop
  endfacet
  facet normal -0.997859 0 -0.0653981
    outer loop
      vertex 6.4 -44.1877 3.6
      vertex 6.39059 -29.5843 3.74358
      vertex 6.4 -29.5843 3.6
    endloop
  endfacet
  facet normal -0.997859 -0 -0.0653981
    outer loop
      vertex 6.39059 -29.5843 3.74358
      vertex 6.4 -44.1877 3.6
      vertex 6.39059 -44.1877 3.74358
    endloop
  endfacet
  facet normal -0.997859 0 -0.0653981
    outer loop
      vertex 6.4 51.2321 3.6
      vertex 6.39059 65.8356 3.74358
      vertex 6.4 65.8356 3.6
    endloop
  endfacet
  facet normal -0.997859 -0 -0.0653981
    outer loop
      vertex 6.39059 65.8356 3.74358
      vertex 6.4 51.2321 3.6
      vertex 6.39059 51.2321 3.74358
    endloop
  endfacet
  facet normal -0.997859 0 -0.0653981
    outer loop
      vertex 6.4 -25.7843 3.6
      vertex 6.39059 47.4321 3.74358
      vertex 6.4 47.4321 3.6
    endloop
  endfacet
  facet normal -0.997859 -0 -0.0653981
    outer loop
      vertex 6.39059 47.4321 3.74358
      vertex 6.4 -25.7843 3.6
      vertex 6.39059 -25.7843 3.74358
    endloop
  endfacet
  facet normal -0.980786 0 -0.195087
    outer loop
      vertex 6.39059 -44.1877 3.74358
      vertex 6.36252 -29.5843 3.8847
      vertex 6.39059 -29.5843 3.74358
    endloop
  endfacet
  facet normal -0.980786 -0 -0.195087
    outer loop
      vertex 6.36252 -29.5843 3.8847
      vertex 6.39059 -44.1877 3.74358
      vertex 6.36252 -44.1877 3.8847
    endloop
  endfacet
  facet normal -0.980786 0 -0.195087
    outer loop
      vertex 6.39059 51.2321 3.74358
      vertex 6.36252 65.8356 3.8847
      vertex 6.39059 65.8356 3.74358
    endloop
  endfacet
  facet normal -0.980786 -0 -0.195087
    outer loop
      vertex 6.36252 65.8356 3.8847
      vertex 6.39059 51.2321 3.74358
      vertex 6.36252 51.2321 3.8847
    endloop
  endfacet
  facet normal -0.980786 0 -0.195087
    outer loop
      vertex 6.39059 -25.7843 3.74358
      vertex 6.36252 47.4321 3.8847
      vertex 6.39059 47.4321 3.74358
    endloop
  endfacet
  facet normal -0.980786 -0 -0.195087
    outer loop
      vertex 6.36252 47.4321 3.8847
      vertex 6.39059 -25.7843 3.74358
      vertex 6.36252 -25.7843 3.8847
    endloop
  endfacet
  facet normal 0.442286 0 -0.896874
    outer loop
      vertex 4.75 -44.1877 4.55263
      vertex 4.87905 -29.5843 4.61627
      vertex 4.87905 -44.1877 4.61627
    endloop
  endfacet
  facet normal 0.442286 0 -0.896874
    outer loop
      vertex 4.87905 -29.5843 4.61627
      vertex 4.75 -44.1877 4.55263
      vertex 4.75 -29.5843 4.55263
    endloop
  endfacet
  facet normal 0.442286 0 -0.896874
    outer loop
      vertex 4.75 51.2321 4.55263
      vertex 4.87905 65.8356 4.61627
      vertex 4.87905 51.2321 4.61627
    endloop
  endfacet
  facet normal 0.442286 0 -0.896874
    outer loop
      vertex 4.87905 65.8356 4.61627
      vertex 4.75 51.2321 4.55263
      vertex 4.75 65.8356 4.55263
    endloop
  endfacet
  facet normal 0.442286 0 -0.896874
    outer loop
      vertex 4.75 -25.7843 4.55263
      vertex 4.87905 47.4321 4.61627
      vertex 4.87905 -25.7843 4.61627
    endloop
  endfacet
  facet normal 0.442286 0 -0.896874
    outer loop
      vertex 4.87905 47.4321 4.61627
      vertex 4.75 -25.7843 4.55263
      vertex 4.75 47.4321 4.55263
    endloop
  endfacet
  facet normal -0.0653981 0 -0.997859
    outer loop
      vertex 5.3 51.2321 4.7
      vertex 5.44358 65.8356 4.69059
      vertex 5.44358 51.2321 4.69059
    endloop
  endfacet
  facet normal -0.0653981 0 -0.997859
    outer loop
      vertex 5.44358 65.8356 4.69059
      vertex 5.3 51.2321 4.7
      vertex 5.3 65.8356 4.7
    endloop
  endfacet
  facet normal -0.0653981 0 -0.997859
    outer loop
      vertex 5.3 -44.1877 4.7
      vertex 5.44358 -29.5843 4.69059
      vertex 5.44358 -44.1877 4.69059
    endloop
  endfacet
  facet normal -0.0653981 0 -0.997859
    outer loop
      vertex 5.44358 -29.5843 4.69059
      vertex 5.3 -44.1877 4.7
      vertex 5.3 -29.5843 4.7
    endloop
  endfacet
  facet normal -0.0653981 0 -0.997859
    outer loop
      vertex 5.3 -25.7843 4.7
      vertex 5.44358 47.4321 4.69059
      vertex 5.44358 -25.7843 4.69059
    endloop
  endfacet
  facet normal -0.0653981 0 -0.997859
    outer loop
      vertex 5.44358 47.4321 4.69059
      vertex 5.3 -25.7843 4.7
      vertex 5.3 47.4321 4.7
    endloop
  endfacet
  facet normal -0.195087 0 0.980786
    outer loop
      vertex 5.44358 65.8356 2.50941
      vertex 5.5847 51.2321 2.53748
      vertex 5.5847 65.8356 2.53748
    endloop
  endfacet
  facet normal -0.195087 0 0.980786
    outer loop
      vertex 5.5847 51.2321 2.53748
      vertex 5.44358 65.8356 2.50941
      vertex 5.44358 51.2321 2.50941
    endloop
  endfacet
  facet normal -0.195087 0 0.980786
    outer loop
      vertex 5.44358 -29.5843 2.50941
      vertex 5.5847 -44.1877 2.53748
      vertex 5.5847 -29.5843 2.53748
    endloop
  endfacet
  facet normal -0.195087 0 0.980786
    outer loop
      vertex 5.5847 -44.1877 2.53748
      vertex 5.44358 -29.5843 2.50941
      vertex 5.44358 -44.1877 2.50941
    endloop
  endfacet
  facet normal -0.195087 0 0.980786
    outer loop
      vertex 5.44358 47.4321 2.50941
      vertex 5.5847 -25.7843 2.53748
      vertex 5.5847 47.4321 2.53748
    endloop
  endfacet
  facet normal -0.195087 0 0.980786
    outer loop
      vertex 5.5847 -25.7843 2.53748
      vertex 5.44358 47.4321 2.50941
      vertex 5.44358 -25.7843 2.50941
    endloop
  endfacet
  facet normal 0.831472 0 -0.555566
    outer loop
      vertex 4.42731 -44.1877 4.26964
      vertex 4.34737 -29.5843 4.15
      vertex 4.42731 -29.5843 4.26964
    endloop
  endfacet
  facet normal 0.831472 0 -0.555566
    outer loop
      vertex 4.34737 -29.5843 4.15
      vertex 4.42731 -44.1877 4.26964
      vertex 4.34737 -44.1877 4.15
    endloop
  endfacet
  facet normal 0.831472 0 -0.555566
    outer loop
      vertex 4.42731 51.2321 4.26964
      vertex 4.34737 65.8356 4.15
      vertex 4.42731 65.8356 4.26964
    endloop
  endfacet
  facet normal 0.831472 0 -0.555566
    outer loop
      vertex 4.34737 65.8356 4.15
      vertex 4.42731 51.2321 4.26964
      vertex 4.34737 51.2321 4.15
    endloop
  endfacet
  facet normal 0.831472 0 -0.555566
    outer loop
      vertex 4.42731 -25.7843 4.26964
      vertex 4.34737 47.4321 4.15
      vertex 4.42731 47.4321 4.26964
    endloop
  endfacet
  facet normal 0.831472 0 -0.555566
    outer loop
      vertex 4.34737 47.4321 4.15
      vertex 4.42731 -25.7843 4.26964
      vertex 4.34737 -25.7843 4.15
    endloop
  endfacet
  facet normal 0.321435 0 0.946931
    outer loop
      vertex 4.87905 -29.5843 2.58373
      vertex 5.0153 -44.1877 2.53748
      vertex 5.0153 -29.5843 2.53748
    endloop
  endfacet
  facet normal 0.321435 0 0.946931
    outer loop
      vertex 5.0153 -44.1877 2.53748
      vertex 4.87905 -29.5843 2.58373
      vertex 4.87905 -44.1877 2.58373
    endloop
  endfacet
  facet normal 0.321435 0 0.946931
    outer loop
      vertex 4.87905 65.8356 2.58373
      vertex 5.0153 51.2321 2.53748
      vertex 5.0153 65.8356 2.53748
    endloop
  endfacet
  facet normal 0.321435 0 0.946931
    outer loop
      vertex 5.0153 51.2321 2.53748
      vertex 4.87905 65.8356 2.58373
      vertex 4.87905 51.2321 2.58373
    endloop
  endfacet
  facet normal 0.321435 0 0.946931
    outer loop
      vertex 4.87905 47.4321 2.58373
      vertex 5.0153 -25.7843 2.53748
      vertex 5.0153 47.4321 2.53748
    endloop
  endfacet
  facet normal 0.321435 0 0.946931
    outer loop
      vertex 5.0153 -25.7843 2.53748
      vertex 4.87905 47.4321 2.58373
      vertex 4.87905 -25.7843 2.58373
    endloop
  endfacet
  facet normal 0.659341 0 0.751844
    outer loop
      vertex 4.52218 -29.5843 2.82218
      vertex 4.63036 -44.1877 2.72731
      vertex 4.63036 -29.5843 2.72731
    endloop
  endfacet
  facet normal 0.659341 0 0.751844
    outer loop
      vertex 4.63036 -44.1877 2.72731
      vertex 4.52218 -29.5843 2.82218
      vertex 4.52218 -44.1877 2.82218
    endloop
  endfacet
  facet normal 0.659341 0 0.751844
    outer loop
      vertex 4.52218 65.8356 2.82218
      vertex 4.63036 51.2321 2.72731
      vertex 4.63036 65.8356 2.72731
    endloop
  endfacet
  facet normal 0.659341 0 0.751844
    outer loop
      vertex 4.63036 51.2321 2.72731
      vertex 4.52218 65.8356 2.82218
      vertex 4.52218 51.2321 2.82218
    endloop
  endfacet
  facet normal 0.659341 0 0.751844
    outer loop
      vertex 4.52218 47.4321 2.82218
      vertex 4.63036 -25.7843 2.72731
      vertex 4.63036 47.4321 2.72731
    endloop
  endfacet
  facet normal 0.659341 0 0.751844
    outer loop
      vertex 4.63036 -25.7843 2.72731
      vertex 4.52218 47.4321 2.82218
      vertex 4.52218 -25.7843 2.82218
    endloop
  endfacet
  facet normal 0.831472 -0 0.555566
    outer loop
      vertex 4.34737 -44.1877 3.05
      vertex 4.42731 -29.5843 2.93036
      vertex 4.34737 -29.5843 3.05
    endloop
  endfacet
  facet normal 0.831472 0 0.555566
    outer loop
      vertex 4.42731 -29.5843 2.93036
      vertex 4.34737 -44.1877 3.05
      vertex 4.42731 -44.1877 2.93036
    endloop
  endfacet
  facet normal 0.831472 -0 0.555566
    outer loop
      vertex 4.34737 51.2321 3.05
      vertex 4.42731 65.8356 2.93036
      vertex 4.34737 65.8356 3.05
    endloop
  endfacet
  facet normal 0.831472 0 0.555566
    outer loop
      vertex 4.42731 65.8356 2.93036
      vertex 4.34737 51.2321 3.05
      vertex 4.42731 51.2321 2.93036
    endloop
  endfacet
  facet normal 0.831472 -0 0.555566
    outer loop
      vertex 4.34737 -25.7843 3.05
      vertex 4.42731 47.4321 2.93036
      vertex 4.34737 47.4321 3.05
    endloop
  endfacet
  facet normal 0.831472 0 0.555566
    outer loop
      vertex 4.42731 47.4321 2.93036
      vertex 4.34737 -25.7843 3.05
      vertex 4.42731 -25.7843 2.93036
    endloop
  endfacet
  facet normal 0.946931 -0 0.321435
    outer loop
      vertex 4.23748 -44.1877 3.3153
      vertex 4.28373 -29.5843 3.17905
      vertex 4.23748 -29.5843 3.3153
    endloop
  endfacet
  facet normal 0.946931 0 0.321435
    outer loop
      vertex 4.28373 -29.5843 3.17905
      vertex 4.23748 -44.1877 3.3153
      vertex 4.28373 -44.1877 3.17905
    endloop
  endfacet
  facet normal 0.946931 -0 0.321435
    outer loop
      vertex 4.23748 51.2321 3.3153
      vertex 4.28373 65.8356 3.17905
      vertex 4.23748 65.8356 3.3153
    endloop
  endfacet
  facet normal 0.946931 0 0.321435
    outer loop
      vertex 4.28373 65.8356 3.17905
      vertex 4.23748 51.2321 3.3153
      vertex 4.28373 51.2321 3.17905
    endloop
  endfacet
  facet normal 0.946931 -0 0.321435
    outer loop
      vertex 4.23748 -25.7843 3.3153
      vertex 4.28373 47.4321 3.17905
      vertex 4.23748 47.4321 3.3153
    endloop
  endfacet
  facet normal 0.946931 0 0.321435
    outer loop
      vertex 4.28373 47.4321 3.17905
      vertex 4.23748 -25.7843 3.3153
      vertex 4.28373 -25.7843 3.17905
    endloop
  endfacet
  facet normal 0.751844 0 -0.659341
    outer loop
      vertex 4.52218 -44.1877 4.37782
      vertex 4.42731 -29.5843 4.26964
      vertex 4.52218 -29.5843 4.37782
    endloop
  endfacet
  facet normal 0.751844 0 -0.659341
    outer loop
      vertex 4.42731 -29.5843 4.26964
      vertex 4.52218 -44.1877 4.37782
      vertex 4.42731 -44.1877 4.26964
    endloop
  endfacet
  facet normal 0.751844 0 -0.659341
    outer loop
      vertex 4.52218 51.2321 4.37782
      vertex 4.42731 65.8356 4.26964
      vertex 4.52218 65.8356 4.37782
    endloop
  endfacet
  facet normal 0.751844 0 -0.659341
    outer loop
      vertex 4.42731 65.8356 4.26964
      vertex 4.52218 51.2321 4.37782
      vertex 4.42731 51.2321 4.26964
    endloop
  endfacet
  facet normal 0.751844 0 -0.659341
    outer loop
      vertex 4.52218 -25.7843 4.37782
      vertex 4.42731 47.4321 4.26964
      vertex 4.52218 47.4321 4.37782
    endloop
  endfacet
  facet normal 0.751844 0 -0.659341
    outer loop
      vertex 4.42731 47.4321 4.26964
      vertex 4.52218 -25.7843 4.37782
      vertex 4.42731 -25.7843 4.26964
    endloop
  endfacet
  facet normal -0.751844 0 -0.659341
    outer loop
      vertex 6.17269 -44.1877 4.26964
      vertex 6.07782 -29.5843 4.37782
      vertex 6.17269 -29.5843 4.26964
    endloop
  endfacet
  facet normal -0.751844 -0 -0.659341
    outer loop
      vertex 6.07782 -29.5843 4.37782
      vertex 6.17269 -44.1877 4.26964
      vertex 6.07782 -44.1877 4.37782
    endloop
  endfacet
  facet normal -0.751844 0 -0.659341
    outer loop
      vertex 6.17269 51.2321 4.26964
      vertex 6.07782 65.8356 4.37782
      vertex 6.17269 65.8356 4.26964
    endloop
  endfacet
  facet normal -0.751844 -0 -0.659341
    outer loop
      vertex 6.07782 65.8356 4.37782
      vertex 6.17269 51.2321 4.26964
      vertex 6.07782 51.2321 4.37782
    endloop
  endfacet
  facet normal -0.751844 0 -0.659341
    outer loop
      vertex 6.17269 -25.7843 4.26964
      vertex 6.07782 47.4321 4.37782
      vertex 6.17269 47.4321 4.26964
    endloop
  endfacet
  facet normal -0.751844 -0 -0.659341
    outer loop
      vertex 6.07782 47.4321 4.37782
      vertex 6.17269 -25.7843 4.26964
      vertex 6.07782 -25.7843 4.37782
    endloop
  endfacet
  facet normal -0.195087 0 -0.980786
    outer loop
      vertex 5.44358 51.2321 4.69059
      vertex 5.5847 65.8356 4.66252
      vertex 5.5847 51.2321 4.66252
    endloop
  endfacet
  facet normal -0.195087 0 -0.980786
    outer loop
      vertex 5.5847 65.8356 4.66252
      vertex 5.44358 51.2321 4.69059
      vertex 5.44358 65.8356 4.69059
    endloop
  endfacet
  facet normal -0.195087 0 -0.980786
    outer loop
      vertex 5.44358 -44.1877 4.69059
      vertex 5.5847 -29.5843 4.66252
      vertex 5.5847 -44.1877 4.66252
    endloop
  endfacet
  facet normal -0.195087 0 -0.980786
    outer loop
      vertex 5.5847 -29.5843 4.66252
      vertex 5.44358 -44.1877 4.69059
      vertex 5.44358 -29.5843 4.69059
    endloop
  endfacet
  facet normal -0.195087 0 -0.980786
    outer loop
      vertex 5.44358 -25.7843 4.69059
      vertex 5.5847 47.4321 4.66252
      vertex 5.5847 -25.7843 4.66252
    endloop
  endfacet
  facet normal -0.195087 0 -0.980786
    outer loop
      vertex 5.5847 47.4321 4.66252
      vertex 5.44358 -25.7843 4.69059
      vertex 5.44358 47.4321 4.69059
    endloop
  endfacet
  facet normal -0.946931 0 0.321435
    outer loop
      vertex 6.31627 -44.1877 3.17905
      vertex 6.36252 -29.5843 3.3153
      vertex 6.31627 -29.5843 3.17905
    endloop
  endfacet
  facet normal -0.946931 0 0.321435
    outer loop
      vertex 6.36252 -29.5843 3.3153
      vertex 6.31627 -44.1877 3.17905
      vertex 6.36252 -44.1877 3.3153
    endloop
  endfacet
  facet normal -0.946931 0 0.321435
    outer loop
      vertex 6.31627 51.2321 3.17905
      vertex 6.36252 65.8356 3.3153
      vertex 6.31627 65.8356 3.17905
    endloop
  endfacet
  facet normal -0.946931 0 0.321435
    outer loop
      vertex 6.36252 65.8356 3.3153
      vertex 6.31627 51.2321 3.17905
      vertex 6.36252 51.2321 3.3153
    endloop
  endfacet
  facet normal -0.946931 0 0.321435
    outer loop
      vertex 6.31627 -25.7843 3.17905
      vertex 6.36252 47.4321 3.3153
      vertex 6.31627 47.4321 3.17905
    endloop
  endfacet
  facet normal -0.946931 0 0.321435
    outer loop
      vertex 6.36252 47.4321 3.3153
      vertex 6.31627 -25.7843 3.17905
      vertex 6.36252 -25.7843 3.3153
    endloop
  endfacet
  facet normal 0.751844 -0 0.659341
    outer loop
      vertex 4.42731 -44.1877 2.93036
      vertex 4.52218 -29.5843 2.82218
      vertex 4.42731 -29.5843 2.93036
    endloop
  endfacet
  facet normal 0.751844 0 0.659341
    outer loop
      vertex 4.52218 -29.5843 2.82218
      vertex 4.42731 -44.1877 2.93036
      vertex 4.52218 -44.1877 2.82218
    endloop
  endfacet
  facet normal 0.751844 -0 0.659341
    outer loop
      vertex 4.42731 51.2321 2.93036
      vertex 4.52218 65.8356 2.82218
      vertex 4.42731 65.8356 2.93036
    endloop
  endfacet
  facet normal 0.751844 0 0.659341
    outer loop
      vertex 4.52218 65.8356 2.82218
      vertex 4.42731 51.2321 2.93036
      vertex 4.52218 51.2321 2.82218
    endloop
  endfacet
  facet normal 0.751844 -0 0.659341
    outer loop
      vertex 4.42731 -25.7843 2.93036
      vertex 4.52218 47.4321 2.82218
      vertex 4.42731 47.4321 2.93036
    endloop
  endfacet
  facet normal 0.751844 0 0.659341
    outer loop
      vertex 4.52218 47.4321 2.82218
      vertex 4.42731 -25.7843 2.93036
      vertex 4.52218 -25.7843 2.82218
    endloop
  endfacet
  facet normal -0.659341 0 -0.751844
    outer loop
      vertex 5.96964 -44.1877 4.47269
      vertex 6.07782 -29.5843 4.37782
      vertex 6.07782 -44.1877 4.37782
    endloop
  endfacet
  facet normal -0.659341 0 -0.751844
    outer loop
      vertex 6.07782 -29.5843 4.37782
      vertex 5.96964 -44.1877 4.47269
      vertex 5.96964 -29.5843 4.47269
    endloop
  endfacet
  facet normal -0.659341 0 -0.751844
    outer loop
      vertex 5.96964 51.2321 4.47269
      vertex 6.07782 65.8356 4.37782
      vertex 6.07782 51.2321 4.37782
    endloop
  endfacet
  facet normal -0.659341 0 -0.751844
    outer loop
      vertex 6.07782 65.8356 4.37782
      vertex 5.96964 51.2321 4.47269
      vertex 5.96964 65.8356 4.47269
    endloop
  endfacet
  facet normal -0.659341 0 -0.751844
    outer loop
      vertex 5.96964 -25.7843 4.47269
      vertex 6.07782 47.4321 4.37782
      vertex 6.07782 -25.7843 4.37782
    endloop
  endfacet
  facet normal -0.659341 0 -0.751844
    outer loop
      vertex 6.07782 47.4321 4.37782
      vertex 5.96964 -25.7843 4.47269
      vertex 5.96964 47.4321 4.47269
    endloop
  endfacet
  facet normal 0.659341 0 -0.751844
    outer loop
      vertex 4.52218 -44.1877 4.37782
      vertex 4.63036 -29.5843 4.47269
      vertex 4.63036 -44.1877 4.47269
    endloop
  endfacet
  facet normal 0.659341 0 -0.751844
    outer loop
      vertex 4.63036 -29.5843 4.47269
      vertex 4.52218 -44.1877 4.37782
      vertex 4.52218 -29.5843 4.37782
    endloop
  endfacet
  facet normal 0.659341 0 -0.751844
    outer loop
      vertex 4.52218 51.2321 4.37782
      vertex 4.63036 65.8356 4.47269
      vertex 4.63036 51.2321 4.47269
    endloop
  endfacet
  facet normal 0.659341 0 -0.751844
    outer loop
      vertex 4.63036 65.8356 4.47269
      vertex 4.52218 51.2321 4.37782
      vertex 4.52218 65.8356 4.37782
    endloop
  endfacet
  facet normal 0.659341 0 -0.751844
    outer loop
      vertex 4.52218 -25.7843 4.37782
      vertex 4.63036 47.4321 4.47269
      vertex 4.63036 -25.7843 4.47269
    endloop
  endfacet
  facet normal 0.659341 0 -0.751844
    outer loop
      vertex 4.63036 47.4321 4.47269
      vertex 4.52218 -25.7843 4.37782
      vertex 4.52218 47.4321 4.37782
    endloop
  endfacet
  facet normal -0.0653981 0 0.997859
    outer loop
      vertex 5.3 65.8356 2.5
      vertex 5.44358 51.2321 2.50941
      vertex 5.44358 65.8356 2.50941
    endloop
  endfacet
  facet normal -0.0653981 0 0.997859
    outer loop
      vertex 5.44358 51.2321 2.50941
      vertex 5.3 65.8356 2.5
      vertex 5.3 51.2321 2.5
    endloop
  endfacet
  facet normal -0.0653981 0 0.997859
    outer loop
      vertex 5.3 -29.5843 2.5
      vertex 5.44358 -44.1877 2.50941
      vertex 5.44358 -29.5843 2.50941
    endloop
  endfacet
  facet normal -0.0653981 0 0.997859
    outer loop
      vertex 5.44358 -44.1877 2.50941
      vertex 5.3 -29.5843 2.5
      vertex 5.3 -44.1877 2.5
    endloop
  endfacet
  facet normal -0.0653981 0 0.997859
    outer loop
      vertex 5.3 47.4321 2.5
      vertex 5.44358 -25.7843 2.50941
      vertex 5.44358 47.4321 2.50941
    endloop
  endfacet
  facet normal -0.0653981 0 0.997859
    outer loop
      vertex 5.44358 -25.7843 2.50941
      vertex 5.3 47.4321 2.5
      vertex 5.3 -25.7843 2.5
    endloop
  endfacet
  facet normal -0.555566 0 -0.831472
    outer loop
      vertex 5.85 -44.1877 4.55263
      vertex 5.96964 -29.5843 4.47269
      vertex 5.96964 -44.1877 4.47269
    endloop
  endfacet
  facet normal -0.555566 0 -0.831472
    outer loop
      vertex 5.96964 -29.5843 4.47269
      vertex 5.85 -44.1877 4.55263
      vertex 5.85 -29.5843 4.55263
    endloop
  endfacet
  facet normal -0.555566 0 -0.831472
    outer loop
      vertex 5.85 51.2321 4.55263
      vertex 5.96964 65.8356 4.47269
      vertex 5.96964 51.2321 4.47269
    endloop
  endfacet
  facet normal -0.555566 0 -0.831472
    outer loop
      vertex 5.96964 65.8356 4.47269
      vertex 5.85 51.2321 4.55263
      vertex 5.85 65.8356 4.55263
    endloop
  endfacet
  facet normal -0.555566 0 -0.831472
    outer loop
      vertex 5.85 -25.7843 4.55263
      vertex 5.96964 47.4321 4.47269
      vertex 5.96964 -25.7843 4.47269
    endloop
  endfacet
  facet normal -0.555566 0 -0.831472
    outer loop
      vertex 5.96964 47.4321 4.47269
      vertex 5.85 -25.7843 4.55263
      vertex 5.85 47.4321 4.55263
    endloop
  endfacet
  facet normal 0.555566 0 0.831472
    outer loop
      vertex 4.63036 -29.5843 2.72731
      vertex 4.75 -44.1877 2.64737
      vertex 4.75 -29.5843 2.64737
    endloop
  endfacet
  facet normal 0.555566 0 0.831472
    outer loop
      vertex 4.75 -44.1877 2.64737
      vertex 4.63036 -29.5843 2.72731
      vertex 4.63036 -44.1877 2.72731
    endloop
  endfacet
  facet normal 0.555566 0 0.831472
    outer loop
      vertex 4.63036 65.8356 2.72731
      vertex 4.75 51.2321 2.64737
      vertex 4.75 65.8356 2.64737
    endloop
  endfacet
  facet normal 0.555566 0 0.831472
    outer loop
      vertex 4.75 51.2321 2.64737
      vertex 4.63036 65.8356 2.72731
      vertex 4.63036 51.2321 2.72731
    endloop
  endfacet
  facet normal 0.555566 0 0.831472
    outer loop
      vertex 4.63036 47.4321 2.72731
      vertex 4.75 -25.7843 2.64737
      vertex 4.75 47.4321 2.64737
    endloop
  endfacet
  facet normal 0.555566 0 0.831472
    outer loop
      vertex 4.75 -25.7843 2.64737
      vertex 4.63036 47.4321 2.72731
      vertex 4.63036 -25.7843 2.72731
    endloop
  endfacet
  facet normal 0.946931 0 -0.321435
    outer loop
      vertex 4.28373 -44.1877 4.02095
      vertex 4.23748 -29.5843 3.8847
      vertex 4.28373 -29.5843 4.02095
    endloop
  endfacet
  facet normal 0.946931 0 -0.321435
    outer loop
      vertex 4.23748 -29.5843 3.8847
      vertex 4.28373 -44.1877 4.02095
      vertex 4.23748 -44.1877 3.8847
    endloop
  endfacet
  facet normal 0.946931 0 -0.321435
    outer loop
      vertex 4.28373 51.2321 4.02095
      vertex 4.23748 65.8356 3.8847
      vertex 4.28373 65.8356 4.02095
    endloop
  endfacet
  facet normal 0.946931 0 -0.321435
    outer loop
      vertex 4.23748 65.8356 3.8847
      vertex 4.28373 51.2321 4.02095
      vertex 4.23748 51.2321 3.8847
    endloop
  endfacet
  facet normal 0.946931 0 -0.321435
    outer loop
      vertex 4.28373 -25.7843 4.02095
      vertex 4.23748 47.4321 3.8847
      vertex 4.28373 47.4321 4.02095
    endloop
  endfacet
  facet normal 0.946931 0 -0.321435
    outer loop
      vertex 4.23748 47.4321 3.8847
      vertex 4.28373 -25.7843 4.02095
      vertex 4.23748 -25.7843 3.8847
    endloop
  endfacet
  facet normal 0.195087 0 0.980786
    outer loop
      vertex 5.0153 65.8356 2.53748
      vertex 5.15642 51.2321 2.50941
      vertex 5.15642 65.8356 2.50941
    endloop
  endfacet
  facet normal 0.195087 0 0.980786
    outer loop
      vertex 5.15642 51.2321 2.50941
      vertex 5.0153 65.8356 2.53748
      vertex 5.0153 51.2321 2.53748
    endloop
  endfacet
  facet normal 0.195087 0 0.980786
    outer loop
      vertex 5.0153 -29.5843 2.53748
      vertex 5.15642 -44.1877 2.50941
      vertex 5.15642 -29.5843 2.50941
    endloop
  endfacet
  facet normal 0.195087 0 0.980786
    outer loop
      vertex 5.15642 -44.1877 2.50941
      vertex 5.0153 -29.5843 2.53748
      vertex 5.0153 -44.1877 2.53748
    endloop
  endfacet
  facet normal 0.195087 0 0.980786
    outer loop
      vertex 5.0153 47.4321 2.53748
      vertex 5.15642 -25.7843 2.50941
      vertex 5.15642 47.4321 2.50941
    endloop
  endfacet
  facet normal 0.195087 0 0.980786
    outer loop
      vertex 5.15642 -25.7843 2.50941
      vertex 5.0153 47.4321 2.53748
      vertex 5.0153 -25.7843 2.53748
    endloop
  endfacet
  facet normal -0.555566 0 0.831472
    outer loop
      vertex 5.85 -29.5843 2.64737
      vertex 5.96964 -44.1877 2.72731
      vertex 5.96964 -29.5843 2.72731
    endloop
  endfacet
  facet normal -0.555566 0 0.831472
    outer loop
      vertex 5.96964 -44.1877 2.72731
      vertex 5.85 -29.5843 2.64737
      vertex 5.85 -44.1877 2.64737
    endloop
  endfacet
  facet normal -0.555566 0 0.831472
    outer loop
      vertex 5.85 65.8356 2.64737
      vertex 5.96964 51.2321 2.72731
      vertex 5.96964 65.8356 2.72731
    endloop
  endfacet
  facet normal -0.555566 0 0.831472
    outer loop
      vertex 5.96964 51.2321 2.72731
      vertex 5.85 65.8356 2.64737
      vertex 5.85 51.2321 2.64737
    endloop
  endfacet
  facet normal -0.555566 0 0.831472
    outer loop
      vertex 5.85 47.4321 2.64737
      vertex 5.96964 -25.7843 2.72731
      vertex 5.96964 47.4321 2.72731
    endloop
  endfacet
  facet normal -0.555566 0 0.831472
    outer loop
      vertex 5.96964 -25.7843 2.72731
      vertex 5.85 47.4321 2.64737
      vertex 5.85 -25.7843 2.64737
    endloop
  endfacet
  facet normal 0.896874 0 -0.442286
    outer loop
      vertex 4.34737 -44.1877 4.15
      vertex 4.28373 -29.5843 4.02095
      vertex 4.34737 -29.5843 4.15
    endloop
  endfacet
  facet normal 0.896874 0 -0.442286
    outer loop
      vertex 4.28373 -29.5843 4.02095
      vertex 4.34737 -44.1877 4.15
      vertex 4.28373 -44.1877 4.02095
    endloop
  endfacet
  facet normal 0.896874 0 -0.442286
    outer loop
      vertex 4.34737 51.2321 4.15
      vertex 4.28373 65.8356 4.02095
      vertex 4.34737 65.8356 4.15
    endloop
  endfacet
  facet normal 0.896874 0 -0.442286
    outer loop
      vertex 4.28373 65.8356 4.02095
      vertex 4.34737 51.2321 4.15
      vertex 4.28373 51.2321 4.02095
    endloop
  endfacet
  facet normal 0.896874 0 -0.442286
    outer loop
      vertex 4.34737 -25.7843 4.15
      vertex 4.28373 47.4321 4.02095
      vertex 4.34737 47.4321 4.15
    endloop
  endfacet
  facet normal 0.896874 0 -0.442286
    outer loop
      vertex 4.28373 47.4321 4.02095
      vertex 4.34737 -25.7843 4.15
      vertex 4.28373 -25.7843 4.02095
    endloop
  endfacet
  facet normal -0.980786 0 0.195087
    outer loop
      vertex 6.36252 -44.1877 3.3153
      vertex 6.39059 -29.5843 3.45642
      vertex 6.36252 -29.5843 3.3153
    endloop
  endfacet
  facet normal -0.980786 0 0.195087
    outer loop
      vertex 6.39059 -29.5843 3.45642
      vertex 6.36252 -44.1877 3.3153
      vertex 6.39059 -44.1877 3.45642
    endloop
  endfacet
  facet normal -0.980786 0 0.195087
    outer loop
      vertex 6.36252 51.2321 3.3153
      vertex 6.39059 65.8356 3.45642
      vertex 6.36252 65.8356 3.3153
    endloop
  endfacet
  facet normal -0.980786 0 0.195087
    outer loop
      vertex 6.39059 65.8356 3.45642
      vertex 6.36252 51.2321 3.3153
      vertex 6.39059 51.2321 3.45642
    endloop
  endfacet
  facet normal -0.980786 0 0.195087
    outer loop
      vertex 6.36252 -25.7843 3.3153
      vertex 6.39059 47.4321 3.45642
      vertex 6.36252 47.4321 3.3153
    endloop
  endfacet
  facet normal -0.980786 0 0.195087
    outer loop
      vertex 6.39059 47.4321 3.45642
      vertex 6.36252 -25.7843 3.3153
      vertex 6.39059 -25.7843 3.45642
    endloop
  endfacet
  facet normal -0.442286 0 -0.896874
    outer loop
      vertex 5.72095 -44.1877 4.61627
      vertex 5.85 -29.5843 4.55263
      vertex 5.85 -44.1877 4.55263
    endloop
  endfacet
  facet normal -0.442286 0 -0.896874
    outer loop
      vertex 5.85 -29.5843 4.55263
      vertex 5.72095 -44.1877 4.61627
      vertex 5.72095 -29.5843 4.61627
    endloop
  endfacet
  facet normal -0.442286 0 -0.896874
    outer loop
      vertex 5.72095 51.2321 4.61627
      vertex 5.85 65.8356 4.55263
      vertex 5.85 51.2321 4.55263
    endloop
  endfacet
  facet normal -0.442286 0 -0.896874
    outer loop
      vertex 5.85 65.8356 4.55263
      vertex 5.72095 51.2321 4.61627
      vertex 5.72095 65.8356 4.61627
    endloop
  endfacet
  facet normal -0.442286 0 -0.896874
    outer loop
      vertex 5.72095 -25.7843 4.61627
      vertex 5.85 47.4321 4.55263
      vertex 5.85 -25.7843 4.55263
    endloop
  endfacet
  facet normal -0.442286 0 -0.896874
    outer loop
      vertex 5.85 47.4321 4.55263
      vertex 5.72095 -25.7843 4.61627
      vertex 5.72095 47.4321 4.61627
    endloop
  endfacet
  facet normal -0.896874 0 0.442286
    outer loop
      vertex 6.25263 -44.1877 3.05
      vertex 6.31627 -29.5843 3.17905
      vertex 6.25263 -29.5843 3.05
    endloop
  endfacet
  facet normal -0.896874 0 0.442286
    outer loop
      vertex 6.31627 -29.5843 3.17905
      vertex 6.25263 -44.1877 3.05
      vertex 6.31627 -44.1877 3.17905
    endloop
  endfacet
  facet normal -0.896874 0 0.442286
    outer loop
      vertex 6.25263 51.2321 3.05
      vertex 6.31627 65.8356 3.17905
      vertex 6.25263 65.8356 3.05
    endloop
  endfacet
  facet normal -0.896874 0 0.442286
    outer loop
      vertex 6.31627 65.8356 3.17905
      vertex 6.25263 51.2321 3.05
      vertex 6.31627 51.2321 3.17905
    endloop
  endfacet
  facet normal -0.896874 0 0.442286
    outer loop
      vertex 6.25263 -25.7843 3.05
      vertex 6.31627 47.4321 3.17905
      vertex 6.25263 47.4321 3.05
    endloop
  endfacet
  facet normal -0.896874 0 0.442286
    outer loop
      vertex 6.31627 47.4321 3.17905
      vertex 6.25263 -25.7843 3.05
      vertex 6.31627 -25.7843 3.17905
    endloop
  endfacet
  facet normal 0.980786 -0 0.195087
    outer loop
      vertex 4.20941 -44.1877 3.45642
      vertex 4.23748 -29.5843 3.3153
      vertex 4.20941 -29.5843 3.45642
    endloop
  endfacet
  facet normal 0.980786 0 0.195087
    outer loop
      vertex 4.23748 -29.5843 3.3153
      vertex 4.20941 -44.1877 3.45642
      vertex 4.23748 -44.1877 3.3153
    endloop
  endfacet
  facet normal 0.980786 -0 0.195087
    outer loop
      vertex 4.20941 51.2321 3.45642
      vertex 4.23748 65.8356 3.3153
      vertex 4.20941 65.8356 3.45642
    endloop
  endfacet
  facet normal 0.980786 0 0.195087
    outer loop
      vertex 4.23748 65.8356 3.3153
      vertex 4.20941 51.2321 3.45642
      vertex 4.23748 51.2321 3.3153
    endloop
  endfacet
  facet normal 0.980786 -0 0.195087
    outer loop
      vertex 4.20941 -25.7843 3.45642
      vertex 4.23748 47.4321 3.3153
      vertex 4.20941 47.4321 3.45642
    endloop
  endfacet
  facet normal 0.980786 0 0.195087
    outer loop
      vertex 4.23748 47.4321 3.3153
      vertex 4.20941 -25.7843 3.45642
      vertex 4.23748 -25.7843 3.3153
    endloop
  endfacet
  facet normal 0.0653981 0 -0.997859
    outer loop
      vertex 5.15642 51.2321 4.69059
      vertex 5.3 65.8356 4.7
      vertex 5.3 51.2321 4.7
    endloop
  endfacet
  facet normal 0.0653981 0 -0.997859
    outer loop
      vertex 5.3 65.8356 4.7
      vertex 5.15642 51.2321 4.69059
      vertex 5.15642 65.8356 4.69059
    endloop
  endfacet
  facet normal 0.0653981 0 -0.997859
    outer loop
      vertex 5.15642 -44.1877 4.69059
      vertex 5.3 -29.5843 4.7
      vertex 5.3 -44.1877 4.7
    endloop
  endfacet
  facet normal 0.0653981 0 -0.997859
    outer loop
      vertex 5.3 -29.5843 4.7
      vertex 5.15642 -44.1877 4.69059
      vertex 5.15642 -29.5843 4.69059
    endloop
  endfacet
  facet normal 0.0653981 0 -0.997859
    outer loop
      vertex 5.15642 -25.7843 4.69059
      vertex 5.3 47.4321 4.7
      vertex 5.3 -25.7843 4.7
    endloop
  endfacet
  facet normal 0.0653981 0 -0.997859
    outer loop
      vertex 5.3 47.4321 4.7
      vertex 5.15642 -25.7843 4.69059
      vertex 5.15642 47.4321 4.69059
    endloop
  endfacet
  facet normal -0.659341 0 0.751844
    outer loop
      vertex 5.96964 -29.5843 2.72731
      vertex 6.07782 -44.1877 2.82218
      vertex 6.07782 -29.5843 2.82218
    endloop
  endfacet
  facet normal -0.659341 0 0.751844
    outer loop
      vertex 6.07782 -44.1877 2.82218
      vertex 5.96964 -29.5843 2.72731
      vertex 5.96964 -44.1877 2.72731
    endloop
  endfacet
  facet normal -0.659341 0 0.751844
    outer loop
      vertex 5.96964 65.8356 2.72731
      vertex 6.07782 51.2321 2.82218
      vertex 6.07782 65.8356 2.82218
    endloop
  endfacet
  facet normal -0.659341 0 0.751844
    outer loop
      vertex 6.07782 51.2321 2.82218
      vertex 5.96964 65.8356 2.72731
      vertex 5.96964 51.2321 2.72731
    endloop
  endfacet
  facet normal -0.659341 0 0.751844
    outer loop
      vertex 5.96964 47.4321 2.72731
      vertex 6.07782 -25.7843 2.82218
      vertex 6.07782 47.4321 2.82218
    endloop
  endfacet
  facet normal -0.659341 0 0.751844
    outer loop
      vertex 6.07782 -25.7843 2.82218
      vertex 5.96964 47.4321 2.72731
      vertex 5.96964 -25.7843 2.72731
    endloop
  endfacet
  facet normal -0.831472 0 0.555566
    outer loop
      vertex 6.17269 -44.1877 2.93036
      vertex 6.25263 -29.5843 3.05
      vertex 6.17269 -29.5843 2.93036
    endloop
  endfacet
  facet normal -0.831472 0 0.555566
    outer loop
      vertex 6.25263 -29.5843 3.05
      vertex 6.17269 -44.1877 2.93036
      vertex 6.25263 -44.1877 3.05
    endloop
  endfacet
  facet normal -0.831472 0 0.555566
    outer loop
      vertex 6.17269 51.2321 2.93036
      vertex 6.25263 65.8356 3.05
      vertex 6.17269 65.8356 2.93036
    endloop
  endfacet
  facet normal -0.831472 0 0.555566
    outer loop
      vertex 6.25263 65.8356 3.05
      vertex 6.17269 51.2321 2.93036
      vertex 6.25263 51.2321 3.05
    endloop
  endfacet
  facet normal -0.831472 0 0.555566
    outer loop
      vertex 6.17269 -25.7843 2.93036
      vertex 6.25263 47.4321 3.05
      vertex 6.17269 47.4321 2.93036
    endloop
  endfacet
  facet normal -0.831472 0 0.555566
    outer loop
      vertex 6.25263 47.4321 3.05
      vertex 6.17269 -25.7843 2.93036
      vertex 6.25263 -25.7843 3.05
    endloop
  endfacet
  facet normal 0.896874 -0 0.442286
    outer loop
      vertex 4.28373 -44.1877 3.17905
      vertex 4.34737 -29.5843 3.05
      vertex 4.28373 -29.5843 3.17905
    endloop
  endfacet
  facet normal 0.896874 0 0.442286
    outer loop
      vertex 4.34737 -29.5843 3.05
      vertex 4.28373 -44.1877 3.17905
      vertex 4.34737 -44.1877 3.05
    endloop
  endfacet
  facet normal 0.896874 -0 0.442286
    outer loop
      vertex 4.28373 51.2321 3.17905
      vertex 4.34737 65.8356 3.05
      vertex 4.28373 65.8356 3.17905
    endloop
  endfacet
  facet normal 0.896874 0 0.442286
    outer loop
      vertex 4.34737 65.8356 3.05
      vertex 4.28373 51.2321 3.17905
      vertex 4.34737 51.2321 3.05
    endloop
  endfacet
  facet normal 0.896874 -0 0.442286
    outer loop
      vertex 4.28373 -25.7843 3.17905
      vertex 4.34737 47.4321 3.05
      vertex 4.28373 47.4321 3.17905
    endloop
  endfacet
  facet normal 0.896874 0 0.442286
    outer loop
      vertex 4.34737 47.4321 3.05
      vertex 4.28373 -25.7843 3.17905
      vertex 4.34737 -25.7843 3.05
    endloop
  endfacet
  facet normal 0.321435 0 -0.946931
    outer loop
      vertex 4.87905 51.2321 4.61627
      vertex 5.0153 65.8356 4.66252
      vertex 5.0153 51.2321 4.66252
    endloop
  endfacet
  facet normal 0.321435 0 -0.946931
    outer loop
      vertex 5.0153 65.8356 4.66252
      vertex 4.87905 51.2321 4.61627
      vertex 4.87905 65.8356 4.61627
    endloop
  endfacet
  facet normal 0.321435 0 -0.946931
    outer loop
      vertex 4.87905 -44.1877 4.61627
      vertex 5.0153 -29.5843 4.66252
      vertex 5.0153 -44.1877 4.66252
    endloop
  endfacet
  facet normal 0.321435 0 -0.946931
    outer loop
      vertex 5.0153 -29.5843 4.66252
      vertex 4.87905 -44.1877 4.61627
      vertex 4.87905 -29.5843 4.61627
    endloop
  endfacet
  facet normal 0.321435 0 -0.946931
    outer loop
      vertex 4.87905 -25.7843 4.61627
      vertex 5.0153 47.4321 4.66252
      vertex 5.0153 -25.7843 4.66252
    endloop
  endfacet
  facet normal 0.321435 0 -0.946931
    outer loop
      vertex 5.0153 47.4321 4.66252
      vertex 4.87905 -25.7843 4.61627
      vertex 4.87905 47.4321 4.61627
    endloop
  endfacet
  facet normal -0.442286 0 0.896874
    outer loop
      vertex 5.72095 -29.5843 2.58373
      vertex 5.85 -44.1877 2.64737
      vertex 5.85 -29.5843 2.64737
    endloop
  endfacet
  facet normal -0.442286 0 0.896874
    outer loop
      vertex 5.85 -44.1877 2.64737
      vertex 5.72095 -29.5843 2.58373
      vertex 5.72095 -44.1877 2.58373
    endloop
  endfacet
  facet normal -0.442286 0 0.896874
    outer loop
      vertex 5.72095 65.8356 2.58373
      vertex 5.85 51.2321 2.64737
      vertex 5.85 65.8356 2.64737
    endloop
  endfacet
  facet normal -0.442286 0 0.896874
    outer loop
      vertex 5.85 51.2321 2.64737
      vertex 5.72095 65.8356 2.58373
      vertex 5.72095 51.2321 2.58373
    endloop
  endfacet
  facet normal -0.442286 0 0.896874
    outer loop
      vertex 5.72095 47.4321 2.58373
      vertex 5.85 -25.7843 2.64737
      vertex 5.85 47.4321 2.64737
    endloop
  endfacet
  facet normal -0.442286 0 0.896874
    outer loop
      vertex 5.85 -25.7843 2.64737
      vertex 5.72095 47.4321 2.58373
      vertex 5.72095 -25.7843 2.58373
    endloop
  endfacet
  facet normal -0.751844 0 0.659341
    outer loop
      vertex 6.07782 -44.1877 2.82218
      vertex 6.17269 -29.5843 2.93036
      vertex 6.07782 -29.5843 2.82218
    endloop
  endfacet
  facet normal -0.751844 0 0.659341
    outer loop
      vertex 6.17269 -29.5843 2.93036
      vertex 6.07782 -44.1877 2.82218
      vertex 6.17269 -44.1877 2.93036
    endloop
  endfacet
  facet normal -0.751844 0 0.659341
    outer loop
      vertex 6.07782 51.2321 2.82218
      vertex 6.17269 65.8356 2.93036
      vertex 6.07782 65.8356 2.82218
    endloop
  endfacet
  facet normal -0.751844 0 0.659341
    outer loop
      vertex 6.17269 65.8356 2.93036
      vertex 6.07782 51.2321 2.82218
      vertex 6.17269 51.2321 2.93036
    endloop
  endfacet
  facet normal -0.751844 0 0.659341
    outer loop
      vertex 6.07782 -25.7843 2.82218
      vertex 6.17269 47.4321 2.93036
      vertex 6.07782 47.4321 2.82218
    endloop
  endfacet
  facet normal -0.751844 0 0.659341
    outer loop
      vertex 6.17269 47.4321 2.93036
      vertex 6.07782 -25.7843 2.82218
      vertex 6.17269 -25.7843 2.93036
    endloop
  endfacet
  facet normal 0.997859 -0 0.0653981
    outer loop
      vertex 4.2 -44.1877 3.6
      vertex 4.20941 -29.5843 3.45642
      vertex 4.2 -29.5843 3.6
    endloop
  endfacet
  facet normal 0.997859 0 0.0653981
    outer loop
      vertex 4.20941 -29.5843 3.45642
      vertex 4.2 -44.1877 3.6
      vertex 4.20941 -44.1877 3.45642
    endloop
  endfacet
  facet normal 0.997859 -0 0.0653981
    outer loop
      vertex 4.2 51.2321 3.6
      vertex 4.20941 65.8356 3.45642
      vertex 4.2 65.8356 3.6
    endloop
  endfacet
  facet normal 0.997859 0 0.0653981
    outer loop
      vertex 4.20941 65.8356 3.45642
      vertex 4.2 51.2321 3.6
      vertex 4.20941 51.2321 3.45642
    endloop
  endfacet
  facet normal 0.997859 -0 0.0653981
    outer loop
      vertex 4.2 -25.7843 3.6
      vertex 4.20941 47.4321 3.45642
      vertex 4.2 47.4321 3.6
    endloop
  endfacet
  facet normal 0.997859 0 0.0653981
    outer loop
      vertex 4.20941 47.4321 3.45642
      vertex 4.2 -25.7843 3.6
      vertex 4.20941 -25.7843 3.45642
    endloop
  endfacet
  facet normal 0.442286 0 0.896874
    outer loop
      vertex 4.75 -29.5843 2.64737
      vertex 4.87905 -44.1877 2.58373
      vertex 4.87905 -29.5843 2.58373
    endloop
  endfacet
  facet normal 0.442286 0 0.896874
    outer loop
      vertex 4.87905 -44.1877 2.58373
      vertex 4.75 -29.5843 2.64737
      vertex 4.75 -44.1877 2.64737
    endloop
  endfacet
  facet normal 0.442286 0 0.896874
    outer loop
      vertex 4.75 65.8356 2.64737
      vertex 4.87905 51.2321 2.58373
      vertex 4.87905 65.8356 2.58373
    endloop
  endfacet
  facet normal 0.442286 0 0.896874
    outer loop
      vertex 4.87905 51.2321 2.58373
      vertex 4.75 65.8356 2.64737
      vertex 4.75 51.2321 2.64737
    endloop
  endfacet
  facet normal 0.442286 0 0.896874
    outer loop
      vertex 4.75 47.4321 2.64737
      vertex 4.87905 -25.7843 2.58373
      vertex 4.87905 47.4321 2.58373
    endloop
  endfacet
  facet normal 0.442286 0 0.896874
    outer loop
      vertex 4.87905 -25.7843 2.58373
      vertex 4.75 47.4321 2.64737
      vertex 4.75 -25.7843 2.64737
    endloop
  endfacet
  facet normal -0.946931 0 -0.321435
    outer loop
      vertex 6.36252 -44.1877 3.8847
      vertex 6.31627 -29.5843 4.02095
      vertex 6.36252 -29.5843 3.8847
    endloop
  endfacet
  facet normal -0.946931 -0 -0.321435
    outer loop
      vertex 6.31627 -29.5843 4.02095
      vertex 6.36252 -44.1877 3.8847
      vertex 6.31627 -44.1877 4.02095
    endloop
  endfacet
  facet normal -0.946931 0 -0.321435
    outer loop
      vertex 6.36252 51.2321 3.8847
      vertex 6.31627 65.8356 4.02095
      vertex 6.36252 65.8356 3.8847
    endloop
  endfacet
  facet normal -0.946931 -0 -0.321435
    outer loop
      vertex 6.31627 65.8356 4.02095
      vertex 6.36252 51.2321 3.8847
      vertex 6.31627 51.2321 4.02095
    endloop
  endfacet
  facet normal -0.946931 0 -0.321435
    outer loop
      vertex 6.36252 -25.7843 3.8847
      vertex 6.31627 47.4321 4.02095
      vertex 6.36252 47.4321 3.8847
    endloop
  endfacet
  facet normal -0.946931 -0 -0.321435
    outer loop
      vertex 6.31627 47.4321 4.02095
      vertex 6.36252 -25.7843 3.8847
      vertex 6.31627 -25.7843 4.02095
    endloop
  endfacet
  facet normal -0.321435 0 0.946931
    outer loop
      vertex 5.5847 -29.5843 2.53748
      vertex 5.72095 -44.1877 2.58373
      vertex 5.72095 -29.5843 2.58373
    endloop
  endfacet
  facet normal -0.321435 0 0.946931
    outer loop
      vertex 5.72095 -44.1877 2.58373
      vertex 5.5847 -29.5843 2.53748
      vertex 5.5847 -44.1877 2.53748
    endloop
  endfacet
  facet normal -0.321435 0 0.946931
    outer loop
      vertex 5.5847 65.8356 2.53748
      vertex 5.72095 51.2321 2.58373
      vertex 5.72095 65.8356 2.58373
    endloop
  endfacet
  facet normal -0.321435 0 0.946931
    outer loop
      vertex 5.72095 51.2321 2.58373
      vertex 5.5847 65.8356 2.53748
      vertex 5.5847 51.2321 2.53748
    endloop
  endfacet
  facet normal -0.321435 0 0.946931
    outer loop
      vertex 5.5847 47.4321 2.53748
      vertex 5.72095 -25.7843 2.58373
      vertex 5.72095 47.4321 2.58373
    endloop
  endfacet
  facet normal -0.321435 0 0.946931
    outer loop
      vertex 5.72095 -25.7843 2.58373
      vertex 5.5847 47.4321 2.53748
      vertex 5.5847 -25.7843 2.53748
    endloop
  endfacet
  facet normal -0.321435 0 -0.946931
    outer loop
      vertex 5.5847 51.2321 4.66252
      vertex 5.72095 65.8356 4.61627
      vertex 5.72095 51.2321 4.61627
    endloop
  endfacet
  facet normal -0.321435 0 -0.946931
    outer loop
      vertex 5.72095 65.8356 4.61627
      vertex 5.5847 51.2321 4.66252
      vertex 5.5847 65.8356 4.66252
    endloop
  endfacet
  facet normal -0.321435 0 -0.946931
    outer loop
      vertex 5.5847 -44.1877 4.66252
      vertex 5.72095 -29.5843 4.61627
      vertex 5.72095 -44.1877 4.61627
    endloop
  endfacet
  facet normal -0.321435 0 -0.946931
    outer loop
      vertex 5.72095 -29.5843 4.61627
      vertex 5.5847 -44.1877 4.66252
      vertex 5.5847 -29.5843 4.66252
    endloop
  endfacet
  facet normal -0.321435 0 -0.946931
    outer loop
      vertex 5.5847 -25.7843 4.66252
      vertex 5.72095 47.4321 4.61627
      vertex 5.72095 -25.7843 4.61627
    endloop
  endfacet
  facet normal -0.321435 0 -0.946931
    outer loop
      vertex 5.72095 47.4321 4.61627
      vertex 5.5847 -25.7843 4.66252
      vertex 5.5847 47.4321 4.66252
    endloop
  endfacet
  facet normal 0.195087 0 -0.980786
    outer loop
      vertex 5.0153 51.2321 4.66252
      vertex 5.15642 65.8356 4.69059
      vertex 5.15642 51.2321 4.69059
    endloop
  endfacet
  facet normal 0.195087 0 -0.980786
    outer loop
      vertex 5.15642 65.8356 4.69059
      vertex 5.0153 51.2321 4.66252
      vertex 5.0153 65.8356 4.66252
    endloop
  endfacet
  facet normal 0.195087 0 -0.980786
    outer loop
      vertex 5.0153 -44.1877 4.66252
      vertex 5.15642 -29.5843 4.69059
      vertex 5.15642 -44.1877 4.69059
    endloop
  endfacet
  facet normal 0.195087 0 -0.980786
    outer loop
      vertex 5.15642 -29.5843 4.69059
      vertex 5.0153 -44.1877 4.66252
      vertex 5.0153 -29.5843 4.66252
    endloop
  endfacet
  facet normal 0.195087 0 -0.980786
    outer loop
      vertex 5.0153 -25.7843 4.66252
      vertex 5.15642 47.4321 4.69059
      vertex 5.15642 -25.7843 4.69059
    endloop
  endfacet
  facet normal 0.195087 0 -0.980786
    outer loop
      vertex 5.15642 47.4321 4.69059
      vertex 5.0153 -25.7843 4.66252
      vertex 5.0153 47.4321 4.66252
    endloop
  endfacet
  facet normal 0.555566 0 -0.831472
    outer loop
      vertex 4.63036 -44.1877 4.47269
      vertex 4.75 -29.5843 4.55263
      vertex 4.75 -44.1877 4.55263
    endloop
  endfacet
  facet normal 0.555566 0 -0.831472
    outer loop
      vertex 4.75 -29.5843 4.55263
      vertex 4.63036 -44.1877 4.47269
      vertex 4.63036 -29.5843 4.47269
    endloop
  endfacet
  facet normal 0.555566 0 -0.831472
    outer loop
      vertex 4.63036 51.2321 4.47269
      vertex 4.75 65.8356 4.55263
      vertex 4.75 51.2321 4.55263
    endloop
  endfacet
  facet normal 0.555566 0 -0.831472
    outer loop
      vertex 4.75 65.8356 4.55263
      vertex 4.63036 51.2321 4.47269
      vertex 4.63036 65.8356 4.47269
    endloop
  endfacet
  facet normal 0.555566 0 -0.831472
    outer loop
      vertex 4.63036 -25.7843 4.47269
      vertex 4.75 47.4321 4.55263
      vertex 4.75 -25.7843 4.55263
    endloop
  endfacet
  facet normal 0.555566 0 -0.831472
    outer loop
      vertex 4.75 47.4321 4.55263
      vertex 4.63036 -25.7843 4.47269
      vertex 4.63036 47.4321 4.47269
    endloop
  endfacet
  facet normal -0.831472 0 -0.555566
    outer loop
      vertex 6.25263 -44.1877 4.15
      vertex 6.17269 -29.5843 4.26964
      vertex 6.25263 -29.5843 4.15
    endloop
  endfacet
  facet normal -0.831472 -0 -0.555566
    outer loop
      vertex 6.17269 -29.5843 4.26964
      vertex 6.25263 -44.1877 4.15
      vertex 6.17269 -44.1877 4.26964
    endloop
  endfacet
  facet normal -0.831472 0 -0.555566
    outer loop
      vertex 6.25263 51.2321 4.15
      vertex 6.17269 65.8356 4.26964
      vertex 6.25263 65.8356 4.15
    endloop
  endfacet
  facet normal -0.831472 -0 -0.555566
    outer loop
      vertex 6.17269 65.8356 4.26964
      vertex 6.25263 51.2321 4.15
      vertex 6.17269 51.2321 4.26964
    endloop
  endfacet
  facet normal -0.831472 0 -0.555566
    outer loop
      vertex 6.25263 -25.7843 4.15
      vertex 6.17269 47.4321 4.26964
      vertex 6.25263 47.4321 4.15
    endloop
  endfacet
  facet normal -0.831472 -0 -0.555566
    outer loop
      vertex 6.17269 47.4321 4.26964
      vertex 6.25263 -25.7843 4.15
      vertex 6.17269 -25.7843 4.26964
    endloop
  endfacet
  facet normal 0.0653981 0 0.997859
    outer loop
      vertex 5.15642 65.8356 2.50941
      vertex 5.3 51.2321 2.5
      vertex 5.3 65.8356 2.5
    endloop
  endfacet
  facet normal 0.0653981 0 0.997859
    outer loop
      vertex 5.3 51.2321 2.5
      vertex 5.15642 65.8356 2.50941
      vertex 5.15642 51.2321 2.50941
    endloop
  endfacet
  facet normal 0.0653981 0 0.997859
    outer loop
      vertex 5.15642 -29.5843 2.50941
      vertex 5.3 -44.1877 2.5
      vertex 5.3 -29.5843 2.5
    endloop
  endfacet
  facet normal 0.0653981 0 0.997859
    outer loop
      vertex 5.3 -44.1877 2.5
      vertex 5.15642 -29.5843 2.50941
      vertex 5.15642 -44.1877 2.50941
    endloop
  endfacet
  facet normal 0.0653981 0 0.997859
    outer loop
      vertex 5.15642 47.4321 2.50941
      vertex 5.3 -25.7843 2.5
      vertex 5.3 47.4321 2.5
    endloop
  endfacet
  facet normal 0.0653981 0 0.997859
    outer loop
      vertex 5.3 -25.7843 2.5
      vertex 5.15642 47.4321 2.50941
      vertex 5.15642 -25.7843 2.50941
    endloop
  endfacet
  facet normal -0.896874 0 -0.442286
    outer loop
      vertex 6.31627 -44.1877 4.02095
      vertex 6.25263 -29.5843 4.15
      vertex 6.31627 -29.5843 4.02095
    endloop
  endfacet
  facet normal -0.896874 -0 -0.442286
    outer loop
      vertex 6.25263 -29.5843 4.15
      vertex 6.31627 -44.1877 4.02095
      vertex 6.25263 -44.1877 4.15
    endloop
  endfacet
  facet normal -0.896874 0 -0.442286
    outer loop
      vertex 6.31627 51.2321 4.02095
      vertex 6.25263 65.8356 4.15
      vertex 6.31627 65.8356 4.02095
    endloop
  endfacet
  facet normal -0.896874 -0 -0.442286
    outer loop
      vertex 6.25263 65.8356 4.15
      vertex 6.31627 51.2321 4.02095
      vertex 6.25263 51.2321 4.15
    endloop
  endfacet
  facet normal -0.896874 0 -0.442286
    outer loop
      vertex 6.31627 -25.7843 4.02095
      vertex 6.25263 47.4321 4.15
      vertex 6.31627 47.4321 4.02095
    endloop
  endfacet
  facet normal -0.896874 -0 -0.442286
    outer loop
      vertex 6.25263 47.4321 4.15
      vertex 6.31627 -25.7843 4.02095
      vertex 6.25263 -25.7843 4.15
    endloop
  endfacet
endsolid OpenSCAD_Model
