solid OpenSCAD_Model
  facet normal 1 -0 0
    outer loop
      vertex -5.3 50.8333 5.72205e-07
      vertex -5.3 65.5152 0
      vertex -5.3 65.5152 5.72205e-07
    endloop
  endfacet
  facet normal 1 0 0
    outer loop
      vertex -5.3 65.5152 0
      vertex -5.3 50.8333 5.72205e-07
      vertex -5.3 50.8333 0
    endloop
  endfacet
  facet normal 1 -0 0
    outer loop
      vertex -5.3 -45.0314 5.72205e-07
      vertex -5.3 -30.3494 0
      vertex -5.3 -30.3494 5.72205e-07
    endloop
  endfacet
  facet normal 1 0 0
    outer loop
      vertex -5.3 -30.3494 0
      vertex -5.3 -45.0314 5.72205e-07
      vertex -5.3 -45.0314 0
    endloop
  endfacet
  facet normal 1 -0 0
    outer loop
      vertex -5.3 -26.5494 5.72205e-07
      vertex -5.3 47.0333 0
      vertex -5.3 47.0333 5.72205e-07
    endloop
  endfacet
  facet normal 1 0 0
    outer loop
      vertex -5.3 47.0333 0
      vertex -5.3 -26.5494 5.72205e-07
      vertex -5.3 -26.5494 0
    endloop
  endfacet
  facet normal 0.195091 0 0.980785
    outer loop
      vertex -4.83011 -30.3494 7.1692
      vertex -4.36825 -45.0314 7.07733
      vertex -4.36825 -30.3494 7.07733
    endloop
  endfacet
  facet normal 0.195091 0 0.980785
    outer loop
      vertex -4.36825 -45.0314 7.07733
      vertex -4.83011 -30.3494 7.1692
      vertex -4.83011 -45.0314 7.1692
    endloop
  endfacet
  facet normal 0.195091 0 0.980785
    outer loop
      vertex -4.83011 65.5152 7.1692
      vertex -4.36825 50.8333 7.07733
      vertex -4.36825 65.5152 7.07733
    endloop
  endfacet
  facet normal 0.195091 0 0.980785
    outer loop
      vertex -4.36825 50.8333 7.07733
      vertex -4.83011 65.5152 7.1692
      vertex -4.83011 50.8333 7.1692
    endloop
  endfacet
  facet normal 0.195091 0 0.980785
    outer loop
      vertex -4.83011 47.0333 7.1692
      vertex -4.36825 -26.5494 7.07733
      vertex -4.36825 47.0333 7.07733
    endloop
  endfacet
  facet normal 0.195091 0 0.980785
    outer loop
      vertex -4.36825 -26.5494 7.07733
      vertex -4.83011 47.0333 7.1692
      vertex -4.83011 -26.5494 7.1692
    endloop
  endfacet
  facet normal 0.980785 -0 0.195091
    outer loop
      vertex -1.82267 -45.0314 4.53175
      vertex -1.7308 -30.3494 4.06989
      vertex -1.82267 -30.3494 4.53175
    endloop
  endfacet
  facet normal 0.980785 0 0.195091
    outer loop
      vertex -1.7308 -30.3494 4.06989
      vertex -1.82267 -45.0314 4.53175
      vertex -1.7308 -45.0314 4.06989
    endloop
  endfacet
  facet normal 0.980785 -0 0.195091
    outer loop
      vertex -1.82267 50.8333 4.53175
      vertex -1.7308 65.5152 4.06989
      vertex -1.82267 65.5152 4.53175
    endloop
  endfacet
  facet normal 0.980785 0 0.195091
    outer loop
      vertex -1.7308 65.5152 4.06989
      vertex -1.82267 50.8333 4.53175
      vertex -1.7308 50.8333 4.06989
    endloop
  endfacet
  facet normal 0.980785 -0 0.195091
    outer loop
      vertex -1.82267 -26.5494 4.53175
      vertex -1.7308 47.0333 4.06989
      vertex -1.82267 47.0333 4.53175
    endloop
  endfacet
  facet normal 0.980785 0 0.195091
    outer loop
      vertex -1.7308 47.0333 4.06989
      vertex -1.82267 -26.5494 4.53175
      vertex -1.7308 -26.5494 4.06989
    endloop
  endfacet
  facet normal 0.997859 -0 0.0654069
    outer loop
      vertex -1.7308 -45.0314 4.06989
      vertex -1.7 -30.3494 3.6
      vertex -1.7308 -30.3494 4.06989
    endloop
  endfacet
  facet normal 0.997859 0 0.0654069
    outer loop
      vertex -1.7 -30.3494 3.6
      vertex -1.7308 -45.0314 4.06989
      vertex -1.7 -45.0314 3.6
    endloop
  endfacet
  facet normal 0.997859 -0 0.0654069
    outer loop
      vertex -1.7308 50.8333 4.06989
      vertex -1.7 65.5152 3.6
      vertex -1.7308 65.5152 4.06989
    endloop
  endfacet
  facet normal 0.997859 0 0.0654069
    outer loop
      vertex -1.7 65.5152 3.6
      vertex -1.7308 50.8333 4.06989
      vertex -1.7 50.8333 3.6
    endloop
  endfacet
  facet normal 0.997859 -0 0.0654069
    outer loop
      vertex -1.7308 -26.5494 4.06989
      vertex -1.7 47.0333 3.6
      vertex -1.7308 47.0333 4.06989
    endloop
  endfacet
  facet normal 0.997859 0 0.0654069
    outer loop
      vertex -1.7 47.0333 3.6
      vertex -1.7308 -26.5494 4.06989
      vertex -1.7 -26.5494 3.6
    endloop
  endfacet
  facet normal 0.321428 0 0.946934
    outer loop
      vertex -4.36825 -30.3494 7.07733
      vertex -3.92234 -45.0314 6.92597
      vertex -3.92234 -30.3494 6.92597
    endloop
  endfacet
  facet normal 0.321428 0 0.946934
    outer loop
      vertex -3.92234 -45.0314 6.92597
      vertex -4.36825 -30.3494 7.07733
      vertex -4.36825 -45.0314 7.07733
    endloop
  endfacet
  facet normal 0.321428 0 0.946934
    outer loop
      vertex -4.36825 65.5152 7.07733
      vertex -3.92234 50.8333 6.92597
      vertex -3.92234 65.5152 6.92597
    endloop
  endfacet
  facet normal 0.321428 0 0.946934
    outer loop
      vertex -3.92234 50.8333 6.92597
      vertex -4.36825 65.5152 7.07733
      vertex -4.36825 50.8333 7.07733
    endloop
  endfacet
  facet normal 0.321428 0 0.946934
    outer loop
      vertex -4.36825 47.0333 7.07733
      vertex -3.92234 -26.5494 6.92597
      vertex -3.92234 47.0333 6.92597
    endloop
  endfacet
  facet normal 0.321428 0 0.946934
    outer loop
      vertex -3.92234 -26.5494 6.92597
      vertex -4.36825 47.0333 7.07733
      vertex -4.36825 -26.5494 7.07733
    endloop
  endfacet
  facet normal 0.751834 -0 0.659352
    outer loop
      vertex -2.75442 -45.0314 6.14558
      vertex -2.44393 -30.3494 5.79154
      vertex -2.75442 -30.3494 6.14558
    endloop
  endfacet
  facet normal 0.751834 0 0.659352
    outer loop
      vertex -2.44393 -30.3494 5.79154
      vertex -2.75442 -45.0314 6.14558
      vertex -2.44393 -45.0314 5.79154
    endloop
  endfacet
  facet normal 0.751834 -0 0.659352
    outer loop
      vertex -2.75442 50.8333 6.14558
      vertex -2.44393 65.5152 5.79154
      vertex -2.75442 65.5152 6.14558
    endloop
  endfacet
  facet normal 0.751834 0 0.659352
    outer loop
      vertex -2.44393 65.5152 5.79154
      vertex -2.75442 50.8333 6.14558
      vertex -2.44393 50.8333 5.79154
    endloop
  endfacet
  facet normal 0.751834 -0 0.659352
    outer loop
      vertex -2.75442 -26.5494 6.14558
      vertex -2.44393 47.0333 5.79154
      vertex -2.75442 47.0333 6.14558
    endloop
  endfacet
  facet normal 0.751834 0 0.659352
    outer loop
      vertex -2.44393 47.0333 5.79154
      vertex -2.75442 -26.5494 6.14558
      vertex -2.44393 -26.5494 5.79154
    endloop
  endfacet
  facet normal 0.946934 0 -0.321428
    outer loop
      vertex -1.82267 -45.0314 2.66825
      vertex -1.97403 -30.3494 2.22234
      vertex -1.82267 -30.3494 2.66825
    endloop
  endfacet
  facet normal 0.946934 0 -0.321428
    outer loop
      vertex -1.97403 -30.3494 2.22234
      vertex -1.82267 -45.0314 2.66825
      vertex -1.97403 -45.0314 2.22234
    endloop
  endfacet
  facet normal 0.946934 0 -0.321428
    outer loop
      vertex -1.82267 50.8333 2.66825
      vertex -1.97403 65.5152 2.22234
      vertex -1.82267 65.5152 2.66825
    endloop
  endfacet
  facet normal 0.946934 0 -0.321428
    outer loop
      vertex -1.97403 65.5152 2.22234
      vertex -1.82267 50.8333 2.66825
      vertex -1.97403 50.8333 2.22234
    endloop
  endfacet
  facet normal 0.946934 0 -0.321428
    outer loop
      vertex -1.82267 -26.5494 2.66825
      vertex -1.97403 47.0333 2.22234
      vertex -1.82267 47.0333 2.66825
    endloop
  endfacet
  facet normal 0.946934 0 -0.321428
    outer loop
      vertex -1.97403 47.0333 2.22234
      vertex -1.82267 -26.5494 2.66825
      vertex -1.97403 -26.5494 2.22234
    endloop
  endfacet
  facet normal 0.831468 -0 0.555572
    outer loop
      vertex -2.44393 -45.0314 5.79154
      vertex -2.18231 -30.3494 5.4
      vertex -2.44393 -30.3494 5.79154
    endloop
  endfacet
  facet normal 0.831468 0 0.555572
    outer loop
      vertex -2.18231 -30.3494 5.4
      vertex -2.44393 -45.0314 5.79154
      vertex -2.18231 -45.0314 5.4
    endloop
  endfacet
  facet normal 0.831468 -0 0.555572
    outer loop
      vertex -2.44393 50.8333 5.79154
      vertex -2.18231 65.5152 5.4
      vertex -2.44393 65.5152 5.79154
    endloop
  endfacet
  facet normal 0.831468 0 0.555572
    outer loop
      vertex -2.18231 65.5152 5.4
      vertex -2.44393 50.8333 5.79154
      vertex -2.18231 50.8333 5.4
    endloop
  endfacet
  facet normal 0.831468 -0 0.555572
    outer loop
      vertex -2.44393 -26.5494 5.79154
      vertex -2.18231 47.0333 5.4
      vertex -2.44393 47.0333 5.79154
    endloop
  endfacet
  facet normal 0.831468 0 0.555572
    outer loop
      vertex -2.18231 47.0333 5.4
      vertex -2.44393 -26.5494 5.79154
      vertex -2.18231 -26.5494 5.4
    endloop
  endfacet
  facet normal 0.946934 -0 0.321428
    outer loop
      vertex -1.97403 -45.0314 4.97766
      vertex -1.82267 -30.3494 4.53175
      vertex -1.97403 -30.3494 4.97766
    endloop
  endfacet
  facet normal 0.946934 0 0.321428
    outer loop
      vertex -1.82267 -30.3494 4.53175
      vertex -1.97403 -45.0314 4.97766
      vertex -1.82267 -45.0314 4.53175
    endloop
  endfacet
  facet normal 0.946934 -0 0.321428
    outer loop
      vertex -1.97403 50.8333 4.97766
      vertex -1.82267 65.5152 4.53175
      vertex -1.97403 65.5152 4.97766
    endloop
  endfacet
  facet normal 0.946934 0 0.321428
    outer loop
      vertex -1.82267 65.5152 4.53175
      vertex -1.97403 50.8333 4.97766
      vertex -1.82267 50.8333 4.53175
    endloop
  endfacet
  facet normal 0.946934 -0 0.321428
    outer loop
      vertex -1.97403 -26.5494 4.97766
      vertex -1.82267 47.0333 4.53175
      vertex -1.97403 47.0333 4.97766
    endloop
  endfacet
  facet normal 0.946934 0 0.321428
    outer loop
      vertex -1.82267 47.0333 4.53175
      vertex -1.97403 -26.5494 4.97766
      vertex -1.82267 -26.5494 4.53175
    endloop
  endfacet
  facet normal 0.980785 0 -0.195091
    outer loop
      vertex -1.7308 -45.0314 3.13011
      vertex -1.82267 -30.3494 2.66825
      vertex -1.7308 -30.3494 3.13011
    endloop
  endfacet
  facet normal 0.980785 0 -0.195091
    outer loop
      vertex -1.82267 -30.3494 2.66825
      vertex -1.7308 -45.0314 3.13011
      vertex -1.82267 -45.0314 2.66825
    endloop
  endfacet
  facet normal 0.980785 0 -0.195091
    outer loop
      vertex -1.7308 50.8333 3.13011
      vertex -1.82267 65.5152 2.66825
      vertex -1.7308 65.5152 3.13011
    endloop
  endfacet
  facet normal 0.980785 0 -0.195091
    outer loop
      vertex -1.82267 65.5152 2.66825
      vertex -1.7308 50.8333 3.13011
      vertex -1.82267 50.8333 2.66825
    endloop
  endfacet
  facet normal 0.980785 0 -0.195091
    outer loop
      vertex -1.7308 -26.5494 3.13011
      vertex -1.82267 47.0333 2.66825
      vertex -1.7308 47.0333 3.13011
    endloop
  endfacet
  facet normal 0.980785 0 -0.195091
    outer loop
      vertex -1.82267 47.0333 2.66825
      vertex -1.7308 -26.5494 3.13011
      vertex -1.82267 -26.5494 2.66825
    endloop
  endfacet
  facet normal 0.0654025 0 -0.997859
    outer loop
      vertex -5.3 -45.0314 5.72205e-07
      vertex -4.83011 -30.3494 0.0307985
      vertex -4.83011 -45.0314 0.0307985
    endloop
  endfacet
  facet normal 0.0654025 0 -0.997859
    outer loop
      vertex -4.83011 -30.3494 0.0307985
      vertex -5.3 -45.0314 5.72205e-07
      vertex -5.3 -30.3494 5.72205e-07
    endloop
  endfacet
  facet normal 0.0654025 0 -0.997859
    outer loop
      vertex -5.3 50.8333 5.72205e-07
      vertex -4.83011 65.5152 0.0307985
      vertex -4.83011 50.8333 0.0307985
    endloop
  endfacet
  facet normal 0.0654025 0 -0.997859
    outer loop
      vertex -4.83011 65.5152 0.0307985
      vertex -5.3 50.8333 5.72205e-07
      vertex -5.3 65.5152 5.72205e-07
    endloop
  endfacet
  facet normal 0.0654025 0 -0.997859
    outer loop
      vertex -5.3 -26.5494 5.72205e-07
      vertex -4.83011 47.0333 0.0307985
      vertex -4.83011 -26.5494 0.0307985
    endloop
  endfacet
  facet normal 0.0654025 0 -0.997859
    outer loop
      vertex -4.83011 47.0333 0.0307985
      vertex -5.3 -26.5494 5.72205e-07
      vertex -5.3 47.0333 5.72205e-07
    endloop
  endfacet
  facet normal 0.831468 0 -0.555572
    outer loop
      vertex -2.18231 -45.0314 1.8
      vertex -2.44393 -30.3494 1.40846
      vertex -2.18231 -30.3494 1.8
    endloop
  endfacet
  facet normal 0.831468 0 -0.555572
    outer loop
      vertex -2.44393 -30.3494 1.40846
      vertex -2.18231 -45.0314 1.8
      vertex -2.44393 -45.0314 1.40846
    endloop
  endfacet
  facet normal 0.831468 0 -0.555572
    outer loop
      vertex -2.18231 50.8333 1.8
      vertex -2.44393 65.5152 1.40846
      vertex -2.18231 65.5152 1.8
    endloop
  endfacet
  facet normal 0.831468 0 -0.555572
    outer loop
      vertex -2.44393 65.5152 1.40846
      vertex -2.18231 50.8333 1.8
      vertex -2.44393 50.8333 1.40846
    endloop
  endfacet
  facet normal 0.831468 0 -0.555572
    outer loop
      vertex -2.18231 -26.5494 1.8
      vertex -2.44393 47.0333 1.40846
      vertex -2.18231 47.0333 1.8
    endloop
  endfacet
  facet normal 0.831468 0 -0.555572
    outer loop
      vertex -2.44393 47.0333 1.40846
      vertex -2.18231 -26.5494 1.8
      vertex -2.44393 -26.5494 1.40846
    endloop
  endfacet
  facet normal 0.555572 0 -0.831468
    outer loop
      vertex -3.5 -45.0314 0.482309
      vertex -3.10846 -30.3494 0.743929
      vertex -3.10846 -45.0314 0.743929
    endloop
  endfacet
  facet normal 0.555572 0 -0.831468
    outer loop
      vertex -3.10846 -30.3494 0.743929
      vertex -3.5 -45.0314 0.482309
      vertex -3.5 -30.3494 0.482309
    endloop
  endfacet
  facet normal 0.555572 0 -0.831468
    outer loop
      vertex -3.5 50.8333 0.482309
      vertex -3.10846 65.5152 0.743929
      vertex -3.10846 50.8333 0.743929
    endloop
  endfacet
  facet normal 0.555572 0 -0.831468
    outer loop
      vertex -3.10846 65.5152 0.743929
      vertex -3.5 50.8333 0.482309
      vertex -3.5 65.5152 0.482309
    endloop
  endfacet
  facet normal 0.555572 0 -0.831468
    outer loop
      vertex -3.5 -26.5494 0.482309
      vertex -3.10846 47.0333 0.743929
      vertex -3.10846 -26.5494 0.743929
    endloop
  endfacet
  facet normal 0.555572 0 -0.831468
    outer loop
      vertex -3.10846 47.0333 0.743929
      vertex -3.5 -26.5494 0.482309
      vertex -3.5 47.0333 0.482309
    endloop
  endfacet
  facet normal 0.442297 0 0.896869
    outer loop
      vertex -3.92234 -30.3494 6.92597
      vertex -3.5 -45.0314 6.71769
      vertex -3.5 -30.3494 6.71769
    endloop
  endfacet
  facet normal 0.442297 0 0.896869
    outer loop
      vertex -3.5 -45.0314 6.71769
      vertex -3.92234 -30.3494 6.92597
      vertex -3.92234 -45.0314 6.92597
    endloop
  endfacet
  facet normal 0.442297 0 0.896869
    outer loop
      vertex -3.92234 65.5152 6.92597
      vertex -3.5 50.8333 6.71769
      vertex -3.5 65.5152 6.71769
    endloop
  endfacet
  facet normal 0.442297 0 0.896869
    outer loop
      vertex -3.5 50.8333 6.71769
      vertex -3.92234 65.5152 6.92597
      vertex -3.92234 50.8333 6.92597
    endloop
  endfacet
  facet normal 0.442297 0 0.896869
    outer loop
      vertex -3.92234 47.0333 6.92597
      vertex -3.5 -26.5494 6.71769
      vertex -3.5 47.0333 6.71769
    endloop
  endfacet
  facet normal 0.442297 0 0.896869
    outer loop
      vertex -3.5 -26.5494 6.71769
      vertex -3.92234 47.0333 6.92597
      vertex -3.92234 -26.5494 6.92597
    endloop
  endfacet
  facet normal 0.896869 -0 0.442297
    outer loop
      vertex -2.18231 -45.0314 5.4
      vertex -1.97403 -30.3494 4.97766
      vertex -2.18231 -30.3494 5.4
    endloop
  endfacet
  facet normal 0.896869 0 0.442297
    outer loop
      vertex -1.97403 -30.3494 4.97766
      vertex -2.18231 -45.0314 5.4
      vertex -1.97403 -45.0314 4.97766
    endloop
  endfacet
  facet normal 0.896869 -0 0.442297
    outer loop
      vertex -2.18231 50.8333 5.4
      vertex -1.97403 65.5152 4.97766
      vertex -2.18231 65.5152 5.4
    endloop
  endfacet
  facet normal 0.896869 0 0.442297
    outer loop
      vertex -1.97403 65.5152 4.97766
      vertex -2.18231 50.8333 5.4
      vertex -1.97403 50.8333 4.97766
    endloop
  endfacet
  facet normal 0.896869 -0 0.442297
    outer loop
      vertex -2.18231 -26.5494 5.4
      vertex -1.97403 47.0333 4.97766
      vertex -2.18231 47.0333 5.4
    endloop
  endfacet
  facet normal 0.896869 0 0.442297
    outer loop
      vertex -1.97403 47.0333 4.97766
      vertex -2.18231 -26.5494 5.4
      vertex -1.97403 -26.5494 4.97766
    endloop
  endfacet
  facet normal 0.321439 0 -0.94693
    outer loop
      vertex -4.36825 -45.0314 0.122668
      vertex -3.92234 -30.3494 0.274034
      vertex -3.92234 -45.0314 0.274034
    endloop
  endfacet
  facet normal 0.321439 0 -0.94693
    outer loop
      vertex -3.92234 -30.3494 0.274034
      vertex -4.36825 -45.0314 0.122668
      vertex -4.36825 -30.3494 0.122668
    endloop
  endfacet
  facet normal 0.321439 0 -0.94693
    outer loop
      vertex -4.36825 50.8333 0.122668
      vertex -3.92234 65.5152 0.274034
      vertex -3.92234 50.8333 0.274034
    endloop
  endfacet
  facet normal 0.321439 0 -0.94693
    outer loop
      vertex -3.92234 65.5152 0.274034
      vertex -4.36825 50.8333 0.122668
      vertex -4.36825 65.5152 0.122668
    endloop
  endfacet
  facet normal 0.321439 0 -0.94693
    outer loop
      vertex -4.36825 -26.5494 0.122668
      vertex -3.92234 47.0333 0.274034
      vertex -3.92234 -26.5494 0.274034
    endloop
  endfacet
  facet normal 0.321439 0 -0.94693
    outer loop
      vertex -3.92234 47.0333 0.274034
      vertex -4.36825 -26.5494 0.122668
      vertex -4.36825 47.0333 0.122668
    endloop
  endfacet
  facet normal 0.442289 0 -0.896873
    outer loop
      vertex -3.92234 -45.0314 0.274034
      vertex -3.5 -30.3494 0.482309
      vertex -3.5 -45.0314 0.482309
    endloop
  endfacet
  facet normal 0.442289 0 -0.896873
    outer loop
      vertex -3.5 -30.3494 0.482309
      vertex -3.92234 -45.0314 0.274034
      vertex -3.92234 -30.3494 0.274034
    endloop
  endfacet
  facet normal 0.442289 0 -0.896873
    outer loop
      vertex -3.92234 50.8333 0.274034
      vertex -3.5 65.5152 0.482309
      vertex -3.5 50.8333 0.482309
    endloop
  endfacet
  facet normal 0.442289 0 -0.896873
    outer loop
      vertex -3.5 65.5152 0.482309
      vertex -3.92234 50.8333 0.274034
      vertex -3.92234 65.5152 0.274034
    endloop
  endfacet
  facet normal 0.442289 0 -0.896873
    outer loop
      vertex -3.92234 -26.5494 0.274034
      vertex -3.5 47.0333 0.482309
      vertex -3.5 -26.5494 0.482309
    endloop
  endfacet
  facet normal 0.442289 0 -0.896873
    outer loop
      vertex -3.5 47.0333 0.482309
      vertex -3.92234 -26.5494 0.274034
      vertex -3.92234 47.0333 0.274034
    endloop
  endfacet
  facet normal 0.896869 0 -0.442297
    outer loop
      vertex -1.97403 -45.0314 2.22234
      vertex -2.18231 -30.3494 1.8
      vertex -1.97403 -30.3494 2.22234
    endloop
  endfacet
  facet normal 0.896869 0 -0.442297
    outer loop
      vertex -2.18231 -30.3494 1.8
      vertex -1.97403 -45.0314 2.22234
      vertex -2.18231 -45.0314 1.8
    endloop
  endfacet
  facet normal 0.896869 0 -0.442297
    outer loop
      vertex -1.97403 50.8333 2.22234
      vertex -2.18231 65.5152 1.8
      vertex -1.97403 65.5152 2.22234
    endloop
  endfacet
  facet normal 0.896869 0 -0.442297
    outer loop
      vertex -2.18231 65.5152 1.8
      vertex -1.97403 50.8333 2.22234
      vertex -2.18231 50.8333 1.8
    endloop
  endfacet
  facet normal 0.896869 0 -0.442297
    outer loop
      vertex -1.97403 -26.5494 2.22234
      vertex -2.18231 47.0333 1.8
      vertex -1.97403 47.0333 2.22234
    endloop
  endfacet
  facet normal 0.896869 0 -0.442297
    outer loop
      vertex -2.18231 47.0333 1.8
      vertex -1.97403 -26.5494 2.22234
      vertex -2.18231 -26.5494 1.8
    endloop
  endfacet
  facet normal 0.0654069 0 0.997859
    outer loop
      vertex -5.3 65.5152 7.2
      vertex -4.83011 50.8333 7.1692
      vertex -4.83011 65.5152 7.1692
    endloop
  endfacet
  facet normal 0.0654069 0 0.997859
    outer loop
      vertex -4.83011 50.8333 7.1692
      vertex -5.3 65.5152 7.2
      vertex -5.3 50.8333 7.2
    endloop
  endfacet
  facet normal 0.0654069 0 0.997859
    outer loop
      vertex -5.3 -30.3494 7.2
      vertex -4.83011 -45.0314 7.1692
      vertex -4.83011 -30.3494 7.1692
    endloop
  endfacet
  facet normal 0.0654069 0 0.997859
    outer loop
      vertex -4.83011 -45.0314 7.1692
      vertex -5.3 -30.3494 7.2
      vertex -5.3 -45.0314 7.2
    endloop
  endfacet
  facet normal 0.0654069 0 0.997859
    outer loop
      vertex -5.3 47.0333 7.2
      vertex -4.83011 -26.5494 7.1692
      vertex -4.83011 47.0333 7.1692
    endloop
  endfacet
  facet normal 0.0654069 0 0.997859
    outer loop
      vertex -4.83011 -26.5494 7.1692
      vertex -5.3 47.0333 7.2
      vertex -5.3 -26.5494 7.2
    endloop
  endfacet
  facet normal 0.997859 0 -0.0654069
    outer loop
      vertex -1.7 -45.0314 3.6
      vertex -1.7308 -30.3494 3.13011
      vertex -1.7 -30.3494 3.6
    endloop
  endfacet
  facet normal 0.997859 0 -0.0654069
    outer loop
      vertex -1.7308 -30.3494 3.13011
      vertex -1.7 -45.0314 3.6
      vertex -1.7308 -45.0314 3.13011
    endloop
  endfacet
  facet normal 0.997859 0 -0.0654069
    outer loop
      vertex -1.7 50.8333 3.6
      vertex -1.7308 65.5152 3.13011
      vertex -1.7 65.5152 3.6
    endloop
  endfacet
  facet normal 0.997859 0 -0.0654069
    outer loop
      vertex -1.7308 65.5152 3.13011
      vertex -1.7 50.8333 3.6
      vertex -1.7308 50.8333 3.13011
    endloop
  endfacet
  facet normal 0.997859 0 -0.0654069
    outer loop
      vertex -1.7 -26.5494 3.6
      vertex -1.7308 47.0333 3.13011
      vertex -1.7 47.0333 3.6
    endloop
  endfacet
  facet normal 0.997859 0 -0.0654069
    outer loop
      vertex -1.7308 47.0333 3.13011
      vertex -1.7 -26.5494 3.6
      vertex -1.7308 -26.5494 3.13011
    endloop
  endfacet
  facet normal 0.751834 0 -0.659352
    outer loop
      vertex -2.44393 -45.0314 1.40846
      vertex -2.75442 -30.3494 1.05442
      vertex -2.44393 -30.3494 1.40846
    endloop
  endfacet
  facet normal 0.751834 0 -0.659352
    outer loop
      vertex -2.75442 -30.3494 1.05442
      vertex -2.44393 -45.0314 1.40846
      vertex -2.75442 -45.0314 1.05442
    endloop
  endfacet
  facet normal 0.751834 0 -0.659352
    outer loop
      vertex -2.44393 50.8333 1.40846
      vertex -2.75442 65.5152 1.05442
      vertex -2.44393 65.5152 1.40846
    endloop
  endfacet
  facet normal 0.751834 0 -0.659352
    outer loop
      vertex -2.75442 65.5152 1.05442
      vertex -2.44393 50.8333 1.40846
      vertex -2.75442 50.8333 1.05442
    endloop
  endfacet
  facet normal 0.751834 0 -0.659352
    outer loop
      vertex -2.44393 -26.5494 1.40846
      vertex -2.75442 47.0333 1.05442
      vertex -2.44393 47.0333 1.40846
    endloop
  endfacet
  facet normal 0.751834 0 -0.659352
    outer loop
      vertex -2.75442 47.0333 1.05442
      vertex -2.44393 -26.5494 1.40846
      vertex -2.75442 -26.5494 1.05442
    endloop
  endfacet
  facet normal 0.19509 0 -0.980785
    outer loop
      vertex -4.83011 -45.0314 0.0307985
      vertex -4.36825 -30.3494 0.122668
      vertex -4.36825 -45.0314 0.122668
    endloop
  endfacet
  facet normal 0.19509 0 -0.980785
    outer loop
      vertex -4.36825 -30.3494 0.122668
      vertex -4.83011 -45.0314 0.0307985
      vertex -4.83011 -30.3494 0.0307985
    endloop
  endfacet
  facet normal 0.19509 0 -0.980785
    outer loop
      vertex -4.83011 50.8333 0.0307985
      vertex -4.36825 65.5152 0.122668
      vertex -4.36825 50.8333 0.122668
    endloop
  endfacet
  facet normal 0.19509 0 -0.980785
    outer loop
      vertex -4.36825 65.5152 0.122668
      vertex -4.83011 50.8333 0.0307985
      vertex -4.83011 65.5152 0.0307985
    endloop
  endfacet
  facet normal 0.19509 0 -0.980785
    outer loop
      vertex -4.83011 -26.5494 0.0307985
      vertex -4.36825 47.0333 0.122668
      vertex -4.36825 -26.5494 0.122668
    endloop
  endfacet
  facet normal 0.19509 0 -0.980785
    outer loop
      vertex -4.36825 47.0333 0.122668
      vertex -4.83011 -26.5494 0.0307985
      vertex -4.83011 47.0333 0.0307985
    endloop
  endfacet
  facet normal 0.555572 0 0.831468
    outer loop
      vertex -3.5 -30.3494 6.71769
      vertex -3.10846 -45.0314 6.45607
      vertex -3.10846 -30.3494 6.45607
    endloop
  endfacet
  facet normal 0.555572 0 0.831468
    outer loop
      vertex -3.10846 -45.0314 6.45607
      vertex -3.5 -30.3494 6.71769
      vertex -3.5 -45.0314 6.71769
    endloop
  endfacet
  facet normal 0.555572 0 0.831468
    outer loop
      vertex -3.5 65.5152 6.71769
      vertex -3.10846 50.8333 6.45607
      vertex -3.10846 65.5152 6.45607
    endloop
  endfacet
  facet normal 0.555572 0 0.831468
    outer loop
      vertex -3.10846 50.8333 6.45607
      vertex -3.5 65.5152 6.71769
      vertex -3.5 50.8333 6.71769
    endloop
  endfacet
  facet normal 0.555572 0 0.831468
    outer loop
      vertex -3.5 47.0333 6.71769
      vertex -3.10846 -26.5494 6.45607
      vertex -3.10846 47.0333 6.45607
    endloop
  endfacet
  facet normal 0.555572 0 0.831468
    outer loop
      vertex -3.10846 -26.5494 6.45607
      vertex -3.5 47.0333 6.71769
      vertex -3.5 -26.5494 6.71769
    endloop
  endfacet
  facet normal 0.659352 0 0.751834
    outer loop
      vertex -3.10846 -30.3494 6.45607
      vertex -2.75442 -45.0314 6.14558
      vertex -2.75442 -30.3494 6.14558
    endloop
  endfacet
  facet normal 0.659352 0 0.751834
    outer loop
      vertex -2.75442 -45.0314 6.14558
      vertex -3.10846 -30.3494 6.45607
      vertex -3.10846 -45.0314 6.45607
    endloop
  endfacet
  facet normal 0.659352 0 0.751834
    outer loop
      vertex -3.10846 65.5152 6.45607
      vertex -2.75442 50.8333 6.14558
      vertex -2.75442 65.5152 6.14558
    endloop
  endfacet
  facet normal 0.659352 0 0.751834
    outer loop
      vertex -2.75442 50.8333 6.14558
      vertex -3.10846 65.5152 6.45607
      vertex -3.10846 50.8333 6.45607
    endloop
  endfacet
  facet normal 0.659352 0 0.751834
    outer loop
      vertex -3.10846 47.0333 6.45607
      vertex -2.75442 -26.5494 6.14558
      vertex -2.75442 47.0333 6.14558
    endloop
  endfacet
  facet normal 0.659352 0 0.751834
    outer loop
      vertex -2.75442 -26.5494 6.14558
      vertex -3.10846 47.0333 6.45607
      vertex -3.10846 -26.5494 6.45607
    endloop
  endfacet
  facet normal 0.659353 0 -0.751833
    outer loop
      vertex -3.10846 -45.0314 0.743929
      vertex -2.75442 -30.3494 1.05442
      vertex -2.75442 -45.0314 1.05442
    endloop
  endfacet
  facet normal 0.659353 0 -0.751833
    outer loop
      vertex -2.75442 -30.3494 1.05442
      vertex -3.10846 -45.0314 0.743929
      vertex -3.10846 -30.3494 0.743929
    endloop
  endfacet
  facet normal 0.659353 0 -0.751833
    outer loop
      vertex -3.10846 50.8333 0.743929
      vertex -2.75442 65.5152 1.05442
      vertex -2.75442 50.8333 1.05442
    endloop
  endfacet
  facet normal 0.659353 0 -0.751833
    outer loop
      vertex -2.75442 65.5152 1.05442
      vertex -3.10846 50.8333 0.743929
      vertex -3.10846 65.5152 0.743929
    endloop
  endfacet
  facet normal 0.659353 0 -0.751833
    outer loop
      vertex -3.10846 -26.5494 0.743929
      vertex -2.75442 47.0333 1.05442
      vertex -2.75442 -26.5494 1.05442
    endloop
  endfacet
  facet normal 0.659353 0 -0.751833
    outer loop
      vertex -2.75442 47.0333 1.05442
      vertex -3.10846 -26.5494 0.743929
      vertex -3.10846 47.0333 0.743929
    endloop
  endfacet
  facet normal -0.82486 -0.565337 0
    outer loop
      vertex -120.614 -10.1626 0
      vertex -120.816 -9.86787 7.2
      vertex -120.816 -9.86787 0
    endloop
  endfacet
  facet normal -0.82486 -0.565337 0
    outer loop
      vertex -120.816 -9.86787 7.2
      vertex -120.614 -10.1626 0
      vertex -120.614 -10.1626 7.2
    endloop
  endfacet
  facet normal -0.709327 -0.704879 0
    outer loop
      vertex -120 -10.86 0
      vertex -120.206 -10.6527 7.2
      vertex -120.206 -10.6527 0
    endloop
  endfacet
  facet normal -0.709327 -0.704879 0
    outer loop
      vertex -120.206 -10.6527 7.2
      vertex -120 -10.86 0
      vertex -120 -10.86 7.2
    endloop
  endfacet
  facet normal -0.753218 -0.657771 0
    outer loop
      vertex -120.206 -10.6527 0
      vertex -120.441 -10.3836 7.2
      vertex -120.441 -10.3836 0
    endloop
  endfacet
  facet normal -0.753218 -0.657771 0
    outer loop
      vertex -120.441 -10.3836 7.2
      vertex -120.206 -10.6527 0
      vertex -120.206 -10.6527 7.2
    endloop
  endfacet
  facet normal -0.993121 0.117094 0
    outer loop
      vertex -121.65 -6.51613 0
      vertex -121.608 -6.15991 7.2
      vertex -121.608 -6.15991 0
    endloop
  endfacet
  facet normal -0.993121 0.117094 0
    outer loop
      vertex -121.608 -6.15991 7.2
      vertex -121.65 -6.51613 0
      vertex -121.65 -6.51613 7.2
    endloop
  endfacet
  facet normal 0 1 0
    outer loop
      vertex -4.83011 65.5152 7.1692
      vertex -5.15642 65.5152 4.69059
      vertex -5.3 65.5152 4.7
    endloop
  endfacet
  facet normal 0 1 0
    outer loop
      vertex -2.18231 65.5152 5.4
      vertex -5.0153 65.5152 4.66252
      vertex -5.15642 65.5152 4.69059
    endloop
  endfacet
  facet normal 0 1 0
    outer loop
      vertex -2.18231 65.5152 5.4
      vertex -4.87905 65.5152 4.61627
      vertex -5.0153 65.5152 4.66252
    endloop
  endfacet
  facet normal 0 1 0
    outer loop
      vertex -2.18231 65.5152 5.4
      vertex -4.75 65.5152 4.55263
      vertex -4.87905 65.5152 4.61627
    endloop
  endfacet
  facet normal 0 1 0
    outer loop
      vertex -4.28373 65.5152 4.02095
      vertex -1.97403 65.5152 4.97766
      vertex -1.82267 65.5152 4.53175
    endloop
  endfacet
  facet normal 0 1 0
    outer loop
      vertex -2.18231 65.5152 5.4
      vertex -4.63036 65.5152 4.47269
      vertex -4.75 65.5152 4.55263
    endloop
  endfacet
  facet normal 0 1 0
    outer loop
      vertex -2.18231 65.5152 5.4
      vertex -4.52218 65.5152 4.37782
      vertex -4.63036 65.5152 4.47269
    endloop
  endfacet
  facet normal 0 1 0
    outer loop
      vertex -2.18231 65.5152 5.4
      vertex -4.42731 65.5152 4.26964
      vertex -4.52218 65.5152 4.37782
    endloop
  endfacet
  facet normal 0 1 0
    outer loop
      vertex -2.18231 65.5152 5.4
      vertex -4.34737 65.5152 4.15
      vertex -4.42731 65.5152 4.26964
    endloop
  endfacet
  facet normal 0 1 0
    outer loop
      vertex -4.23748 65.5152 3.8847
      vertex -1.82267 65.5152 4.53175
      vertex -1.7308 65.5152 4.06989
    endloop
  endfacet
  facet normal 0 1 0
    outer loop
      vertex -1.97403 65.5152 4.97766
      vertex -4.28373 65.5152 4.02095
      vertex -4.34737 65.5152 4.15
    endloop
  endfacet
  facet normal 0 1 0
    outer loop
      vertex -1.82267 65.5152 4.53175
      vertex -4.23748 65.5152 3.8847
      vertex -4.28373 65.5152 4.02095
    endloop
  endfacet
  facet normal 0 1 0
    outer loop
      vertex -1.7308 65.5152 4.06989
      vertex -4.20941 65.5152 3.74358
      vertex -4.23748 65.5152 3.8847
    endloop
  endfacet
  facet normal 0 1 0
    outer loop
      vertex -1.7 65.5152 3.6
      vertex -4.20941 65.5152 3.74358
      vertex -1.7308 65.5152 4.06989
    endloop
  endfacet
  facet normal 0 1 0
    outer loop
      vertex -1.7 65.5152 3.6
      vertex -4.2 65.5152 3.6
      vertex -4.20941 65.5152 3.74358
    endloop
  endfacet
  facet normal 0 1 0
    outer loop
      vertex -1.7 65.5152 3.6
      vertex -4.20941 65.5152 3.45642
      vertex -4.2 65.5152 3.6
    endloop
  endfacet
  facet normal 0 1 -0
    outer loop
      vertex -1.7308 65.5152 3.13011
      vertex -4.20941 65.5152 3.45642
      vertex -1.7 65.5152 3.6
    endloop
  endfacet
  facet normal 0 1 0
    outer loop
      vertex -4.20941 65.5152 3.45642
      vertex -1.7308 65.5152 3.13011
      vertex -4.23748 65.5152 3.3153
    endloop
  endfacet
  facet normal 0 1 -0
    outer loop
      vertex -1.82267 65.5152 2.66825
      vertex -4.23748 65.5152 3.3153
      vertex -1.7308 65.5152 3.13011
    endloop
  endfacet
  facet normal 0 1 0
    outer loop
      vertex -4.23748 65.5152 3.3153
      vertex -1.82267 65.5152 2.66825
      vertex -4.28373 65.5152 3.17905
    endloop
  endfacet
  facet normal 0 1 -0
    outer loop
      vertex -1.97403 65.5152 2.22234
      vertex -4.28373 65.5152 3.17905
      vertex -1.82267 65.5152 2.66825
    endloop
  endfacet
  facet normal 0 1 0
    outer loop
      vertex -4.28373 65.5152 3.17905
      vertex -1.97403 65.5152 2.22234
      vertex -4.34737 65.5152 3.05
    endloop
  endfacet
  facet normal 0 1 -0
    outer loop
      vertex -2.18231 65.5152 1.8
      vertex -4.34737 65.5152 3.05
      vertex -1.97403 65.5152 2.22234
    endloop
  endfacet
  facet normal 0 1 0
    outer loop
      vertex -4.34737 65.5152 3.05
      vertex -2.18231 65.5152 1.8
      vertex -4.42731 65.5152 2.93036
    endloop
  endfacet
  facet normal 0 1 -0
    outer loop
      vertex -2.44393 65.5152 1.40846
      vertex -4.42731 65.5152 2.93036
      vertex -2.18231 65.5152 1.8
    endloop
  endfacet
  facet normal 0 1 0
    outer loop
      vertex -4.42731 65.5152 2.93036
      vertex -2.44393 65.5152 1.40846
      vertex -4.52218 65.5152 2.82218
    endloop
  endfacet
  facet normal 0 1 -0
    outer loop
      vertex -2.75442 65.5152 1.05442
      vertex -4.52218 65.5152 2.82218
      vertex -2.44393 65.5152 1.40846
    endloop
  endfacet
  facet normal 0 1 0
    outer loop
      vertex -4.52218 65.5152 2.82218
      vertex -2.75442 65.5152 1.05442
      vertex -4.63036 65.5152 2.72731
    endloop
  endfacet
  facet normal 0 1 -0
    outer loop
      vertex -3.10846 65.5152 0.743929
      vertex -4.63036 65.5152 2.72731
      vertex -2.75442 65.5152 1.05442
    endloop
  endfacet
  facet normal 0 1 0
    outer loop
      vertex -4.63036 65.5152 2.72731
      vertex -3.10846 65.5152 0.743929
      vertex -4.75 65.5152 2.64737
    endloop
  endfacet
  facet normal 0 1 0
    outer loop
      vertex -5.3 65.5152 4.7
      vertex -5.3 65.5152 7.2
      vertex -4.83011 65.5152 7.1692
    endloop
  endfacet
  facet normal 0 1 0
    outer loop
      vertex -5.15642 65.5152 4.69059
      vertex -4.83011 65.5152 7.1692
      vertex -4.36825 65.5152 7.07733
    endloop
  endfacet
  facet normal 0 1 0
    outer loop
      vertex -5.15642 65.5152 4.69059
      vertex -4.36825 65.5152 7.07733
      vertex -3.92234 65.5152 6.92597
    endloop
  endfacet
  facet normal 0 1 0
    outer loop
      vertex -5.15642 65.5152 4.69059
      vertex -3.92234 65.5152 6.92597
      vertex -3.5 65.5152 6.71769
    endloop
  endfacet
  facet normal 0 1 0
    outer loop
      vertex -5.15642 65.5152 4.69059
      vertex -3.5 65.5152 6.71769
      vertex -3.10846 65.5152 6.45607
    endloop
  endfacet
  facet normal 0 1 0
    outer loop
      vertex -5.15642 65.5152 4.69059
      vertex -3.10846 65.5152 6.45607
      vertex -2.75442 65.5152 6.14558
    endloop
  endfacet
  facet normal 0 1 0
    outer loop
      vertex -5.15642 65.5152 4.69059
      vertex -2.75442 65.5152 6.14558
      vertex -2.44393 65.5152 5.79154
    endloop
  endfacet
  facet normal 0 1 0
    outer loop
      vertex -5.15642 65.5152 4.69059
      vertex -2.44393 65.5152 5.79154
      vertex -2.18231 65.5152 5.4
    endloop
  endfacet
  facet normal 0 1 0
    outer loop
      vertex -4.34737 65.5152 4.15
      vertex -2.18231 65.5152 5.4
      vertex -1.97403 65.5152 4.97766
    endloop
  endfacet
  facet normal 0 1 0
    outer loop
      vertex -5.3 65.5152 7.2
      vertex -5.3 65.5152 4.7
      vertex -5.44358 65.5152 4.69059
    endloop
  endfacet
  facet normal 0 1 0
    outer loop
      vertex -5.3 65.5152 7.2
      vertex -5.44358 65.5152 4.69059
      vertex -5.5847 65.5152 4.66252
    endloop
  endfacet
  facet normal 0 1 0
    outer loop
      vertex -5.3 65.5152 7.2
      vertex -5.5847 65.5152 4.66252
      vertex -5.72095 65.5152 4.61627
    endloop
  endfacet
  facet normal 0 1 0
    outer loop
      vertex -5.3 65.5152 7.2
      vertex -5.72095 65.5152 4.61627
      vertex -5.85 65.5152 4.55263
    endloop
  endfacet
  facet normal 0 1 0
    outer loop
      vertex -5.3 65.5152 7.2
      vertex -5.85 65.5152 4.55263
      vertex -5.96964 65.5152 4.47269
    endloop
  endfacet
  facet normal 0 1 0
    outer loop
      vertex -5.3 65.5152 7.2
      vertex -5.96964 65.5152 4.47269
      vertex -6.07782 65.5152 4.37782
    endloop
  endfacet
  facet normal 0 1 0
    outer loop
      vertex -5.3 65.5152 7.2
      vertex -6.07782 65.5152 4.37782
      vertex -6.17269 65.5152 4.26964
    endloop
  endfacet
  facet normal 0 1 0
    outer loop
      vertex -5.3 65.5152 7.2
      vertex -6.17269 65.5152 4.26964
      vertex -6.25263 65.5152 4.15
    endloop
  endfacet
  facet normal 0 1 0
    outer loop
      vertex -5.3 65.5152 7.2
      vertex -6.25263 65.5152 4.15
      vertex -6.31627 65.5152 4.02095
    endloop
  endfacet
  facet normal 0 1 0
    outer loop
      vertex -5.3 65.5152 7.2
      vertex -6.31627 65.5152 4.02095
      vertex -74.5511 65.5152 7.2
    endloop
  endfacet
  facet normal 0 1 -0
    outer loop
      vertex -6.36252 65.5152 3.8847
      vertex -74.5511 65.5152 7.2
      vertex -6.31627 65.5152 4.02095
    endloop
  endfacet
  facet normal 0 1 -0
    outer loop
      vertex -6.39059 65.5152 3.74358
      vertex -74.5511 65.5152 7.2
      vertex -6.36252 65.5152 3.8847
    endloop
  endfacet
  facet normal 0 1 0
    outer loop
      vertex -74.5511 65.5152 7.2
      vertex -6.39059 65.5152 3.74358
      vertex -74.5511 65.5152 4
    endloop
  endfacet
  facet normal 0 1 -0
    outer loop
      vertex -6.4 65.5152 3.6
      vertex -74.5511 65.5152 4
      vertex -6.39059 65.5152 3.74358
    endloop
  endfacet
  facet normal 0 1 0
    outer loop
      vertex -6.39059 65.5152 3.45642
      vertex -74.5511 65.5152 4
      vertex -6.4 65.5152 3.6
    endloop
  endfacet
  facet normal 0 1 0
    outer loop
      vertex -6.36252 65.5152 3.3153
      vertex -74.5511 65.5152 4
      vertex -6.39059 65.5152 3.45642
    endloop
  endfacet
  facet normal 0 1 0
    outer loop
      vertex -6.31627 65.5152 3.17905
      vertex -74.5511 65.5152 4
      vertex -6.36252 65.5152 3.3153
    endloop
  endfacet
  facet normal 0 1 0
    outer loop
      vertex -5.3 65.5152 0
      vertex -74.5511 65.5152 4
      vertex -6.31627 65.5152 3.17905
    endloop
  endfacet
  facet normal 0 1 0
    outer loop
      vertex -5.3 65.5152 0
      vertex -6.31627 65.5152 3.17905
      vertex -6.25263 65.5152 3.05
    endloop
  endfacet
  facet normal 0 1 0
    outer loop
      vertex -5.3 65.5152 0
      vertex -6.25263 65.5152 3.05
      vertex -6.17269 65.5152 2.93036
    endloop
  endfacet
  facet normal 0 1 0
    outer loop
      vertex -5.3 65.5152 5.72205e-07
      vertex -6.17269 65.5152 2.93036
      vertex -6.07782 65.5152 2.82218
    endloop
  endfacet
  facet normal 0 1 0
    outer loop
      vertex -5.3 65.5152 5.72205e-07
      vertex -6.07782 65.5152 2.82218
      vertex -5.96964 65.5152 2.72731
    endloop
  endfacet
  facet normal 0 1 0
    outer loop
      vertex -5.3 65.5152 5.72205e-07
      vertex -5.96964 65.5152 2.72731
      vertex -5.85 65.5152 2.64737
    endloop
  endfacet
  facet normal 0 1 0
    outer loop
      vertex -5.3 65.5152 5.72205e-07
      vertex -5.85 65.5152 2.64737
      vertex -5.72095 65.5152 2.58373
    endloop
  endfacet
  facet normal 0 1 0
    outer loop
      vertex -5.3 65.5152 5.72205e-07
      vertex -5.72095 65.5152 2.58373
      vertex -5.5847 65.5152 2.53748
    endloop
  endfacet
  facet normal 0 1 0
    outer loop
      vertex -5.3 65.5152 5.72205e-07
      vertex -5.5847 65.5152 2.53748
      vertex -5.44358 65.5152 2.50941
    endloop
  endfacet
  facet normal 0 1 -0
    outer loop
      vertex -5.3 65.5152 5.72205e-07
      vertex -5.44358 65.5152 2.50941
      vertex -5.3 65.5152 2.5
    endloop
  endfacet
  facet normal 0 1 -0
    outer loop
      vertex -3.5 65.5152 0.482309
      vertex -4.75 65.5152 2.64737
      vertex -3.10846 65.5152 0.743929
    endloop
  endfacet
  facet normal 0 1 0
    outer loop
      vertex -4.75 65.5152 2.64737
      vertex -3.5 65.5152 0.482309
      vertex -4.87905 65.5152 2.58373
    endloop
  endfacet
  facet normal 0 1 -0
    outer loop
      vertex -3.92234 65.5152 0.274034
      vertex -4.87905 65.5152 2.58373
      vertex -3.5 65.5152 0.482309
    endloop
  endfacet
  facet normal 0 1 0
    outer loop
      vertex -4.87905 65.5152 2.58373
      vertex -3.92234 65.5152 0.274034
      vertex -5.0153 65.5152 2.53748
    endloop
  endfacet
  facet normal 0 1 -0
    outer loop
      vertex -4.36825 65.5152 0.122668
      vertex -5.0153 65.5152 2.53748
      vertex -3.92234 65.5152 0.274034
    endloop
  endfacet
  facet normal 0 1 0
    outer loop
      vertex -5.0153 65.5152 2.53748
      vertex -4.36825 65.5152 0.122668
      vertex -5.15642 65.5152 2.50941
    endloop
  endfacet
  facet normal 0 1 -0
    outer loop
      vertex -4.83011 65.5152 0.0307985
      vertex -5.15642 65.5152 2.50941
      vertex -4.36825 65.5152 0.122668
    endloop
  endfacet
  facet normal 0 1 0
    outer loop
      vertex -5.15642 65.5152 2.50941
      vertex -4.83011 65.5152 0.0307985
      vertex -5.3 65.5152 2.5
    endloop
  endfacet
  facet normal 0 1 0
    outer loop
      vertex -5.3 65.5152 2.5
      vertex -4.83011 65.5152 0.0307985
      vertex -5.3 65.5152 5.72205e-07
    endloop
  endfacet
  facet normal 0 1 0
    outer loop
      vertex -6.17269 65.5152 2.93036
      vertex -5.3 65.5152 5.72205e-07
      vertex -5.3 65.5152 0
    endloop
  endfacet
  facet normal 0 1 0
    outer loop
      vertex -74.5511 65.5152 4
      vertex -5.3 65.5152 0
      vertex -104.592 65.5152 0
    endloop
  endfacet
  facet normal 0 1 0
    outer loop
      vertex -74.5511 65.5152 4
      vertex -104.592 65.5152 0
      vertex -104.592 65.5152 4
    endloop
  endfacet
  facet normal -0.886324 -0.463065 0
    outer loop
      vertex -120.966 -9.61998 0
      vertex -121.132 -9.30225 7.2
      vertex -121.132 -9.30225 0
    endloop
  endfacet
  facet normal -0.886324 -0.463065 0
    outer loop
      vertex -121.132 -9.30225 7.2
      vertex -120.966 -9.61998 0
      vertex -120.966 -9.61998 7.2
    endloop
  endfacet
  facet normal -0.955389 -0.295351 0
    outer loop
      vertex -121.378 -8.7029 0
      vertex -121.462 -8.43118 7.2
      vertex -121.462 -8.43118 0
    endloop
  endfacet
  facet normal -0.955389 -0.295351 0
    outer loop
      vertex -121.462 -8.43118 7.2
      vertex -121.378 -8.7029 0
      vertex -121.378 -8.7029 7.2
    endloop
  endfacet
  facet normal -0.78743 -0.616404 0
    outer loop
      vertex -120.441 -10.3836 0
      vertex -120.614 -10.1626 7.2
      vertex -120.614 -10.1626 0
    endloop
  endfacet
  facet normal -0.78743 -0.616404 0
    outer loop
      vertex -120.614 -10.1626 7.2
      vertex -120.441 -10.3836 0
      vertex -120.441 -10.3836 7.2
    endloop
  endfacet
  facet normal -0.521299 -0.853374 0
    outer loop
      vertex -94.0224 -31.458 0
      vertex -93.7703 -31.612 7.2
      vertex -94.0224 -31.458 7.2
    endloop
  endfacet
  facet normal -0.521299 -0.853374 -0
    outer loop
      vertex -93.7703 -31.612 7.2
      vertex -94.0224 -31.458 0
      vertex -93.7703 -31.612 0
    endloop
  endfacet
  facet normal 0 -1 0
    outer loop
      vertex -6.25263 -45.0314 4.15
      vertex -5.3 -45.0314 7.2
      vertex -22.6846 -45.0314 7.2
    endloop
  endfacet
  facet normal -0 -1 0
    outer loop
      vertex -6.07782 -45.0314 4.37782
      vertex -5.3 -45.0314 7.2
      vertex -6.17269 -45.0314 4.26964
    endloop
  endfacet
  facet normal -0 -1 0
    outer loop
      vertex -5.85 -45.0314 4.55263
      vertex -5.3 -45.0314 7.2
      vertex -5.96964 -45.0314 4.47269
    endloop
  endfacet
  facet normal -0 -1 0
    outer loop
      vertex -5.5847 -45.0314 4.66252
      vertex -5.3 -45.0314 7.2
      vertex -5.72095 -45.0314 4.61627
    endloop
  endfacet
  facet normal -0 -1 0
    outer loop
      vertex -5.44358 -45.0314 4.69059
      vertex -5.3 -45.0314 7.2
      vertex -5.5847 -45.0314 4.66252
    endloop
  endfacet
  facet normal 0 -1 0
    outer loop
      vertex -5.3 -45.0314 7.2
      vertex -5.3 -45.0314 4.7
      vertex -4.83011 -45.0314 7.1692
    endloop
  endfacet
  facet normal 0 -1 -0
    outer loop
      vertex -4.83011 -45.0314 7.1692
      vertex -5.15642 -45.0314 4.69059
      vertex -4.36825 -45.0314 7.07733
    endloop
  endfacet
  facet normal 0 -1 -0
    outer loop
      vertex -4.36825 -45.0314 7.07733
      vertex -5.0153 -45.0314 4.66252
      vertex -3.92234 -45.0314 6.92597
    endloop
  endfacet
  facet normal 0 -1 -0
    outer loop
      vertex -3.92234 -45.0314 6.92597
      vertex -4.87905 -45.0314 4.61627
      vertex -3.5 -45.0314 6.71769
    endloop
  endfacet
  facet normal 0 -1 -0
    outer loop
      vertex -3.5 -45.0314 6.71769
      vertex -4.75 -45.0314 4.55263
      vertex -3.10846 -45.0314 6.45607
    endloop
  endfacet
  facet normal 0 -1 0
    outer loop
      vertex -4.75 -45.0314 4.55263
      vertex -3.5 -45.0314 6.71769
      vertex -4.87905 -45.0314 4.61627
    endloop
  endfacet
  facet normal 0 -1 0
    outer loop
      vertex -4.87905 -45.0314 4.61627
      vertex -3.92234 -45.0314 6.92597
      vertex -5.0153 -45.0314 4.66252
    endloop
  endfacet
  facet normal 0 -1 0
    outer loop
      vertex -5.0153 -45.0314 4.66252
      vertex -4.36825 -45.0314 7.07733
      vertex -5.15642 -45.0314 4.69059
    endloop
  endfacet
  facet normal 0 -1 0
    outer loop
      vertex -5.15642 -45.0314 4.69059
      vertex -4.83011 -45.0314 7.1692
      vertex -5.3 -45.0314 4.7
    endloop
  endfacet
  facet normal -0 -1 0
    outer loop
      vertex -5.3 -45.0314 4.7
      vertex -5.3 -45.0314 7.2
      vertex -5.44358 -45.0314 4.69059
    endloop
  endfacet
  facet normal -0 -1 0
    outer loop
      vertex -5.72095 -45.0314 4.61627
      vertex -5.3 -45.0314 7.2
      vertex -5.85 -45.0314 4.55263
    endloop
  endfacet
  facet normal -0 -1 0
    outer loop
      vertex -5.96964 -45.0314 4.47269
      vertex -5.3 -45.0314 7.2
      vertex -6.07782 -45.0314 4.37782
    endloop
  endfacet
  facet normal 0 -1 0
    outer loop
      vertex -5.3 -45.0314 7.2
      vertex -6.25263 -45.0314 4.15
      vertex -6.17269 -45.0314 4.26964
    endloop
  endfacet
  facet normal 0 -1 0
    outer loop
      vertex -22.6846 -45.0314 7.2
      vertex -6.31627 -45.0314 4.02095
      vertex -6.25263 -45.0314 4.15
    endloop
  endfacet
  facet normal 0 -1 0
    outer loop
      vertex -22.6846 -45.0314 7.2
      vertex -6.36252 -45.0314 3.8847
      vertex -6.31627 -45.0314 4.02095
    endloop
  endfacet
  facet normal 0 -1 0
    outer loop
      vertex -22.6846 -45.0314 7.2
      vertex -6.39059 -45.0314 3.74358
      vertex -6.36252 -45.0314 3.8847
    endloop
  endfacet
  facet normal 0 -1 0
    outer loop
      vertex -22.6846 -45.0314 7.2
      vertex -6.4 -45.0314 3.6
      vertex -6.39059 -45.0314 3.74358
    endloop
  endfacet
  facet normal 0 -1 0
    outer loop
      vertex -22.6846 -45.0314 0
      vertex -6.4 -45.0314 3.6
      vertex -22.6846 -45.0314 7.2
    endloop
  endfacet
  facet normal 0 -1 -0
    outer loop
      vertex -6.4 -45.0314 3.6
      vertex -22.6846 -45.0314 0
      vertex -6.39059 -45.0314 3.45642
    endloop
  endfacet
  facet normal 0 -1 -0
    outer loop
      vertex -6.39059 -45.0314 3.45642
      vertex -22.6846 -45.0314 0
      vertex -6.36252 -45.0314 3.3153
    endloop
  endfacet
  facet normal 0 -1 -0
    outer loop
      vertex -6.36252 -45.0314 3.3153
      vertex -22.6846 -45.0314 0
      vertex -6.31627 -45.0314 3.17905
    endloop
  endfacet
  facet normal 0 -1 -0
    outer loop
      vertex -6.31627 -45.0314 3.17905
      vertex -22.6846 -45.0314 0
      vertex -6.25263 -45.0314 3.05
    endloop
  endfacet
  facet normal 0 -1 0
    outer loop
      vertex -5.3 -45.0314 0
      vertex -6.25263 -45.0314 3.05
      vertex -22.6846 -45.0314 0
    endloop
  endfacet
  facet normal 0 -1 0
    outer loop
      vertex -6.25263 -45.0314 3.05
      vertex -5.3 -45.0314 0
      vertex -6.17269 -45.0314 2.93036
    endloop
  endfacet
  facet normal -0 -1 -0
    outer loop
      vertex -5.3 -45.0314 5.72205e-07
      vertex -6.17269 -45.0314 2.93036
      vertex -5.3 -45.0314 0
    endloop
  endfacet
  facet normal 0 -1 0
    outer loop
      vertex -6.17269 -45.0314 2.93036
      vertex -5.3 -45.0314 5.72205e-07
      vertex -6.07782 -45.0314 2.82218
    endloop
  endfacet
  facet normal 0 -1 0
    outer loop
      vertex -6.07782 -45.0314 2.82218
      vertex -5.3 -45.0314 5.72205e-07
      vertex -5.96964 -45.0314 2.72731
    endloop
  endfacet
  facet normal 0 -1 0
    outer loop
      vertex -5.3 -45.0314 5.72205e-07
      vertex -5.3 -45.0314 2.5
      vertex -5.44358 -45.0314 2.50941
    endloop
  endfacet
  facet normal 0 -1 0
    outer loop
      vertex -5.3 -45.0314 2.5
      vertex -2.18231 -45.0314 1.8
      vertex -1.97403 -45.0314 2.22234
    endloop
  endfacet
  facet normal 0 -1 0
    outer loop
      vertex -5.3 -45.0314 5.72205e-07
      vertex -5.44358 -45.0314 2.50941
      vertex -5.5847 -45.0314 2.53748
    endloop
  endfacet
  facet normal 0 -1 0
    outer loop
      vertex -5.3 -45.0314 2.5
      vertex -2.44393 -45.0314 1.40846
      vertex -2.18231 -45.0314 1.8
    endloop
  endfacet
  facet normal 0 -1 0
    outer loop
      vertex -5.96964 -45.0314 2.72731
      vertex -5.3 -45.0314 5.72205e-07
      vertex -5.85 -45.0314 2.64737
    endloop
  endfacet
  facet normal 0 -1 0
    outer loop
      vertex -5.3 -45.0314 2.5
      vertex -5.3 -45.0314 5.72205e-07
      vertex -4.83011 -45.0314 0.0307985
    endloop
  endfacet
  facet normal 0 -1 0
    outer loop
      vertex -5.3 -45.0314 2.5
      vertex -2.75442 -45.0314 1.05442
      vertex -2.44393 -45.0314 1.40846
    endloop
  endfacet
  facet normal 0 -1 0
    outer loop
      vertex -5.3 -45.0314 2.5
      vertex -3.10846 -45.0314 0.743929
      vertex -2.75442 -45.0314 1.05442
    endloop
  endfacet
  facet normal 0 -1 0
    outer loop
      vertex -5.3 -45.0314 2.5
      vertex -3.5 -45.0314 0.482309
      vertex -3.10846 -45.0314 0.743929
    endloop
  endfacet
  facet normal 0 -1 0
    outer loop
      vertex -5.3 -45.0314 2.5
      vertex -3.92234 -45.0314 0.274034
      vertex -3.5 -45.0314 0.482309
    endloop
  endfacet
  facet normal 0 -1 0
    outer loop
      vertex -5.3 -45.0314 2.5
      vertex -4.36825 -45.0314 0.122668
      vertex -3.92234 -45.0314 0.274034
    endloop
  endfacet
  facet normal 0 -1 0
    outer loop
      vertex -5.3 -45.0314 2.5
      vertex -4.83011 -45.0314 0.0307985
      vertex -4.36825 -45.0314 0.122668
    endloop
  endfacet
  facet normal 0 -1 0
    outer loop
      vertex -5.72095 -45.0314 2.58373
      vertex -5.3 -45.0314 5.72205e-07
      vertex -5.5847 -45.0314 2.53748
    endloop
  endfacet
  facet normal 0 -1 0
    outer loop
      vertex -5.85 -45.0314 2.64737
      vertex -5.3 -45.0314 5.72205e-07
      vertex -5.72095 -45.0314 2.58373
    endloop
  endfacet
  facet normal 0 -1 0
    outer loop
      vertex -4.63036 -45.0314 4.47269
      vertex -3.10846 -45.0314 6.45607
      vertex -4.75 -45.0314 4.55263
    endloop
  endfacet
  facet normal 0 -1 -0
    outer loop
      vertex -3.10846 -45.0314 6.45607
      vertex -4.63036 -45.0314 4.47269
      vertex -2.75442 -45.0314 6.14558
    endloop
  endfacet
  facet normal 0 -1 0
    outer loop
      vertex -4.52218 -45.0314 4.37782
      vertex -2.75442 -45.0314 6.14558
      vertex -4.63036 -45.0314 4.47269
    endloop
  endfacet
  facet normal 0 -1 -0
    outer loop
      vertex -2.75442 -45.0314 6.14558
      vertex -4.52218 -45.0314 4.37782
      vertex -2.44393 -45.0314 5.79154
    endloop
  endfacet
  facet normal 0 -1 0
    outer loop
      vertex -4.42731 -45.0314 4.26964
      vertex -2.44393 -45.0314 5.79154
      vertex -4.52218 -45.0314 4.37782
    endloop
  endfacet
  facet normal 0 -1 -0
    outer loop
      vertex -2.44393 -45.0314 5.79154
      vertex -4.42731 -45.0314 4.26964
      vertex -2.18231 -45.0314 5.4
    endloop
  endfacet
  facet normal 0 -1 0
    outer loop
      vertex -4.34737 -45.0314 4.15
      vertex -2.18231 -45.0314 5.4
      vertex -4.42731 -45.0314 4.26964
    endloop
  endfacet
  facet normal 0 -1 -0
    outer loop
      vertex -2.18231 -45.0314 5.4
      vertex -4.34737 -45.0314 4.15
      vertex -1.97403 -45.0314 4.97766
    endloop
  endfacet
  facet normal 0 -1 0
    outer loop
      vertex -4.28373 -45.0314 4.02095
      vertex -1.97403 -45.0314 4.97766
      vertex -4.34737 -45.0314 4.15
    endloop
  endfacet
  facet normal 0 -1 -0
    outer loop
      vertex -1.97403 -45.0314 4.97766
      vertex -4.28373 -45.0314 4.02095
      vertex -1.82267 -45.0314 4.53175
    endloop
  endfacet
  facet normal 0 -1 0
    outer loop
      vertex -4.23748 -45.0314 3.8847
      vertex -1.82267 -45.0314 4.53175
      vertex -4.28373 -45.0314 4.02095
    endloop
  endfacet
  facet normal 0 -1 -0
    outer loop
      vertex -1.82267 -45.0314 4.53175
      vertex -4.23748 -45.0314 3.8847
      vertex -1.7308 -45.0314 4.06989
    endloop
  endfacet
  facet normal 0 -1 0
    outer loop
      vertex -4.20941 -45.0314 3.74358
      vertex -1.7308 -45.0314 4.06989
      vertex -4.23748 -45.0314 3.8847
    endloop
  endfacet
  facet normal 0 -1 0
    outer loop
      vertex -4.20941 -45.0314 3.74358
      vertex -1.7 -45.0314 3.6
      vertex -1.7308 -45.0314 4.06989
    endloop
  endfacet
  facet normal 0 -1 0
    outer loop
      vertex -4.2 -45.0314 3.6
      vertex -1.7 -45.0314 3.6
      vertex -4.20941 -45.0314 3.74358
    endloop
  endfacet
  facet normal 0 -1 0
    outer loop
      vertex -4.20941 -45.0314 3.45642
      vertex -1.7 -45.0314 3.6
      vertex -4.2 -45.0314 3.6
    endloop
  endfacet
  facet normal 0 -1 0
    outer loop
      vertex -1.7308 -45.0314 3.13011
      vertex -4.20941 -45.0314 3.45642
      vertex -4.23748 -45.0314 3.3153
    endloop
  endfacet
  facet normal 0 -1 0
    outer loop
      vertex -1.82267 -45.0314 2.66825
      vertex -4.23748 -45.0314 3.3153
      vertex -4.28373 -45.0314 3.17905
    endloop
  endfacet
  facet normal 0 -1 0
    outer loop
      vertex -4.20941 -45.0314 3.45642
      vertex -1.7308 -45.0314 3.13011
      vertex -1.7 -45.0314 3.6
    endloop
  endfacet
  facet normal 0 -1 0
    outer loop
      vertex -1.97403 -45.0314 2.22234
      vertex -4.28373 -45.0314 3.17905
      vertex -4.34737 -45.0314 3.05
    endloop
  endfacet
  facet normal 0 -1 0
    outer loop
      vertex -1.97403 -45.0314 2.22234
      vertex -4.34737 -45.0314 3.05
      vertex -4.42731 -45.0314 2.93036
    endloop
  endfacet
  facet normal 0 -1 0
    outer loop
      vertex -1.97403 -45.0314 2.22234
      vertex -4.42731 -45.0314 2.93036
      vertex -4.52218 -45.0314 2.82218
    endloop
  endfacet
  facet normal 0 -1 0
    outer loop
      vertex -1.97403 -45.0314 2.22234
      vertex -4.52218 -45.0314 2.82218
      vertex -4.63036 -45.0314 2.72731
    endloop
  endfacet
  facet normal 0 -1 0
    outer loop
      vertex -4.23748 -45.0314 3.3153
      vertex -1.82267 -45.0314 2.66825
      vertex -1.7308 -45.0314 3.13011
    endloop
  endfacet
  facet normal 0 -1 0
    outer loop
      vertex -1.97403 -45.0314 2.22234
      vertex -4.63036 -45.0314 2.72731
      vertex -4.75 -45.0314 2.64737
    endloop
  endfacet
  facet normal 0 -1 0
    outer loop
      vertex -1.97403 -45.0314 2.22234
      vertex -4.75 -45.0314 2.64737
      vertex -4.87905 -45.0314 2.58373
    endloop
  endfacet
  facet normal 0 -1 0
    outer loop
      vertex -1.97403 -45.0314 2.22234
      vertex -4.87905 -45.0314 2.58373
      vertex -5.0153 -45.0314 2.53748
    endloop
  endfacet
  facet normal 0 -1 0
    outer loop
      vertex -1.97403 -45.0314 2.22234
      vertex -5.0153 -45.0314 2.53748
      vertex -5.15642 -45.0314 2.50941
    endloop
  endfacet
  facet normal 0 -1 0
    outer loop
      vertex -1.97403 -45.0314 2.22234
      vertex -5.15642 -45.0314 2.50941
      vertex -5.3 -45.0314 2.5
    endloop
  endfacet
  facet normal 0 -1 0
    outer loop
      vertex -4.28373 -45.0314 3.17905
      vertex -1.97403 -45.0314 2.22234
      vertex -1.82267 -45.0314 2.66825
    endloop
  endfacet
  facet normal -0.997843 -0.065643 0
    outer loop
      vertex -121.645 -7.45317 0
      vertex -121.664 -7.16435 7.2
      vertex -121.664 -7.16435 0
    endloop
  endfacet
  facet normal -0.997843 -0.065643 0
    outer loop
      vertex -121.664 -7.16435 7.2
      vertex -121.645 -7.45317 0
      vertex -121.645 -7.45317 7.2
    endloop
  endfacet
  facet normal -0.982662 -0.185408 0
    outer loop
      vertex -121.548 -8.08398 0
      vertex -121.6 -7.80838 7.2
      vertex -121.6 -7.80838 0
    endloop
  endfacet
  facet normal -0.982662 -0.185408 0
    outer loop
      vertex -121.6 -7.80838 7.2
      vertex -121.548 -8.08398 0
      vertex -121.548 -8.08398 7.2
    endloop
  endfacet
  facet normal -0.573955 0.818887 0
    outer loop
      vertex -107.426 64.6167 0
      vertex -107.649 64.4604 7.2
      vertex -107.426 64.6167 7.2
    endloop
  endfacet
  facet normal -0.573955 0.818887 0
    outer loop
      vertex -107.649 64.4604 7.2
      vertex -107.426 64.6167 0
      vertex -107.649 64.4604 0
    endloop
  endfacet
  facet normal -0.872846 0.487995 0
    outer loop
      vertex -109.215 62.6408 0
      vertex -109.083 62.8769 7.2
      vertex -109.083 62.8769 0
    endloop
  endfacet
  facet normal -0.872846 0.487995 0
    outer loop
      vertex -109.083 62.8769 7.2
      vertex -109.215 62.6408 0
      vertex -109.215 62.6408 7.2
    endloop
  endfacet
  facet normal -0.984807 0.173655 0
    outer loop
      vertex -121.588 -6.02081 0
      vertex -109.76 61.0564 7.2
      vertex -109.76 61.0564 0
    endloop
  endfacet
  facet normal -0.984807 0.173655 0
    outer loop
      vertex -109.76 61.0564 7.2
      vertex -121.588 -6.02081 0
      vertex -121.588 -6.02081 7.2
    endloop
  endfacet
  facet normal -0.661396 0.750037 0
    outer loop
      vertex -107.913 64.2521 0
      vertex -108.111 64.0775 7.2
      vertex -107.913 64.2521 7.2
    endloop
  endfacet
  facet normal -0.661396 0.750037 0
    outer loop
      vertex -108.111 64.0775 7.2
      vertex -107.913 64.2521 0
      vertex -108.111 64.0775 0
    endloop
  endfacet
  facet normal -0.999984 -0.0055901 0
    outer loop
      vertex -121.664 -7.16435 0
      vertex -121.666 -6.80658 7.2
      vertex -121.666 -6.80658 0
    endloop
  endfacet
  facet normal -0.999984 -0.0055901 0
    outer loop
      vertex -121.666 -6.80658 7.2
      vertex -121.664 -7.16435 0
      vertex -121.664 -7.16435 7.2
    endloop
  endfacet
  facet normal -0.667113 -0.744957 0
    outer loop
      vertex -120 -10.86 0
      vertex -119.733 -11.0991 7.2
      vertex -120 -10.86 7.2
    endloop
  endfacet
  facet normal -0.667113 -0.744957 -0
    outer loop
      vertex -119.733 -11.0991 7.2
      vertex -120 -10.86 0
      vertex -119.733 -11.0991 0
    endloop
  endfacet
  facet normal -0.105692 0.994399 0
    outer loop
      vertex -104.846 65.5018 0
      vertex -105.18 65.4663 4
      vertex -104.846 65.5018 4
    endloop
  endfacet
  facet normal -0.105692 0.994399 0
    outer loop
      vertex -105.18 65.4663 4
      vertex -104.846 65.5018 0
      vertex -105.18 65.4663 0
    endloop
  endfacet
  facet normal -0.621322 -0.783555 0
    outer loop
      vertex -119.625 -11.1902 0
      vertex -94.4381 -31.1622 7.2
      vertex -119.625 -11.1902 7.2
    endloop
  endfacet
  facet normal -0.621322 -0.783555 -0
    outer loop
      vertex -94.4381 -31.1622 7.2
      vertex -119.625 -11.1902 0
      vertex -94.4381 -31.1622 0
    endloop
  endfacet
  facet normal -0.855559 -0.517705 0
    outer loop
      vertex -120.816 -9.86787 0
      vertex -120.966 -9.61998 7.2
      vertex -120.966 -9.61998 0
    endloop
  endfacet
  facet normal -0.855559 -0.517705 0
    outer loop
      vertex -120.966 -9.61998 7.2
      vertex -120.816 -9.86787 0
      vertex -120.816 -9.86787 7.2
    endloop
  endfacet
  facet normal -0.0090957 -0.999959 0
    outer loop
      vertex -23.0578 -45.0281 0
      vertex -22.706 -45.0313 7.2
      vertex -23.0578 -45.0281 7.2
    endloop
  endfacet
  facet normal -0.0090957 -0.999959 -0
    outer loop
      vertex -22.706 -45.0313 7.2
      vertex -23.0578 -45.0281 0
      vertex -22.706 -45.0313 0
    endloop
  endfacet
  facet normal -0.970666 -0.24043 0
    outer loop
      vertex -121.462 -8.43118 0
      vertex -121.548 -8.08398 7.2
      vertex -121.548 -8.08398 0
    endloop
  endfacet
  facet normal -0.970666 -0.24043 0
    outer loop
      vertex -121.548 -8.08398 7.2
      vertex -121.462 -8.43118 0
      vertex -121.462 -8.43118 7.2
    endloop
  endfacet
  facet normal -0.524314 0.851525 0
    outer loop
      vertex -107.139 64.7937 4
      vertex -107.139 64.7937 0
      vertex -107.336 64.6724 4
    endloop
  endfacet
  facet normal -0.526257 0.850326 0
    outer loop
      vertex -107.336 64.6724 4
      vertex -107.426 64.6167 7.2
      vertex -107.336 64.6724 7.2
    endloop
  endfacet
  facet normal -0.526257 0.850326 0
    outer loop
      vertex -107.336 64.6724 4
      vertex -107.426 64.6167 0
      vertex -107.426 64.6167 7.2
    endloop
  endfacet
  facet normal -0.524925 0.851149 -4.14453e-05
    outer loop
      vertex -107.426 64.6167 0
      vertex -107.336 64.6724 4
      vertex -107.139 64.7937 0
    endloop
  endfacet
  facet normal -0.973472 0.228807 0
    outer loop
      vertex -109.733 61.1893 0
      vertex -109.656 61.5169 7.2
      vertex -109.656 61.5169 0
    endloop
  endfacet
  facet normal -0.973472 0.228807 0
    outer loop
      vertex -109.656 61.5169 7.2
      vertex -109.733 61.1893 0
      vertex -109.733 61.1893 7.2
    endloop
  endfacet
  facet normal -0.413081 -0.910694 0
    outer loop
      vertex -93.448 -31.7826 0
      vertex -93.1819 -31.9033 7.2
      vertex -93.448 -31.7826 7.2
    endloop
  endfacet
  facet normal -0.413081 -0.910694 -0
    outer loop
      vertex -93.1819 -31.9033 7.2
      vertex -93.448 -31.7826 0
      vertex -93.1819 -31.9033 0
    endloop
  endfacet
  facet normal -0.911814 -0.410603 0
    outer loop
      vertex -121.132 -9.30225 0
      vertex -121.251 -9.03799 7.2
      vertex -121.251 -9.03799 0
    endloop
  endfacet
  facet normal -0.911814 -0.410603 0
    outer loop
      vertex -121.251 -9.03799 7.2
      vertex -121.132 -9.30225 0
      vertex -121.132 -9.30225 7.2
    endloop
  endfacet
  facet normal -0.644768 -0.764379 0
    outer loop
      vertex -119.733 -11.0991 0
      vertex -119.625 -11.1902 7.2
      vertex -119.733 -11.0991 7.2
    endloop
  endfacet
  facet normal -0.644768 -0.764379 -0
    outer loop
      vertex -119.625 -11.1902 7.2
      vertex -119.733 -11.0991 0
      vertex -119.625 -11.1902 0
    endloop
  endfacet
  facet normal -0.00467285 -0.999989 0
    outer loop
      vertex -22.706 -45.0313 0
      vertex -22.6846 -45.0314 7.2
      vertex -22.706 -45.0313 7.2
    endloop
  endfacet
  facet normal -0.00467285 -0.999989 -0
    outer loop
      vertex -22.6846 -45.0314 7.2
      vertex -22.706 -45.0313 0
      vertex -22.6846 -45.0314 0
    endloop
  endfacet
  facet normal -0.942044 0.33549 0
    outer loop
      vertex -109.581 61.7712 0
      vertex -109.468 62.0885 7.2
      vertex -109.468 62.0885 0
    endloop
  endfacet
  facet normal -0.942044 0.33549 0
    outer loop
      vertex -109.468 62.0885 7.2
      vertex -109.581 61.7712 0
      vertex -109.581 61.7712 7.2
    endloop
  endfacet
  facet normal -0.998486 0.0550035 0
    outer loop
      vertex -121.666 -6.80658 0
      vertex -121.65 -6.51613 7.2
      vertex -121.65 -6.51613 0
    endloop
  endfacet
  facet normal -0.998486 0.0550035 0
    outer loop
      vertex -121.65 -6.51613 7.2
      vertex -121.666 -6.80658 0
      vertex -121.666 -6.80658 7.2
    endloop
  endfacet
  facet normal -0.480022 0.877256 0
    outer loop
      vertex -106.908 64.9201 0
      vertex -107.139 64.7937 4
      vertex -106.908 64.9201 4
    endloop
  endfacet
  facet normal -0.480022 0.877256 0
    outer loop
      vertex -107.139 64.7937 4
      vertex -106.908 64.9201 0
      vertex -107.139 64.7937 0
    endloop
  endfacet
  facet normal -0.216616 0.976257 0
    outer loop
      vertex -105.447 65.4226 0
      vertex -105.776 65.3496 4
      vertex -105.447 65.4226 4
    endloop
  endfacet
  facet normal -0.216616 0.976257 0
    outer loop
      vertex -105.776 65.3496 4
      vertex -105.447 65.4226 0
      vertex -105.776 65.3496 0
    endloop
  endfacet
  facet normal -0.959155 0.282881 0
    outer loop
      vertex -109.656 61.5169 0
      vertex -109.581 61.7712 7.2
      vertex -109.581 61.7712 0
    endloop
  endfacet
  facet normal -0.959155 0.282881 0
    outer loop
      vertex -109.581 61.7712 7.2
      vertex -109.656 61.5169 0
      vertex -109.656 61.5169 7.2
    endloop
  endfacet
  facet normal -0.992071 -0.125681 0
    outer loop
      vertex -121.6 -7.80838 0
      vertex -121.645 -7.45317 7.2
      vertex -121.645 -7.45317 0
    endloop
  endfacet
  facet normal -0.992071 -0.125681 0
    outer loop
      vertex -121.645 -7.45317 7.2
      vertex -121.6 -7.80838 0
      vertex -121.6 -7.80838 7.2
    endloop
  endfacet
  facet normal -0.897909 0.440181 0
    outer loop
      vertex -109.363 62.3389 0
      vertex -109.215 62.6408 7.2
      vertex -109.215 62.6408 0
    endloop
  endfacet
  facet normal -0.897909 0.440181 0
    outer loop
      vertex -109.215 62.6408 7.2
      vertex -109.363 62.3389 0
      vertex -109.363 62.3389 7.2
    endloop
  endfacet
  facet normal -0.989821 0.142318 0
    outer loop
      vertex -121.608 -6.15991 0
      vertex -121.588 -6.02081 7.2
      vertex -121.588 -6.02081 0
    endloop
  endfacet
  facet normal -0.989821 0.142318 0
    outer loop
      vertex -121.588 -6.02081 7.2
      vertex -121.608 -6.15991 0
      vertex -121.608 -6.15991 7.2
    endloop
  endfacet
  facet normal -0.935093 -0.354403 0
    outer loop
      vertex -121.251 -9.03799 0
      vertex -121.378 -8.7029 7.2
      vertex -121.378 -8.7029 0
    endloop
  endfacet
  facet normal -0.935093 -0.354403 0
    outer loop
      vertex -121.378 -8.7029 7.2
      vertex -121.251 -9.03799 0
      vertex -121.251 -9.03799 7.2
    endloop
  endfacet
  facet normal -0.922203 0.386706 0
    outer loop
      vertex -109.468 62.0885 0
      vertex -109.363 62.3389 7.2
      vertex -109.363 62.3389 0
    endloop
  endfacet
  facet normal -0.922203 0.386706 0
    outer loop
      vertex -109.363 62.3389 7.2
      vertex -109.468 62.0885 0
      vertex -109.468 62.0885 7.2
    endloop
  endfacet
  facet normal -0.153349 -0.988172 0
    outer loop
      vertex -23.8254 -44.9443 0
      vertex -23.6817 -44.9666 7.2
      vertex -23.8254 -44.9443 7.2
    endloop
  endfacet
  facet normal -0.153349 -0.988172 -0
    outer loop
      vertex -23.6817 -44.9666 7.2
      vertex -23.8254 -44.9443 0
      vertex -23.6817 -44.9666 0
    endloop
  endfacet
  facet normal -0.161521 0.986869 0
    outer loop
      vertex -105.18 65.4663 0
      vertex -105.447 65.4226 4
      vertex -105.18 65.4663 4
    endloop
  endfacet
  facet normal -0.161521 0.986869 0
    outer loop
      vertex -105.447 65.4226 4
      vertex -105.18 65.4663 0
      vertex -105.447 65.4226 0
    endloop
  endfacet
  facet normal -0.123127 -0.992391 0
    outer loop
      vertex -23.6817 -44.9666 0
      vertex -23.3319 -45.01 7.2
      vertex -23.6817 -44.9666 7.2
    endloop
  endfacet
  facet normal -0.123127 -0.992391 -0
    outer loop
      vertex -23.3319 -45.01 7.2
      vertex -23.6817 -44.9666 0
      vertex -23.3319 -45.01 0
    endloop
  endfacet
  facet normal -0.271749 0.962368 0
    outer loop
      vertex -105.776 65.3496 0
      vertex -106.037 65.2759 4
      vertex -105.776 65.3496 4
    endloop
  endfacet
  facet normal -0.271749 0.962368 0
    outer loop
      vertex -106.037 65.2759 4
      vertex -105.776 65.3496 0
      vertex -106.037 65.2759 0
    endloop
  endfacet
  facet normal -0.325578 0.945515 0
    outer loop
      vertex -106.037 65.2759 0
      vertex -106.355 65.1664 4
      vertex -106.037 65.2759 4
    endloop
  endfacet
  facet normal -0.325578 0.945515 0
    outer loop
      vertex -106.355 65.1664 4
      vertex -106.037 65.2759 0
      vertex -106.355 65.1664 0
    endloop
  endfacet
  facet normal -0.243506 -0.9699 0
    outer loop
      vertex -92.5693 -32.1192 0
      vertex -92.2164 -32.2078 7.2
      vertex -92.5693 -32.1192 7.2
    endloop
  endfacet
  facet normal -0.243506 -0.9699 -0
    outer loop
      vertex -92.2164 -32.2078 7.2
      vertex -92.5693 -32.1192 0
      vertex -92.2164 -32.2078 0
    endloop
  endfacet
  facet normal 0 0 1
    outer loop
      vertex -102.104 -11.272 7.2
      vertex -118.203 -6.40245 7.2
      vertex -102.3 -13.0664 7.2
    endloop
  endfacet
  facet normal 0 0 1
    outer loop
      vertex -101.675 -9.51859 7.2
      vertex -118.203 -6.40245 7.2
      vertex -102.104 -11.272 7.2
    endloop
  endfacet
  facet normal 0 0 1
    outer loop
      vertex -118.203 -6.40245 7.2
      vertex -101.675 -9.51859 7.2
      vertex -101.601 -9.32974 7.2
    endloop
  endfacet
  facet normal 0 0 1
    outer loop
      vertex -62.157 0.788671 7.2
      vertex -62.1752 0.371387 7.2
      vertex -62.1524 0.579437 7.2
    endloop
  endfacet
  facet normal 0 0 1
    outer loop
      vertex -62.1888 0.995523 7.2
      vertex -62.1752 0.371387 7.2
      vertex -62.157 0.788671 7.2
    endloop
  endfacet
  facet normal 0 0 1
    outer loop
      vertex -62.2474 1.19646 7.2
      vertex -62.1752 0.371387 7.2
      vertex -62.1888 0.995523 7.2
    endloop
  endfacet
  facet normal 0 0 1
    outer loop
      vertex -62.3317 1.38802 7.2
      vertex -62.1752 0.371387 7.2
      vertex -62.2474 1.19646 7.2
    endloop
  endfacet
  facet normal 0 0 1
    outer loop
      vertex -62.4402 1.56695 7.2
      vertex -62.1752 0.371387 7.2
      vertex -62.3317 1.38802 7.2
    endloop
  endfacet
  facet normal 0 0 1
    outer loop
      vertex -62.5713 1.73017 7.2
      vertex -62.1752 0.371387 7.2
      vertex -62.4402 1.56695 7.2
    endloop
  endfacet
  facet normal 0 0 1
    outer loop
      vertex -62.7224 1.87489 7.2
      vertex -62.1752 0.371387 7.2
      vertex -62.5713 1.73017 7.2
    endloop
  endfacet
  facet normal 0 0 1
    outer loop
      vertex -62.8912 1.99866 7.2
      vertex -62.1752 0.371387 7.2
      vertex -62.7224 1.87489 7.2
    endloop
  endfacet
  facet normal 0 0 1
    outer loop
      vertex -63.4731 2.22492 7.2
      vertex -62.1752 0.371387 7.2
      vertex -62.8912 1.99866 7.2
    endloop
  endfacet
  facet normal 0 0 1
    outer loop
      vertex -63.4731 2.22492 7.2
      vertex -62.8912 1.99866 7.2
      vertex -63.0747 2.09932 7.2
    endloop
  endfacet
  facet normal 0 0 1
    outer loop
      vertex -43.5114 -10.4337 7.2
      vertex -32.1848 -19.1861 7.2
      vertex -28.9919 -12.9939 7.2
    endloop
  endfacet
  facet normal 0 0 1
    outer loop
      vertex -44.4654 -13.4595 7.2
      vertex -43.5114 -10.4337 7.2
      vertex -43.7194 -10.4109 7.2
    endloop
  endfacet
  facet normal 0 0 1
    outer loop
      vertex -44.4654 -13.4595 7.2
      vertex -43.7194 -10.4109 7.2
      vertex -43.9287 -10.4155 7.2
    endloop
  endfacet
  facet normal 0 0 1
    outer loop
      vertex -44.4654 -13.4595 7.2
      vertex -43.9287 -10.4155 7.2
      vertex -44.1355 -10.4473 7.2
    endloop
  endfacet
  facet normal 0 0 1
    outer loop
      vertex -44.4654 -13.4595 7.2
      vertex -44.1355 -10.4473 7.2
      vertex -44.3365 -10.5059 7.2
    endloop
  endfacet
  facet normal 0 0 1
    outer loop
      vertex -43.5114 -10.4337 7.2
      vertex -44.4654 -13.4595 7.2
      vertex -32.1848 -19.1861 7.2
    endloop
  endfacet
  facet normal -0 0 1
    outer loop
      vertex -44.528 -10.5902 7.2
      vertex -44.4654 -13.4595 7.2
      vertex -44.3365 -10.5059 7.2
    endloop
  endfacet
  facet normal 0 0 1
    outer loop
      vertex -44.528 -10.5902 7.2
      vertex -44.6489 -13.3588 7.2
      vertex -44.4654 -13.4595 7.2
    endloop
  endfacet
  facet normal -0 0 1
    outer loop
      vertex -44.707 -10.6987 7.2
      vertex -44.6489 -13.3588 7.2
      vertex -44.528 -10.5902 7.2
    endloop
  endfacet
  facet normal 0 0 1
    outer loop
      vertex -44.707 -10.6987 7.2
      vertex -44.8177 -13.2351 7.2
      vertex -44.6489 -13.3588 7.2
    endloop
  endfacet
  facet normal -0 0 1
    outer loop
      vertex -44.8702 -10.8298 7.2
      vertex -44.8177 -13.2351 7.2
      vertex -44.707 -10.6987 7.2
    endloop
  endfacet
  facet normal 0 0 1
    outer loop
      vertex -44.8702 -10.8298 7.2
      vertex -44.9689 -13.0903 7.2
      vertex -44.8177 -13.2351 7.2
    endloop
  endfacet
  facet normal -0 0 1
    outer loop
      vertex -45.0149 -10.9809 7.2
      vertex -44.9689 -13.0903 7.2
      vertex -44.8702 -10.8298 7.2
    endloop
  endfacet
  facet normal 0 0 1
    outer loop
      vertex -45.0149 -10.9809 7.2
      vertex -45.0999 -12.9271 7.2
      vertex -44.9689 -13.0903 7.2
    endloop
  endfacet
  facet normal -0 0 1
    outer loop
      vertex -45.1387 -11.1497 7.2
      vertex -45.0999 -12.9271 7.2
      vertex -45.0149 -10.9809 7.2
    endloop
  endfacet
  facet normal 0 0 1
    outer loop
      vertex -45.1387 -11.1497 7.2
      vertex -45.2085 -12.7482 7.2
      vertex -45.0999 -12.9271 7.2
    endloop
  endfacet
  facet normal -0 0 1
    outer loop
      vertex -45.2393 -11.3332 7.2
      vertex -45.2085 -12.7482 7.2
      vertex -45.1387 -11.1497 7.2
    endloop
  endfacet
  facet normal 0 0 1
    outer loop
      vertex -45.2393 -11.3332 7.2
      vertex -45.2927 -12.5566 7.2
      vertex -45.2085 -12.7482 7.2
    endloop
  endfacet
  facet normal -0 0 1
    outer loop
      vertex -45.3152 -11.5283 7.2
      vertex -45.2927 -12.5566 7.2
      vertex -45.2393 -11.3332 7.2
    endloop
  endfacet
  facet normal 0 0 1
    outer loop
      vertex -45.3152 -11.5283 7.2
      vertex -45.3513 -12.3557 7.2
      vertex -45.2927 -12.5566 7.2
    endloop
  endfacet
  facet normal -0 0 1
    outer loop
      vertex -45.3649 -11.7316 7.2
      vertex -45.3513 -12.3557 7.2
      vertex -45.3152 -11.5283 7.2
    endloop
  endfacet
  facet normal 0 0 1
    outer loop
      vertex -45.3649 -11.7316 7.2
      vertex -45.3832 -12.1488 7.2
      vertex -45.3513 -12.3557 7.2
    endloop
  endfacet
  facet normal 0 -0 1
    outer loop
      vertex -45.3832 -12.1488 7.2
      vertex -45.3649 -11.7316 7.2
      vertex -45.3877 -11.9396 7.2
    endloop
  endfacet
  facet normal 0 0 1
    outer loop
      vertex -5.3 65.5152 7.2
      vertex -8.9 50.8333 7.2
      vertex -5.3 50.8333 7.2
    endloop
  endfacet
  facet normal 0 0 1
    outer loop
      vertex -20.3095 36.2465 7.2
      vertex -8.9 47.0333 7.2
      vertex -8.9 50.8333 7.2
    endloop
  endfacet
  facet normal 0 0 1
    outer loop
      vertex -8.9 47.0333 7.2
      vertex -20.3095 36.2465 7.2
      vertex -8.9 -26.5494 7.2
    endloop
  endfacet
  facet normal -0 0 1
    outer loop
      vertex -28.9919 -12.9939 7.2
      vertex -8.9 -26.5494 7.2
      vertex -20.3095 36.2465 7.2
    endloop
  endfacet
  facet normal 0 0 1
    outer loop
      vertex -8.9 -26.5494 7.2
      vertex -11.886 -28.918 7.2
      vertex -8.9 -30.3494 7.2
    endloop
  endfacet
  facet normal 0 0 1
    outer loop
      vertex -37.6236 41.7111 7.2
      vertex -8.9 50.8333 7.2
      vertex -5.3 65.5152 7.2
    endloop
  endfacet
  facet normal 0 0 1
    outer loop
      vertex -8.9 50.8333 7.2
      vertex -37.6236 41.7111 7.2
      vertex -20.3095 36.2465 7.2
    endloop
  endfacet
  facet normal 0 0 1
    outer loop
      vertex -20.3095 36.2465 7.2
      vertex -37.6236 41.7111 7.2
      vertex -36.4603 39.0943 7.2
    endloop
  endfacet
  facet normal -0 0 1
    outer loop
      vertex -37.7582 40.9479 7.2
      vertex -36.4603 39.0943 7.2
      vertex -37.6236 41.7111 7.2
    endloop
  endfacet
  facet normal 0 0 1
    outer loop
      vertex -36.4603 39.0943 7.2
      vertex -37.7582 40.9479 7.2
      vertex -36.6636 39.1441 7.2
    endloop
  endfacet
  facet normal 0 0 1
    outer loop
      vertex -36.6636 39.1441 7.2
      vertex -37.7582 40.9479 7.2
      vertex -36.8587 39.2199 7.2
    endloop
  endfacet
  facet normal 0 0 1
    outer loop
      vertex -36.8587 39.2199 7.2
      vertex -37.7582 40.9479 7.2
      vertex -37.0422 39.3206 7.2
    endloop
  endfacet
  facet normal 0 0 1
    outer loop
      vertex -37.0422 39.3206 7.2
      vertex -37.7582 40.9479 7.2
      vertex -37.211 39.4444 7.2
    endloop
  endfacet
  facet normal 0 0 1
    outer loop
      vertex -37.211 39.4444 7.2
      vertex -37.7582 40.9479 7.2
      vertex -37.3621 39.5891 7.2
    endloop
  endfacet
  facet normal 0 0 1
    outer loop
      vertex -37.3621 39.5891 7.2
      vertex -37.7582 40.9479 7.2
      vertex -37.4932 39.7523 7.2
    endloop
  endfacet
  facet normal -0 0 1
    outer loop
      vertex -54.1998 51.3611 7.2
      vertex -37.6236 41.7111 7.2
      vertex -5.3 65.5152 7.2
    endloop
  endfacet
  facet normal 0 0 1
    outer loop
      vertex -37.6236 41.7111 7.2
      vertex -54.1998 51.3611 7.2
      vertex -53.7745 44.5589 7.2
    endloop
  endfacet
  facet normal -0 0 1
    outer loop
      vertex -55.0723 46.4125 7.2
      vertex -53.7745 44.5589 7.2
      vertex -54.1998 51.3611 7.2
    endloop
  endfacet
  facet normal 0 0 1
    outer loop
      vertex -53.7745 44.5589 7.2
      vertex -55.0723 46.4125 7.2
      vertex -53.9778 44.6087 7.2
    endloop
  endfacet
  facet normal -0 0 1
    outer loop
      vertex -74.5511 65.5152 7.2
      vertex -54.1998 51.3611 7.2
      vertex -5.3 65.5152 7.2
    endloop
  endfacet
  facet normal 0 0 1
    outer loop
      vertex -76.2016 56.1545 7.2
      vertex -71.7055 49.98 7.2
      vertex -70.9415 54.3131 7.2
    endloop
  endfacet
  facet normal 0 -0 1
    outer loop
      vertex -73.5591 48.6821 7.2
      vertex -71.7055 49.98 7.2
      vertex -76.2016 56.1545 7.2
    endloop
  endfacet
  facet normal 0 0 1
    outer loop
      vertex -71.7553 49.7767 7.2
      vertex -73.5591 48.6821 7.2
      vertex -71.8311 49.5816 7.2
    endloop
  endfacet
  facet normal 0 0 1
    outer loop
      vertex -71.8311 49.5816 7.2
      vertex -73.5591 48.6821 7.2
      vertex -71.9318 49.3982 7.2
    endloop
  endfacet
  facet normal 0 0 1
    outer loop
      vertex -71.9318 49.3982 7.2
      vertex -73.5591 48.6821 7.2
      vertex -72.0556 49.2294 7.2
    endloop
  endfacet
  facet normal 0 0 1
    outer loop
      vertex -72.0556 49.2294 7.2
      vertex -73.5591 48.6821 7.2
      vertex -72.2003 49.0782 7.2
    endloop
  endfacet
  facet normal 0 0 1
    outer loop
      vertex -72.2003 49.0782 7.2
      vertex -73.5591 48.6821 7.2
      vertex -72.3635 48.9472 7.2
    endloop
  endfacet
  facet normal 0 0 1
    outer loop
      vertex -72.3635 48.9472 7.2
      vertex -73.5591 48.6821 7.2
      vertex -72.5424 48.8386 7.2
    endloop
  endfacet
  facet normal 0 0 1
    outer loop
      vertex -72.5424 48.8386 7.2
      vertex -73.5591 48.6821 7.2
      vertex -72.734 48.7543 7.2
    endloop
  endfacet
  facet normal 0 0 1
    outer loop
      vertex -72.734 48.7543 7.2
      vertex -73.5591 48.6821 7.2
      vertex -72.9349 48.6958 7.2
    endloop
  endfacet
  facet normal 0 0 1
    outer loop
      vertex -72.9349 48.6958 7.2
      vertex -73.5591 48.6821 7.2
      vertex -73.1418 48.6639 7.2
    endloop
  endfacet
  facet normal 0 0 1
    outer loop
      vertex -73.1418 48.6639 7.2
      vertex -73.5591 48.6821 7.2
      vertex -73.351 48.6593 7.2
    endloop
  endfacet
  facet normal 0 0 1
    outer loop
      vertex -54.1998 51.3611 7.2
      vertex -74.5511 65.5152 7.2
      vertex -70.9415 54.3131 7.2
    endloop
  endfacet
  facet normal -0 0 1
    outer loop
      vertex -76.2016 56.1545 7.2
      vertex -70.9415 54.3131 7.2
      vertex -74.5511 65.5152 7.2
    endloop
  endfacet
  facet normal 0 0 1
    outer loop
      vertex -71.7055 49.98 7.2
      vertex -73.5591 48.6821 7.2
      vertex -71.7553 49.7767 7.2
    endloop
  endfacet
  facet normal 0 0 1
    outer loop
      vertex -89.2668 51.4518 7.2
      vertex -76.2016 56.1545 7.2
      vertex -88.0686 58.247 7.2
    endloop
  endfacet
  facet normal 0 0 1
    outer loop
      vertex -76.2016 56.1545 7.2
      vertex -89.2668 51.4518 7.2
      vertex -73.5591 48.6821 7.2
    endloop
  endfacet
  facet normal -0 0 1
    outer loop
      vertex -8.9 47.0333 7.2
      vertex -5.3 -26.5494 7.2
      vertex -5.3 47.0333 7.2
    endloop
  endfacet
  facet normal 0 0 1
    outer loop
      vertex -5.3 -26.5494 7.2
      vertex -8.9 47.0333 7.2
      vertex -8.9 -26.5494 7.2
    endloop
  endfacet
  facet normal -0 0 1
    outer loop
      vertex -8.9 -30.3494 7.2
      vertex -5.3 -45.0314 7.2
      vertex -5.3 -30.3494 7.2
    endloop
  endfacet
  facet normal 0 0 1
    outer loop
      vertex -22.1706 -41.1747 7.2
      vertex -8.9 -30.3494 7.2
      vertex -11.886 -28.918 7.2
    endloop
  endfacet
  facet normal 0 0 1
    outer loop
      vertex -8.9 -30.3494 7.2
      vertex -22.1706 -41.1747 7.2
      vertex -5.3 -45.0314 7.2
    endloop
  endfacet
  facet normal 0 0 1
    outer loop
      vertex -22.1706 -41.1747 7.2
      vertex -22.6846 -45.0314 7.2
      vertex -5.3 -45.0314 7.2
    endloop
  endfacet
  facet normal 0 0 1
    outer loop
      vertex -22.1706 -41.1747 7.2
      vertex -22.706 -45.0313 7.2
      vertex -22.6846 -45.0314 7.2
    endloop
  endfacet
  facet normal 0 0 1
    outer loop
      vertex -22.1706 -41.1747 7.2
      vertex -23.0578 -45.0281 7.2
      vertex -22.706 -45.0313 7.2
    endloop
  endfacet
  facet normal 0 0 1
    outer loop
      vertex -22.1706 -41.1747 7.2
      vertex -23.3319 -45.01 7.2
      vertex -23.0578 -45.0281 7.2
    endloop
  endfacet
  facet normal 0 0 1
    outer loop
      vertex -22.1706 -41.1747 7.2
      vertex -23.6817 -44.9666 7.2
      vertex -23.3319 -45.01 7.2
    endloop
  endfacet
  facet normal 0 0 1
    outer loop
      vertex -22.1706 -41.1747 7.2
      vertex -23.8254 -44.9443 7.2
      vertex -23.6817 -44.9666 7.2
    endloop
  endfacet
  facet normal -0 0 1
    outer loop
      vertex -38.9467 -33.687 7.2
      vertex -22.1706 -41.1747 7.2
      vertex -35.1409 -30.2913 7.2
    endloop
  endfacet
  facet normal 0 0 1
    outer loop
      vertex -37.6195 -30.8408 7.2
      vertex -35.1409 -30.2913 7.2
      vertex -35.3097 -30.1676 7.2
    endloop
  endfacet
  facet normal 0 0 1
    outer loop
      vertex -37.6195 -30.8408 7.2
      vertex -35.3097 -30.1676 7.2
      vertex -35.4932 -30.0669 7.2
    endloop
  endfacet
  facet normal 0 0 1
    outer loop
      vertex -37.6195 -30.8408 7.2
      vertex -35.4932 -30.0669 7.2
      vertex -35.6882 -29.9911 7.2
    endloop
  endfacet
  facet normal 0 0 1
    outer loop
      vertex -37.6195 -30.8408 7.2
      vertex -35.6882 -29.9911 7.2
      vertex -35.8915 -29.9413 7.2
    endloop
  endfacet
  facet normal 0 0 1
    outer loop
      vertex -37.6195 -30.8408 7.2
      vertex -35.8915 -29.9413 7.2
      vertex -36.0996 -29.9185 7.2
    endloop
  endfacet
  facet normal 0 0 1
    outer loop
      vertex -37.6195 -30.8408 7.2
      vertex -36.0996 -29.9185 7.2
      vertex -36.3088 -29.9231 7.2
    endloop
  endfacet
  facet normal 0 0 1
    outer loop
      vertex -37.6195 -30.8408 7.2
      vertex -36.3088 -29.9231 7.2
      vertex -36.5157 -29.9549 7.2
    endloop
  endfacet
  facet normal 0 0 1
    outer loop
      vertex -37.6195 -30.8408 7.2
      vertex -36.5157 -29.9549 7.2
      vertex -36.7166 -30.0135 7.2
    endloop
  endfacet
  facet normal 0 0 1
    outer loop
      vertex -37.6195 -30.8408 7.2
      vertex -36.7166 -30.0135 7.2
      vertex -36.9082 -30.0978 7.2
    endloop
  endfacet
  facet normal 0 0 1
    outer loop
      vertex -37.6195 -30.8408 7.2
      vertex -36.9082 -30.0978 7.2
      vertex -37.0871 -30.2064 7.2
    endloop
  endfacet
  facet normal 0 0 1
    outer loop
      vertex -37.6195 -30.8408 7.2
      vertex -37.0871 -30.2064 7.2
      vertex -37.2503 -30.3374 7.2
    endloop
  endfacet
  facet normal 0 0 1
    outer loop
      vertex -37.6195 -30.8408 7.2
      vertex -37.2503 -30.3374 7.2
      vertex -37.395 -30.4885 7.2
    endloop
  endfacet
  facet normal 0 0 1
    outer loop
      vertex -37.6195 -30.8408 7.2
      vertex -37.395 -30.4885 7.2
      vertex -37.5188 -30.6573 7.2
    endloop
  endfacet
  facet normal 0 0 1
    outer loop
      vertex -35.1409 -30.2913 7.2
      vertex -37.6195 -30.8408 7.2
      vertex -38.9467 -33.687 7.2
    endloop
  endfacet
  facet normal 0 0 1
    outer loop
      vertex -22.1706 -41.1747 7.2
      vertex -38.9467 -33.687 7.2
      vertex -23.8254 -44.9443 7.2
    endloop
  endfacet
  facet normal -0 0 1
    outer loop
      vertex -92.0711 -32.2395 7.2
      vertex -38.9467 -33.687 7.2
      vertex -54.5743 -26.3997 7.2
    endloop
  endfacet
  facet normal 0 0 1
    outer loop
      vertex -54.9726 -26.2741 7.2
      vertex -54.5743 -26.3997 7.2
      vertex -54.7693 -26.3239 7.2
    endloop
  endfacet
  facet normal 0 0 1
    outer loop
      vertex -54.5743 -26.3997 7.2
      vertex -54.9726 -26.2741 7.2
      vertex -92.0711 -32.2395 7.2
    endloop
  endfacet
  facet normal -0 0 1
    outer loop
      vertex -82.1412 -25.9091 7.2
      vertex -54.9726 -26.2741 7.2
      vertex -72.325 -23.2144 7.2
    endloop
  endfacet
  facet normal 0 0 1
    outer loop
      vertex -69.5467 -7.4575 7.2
      vertex -74.923 -16.0647 7.2
      vertex -72.325 -23.2144 7.2
    endloop
  endfacet
  facet normal -0 0 1
    outer loop
      vertex -75.352 -17.8181 7.2
      vertex -72.325 -23.2144 7.2
      vertex -74.923 -16.0647 7.2
    endloop
  endfacet
  facet normal -0 0 1
    outer loop
      vertex -76.0063 -19.5005 7.2
      vertex -72.325 -23.2144 7.2
      vertex -75.352 -17.8181 7.2
    endloop
  endfacet
  facet normal -0 0 1
    outer loop
      vertex -76.8745 -21.0831 7.2
      vertex -72.325 -23.2144 7.2
      vertex -76.0063 -19.5005 7.2
    endloop
  endfacet
  facet normal -0 0 1
    outer loop
      vertex -77.9419 -22.5388 7.2
      vertex -72.325 -23.2144 7.2
      vertex -76.8745 -21.0831 7.2
    endloop
  endfacet
  facet normal 0 0 1
    outer loop
      vertex -79.1902 -23.8428 7.2
      vertex -72.325 -23.2144 7.2
      vertex -77.9419 -22.5388 7.2
    endloop
  endfacet
  facet normal 0 0 1
    outer loop
      vertex -80.5979 -24.9726 7.2
      vertex -72.325 -23.2144 7.2
      vertex -79.1902 -23.8428 7.2
    endloop
  endfacet
  facet normal 0 0 1
    outer loop
      vertex -82.1412 -25.9091 7.2
      vertex -72.325 -23.2144 7.2
      vertex -80.5979 -24.9726 7.2
    endloop
  endfacet
  facet normal 0 0 1
    outer loop
      vertex -54.9726 -26.2741 7.2
      vertex -82.1412 -25.9091 7.2
      vertex -92.0711 -32.2395 7.2
    endloop
  endfacet
  facet normal 0 0 1
    outer loop
      vertex -92.0711 -32.2395 7.2
      vertex -82.1412 -25.9091 7.2
      vertex -83.7934 -26.6361 7.2
    endloop
  endfacet
  facet normal 0 0 1
    outer loop
      vertex -92.0711 -32.2395 7.2
      vertex -83.7934 -26.6361 7.2
      vertex -85.5264 -27.1412 7.2
    endloop
  endfacet
  facet normal 0 0 1
    outer loop
      vertex -92.0711 -32.2395 7.2
      vertex -85.5264 -27.1412 7.2
      vertex -87.3105 -27.4158 7.2
    endloop
  endfacet
  facet normal 0 0 1
    outer loop
      vertex -92.0711 -32.2395 7.2
      vertex -87.3105 -27.4158 7.2
      vertex -89.1152 -27.4552 7.2
    endloop
  endfacet
  facet normal 0 0 1
    outer loop
      vertex -92.0711 -32.2395 7.2
      vertex -89.1152 -27.4552 7.2
      vertex -90.9096 -27.2587 7.2
    endloop
  endfacet
  facet normal 0 0 1
    outer loop
      vertex -38.9467 -33.687 7.2
      vertex -92.0711 -32.2395 7.2
      vertex -23.8254 -44.9443 7.2
    endloop
  endfacet
  facet normal 0 0 1
    outer loop
      vertex -90.9096 -27.2587 7.2
      vertex -92.2164 -32.2078 7.2
      vertex -92.0711 -32.2395 7.2
    endloop
  endfacet
  facet normal 0 0 1
    outer loop
      vertex -90.9096 -27.2587 7.2
      vertex -92.5693 -32.1192 7.2
      vertex -92.2164 -32.2078 7.2
    endloop
  endfacet
  facet normal 0 0 1
    outer loop
      vertex -93.448 -31.7826 7.2
      vertex -90.9096 -27.2587 7.2
      vertex -92.663 -26.8296 7.2
    endloop
  endfacet
  facet normal 0 0 1
    outer loop
      vertex -90.9096 -27.2587 7.2
      vertex -92.8413 -32.0334 7.2
      vertex -92.5693 -32.1192 7.2
    endloop
  endfacet
  facet normal 0 0 1
    outer loop
      vertex -90.9096 -27.2587 7.2
      vertex -93.1819 -31.9033 7.2
      vertex -92.8413 -32.0334 7.2
    endloop
  endfacet
  facet normal 0 0 1
    outer loop
      vertex -90.9096 -27.2587 7.2
      vertex -93.448 -31.7826 7.2
      vertex -93.1819 -31.9033 7.2
    endloop
  endfacet
  facet normal 0 0 1
    outer loop
      vertex -92.663 -26.8296 7.2
      vertex -93.7703 -31.612 7.2
      vertex -93.448 -31.7826 7.2
    endloop
  endfacet
  facet normal 0 0 1
    outer loop
      vertex -92.663 -26.8296 7.2
      vertex -94.0224 -31.458 7.2
      vertex -93.7703 -31.612 7.2
    endloop
  endfacet
  facet normal 0 0 1
    outer loop
      vertex -92.663 -26.8296 7.2
      vertex -94.3217 -31.2489 7.2
      vertex -94.0224 -31.458 7.2
    endloop
  endfacet
  facet normal 0 0 1
    outer loop
      vertex -94.4381 -31.1622 7.2
      vertex -92.663 -26.8296 7.2
      vertex -94.3454 -26.1754 7.2
    endloop
  endfacet
  facet normal 0 0 1
    outer loop
      vertex -92.663 -26.8296 7.2
      vertex -94.4381 -31.1622 7.2
      vertex -94.3217 -31.2489 7.2
    endloop
  endfacet
  facet normal 0 0 1
    outer loop
      vertex -95.928 -25.3071 7.2
      vertex -94.4381 -31.1622 7.2
      vertex -94.3454 -26.1754 7.2
    endloop
  endfacet
  facet normal 0 0 1
    outer loop
      vertex -97.3838 -24.2397 7.2
      vertex -94.4381 -31.1622 7.2
      vertex -95.928 -25.3071 7.2
    endloop
  endfacet
  facet normal 0 0 1
    outer loop
      vertex -98.6877 -22.9915 7.2
      vertex -94.4381 -31.1622 7.2
      vertex -97.3838 -24.2397 7.2
    endloop
  endfacet
  facet normal 0 0 1
    outer loop
      vertex -99.8176 -21.5837 7.2
      vertex -94.4381 -31.1622 7.2
      vertex -98.6877 -22.9915 7.2
    endloop
  endfacet
  facet normal 0 0 1
    outer loop
      vertex -119.625 -11.1902 7.2
      vertex -99.8176 -21.5837 7.2
      vertex -100.754 -20.0405 7.2
    endloop
  endfacet
  facet normal -0 0 1
    outer loop
      vertex -119.625 -11.1902 7.2
      vertex -102.3 -13.0664 7.2
      vertex -118.203 -6.40245 7.2
    endloop
  endfacet
  facet normal 0 0 1
    outer loop
      vertex -102.3 -13.0664 7.2
      vertex -119.625 -11.1902 7.2
      vertex -102.261 -14.8711 7.2
    endloop
  endfacet
  facet normal 0 0 1
    outer loop
      vertex -102.261 -14.8711 7.2
      vertex -119.625 -11.1902 7.2
      vertex -101.986 -16.6552 7.2
    endloop
  endfacet
  facet normal 0 0 1
    outer loop
      vertex -101.986 -16.6552 7.2
      vertex -119.625 -11.1902 7.2
      vertex -101.481 -18.3882 7.2
    endloop
  endfacet
  facet normal 0 0 1
    outer loop
      vertex -101.481 -18.3882 7.2
      vertex -119.625 -11.1902 7.2
      vertex -100.754 -20.0405 7.2
    endloop
  endfacet
  facet normal 0 0 1
    outer loop
      vertex -99.8176 -21.5837 7.2
      vertex -119.625 -11.1902 7.2
      vertex -94.4381 -31.1622 7.2
    endloop
  endfacet
  facet normal 0 0 1
    outer loop
      vertex -8.9 -26.5494 7.2
      vertex -24.9088 -17.9906 7.2
      vertex -11.886 -28.918 7.2
    endloop
  endfacet
  facet normal 0 0 1
    outer loop
      vertex -8.9 -26.5494 7.2
      vertex -28.9919 -12.9939 7.2
      vertex -24.9088 -17.9906 7.2
    endloop
  endfacet
  facet normal 0 0 1
    outer loop
      vertex -32.1848 -19.1861 7.2
      vertex -24.9088 -17.9906 7.2
      vertex -28.9919 -12.9939 7.2
    endloop
  endfacet
  facet normal -0 0 1
    outer loop
      vertex -32.1848 -19.1861 7.2
      vertex -32.2193 -26.7029 7.2
      vertex -24.9088 -17.9906 7.2
    endloop
  endfacet
  facet normal -0 0 1
    outer loop
      vertex -34.8951 -24.9983 7.2
      vertex -32.2193 -26.7029 7.2
      vertex -32.1848 -19.1861 7.2
    endloop
  endfacet
  facet normal 0 0 1
    outer loop
      vertex -32.2193 -26.7029 7.2
      vertex -34.8951 -24.9983 7.2
      vertex -32.364 -26.8541 7.2
    endloop
  endfacet
  facet normal 0 0 1
    outer loop
      vertex -32.364 -26.8541 7.2
      vertex -34.8951 -24.9983 7.2
      vertex -32.5272 -26.9851 7.2
    endloop
  endfacet
  facet normal 0 0 1
    outer loop
      vertex -32.5272 -26.9851 7.2
      vertex -34.8951 -24.9983 7.2
      vertex -32.7062 -27.0937 7.2
    endloop
  endfacet
  facet normal 0 0 1
    outer loop
      vertex -32.7062 -27.0937 7.2
      vertex -34.8951 -24.9983 7.2
      vertex -32.8977 -27.178 7.2
    endloop
  endfacet
  facet normal 0 0 1
    outer loop
      vertex -32.8977 -27.178 7.2
      vertex -34.8951 -24.9983 7.2
      vertex -33.0987 -27.2365 7.2
    endloop
  endfacet
  facet normal 0 0 1
    outer loop
      vertex -33.0987 -27.2365 7.2
      vertex -34.8951 -24.9983 7.2
      vertex -33.3055 -27.2684 7.2
    endloop
  endfacet
  facet normal 0 0 1
    outer loop
      vertex -33.3055 -27.2684 7.2
      vertex -34.8951 -24.9983 7.2
      vertex -33.5147 -27.273 7.2
    endloop
  endfacet
  facet normal 0 0 1
    outer loop
      vertex -33.5147 -27.273 7.2
      vertex -34.8951 -24.9983 7.2
      vertex -33.7228 -27.2502 7.2
    endloop
  endfacet
  facet normal 0 0 1
    outer loop
      vertex -33.7228 -27.2502 7.2
      vertex -34.8951 -24.9983 7.2
      vertex -33.9261 -27.2004 7.2
    endloop
  endfacet
  facet normal 0 0 1
    outer loop
      vertex -33.9261 -27.2004 7.2
      vertex -34.8951 -24.9983 7.2
      vertex -34.1211 -27.1246 7.2
    endloop
  endfacet
  facet normal 0 0 1
    outer loop
      vertex -34.1211 -27.1246 7.2
      vertex -34.8951 -24.9983 7.2
      vertex -34.3046 -27.0239 7.2
    endloop
  endfacet
  facet normal 0 0 1
    outer loop
      vertex -34.3046 -27.0239 7.2
      vertex -34.8951 -24.9983 7.2
      vertex -34.4734 -26.9001 7.2
    endloop
  endfacet
  facet normal 0 0 1
    outer loop
      vertex -34.4734 -26.9001 7.2
      vertex -34.8951 -24.9983 7.2
      vertex -34.6246 -26.7554 7.2
    endloop
  endfacet
  facet normal 0 0 1
    outer loop
      vertex -34.6246 -26.7554 7.2
      vertex -34.8951 -24.9983 7.2
      vertex -34.7556 -26.5922 7.2
    endloop
  endfacet
  facet normal 0 0 1
    outer loop
      vertex -34.7556 -26.5922 7.2
      vertex -34.8951 -24.9983 7.2
      vertex -34.8642 -26.4133 7.2
    endloop
  endfacet
  facet normal 0 0 1
    outer loop
      vertex -34.8951 -24.9983 7.2
      vertex -34.9485 -26.2217 7.2
      vertex -34.8642 -26.4133 7.2
    endloop
  endfacet
  facet normal -0 0 1
    outer loop
      vertex -34.9709 -25.1933 7.2
      vertex -34.9485 -26.2217 7.2
      vertex -34.8951 -24.9983 7.2
    endloop
  endfacet
  facet normal 0 0 1
    outer loop
      vertex -34.9709 -25.1933 7.2
      vertex -35.007 -26.0208 7.2
      vertex -34.9485 -26.2217 7.2
    endloop
  endfacet
  facet normal -0 0 1
    outer loop
      vertex -35.0207 -25.3966 7.2
      vertex -35.007 -26.0208 7.2
      vertex -34.9709 -25.1933 7.2
    endloop
  endfacet
  facet normal 0 0 1
    outer loop
      vertex -35.0207 -25.3966 7.2
      vertex -35.0389 -25.8139 7.2
      vertex -35.007 -26.0208 7.2
    endloop
  endfacet
  facet normal 0 -0 1
    outer loop
      vertex -35.0389 -25.8139 7.2
      vertex -35.0207 -25.3966 7.2
      vertex -35.0434 -25.6047 7.2
    endloop
  endfacet
  facet normal 0 0 1
    outer loop
      vertex -37.4932 39.7523 7.2
      vertex -37.7582 40.9479 7.2
      vertex -37.6017 39.9313 7.2
    endloop
  endfacet
  facet normal 0 0 1
    outer loop
      vertex -37.6017 39.9313 7.2
      vertex -37.7582 40.9479 7.2
      vertex -37.686 40.1228 7.2
    endloop
  endfacet
  facet normal 0 0 1
    outer loop
      vertex -37.686 40.1228 7.2
      vertex -37.7582 40.9479 7.2
      vertex -37.7446 40.3237 7.2
    endloop
  endfacet
  facet normal 0 0 1
    outer loop
      vertex -37.7582 40.9479 7.2
      vertex -37.7764 40.5306 7.2
      vertex -37.7446 40.3237 7.2
    endloop
  endfacet
  facet normal 0 -0 1
    outer loop
      vertex -37.7764 40.5306 7.2
      vertex -37.7582 40.9479 7.2
      vertex -37.781 40.7398 7.2
    endloop
  endfacet
  facet normal 0 0 1
    outer loop
      vertex -53.9778 44.6087 7.2
      vertex -55.0723 46.4125 7.2
      vertex -54.1728 44.6845 7.2
    endloop
  endfacet
  facet normal 0 0 1
    outer loop
      vertex -54.1728 44.6845 7.2
      vertex -55.0723 46.4125 7.2
      vertex -54.3563 44.7852 7.2
    endloop
  endfacet
  facet normal 0 0 1
    outer loop
      vertex -54.3563 44.7852 7.2
      vertex -55.0723 46.4125 7.2
      vertex -54.5251 44.909 7.2
    endloop
  endfacet
  facet normal 0 0 1
    outer loop
      vertex -54.5251 44.909 7.2
      vertex -55.0723 46.4125 7.2
      vertex -54.6763 45.0537 7.2
    endloop
  endfacet
  facet normal 0 0 1
    outer loop
      vertex -54.6763 45.0537 7.2
      vertex -55.0723 46.4125 7.2
      vertex -54.8073 45.2169 7.2
    endloop
  endfacet
  facet normal 0 0 1
    outer loop
      vertex -54.8073 45.2169 7.2
      vertex -55.0723 46.4125 7.2
      vertex -54.9158 45.3958 7.2
    endloop
  endfacet
  facet normal 0 0 1
    outer loop
      vertex -54.9158 45.3958 7.2
      vertex -55.0723 46.4125 7.2
      vertex -55.0001 45.5874 7.2
    endloop
  endfacet
  facet normal 0 0 1
    outer loop
      vertex -55.0001 45.5874 7.2
      vertex -55.0723 46.4125 7.2
      vertex -55.0587 45.7883 7.2
    endloop
  endfacet
  facet normal 0 0 1
    outer loop
      vertex -55.0723 46.4125 7.2
      vertex -55.0905 45.9952 7.2
      vertex -55.0587 45.7883 7.2
    endloop
  endfacet
  facet normal 0 -0 1
    outer loop
      vertex -55.0905 45.9952 7.2
      vertex -55.0723 46.4125 7.2
      vertex -55.0951 46.2044 7.2
    endloop
  endfacet
  facet normal 0 0 1
    outer loop
      vertex -45.5809 -8.86135 7.2
      vertex -45.5991 -9.27863 7.2
      vertex -45.5763 -9.07058 7.2
    endloop
  endfacet
  facet normal 0 0 1
    outer loop
      vertex -45.6127 -8.65449 7.2
      vertex -45.5991 -9.27863 7.2
      vertex -45.5809 -8.86135 7.2
    endloop
  endfacet
  facet normal 0 0 1
    outer loop
      vertex -45.6713 -8.45356 7.2
      vertex -45.5991 -9.27863 7.2
      vertex -45.6127 -8.65449 7.2
    endloop
  endfacet
  facet normal 0 0 1
    outer loop
      vertex -45.7556 -8.262 7.2
      vertex -45.5991 -9.27863 7.2
      vertex -45.6713 -8.45356 7.2
    endloop
  endfacet
  facet normal 0 0 1
    outer loop
      vertex -46.8969 -7.42509 7.2
      vertex -45.5991 -9.27863 7.2
      vertex -45.7556 -8.262 7.2
    endloop
  endfacet
  facet normal 0 0 1
    outer loop
      vertex -46.8969 -7.42509 7.2
      vertex -45.7556 -8.262 7.2
      vertex -45.8641 -8.08307 7.2
    endloop
  endfacet
  facet normal 0 0 1
    outer loop
      vertex -45.5991 -9.27863 7.2
      vertex -46.8969 -7.42509 7.2
      vertex -45.832 -10.5999 7.2
    endloop
  endfacet
  facet normal 0 0 1
    outer loop
      vertex -47.5505 -11.9126 7.2
      vertex -45.832 -10.5999 7.2
      vertex -46.8969 -7.42509 7.2
    endloop
  endfacet
  facet normal 0 0 1
    outer loop
      vertex -46.8969 -7.42509 7.2
      vertex -45.8641 -8.08307 7.2
      vertex -45.9951 -7.91985 7.2
    endloop
  endfacet
  facet normal 0 0 1
    outer loop
      vertex -45.832 -10.5999 7.2
      vertex -47.5505 -11.9126 7.2
      vertex -45.8818 -10.8032 7.2
    endloop
  endfacet
  facet normal 0 0 1
    outer loop
      vertex -46.8969 -7.42509 7.2
      vertex -45.9951 -7.91985 7.2
      vertex -46.1463 -7.77513 7.2
    endloop
  endfacet
  facet normal 0 0 1
    outer loop
      vertex -45.8818 -10.8032 7.2
      vertex -47.5505 -11.9126 7.2
      vertex -45.9576 -10.9982 7.2
    endloop
  endfacet
  facet normal 0 0 1
    outer loop
      vertex -46.8969 -7.42509 7.2
      vertex -46.1463 -7.77513 7.2
      vertex -46.3151 -7.65136 7.2
    endloop
  endfacet
  facet normal 0 0 1
    outer loop
      vertex -45.9576 -10.9982 7.2
      vertex -47.5505 -11.9126 7.2
      vertex -46.0583 -11.1817 7.2
    endloop
  endfacet
  facet normal 0 0 1
    outer loop
      vertex -46.0583 -11.1817 7.2
      vertex -47.5505 -11.9126 7.2
      vertex -46.1821 -11.3505 7.2
    endloop
  endfacet
  facet normal 0 0 1
    outer loop
      vertex -46.8969 -7.42509 7.2
      vertex -46.3151 -7.65136 7.2
      vertex -46.4986 -7.5507 7.2
    endloop
  endfacet
  facet normal 0 0 1
    outer loop
      vertex -46.1821 -11.3505 7.2
      vertex -47.5505 -11.9126 7.2
      vertex -46.3268 -11.5017 7.2
    endloop
  endfacet
  facet normal 0 0 1
    outer loop
      vertex -46.8969 -7.42509 7.2
      vertex -46.4986 -7.5507 7.2
      vertex -46.6936 -7.47484 7.2
    endloop
  endfacet
  facet normal 0 0 1
    outer loop
      vertex -46.3268 -11.5017 7.2
      vertex -47.5505 -11.9126 7.2
      vertex -46.49 -11.6327 7.2
    endloop
  endfacet
  facet normal 0 0 1
    outer loop
      vertex -46.49 -11.6327 7.2
      vertex -47.5505 -11.9126 7.2
      vertex -46.6689 -11.7413 7.2
    endloop
  endfacet
  facet normal 0 0 1
    outer loop
      vertex -46.6689 -11.7413 7.2
      vertex -47.5505 -11.9126 7.2
      vertex -46.8605 -11.8256 7.2
    endloop
  endfacet
  facet normal 0 0 1
    outer loop
      vertex -46.8605 -11.8256 7.2
      vertex -47.5505 -11.9126 7.2
      vertex -47.0614 -11.8841 7.2
    endloop
  endfacet
  facet normal 0 0 1
    outer loop
      vertex -47.0614 -11.8841 7.2
      vertex -47.5505 -11.9126 7.2
      vertex -47.2683 -11.916 7.2
    endloop
  endfacet
  facet normal 0 0 1
    outer loop
      vertex -47.2683 -11.916 7.2
      vertex -47.5505 -11.9126 7.2
      vertex -47.4775 -11.9205 7.2
    endloop
  endfacet
  facet normal -0 0 1
    outer loop
      vertex -52.8049 -10.4095 7.2
      vertex -47.5505 -11.9126 7.2
      vertex -46.8969 -7.42509 7.2
    endloop
  endfacet
  facet normal 0 0 1
    outer loop
      vertex -47.5505 -11.9126 7.2
      vertex -52.8049 -10.4095 7.2
      vertex -51.29 -19.9319 7.2
    endloop
  endfacet
  facet normal -0 0 1
    outer loop
      vertex -54.3158 -18.9778 7.2
      vertex -51.29 -19.9319 7.2
      vertex -52.8049 -10.4095 7.2
    endloop
  endfacet
  facet normal 0 0 1
    outer loop
      vertex -51.29 -19.9319 7.2
      vertex -54.3158 -18.9778 7.2
      vertex -51.3906 -20.1153 7.2
    endloop
  endfacet
  facet normal 0 0 1
    outer loop
      vertex -51.3906 -20.1153 7.2
      vertex -54.3158 -18.9778 7.2
      vertex -51.5144 -20.2841 7.2
    endloop
  endfacet
  facet normal 0 0 1
    outer loop
      vertex -51.5144 -20.2841 7.2
      vertex -54.3158 -18.9778 7.2
      vertex -51.6591 -20.4353 7.2
    endloop
  endfacet
  facet normal 0 0 1
    outer loop
      vertex -51.6591 -20.4353 7.2
      vertex -54.3158 -18.9778 7.2
      vertex -51.8223 -20.5663 7.2
    endloop
  endfacet
  facet normal 0 0 1
    outer loop
      vertex -51.8223 -20.5663 7.2
      vertex -54.3158 -18.9778 7.2
      vertex -52.0013 -20.6749 7.2
    endloop
  endfacet
  facet normal 0 0 1
    outer loop
      vertex -52.0013 -20.6749 7.2
      vertex -54.3158 -18.9778 7.2
      vertex -52.1928 -20.7592 7.2
    endloop
  endfacet
  facet normal 0 0 1
    outer loop
      vertex -52.1928 -20.7592 7.2
      vertex -54.3158 -18.9778 7.2
      vertex -52.3938 -20.8177 7.2
    endloop
  endfacet
  facet normal 0 0 1
    outer loop
      vertex -63.0478 -4.57727 7.2
      vertex -52.8049 -10.4095 7.2
      vertex -46.8969 -7.42509 7.2
    endloop
  endfacet
  facet normal 0 0 1
    outer loop
      vertex -63.4731 2.22492 7.2
      vertex -63.0747 2.09932 7.2
      vertex -63.2698 2.17518 7.2
    endloop
  endfacet
  facet normal 0 0 1
    outer loop
      vertex -62.1752 0.371387 7.2
      vertex -63.4731 2.22492 7.2
      vertex -63.0478 -4.57727 7.2
    endloop
  endfacet
  facet normal 0 0 1
    outer loop
      vertex -63.0478 -4.57727 7.2
      vertex -69.5467 -7.4575 7.2
      vertex -52.8049 -10.4095 7.2
    endloop
  endfacet
  facet normal 0 0 1
    outer loop
      vertex -63.4731 2.22492 7.2
      vertex -69.5467 -7.4575 7.2
      vertex -63.0478 -4.57727 7.2
    endloop
  endfacet
  facet normal 0 0 1
    outer loop
      vertex -74.923 -16.0647 7.2
      vertex -69.5467 -7.4575 7.2
      vertex -74.7264 -14.2703 7.2
    endloop
  endfacet
  facet normal -0 0 1
    outer loop
      vertex -78.3389 -4.34519 7.2
      vertex -69.5467 -7.4575 7.2
      vertex -63.4731 2.22492 7.2
    endloop
  endfacet
  facet normal 0 0 1
    outer loop
      vertex -69.5467 -7.4575 7.2
      vertex -74.7658 -12.4656 7.2
      vertex -74.7264 -14.2703 7.2
    endloop
  endfacet
  facet normal 0 0 1
    outer loop
      vertex -69.5467 -7.4575 7.2
      vertex -75.0404 -10.6815 7.2
      vertex -74.7658 -12.4656 7.2
    endloop
  endfacet
  facet normal 0 0 1
    outer loop
      vertex -69.5467 -7.4575 7.2
      vertex -75.5455 -8.94845 7.2
      vertex -75.0404 -10.6815 7.2
    endloop
  endfacet
  facet normal 0 0 1
    outer loop
      vertex -69.5467 -7.4575 7.2
      vertex -76.2726 -7.2962 7.2
      vertex -75.5455 -8.94845 7.2
    endloop
  endfacet
  facet normal 0 0 1
    outer loop
      vertex -69.5467 -7.4575 7.2
      vertex -77.209 -5.75297 7.2
      vertex -76.2726 -7.2962 7.2
    endloop
  endfacet
  facet normal 0 0 1
    outer loop
      vertex -69.5467 -7.4575 7.2
      vertex -78.3389 -4.34519 7.2
      vertex -77.209 -5.75297 7.2
    endloop
  endfacet
  facet normal 0 0 1
    outer loop
      vertex -79.033 4.96856 7.2
      vertex -78.3389 -4.34519 7.2
      vertex -63.4731 2.22492 7.2
    endloop
  endfacet
  facet normal 0 0 1
    outer loop
      vertex -80.8865 3.6707 7.2
      vertex -79.033 4.96856 7.2
      vertex -79.2411 4.99135 7.2
    endloop
  endfacet
  facet normal 0 0 1
    outer loop
      vertex -80.8865 3.6707 7.2
      vertex -79.2411 4.99135 7.2
      vertex -79.4503 4.98678 7.2
    endloop
  endfacet
  facet normal 0 0 1
    outer loop
      vertex -79.033 4.96856 7.2
      vertex -79.6428 -3.09693 7.2
      vertex -78.3389 -4.34519 7.2
    endloop
  endfacet
  facet normal 0 0 1
    outer loop
      vertex -80.8865 3.6707 7.2
      vertex -79.4503 4.98678 7.2
      vertex -79.6571 4.95494 7.2
    endloop
  endfacet
  facet normal 0 0 1
    outer loop
      vertex -80.8865 3.6707 7.2
      vertex -79.6571 4.95494 7.2
      vertex -79.8581 4.89637 7.2
    endloop
  endfacet
  facet normal 0 0 1
    outer loop
      vertex -80.8865 3.6707 7.2
      vertex -79.8581 4.89637 7.2
      vertex -80.0496 4.81208 7.2
    endloop
  endfacet
  facet normal 0 0 1
    outer loop
      vertex -80.8865 3.6707 7.2
      vertex -80.0496 4.81208 7.2
      vertex -80.2286 4.70352 7.2
    endloop
  endfacet
  facet normal 0 0 1
    outer loop
      vertex -80.8865 3.6707 7.2
      vertex -80.2286 4.70352 7.2
      vertex -80.3918 4.5725 7.2
    endloop
  endfacet
  facet normal 0 0 1
    outer loop
      vertex -80.8865 3.6707 7.2
      vertex -80.3918 4.5725 7.2
      vertex -80.5365 4.42133 7.2
    endloop
  endfacet
  facet normal 0 0 1
    outer loop
      vertex -80.8865 3.6707 7.2
      vertex -80.5365 4.42133 7.2
      vertex -80.6603 4.25254 7.2
    endloop
  endfacet
  facet normal 0 0 1
    outer loop
      vertex -80.8865 3.6707 7.2
      vertex -80.6603 4.25254 7.2
      vertex -80.7609 4.06905 7.2
    endloop
  endfacet
  facet normal 0 0 1
    outer loop
      vertex -80.8865 3.6707 7.2
      vertex -80.7609 4.06905 7.2
      vertex -80.8368 3.874 7.2
    endloop
  endfacet
  facet normal 0 0 1
    outer loop
      vertex -81.6506 -0.662445 7.2
      vertex -79.033 4.96856 7.2
      vertex -80.8865 3.6707 7.2
    endloop
  endfacet
  facet normal 0 0 1
    outer loop
      vertex -79.033 4.96856 7.2
      vertex -81.6506 -0.662445 7.2
      vertex -79.6428 -3.09693 7.2
    endloop
  endfacet
  facet normal 0 0 1
    outer loop
      vertex -79.6428 -3.09693 7.2
      vertex -81.6506 -0.662445 7.2
      vertex -81.0986 -2.02954 7.2
    endloop
  endfacet
  facet normal 0 0 1
    outer loop
      vertex -81.6506 -0.662445 7.2
      vertex -82.6812 -1.16129 7.2
      vertex -81.0986 -2.02954 7.2
    endloop
  endfacet
  facet normal 0 0 1
    outer loop
      vertex -81.6506 -0.662445 7.2
      vertex -84.3636 -0.507051 7.2
      vertex -82.6812 -1.16129 7.2
    endloop
  endfacet
  facet normal 0 0 1
    outer loop
      vertex -81.6506 -0.662445 7.2
      vertex -86.117 -0.078002 7.2
      vertex -84.3636 -0.507051 7.2
    endloop
  endfacet
  facet normal 0 0 1
    outer loop
      vertex -97.8014 2.18538 7.2
      vertex -86.117 -0.078002 7.2
      vertex -81.6506 -0.662445 7.2
    endloop
  endfacet
  facet normal 0 0 1
    outer loop
      vertex -97.8014 2.18538 7.2
      vertex -87.9114 0.118521 7.2
      vertex -86.117 -0.078002 7.2
    endloop
  endfacet
  facet normal 0 0 1
    outer loop
      vertex -97.8014 2.18538 7.2
      vertex -89.7161 0.0791483 7.2
      vertex -87.9114 0.118521 7.2
    endloop
  endfacet
  facet normal 0 0 1
    outer loop
      vertex -97.8014 2.18538 7.2
      vertex -91.5002 -0.195461 7.2
      vertex -89.7161 0.0791483 7.2
    endloop
  endfacet
  facet normal 0 0 1
    outer loop
      vertex -97.8014 2.18538 7.2
      vertex -93.2332 -0.700586 7.2
      vertex -91.5002 -0.195461 7.2
    endloop
  endfacet
  facet normal 0 0 1
    outer loop
      vertex -97.8014 2.18538 7.2
      vertex -94.8854 -1.42759 7.2
      vertex -93.2332 -0.700586 7.2
    endloop
  endfacet
  facet normal 0 0 1
    outer loop
      vertex -97.8014 2.18538 7.2
      vertex -96.4287 -2.36402 7.2
      vertex -94.8854 -1.42759 7.2
    endloop
  endfacet
  facet normal -0 0 1
    outer loop
      vertex -99.655 0.887523 7.2
      vertex -96.4287 -2.36402 7.2
      vertex -97.8014 2.18538 7.2
    endloop
  endfacet
  facet normal 0 0 1
    outer loop
      vertex -99.655 0.887523 7.2
      vertex -97.8014 2.18538 7.2
      vertex -98.0095 2.20817 7.2
    endloop
  endfacet
  facet normal 0 0 1
    outer loop
      vertex -99.655 0.887523 7.2
      vertex -98.0095 2.20817 7.2
      vertex -98.2187 2.2036 7.2
    endloop
  endfacet
  facet normal 0 0 1
    outer loop
      vertex -99.655 0.887523 7.2
      vertex -98.2187 2.2036 7.2
      vertex -98.4256 2.17176 7.2
    endloop
  endfacet
  facet normal 0 0 1
    outer loop
      vertex -99.655 0.887523 7.2
      vertex -98.4256 2.17176 7.2
      vertex -98.6265 2.11319 7.2
    endloop
  endfacet
  facet normal 0 0 1
    outer loop
      vertex -99.655 0.887523 7.2
      vertex -98.6265 2.11319 7.2
      vertex -98.8181 2.0289 7.2
    endloop
  endfacet
  facet normal 0 0 1
    outer loop
      vertex -99.655 0.887523 7.2
      vertex -98.8181 2.0289 7.2
      vertex -98.997 1.92034 7.2
    endloop
  endfacet
  facet normal 0 0 1
    outer loop
      vertex -96.4287 -2.36402 7.2
      vertex -99.655 0.887523 7.2
      vertex -97.8365 -3.49391 7.2
    endloop
  endfacet
  facet normal 0 0 1
    outer loop
      vertex -99.655 0.887523 7.2
      vertex -98.997 1.92034 7.2
      vertex -99.1602 1.78932 7.2
    endloop
  endfacet
  facet normal 0 0 1
    outer loop
      vertex -99.655 0.887523 7.2
      vertex -99.1602 1.78932 7.2
      vertex -99.3049 1.63815 7.2
    endloop
  endfacet
  facet normal 0 0 1
    outer loop
      vertex -99.655 0.887523 7.2
      vertex -99.3049 1.63815 7.2
      vertex -99.4287 1.46936 7.2
    endloop
  endfacet
  facet normal 0 0 1
    outer loop
      vertex -99.655 0.887523 7.2
      vertex -99.4287 1.46936 7.2
      vertex -99.5294 1.28587 7.2
    endloop
  endfacet
  facet normal 0 0 1
    outer loop
      vertex -99.655 0.887523 7.2
      vertex -99.5294 1.28587 7.2
      vertex -99.6052 1.09082 7.2
    endloop
  endfacet
  facet normal 0 0 1
    outer loop
      vertex -97.8365 -3.49391 7.2
      vertex -99.655 0.887523 7.2
      vertex -99.0847 -4.79786 7.2
    endloop
  endfacet
  facet normal 0 0 1
    outer loop
      vertex -99.655 0.887523 7.2
      vertex -100.152 -6.2536 7.2
      vertex -99.0847 -4.79786 7.2
    endloop
  endfacet
  facet normal 0 0 1
    outer loop
      vertex -99.655 0.887523 7.2
      vertex -101.02 -7.83619 7.2
      vertex -100.152 -6.2536 7.2
    endloop
  endfacet
  facet normal 0 -0 1
    outer loop
      vertex -101.02 -7.83619 7.2
      vertex -99.655 0.887523 7.2
      vertex -101.337 -8.64936 7.2
    endloop
  endfacet
  facet normal 0 0 1
    outer loop
      vertex -52.3938 -20.8177 7.2
      vertex -54.3158 -18.9778 7.2
      vertex -52.6006 -20.8496 7.2
    endloop
  endfacet
  facet normal 0 0 1
    outer loop
      vertex -52.6006 -20.8496 7.2
      vertex -54.3158 -18.9778 7.2
      vertex -52.8098 -20.8541 7.2
    endloop
  endfacet
  facet normal 0 0 1
    outer loop
      vertex -52.8098 -20.8541 7.2
      vertex -54.3158 -18.9778 7.2
      vertex -53.0179 -20.8314 7.2
    endloop
  endfacet
  facet normal 0 0 1
    outer loop
      vertex -53.0179 -20.8314 7.2
      vertex -54.3158 -18.9778 7.2
      vertex -53.2212 -20.7816 7.2
    endloop
  endfacet
  facet normal 0 0 1
    outer loop
      vertex -53.2212 -20.7816 7.2
      vertex -54.3158 -18.9778 7.2
      vertex -53.4162 -20.7058 7.2
    endloop
  endfacet
  facet normal 0 0 1
    outer loop
      vertex -53.4162 -20.7058 7.2
      vertex -54.3158 -18.9778 7.2
      vertex -53.5997 -20.6051 7.2
    endloop
  endfacet
  facet normal 0 0 1
    outer loop
      vertex -53.5997 -20.6051 7.2
      vertex -54.3158 -18.9778 7.2
      vertex -53.7685 -20.4813 7.2
    endloop
  endfacet
  facet normal 0 0 1
    outer loop
      vertex -53.7685 -20.4813 7.2
      vertex -54.3158 -18.9778 7.2
      vertex -53.9197 -20.3366 7.2
    endloop
  endfacet
  facet normal 0 0 1
    outer loop
      vertex -53.9197 -20.3366 7.2
      vertex -54.3158 -18.9778 7.2
      vertex -54.0507 -20.1734 7.2
    endloop
  endfacet
  facet normal 0 0 1
    outer loop
      vertex -54.0507 -20.1734 7.2
      vertex -54.3158 -18.9778 7.2
      vertex -54.1593 -19.9945 7.2
    endloop
  endfacet
  facet normal 0 0 1
    outer loop
      vertex -54.1593 -19.9945 7.2
      vertex -54.3158 -18.9778 7.2
      vertex -54.2436 -19.8029 7.2
    endloop
  endfacet
  facet normal 0 0 1
    outer loop
      vertex -54.2436 -19.8029 7.2
      vertex -54.3158 -18.9778 7.2
      vertex -54.3021 -19.602 7.2
    endloop
  endfacet
  facet normal 0 0 1
    outer loop
      vertex -54.3158 -18.9778 7.2
      vertex -54.334 -19.3951 7.2
      vertex -54.3021 -19.602 7.2
    endloop
  endfacet
  facet normal 0 -0 1
    outer loop
      vertex -54.334 -19.3951 7.2
      vertex -54.3158 -18.9778 7.2
      vertex -54.3385 -19.1859 7.2
    endloop
  endfacet
  facet normal 0 0 1
    outer loop
      vertex -107.853 61.7356 7.2
      vertex -107.426 64.6167 7.2
      vertex -107.649 64.4604 7.2
    endloop
  endfacet
  facet normal -0 0 1
    outer loop
      vertex -107.426 64.6167 7.2
      vertex -107.853 61.7356 7.2
      vertex -107.336 64.6724 7.2
    endloop
  endfacet
  facet normal -0 0 1
    outer loop
      vertex -107.913 64.2521 7.2
      vertex -107.853 61.7356 7.2
      vertex -107.649 64.4604 7.2
    endloop
  endfacet
  facet normal -0 0 1
    outer loop
      vertex -108.111 64.0775 7.2
      vertex -107.853 61.7356 7.2
      vertex -107.913 64.2521 7.2
    endloop
  endfacet
  facet normal -0 0 1
    outer loop
      vertex -108.351 63.8415 7.2
      vertex -107.853 61.7356 7.2
      vertex -108.111 64.0775 7.2
    endloop
  endfacet
  facet normal -0 0 1
    outer loop
      vertex -108.532 63.642 7.2
      vertex -107.853 61.7356 7.2
      vertex -108.351 63.8415 7.2
    endloop
  endfacet
  facet normal -0 0 1
    outer loop
      vertex -108.743 63.3808 7.2
      vertex -107.853 61.7356 7.2
      vertex -108.532 63.642 7.2
    endloop
  endfacet
  facet normal -0 0 1
    outer loop
      vertex -108.902 63.1608 7.2
      vertex -107.853 61.7356 7.2
      vertex -108.743 63.3808 7.2
    endloop
  endfacet
  facet normal -0 0 1
    outer loop
      vertex -109.083 62.8769 7.2
      vertex -107.853 61.7356 7.2
      vertex -108.902 63.1608 7.2
    endloop
  endfacet
  facet normal -0 0 1
    outer loop
      vertex -109.215 62.6408 7.2
      vertex -107.853 61.7356 7.2
      vertex -109.083 62.8769 7.2
    endloop
  endfacet
  facet normal -0 0 1
    outer loop
      vertex -109.363 62.3389 7.2
      vertex -107.853 61.7356 7.2
      vertex -109.215 62.6408 7.2
    endloop
  endfacet
  facet normal -0 0 1
    outer loop
      vertex -109.468 62.0885 7.2
      vertex -107.853 61.7356 7.2
      vertex -109.363 62.3389 7.2
    endloop
  endfacet
  facet normal -0 0 1
    outer loop
      vertex -109.581 61.7712 7.2
      vertex -107.853 61.7356 7.2
      vertex -109.468 62.0885 7.2
    endloop
  endfacet
  facet normal 0 0 1
    outer loop
      vertex -109.656 61.5169 7.2
      vertex -107.853 61.7356 7.2
      vertex -109.581 61.7712 7.2
    endloop
  endfacet
  facet normal 0 0 1
    outer loop
      vertex -109.733 61.1893 7.2
      vertex -107.853 61.7356 7.2
      vertex -109.656 61.5169 7.2
    endloop
  endfacet
  facet normal 0 0 1
    outer loop
      vertex -109.76 61.0564 7.2
      vertex -107.853 61.7356 7.2
      vertex -109.733 61.1893 7.2
    endloop
  endfacet
  facet normal -0 0 1
    outer loop
      vertex -109.76 61.0564 7.2
      vertex -111.179 42.8765 7.2
      vertex -107.853 61.7356 7.2
    endloop
  endfacet
  facet normal 0 0 1
    outer loop
      vertex -121.588 -6.02081 7.2
      vertex -111.179 42.8765 7.2
      vertex -109.76 61.0564 7.2
    endloop
  endfacet
  facet normal 0 0 1
    outer loop
      vertex -111.179 42.8765 7.2
      vertex -121.588 -6.02081 7.2
      vertex -118.203 -6.40245 7.2
    endloop
  endfacet
  facet normal -0 0 1
    outer loop
      vertex -121.608 -6.15991 7.2
      vertex -118.203 -6.40245 7.2
      vertex -121.588 -6.02081 7.2
    endloop
  endfacet
  facet normal 0 0 1
    outer loop
      vertex -118.203 -6.40245 7.2
      vertex -119.733 -11.0991 7.2
      vertex -119.625 -11.1902 7.2
    endloop
  endfacet
  facet normal 0 0 1
    outer loop
      vertex -121.65 -6.51613 7.2
      vertex -118.203 -6.40245 7.2
      vertex -121.608 -6.15991 7.2
    endloop
  endfacet
  facet normal 0 0 1
    outer loop
      vertex -118.203 -6.40245 7.2
      vertex -120 -10.86 7.2
      vertex -119.733 -11.0991 7.2
    endloop
  endfacet
  facet normal 0 0 1
    outer loop
      vertex -118.203 -6.40245 7.2
      vertex -120.206 -10.6527 7.2
      vertex -120 -10.86 7.2
    endloop
  endfacet
  facet normal 0 0 1
    outer loop
      vertex -118.203 -6.40245 7.2
      vertex -120.441 -10.3836 7.2
      vertex -120.206 -10.6527 7.2
    endloop
  endfacet
  facet normal 0 0 1
    outer loop
      vertex -118.203 -6.40245 7.2
      vertex -120.614 -10.1626 7.2
      vertex -120.441 -10.3836 7.2
    endloop
  endfacet
  facet normal 0 0 1
    outer loop
      vertex -118.203 -6.40245 7.2
      vertex -120.816 -9.86787 7.2
      vertex -120.614 -10.1626 7.2
    endloop
  endfacet
  facet normal 0 0 1
    outer loop
      vertex -118.203 -6.40245 7.2
      vertex -120.966 -9.61998 7.2
      vertex -120.816 -9.86787 7.2
    endloop
  endfacet
  facet normal 0 0 1
    outer loop
      vertex -118.203 -6.40245 7.2
      vertex -121.132 -9.30225 7.2
      vertex -120.966 -9.61998 7.2
    endloop
  endfacet
  facet normal 0 0 1
    outer loop
      vertex -118.203 -6.40245 7.2
      vertex -121.251 -9.03799 7.2
      vertex -121.132 -9.30225 7.2
    endloop
  endfacet
  facet normal 0 0 1
    outer loop
      vertex -118.203 -6.40245 7.2
      vertex -121.378 -8.7029 7.2
      vertex -121.251 -9.03799 7.2
    endloop
  endfacet
  facet normal 0 0 1
    outer loop
      vertex -118.203 -6.40245 7.2
      vertex -121.462 -8.43118 7.2
      vertex -121.378 -8.7029 7.2
    endloop
  endfacet
  facet normal 0 0 1
    outer loop
      vertex -118.203 -6.40245 7.2
      vertex -121.548 -8.08398 7.2
      vertex -121.462 -8.43118 7.2
    endloop
  endfacet
  facet normal 0 0 1
    outer loop
      vertex -118.203 -6.40245 7.2
      vertex -121.6 -7.80838 7.2
      vertex -121.548 -8.08398 7.2
    endloop
  endfacet
  facet normal 0 0 1
    outer loop
      vertex -118.203 -6.40245 7.2
      vertex -121.645 -7.45317 7.2
      vertex -121.6 -7.80838 7.2
    endloop
  endfacet
  facet normal 0 0 1
    outer loop
      vertex -121.666 -6.80658 7.2
      vertex -118.203 -6.40245 7.2
      vertex -121.65 -6.51613 7.2
    endloop
  endfacet
  facet normal 0 0 1
    outer loop
      vertex -118.203 -6.40245 7.2
      vertex -121.664 -7.16435 7.2
      vertex -121.645 -7.45317 7.2
    endloop
  endfacet
  facet normal 0 0 1
    outer loop
      vertex -118.203 -6.40245 7.2
      vertex -121.666 -6.80658 7.2
      vertex -121.664 -7.16435 7.2
    endloop
  endfacet
  facet normal 0 0 1
    outer loop
      vertex -109.564 42.5917 7.2
      vertex -111.179 42.8765 7.2
      vertex -118.203 -6.40245 7.2
    endloop
  endfacet
  facet normal -0.0658908 -0.997827 0
    outer loop
      vertex -23.3319 -45.01 0
      vertex -23.0578 -45.0281 7.2
      vertex -23.3319 -45.01 7.2
    endloop
  endfacet
  facet normal -0.0658908 -0.997827 -0
    outer loop
      vertex -23.0578 -45.0281 7.2
      vertex -23.3319 -45.01 0
      vertex -23.0578 -45.0281 0
    endloop
  endfacet
  facet normal -0.740612 0.671933 0
    outer loop
      vertex -108.532 63.642 0
      vertex -108.351 63.8415 7.2
      vertex -108.351 63.8415 0
    endloop
  endfacet
  facet normal -0.740612 0.671933 0
    outer loop
      vertex -108.351 63.8415 7.2
      vertex -108.532 63.642 0
      vertex -108.532 63.642 7.2
    endloop
  endfacet
  facet normal -0.378749 0.9255 0
    outer loop
      vertex -106.355 65.1664 0
      vertex -106.604 65.0645 4
      vertex -106.355 65.1664 4
    endloop
  endfacet
  facet normal -0.378749 0.9255 0
    outer loop
      vertex -106.604 65.0645 4
      vertex -106.355 65.1664 0
      vertex -106.604 65.0645 0
    endloop
  endfacet
  facet normal -0.0526826 0.998611 0
    outer loop
      vertex -104.592 65.5152 0
      vertex -104.846 65.5018 4
      vertex -104.592 65.5152 4
    endloop
  endfacet
  facet normal -0.0526826 0.998611 0
    outer loop
      vertex -104.846 65.5018 4
      vertex -104.592 65.5152 0
      vertex -104.846 65.5018 0
    endloop
  endfacet
  facet normal -0.356828 -0.93417 0
    outer loop
      vertex -93.1819 -31.9033 0
      vertex -92.8413 -32.0334 7.2
      vertex -93.1819 -31.9033 7.2
    endloop
  endfacet
  facet normal -0.356828 -0.93417 -0
    outer loop
      vertex -92.8413 -32.0334 7.2
      vertex -93.1819 -31.9033 0
      vertex -92.8413 -32.0334 0
    endloop
  endfacet
  facet normal -0.300829 -0.953678 0
    outer loop
      vertex -92.8413 -32.0334 0
      vertex -92.5693 -32.1192 7.2
      vertex -92.8413 -32.0334 7.2
    endloop
  endfacet
  facet normal -0.300829 -0.953678 -0
    outer loop
      vertex -92.5693 -32.1192 7.2
      vertex -92.8413 -32.0334 0
      vertex -92.5693 -32.1192 0
    endloop
  endfacet
  facet normal -0.429057 0.903278 0
    outer loop
      vertex -106.604 65.0645 0
      vertex -106.908 64.9201 4
      vertex -106.604 65.0645 4
    endloop
  endfacet
  facet normal -0.429057 0.903278 0
    outer loop
      vertex -106.908 64.9201 4
      vertex -106.604 65.0645 0
      vertex -106.908 64.9201 0
    endloop
  endfacet
  facet normal -0.777896 0.628393 0
    outer loop
      vertex -108.743 63.3808 0
      vertex -108.532 63.642 7.2
      vertex -108.532 63.642 0
    endloop
  endfacet
  facet normal -0.777896 0.628393 0
    outer loop
      vertex -108.532 63.642 7.2
      vertex -108.743 63.3808 0
      vertex -108.743 63.3808 7.2
    endloop
  endfacet
  facet normal 0 0 -1
    outer loop
      vertex -10.9 -43.0314 0
      vertex -5.3 -30.3494 0
      vertex -5.3 -45.0314 0
    endloop
  endfacet
  facet normal 0 0 -1
    outer loop
      vertex -10.9 -43.0314 0
      vertex -8.9 -26.5494 0
      vertex -8.9 -30.3494 0
    endloop
  endfacet
  facet normal -0 0 -1
    outer loop
      vertex -8.9 -26.5494 0
      vertex -10.9 -43.0314 0
      vertex -8.9 47.0333 0
    endloop
  endfacet
  facet normal 0 0 -1
    outer loop
      vertex -10.9 63.5152 0
      vertex -8.9 47.0333 0
      vertex -10.9 -43.0314 0
    endloop
  endfacet
  facet normal -0 0 -1
    outer loop
      vertex -5.3 -30.3494 0
      vertex -10.9 -43.0314 0
      vertex -8.9 -30.3494 0
    endloop
  endfacet
  facet normal 0 0 -1
    outer loop
      vertex -22.6846 -45.0314 0
      vertex -10.9 -43.0314 0
      vertex -5.3 -45.0314 0
    endloop
  endfacet
  facet normal -0 0 -1
    outer loop
      vertex -10.9 -43.0314 0
      vertex -22.6846 -45.0314 0
      vertex -22.6796 -43.0314 0
    endloop
  endfacet
  facet normal 0 0 -1
    outer loop
      vertex -22.6846 -45.0314 0
      vertex -22.6927 -43.0313 0
      vertex -22.6796 -43.0314 0
    endloop
  endfacet
  facet normal 0 0 -1
    outer loop
      vertex -22.706 -45.0313 0
      vertex -22.6927 -43.0313 0
      vertex -22.6846 -45.0314 0
    endloop
  endfacet
  facet normal 0 0 -1
    outer loop
      vertex -22.706 -45.0313 0
      vertex -22.9829 -43.0287 0
      vertex -22.6927 -43.0313 0
    endloop
  endfacet
  facet normal 0 0 -1
    outer loop
      vertex -23.0578 -45.0281 0
      vertex -22.9829 -43.0287 0
      vertex -22.706 -45.0313 0
    endloop
  endfacet
  facet normal 0 0 -1
    outer loop
      vertex -23.0578 -45.0281 0
      vertex -23.1424 -43.0182 0
      vertex -22.9829 -43.0287 0
    endloop
  endfacet
  facet normal 0 0 -1
    outer loop
      vertex -23.3319 -45.01 0
      vertex -23.1424 -43.0182 0
      vertex -23.0578 -45.0281 0
    endloop
  endfacet
  facet normal 0 0 -1
    outer loop
      vertex -23.6817 -44.9666 0
      vertex -23.1424 -43.0182 0
      vertex -23.3319 -45.01 0
    endloop
  endfacet
  facet normal -0 0 -1
    outer loop
      vertex -23.1424 -43.0182 0
      vertex -23.6817 -44.9666 0
      vertex -23.4052 -42.9855 0
    endloop
  endfacet
  facet normal -0 0 -1
    outer loop
      vertex -23.4052 -42.9855 0
      vertex -23.6817 -44.9666 0
      vertex -23.4894 -42.9725 0
    endloop
  endfacet
  facet normal 0 0 -1
    outer loop
      vertex -23.8254 -44.9443 0
      vertex -23.4894 -42.9725 0
      vertex -23.6817 -44.9666 0
    endloop
  endfacet
  facet normal 0 0 -1
    outer loop
      vertex -23.8254 -44.9443 0
      vertex -91.6746 -30.279 0
      vertex -23.4894 -42.9725 0
    endloop
  endfacet
  facet normal 0 0 -1
    outer loop
      vertex -92.0711 -32.2395 0
      vertex -91.6746 -30.279 0
      vertex -23.8254 -44.9443 0
    endloop
  endfacet
  facet normal 0 0 -1
    outer loop
      vertex -92.0711 -32.2395 0
      vertex -91.7592 -30.2605 0
      vertex -91.6746 -30.279 0
    endloop
  endfacet
  facet normal 0 0 -1
    outer loop
      vertex -92.2164 -32.2078 0
      vertex -91.7592 -30.2605 0
      vertex -92.0711 -32.2395 0
    endloop
  endfacet
  facet normal -0 0 -1
    outer loop
      vertex -91.7592 -30.2605 0
      vertex -92.2164 -32.2078 0
      vertex -92.0245 -30.1939 0
    endloop
  endfacet
  facet normal 0 0 -1
    outer loop
      vertex -92.5693 -32.1192 0
      vertex -92.0245 -30.1939 0
      vertex -92.2164 -32.2078 0
    endloop
  endfacet
  facet normal -0 0 -1
    outer loop
      vertex -92.0245 -30.1939 0
      vertex -92.5693 -32.1192 0
      vertex -92.1831 -30.1439 0
    endloop
  endfacet
  facet normal 0 0 -1
    outer loop
      vertex -92.8413 -32.0334 0
      vertex -92.1831 -30.1439 0
      vertex -92.5693 -32.1192 0
    endloop
  endfacet
  facet normal -0 0 -1
    outer loop
      vertex -92.1831 -30.1439 0
      vertex -92.8413 -32.0334 0
      vertex -92.4111 -30.0567 0
    endloop
  endfacet
  facet normal 0 0 -1
    outer loop
      vertex -93.1819 -31.9033 0
      vertex -92.4111 -30.0567 0
      vertex -92.8413 -32.0334 0
    endloop
  endfacet
  facet normal -0 0 -1
    outer loop
      vertex -92.4111 -30.0567 0
      vertex -93.1819 -31.9033 0
      vertex -92.5665 -29.9863 0
    endloop
  endfacet
  facet normal 0 0 -1
    outer loop
      vertex -93.448 -31.7826 0
      vertex -92.5665 -29.9863 0
      vertex -93.1819 -31.9033 0
    endloop
  endfacet
  facet normal -0 0 -1
    outer loop
      vertex -92.5665 -29.9863 0
      vertex -93.448 -31.7826 0
      vertex -92.7803 -29.8732 0
    endloop
  endfacet
  facet normal 0 0 -1
    outer loop
      vertex -93.7703 -31.612 0
      vertex -92.7803 -29.8732 0
      vertex -93.448 -31.7826 0
    endloop
  endfacet
  facet normal -0 0 -1
    outer loop
      vertex -92.7803 -29.8732 0
      vertex -93.7703 -31.612 0
      vertex -92.9273 -29.7834 0
    endloop
  endfacet
  facet normal 0 0 -1
    outer loop
      vertex -94.0224 -31.458 0
      vertex -92.9273 -29.7834 0
      vertex -93.7703 -31.612 0
    endloop
  endfacet
  facet normal 0 0 -1
    outer loop
      vertex -94.3217 -31.2489 0
      vertex -92.9273 -29.7834 0
      vertex -94.0224 -31.458 0
    endloop
  endfacet
  facet normal -0 0 -1
    outer loop
      vertex -92.9273 -29.7834 0
      vertex -94.3217 -31.2489 0
      vertex -93.1512 -29.6269 0
    endloop
  endfacet
  facet normal -0 0 -1
    outer loop
      vertex -93.1512 -29.6269 0
      vertex -94.3217 -31.2489 0
      vertex -93.2189 -29.5764 0
    endloop
  endfacet
  facet normal 0 0 -1
    outer loop
      vertex -94.4381 -31.1622 0
      vertex -93.2189 -29.5764 0
      vertex -94.3217 -31.2489 0
    endloop
  endfacet
  facet normal 0 0 -1
    outer loop
      vertex -94.4381 -31.1622 0
      vertex -118.359 -9.64116 0
      vertex -93.2189 -29.5764 0
    endloop
  endfacet
  facet normal 0 0 -1
    outer loop
      vertex -119.625 -11.1902 0
      vertex -118.359 -9.64116 0
      vertex -94.4381 -31.1622 0
    endloop
  endfacet
  facet normal -0 0 -1
    outer loop
      vertex -118.359 -9.64116 0
      vertex -119.625 -11.1902 0
      vertex -118.422 -9.58813 0
    endloop
  endfacet
  facet normal 0 0 -1
    outer loop
      vertex -119.733 -11.0991 0
      vertex -118.422 -9.58813 0
      vertex -119.625 -11.1902 0
    endloop
  endfacet
  facet normal -0 0 -1
    outer loop
      vertex -118.422 -9.58813 0
      vertex -119.733 -11.0991 0
      vertex -118.622 -9.40942 0
    endloop
  endfacet
  facet normal 0 0 -1
    outer loop
      vertex -120 -10.86 0
      vertex -118.622 -9.40942 0
      vertex -119.733 -11.0991 0
    endloop
  endfacet
  facet normal -0 0 -1
    outer loop
      vertex -118.622 -9.40942 0
      vertex -120 -10.86 0
      vertex -118.742 -9.28842 0
    endloop
  endfacet
  facet normal 0 0 -1
    outer loop
      vertex -120.206 -10.6527 0
      vertex -118.742 -9.28842 0
      vertex -120 -10.86 0
    endloop
  endfacet
  facet normal -0 0 -1
    outer loop
      vertex -118.742 -9.28842 0
      vertex -120.206 -10.6527 0
      vertex -118.899 -9.10898 0
    endloop
  endfacet
  facet normal 0 0 -1
    outer loop
      vertex -120.441 -10.3836 0
      vertex -118.899 -9.10898 0
      vertex -120.206 -10.6527 0
    endloop
  endfacet
  facet normal -0 0 -1
    outer loop
      vertex -118.899 -9.10898 0
      vertex -120.441 -10.3836 0
      vertex -118.999 -8.98036 0
    endloop
  endfacet
  facet normal 0 0 -1
    outer loop
      vertex -120.614 -10.1626 0
      vertex -118.999 -8.98036 0
      vertex -120.441 -10.3836 0
    endloop
  endfacet
  facet normal -0 0 -1
    outer loop
      vertex -118.999 -8.98036 0
      vertex -120.614 -10.1626 0
      vertex -119.135 -8.78328 0
    endloop
  endfacet
  facet normal 0 0 -1
    outer loop
      vertex -120.816 -9.86787 0
      vertex -119.135 -8.78328 0
      vertex -120.614 -10.1626 0
    endloop
  endfacet
  facet normal -0 0 -1
    outer loop
      vertex -119.135 -8.78328 0
      vertex -120.816 -9.86787 0
      vertex -119.222 -8.63893 0
    endloop
  endfacet
  facet normal 0 0 -1
    outer loop
      vertex -120.966 -9.61998 0
      vertex -119.222 -8.63893 0
      vertex -120.816 -9.86787 0
    endloop
  endfacet
  facet normal -0 0 -1
    outer loop
      vertex -119.222 -8.63893 0
      vertex -120.966 -9.61998 0
      vertex -119.332 -8.42818 0
    endloop
  endfacet
  facet normal -0 0 -1
    outer loop
      vertex -119.332 -8.42818 0
      vertex -121.132 -9.30225 0
      vertex -119.402 -8.27388 0
    endloop
  endfacet
  facet normal 0 0 -1
    outer loop
      vertex -121.132 -9.30225 0
      vertex -119.332 -8.42818 0
      vertex -120.966 -9.61998 0
    endloop
  endfacet
  facet normal 0 0 -1
    outer loop
      vertex -8.9 -26.5494 0
      vertex -5.3 47.0333 0
      vertex -5.3 -26.5494 0
    endloop
  endfacet
  facet normal -0 0 -1
    outer loop
      vertex -5.3 47.0333 0
      vertex -8.9 -26.5494 0
      vertex -8.9 47.0333 0
    endloop
  endfacet
  facet normal 0 0 -1
    outer loop
      vertex -10.9 63.5152 0
      vertex -5.3 50.8333 0
      vertex -8.9 50.8333 0
    endloop
  endfacet
  facet normal 0 0 -1
    outer loop
      vertex -8.9 47.0333 0
      vertex -10.9 63.5152 0
      vertex -8.9 50.8333 0
    endloop
  endfacet
  facet normal 0 0 -1
    outer loop
      vertex -5.3 50.8333 0
      vertex -10.9 63.5152 0
      vertex -5.3 65.5152 0
    endloop
  endfacet
  facet normal 0 0 -1
    outer loop
      vertex -104.592 65.5152 0
      vertex -10.9 63.5152 0
      vertex -104.539 63.5152 0
    endloop
  endfacet
  facet normal 0 0 -1
    outer loop
      vertex -10.9 63.5152 0
      vertex -104.592 65.5152 0
      vertex -5.3 65.5152 0
    endloop
  endfacet
  facet normal 0 0 -1
    outer loop
      vertex -104.687 63.5074 0
      vertex -104.592 65.5152 0
      vertex -104.539 63.5152 0
    endloop
  endfacet
  facet normal 0 0 -1
    outer loop
      vertex -104.687 63.5074 0
      vertex -104.846 65.5018 0
      vertex -104.592 65.5152 0
    endloop
  endfacet
  facet normal 0 0 -1
    outer loop
      vertex -104.913 63.4834 0
      vertex -104.846 65.5018 0
      vertex -104.687 63.5074 0
    endloop
  endfacet
  facet normal 0 0 -1
    outer loop
      vertex -105.18 65.4663 0
      vertex -104.913 63.4834 0
      vertex -105.068 63.458 0
    endloop
  endfacet
  facet normal 0 0 -1
    outer loop
      vertex -104.913 63.4834 0
      vertex -105.18 65.4663 0
      vertex -104.846 65.5018 0
    endloop
  endfacet
  facet normal 0 0 -1
    outer loop
      vertex -105.447 65.4226 0
      vertex -105.068 63.458 0
      vertex -105.287 63.4094 0
    endloop
  endfacet
  facet normal 0 0 -1
    outer loop
      vertex -105.776 65.3496 0
      vertex -105.287 63.4094 0
      vertex -105.439 63.3665 0
    endloop
  endfacet
  facet normal 0 0 -1
    outer loop
      vertex -105.068 63.458 0
      vertex -105.447 65.4226 0
      vertex -105.18 65.4663 0
    endloop
  endfacet
  facet normal 0 0 -1
    outer loop
      vertex -106.037 65.2759 0
      vertex -105.439 63.3665 0
      vertex -105.65 63.2937 0
    endloop
  endfacet
  facet normal 0 0 -1
    outer loop
      vertex -105.287 63.4094 0
      vertex -105.776 65.3496 0
      vertex -105.447 65.4226 0
    endloop
  endfacet
  facet normal 0 0 -1
    outer loop
      vertex -106.355 65.1664 0
      vertex -105.65 63.2937 0
      vertex -105.796 63.2343 0
    endloop
  endfacet
  facet normal 0 0 -1
    outer loop
      vertex -106.604 65.0645 0
      vertex -105.796 63.2343 0
      vertex -105.999 63.1377 0
    endloop
  endfacet
  facet normal 0 0 -1
    outer loop
      vertex -105.439 63.3665 0
      vertex -106.037 65.2759 0
      vertex -105.776 65.3496 0
    endloop
  endfacet
  facet normal 0 0 -1
    outer loop
      vertex -106.908 64.9201 0
      vertex -105.999 63.1377 0
      vertex -106.134 63.0639 0
    endloop
  endfacet
  facet normal 0 0 -1
    outer loop
      vertex -107.139 64.7937 0
      vertex -106.134 63.0639 0
      vertex -106.325 62.9459 0
    endloop
  endfacet
  facet normal 0 0 -1
    outer loop
      vertex -105.65 63.2937 0
      vertex -106.355 65.1664 0
      vertex -106.037 65.2759 0
    endloop
  endfacet
  facet normal 0 0 -1
    outer loop
      vertex -107.426 64.6167 0
      vertex -106.325 62.9459 0
      vertex -106.455 62.8547 0
    endloop
  endfacet
  facet normal 0 0 -1
    outer loop
      vertex -105.796 63.2343 0
      vertex -106.604 65.0645 0
      vertex -106.355 65.1664 0
    endloop
  endfacet
  facet normal 0 0 -1
    outer loop
      vertex -107.649 64.4604 0
      vertex -106.455 62.8547 0
      vertex -106.631 62.7157 0
    endloop
  endfacet
  facet normal 0 0 -1
    outer loop
      vertex -107.913 64.2521 0
      vertex -106.631 62.7157 0
      vertex -106.747 62.6139 0
    endloop
  endfacet
  facet normal 0 0 -1
    outer loop
      vertex -108.111 64.0775 0
      vertex -106.747 62.6139 0
      vertex -106.907 62.4558 0
    endloop
  endfacet
  facet normal 0 0 -1
    outer loop
      vertex -105.999 63.1377 0
      vertex -106.908 64.9201 0
      vertex -106.604 65.0645 0
    endloop
  endfacet
  facet normal 0 0 -1
    outer loop
      vertex -108.351 63.8415 0
      vertex -106.907 62.4558 0
      vertex -107.013 62.3396 0
    endloop
  endfacet
  facet normal 0 0 -1
    outer loop
      vertex -106.134 63.0639 0
      vertex -107.139 64.7937 0
      vertex -106.908 64.9201 0
    endloop
  endfacet
  facet normal 0 0 -1
    outer loop
      vertex -108.532 63.642 0
      vertex -107.013 62.3396 0
      vertex -107.153 62.1659 0
    endloop
  endfacet
  facet normal 0 0 -1
    outer loop
      vertex -108.743 63.3808 0
      vertex -107.153 62.1659 0
      vertex -107.246 62.0377 0
    endloop
  endfacet
  facet normal 0 0 -1
    outer loop
      vertex -108.902 63.1608 0
      vertex -107.246 62.0377 0
      vertex -107.366 61.8491 0
    endloop
  endfacet
  facet normal 0 0 -1
    outer loop
      vertex -106.325 62.9459 0
      vertex -107.426 64.6167 0
      vertex -107.139 64.7937 0
    endloop
  endfacet
  facet normal 0 0 -1
    outer loop
      vertex -109.083 62.8769 0
      vertex -107.366 61.8491 0
      vertex -107.443 61.7114 0
    endloop
  endfacet
  facet normal 0 0 -1
    outer loop
      vertex -109.215 62.6408 0
      vertex -107.443 61.7114 0
      vertex -107.541 61.5111 0
    endloop
  endfacet
  facet normal 0 0 -1
    outer loop
      vertex -109.363 62.3389 0
      vertex -107.541 61.5111 0
      vertex -107.603 61.365 0
    endloop
  endfacet
  facet normal 0 0 -1
    outer loop
      vertex -106.455 62.8547 0
      vertex -107.649 64.4604 0
      vertex -107.426 64.6167 0
    endloop
  endfacet
  facet normal 0 0 -1
    outer loop
      vertex -109.468 62.0885 0
      vertex -107.603 61.365 0
      vertex -107.678 61.1533 0
    endloop
  endfacet
  facet normal 0 0 -1
    outer loop
      vertex -109.581 61.7712 0
      vertex -107.678 61.1533 0
      vertex -107.722 61.005 0
    endloop
  endfacet
  facet normal 0 0 -1
    outer loop
      vertex -109.733 61.1893 0
      vertex -107.722 61.005 0
      vertex -107.78 60.7587 0
    endloop
  endfacet
  facet normal 0 0 -1
    outer loop
      vertex -109.733 61.1893 0
      vertex -107.78 60.7587 0
      vertex -107.796 60.6815 0
    endloop
  endfacet
  facet normal 0 0 -1
    outer loop
      vertex -106.631 62.7157 0
      vertex -107.913 64.2521 0
      vertex -107.649 64.4604 0
    endloop
  endfacet
  facet normal 0 0 -1
    outer loop
      vertex -106.747 62.6139 0
      vertex -108.111 64.0775 0
      vertex -107.913 64.2521 0
    endloop
  endfacet
  facet normal 0 0 -1
    outer loop
      vertex -106.907 62.4558 0
      vertex -108.351 63.8415 0
      vertex -108.111 64.0775 0
    endloop
  endfacet
  facet normal 0 0 -1
    outer loop
      vertex -107.013 62.3396 0
      vertex -108.532 63.642 0
      vertex -108.351 63.8415 0
    endloop
  endfacet
  facet normal 0 0 -1
    outer loop
      vertex -107.153 62.1659 0
      vertex -108.743 63.3808 0
      vertex -108.532 63.642 0
    endloop
  endfacet
  facet normal 0 0 -1
    outer loop
      vertex -107.246 62.0377 0
      vertex -108.902 63.1608 0
      vertex -108.743 63.3808 0
    endloop
  endfacet
  facet normal 0 0 -1
    outer loop
      vertex -107.366 61.8491 0
      vertex -109.083 62.8769 0
      vertex -108.902 63.1608 0
    endloop
  endfacet
  facet normal 0 0 -1
    outer loop
      vertex -107.443 61.7114 0
      vertex -109.215 62.6408 0
      vertex -109.083 62.8769 0
    endloop
  endfacet
  facet normal 0 0 -1
    outer loop
      vertex -107.541 61.5111 0
      vertex -109.363 62.3389 0
      vertex -109.215 62.6408 0
    endloop
  endfacet
  facet normal 0 0 -1
    outer loop
      vertex -107.603 61.365 0
      vertex -109.468 62.0885 0
      vertex -109.363 62.3389 0
    endloop
  endfacet
  facet normal 0 0 -1
    outer loop
      vertex -107.678 61.1533 0
      vertex -109.581 61.7712 0
      vertex -109.468 62.0885 0
    endloop
  endfacet
  facet normal 0 0 -1
    outer loop
      vertex -107.722 61.005 0
      vertex -109.656 61.5169 0
      vertex -109.581 61.7712 0
    endloop
  endfacet
  facet normal 0 0 -1
    outer loop
      vertex -107.722 61.005 0
      vertex -109.733 61.1893 0
      vertex -109.656 61.5169 0
    endloop
  endfacet
  facet normal 0 0 -1
    outer loop
      vertex -107.796 60.6815 0
      vertex -109.76 61.0564 0
      vertex -109.733 61.1893 0
    endloop
  endfacet
  facet normal 0 0 -1
    outer loop
      vertex -119.613 -6.33917 0
      vertex -109.76 61.0564 0
      vertex -107.796 60.6815 0
    endloop
  endfacet
  facet normal 0 0 -1
    outer loop
      vertex -121.251 -9.03799 0
      vertex -119.402 -8.27388 0
      vertex -121.132 -9.30225 0
    endloop
  endfacet
  facet normal -0 0 -1
    outer loop
      vertex -119.402 -8.27388 0
      vertex -121.251 -9.03799 0
      vertex -119.486 -8.05101 0
    endloop
  endfacet
  facet normal 0 0 -1
    outer loop
      vertex -121.378 -8.7029 0
      vertex -119.486 -8.05101 0
      vertex -121.251 -9.03799 0
    endloop
  endfacet
  facet normal -0 0 -1
    outer loop
      vertex -119.486 -8.05101 0
      vertex -121.378 -8.7029 0
      vertex -119.535 -7.89264 0
    endloop
  endfacet
  facet normal 0 0 -1
    outer loop
      vertex -121.462 -8.43118 0
      vertex -119.535 -7.89264 0
      vertex -121.378 -8.7029 0
    endloop
  endfacet
  facet normal -0 0 -1
    outer loop
      vertex -119.535 -7.89264 0
      vertex -121.462 -8.43118 0
      vertex -119.593 -7.65974 0
    endloop
  endfacet
  facet normal 0 0 -1
    outer loop
      vertex -121.548 -8.08398 0
      vertex -119.593 -7.65974 0
      vertex -121.462 -8.43118 0
    endloop
  endfacet
  facet normal -0 0 -1
    outer loop
      vertex -119.593 -7.65974 0
      vertex -121.548 -8.08398 0
      vertex -119.623 -7.49907 0
    endloop
  endfacet
  facet normal 0 0 -1
    outer loop
      vertex -121.6 -7.80838 0
      vertex -119.623 -7.49907 0
      vertex -121.548 -8.08398 0
    endloop
  endfacet
  facet normal -0 0 -1
    outer loop
      vertex -119.623 -7.49907 0
      vertex -121.6 -7.80838 0
      vertex -119.653 -7.26152 0
    endloop
  endfacet
  facet normal 0 0 -1
    outer loop
      vertex -121.645 -7.45317 0
      vertex -119.653 -7.26152 0
      vertex -121.6 -7.80838 0
    endloop
  endfacet
  facet normal -0 0 -1
    outer loop
      vertex -119.653 -7.26152 0
      vertex -121.645 -7.45317 0
      vertex -119.664 -7.09338 0
    endloop
  endfacet
  facet normal 0 0 -1
    outer loop
      vertex -121.664 -7.16435 0
      vertex -119.664 -7.09338 0
      vertex -121.645 -7.45317 0
    endloop
  endfacet
  facet normal -0 0 -1
    outer loop
      vertex -119.664 -7.09338 0
      vertex -121.664 -7.16435 0
      vertex -119.665 -6.85674 0
    endloop
  endfacet
  facet normal 0 0 -1
    outer loop
      vertex -121.666 -6.80658 0
      vertex -119.665 -6.85674 0
      vertex -121.664 -7.16435 0
    endloop
  endfacet
  facet normal 0 0 -1
    outer loop
      vertex -119.613 -6.33917 0
      vertex -121.588 -6.02081 0
      vertex -109.76 61.0564 0
    endloop
  endfacet
  facet normal 0 0 -1
    outer loop
      vertex -119.665 -6.85674 0
      vertex -121.666 -6.80658 0
      vertex -119.656 -6.68713 0
    endloop
  endfacet
  facet normal 0 0 -1
    outer loop
      vertex -119.613 -6.33917 0
      vertex -121.608 -6.15991 0
      vertex -121.588 -6.02081 0
    endloop
  endfacet
  facet normal 0 -0 -1
    outer loop
      vertex -121.65 -6.51613 0
      vertex -119.656 -6.68713 0
      vertex -121.666 -6.80658 0
    endloop
  endfacet
  facet normal 0 0 -1
    outer loop
      vertex -119.625 -6.42049 0
      vertex -121.608 -6.15991 0
      vertex -119.613 -6.33917 0
    endloop
  endfacet
  facet normal 0 -0 -1
    outer loop
      vertex -121.608 -6.15991 0
      vertex -119.656 -6.68713 0
      vertex -121.65 -6.51613 0
    endloop
  endfacet
  facet normal 0 0 -1
    outer loop
      vertex -119.656 -6.68713 0
      vertex -121.608 -6.15991 0
      vertex -119.625 -6.42049 0
    endloop
  endfacet
  facet normal -0.619423 0.785058 0
    outer loop
      vertex -107.649 64.4604 0
      vertex -107.913 64.2521 7.2
      vertex -107.649 64.4604 7.2
    endloop
  endfacet
  facet normal -0.619423 0.785058 0
    outer loop
      vertex -107.913 64.2521 7.2
      vertex -107.649 64.4604 0
      vertex -107.913 64.2521 0
    endloop
  endfacet
  facet normal -0.843209 0.537586 0
    outer loop
      vertex -109.083 62.8769 0
      vertex -108.902 63.1608 7.2
      vertex -108.902 63.1608 0
    endloop
  endfacet
  facet normal -0.843209 0.537586 0
    outer loop
      vertex -108.902 63.1608 7.2
      vertex -109.083 62.8769 0
      vertex -109.083 62.8769 7.2
    endloop
  endfacet
  facet normal -0.183018 -0.98311 0
    outer loop
      vertex -92.0711 -32.2395 0
      vertex -23.8254 -44.9443 7.2
      vertex -92.0711 -32.2395 7.2
    endloop
  endfacet
  facet normal -0.183018 -0.98311 -0
    outer loop
      vertex -23.8254 -44.9443 7.2
      vertex -92.0711 -32.2395 0
      vertex -23.8254 -44.9443 0
    endloop
  endfacet
  facet normal -0.810485 0.58576 0
    outer loop
      vertex -108.902 63.1608 0
      vertex -108.743 63.3808 7.2
      vertex -108.743 63.3808 0
    endloop
  endfacet
  facet normal -0.810485 0.58576 0
    outer loop
      vertex -108.743 63.3808 7.2
      vertex -108.902 63.1608 0
      vertex -108.902 63.1608 7.2
    endloop
  endfacet
  facet normal -0.572708 -0.819759 0
    outer loop
      vertex -94.3217 -31.2489 0
      vertex -94.0224 -31.458 7.2
      vertex -94.3217 -31.2489 7.2
    endloop
  endfacet
  facet normal -0.572708 -0.819759 -0
    outer loop
      vertex -94.0224 -31.458 7.2
      vertex -94.3217 -31.2489 0
      vertex -94.0224 -31.458 0
    endloop
  endfacet
  facet normal -0.70114 0.713024 0
    outer loop
      vertex -108.111 64.0775 0
      vertex -108.351 63.8415 7.2
      vertex -108.111 64.0775 7.2
    endloop
  endfacet
  facet normal -0.70114 0.713024 0
    outer loop
      vertex -108.351 63.8415 7.2
      vertex -108.111 64.0775 0
      vertex -108.351 63.8415 0
    endloop
  endfacet
  facet normal -0.213155 -0.977018 0
    outer loop
      vertex -92.2164 -32.2078 0
      vertex -92.0711 -32.2395 7.2
      vertex -92.2164 -32.2078 7.2
    endloop
  endfacet
  facet normal -0.213155 -0.977018 -0
    outer loop
      vertex -92.0711 -32.2395 7.2
      vertex -92.2164 -32.2078 0
      vertex -92.0711 -32.2395 0
    endloop
  endfacet
  facet normal -0.467825 -0.883821 0
    outer loop
      vertex -93.7703 -31.612 0
      vertex -93.448 -31.7826 7.2
      vertex -93.7703 -31.612 7.2
    endloop
  endfacet
  facet normal -0.467825 -0.883821 -0
    outer loop
      vertex -93.448 -31.7826 7.2
      vertex -93.7703 -31.612 0
      vertex -93.448 -31.7826 0
    endloop
  endfacet
  facet normal -0.979981 0.199093 0
    outer loop
      vertex -109.76 61.0564 0
      vertex -109.733 61.1893 7.2
      vertex -109.733 61.1893 0
    endloop
  endfacet
  facet normal -0.979981 0.199093 0
    outer loop
      vertex -109.733 61.1893 7.2
      vertex -109.76 61.0564 0
      vertex -109.76 61.0564 7.2
    endloop
  endfacet
  facet normal -0.597351 -0.80198 0
    outer loop
      vertex -94.4381 -31.1622 0
      vertex -94.3217 -31.2489 7.2
      vertex -94.4381 -31.1622 7.2
    endloop
  endfacet
  facet normal -0.597351 -0.80198 -0
    outer loop
      vertex -94.3217 -31.2489 7.2
      vertex -94.4381 -31.1622 0
      vertex -94.3217 -31.2489 0
    endloop
  endfacet
  facet normal 0.429692 -0.902976 0
    outer loop
      vertex -105.999 63.1377 0
      vertex -105.796 63.2343 1.39
      vertex -105.999 63.1377 1.39
    endloop
  endfacet
  facet normal 0.429692 -0.902976 0
    outer loop
      vertex -105.796 63.2343 1.39
      vertex -105.999 63.1377 0
      vertex -105.796 63.2343 0
    endloop
  endfacet
  facet normal -1 0 0
    outer loop
      vertex -10.9 63.5152 0
      vertex -10.9 -29.5444 1.39
      vertex -10.9 63.5152 1.4
    endloop
  endfacet
  facet normal -1 0 0
    outer loop
      vertex -10.9 -43.0314 0
      vertex -10.9 -29.5444 1.39
      vertex -10.9 63.5152 0
    endloop
  endfacet
  facet normal -1 -0 0
    outer loop
      vertex -10.9 -29.5444 1.39
      vertex -10.9 -43.0314 0
      vertex -10.9 -29.5663 1.39
    endloop
  endfacet
  facet normal -1 0 0
    outer loop
      vertex -10.9 -43.0314 1.4
      vertex -10.9 -29.5663 1.39
      vertex -10.9 -43.0314 0
    endloop
  endfacet
  facet normal -1 0 0
    outer loop
      vertex -10.9 -29.5663 1.39
      vertex -10.9 -43.0314 1.4
      vertex -10.9 -29.5663 1.4
    endloop
  endfacet
  facet normal -1 -0 0
    outer loop
      vertex -10.9 63.5152 1.4
      vertex -10.9 -29.5444 1.39
      vertex -10.9 -29.5444 1.4
    endloop
  endfacet
  facet normal 0 -1 0
    outer loop
      vertex -104.539 63.5152 0
      vertex -10.9 63.5152 1.4
      vertex -104.539 63.5152 1.4
    endloop
  endfacet
  facet normal 0 -1 -0
    outer loop
      vertex -10.9 63.5152 1.4
      vertex -104.539 63.5152 0
      vertex -10.9 63.5152 0
    endloop
  endfacet
  facet normal 0.935391 0.353615 0
    outer loop
      vertex -119.469 -8.09665 1.4
      vertex -119.402 -8.27388 1.4
      vertex -119.469 -8.09665 1.39
    endloop
  endfacet
  facet normal 0.937103 0.349052 0
    outer loop
      vertex -119.469 -8.09665 1.39
      vertex -119.486 -8.05101 0
      vertex -119.486 -8.05101 1.39
    endloop
  endfacet
  facet normal 0.935391 0.353615 -0
    outer loop
      vertex -119.402 -8.27388 0
      vertex -119.469 -8.09665 1.39
      vertex -119.402 -8.27388 1.4
    endloop
  endfacet
  facet normal 0.935743 0.352683 0.000135835
    outer loop
      vertex -119.469 -8.09665 1.39
      vertex -119.402 -8.27388 0
      vertex -119.486 -8.05101 0
    endloop
  endfacet
  facet normal 1 0 0
    outer loop
      vertex -119.665 -6.85667 1.4
      vertex -119.665 -6.85674 1.4
      vertex -119.665 -6.85667 1.39
    endloop
  endfacet
  facet normal 0.998594 -0.0530102 0
    outer loop
      vertex -119.665 -6.85667 1.39
      vertex -119.656 -6.68713 0
      vertex -119.656 -6.68713 1.39
    endloop
  endfacet
  facet normal 0.998595 -0.0529884 2.66848e-06
    outer loop
      vertex -119.665 -6.85667 1.39
      vertex -119.665 -6.85674 0
      vertex -119.656 -6.68713 0
    endloop
  endfacet
  facet normal 1 0 0
    outer loop
      vertex -119.665 -6.85674 0
      vertex -119.665 -6.85667 1.39
      vertex -119.665 -6.85674 1.4
    endloop
  endfacet
  facet normal 0.597914 0.80156 -0
    outer loop
      vertex -93.1512 -29.6269 0
      vertex -93.2189 -29.5764 1.39
      vertex -93.1512 -29.6269 1.39
    endloop
  endfacet
  facet normal 0.597914 0.80156 0
    outer loop
      vertex -93.2189 -29.5764 1.39
      vertex -93.1512 -29.6269 0
      vertex -93.2189 -29.5764 0
    endloop
  endfacet
  facet normal 0.521309 0.853368 -0
    outer loop
      vertex -92.7803 -29.8732 0
      vertex -92.9273 -29.7834 1.39
      vertex -92.7803 -29.8732 1.39
    endloop
  endfacet
  facet normal 0.521309 0.853368 0
    outer loop
      vertex -92.9273 -29.7834 1.39
      vertex -92.7803 -29.8732 0
      vertex -92.9273 -29.7834 0
    endloop
  endfacet
  facet normal 0.702871 -0.711318 0
    outer loop
      vertex -106.907 62.4558 0
      vertex -106.747 62.6139 1.39
      vertex -106.907 62.4558 1.39
    endloop
  endfacet
  facet normal 0.702871 -0.711318 0
    outer loop
      vertex -106.747 62.6139 1.39
      vertex -106.907 62.4558 0
      vertex -106.747 62.6139 0
    endloop
  endfacet
  facet normal 1 0 0
    outer loop
      vertex -118.622 -9.40937 1.4
      vertex -118.622 -9.40942 1.4
      vertex -118.622 -9.40937 1.39
    endloop
  endfacet
  facet normal 0.709889 0.704313 0
    outer loop
      vertex -118.622 -9.40937 1.39
      vertex -118.742 -9.28842 0
      vertex -118.742 -9.28842 1.39
    endloop
  endfacet
  facet normal 0.710035 0.704167 -2.53297e-05
    outer loop
      vertex -118.622 -9.40937 1.39
      vertex -118.622 -9.40942 0
      vertex -118.742 -9.28842 0
    endloop
  endfacet
  facet normal 1 0 0
    outer loop
      vertex -118.622 -9.40942 0
      vertex -118.622 -9.40937 1.39
      vertex -118.622 -9.40942 1.4
    endloop
  endfacet
  facet normal 0.77859 -0.627533 0
    outer loop
      vertex -107.153 62.1659 1.39
      vertex -107.013 62.3396 0
      vertex -107.013 62.3396 1.39
    endloop
  endfacet
  facet normal 0.77859 -0.627533 0
    outer loop
      vertex -107.013 62.3396 0
      vertex -107.153 62.1659 1.39
      vertex -107.153 62.1659 0
    endloop
  endfacet
  facet normal 0.98481 -0.173638 0
    outer loop
      vertex -111.277 40.9386 1.39
      vertex -107.796 60.6815 1.4
      vertex -111.277 40.9386 1.4
    endloop
  endfacet
  facet normal 0.98481 -0.173638 0
    outer loop
      vertex -107.796 60.6815 1.4
      vertex -111.277 40.9386 1.39
      vertex -107.796 60.6815 0
    endloop
  endfacet
  facet normal 0.984809 -0.173641 0
    outer loop
      vertex -119.613 -6.33917 0
      vertex -111.277 40.9386 1.39
      vertex -119.613 -6.33917 1.39
    endloop
  endfacet
  facet normal 0.984809 -0.17364 -3.06254e-05
    outer loop
      vertex -111.277 40.9386 1.39
      vertex -119.613 -6.33917 0
      vertex -107.796 60.6815 0
    endloop
  endfacet
  facet normal 0.216647 -0.97625 0
    outer loop
      vertex -105.287 63.4094 0
      vertex -105.068 63.458 1.39
      vertex -105.287 63.4094 1.39
    endloop
  endfacet
  facet normal 0.216647 -0.97625 0
    outer loop
      vertex -105.068 63.458 1.39
      vertex -105.287 63.4094 0
      vertex -105.068 63.458 0
    endloop
  endfacet
  facet normal 0.920541 -0.390647 0
    outer loop
      vertex -107.603 61.365 1.39
      vertex -107.541 61.5111 0
      vertex -107.541 61.5111 1.39
    endloop
  endfacet
  facet normal 0.920541 -0.390647 0
    outer loop
      vertex -107.541 61.5111 0
      vertex -107.603 61.365 1.39
      vertex -107.603 61.365 0
    endloop
  endfacet
  facet normal 0.958694 -0.28444 0
    outer loop
      vertex -107.722 61.005 1.39
      vertex -107.678 61.1533 0
      vertex -107.678 61.1533 1.39
    endloop
  endfacet
  facet normal 0.958694 -0.28444 0
    outer loop
      vertex -107.678 61.1533 0
      vertex -107.722 61.005 1.39
      vertex -107.722 61.005 0
    endloop
  endfacet
  facet normal 0.989287 -0.145984 0
    outer loop
      vertex -119.625 -6.42049 1.39
      vertex -119.613 -6.33917 0
      vertex -119.613 -6.33917 1.39
    endloop
  endfacet
  facet normal 0.989287 -0.145984 0
    outer loop
      vertex -119.613 -6.33917 0
      vertex -119.625 -6.42049 1.39
      vertex -119.625 -6.42049 0
    endloop
  endfacet
  facet normal 0.243482 0.969905 -0
    outer loop
      vertex -91.7592 -30.2605 0
      vertex -92.0245 -30.1939 1.39
      vertex -91.7592 -30.2605 1.39
    endloop
  endfacet
  facet normal 0.243482 0.969905 0
    outer loop
      vertex -92.0245 -30.1939 1.39
      vertex -91.7592 -30.2605 0
      vertex -92.0245 -30.1939 0
    endloop
  endfacet
  facet normal 0.183018 0.98311 -0
    outer loop
      vertex -23.4894 -42.9725 0
      vertex -91.6746 -30.279 1.39
      vertex -23.4894 -42.9725 1.39
    endloop
  endfacet
  facet normal 0.183018 0.98311 0
    outer loop
      vertex -91.6746 -30.279 1.39
      vertex -23.4894 -42.9725 0
      vertex -91.6746 -30.279 0
    endloop
  endfacet
  facet normal 0.326156 -0.945316 0
    outer loop
      vertex -105.65 63.2937 0
      vertex -105.439 63.3665 1.39
      vertex -105.65 63.2937 1.39
    endloop
  endfacet
  facet normal 0.326156 -0.945316 0
    outer loop
      vertex -105.439 63.3665 1.39
      vertex -105.65 63.2937 0
      vertex -105.439 63.3665 0
    endloop
  endfacet
  facet normal 0.809445 -0.587195 0
    outer loop
      vertex -107.246 62.0377 1.39
      vertex -107.153 62.1659 0
      vertex -107.153 62.1659 1.39
    endloop
  endfacet
  facet normal 0.809445 -0.587195 0
    outer loop
      vertex -107.153 62.1659 0
      vertex -107.246 62.0377 1.39
      vertex -107.246 62.0377 0
    endloop
  endfacet
  facet normal 0.619789 -0.784769 0
    outer loop
      vertex -106.631 62.7157 0
      vertex -106.455 62.8547 1.39
      vertex -106.631 62.7157 1.39
    endloop
  endfacet
  facet normal 0.619789 -0.784769 0
    outer loop
      vertex -106.455 62.8547 1.39
      vertex -106.631 62.7157 0
      vertex -106.455 62.8547 0
    endloop
  endfacet
  facet normal 0.659605 -0.751613 0
    outer loop
      vertex -106.747 62.6139 0
      vertex -106.631 62.7157 1.39
      vertex -106.747 62.6139 1.39
    endloop
  endfacet
  facet normal 0.659605 -0.751613 0
    outer loop
      vertex -106.631 62.7157 1.39
      vertex -106.747 62.6139 0
      vertex -106.631 62.7157 0
    endloop
  endfacet
  facet normal 0.99212 0.125294 0
    outer loop
      vertex -119.623 -7.49907 1.39
      vertex -119.653 -7.26152 0
      vertex -119.653 -7.26152 1.39
    endloop
  endfacet
  facet normal 0.99212 0.125294 0
    outer loop
      vertex -119.653 -7.26152 0
      vertex -119.623 -7.49907 1.39
      vertex -119.623 -7.49907 0
    endloop
  endfacet
  facet normal 0 1 0
    outer loop
      vertex -10.9 -43.0314 1.4
      vertex -22.6624 -43.0314 1.39
      vertex -22.6624 -43.0314 1.4
    endloop
  endfacet
  facet normal 0 1 -0
    outer loop
      vertex -10.9 -43.0314 0
      vertex -22.6624 -43.0314 1.39
      vertex -10.9 -43.0314 1.4
    endloop
  endfacet
  facet normal 0 1 0
    outer loop
      vertex -22.6796 -43.0314 0
      vertex -22.6624 -43.0314 1.39
      vertex -10.9 -43.0314 0
    endloop
  endfacet
  facet normal 0 1 0
    outer loop
      vertex -22.6624 -43.0314 1.39
      vertex -22.6796 -43.0314 0
      vertex -22.6796 -43.0314 1.39
    endloop
  endfacet
  facet normal 0.161714 -0.986838 0
    outer loop
      vertex -105.068 63.458 0
      vertex -104.913 63.4834 1.39
      vertex -105.068 63.458 1.39
    endloop
  endfacet
  facet normal 0.161714 -0.986838 0
    outer loop
      vertex -104.913 63.4834 1.39
      vertex -105.068 63.458 0
      vertex -104.913 63.4834 0
    endloop
  endfacet
  facet normal 0.621329 0.78355 -0
    outer loop
      vertex -93.2189 -29.5764 0
      vertex -118.359 -9.64116 1.39
      vertex -93.2189 -29.5764 1.39
    endloop
  endfacet
  facet normal 0.621329 0.78355 0
    outer loop
      vertex -118.359 -9.64116 1.39
      vertex -93.2189 -29.5764 0
      vertex -118.359 -9.64116 0
    endloop
  endfacet
  facet normal 0.357222 0.93402 -0
    outer loop
      vertex -92.1831 -30.1439 0
      vertex -92.4111 -30.0567 1.39
      vertex -92.1831 -30.1439 1.39
    endloop
  endfacet
  facet normal 0.357222 0.93402 0
    outer loop
      vertex -92.4111 -30.0567 1.39
      vertex -92.1831 -30.1439 0
      vertex -92.4111 -30.0567 0
    endloop
  endfacet
  facet normal 0.574307 -0.81864 0
    outer loop
      vertex -106.455 62.8547 0
      vertex -106.325 62.9459 1.39
      vertex -106.455 62.8547 1.39
    endloop
  endfacet
  facet normal 0.574307 -0.81864 0
    outer loop
      vertex -106.325 62.9459 1.39
      vertex -106.455 62.8547 0
      vertex -106.325 62.9459 0
    endloop
  endfacet
  facet normal 0.942595 -0.333938 0
    outer loop
      vertex -107.678 61.1533 1.39
      vertex -107.603 61.365 0
      vertex -107.603 61.365 1.39
    endloop
  endfacet
  facet normal 0.942595 -0.333938 0
    outer loop
      vertex -107.603 61.365 0
      vertex -107.678 61.1533 1.39
      vertex -107.678 61.1533 0
    endloop
  endfacet
  facet normal 0.843698 -0.536818 0
    outer loop
      vertex -107.366 61.8491 1.39
      vertex -107.246 62.0377 0
      vertex -107.246 62.0377 1.39
    endloop
  endfacet
  facet normal 0.843698 -0.536818 0
    outer loop
      vertex -107.246 62.0377 0
      vertex -107.366 61.8491 1.39
      vertex -107.366 61.8491 0
    endloop
  endfacet
  facet normal 0.376853 -0.926273 0
    outer loop
      vertex -105.796 63.2343 0
      vertex -105.65 63.2937 1.39
      vertex -105.796 63.2343 1.39
    endloop
  endfacet
  facet normal 0.376853 -0.926273 0
    outer loop
      vertex -105.65 63.2937 1.39
      vertex -105.796 63.2343 0
      vertex -105.65 63.2937 0
    endloop
  endfacet
  facet normal 0.213628 0.976915 -0
    outer loop
      vertex -91.6746 -30.279 0
      vertex -91.7592 -30.2605 1.39
      vertex -91.6746 -30.279 1.39
    endloop
  endfacet
  facet normal 0.213628 0.976915 0
    outer loop
      vertex -91.7592 -30.2605 1.39
      vertex -91.6746 -30.279 0
      vertex -91.7592 -30.2605 0
    endloop
  endfacet
  facet normal 0.993309 -0.115484 0
    outer loop
      vertex -119.656 -6.68713 1.39
      vertex -119.625 -6.42049 0
      vertex -119.625 -6.42049 1.39
    endloop
  endfacet
  facet normal 0.993309 -0.115484 0
    outer loop
      vertex -119.625 -6.42049 0
      vertex -119.656 -6.68713 1.39
      vertex -119.656 -6.68713 0
    endloop
  endfacet
  facet normal 0.823051 0.567967 0
    outer loop
      vertex -118.999 -8.98036 1.39
      vertex -119.135 -8.78328 0
      vertex -119.135 -8.78328 1.39
    endloop
  endfacet
  facet normal 0.823051 0.567967 0
    outer loop
      vertex -119.135 -8.78328 0
      vertex -118.999 -8.98036 1.39
      vertex -118.999 -8.98036 0
    endloop
  endfacet
  facet normal 0.738788 -0.673938 0
    outer loop
      vertex -107.013 62.3396 1.39
      vertex -106.907 62.4558 0
      vertex -106.907 62.4558 1.39
    endloop
  endfacet
  facet normal 0.738788 -0.673938 0
    outer loop
      vertex -106.907 62.4558 0
      vertex -107.013 62.3396 1.39
      vertex -107.013 62.3396 0
    endloop
  endfacet
  facet normal 0.300671 0.953728 -0
    outer loop
      vertex -92.0245 -30.1939 0
      vertex -92.1831 -30.1439 1.39
      vertex -92.0245 -30.1939 1.39
    endloop
  endfacet
  facet normal 0.300671 0.953728 0
    outer loop
      vertex -92.1831 -30.1439 1.39
      vertex -92.0245 -30.1939 0
      vertex -92.1831 -30.1439 0
    endloop
  endfacet
  facet normal 0.643762 0.765226 0
    outer loop
      vertex -118.359 -9.64116 1.39
      vertex -118.359 -9.64116 0
      vertex -118.422 -9.58816 1.39
    endloop
  endfacet
  facet normal 1 0 0
    outer loop
      vertex -118.422 -9.58816 1.39
      vertex -118.422 -9.58813 1.4
      vertex -118.422 -9.58816 1.4
    endloop
  endfacet
  facet normal 1 -0 0
    outer loop
      vertex -118.422 -9.58816 1.39
      vertex -118.422 -9.58813 0
      vertex -118.422 -9.58813 1.4
    endloop
  endfacet
  facet normal 0.643975 0.765047 1.65118e-05
    outer loop
      vertex -118.422 -9.58813 0
      vertex -118.422 -9.58816 1.39
      vertex -118.359 -9.64116 0
    endloop
  endfacet
  facet normal 0.271626 -0.962403 0
    outer loop
      vertex -105.439 63.3665 0
      vertex -105.287 63.4094 1.39
      vertex -105.439 63.3665 1.39
    endloop
  endfacet
  facet normal 0.271626 -0.962403 0
    outer loop
      vertex -105.287 63.4094 1.39
      vertex -105.439 63.3665 0
      vertex -105.287 63.4094 0
    endloop
  endfacet
  facet normal 0.898251 -0.439484 0
    outer loop
      vertex -107.541 61.5111 1.39
      vertex -107.443 61.7114 0
      vertex -107.443 61.7114 1.39
    endloop
  endfacet
  facet normal 0.898251 -0.439484 0
    outer loop
      vertex -107.443 61.7114 0
      vertex -107.541 61.5111 1.39
      vertex -107.541 61.5111 0
    endloop
  endfacet
  facet normal 0.997867 0.0652821 0
    outer loop
      vertex -119.653 -7.26152 1.39
      vertex -119.664 -7.09338 0
      vertex -119.664 -7.09338 1.39
    endloop
  endfacet
  facet normal 0.997867 0.0652821 0
    outer loop
      vertex -119.664 -7.09338 0
      vertex -119.653 -7.26152 1.39
      vertex -119.653 -7.26152 0
    endloop
  endfacet
  facet normal 0.955319 0.295578 0
    outer loop
      vertex -119.486 -8.05101 1.39
      vertex -119.535 -7.89264 0
      vertex -119.535 -7.89264 1.39
    endloop
  endfacet
  facet normal 0.955319 0.295578 0
    outer loop
      vertex -119.535 -7.89264 0
      vertex -119.486 -8.05101 1.39
      vertex -119.486 -8.05101 0
    endloop
  endfacet
  facet normal 1 0 0
    outer loop
      vertex -119.665 -6.94897 1.39
      vertex -119.665 -6.85674 1.4
      vertex -119.665 -6.94897 1.4
    endloop
  endfacet
  facet normal 1 0 0
    outer loop
      vertex -119.665 -6.85674 1.4
      vertex -119.665 -6.94897 1.39
      vertex -119.665 -6.85674 0
    endloop
  endfacet
  facet normal 0.999976 0.00692456 -0
    outer loop
      vertex -119.664 -7.09338 0
      vertex -119.665 -6.94897 1.39
      vertex -119.664 -7.09338 1.39
    endloop
  endfacet
  facet normal 0.999991 0.00422579 0.000280392
    outer loop
      vertex -119.665 -6.94897 1.39
      vertex -119.664 -7.09338 0
      vertex -119.665 -6.85674 0
    endloop
  endfacet
  facet normal 0.0656885 0.99784 0
    outer loop
      vertex -22.9829 -43.0287 1.39
      vertex -22.9829 -43.0287 0
      vertex -23.1424 -43.0182 1.39
    endloop
  endfacet
  facet normal 0 -0 0
    outer loop
      vertex -23.1424 -43.0182 1.39
      vertex -23.1424 -43.0182 0
      vertex -23.1424 -43.0182 1.4
    endloop
  endfacet
  facet normal 0.0656885 0.99784 -0
    outer loop
      vertex -23.1424 -43.0182 0
      vertex -23.1424 -43.0182 1.39
      vertex -22.9829 -43.0287 0
    endloop
  endfacet
  facet normal 0.467603 0.883939 -0
    outer loop
      vertex -92.5665 -29.9863 0
      vertex -92.7803 -29.8732 1.39
      vertex -92.5665 -29.9863 1.39
    endloop
  endfacet
  facet normal 0.467603 0.883939 0
    outer loop
      vertex -92.7803 -29.8732 1.39
      vertex -92.5665 -29.9863 0
      vertex -92.7803 -29.8732 0
    endloop
  endfacet
  facet normal 0.752597 0.658481 0
    outer loop
      vertex -118.742 -9.28842 1.39
      vertex -118.899 -9.10898 0
      vertex -118.899 -9.10898 1.39
    endloop
  endfacet
  facet normal 0.752597 0.658481 0
    outer loop
      vertex -118.899 -9.10898 0
      vertex -118.742 -9.28842 1.39
      vertex -118.742 -9.28842 0
    endloop
  endfacet
  facet normal 0.525588 -0.850739 0
    outer loop
      vertex -106.325 62.9459 0
      vertex -106.134 63.0639 1.39
      vertex -106.325 62.9459 1.39
    endloop
  endfacet
  facet normal 0.525588 -0.850739 0
    outer loop
      vertex -106.134 63.0639 1.39
      vertex -106.325 62.9459 0
      vertex -106.134 63.0639 0
    endloop
  endfacet
  facet normal 0.00763337 0.999971 -0
    outer loop
      vertex -22.6796 -43.0314 0
      vertex -22.6927 -43.0313 1.39
      vertex -22.6796 -43.0314 1.39
    endloop
  endfacet
  facet normal 0.00763337 0.999971 0
    outer loop
      vertex -22.6927 -43.0313 1.39
      vertex -22.6796 -43.0314 0
      vertex -22.6927 -43.0313 0
    endloop
  endfacet
  facet normal 0.88651 0.46271 0
    outer loop
      vertex -119.222 -8.63893 1.39
      vertex -119.332 -8.42818 0
      vertex -119.332 -8.42818 1.39
    endloop
  endfacet
  facet normal 0.88651 0.46271 0
    outer loop
      vertex -119.332 -8.42818 0
      vertex -119.222 -8.63893 1.39
      vertex -119.222 -8.63893 0
    endloop
  endfacet
  facet normal 0.973376 -0.229216 0
    outer loop
      vertex -107.78 60.7587 1.39
      vertex -107.722 61.005 0
      vertex -107.722 61.005 1.39
    endloop
  endfacet
  facet normal 0.973376 -0.229216 0
    outer loop
      vertex -107.722 61.005 0
      vertex -107.78 60.7587 1.39
      vertex -107.78 60.7587 0
    endloop
  endfacet
  facet normal 1 0 0
    outer loop
      vertex -107.796 60.6816 1.4
      vertex -107.796 60.6815 1.4
      vertex -107.796 60.6816 1.39
    endloop
  endfacet
  facet normal 0.979139 -0.203193 0
    outer loop
      vertex -107.796 60.6816 1.39
      vertex -107.78 60.7587 0
      vertex -107.78 60.7587 1.39
    endloop
  endfacet
  facet normal 0.979191 -0.202941 1.46001e-05
    outer loop
      vertex -107.796 60.6816 1.39
      vertex -107.796 60.6815 0
      vertex -107.78 60.7587 0
    endloop
  endfacet
  facet normal 1 0 0
    outer loop
      vertex -107.796 60.6815 0
      vertex -107.796 60.6816 1.39
      vertex -107.796 60.6815 1.4
    endloop
  endfacet
  facet normal 1 0 0
    outer loop
      vertex -119.402 -8.27408 1.39
      vertex -119.402 -8.27388 1.4
      vertex -119.402 -8.27408 1.4
    endloop
  endfacet
  facet normal 1 0 0
    outer loop
      vertex -119.402 -8.27388 1.4
      vertex -119.402 -8.27408 1.39
      vertex -119.402 -8.27388 0
    endloop
  endfacet
  facet normal 0.910468 0.41358 5.9508e-05
    outer loop
      vertex -119.332 -8.42818 1.39
      vertex -119.402 -8.27388 0
      vertex -119.402 -8.27408 1.39
    endloop
  endfacet
  facet normal 0.910669 0.413136 0
    outer loop
      vertex -119.402 -8.27388 0
      vertex -119.332 -8.42818 1.39
      vertex -119.332 -8.42818 0
    endloop
  endfacet
  facet normal 0.872808 -0.488063 0
    outer loop
      vertex -107.443 61.7114 1.39
      vertex -107.366 61.8491 0
      vertex -107.366 61.8491 1.39
    endloop
  endfacet
  facet normal 0.872808 -0.488063 0
    outer loop
      vertex -107.366 61.8491 0
      vertex -107.443 61.7114 1.39
      vertex -107.443 61.7114 0
    endloop
  endfacet
  facet normal 0 0 -1
    outer loop
      vertex -10.9 63.5152 1.4
      vertex -19.0747 35.1872 1.4
      vertex -19.0296 35.5825 1.4
    endloop
  endfacet
  facet normal 0 0 -1
    outer loop
      vertex -27.4012 -12.0349 1.4
      vertex -12.075 -26.8882 1.4
      vertex -26.5277 -14.4767 1.4
    endloop
  endfacet
  facet normal 0 0 -1
    outer loop
      vertex -27.4012 -12.0349 1.4
      vertex -26.5277 -14.4767 1.4
      vertex -26.7517 -14.262 1.4
    endloop
  endfacet
  facet normal 0 0 -1
    outer loop
      vertex -27.4012 -12.0349 1.4
      vertex -26.7517 -14.262 1.4
      vertex -26.9414 -14.0307 1.4
    endloop
  endfacet
  facet normal 0 0 -1
    outer loop
      vertex -27.4012 -12.0349 1.4
      vertex -26.9414 -14.0307 1.4
      vertex -27.104 -13.7803 1.4
    endloop
  endfacet
  facet normal 0 0 -1
    outer loop
      vertex -27.4012 -12.0349 1.4
      vertex -27.104 -13.7803 1.4
      vertex -27.2359 -13.5119 1.4
    endloop
  endfacet
  facet normal 0 0 -1
    outer loop
      vertex -27.4012 -12.0349 1.4
      vertex -27.2359 -13.5119 1.4
      vertex -27.3368 -13.2298 1.4
    endloop
  endfacet
  facet normal 0 0 -1
    outer loop
      vertex -12.075 -26.8882 1.4
      vertex -27.4012 -12.0349 1.4
      vertex -19.0747 35.1872 1.4
    endloop
  endfacet
  facet normal 0 0 -1
    outer loop
      vertex -27.4043 -12.9391 1.4
      vertex -27.4012 -12.0349 1.4
      vertex -27.3368 -13.2298 1.4
    endloop
  endfacet
  facet normal 0 0 -1
    outer loop
      vertex -27.4043 -12.9391 1.4
      vertex -27.4373 -12.343 1.4
      vertex -27.4012 -12.0349 1.4
    endloop
  endfacet
  facet normal 0 -0 -1
    outer loop
      vertex -27.4373 -12.343 1.4
      vertex -27.4043 -12.9391 1.4
      vertex -27.4381 -12.642 1.4
    endloop
  endfacet
  facet normal 0 0 -1
    outer loop
      vertex -10.9098 -29.1821 1.4
      vertex -10.9 63.5152 1.4
      vertex -10.9 -29.5444 1.4
    endloop
  endfacet
  facet normal 0 0 -1
    outer loop
      vertex -10.9612 -28.8085 1.4
      vertex -10.9 63.5152 1.4
      vertex -10.9098 -29.1821 1.4
    endloop
  endfacet
  facet normal 0 0 -1
    outer loop
      vertex -11.0541 -28.4409 1.4
      vertex -10.9 63.5152 1.4
      vertex -10.9612 -28.8085 1.4
    endloop
  endfacet
  facet normal 0 0 -1
    outer loop
      vertex -11.1875 -28.087 1.4
      vertex -10.9 63.5152 1.4
      vertex -11.0541 -28.4409 1.4
    endloop
  endfacet
  facet normal 0 0 -1
    outer loop
      vertex -19.0747 35.1872 1.4
      vertex -11.1875 -28.087 1.4
      vertex -11.3593 -27.7493 1.4
    endloop
  endfacet
  facet normal 0 0 -1
    outer loop
      vertex -19.0747 35.1872 1.4
      vertex -11.3593 -27.7493 1.4
      vertex -11.5684 -27.4325 1.4
    endloop
  endfacet
  facet normal 0 0 -1
    outer loop
      vertex -19.0747 35.1872 1.4
      vertex -11.5684 -27.4325 1.4
      vertex -11.8107 -27.1424 1.4
    endloop
  endfacet
  facet normal 0 0 -1
    outer loop
      vertex -19.0747 35.1872 1.4
      vertex -11.8107 -27.1424 1.4
      vertex -12.075 -26.8882 1.4
    endloop
  endfacet
  facet normal 0 0 -1
    outer loop
      vertex -19.0747 35.1872 1.4
      vertex -10.9 63.5152 1.4
      vertex -11.1875 -28.087 1.4
    endloop
  endfacet
  facet normal 0 0 -1
    outer loop
      vertex -19.0323 35.9915 1.4
      vertex -10.9 63.5152 1.4
      vertex -19.0296 35.5825 1.4
    endloop
  endfacet
  facet normal 0 0 -1
    outer loop
      vertex -19.0838 36.3978 1.4
      vertex -10.9 63.5152 1.4
      vertex -19.0323 35.9915 1.4
    endloop
  endfacet
  facet normal 0 0 -1
    outer loop
      vertex -19.1842 36.794 1.4
      vertex -10.9 63.5152 1.4
      vertex -19.0838 36.3978 1.4
    endloop
  endfacet
  facet normal 0 0 -1
    outer loop
      vertex -19.3307 37.1763 1.4
      vertex -10.9 63.5152 1.4
      vertex -19.1842 36.794 1.4
    endloop
  endfacet
  facet normal 0 0 -1
    outer loop
      vertex -19.5226 37.5385 1.4
      vertex -10.9 63.5152 1.4
      vertex -19.3307 37.1763 1.4
    endloop
  endfacet
  facet normal 0 0 -1
    outer loop
      vertex -19.7572 37.8749 1.4
      vertex -10.9 63.5152 1.4
      vertex -19.5226 37.5385 1.4
    endloop
  endfacet
  facet normal 0 0 -1
    outer loop
      vertex -20.0301 38.1795 1.4
      vertex -10.9 63.5152 1.4
      vertex -19.7572 37.8749 1.4
    endloop
  endfacet
  facet normal 0 0 -1
    outer loop
      vertex -20.3369 38.45 1.4
      vertex -10.9 63.5152 1.4
      vertex -20.0301 38.1795 1.4
    endloop
  endfacet
  facet normal 0 0 -1
    outer loop
      vertex -20.675 38.6812 1.4
      vertex -10.9 63.5152 1.4
      vertex -20.3369 38.45 1.4
    endloop
  endfacet
  facet normal 0 0 -1
    outer loop
      vertex -21.0278 38.8651 1.4
      vertex -10.9 63.5152 1.4
      vertex -20.675 38.6812 1.4
    endloop
  endfacet
  facet normal 0 0 -1
    outer loop
      vertex -57.6382 55.2178 1.4
      vertex -10.9 63.5152 1.4
      vertex -21.0278 38.8651 1.4
    endloop
  endfacet
  facet normal 0 0 -1
    outer loop
      vertex -58.0174 55.3595 1.4
      vertex -10.9 63.5152 1.4
      vertex -57.6382 55.2178 1.4
    endloop
  endfacet
  facet normal 0 0 -1
    outer loop
      vertex -58.4104 55.4545 1.4
      vertex -10.9 63.5152 1.4
      vertex -58.0174 55.3595 1.4
    endloop
  endfacet
  facet normal 0 0 -1
    outer loop
      vertex -103.863 63.469 1.4
      vertex -10.9 63.5152 1.4
      vertex -58.4104 55.4545 1.4
    endloop
  endfacet
  facet normal 0 0 -1
    outer loop
      vertex -104.23 63.5126 1.4
      vertex -10.9 63.5152 1.4
      vertex -103.863 63.469 1.4
    endloop
  endfacet
  facet normal 0 0 -1
    outer loop
      vertex -104.23 63.5126 1.4
      vertex -104.539 63.5152 1.4
      vertex -10.9 63.5152 1.4
    endloop
  endfacet
  facet normal 0 -0 -1
    outer loop
      vertex -104.539 63.5152 1.4
      vertex -104.23 63.5126 1.4
      vertex -104.545 63.5149 1.4
    endloop
  endfacet
  facet normal 0 0 -1
    outer loop
      vertex -118.622 -9.40937 1.4
      vertex -118.422 -9.58813 1.4
      vertex -118.622 -9.40942 1.4
    endloop
  endfacet
  facet normal 0 0 1
    outer loop
      vertex -118.422 -9.58813 1.4
      vertex -118.622 -9.40937 1.4
      vertex -118.422 -9.58816 1.4
    endloop
  endfacet
  facet normal 0 -0 1
    outer loop
      vertex -107.796 60.6815 1.4
      vertex -107.796 60.6816 1.4
      vertex -111.277 40.9386 1.4
    endloop
  endfacet
  facet normal 0 -0 1
    outer loop
      vertex -119.402 -8.27408 1.4
      vertex -119.402 -8.27388 1.4
      vertex -119.469 -8.09665 1.4
    endloop
  endfacet
  facet normal 0 0 0
    outer loop
      vertex -119.665 -6.85667 1.4
      vertex -119.665 -6.94897 1.4
      vertex -119.665 -6.85674 1.4
    endloop
  endfacet
  facet normal 0 0 -1
    outer loop
      vertex -119.577 -7.72259 1.4
      vertex -119.593 -7.65974 1.4
      vertex -119.593 -7.6597 1.4
    endloop
  endfacet
  facet normal 0 0 -1
    outer loop
      vertex -10.9 -43.0314 1.4
      vertex -10.9315 -29.9382 1.4
      vertex -10.9 -29.5663 1.4
    endloop
  endfacet
  facet normal 0 0 -1
    outer loop
      vertex -10.9 -43.0314 1.4
      vertex -11.0061 -30.3094 1.4
      vertex -10.9315 -29.9382 1.4
    endloop
  endfacet
  facet normal 0 0 -1
    outer loop
      vertex -10.9 -43.0314 1.4
      vertex -11.1205 -30.6704 1.4
      vertex -11.0061 -30.3094 1.4
    endloop
  endfacet
  facet normal 0 0 -1
    outer loop
      vertex -10.9 -43.0314 1.4
      vertex -11.2758 -31.0159 1.4
      vertex -11.1205 -30.6704 1.4
    endloop
  endfacet
  facet normal 0 0 -1
    outer loop
      vertex -10.9 -43.0314 1.4
      vertex -11.4667 -31.3423 1.4
      vertex -11.2758 -31.0159 1.4
    endloop
  endfacet
  facet normal 0 0 -1
    outer loop
      vertex -10.9 -43.0314 1.4
      vertex -11.6874 -31.6365 1.4
      vertex -11.4667 -31.3423 1.4
    endloop
  endfacet
  facet normal 0 0 -1
    outer loop
      vertex -10.9 -43.0314 1.4
      vertex -20.2399 -41.8301 1.4
      vertex -11.6874 -31.6365 1.4
    endloop
  endfacet
  facet normal 0 0 -1
    outer loop
      vertex -10.9 -43.0314 1.4
      vertex -20.5064 -42.1117 1.4
      vertex -20.2399 -41.8301 1.4
    endloop
  endfacet
  facet normal 0 0 -1
    outer loop
      vertex -10.9 -43.0314 1.4
      vertex -20.8124 -42.367 1.4
      vertex -20.5064 -42.1117 1.4
    endloop
  endfacet
  facet normal 0 0 -1
    outer loop
      vertex -10.9 -43.0314 1.4
      vertex -21.1454 -42.5855 1.4
      vertex -20.8124 -42.367 1.4
    endloop
  endfacet
  facet normal 0 0 -1
    outer loop
      vertex -10.9 -43.0314 1.4
      vertex -21.5027 -42.7633 1.4
      vertex -21.1454 -42.5855 1.4
    endloop
  endfacet
  facet normal 0 0 -1
    outer loop
      vertex -10.9 -43.0314 1.4
      vertex -21.8789 -42.8984 1.4
      vertex -21.5027 -42.7633 1.4
    endloop
  endfacet
  facet normal 0 0 -1
    outer loop
      vertex -10.9 -43.0314 1.4
      vertex -22.2676 -42.9876 1.4
      vertex -21.8789 -42.8984 1.4
    endloop
  endfacet
  facet normal 0 -0 -1
    outer loop
      vertex -22.2676 -42.9876 1.4
      vertex -10.9 -43.0314 1.4
      vertex -22.6624 -43.0314 1.4
    endloop
  endfacet
  facet normal 0.666303 0.745681 -0
    outer loop
      vertex -118.422 -9.58813 0
      vertex -118.622 -9.40942 1.4
      vertex -118.422 -9.58813 1.4
    endloop
  endfacet
  facet normal 0.666303 0.745681 0
    outer loop
      vertex -118.622 -9.40942 1.4
      vertex -118.422 -9.58813 0
      vertex -118.622 -9.40942 0
    endloop
  endfacet
  facet normal 0.789465 0.613796 0
    outer loop
      vertex -118.899 -9.10898 1.39
      vertex -118.999 -8.98036 0
      vertex -118.999 -8.98036 1.39
    endloop
  endfacet
  facet normal 0.789465 0.613796 0
    outer loop
      vertex -118.999 -8.98036 0
      vertex -118.899 -9.10898 1.39
      vertex -118.899 -9.10898 0
    endloop
  endfacet
  facet normal 0.00895898 0.99996 -0
    outer loop
      vertex -22.6927 -43.0313 0
      vertex -22.9829 -43.0287 1.39
      vertex -22.6927 -43.0313 1.39
    endloop
  endfacet
  facet normal 0.00895898 0.99996 0
    outer loop
      vertex -22.9829 -43.0287 1.39
      vertex -22.6927 -43.0313 0
      vertex -22.9829 -43.0287 0
    endloop
  endfacet
  facet normal 0.96909 0.246706 -0
    outer loop
      vertex -119.577 -7.72259 1.39
      vertex -119.593 -7.65974 1.4
      vertex -119.577 -7.72259 1.4
    endloop
  endfacet
  facet normal 0.96909 0.246706 0
    outer loop
      vertex -119.593 -7.65974 1.4
      vertex -119.577 -7.72259 1.39
      vertex -119.593 -7.65974 0
    endloop
  endfacet
  facet normal 0.970827 0.239781 -0
    outer loop
      vertex -119.535 -7.89264 0
      vertex -119.577 -7.72259 1.39
      vertex -119.535 -7.89264 1.39
    endloop
  endfacet
  facet normal 0.970363 0.241653 -0.000243092
    outer loop
      vertex -119.577 -7.72259 1.39
      vertex -119.535 -7.89264 0
      vertex -119.593 -7.65974 0
    endloop
  endfacet
  facet normal 0.152586 0.98829 -0
    outer loop
      vertex -23.4052 -42.9855 0
      vertex -23.4894 -42.9725 1.39
      vertex -23.4052 -42.9855 1.39
    endloop
  endfacet
  facet normal 0.152586 0.98829 0
    outer loop
      vertex -23.4894 -42.9725 1.39
      vertex -23.4052 -42.9855 0
      vertex -23.4894 -42.9725 0
    endloop
  endfacet
  facet normal 0.0527434 -0.998608 0
    outer loop
      vertex -104.687 63.5074 1.39
      vertex -104.687 63.5074 0
      vertex -104.545 63.5149 1.39
    endloop
  endfacet
  facet normal 0.0499376 -0.998752 0
    outer loop
      vertex -104.545 63.5149 1.39
      vertex -104.539 63.5152 1.4
      vertex -104.545 63.5149 1.4
    endloop
  endfacet
  facet normal 0.0526297 -0.998614 1.16502e-05
    outer loop
      vertex -104.539 63.5152 0
      vertex -104.545 63.5149 1.39
      vertex -104.687 63.5074 0
    endloop
  endfacet
  facet normal 0.0499376 -0.998752 0
    outer loop
      vertex -104.545 63.5149 1.39
      vertex -104.539 63.5152 0
      vertex -104.539 63.5152 1.4
    endloop
  endfacet
  facet normal 0.105601 -0.994409 0
    outer loop
      vertex -104.913 63.4834 0
      vertex -104.687 63.5074 1.39
      vertex -104.913 63.4834 1.39
    endloop
  endfacet
  facet normal 0.105601 -0.994409 0
    outer loop
      vertex -104.687 63.5074 1.39
      vertex -104.913 63.4834 0
      vertex -104.687 63.5074 0
    endloop
  endfacet
  facet normal 0.572897 0.819627 -0
    outer loop
      vertex -92.9273 -29.7834 0
      vertex -93.1512 -29.6269 1.39
      vertex -92.9273 -29.7834 1.39
    endloop
  endfacet
  facet normal 0.572897 0.819627 0
    outer loop
      vertex -93.1512 -29.6269 1.39
      vertex -92.9273 -29.7834 0
      vertex -93.1512 -29.6269 0
    endloop
  endfacet
  facet normal 0.125879 0.992046 0
    outer loop
      vertex -23.1424 -43.0182 1.4
      vertex -23.1755 -43.014 1.39
      vertex -23.1755 -43.014 1.4
    endloop
  endfacet
  facet normal 0.125879 0.992046 -0
    outer loop
      vertex -23.1424 -43.0182 0
      vertex -23.1755 -43.014 1.39
      vertex -23.1424 -43.0182 1.4
    endloop
  endfacet
  facet normal 0.123477 0.992347 -5.81078e-05
    outer loop
      vertex -23.4052 -42.9855 0
      vertex -23.1755 -43.014 1.39
      vertex -23.1424 -43.0182 0
    endloop
  endfacet
  facet normal 0.123131 0.99239 0
    outer loop
      vertex -23.1755 -43.014 1.39
      vertex -23.4052 -42.9855 0
      vertex -23.4052 -42.9855 1.39
    endloop
  endfacet
  facet normal 0.479672 -0.877448 0
    outer loop
      vertex -106.134 63.0639 0
      vertex -105.999 63.1377 1.39
      vertex -106.134 63.0639 1.39
    endloop
  endfacet
  facet normal 0.479672 -0.877448 0
    outer loop
      vertex -105.999 63.1377 1.39
      vertex -106.134 63.0639 0
      vertex -105.999 63.1377 0
    endloop
  endfacet
  facet normal 0.85647 0.516196 0
    outer loop
      vertex -119.135 -8.78328 1.39
      vertex -119.222 -8.63893 0
      vertex -119.222 -8.63893 1.39
    endloop
  endfacet
  facet normal 0.85647 0.516196 0
    outer loop
      vertex -119.222 -8.63893 0
      vertex -119.135 -8.78328 1.39
      vertex -119.135 -8.78328 0
    endloop
  endfacet
  facet normal 1 0 0
    outer loop
      vertex -119.593 -7.6597 1.4
      vertex -119.593 -7.65974 1.4
      vertex -119.593 -7.6597 1.39
    endloop
  endfacet
  facet normal 0.983003 0.18359 0
    outer loop
      vertex -119.593 -7.6597 1.39
      vertex -119.623 -7.49907 0
      vertex -119.623 -7.49907 1.39
    endloop
  endfacet
  facet normal 0.983011 0.183546 -5.2819e-06
    outer loop
      vertex -119.593 -7.6597 1.39
      vertex -119.593 -7.65974 0
      vertex -119.623 -7.49907 0
    endloop
  endfacet
  facet normal 1 0 0
    outer loop
      vertex -119.593 -7.65974 0
      vertex -119.593 -7.6597 1.39
      vertex -119.593 -7.65974 1.4
    endloop
  endfacet
  facet normal 0.412654 0.910888 -0
    outer loop
      vertex -92.4111 -30.0567 0
      vertex -92.5665 -29.9863 1.39
      vertex -92.4111 -30.0567 1.39
    endloop
  endfacet
  facet normal 0.412654 0.910888 0
    outer loop
      vertex -92.5665 -29.9863 1.39
      vertex -92.4111 -30.0567 0
      vertex -92.5665 -29.9863 0
    endloop
  endfacet
  facet normal -0 0 1
    outer loop
      vertex -22.6796 -43.0314 1.39
      vertex -22.6643 -43.0316 1.39
      vertex -22.6624 -43.0314 1.39
    endloop
  endfacet
  facet normal 0 0 1
    outer loop
      vertex -22.6927 -43.0313 1.39
      vertex -22.6643 -43.0316 1.39
      vertex -22.6796 -43.0314 1.39
    endloop
  endfacet
  facet normal 0 0 1
    outer loop
      vertex -22.9829 -43.0287 1.39
      vertex -22.6643 -43.0316 1.39
      vertex -22.6927 -43.0313 1.39
    endloop
  endfacet
  facet normal 0 0 1
    outer loop
      vertex -22.9829 -43.0287 1.39
      vertex -23.0629 -43.028 1.39
      vertex -22.6643 -43.0316 1.39
    endloop
  endfacet
  facet normal -0 -0 1
    outer loop
      vertex -23.0629 -43.028 1.39
      vertex -22.9829 -43.0287 1.39
      vertex -23.1424 -43.0182 1.39
    endloop
  endfacet
  facet normal 0 0 1
    outer loop
      vertex -23.4052 -42.9855 1.39
      vertex -23.4475 -42.9803 1.39
      vertex -23.1755 -43.014 1.39
    endloop
  endfacet
  facet normal 0 0 1
    outer loop
      vertex -23.4894 -42.9725 1.39
      vertex -23.4475 -42.9803 1.39
      vertex -23.4052 -42.9855 1.39
    endloop
  endfacet
  facet normal 0 0 -1
    outer loop
      vertex -91.6746 -30.279 1.39
      vertex -23.4475 -42.9803 1.39
      vertex -23.4894 -42.9725 1.39
    endloop
  endfacet
  facet normal 0 0 1
    outer loop
      vertex -91.6746 -30.279 1.39
      vertex -91.7172 -30.2711 1.39
      vertex -23.4475 -42.9803 1.39
    endloop
  endfacet
  facet normal 0 0 1
    outer loop
      vertex -91.7592 -30.2605 1.39
      vertex -91.7172 -30.2711 1.39
      vertex -91.6746 -30.279 1.39
    endloop
  endfacet
  facet normal 0 0 1
    outer loop
      vertex -92.0245 -30.1939 1.39
      vertex -91.7172 -30.2711 1.39
      vertex -91.7592 -30.2605 1.39
    endloop
  endfacet
  facet normal 0 0 -1
    outer loop
      vertex -92.0245 -30.1939 1.39
      vertex -92.1053 -30.1736 1.39
      vertex -91.7172 -30.2711 1.39
    endloop
  endfacet
  facet normal 0 0 1
    outer loop
      vertex -92.1831 -30.1439 1.39
      vertex -92.1053 -30.1736 1.39
      vertex -92.0245 -30.1939 1.39
    endloop
  endfacet
  facet normal 0 0 -1
    outer loop
      vertex -92.4111 -30.0567 1.39
      vertex -92.1053 -30.1736 1.39
      vertex -92.1831 -30.1439 1.39
    endloop
  endfacet
  facet normal 0 0 1
    outer loop
      vertex -92.4111 -30.0567 1.39
      vertex -92.4909 -30.0263 1.39
      vertex -92.1053 -30.1736 1.39
    endloop
  endfacet
  facet normal 0 0 1
    outer loop
      vertex -92.5665 -29.9863 1.39
      vertex -92.4909 -30.0263 1.39
      vertex -92.4111 -30.0567 1.39
    endloop
  endfacet
  facet normal 0 0 1
    outer loop
      vertex -92.7803 -29.8732 1.39
      vertex -92.4909 -30.0263 1.39
      vertex -92.5665 -29.9863 1.39
    endloop
  endfacet
  facet normal 0 0 -1
    outer loop
      vertex -92.7803 -29.8732 1.39
      vertex -92.8566 -29.8328 1.39
      vertex -92.4909 -30.0263 1.39
    endloop
  endfacet
  facet normal 0 0 1
    outer loop
      vertex -92.9273 -29.7834 1.39
      vertex -92.8566 -29.8328 1.39
      vertex -92.7803 -29.8732 1.39
    endloop
  endfacet
  facet normal 0 0 -1
    outer loop
      vertex -92.9273 -29.7834 1.39
      vertex -93.1859 -29.6026 1.39
      vertex -92.8566 -29.8328 1.39
    endloop
  endfacet
  facet normal 0 0 -1
    outer loop
      vertex -93.1512 -29.6269 1.39
      vertex -93.1859 -29.6026 1.39
      vertex -92.9273 -29.7834 1.39
    endloop
  endfacet
  facet normal 0 0 1
    outer loop
      vertex -93.2189 -29.5764 1.39
      vertex -93.1859 -29.6026 1.39
      vertex -93.1512 -29.6269 1.39
    endloop
  endfacet
  facet normal 0 0 1
    outer loop
      vertex -118.359 -9.64116 1.39
      vertex -93.1859 -29.6026 1.39
      vertex -93.2189 -29.5764 1.39
    endloop
  endfacet
  facet normal 0 0 -1
    outer loop
      vertex -118.359 -9.64116 1.39
      vertex -118.391 -9.61574 1.39
      vertex -93.1859 -29.6026 1.39
    endloop
  endfacet
  facet normal -0 -0 1
    outer loop
      vertex -118.391 -9.61574 1.39
      vertex -118.359 -9.64116 1.39
      vertex -118.422 -9.58816 1.39
    endloop
  endfacet
  facet normal 0 0 1
    outer loop
      vertex -10.9 -29.5444 1.39
      vertex -10.9 -29.5663 1.39
      vertex -10.8995 -29.5611 1.39
    endloop
  endfacet
  facet normal 0 0 1
    outer loop
      vertex -119.623 -7.49907 1.39
      vertex -119.613 -7.58024 1.39
      vertex -119.593 -7.6597 1.39
    endloop
  endfacet
  facet normal 0 0 1
    outer loop
      vertex -119.653 -7.26152 1.39
      vertex -119.613 -7.58024 1.39
      vertex -119.623 -7.49907 1.39
    endloop
  endfacet
  facet normal 0 0 1
    outer loop
      vertex -119.653 -7.26152 1.39
      vertex -119.664 -7.17786 1.39
      vertex -119.613 -7.58024 1.39
    endloop
  endfacet
  facet normal 0 0 1
    outer loop
      vertex -119.664 -7.09338 1.39
      vertex -119.664 -7.17786 1.39
      vertex -119.653 -7.26152 1.39
    endloop
  endfacet
  facet normal 0 -0 1
    outer loop
      vertex -119.664 -7.17786 1.39
      vertex -119.664 -7.09338 1.39
      vertex -119.665 -6.94897 1.39
    endloop
  endfacet
  facet normal 0 0 1
    outer loop
      vertex -119.486 -8.05101 1.39
      vertex -119.515 -7.97324 1.39
      vertex -119.469 -8.09665 1.39
    endloop
  endfacet
  facet normal 0 0 1
    outer loop
      vertex -119.535 -7.89264 1.39
      vertex -119.515 -7.97324 1.39
      vertex -119.486 -8.05101 1.39
    endloop
  endfacet
  facet normal 0 0 -1
    outer loop
      vertex -119.515 -7.97324 1.39
      vertex -119.535 -7.89264 1.39
      vertex -119.577 -7.72259 1.39
    endloop
  endfacet
  facet normal 0 0 1
    outer loop
      vertex -118.742 -9.28842 1.39
      vertex -118.686 -9.35254 1.39
      vertex -118.622 -9.40937 1.39
    endloop
  endfacet
  facet normal 0 0 1
    outer loop
      vertex -118.899 -9.10898 1.39
      vertex -118.686 -9.35254 1.39
      vertex -118.742 -9.28842 1.39
    endloop
  endfacet
  facet normal 0 0 1
    outer loop
      vertex -118.899 -9.10898 1.39
      vertex -118.953 -9.0476 1.39
      vertex -118.686 -9.35254 1.39
    endloop
  endfacet
  facet normal 0 0 1
    outer loop
      vertex -118.999 -8.98036 1.39
      vertex -118.953 -9.0476 1.39
      vertex -118.899 -9.10898 1.39
    endloop
  endfacet
  facet normal 0 0 1
    outer loop
      vertex -119.135 -8.78328 1.39
      vertex -118.953 -9.0476 1.39
      vertex -118.999 -8.98036 1.39
    endloop
  endfacet
  facet normal 0 0 1
    outer loop
      vertex -119.135 -8.78328 1.39
      vertex -119.183 -8.71373 1.39
      vertex -118.953 -9.0476 1.39
    endloop
  endfacet
  facet normal 0 0 1
    outer loop
      vertex -119.222 -8.63893 1.39
      vertex -119.183 -8.71373 1.39
      vertex -119.135 -8.78328 1.39
    endloop
  endfacet
  facet normal 0 0 1
    outer loop
      vertex -119.332 -8.42818 1.39
      vertex -119.183 -8.71373 1.39
      vertex -119.222 -8.63893 1.39
    endloop
  endfacet
  facet normal 0 0 1
    outer loop
      vertex -119.332 -8.42818 1.39
      vertex -119.372 -8.35318 1.39
      vertex -119.183 -8.71373 1.39
    endloop
  endfacet
  facet normal -0 -0 1
    outer loop
      vertex -119.372 -8.35318 1.39
      vertex -119.332 -8.42818 1.39
      vertex -119.402 -8.27408 1.39
    endloop
  endfacet
  facet normal 0 0 1
    outer loop
      vertex -104.612 63.5154 1.39
      vertex -104.687 63.5074 1.39
      vertex -104.545 63.5149 1.39
    endloop
  endfacet
  facet normal 0 0 1
    outer loop
      vertex -104.612 63.5154 1.39
      vertex -104.913 63.4834 1.39
      vertex -104.687 63.5074 1.39
    endloop
  endfacet
  facet normal 0 0 -1
    outer loop
      vertex -104.991 63.4751 1.39
      vertex -104.913 63.4834 1.39
      vertex -104.612 63.5154 1.39
    endloop
  endfacet
  facet normal -0 0 1
    outer loop
      vertex -104.991 63.4751 1.39
      vertex -105.068 63.458 1.39
      vertex -104.913 63.4834 1.39
    endloop
  endfacet
  facet normal 0 0 1
    outer loop
      vertex -104.991 63.4751 1.39
      vertex -105.287 63.4094 1.39
      vertex -105.068 63.458 1.39
    endloop
  endfacet
  facet normal 0 0 -1
    outer loop
      vertex -105.364 63.3923 1.39
      vertex -105.287 63.4094 1.39
      vertex -104.991 63.4751 1.39
    endloop
  endfacet
  facet normal -0 0 1
    outer loop
      vertex -105.364 63.3923 1.39
      vertex -105.439 63.3665 1.39
      vertex -105.287 63.4094 1.39
    endloop
  endfacet
  facet normal 0 0 -1
    outer loop
      vertex -105.364 63.3923 1.39
      vertex -105.65 63.2937 1.39
      vertex -105.439 63.3665 1.39
    endloop
  endfacet
  facet normal 0 0 1
    outer loop
      vertex -105.725 63.2681 1.39
      vertex -105.65 63.2937 1.39
      vertex -105.364 63.3923 1.39
    endloop
  endfacet
  facet normal -0 0 1
    outer loop
      vertex -105.725 63.2681 1.39
      vertex -105.796 63.2343 1.39
      vertex -105.65 63.2937 1.39
    endloop
  endfacet
  facet normal 0 0 1
    outer loop
      vertex -105.725 63.2681 1.39
      vertex -105.999 63.1377 1.39
      vertex -105.796 63.2343 1.39
    endloop
  endfacet
  facet normal 0 0 -1
    outer loop
      vertex -106.068 63.1045 1.39
      vertex -105.999 63.1377 1.39
      vertex -105.725 63.2681 1.39
    endloop
  endfacet
  facet normal -0 0 1
    outer loop
      vertex -106.068 63.1045 1.39
      vertex -106.134 63.0639 1.39
      vertex -105.999 63.1377 1.39
    endloop
  endfacet
  facet normal 0 0 1
    outer loop
      vertex -106.393 62.904 1.39
      vertex -106.631 62.7157 1.39
      vertex -106.455 62.8547 1.39
    endloop
  endfacet
  facet normal 0 0 1
    outer loop
      vertex -106.692 62.6679 1.39
      vertex -106.631 62.7157 1.39
      vertex -106.393 62.904 1.39
    endloop
  endfacet
  facet normal -0 0 1
    outer loop
      vertex -106.692 62.6679 1.39
      vertex -106.747 62.6139 1.39
      vertex -106.631 62.7157 1.39
    endloop
  endfacet
  facet normal 0 0 -1
    outer loop
      vertex -106.692 62.6679 1.39
      vertex -106.907 62.4558 1.39
      vertex -106.747 62.6139 1.39
    endloop
  endfacet
  facet normal 0 0 1
    outer loop
      vertex -106.963 62.4007 1.39
      vertex -106.907 62.4558 1.39
      vertex -106.692 62.6679 1.39
    endloop
  endfacet
  facet normal -0 0 1
    outer loop
      vertex -106.963 62.4007 1.39
      vertex -107.013 62.3396 1.39
      vertex -106.907 62.4558 1.39
    endloop
  endfacet
  facet normal 0 0 -1
    outer loop
      vertex -106.963 62.4007 1.39
      vertex -107.153 62.1659 1.39
      vertex -107.013 62.3396 1.39
    endloop
  endfacet
  facet normal 0 0 1
    outer loop
      vertex -107.203 62.1045 1.39
      vertex -107.153 62.1659 1.39
      vertex -106.963 62.4007 1.39
    endloop
  endfacet
  facet normal -0 0 1
    outer loop
      vertex -107.203 62.1045 1.39
      vertex -107.246 62.0377 1.39
      vertex -107.153 62.1659 1.39
    endloop
  endfacet
  facet normal 0 0 -1
    outer loop
      vertex -107.203 62.1045 1.39
      vertex -107.366 61.8491 1.39
      vertex -107.246 62.0377 1.39
    endloop
  endfacet
  facet normal 0 0 1
    outer loop
      vertex -107.409 61.7824 1.39
      vertex -107.366 61.8491 1.39
      vertex -107.203 62.1045 1.39
    endloop
  endfacet
  facet normal -0 0 1
    outer loop
      vertex -107.409 61.7824 1.39
      vertex -107.443 61.7114 1.39
      vertex -107.366 61.8491 1.39
    endloop
  endfacet
  facet normal 0 0 1
    outer loop
      vertex -107.409 61.7824 1.39
      vertex -107.541 61.5111 1.39
      vertex -107.443 61.7114 1.39
    endloop
  endfacet
  facet normal 0 0 1
    outer loop
      vertex -107.576 61.4398 1.39
      vertex -107.541 61.5111 1.39
      vertex -107.409 61.7824 1.39
    endloop
  endfacet
  facet normal -0 0 1
    outer loop
      vertex -107.576 61.4398 1.39
      vertex -107.603 61.365 1.39
      vertex -107.541 61.5111 1.39
    endloop
  endfacet
  facet normal 0 0 -1
    outer loop
      vertex -107.576 61.4398 1.39
      vertex -107.678 61.1533 1.39
      vertex -107.603 61.365 1.39
    endloop
  endfacet
  facet normal 0 0 1
    outer loop
      vertex -107.704 61.0804 1.39
      vertex -107.678 61.1533 1.39
      vertex -107.576 61.4398 1.39
    endloop
  endfacet
  facet normal -0 0 1
    outer loop
      vertex -107.704 61.0804 1.39
      vertex -107.722 61.005 1.39
      vertex -107.678 61.1533 1.39
    endloop
  endfacet
  facet normal 0 0 -1
    outer loop
      vertex -107.704 61.0804 1.39
      vertex -107.78 60.7587 1.39
      vertex -107.722 61.005 1.39
    endloop
  endfacet
  facet normal 0 0 -1
    outer loop
      vertex -107.789 60.7202 1.39
      vertex -107.78 60.7587 1.39
      vertex -107.704 61.0804 1.39
    endloop
  endfacet
  facet normal 0 0 1
    outer loop
      vertex -107.78 60.7587 1.39
      vertex -107.789 60.7202 1.39
      vertex -107.796 60.6816 1.39
    endloop
  endfacet
  facet normal 0 0 -1
    outer loop
      vertex -106.455 62.8547 1.39
      vertex -106.325 62.9459 1.39
      vertex -106.134 63.0639 1.39
    endloop
  endfacet
  facet normal -0 0 1
    outer loop
      vertex -106.393 62.904 1.39
      vertex -106.455 62.8547 1.39
      vertex -106.134 63.0639 1.39
    endloop
  endfacet
  facet normal 0 -0 -1
    outer loop
      vertex -106.134 63.0639 1.39
      vertex -106.068 63.1045 1.39
      vertex -106.393 62.904 1.39
    endloop
  endfacet
  facet normal 0 0 -1
    outer loop
      vertex -119.62 -6.37967 1.39
      vertex -119.613 -6.33917 1.39
      vertex -111.277 40.9386 1.39
    endloop
  endfacet
  facet normal -0 0 1
    outer loop
      vertex -119.62 -6.37967 1.39
      vertex -119.625 -6.42049 1.39
      vertex -119.613 -6.33917 1.39
    endloop
  endfacet
  facet normal 0 0 -1
    outer loop
      vertex -119.62 -6.37967 1.39
      vertex -119.656 -6.68713 1.39
      vertex -119.625 -6.42049 1.39
    endloop
  endfacet
  facet normal 0 0 1
    outer loop
      vertex -119.656 -6.68713 1.39
      vertex -119.666 -6.77164 1.39
      vertex -119.665 -6.85667 1.39
    endloop
  endfacet
  facet normal 0 0 1
    outer loop
      vertex -119.666 -6.77164 1.39
      vertex -119.656 -6.68713 1.39
      vertex -119.62 -6.37967 1.39
    endloop
  endfacet
  facet normal 0 0 -1
    outer loop
      vertex -71.8982 53.3697 6
      vertex -70.9415 54.3131 6
      vertex -71.7055 49.98 6
    endloop
  endfacet
  facet normal 0 0 -1
    outer loop
      vertex -70.9415 54.3131 6
      vertex -71.7177 53.9423 6
      vertex -71.6849 54.2414 6
    endloop
  endfacet
  facet normal 0 0 -1
    outer loop
      vertex -73.5591 48.6821 6
      vertex -71.7055 49.98 6
      vertex -71.7553 49.7767 6
    endloop
  endfacet
  facet normal 0 0 -1
    outer loop
      vertex -70.9415 54.3131 6
      vertex -71.7892 53.6501 6
      vertex -71.7177 53.9423 6
    endloop
  endfacet
  facet normal 0 0 -1
    outer loop
      vertex -73.5591 48.6821 6
      vertex -71.7553 49.7767 6
      vertex -71.8311 49.5816 6
    endloop
  endfacet
  facet normal 0 0 -1
    outer loop
      vertex -70.9415 54.3131 6
      vertex -71.8982 53.3697 6
      vertex -71.7892 53.6501 6
    endloop
  endfacet
  facet normal 0 0 -1
    outer loop
      vertex -73.5591 48.6821 6
      vertex -71.8311 49.5816 6
      vertex -71.9318 49.3982 6
    endloop
  endfacet
  facet normal 0 0 -1
    outer loop
      vertex -71.7055 49.98 6
      vertex -72.0429 53.1059 6
      vertex -71.8982 53.3697 6
    endloop
  endfacet
  facet normal 0 0 -1
    outer loop
      vertex -73.5591 48.6821 6
      vertex -71.9318 49.3982 6
      vertex -72.0556 49.2294 6
    endloop
  endfacet
  facet normal 0 0 -1
    outer loop
      vertex -73.5591 48.6821 6
      vertex -72.0556 49.2294 6
      vertex -72.2003 49.0782 6
    endloop
  endfacet
  facet normal 0 0 -1
    outer loop
      vertex -71.7055 49.98 6
      vertex -72.2208 52.8633 6
      vertex -72.0429 53.1059 6
    endloop
  endfacet
  facet normal 0 0 -1
    outer loop
      vertex -72.5424 48.8386 6
      vertex -72.2003 49.0782 6
      vertex -72.3635 48.9472 6
    endloop
  endfacet
  facet normal 0 0 -1
    outer loop
      vertex -71.7055 49.98 6
      vertex -72.4289 52.6459 6
      vertex -72.2208 52.8633 6
    endloop
  endfacet
  facet normal 0 0 -1
    outer loop
      vertex -72.734 48.7543 6
      vertex -72.2003 49.0782 6
      vertex -72.5424 48.8386 6
    endloop
  endfacet
  facet normal 0 0 -1
    outer loop
      vertex -71.7055 49.98 6
      vertex -72.6635 52.4576 6
      vertex -72.4289 52.6459 6
    endloop
  endfacet
  facet normal 0 0 -1
    outer loop
      vertex -72.9349 48.6958 6
      vertex -72.2003 49.0782 6
      vertex -72.734 48.7543 6
    endloop
  endfacet
  facet normal 0 0 -1
    outer loop
      vertex -71.7055 49.98 6
      vertex -72.9207 52.3016 6
      vertex -72.6635 52.4576 6
    endloop
  endfacet
  facet normal 0 0 -1
    outer loop
      vertex -73.1418 48.6639 6
      vertex -72.2003 49.0782 6
      vertex -72.9349 48.6958 6
    endloop
  endfacet
  facet normal 0 0 -1
    outer loop
      vertex -73.351 48.6593 6
      vertex -72.2003 49.0782 6
      vertex -73.1418 48.6639 6
    endloop
  endfacet
  facet normal 0 0 -1
    outer loop
      vertex -71.7055 49.98 6
      vertex -73.1961 52.1804 6
      vertex -72.9207 52.3016 6
    endloop
  endfacet
  facet normal 0 0 -1
    outer loop
      vertex -73.5591 48.6821 6
      vertex -72.2003 49.0782 6
      vertex -73.351 48.6593 6
    endloop
  endfacet
  facet normal 0 0 -1
    outer loop
      vertex -71.7055 49.98 6
      vertex -73.4849 52.0962 6
      vertex -73.1961 52.1804 6
    endloop
  endfacet
  facet normal -0 0 -1
    outer loop
      vertex -71.7055 49.98 6
      vertex -73.5591 48.6821 6
      vertex -73.4849 52.0962 6
    endloop
  endfacet
  facet normal 0 0 -1
    outer loop
      vertex -73.5591 48.6821 6
      vertex -73.7823 52.0504 6
      vertex -73.4849 52.0962 6
    endloop
  endfacet
  facet normal 0 0 -1
    outer loop
      vertex -73.5591 48.6821 6
      vertex -74.0831 52.0439 6
      vertex -73.7823 52.0504 6
    endloop
  endfacet
  facet normal 0 0 -1
    outer loop
      vertex -73.5591 48.6821 6
      vertex -74.3821 52.0766 6
      vertex -74.0831 52.0439 6
    endloop
  endfacet
  facet normal 0 0 -1
    outer loop
      vertex -73.5591 48.6821 6
      vertex -74.6744 52.1481 6
      vertex -74.3821 52.0766 6
    endloop
  endfacet
  facet normal 0 0 -1
    outer loop
      vertex -73.5591 48.6821 6
      vertex -74.9548 52.2572 6
      vertex -74.6744 52.1481 6
    endloop
  endfacet
  facet normal 0 0 -1
    outer loop
      vertex -73.5591 48.6821 6
      vertex -75.2185 52.4019 6
      vertex -74.9548 52.2572 6
    endloop
  endfacet
  facet normal 0 0 -1
    outer loop
      vertex -73.5591 48.6821 6
      vertex -75.4611 52.5798 6
      vertex -75.2185 52.4019 6
    endloop
  endfacet
  facet normal 0 0 -1
    outer loop
      vertex -73.5591 48.6821 6
      vertex -75.6785 52.7878 6
      vertex -75.4611 52.5798 6
    endloop
  endfacet
  facet normal 0 0 -1
    outer loop
      vertex -89.2668 51.4518 6
      vertex -75.6785 52.7878 6
      vertex -73.5591 48.6821 6
    endloop
  endfacet
  facet normal -0 0 -1
    outer loop
      vertex -75.6785 52.7878 6
      vertex -89.2668 51.4518 6
      vertex -75.8668 53.0225 6
    endloop
  endfacet
  facet normal 0 0 -1
    outer loop
      vertex -76.274 54.1412 6
      vertex -88.0686 58.247 6
      vertex -76.2805 54.442 6
    endloop
  endfacet
  facet normal 0 0 -1
    outer loop
      vertex -89.2668 51.4518 6
      vertex -76.274 54.1412 6
      vertex -76.2282 53.8439 6
    endloop
  endfacet
  facet normal 0 0 -1
    outer loop
      vertex -89.2668 51.4518 6
      vertex -76.2282 53.8439 6
      vertex -76.144 53.555 6
    endloop
  endfacet
  facet normal 0 0 -1
    outer loop
      vertex -89.2668 51.4518 6
      vertex -76.144 53.555 6
      vertex -76.0229 53.2797 6
    endloop
  endfacet
  facet normal -0 0 -1
    outer loop
      vertex -75.8668 53.0225 6
      vertex -89.2668 51.4518 6
      vertex -76.0229 53.2797 6
    endloop
  endfacet
  facet normal -0 0 -1
    outer loop
      vertex -76.274 54.1412 6
      vertex -89.2668 51.4518 6
      vertex -88.0686 58.247 6
    endloop
  endfacet
  facet normal 0 0 -1
    outer loop
      vertex -55.0723 46.4125 6
      vertex -53.7745 44.5589 6
      vertex -54.3563 44.7852 6
    endloop
  endfacet
  facet normal 0 0 -1
    outer loop
      vertex -55.0723 46.4125 6
      vertex -54.3563 44.7852 6
      vertex -54.5251 44.909 6
    endloop
  endfacet
  facet normal 0 0 -1
    outer loop
      vertex -55.0723 46.4125 6
      vertex -54.5251 44.909 6
      vertex -54.6763 45.0537 6
    endloop
  endfacet
  facet normal 0 0 -1
    outer loop
      vertex -55.0723 46.4125 6
      vertex -54.6763 45.0537 6
      vertex -54.8073 45.2169 6
    endloop
  endfacet
  facet normal 0 0 -1
    outer loop
      vertex -55.0723 46.4125 6
      vertex -54.8073 45.2169 6
      vertex -54.9158 45.3958 6
    endloop
  endfacet
  facet normal 0 0 -1
    outer loop
      vertex -55.0723 46.4125 6
      vertex -54.9158 45.3958 6
      vertex -55.0001 45.5874 6
    endloop
  endfacet
  facet normal 0 0 -1
    outer loop
      vertex -55.0723 46.4125 6
      vertex -55.0001 45.5874 6
      vertex -55.0587 45.7883 6
    endloop
  endfacet
  facet normal 0 0 -1
    outer loop
      vertex -53.7745 44.5589 6
      vertex -55.0723 46.4125 6
      vertex -54.1998 51.3611 6
    endloop
  endfacet
  facet normal 0 0 -1
    outer loop
      vertex -55.0905 45.9952 6
      vertex -55.0723 46.4125 6
      vertex -55.0587 45.7883 6
    endloop
  endfacet
  facet normal 0 0 -1
    outer loop
      vertex -55.0723 46.4125 6
      vertex -55.0905 45.9952 6
      vertex -55.0951 46.2044 6
    endloop
  endfacet
  facet normal 0 0 -1
    outer loop
      vertex -54.3158 -18.9778 6
      vertex -51.29 -19.9319 6
      vertex -52.8098 -20.8541 6
    endloop
  endfacet
  facet normal 0 0 -1
    outer loop
      vertex -54.3158 -18.9778 6
      vertex -52.8098 -20.8541 6
      vertex -53.0179 -20.8314 6
    endloop
  endfacet
  facet normal 0 0 -1
    outer loop
      vertex -54.3158 -18.9778 6
      vertex -53.0179 -20.8314 6
      vertex -53.2212 -20.7816 6
    endloop
  endfacet
  facet normal 0 0 -1
    outer loop
      vertex -54.3158 -18.9778 6
      vertex -53.2212 -20.7816 6
      vertex -53.4162 -20.7058 6
    endloop
  endfacet
  facet normal 0 0 -1
    outer loop
      vertex -54.3158 -18.9778 6
      vertex -53.4162 -20.7058 6
      vertex -53.5997 -20.6051 6
    endloop
  endfacet
  facet normal 0 0 -1
    outer loop
      vertex -54.3158 -18.9778 6
      vertex -53.5997 -20.6051 6
      vertex -53.7685 -20.4813 6
    endloop
  endfacet
  facet normal 0 0 -1
    outer loop
      vertex -54.3158 -18.9778 6
      vertex -53.7685 -20.4813 6
      vertex -53.9197 -20.3366 6
    endloop
  endfacet
  facet normal 0 0 -1
    outer loop
      vertex -54.3158 -18.9778 6
      vertex -53.9197 -20.3366 6
      vertex -54.0507 -20.1734 6
    endloop
  endfacet
  facet normal 0 0 -1
    outer loop
      vertex -54.3158 -18.9778 6
      vertex -54.0507 -20.1734 6
      vertex -54.1593 -19.9945 6
    endloop
  endfacet
  facet normal 0 0 -1
    outer loop
      vertex -54.3158 -18.9778 6
      vertex -54.1593 -19.9945 6
      vertex -54.2436 -19.8029 6
    endloop
  endfacet
  facet normal 0 0 -1
    outer loop
      vertex -54.3158 -18.9778 6
      vertex -54.2436 -19.8029 6
      vertex -54.3021 -19.602 6
    endloop
  endfacet
  facet normal 0 0 -1
    outer loop
      vertex -51.29 -19.9319 6
      vertex -54.3158 -18.9778 6
      vertex -52.8049 -10.4095 6
    endloop
  endfacet
  facet normal 0 0 -1
    outer loop
      vertex -54.334 -19.3951 6
      vertex -54.3158 -18.9778 6
      vertex -54.3021 -19.602 6
    endloop
  endfacet
  facet normal 0 0 -1
    outer loop
      vertex -54.3158 -18.9778 6
      vertex -54.334 -19.3951 6
      vertex -54.3385 -19.1859 6
    endloop
  endfacet
  facet normal 0 0 -1
    outer loop
      vertex -45.5991 -9.27863 6
      vertex -45.5809 -8.86135 6
      vertex -45.5763 -9.07058 6
    endloop
  endfacet
  facet normal 0 0 -1
    outer loop
      vertex -45.5991 -9.27863 6
      vertex -45.6127 -8.65449 6
      vertex -45.5809 -8.86135 6
    endloop
  endfacet
  facet normal 0 0 -1
    outer loop
      vertex -45.5991 -9.27863 6
      vertex -45.6713 -8.45356 6
      vertex -45.6127 -8.65449 6
    endloop
  endfacet
  facet normal 0 0 -1
    outer loop
      vertex -45.5991 -9.27863 6
      vertex -45.7556 -8.262 6
      vertex -45.6713 -8.45356 6
    endloop
  endfacet
  facet normal 0 0 -1
    outer loop
      vertex -46.8969 -7.42509 6
      vertex -45.5991 -9.27863 6
      vertex -45.832 -10.5999 6
    endloop
  endfacet
  facet normal 0 0 -1
    outer loop
      vertex -45.5991 -9.27863 6
      vertex -46.8969 -7.42509 6
      vertex -45.7556 -8.262 6
    endloop
  endfacet
  facet normal 0 0 -1
    outer loop
      vertex -47.5505 -11.9126 6
      vertex -45.832 -10.5999 6
      vertex -45.8818 -10.8032 6
    endloop
  endfacet
  facet normal 0 0 -1
    outer loop
      vertex -47.5505 -11.9126 6
      vertex -45.8818 -10.8032 6
      vertex -45.9576 -10.9982 6
    endloop
  endfacet
  facet normal 0 0 -1
    outer loop
      vertex -45.7556 -8.262 6
      vertex -46.8969 -7.42509 6
      vertex -45.8641 -8.08307 6
    endloop
  endfacet
  facet normal 0 0 -1
    outer loop
      vertex -47.5505 -11.9126 6
      vertex -45.9576 -10.9982 6
      vertex -46.0583 -11.1817 6
    endloop
  endfacet
  facet normal 0 0 -1
    outer loop
      vertex -45.8641 -8.08307 6
      vertex -46.8969 -7.42509 6
      vertex -45.9951 -7.91985 6
    endloop
  endfacet
  facet normal 0 0 -1
    outer loop
      vertex -47.5505 -11.9126 6
      vertex -46.0583 -11.1817 6
      vertex -46.1821 -11.3505 6
    endloop
  endfacet
  facet normal 0 0 -1
    outer loop
      vertex -45.9951 -7.91985 6
      vertex -46.8969 -7.42509 6
      vertex -46.1463 -7.77513 6
    endloop
  endfacet
  facet normal 0 0 -1
    outer loop
      vertex -47.5505 -11.9126 6
      vertex -46.1821 -11.3505 6
      vertex -46.3268 -11.5017 6
    endloop
  endfacet
  facet normal 0 0 -1
    outer loop
      vertex -47.5505 -11.9126 6
      vertex -46.3268 -11.5017 6
      vertex -46.49 -11.6327 6
    endloop
  endfacet
  facet normal 0 0 -1
    outer loop
      vertex -46.1463 -7.77513 6
      vertex -46.8969 -7.42509 6
      vertex -46.3151 -7.65136 6
    endloop
  endfacet
  facet normal 0 0 -1
    outer loop
      vertex -47.5505 -11.9126 6
      vertex -46.49 -11.6327 6
      vertex -46.6689 -11.7413 6
    endloop
  endfacet
  facet normal 0 0 -1
    outer loop
      vertex -46.3151 -7.65136 6
      vertex -46.8969 -7.42509 6
      vertex -46.4986 -7.5507 6
    endloop
  endfacet
  facet normal 0 0 -1
    outer loop
      vertex -47.5505 -11.9126 6
      vertex -46.6689 -11.7413 6
      vertex -46.8605 -11.8256 6
    endloop
  endfacet
  facet normal 0 0 -1
    outer loop
      vertex -46.4986 -7.5507 6
      vertex -46.8969 -7.42509 6
      vertex -46.6936 -7.47484 6
    endloop
  endfacet
  facet normal 0 0 -1
    outer loop
      vertex -47.5505 -11.9126 6
      vertex -46.8605 -11.8256 6
      vertex -47.0614 -11.8841 6
    endloop
  endfacet
  facet normal 0 0 -1
    outer loop
      vertex -47.5505 -11.9126 6
      vertex -47.0614 -11.8841 6
      vertex -47.2683 -11.916 6
    endloop
  endfacet
  facet normal 0 0 -1
    outer loop
      vertex -47.5505 -11.9126 6
      vertex -47.2683 -11.916 6
      vertex -47.4775 -11.9205 6
    endloop
  endfacet
  facet normal -0 0 -1
    outer loop
      vertex -45.832 -10.5999 6
      vertex -47.5505 -11.9126 6
      vertex -46.8969 -7.42509 6
    endloop
  endfacet
  facet normal 0 0 -1
    outer loop
      vertex -52.8049 -10.4095 6
      vertex -47.5505 -11.9126 6
      vertex -51.29 -19.9319 6
    endloop
  endfacet
  facet normal 0 0 -1
    outer loop
      vertex -52.6006 -20.8496 6
      vertex -51.29 -19.9319 6
      vertex -51.3906 -20.1153 6
    endloop
  endfacet
  facet normal 0 0 -1
    outer loop
      vertex -52.6006 -20.8496 6
      vertex -51.3906 -20.1153 6
      vertex -51.5144 -20.2841 6
    endloop
  endfacet
  facet normal 0 0 -1
    outer loop
      vertex -52.6006 -20.8496 6
      vertex -51.5144 -20.2841 6
      vertex -51.6591 -20.4353 6
    endloop
  endfacet
  facet normal 0 0 -1
    outer loop
      vertex -52.6006 -20.8496 6
      vertex -51.6591 -20.4353 6
      vertex -51.8223 -20.5663 6
    endloop
  endfacet
  facet normal 0 0 -1
    outer loop
      vertex -52.6006 -20.8496 6
      vertex -51.8223 -20.5663 6
      vertex -52.0013 -20.6749 6
    endloop
  endfacet
  facet normal 0 0 -1
    outer loop
      vertex -52.6006 -20.8496 6
      vertex -52.0013 -20.6749 6
      vertex -52.1928 -20.7592 6
    endloop
  endfacet
  facet normal 0 0 -1
    outer loop
      vertex -52.6006 -20.8496 6
      vertex -52.1928 -20.7592 6
      vertex -52.3938 -20.8177 6
    endloop
  endfacet
  facet normal 0 0 -1
    outer loop
      vertex -52.8098 -20.8541 6
      vertex -51.29 -19.9319 6
      vertex -52.6006 -20.8496 6
    endloop
  endfacet
  facet normal 0 0 -1
    outer loop
      vertex -47.5505 -11.9126 6
      vertex -52.8049 -10.4095 6
      vertex -46.8969 -7.42509 6
    endloop
  endfacet
  facet normal 0 0 -1
    outer loop
      vertex -52.8049 -10.4095 6
      vertex -63.0478 -4.57727 6
      vertex -46.8969 -7.42509 6
    endloop
  endfacet
  facet normal 0 0 -1
    outer loop
      vertex -62.1752 0.371387 6
      vertex -63.2698 2.17518 6
      vertex -63.0747 2.09932 6
    endloop
  endfacet
  facet normal 0 0 -1
    outer loop
      vertex -62.1752 0.371387 6
      vertex -63.4731 2.22492 6
      vertex -63.2698 2.17518 6
    endloop
  endfacet
  facet normal 0 0 -1
    outer loop
      vertex -69.5467 -7.4575 6
      vertex -63.0478 -4.57727 6
      vertex -52.8049 -10.4095 6
    endloop
  endfacet
  facet normal 0 0 -1
    outer loop
      vertex -69.5467 -7.4575 6
      vertex -63.4731 2.22492 6
      vertex -63.0478 -4.57727 6
    endloop
  endfacet
  facet normal 0 0 -1
    outer loop
      vertex -74.923 -16.0647 6
      vertex -69.5467 -7.4575 6
      vertex -72.325 -23.2144 6
    endloop
  endfacet
  facet normal 0 0 -1
    outer loop
      vertex -74.7658 -12.4656 6
      vertex -69.5467 -7.4575 6
      vertex -74.7264 -14.2703 6
    endloop
  endfacet
  facet normal 0 0 -1
    outer loop
      vertex -75.0404 -10.6815 6
      vertex -69.5467 -7.4575 6
      vertex -74.7658 -12.4656 6
    endloop
  endfacet
  facet normal 0 0 -1
    outer loop
      vertex -75.5455 -8.94845 6
      vertex -69.5467 -7.4575 6
      vertex -75.0404 -10.6815 6
    endloop
  endfacet
  facet normal 0 0 -1
    outer loop
      vertex -76.2726 -7.2962 6
      vertex -69.5467 -7.4575 6
      vertex -75.5455 -8.94845 6
    endloop
  endfacet
  facet normal 0 0 -1
    outer loop
      vertex -77.209 -5.75297 6
      vertex -69.5467 -7.4575 6
      vertex -76.2726 -7.2962 6
    endloop
  endfacet
  facet normal 0 0 -1
    outer loop
      vertex -78.3389 -4.34519 6
      vertex -69.5467 -7.4575 6
      vertex -77.209 -5.75297 6
    endloop
  endfacet
  facet normal 0 0 -1
    outer loop
      vertex -69.5467 -7.4575 6
      vertex -78.3389 -4.34519 6
      vertex -63.4731 2.22492 6
    endloop
  endfacet
  facet normal 0 0 -1
    outer loop
      vertex -78.3389 -4.34519 6
      vertex -79.033 4.96856 6
      vertex -63.4731 2.22492 6
    endloop
  endfacet
  facet normal 0 0 -1
    outer loop
      vertex -79.6428 -3.09693 6
      vertex -79.033 4.96856 6
      vertex -78.3389 -4.34519 6
    endloop
  endfacet
  facet normal 0 0 -1
    outer loop
      vertex -81.6506 -0.662445 6
      vertex -79.033 4.96856 6
      vertex -79.6428 -3.09693 6
    endloop
  endfacet
  facet normal -0 0 -1
    outer loop
      vertex -79.033 4.96856 6
      vertex -80.8865 3.6707 6
      vertex -79.2411 4.99135 6
    endloop
  endfacet
  facet normal 0 0 -1
    outer loop
      vertex -79.2411 4.99135 6
      vertex -80.8865 3.6707 6
      vertex -79.4503 4.98678 6
    endloop
  endfacet
  facet normal 0 0 -1
    outer loop
      vertex -79.4503 4.98678 6
      vertex -80.8865 3.6707 6
      vertex -79.6571 4.95494 6
    endloop
  endfacet
  facet normal 0 0 -1
    outer loop
      vertex -79.6571 4.95494 6
      vertex -80.8865 3.6707 6
      vertex -79.8581 4.89637 6
    endloop
  endfacet
  facet normal 0 0 -1
    outer loop
      vertex -79.8581 4.89637 6
      vertex -80.8865 3.6707 6
      vertex -80.0496 4.81208 6
    endloop
  endfacet
  facet normal 0 0 -1
    outer loop
      vertex -80.0496 4.81208 6
      vertex -80.8865 3.6707 6
      vertex -80.2286 4.70352 6
    endloop
  endfacet
  facet normal 0 0 -1
    outer loop
      vertex -80.2286 4.70352 6
      vertex -80.8865 3.6707 6
      vertex -80.3918 4.5725 6
    endloop
  endfacet
  facet normal 0 0 -1
    outer loop
      vertex -80.3918 4.5725 6
      vertex -80.8865 3.6707 6
      vertex -80.5365 4.42133 6
    endloop
  endfacet
  facet normal 0 0 -1
    outer loop
      vertex -80.5365 4.42133 6
      vertex -80.8865 3.6707 6
      vertex -80.6603 4.25254 6
    endloop
  endfacet
  facet normal 0 0 -1
    outer loop
      vertex -80.6603 4.25254 6
      vertex -80.8865 3.6707 6
      vertex -80.7609 4.06905 6
    endloop
  endfacet
  facet normal 0 0 -1
    outer loop
      vertex -80.7609 4.06905 6
      vertex -80.8865 3.6707 6
      vertex -80.8368 3.874 6
    endloop
  endfacet
  facet normal 0 0 -1
    outer loop
      vertex -81.6506 -0.662445 6
      vertex -79.6428 -3.09693 6
      vertex -81.0986 -2.02954 6
    endloop
  endfacet
  facet normal 0 0 -1
    outer loop
      vertex -79.033 4.96856 6
      vertex -81.6506 -0.662445 6
      vertex -80.8865 3.6707 6
    endloop
  endfacet
  facet normal 0 0 -1
    outer loop
      vertex -82.6812 -1.16129 6
      vertex -81.6506 -0.662445 6
      vertex -81.0986 -2.02954 6
    endloop
  endfacet
  facet normal 0 0 -1
    outer loop
      vertex -84.3636 -0.507051 6
      vertex -81.6506 -0.662445 6
      vertex -82.6812 -1.16129 6
    endloop
  endfacet
  facet normal 0 0 -1
    outer loop
      vertex -86.117 -0.078002 6
      vertex -81.6506 -0.662445 6
      vertex -84.3636 -0.507051 6
    endloop
  endfacet
  facet normal 0 0 -1
    outer loop
      vertex -86.117 -0.078002 6
      vertex -97.8014 2.18538 6
      vertex -81.6506 -0.662445 6
    endloop
  endfacet
  facet normal 0 0 -1
    outer loop
      vertex -87.9114 0.118521 6
      vertex -97.8014 2.18538 6
      vertex -86.117 -0.078002 6
    endloop
  endfacet
  facet normal 0 0 -1
    outer loop
      vertex -89.7161 0.0791483 6
      vertex -97.8014 2.18538 6
      vertex -87.9114 0.118521 6
    endloop
  endfacet
  facet normal 0 0 -1
    outer loop
      vertex -91.5002 -0.195461 6
      vertex -97.8014 2.18538 6
      vertex -89.7161 0.0791483 6
    endloop
  endfacet
  facet normal 0 0 -1
    outer loop
      vertex -93.2332 -0.700586 6
      vertex -97.8014 2.18538 6
      vertex -91.5002 -0.195461 6
    endloop
  endfacet
  facet normal 0 0 -1
    outer loop
      vertex -94.8854 -1.42759 6
      vertex -97.8014 2.18538 6
      vertex -93.2332 -0.700586 6
    endloop
  endfacet
  facet normal 0 0 -1
    outer loop
      vertex -96.4287 -2.36402 6
      vertex -97.8014 2.18538 6
      vertex -94.8854 -1.42759 6
    endloop
  endfacet
  facet normal 0 0 -1
    outer loop
      vertex -99.655 0.887523 6
      vertex -96.4287 -2.36402 6
      vertex -97.8365 -3.49391 6
    endloop
  endfacet
  facet normal 0 0 -1
    outer loop
      vertex -96.4287 -2.36402 6
      vertex -99.655 0.887523 6
      vertex -97.8014 2.18538 6
    endloop
  endfacet
  facet normal -0 0 -1
    outer loop
      vertex -97.8014 2.18538 6
      vertex -99.655 0.887523 6
      vertex -98.0095 2.20817 6
    endloop
  endfacet
  facet normal 0 0 -1
    outer loop
      vertex -98.0095 2.20817 6
      vertex -99.655 0.887523 6
      vertex -98.2187 2.2036 6
    endloop
  endfacet
  facet normal 0 0 -1
    outer loop
      vertex -98.2187 2.2036 6
      vertex -99.655 0.887523 6
      vertex -98.4256 2.17176 6
    endloop
  endfacet
  facet normal 0 0 -1
    outer loop
      vertex -98.4256 2.17176 6
      vertex -99.655 0.887523 6
      vertex -98.6265 2.11319 6
    endloop
  endfacet
  facet normal 0 0 -1
    outer loop
      vertex -98.6265 2.11319 6
      vertex -99.655 0.887523 6
      vertex -98.8181 2.0289 6
    endloop
  endfacet
  facet normal 0 0 -1
    outer loop
      vertex -99.655 0.887523 6
      vertex -97.8365 -3.49391 6
      vertex -99.0847 -4.79786 6
    endloop
  endfacet
  facet normal 0 0 -1
    outer loop
      vertex -98.8181 2.0289 6
      vertex -99.655 0.887523 6
      vertex -98.997 1.92034 6
    endloop
  endfacet
  facet normal 0 0 -1
    outer loop
      vertex -98.997 1.92034 6
      vertex -99.655 0.887523 6
      vertex -99.1602 1.78932 6
    endloop
  endfacet
  facet normal 0 0 -1
    outer loop
      vertex -99.1602 1.78932 6
      vertex -99.655 0.887523 6
      vertex -99.3049 1.63815 6
    endloop
  endfacet
  facet normal 0 0 -1
    outer loop
      vertex -99.3049 1.63815 6
      vertex -99.655 0.887523 6
      vertex -99.4287 1.46936 6
    endloop
  endfacet
  facet normal 0 0 -1
    outer loop
      vertex -99.4287 1.46936 6
      vertex -99.655 0.887523 6
      vertex -99.5294 1.28587 6
    endloop
  endfacet
  facet normal 0 0 -1
    outer loop
      vertex -99.5294 1.28587 6
      vertex -99.655 0.887523 6
      vertex -99.6052 1.09082 6
    endloop
  endfacet
  facet normal 0 0 -1
    outer loop
      vertex -100.152 -6.2536 6
      vertex -99.655 0.887523 6
      vertex -99.0847 -4.79786 6
    endloop
  endfacet
  facet normal 0 0 -1
    outer loop
      vertex -101.02 -7.83619 6
      vertex -99.655 0.887523 6
      vertex -100.152 -6.2536 6
    endloop
  endfacet
  facet normal 0 0 -1
    outer loop
      vertex -99.655 0.887523 6
      vertex -101.02 -7.83619 6
      vertex -101.337 -8.64936 6
    endloop
  endfacet
  facet normal 0 0 -1
    outer loop
      vertex -62.1752 0.371387 6
      vertex -62.157 0.788671 6
      vertex -62.1524 0.579437 6
    endloop
  endfacet
  facet normal 0 0 -1
    outer loop
      vertex -62.1752 0.371387 6
      vertex -62.1888 0.995523 6
      vertex -62.157 0.788671 6
    endloop
  endfacet
  facet normal 0 0 -1
    outer loop
      vertex -62.1752 0.371387 6
      vertex -62.2474 1.19646 6
      vertex -62.1888 0.995523 6
    endloop
  endfacet
  facet normal 0 0 -1
    outer loop
      vertex -62.1752 0.371387 6
      vertex -62.3317 1.38802 6
      vertex -62.2474 1.19646 6
    endloop
  endfacet
  facet normal 0 0 -1
    outer loop
      vertex -62.1752 0.371387 6
      vertex -62.4402 1.56695 6
      vertex -62.3317 1.38802 6
    endloop
  endfacet
  facet normal 0 0 -1
    outer loop
      vertex -62.1752 0.371387 6
      vertex -62.5713 1.73017 6
      vertex -62.4402 1.56695 6
    endloop
  endfacet
  facet normal 0 0 -1
    outer loop
      vertex -62.1752 0.371387 6
      vertex -62.7224 1.87489 6
      vertex -62.5713 1.73017 6
    endloop
  endfacet
  facet normal 0 0 -1
    outer loop
      vertex -62.1752 0.371387 6
      vertex -62.8912 1.99866 6
      vertex -62.7224 1.87489 6
    endloop
  endfacet
  facet normal 0 0 -1
    outer loop
      vertex -63.4731 2.22492 6
      vertex -62.1752 0.371387 6
      vertex -63.0478 -4.57727 6
    endloop
  endfacet
  facet normal 0 0 -1
    outer loop
      vertex -62.1752 0.371387 6
      vertex -63.0747 2.09932 6
      vertex -62.8912 1.99866 6
    endloop
  endfacet
  facet normal 0 0 -1
    outer loop
      vertex -106.083 -11.3826 6
      vertex -102.104 -11.272 6
      vertex -102.3 -13.0664 6
    endloop
  endfacet
  facet normal 0 0 -1
    outer loop
      vertex -106.057 -10.7828 6
      vertex -102.104 -11.272 6
      vertex -106.051 -11.0835 6
    endloop
  endfacet
  facet normal 0 0 -1
    outer loop
      vertex -106.103 -10.4854 6
      vertex -102.104 -11.272 6
      vertex -106.057 -10.7828 6
    endloop
  endfacet
  facet normal 0 0 -1
    outer loop
      vertex -102.104 -11.272 6
      vertex -106.103 -10.4854 6
      vertex -101.675 -9.51859 6
    endloop
  endfacet
  facet normal 0 0 -1
    outer loop
      vertex -106.187 -10.1966 6
      vertex -101.675 -9.51859 6
      vertex -106.103 -10.4854 6
    endloop
  endfacet
  facet normal 0 0 -1
    outer loop
      vertex -106.308 -9.9212 6
      vertex -101.675 -9.51859 6
      vertex -106.187 -10.1966 6
    endloop
  endfacet
  facet normal -0 0 -1
    outer loop
      vertex -101.675 -9.51859 6
      vertex -106.308 -9.9212 6
      vertex -101.601 -9.32974 6
    endloop
  endfacet
  facet normal 0 0 -1
    outer loop
      vertex -106.464 -9.66399 6
      vertex -101.601 -9.32974 6
      vertex -106.308 -9.9212 6
    endloop
  endfacet
  facet normal 0 0 -1
    outer loop
      vertex -106.653 -9.42936 6
      vertex -101.601 -9.32974 6
      vertex -106.464 -9.66399 6
    endloop
  endfacet
  facet normal 0 0 -1
    outer loop
      vertex -106.87 -9.22132 6
      vertex -101.601 -9.32974 6
      vertex -106.653 -9.42936 6
    endloop
  endfacet
  facet normal 0 0 -1
    outer loop
      vertex -107.113 -9.04342 6
      vertex -101.601 -9.32974 6
      vertex -106.87 -9.22132 6
    endloop
  endfacet
  facet normal 0 0 -1
    outer loop
      vertex -107.376 -8.89871 6
      vertex -101.601 -9.32974 6
      vertex -107.113 -9.04342 6
    endloop
  endfacet
  facet normal 0 0 -1
    outer loop
      vertex -107.657 -8.78967 6
      vertex -101.601 -9.32974 6
      vertex -107.376 -8.89871 6
    endloop
  endfacet
  facet normal 0 0 -1
    outer loop
      vertex -107.949 -8.71816 6
      vertex -101.601 -9.32974 6
      vertex -107.657 -8.78967 6
    endloop
  endfacet
  facet normal 0 0 -1
    outer loop
      vertex -118.203 -6.40245 6
      vertex -107.949 -8.71816 6
      vertex -108.248 -8.68541 6
    endloop
  endfacet
  facet normal 0 0 -1
    outer loop
      vertex -107.949 -8.71816 6
      vertex -118.203 -6.40245 6
      vertex -101.601 -9.32974 6
    endloop
  endfacet
  facet normal 0 0 -1
    outer loop
      vertex -108.549 -8.69197 6
      vertex -118.203 -6.40245 6
      vertex -108.248 -8.68541 6
    endloop
  endfacet
  facet normal 0 0 -1
    outer loop
      vertex -108.846 -8.73774 6
      vertex -118.203 -6.40245 6
      vertex -108.549 -8.69197 6
    endloop
  endfacet
  facet normal 0 0 -1
    outer loop
      vertex -109.135 -8.82193 6
      vertex -118.203 -6.40245 6
      vertex -108.846 -8.73774 6
    endloop
  endfacet
  facet normal 0 0 -1
    outer loop
      vertex -109.41 -8.94309 6
      vertex -118.203 -6.40245 6
      vertex -109.135 -8.82193 6
    endloop
  endfacet
  facet normal 0 0 -1
    outer loop
      vertex -109.668 -9.09917 6
      vertex -118.203 -6.40245 6
      vertex -109.41 -8.94309 6
    endloop
  endfacet
  facet normal 0 0 -1
    outer loop
      vertex -109.902 -9.28748 6
      vertex -118.203 -6.40245 6
      vertex -109.668 -9.09917 6
    endloop
  endfacet
  facet normal 0 0 -1
    outer loop
      vertex -110.11 -9.50481 6
      vertex -118.203 -6.40245 6
      vertex -109.902 -9.28748 6
    endloop
  endfacet
  facet normal 0 0 -1
    outer loop
      vertex -110.288 -9.74743 6
      vertex -118.203 -6.40245 6
      vertex -110.11 -9.50481 6
    endloop
  endfacet
  facet normal 0 0 -1
    outer loop
      vertex -110.433 -10.0112 6
      vertex -118.203 -6.40245 6
      vertex -110.288 -9.74743 6
    endloop
  endfacet
  facet normal 0 0 -1
    outer loop
      vertex -118.391 -9.61574 6
      vertex -110.433 -10.0112 6
      vertex -110.542 -10.2916 6
    endloop
  endfacet
  facet normal 0 0 -1
    outer loop
      vertex -118.391 -9.61574 6
      vertex -110.542 -10.2916 6
      vertex -110.613 -10.5838 6
    endloop
  endfacet
  facet normal 0 0 -1
    outer loop
      vertex -118.391 -9.61574 6
      vertex -110.613 -10.5838 6
      vertex -110.646 -10.8829 6
    endloop
  endfacet
  facet normal 0 0 -1
    outer loop
      vertex -37.7582 40.9479 6
      vertex -36.4603 39.0943 6
      vertex -37.686 40.1228 6
    endloop
  endfacet
  facet normal 0 0 -1
    outer loop
      vertex -37.7582 40.9479 6
      vertex -37.686 40.1228 6
      vertex -37.7446 40.3237 6
    endloop
  endfacet
  facet normal 0 0 -1
    outer loop
      vertex -36.4603 39.0943 6
      vertex -37.7582 40.9479 6
      vertex -37.6236 41.7111 6
    endloop
  endfacet
  facet normal 0 0 -1
    outer loop
      vertex -37.7764 40.5306 6
      vertex -37.7582 40.9479 6
      vertex -37.7446 40.3237 6
    endloop
  endfacet
  facet normal 0 0 -1
    outer loop
      vertex -37.7582 40.9479 6
      vertex -37.7764 40.5306 6
      vertex -37.781 40.7398 6
    endloop
  endfacet
  facet normal 0 0 -1
    outer loop
      vertex -11.886 -28.918 6
      vertex -10.8995 -29.5611 6
      vertex -10.9315 -29.9382 6
    endloop
  endfacet
  facet normal 0 0 -1
    outer loop
      vertex -10.8995 -29.5611 6
      vertex -11.886 -28.918 6
      vertex -10.9098 -29.1821 6
    endloop
  endfacet
  facet normal 0 0 -1
    outer loop
      vertex -11.886 -28.918 6
      vertex -10.9315 -29.9382 6
      vertex -11.0061 -30.3094 6
    endloop
  endfacet
  facet normal 0 0 -1
    outer loop
      vertex -10.9098 -29.1821 6
      vertex -11.886 -28.918 6
      vertex -10.9612 -28.8085 6
    endloop
  endfacet
  facet normal 0 0 -1
    outer loop
      vertex -11.886 -28.918 6
      vertex -11.0061 -30.3094 6
      vertex -11.1205 -30.6704 6
    endloop
  endfacet
  facet normal -0 0 -1
    outer loop
      vertex -10.9612 -28.8085 6
      vertex -11.886 -28.918 6
      vertex -11.0541 -28.4409 6
    endloop
  endfacet
  facet normal 0 0 -1
    outer loop
      vertex -11.886 -28.918 6
      vertex -11.1205 -30.6704 6
      vertex -11.2758 -31.0159 6
    endloop
  endfacet
  facet normal -0 0 -1
    outer loop
      vertex -11.0541 -28.4409 6
      vertex -11.886 -28.918 6
      vertex -11.1875 -28.087 6
    endloop
  endfacet
  facet normal 0 0 -1
    outer loop
      vertex -11.886 -28.918 6
      vertex -11.2758 -31.0159 6
      vertex -11.4667 -31.3423 6
    endloop
  endfacet
  facet normal -0 0 -1
    outer loop
      vertex -11.1875 -28.087 6
      vertex -11.886 -28.918 6
      vertex -11.3593 -27.7493 6
    endloop
  endfacet
  facet normal 0 0 -1
    outer loop
      vertex -11.886 -28.918 6
      vertex -11.4667 -31.3423 6
      vertex -11.6874 -31.6365 6
    endloop
  endfacet
  facet normal -0 0 -1
    outer loop
      vertex -11.3593 -27.7493 6
      vertex -11.886 -28.918 6
      vertex -11.5684 -27.4325 6
    endloop
  endfacet
  facet normal -0 0 -1
    outer loop
      vertex -11.5684 -27.4325 6
      vertex -11.886 -28.918 6
      vertex -11.8107 -27.1424 6
    endloop
  endfacet
  facet normal 0 0 -1
    outer loop
      vertex -22.1706 -41.1747 6
      vertex -11.6874 -31.6365 6
      vertex -20.2399 -41.8301 6
    endloop
  endfacet
  facet normal 0 0 -1
    outer loop
      vertex -22.1706 -41.1747 6
      vertex -20.2399 -41.8301 6
      vertex -20.5064 -42.1117 6
    endloop
  endfacet
  facet normal 0 0 -1
    outer loop
      vertex -22.1706 -41.1747 6
      vertex -20.5064 -42.1117 6
      vertex -20.8124 -42.367 6
    endloop
  endfacet
  facet normal 0 0 -1
    outer loop
      vertex -22.1706 -41.1747 6
      vertex -20.8124 -42.367 6
      vertex -21.1454 -42.5855 6
    endloop
  endfacet
  facet normal 0 0 -1
    outer loop
      vertex -22.1706 -41.1747 6
      vertex -21.1454 -42.5855 6
      vertex -21.5027 -42.7633 6
    endloop
  endfacet
  facet normal 0 0 -1
    outer loop
      vertex -22.1706 -41.1747 6
      vertex -21.5027 -42.7633 6
      vertex -21.8789 -42.8984 6
    endloop
  endfacet
  facet normal -0 0 -1
    outer loop
      vertex -11.6874 -31.6365 6
      vertex -22.1706 -41.1747 6
      vertex -11.886 -28.918 6
    endloop
  endfacet
  facet normal 0 0 -1
    outer loop
      vertex -22.2676 -42.9876 6
      vertex -22.1706 -41.1747 6
      vertex -21.8789 -42.8984 6
    endloop
  endfacet
  facet normal 0 0 -1
    outer loop
      vertex -22.6643 -43.0316 6
      vertex -22.1706 -41.1747 6
      vertex -22.2676 -42.9876 6
    endloop
  endfacet
  facet normal 0 0 -1
    outer loop
      vertex -23.0629 -43.028 6
      vertex -22.1706 -41.1747 6
      vertex -22.6643 -43.0316 6
    endloop
  endfacet
  facet normal 0 0 -1
    outer loop
      vertex -23.4475 -42.9803 6
      vertex -22.1706 -41.1747 6
      vertex -23.0629 -43.028 6
    endloop
  endfacet
  facet normal 0 0 -1
    outer loop
      vertex -23.4475 -42.9803 6
      vertex -35.1409 -30.2913 6
      vertex -22.1706 -41.1747 6
    endloop
  endfacet
  facet normal 0 0 -1
    outer loop
      vertex -38.9467 -33.687 6
      vertex -35.1409 -30.2913 6
      vertex -23.4475 -42.9803 6
    endloop
  endfacet
  facet normal 0 -0 -1
    outer loop
      vertex -37.6195 -30.8408 6
      vertex -35.1409 -30.2913 6
      vertex -38.9467 -33.687 6
    endloop
  endfacet
  facet normal -0 0 -1
    outer loop
      vertex -35.1409 -30.2913 6
      vertex -37.6195 -30.8408 6
      vertex -35.3097 -30.1676 6
    endloop
  endfacet
  facet normal -0 0 -1
    outer loop
      vertex -35.3097 -30.1676 6
      vertex -37.6195 -30.8408 6
      vertex -35.4932 -30.0669 6
    endloop
  endfacet
  facet normal -0 0 -1
    outer loop
      vertex -35.4932 -30.0669 6
      vertex -37.6195 -30.8408 6
      vertex -35.6882 -29.9911 6
    endloop
  endfacet
  facet normal -0 0 -1
    outer loop
      vertex -35.6882 -29.9911 6
      vertex -37.6195 -30.8408 6
      vertex -35.8915 -29.9413 6
    endloop
  endfacet
  facet normal -0 0 -1
    outer loop
      vertex -35.8915 -29.9413 6
      vertex -37.6195 -30.8408 6
      vertex -36.0996 -29.9185 6
    endloop
  endfacet
  facet normal 0 0 -1
    outer loop
      vertex -36.0996 -29.9185 6
      vertex -37.6195 -30.8408 6
      vertex -36.3088 -29.9231 6
    endloop
  endfacet
  facet normal 0 0 -1
    outer loop
      vertex -36.3088 -29.9231 6
      vertex -37.6195 -30.8408 6
      vertex -36.5157 -29.9549 6
    endloop
  endfacet
  facet normal 0 0 -1
    outer loop
      vertex -36.5157 -29.9549 6
      vertex -37.6195 -30.8408 6
      vertex -36.7166 -30.0135 6
    endloop
  endfacet
  facet normal 0 0 -1
    outer loop
      vertex -36.7166 -30.0135 6
      vertex -37.6195 -30.8408 6
      vertex -36.9082 -30.0978 6
    endloop
  endfacet
  facet normal 0 0 -1
    outer loop
      vertex -37.0871 -30.2064 6
      vertex -37.6195 -30.8408 6
      vertex -37.2503 -30.3374 6
    endloop
  endfacet
  facet normal 0 0 -1
    outer loop
      vertex -37.2503 -30.3374 6
      vertex -37.6195 -30.8408 6
      vertex -37.395 -30.4885 6
    endloop
  endfacet
  facet normal 0 0 -1
    outer loop
      vertex -37.395 -30.4885 6
      vertex -37.6195 -30.8408 6
      vertex -37.5188 -30.6573 6
    endloop
  endfacet
  facet normal 0 0 -1
    outer loop
      vertex -36.9082 -30.0978 6
      vertex -37.6195 -30.8408 6
      vertex -37.0871 -30.2064 6
    endloop
  endfacet
  facet normal 0 0 -1
    outer loop
      vertex -91.7172 -30.2711 6
      vertex -38.9467 -33.687 6
      vertex -23.4475 -42.9803 6
    endloop
  endfacet
  facet normal 0 0 -1
    outer loop
      vertex -38.9467 -33.687 6
      vertex -91.7172 -30.2711 6
      vertex -54.5743 -26.3997 6
    endloop
  endfacet
  facet normal 0 -0 -1
    outer loop
      vertex -54.9726 -26.2741 6
      vertex -54.5743 -26.3997 6
      vertex -91.7172 -30.2711 6
    endloop
  endfacet
  facet normal 0 0 -1
    outer loop
      vertex -54.5743 -26.3997 6
      vertex -54.9726 -26.2741 6
      vertex -54.7693 -26.3239 6
    endloop
  endfacet
  facet normal 0 0 -1
    outer loop
      vertex -69.5467 -7.4575 6
      vertex -74.923 -16.0647 6
      vertex -74.7264 -14.2703 6
    endloop
  endfacet
  facet normal 0 0 -1
    outer loop
      vertex -72.325 -23.2144 6
      vertex -75.352 -17.8181 6
      vertex -74.923 -16.0647 6
    endloop
  endfacet
  facet normal 0 0 -1
    outer loop
      vertex -72.325 -23.2144 6
      vertex -76.0063 -19.5005 6
      vertex -75.352 -17.8181 6
    endloop
  endfacet
  facet normal 0 0 -1
    outer loop
      vertex -72.325 -23.2144 6
      vertex -76.8745 -21.0831 6
      vertex -76.0063 -19.5005 6
    endloop
  endfacet
  facet normal 0 0 -1
    outer loop
      vertex -72.325 -23.2144 6
      vertex -77.9419 -22.5388 6
      vertex -76.8745 -21.0831 6
    endloop
  endfacet
  facet normal 0 -0 -1
    outer loop
      vertex -82.1412 -25.9091 6
      vertex -54.9726 -26.2741 6
      vertex -83.7934 -26.6361 6
    endloop
  endfacet
  facet normal -0 0 -1
    outer loop
      vertex -72.325 -23.2144 6
      vertex -79.1902 -23.8428 6
      vertex -77.9419 -22.5388 6
    endloop
  endfacet
  facet normal 0 0 -1
    outer loop
      vertex -72.325 -23.2144 6
      vertex -80.5979 -24.9726 6
      vertex -79.1902 -23.8428 6
    endloop
  endfacet
  facet normal 0 0 -1
    outer loop
      vertex -72.325 -23.2144 6
      vertex -82.1412 -25.9091 6
      vertex -80.5979 -24.9726 6
    endloop
  endfacet
  facet normal 0 0 -1
    outer loop
      vertex -54.9726 -26.2741 6
      vertex -82.1412 -25.9091 6
      vertex -72.325 -23.2144 6
    endloop
  endfacet
  facet normal 0 0 -1
    outer loop
      vertex -54.9726 -26.2741 6
      vertex -91.7172 -30.2711 6
      vertex -83.7934 -26.6361 6
    endloop
  endfacet
  facet normal 0 0 -1
    outer loop
      vertex -83.7934 -26.6361 6
      vertex -91.7172 -30.2711 6
      vertex -85.5264 -27.1412 6
    endloop
  endfacet
  facet normal 0 0 -1
    outer loop
      vertex -85.5264 -27.1412 6
      vertex -91.7172 -30.2711 6
      vertex -87.3105 -27.4158 6
    endloop
  endfacet
  facet normal 0 0 -1
    outer loop
      vertex -87.3105 -27.4158 6
      vertex -91.7172 -30.2711 6
      vertex -89.1152 -27.4552 6
    endloop
  endfacet
  facet normal -0 0 -1
    outer loop
      vertex -89.1152 -27.4552 6
      vertex -91.7172 -30.2711 6
      vertex -90.9096 -27.2587 6
    endloop
  endfacet
  facet normal 0 0 -1
    outer loop
      vertex -92.1053 -30.1736 6
      vertex -90.9096 -27.2587 6
      vertex -91.7172 -30.2711 6
    endloop
  endfacet
  facet normal 0 0 -1
    outer loop
      vertex -92.4909 -30.0263 6
      vertex -90.9096 -27.2587 6
      vertex -92.1053 -30.1736 6
    endloop
  endfacet
  facet normal 0 0 -1
    outer loop
      vertex -92.8566 -29.8328 6
      vertex -90.9096 -27.2587 6
      vertex -92.4909 -30.0263 6
    endloop
  endfacet
  facet normal 0 0 -1
    outer loop
      vertex -93.1859 -29.6026 6
      vertex -90.9096 -27.2587 6
      vertex -92.8566 -29.8328 6
    endloop
  endfacet
  facet normal -0 0 -1
    outer loop
      vertex -90.9096 -27.2587 6
      vertex -93.1859 -29.6026 6
      vertex -92.663 -26.8296 6
    endloop
  endfacet
  facet normal 0 0 -1
    outer loop
      vertex -93.1859 -29.6026 6
      vertex -94.3454 -26.1754 6
      vertex -92.663 -26.8296 6
    endloop
  endfacet
  facet normal 0 0 -1
    outer loop
      vertex -93.1859 -29.6026 6
      vertex -95.928 -25.3071 6
      vertex -94.3454 -26.1754 6
    endloop
  endfacet
  facet normal 0 0 -1
    outer loop
      vertex -93.1859 -29.6026 6
      vertex -97.3838 -24.2397 6
      vertex -95.928 -25.3071 6
    endloop
  endfacet
  facet normal 0 0 -1
    outer loop
      vertex -93.1859 -29.6026 6
      vertex -98.6877 -22.9915 6
      vertex -97.3838 -24.2397 6
    endloop
  endfacet
  facet normal 0 0 -1
    outer loop
      vertex -106.586 -12.4616 6
      vertex -102.3 -13.0664 6
      vertex -102.261 -14.8711 6
    endloop
  endfacet
  facet normal 0 0 -1
    outer loop
      vertex -107.286 -13.0233 6
      vertex -102.261 -14.8711 6
      vertex -101.986 -16.6552 6
    endloop
  endfacet
  facet normal 0 0 -1
    outer loop
      vertex -108.148 -13.2745 6
      vertex -101.986 -16.6552 6
      vertex -101.481 -18.3882 6
    endloop
  endfacet
  facet normal 0 0 -1
    outer loop
      vertex -108.748 -13.2483 6
      vertex -101.481 -18.3882 6
      vertex -100.754 -20.0405 6
    endloop
  endfacet
  facet normal -0 0 -1
    outer loop
      vertex -102.104 -11.272 6
      vertex -106.083 -11.3826 6
      vertex -106.051 -11.0835 6
    endloop
  endfacet
  facet normal 0 0 -1
    outer loop
      vertex -109.32 -13.0677 6
      vertex -100.754 -20.0405 6
      vertex -99.8176 -21.5837 6
    endloop
  endfacet
  facet normal 0 0 -1
    outer loop
      vertex -102.3 -13.0664 6
      vertex -106.155 -11.6748 6
      vertex -106.083 -11.3826 6
    endloop
  endfacet
  facet normal 0 0 -1
    outer loop
      vertex -102.3 -13.0664 6
      vertex -106.264 -11.9552 6
      vertex -106.155 -11.6748 6
    endloop
  endfacet
  facet normal 0 0 -1
    outer loop
      vertex -102.3 -13.0664 6
      vertex -106.409 -12.219 6
      vertex -106.264 -11.9552 6
    endloop
  endfacet
  facet normal 0 0 -1
    outer loop
      vertex -102.3 -13.0664 6
      vertex -106.586 -12.4616 6
      vertex -106.409 -12.219 6
    endloop
  endfacet
  facet normal 0 0 -1
    outer loop
      vertex -102.261 -14.8711 6
      vertex -106.795 -12.679 6
      vertex -106.586 -12.4616 6
    endloop
  endfacet
  facet normal 0 0 -1
    outer loop
      vertex -102.261 -14.8711 6
      vertex -107.029 -12.8673 6
      vertex -106.795 -12.679 6
    endloop
  endfacet
  facet normal 0 0 -1
    outer loop
      vertex -118.391 -9.61574 6
      vertex -99.8176 -21.5837 6
      vertex -98.6877 -22.9915 6
    endloop
  endfacet
  facet normal 0 0 -1
    outer loop
      vertex -102.261 -14.8711 6
      vertex -107.286 -13.0233 6
      vertex -107.029 -12.8673 6
    endloop
  endfacet
  facet normal 0 0 -1
    outer loop
      vertex -118.391 -9.61574 6
      vertex -98.6877 -22.9915 6
      vertex -93.1859 -29.6026 6
    endloop
  endfacet
  facet normal 0 0 -1
    outer loop
      vertex -101.986 -16.6552 6
      vertex -107.562 -13.1445 6
      vertex -107.286 -13.0233 6
    endloop
  endfacet
  facet normal 0 0 -1
    outer loop
      vertex -101.986 -16.6552 6
      vertex -107.851 -13.2287 6
      vertex -107.562 -13.1445 6
    endloop
  endfacet
  facet normal 0 0 -1
    outer loop
      vertex -101.986 -16.6552 6
      vertex -108.148 -13.2745 6
      vertex -107.851 -13.2287 6
    endloop
  endfacet
  facet normal 0 0 -1
    outer loop
      vertex -101.481 -18.3882 6
      vertex -108.449 -13.281 6
      vertex -108.148 -13.2745 6
    endloop
  endfacet
  facet normal 0 0 -1
    outer loop
      vertex -101.481 -18.3882 6
      vertex -108.748 -13.2483 6
      vertex -108.449 -13.281 6
    endloop
  endfacet
  facet normal 0 0 -1
    outer loop
      vertex -100.754 -20.0405 6
      vertex -109.04 -13.1768 6
      vertex -108.748 -13.2483 6
    endloop
  endfacet
  facet normal 0 0 -1
    outer loop
      vertex -100.754 -20.0405 6
      vertex -109.32 -13.0677 6
      vertex -109.04 -13.1768 6
    endloop
  endfacet
  facet normal 0 0 -1
    outer loop
      vertex -99.8176 -21.5837 6
      vertex -118.391 -9.61574 6
      vertex -109.584 -12.923 6
    endloop
  endfacet
  facet normal 0 0 -1
    outer loop
      vertex -99.8176 -21.5837 6
      vertex -109.584 -12.923 6
      vertex -109.32 -13.0677 6
    endloop
  endfacet
  facet normal 0 0 -1
    outer loop
      vertex -109.584 -12.923 6
      vertex -118.391 -9.61574 6
      vertex -109.827 -12.7451 6
    endloop
  endfacet
  facet normal 0 0 -1
    outer loop
      vertex -118.391 -9.61574 6
      vertex -110.646 -10.8829 6
      vertex -110.64 -11.1837 6
    endloop
  endfacet
  facet normal 0 0 -1
    outer loop
      vertex -118.391 -9.61574 6
      vertex -110.64 -11.1837 6
      vertex -110.594 -11.481 6
    endloop
  endfacet
  facet normal 0 0 -1
    outer loop
      vertex -118.391 -9.61574 6
      vertex -110.594 -11.481 6
      vertex -110.51 -11.7699 6
    endloop
  endfacet
  facet normal 0 0 -1
    outer loop
      vertex -118.391 -9.61574 6
      vertex -110.51 -11.7699 6
      vertex -110.388 -12.0452 6
    endloop
  endfacet
  facet normal 0 0 -1
    outer loop
      vertex -118.391 -9.61574 6
      vertex -110.388 -12.0452 6
      vertex -110.232 -12.3024 6
    endloop
  endfacet
  facet normal 0 0 -1
    outer loop
      vertex -118.391 -9.61574 6
      vertex -110.232 -12.3024 6
      vertex -110.044 -12.5371 6
    endloop
  endfacet
  facet normal 0 0 -1
    outer loop
      vertex -109.827 -12.7451 6
      vertex -118.391 -9.61574 6
      vertex -110.044 -12.5371 6
    endloop
  endfacet
  facet normal 0 0 -1
    outer loop
      vertex -110.433 -10.0112 6
      vertex -118.391 -9.61574 6
      vertex -118.203 -6.40245 6
    endloop
  endfacet
  facet normal 0 0 -1
    outer loop
      vertex -11.886 -28.918 6
      vertex -12.075 -26.8882 6
      vertex -11.8107 -27.1424 6
    endloop
  endfacet
  facet normal 0 0 -1
    outer loop
      vertex -24.9088 -17.9906 6
      vertex -12.075 -26.8882 6
      vertex -11.886 -28.918 6
    endloop
  endfacet
  facet normal 0 0 -1
    outer loop
      vertex -24.9088 -17.9906 6
      vertex -26.5277 -14.4767 6
      vertex -12.075 -26.8882 6
    endloop
  endfacet
  facet normal 0 0 -1
    outer loop
      vertex -31.3454 -16.4377 6
      vertex -26.5277 -14.4767 6
      vertex -24.9088 -17.9906 6
    endloop
  endfacet
  facet normal 0 -0 -1
    outer loop
      vertex -31.2739 -16.1455 6
      vertex -26.5277 -14.4767 6
      vertex -31.3454 -16.4377 6
    endloop
  endfacet
  facet normal -0 0 -1
    outer loop
      vertex -26.5277 -14.4767 6
      vertex -31.2739 -16.1455 6
      vertex -26.7517 -14.262 6
    endloop
  endfacet
  facet normal -0 0 -1
    outer loop
      vertex -27.4043 -12.9391 6
      vertex -28.9919 -12.9939 6
      vertex -27.4381 -12.642 6
    endloop
  endfacet
  facet normal 0 0 -1
    outer loop
      vertex -27.3368 -13.2298 6
      vertex -28.9919 -12.9939 6
      vertex -27.4043 -12.9391 6
    endloop
  endfacet
  facet normal 0 0 -1
    outer loop
      vertex -27.2359 -13.5119 6
      vertex -28.9919 -12.9939 6
      vertex -27.3368 -13.2298 6
    endloop
  endfacet
  facet normal 0 0 -1
    outer loop
      vertex -27.104 -13.7803 6
      vertex -28.9919 -12.9939 6
      vertex -27.2359 -13.5119 6
    endloop
  endfacet
  facet normal -0 0 -1
    outer loop
      vertex -26.7517 -14.262 6
      vertex -31.2411 -15.8464 6
      vertex -26.9414 -14.0307 6
    endloop
  endfacet
  facet normal 0 -0 -1
    outer loop
      vertex -28.9919 -12.9939 6
      vertex -26.9414 -14.0307 6
      vertex -31.2477 -15.5456 6
    endloop
  endfacet
  facet normal 0 0 -1
    outer loop
      vertex -31.2477 -15.5456 6
      vertex -26.9414 -14.0307 6
      vertex -31.2411 -15.8464 6
    endloop
  endfacet
  facet normal 0 -0 -1
    outer loop
      vertex -31.2411 -15.8464 6
      vertex -26.7517 -14.262 6
      vertex -31.2739 -16.1455 6
    endloop
  endfacet
  facet normal 0 0 -1
    outer loop
      vertex -24.9088 -17.9906 6
      vertex -31.4544 -16.7181 6
      vertex -31.3454 -16.4377 6
    endloop
  endfacet
  facet normal 0 0 -1
    outer loop
      vertex -24.9088 -17.9906 6
      vertex -31.5991 -16.9819 6
      vertex -31.4544 -16.7181 6
    endloop
  endfacet
  facet normal 0 0 -1
    outer loop
      vertex -32.1848 -19.1861 6
      vertex -31.5991 -16.9819 6
      vertex -24.9088 -17.9906 6
    endloop
  endfacet
  facet normal 0 0 -1
    outer loop
      vertex -31.5991 -16.9819 6
      vertex -32.1848 -19.1861 6
      vertex -31.777 -17.2245 6
    endloop
  endfacet
  facet normal 0 0 -1
    outer loop
      vertex -31.777 -17.2245 6
      vertex -32.1848 -19.1861 6
      vertex -31.9851 -17.4418 6
    endloop
  endfacet
  facet normal 0 0 -1
    outer loop
      vertex -32.2193 -26.7029 6
      vertex -32.1848 -19.1861 6
      vertex -24.9088 -17.9906 6
    endloop
  endfacet
  facet normal 0 0 -1
    outer loop
      vertex -34.8951 -24.9983 6
      vertex -32.2193 -26.7029 6
      vertex -32.364 -26.8541 6
    endloop
  endfacet
  facet normal 0 0 -1
    outer loop
      vertex -34.8951 -24.9983 6
      vertex -32.364 -26.8541 6
      vertex -32.5272 -26.9851 6
    endloop
  endfacet
  facet normal 0 0 -1
    outer loop
      vertex -34.8951 -24.9983 6
      vertex -32.5272 -26.9851 6
      vertex -32.7062 -27.0937 6
    endloop
  endfacet
  facet normal 0 0 -1
    outer loop
      vertex -34.8951 -24.9983 6
      vertex -32.7062 -27.0937 6
      vertex -32.8977 -27.178 6
    endloop
  endfacet
  facet normal 0 0 -1
    outer loop
      vertex -34.8951 -24.9983 6
      vertex -32.8977 -27.178 6
      vertex -33.0987 -27.2365 6
    endloop
  endfacet
  facet normal 0 0 -1
    outer loop
      vertex -34.8951 -24.9983 6
      vertex -33.0987 -27.2365 6
      vertex -33.3055 -27.2684 6
    endloop
  endfacet
  facet normal 0 0 -1
    outer loop
      vertex -34.8951 -24.9983 6
      vertex -33.3055 -27.2684 6
      vertex -33.5147 -27.273 6
    endloop
  endfacet
  facet normal 0 0 -1
    outer loop
      vertex -34.8951 -24.9983 6
      vertex -33.5147 -27.273 6
      vertex -33.7228 -27.2502 6
    endloop
  endfacet
  facet normal 0 0 -1
    outer loop
      vertex -34.8951 -24.9983 6
      vertex -33.7228 -27.2502 6
      vertex -33.9261 -27.2004 6
    endloop
  endfacet
  facet normal 0 0 -1
    outer loop
      vertex -34.8951 -24.9983 6
      vertex -33.9261 -27.2004 6
      vertex -34.1211 -27.1246 6
    endloop
  endfacet
  facet normal 0 0 -1
    outer loop
      vertex -34.8951 -24.9983 6
      vertex -34.1211 -27.1246 6
      vertex -34.3046 -27.0239 6
    endloop
  endfacet
  facet normal 0 0 -1
    outer loop
      vertex -34.8951 -24.9983 6
      vertex -34.3046 -27.0239 6
      vertex -34.4734 -26.9001 6
    endloop
  endfacet
  facet normal 0 0 -1
    outer loop
      vertex -34.8951 -24.9983 6
      vertex -34.4734 -26.9001 6
      vertex -34.6246 -26.7554 6
    endloop
  endfacet
  facet normal 0 0 -1
    outer loop
      vertex -34.8951 -24.9983 6
      vertex -34.6246 -26.7554 6
      vertex -34.7556 -26.5922 6
    endloop
  endfacet
  facet normal 0 0 -1
    outer loop
      vertex -34.8951 -24.9983 6
      vertex -34.7556 -26.5922 6
      vertex -34.8642 -26.4133 6
    endloop
  endfacet
  facet normal 0 0 -1
    outer loop
      vertex -32.2193 -26.7029 6
      vertex -34.8951 -24.9983 6
      vertex -32.1848 -19.1861 6
    endloop
  endfacet
  facet normal 0 0 -1
    outer loop
      vertex -34.9485 -26.2217 6
      vertex -34.8951 -24.9983 6
      vertex -34.8642 -26.4133 6
    endloop
  endfacet
  facet normal 0 0 -1
    outer loop
      vertex -34.9485 -26.2217 6
      vertex -34.9709 -25.1933 6
      vertex -34.8951 -24.9983 6
    endloop
  endfacet
  facet normal 0 0 -1
    outer loop
      vertex -35.007 -26.0208 6
      vertex -34.9709 -25.1933 6
      vertex -34.9485 -26.2217 6
    endloop
  endfacet
  facet normal 0 0 -1
    outer loop
      vertex -35.007 -26.0208 6
      vertex -35.0207 -25.3966 6
      vertex -34.9709 -25.1933 6
    endloop
  endfacet
  facet normal 0 0 -1
    outer loop
      vertex -35.0389 -25.8139 6
      vertex -35.0207 -25.3966 6
      vertex -35.007 -26.0208 6
    endloop
  endfacet
  facet normal 0 0 -1
    outer loop
      vertex -35.0207 -25.3966 6
      vertex -35.0389 -25.8139 6
      vertex -35.0434 -25.6047 6
    endloop
  endfacet
  facet normal 0 0 -1
    outer loop
      vertex -20.3095 36.2465 6
      vertex -19.0296 35.5825 6
      vertex -19.0747 35.1872 6
    endloop
  endfacet
  facet normal 0 0 -1
    outer loop
      vertex -19.0296 35.5825 6
      vertex -20.3095 36.2465 6
      vertex -19.0323 35.9915 6
    endloop
  endfacet
  facet normal 0 0 -1
    outer loop
      vertex -19.0323 35.9915 6
      vertex -20.3095 36.2465 6
      vertex -19.0838 36.3978 6
    endloop
  endfacet
  facet normal -0 0 -1
    outer loop
      vertex -19.0838 36.3978 6
      vertex -20.3095 36.2465 6
      vertex -19.1842 36.794 6
    endloop
  endfacet
  facet normal -0 0 -1
    outer loop
      vertex -19.1842 36.794 6
      vertex -20.3095 36.2465 6
      vertex -19.3307 37.1763 6
    endloop
  endfacet
  facet normal -0 0 -1
    outer loop
      vertex -19.3307 37.1763 6
      vertex -20.3095 36.2465 6
      vertex -19.5226 37.5385 6
    endloop
  endfacet
  facet normal -0 0 -1
    outer loop
      vertex -19.5226 37.5385 6
      vertex -20.3095 36.2465 6
      vertex -19.7572 37.8749 6
    endloop
  endfacet
  facet normal -0 0 -1
    outer loop
      vertex -19.7572 37.8749 6
      vertex -20.3095 36.2465 6
      vertex -20.0301 38.1795 6
    endloop
  endfacet
  facet normal 0 0 -1
    outer loop
      vertex -27.4012 -12.0349 6
      vertex -20.3095 36.2465 6
      vertex -19.0747 35.1872 6
    endloop
  endfacet
  facet normal -0 0 -1
    outer loop
      vertex -27.4012 -12.0349 6
      vertex -28.9919 -12.9939 6
      vertex -20.3095 36.2465 6
    endloop
  endfacet
  facet normal -0 0 -1
    outer loop
      vertex -27.4373 -12.343 6
      vertex -28.9919 -12.9939 6
      vertex -27.4012 -12.0349 6
    endloop
  endfacet
  facet normal 0 0 -1
    outer loop
      vertex -28.9919 -12.9939 6
      vertex -27.4373 -12.343 6
      vertex -27.4381 -12.642 6
    endloop
  endfacet
  facet normal 0 0 -1
    outer loop
      vertex -20.3095 36.2465 6
      vertex -20.3369 38.45 6
      vertex -20.0301 38.1795 6
    endloop
  endfacet
  facet normal 0 0 -1
    outer loop
      vertex -20.3095 36.2465 6
      vertex -20.675 38.6812 6
      vertex -20.3369 38.45 6
    endloop
  endfacet
  facet normal 0 0 -1
    outer loop
      vertex -20.3095 36.2465 6
      vertex -21.0278 38.8651 6
      vertex -20.675 38.6812 6
    endloop
  endfacet
  facet normal 0 0 -1
    outer loop
      vertex -36.4603 39.0943 6
      vertex -21.0278 38.8651 6
      vertex -20.3095 36.2465 6
    endloop
  endfacet
  facet normal 0 0 -1
    outer loop
      vertex -37.6017 39.9313 6
      vertex -36.4603 39.0943 6
      vertex -36.6636 39.1441 6
    endloop
  endfacet
  facet normal 0 0 -1
    outer loop
      vertex -37.6017 39.9313 6
      vertex -36.6636 39.1441 6
      vertex -36.8587 39.2199 6
    endloop
  endfacet
  facet normal 0 0 -1
    outer loop
      vertex -37.6017 39.9313 6
      vertex -36.8587 39.2199 6
      vertex -37.0422 39.3206 6
    endloop
  endfacet
  facet normal 0 0 -1
    outer loop
      vertex -37.6017 39.9313 6
      vertex -37.0422 39.3206 6
      vertex -37.211 39.4444 6
    endloop
  endfacet
  facet normal 0 0 -1
    outer loop
      vertex -37.6017 39.9313 6
      vertex -37.211 39.4444 6
      vertex -37.3621 39.5891 6
    endloop
  endfacet
  facet normal 0 0 -1
    outer loop
      vertex -37.6017 39.9313 6
      vertex -37.3621 39.5891 6
      vertex -37.4932 39.7523 6
    endloop
  endfacet
  facet normal 0 0 -1
    outer loop
      vertex -37.686 40.1228 6
      vertex -36.4603 39.0943 6
      vertex -37.6017 39.9313 6
    endloop
  endfacet
  facet normal 0 0 -1
    outer loop
      vertex -36.4603 39.0943 6
      vertex -37.6236 41.7111 6
      vertex -21.0278 38.8651 6
    endloop
  endfacet
  facet normal 0 0 -1
    outer loop
      vertex -54.1998 51.3611 6
      vertex -37.6236 41.7111 6
      vertex -53.7745 44.5589 6
    endloop
  endfacet
  facet normal 0 0 -1
    outer loop
      vertex -54.1728 44.6845 6
      vertex -53.7745 44.5589 6
      vertex -53.9778 44.6087 6
    endloop
  endfacet
  facet normal 0 0 -1
    outer loop
      vertex -54.3563 44.7852 6
      vertex -53.7745 44.5589 6
      vertex -54.1728 44.6845 6
    endloop
  endfacet
  facet normal 0 0 -1
    outer loop
      vertex -57.6382 55.2178 6
      vertex -37.6236 41.7111 6
      vertex -54.1998 51.3611 6
    endloop
  endfacet
  facet normal 0 0 -1
    outer loop
      vertex -37.6236 41.7111 6
      vertex -57.6382 55.2178 6
      vertex -21.0278 38.8651 6
    endloop
  endfacet
  facet normal 0 0 -1
    outer loop
      vertex -58.4104 55.4545 6
      vertex -57.6382 55.2178 6
      vertex -54.1998 51.3611 6
    endloop
  endfacet
  facet normal 0 0 -1
    outer loop
      vertex -57.6382 55.2178 6
      vertex -58.4104 55.4545 6
      vertex -58.0174 55.3595 6
    endloop
  endfacet
  facet normal 0 0 -1
    outer loop
      vertex -70.9415 54.3131 6
      vertex -58.4104 55.4545 6
      vertex -54.1998 51.3611 6
    endloop
  endfacet
  facet normal 0 0 -1
    outer loop
      vertex -71.6915 54.5421 6
      vertex -70.9415 54.3131 6
      vertex -71.6849 54.2414 6
    endloop
  endfacet
  facet normal 0 0 -1
    outer loop
      vertex -71.7373 54.8395 6
      vertex -70.9415 54.3131 6
      vertex -71.6915 54.5421 6
    endloop
  endfacet
  facet normal 0 0 -1
    outer loop
      vertex -71.8214 55.1283 6
      vertex -70.9415 54.3131 6
      vertex -71.7373 54.8395 6
    endloop
  endfacet
  facet normal 0 0 -1
    outer loop
      vertex -71.9426 55.4037 6
      vertex -70.9415 54.3131 6
      vertex -71.8214 55.1283 6
    endloop
  endfacet
  facet normal 0 0 -1
    outer loop
      vertex -72.0987 55.6609 6
      vertex -70.9415 54.3131 6
      vertex -71.9426 55.4037 6
    endloop
  endfacet
  facet normal 0 0 -1
    outer loop
      vertex -70.9415 54.3131 6
      vertex -72.0987 55.6609 6
      vertex -58.4104 55.4545 6
    endloop
  endfacet
  facet normal 0 0 -1
    outer loop
      vertex -72.287 55.8955 6
      vertex -58.4104 55.4545 6
      vertex -72.0987 55.6609 6
    endloop
  endfacet
  facet normal 0 0 -1
    outer loop
      vertex -72.5043 56.1036 6
      vertex -58.4104 55.4545 6
      vertex -72.287 55.8955 6
    endloop
  endfacet
  facet normal 0 0 -1
    outer loop
      vertex -72.7469 56.2815 6
      vertex -58.4104 55.4545 6
      vertex -72.5043 56.1036 6
    endloop
  endfacet
  facet normal 0 0 -1
    outer loop
      vertex -75.7849 58.5181 6
      vertex -72.7469 56.2815 6
      vertex -73.0107 56.4262 6
    endloop
  endfacet
  facet normal 0 0 -1
    outer loop
      vertex -75.7849 58.5181 6
      vertex -73.0107 56.4262 6
      vertex -73.2911 56.5352 6
    endloop
  endfacet
  facet normal 0 0 -1
    outer loop
      vertex -75.7849 58.5181 6
      vertex -73.2911 56.5352 6
      vertex -73.5833 56.6067 6
    endloop
  endfacet
  facet normal 0 0 -1
    outer loop
      vertex -75.7849 58.5181 6
      vertex -73.5833 56.6067 6
      vertex -73.8824 56.6395 6
    endloop
  endfacet
  facet normal 0 0 -1
    outer loop
      vertex -72.7469 56.2815 6
      vertex -75.7849 58.5181 6
      vertex -58.4104 55.4545 6
    endloop
  endfacet
  facet normal 0 0 -1
    outer loop
      vertex -74.1832 56.6329 6
      vertex -75.7849 58.5181 6
      vertex -73.8824 56.6395 6
    endloop
  endfacet
  facet normal 0 0 -1
    outer loop
      vertex -74.4805 56.5872 6
      vertex -75.7849 58.5181 6
      vertex -74.1832 56.6329 6
    endloop
  endfacet
  facet normal 0 0 -1
    outer loop
      vertex -74.7694 56.503 6
      vertex -75.7849 58.5181 6
      vertex -74.4805 56.5872 6
    endloop
  endfacet
  facet normal 0 0 -1
    outer loop
      vertex -75.0448 56.3818 6
      vertex -75.7849 58.5181 6
      vertex -74.7694 56.503 6
    endloop
  endfacet
  facet normal 0 0 -1
    outer loop
      vertex -75.302 56.2257 6
      vertex -75.7849 58.5181 6
      vertex -75.0448 56.3818 6
    endloop
  endfacet
  facet normal 0 0 -1
    outer loop
      vertex -76.2016 56.1545 6
      vertex -75.302 56.2257 6
      vertex -75.5366 56.0374 6
    endloop
  endfacet
  facet normal 0 0 -1
    outer loop
      vertex -76.2016 56.1545 6
      vertex -75.5366 56.0374 6
      vertex -75.7446 55.8201 6
    endloop
  endfacet
  facet normal 0 0 -1
    outer loop
      vertex -76.2016 56.1545 6
      vertex -75.7446 55.8201 6
      vertex -75.9225 55.5775 6
    endloop
  endfacet
  facet normal 0 0 -1
    outer loop
      vertex -76.2016 56.1545 6
      vertex -75.9225 55.5775 6
      vertex -76.0672 55.3137 6
    endloop
  endfacet
  facet normal 0 0 -1
    outer loop
      vertex -76.2016 56.1545 6
      vertex -76.0672 55.3137 6
      vertex -76.1763 55.0333 6
    endloop
  endfacet
  facet normal -0 0 -1
    outer loop
      vertex -75.302 56.2257 6
      vertex -76.2016 56.1545 6
      vertex -75.7849 58.5181 6
    endloop
  endfacet
  facet normal 0 0 -1
    outer loop
      vertex -76.2478 54.7411 6
      vertex -76.2016 56.1545 6
      vertex -76.1763 55.0333 6
    endloop
  endfacet
  facet normal 0 0 -1
    outer loop
      vertex -88.0686 58.247 6
      vertex -76.2478 54.7411 6
      vertex -76.2805 54.442 6
    endloop
  endfacet
  facet normal 0 0 -1
    outer loop
      vertex -76.2478 54.7411 6
      vertex -88.0686 58.247 6
      vertex -76.2016 56.1545 6
    endloop
  endfacet
  facet normal 0 0 -1
    outer loop
      vertex -26.9414 -14.0307 6
      vertex -28.9919 -12.9939 6
      vertex -27.104 -13.7803 6
    endloop
  endfacet
  facet normal 0 0 -1
    outer loop
      vertex -31.2934 -15.2483 6
      vertex -28.9919 -12.9939 6
      vertex -31.2477 -15.5456 6
    endloop
  endfacet
  facet normal 0 0 -1
    outer loop
      vertex -31.3776 -14.9595 6
      vertex -28.9919 -12.9939 6
      vertex -31.2934 -15.2483 6
    endloop
  endfacet
  facet normal 0 0 -1
    outer loop
      vertex -31.4988 -14.6841 6
      vertex -28.9919 -12.9939 6
      vertex -31.3776 -14.9595 6
    endloop
  endfacet
  facet normal 0 0 -1
    outer loop
      vertex -31.6549 -14.4269 6
      vertex -28.9919 -12.9939 6
      vertex -31.4988 -14.6841 6
    endloop
  endfacet
  facet normal 0 0 -1
    outer loop
      vertex -31.8432 -14.1922 6
      vertex -28.9919 -12.9939 6
      vertex -31.6549 -14.4269 6
    endloop
  endfacet
  facet normal 0 0 -1
    outer loop
      vertex -32.0605 -13.9842 6
      vertex -28.9919 -12.9939 6
      vertex -31.8432 -14.1922 6
    endloop
  endfacet
  facet normal 0 0 -1
    outer loop
      vertex -32.3031 -13.8063 6
      vertex -28.9919 -12.9939 6
      vertex -32.0605 -13.9842 6
    endloop
  endfacet
  facet normal 0 0 -1
    outer loop
      vertex -32.5669 -13.6616 6
      vertex -28.9919 -12.9939 6
      vertex -32.3031 -13.8063 6
    endloop
  endfacet
  facet normal 0 0 -1
    outer loop
      vertex -32.8473 -13.5526 6
      vertex -28.9919 -12.9939 6
      vertex -32.5669 -13.6616 6
    endloop
  endfacet
  facet normal 0 0 -1
    outer loop
      vertex -33.1395 -13.481 6
      vertex -28.9919 -12.9939 6
      vertex -32.8473 -13.5526 6
    endloop
  endfacet
  facet normal 0 0 -1
    outer loop
      vertex -33.4386 -13.4483 6
      vertex -28.9919 -12.9939 6
      vertex -33.1395 -13.481 6
    endloop
  endfacet
  facet normal 0 0 -1
    outer loop
      vertex -43.5114 -10.4337 6
      vertex -33.4386 -13.4483 6
      vertex -33.7394 -13.4549 6
    endloop
  endfacet
  facet normal 0 0 -1
    outer loop
      vertex -33.4386 -13.4483 6
      vertex -43.5114 -10.4337 6
      vertex -28.9919 -12.9939 6
    endloop
  endfacet
  facet normal 0 0 -1
    outer loop
      vertex -34.0367 -13.5006 6
      vertex -43.5114 -10.4337 6
      vertex -33.7394 -13.4549 6
    endloop
  endfacet
  facet normal 0 0 -1
    outer loop
      vertex -34.3256 -13.5848 6
      vertex -43.5114 -10.4337 6
      vertex -34.0367 -13.5006 6
    endloop
  endfacet
  facet normal 0 0 -1
    outer loop
      vertex -34.6009 -13.706 6
      vertex -43.5114 -10.4337 6
      vertex -34.3256 -13.5848 6
    endloop
  endfacet
  facet normal 0 0 -1
    outer loop
      vertex -34.8581 -13.8621 6
      vertex -43.5114 -10.4337 6
      vertex -34.6009 -13.706 6
    endloop
  endfacet
  facet normal 0 0 -1
    outer loop
      vertex -35.0928 -14.0504 6
      vertex -43.5114 -10.4337 6
      vertex -34.8581 -13.8621 6
    endloop
  endfacet
  facet normal 0 0 -1
    outer loop
      vertex -35.3008 -14.2677 6
      vertex -43.5114 -10.4337 6
      vertex -35.0928 -14.0504 6
    endloop
  endfacet
  facet normal 0 0 -1
    outer loop
      vertex -35.4787 -14.5103 6
      vertex -43.5114 -10.4337 6
      vertex -35.3008 -14.2677 6
    endloop
  endfacet
  facet normal 0 0 -1
    outer loop
      vertex -35.6234 -14.7741 6
      vertex -43.5114 -10.4337 6
      vertex -35.4787 -14.5103 6
    endloop
  endfacet
  facet normal 0 0 -1
    outer loop
      vertex -35.7325 -15.0545 6
      vertex -43.5114 -10.4337 6
      vertex -35.6234 -14.7741 6
    endloop
  endfacet
  facet normal 0 0 -1
    outer loop
      vertex -44.4654 -13.4595 6
      vertex -35.7325 -15.0545 6
      vertex -35.804 -15.3467 6
    endloop
  endfacet
  facet normal 0 0 -1
    outer loop
      vertex -44.4654 -13.4595 6
      vertex -35.804 -15.3467 6
      vertex -35.8367 -15.6458 6
    endloop
  endfacet
  facet normal 0 0 -1
    outer loop
      vertex -32.1848 -19.1861 6
      vertex -32.2197 -17.6302 6
      vertex -31.9851 -17.4418 6
    endloop
  endfacet
  facet normal 0 0 -1
    outer loop
      vertex -32.1848 -19.1861 6
      vertex -32.4769 -17.7862 6
      vertex -32.2197 -17.6302 6
    endloop
  endfacet
  facet normal 0 0 -1
    outer loop
      vertex -32.1848 -19.1861 6
      vertex -32.7523 -17.9074 6
      vertex -32.4769 -17.7862 6
    endloop
  endfacet
  facet normal 0 0 -1
    outer loop
      vertex -32.1848 -19.1861 6
      vertex -33.0411 -17.9916 6
      vertex -32.7523 -17.9074 6
    endloop
  endfacet
  facet normal 0 0 -1
    outer loop
      vertex -32.1848 -19.1861 6
      vertex -33.3385 -18.0374 6
      vertex -33.0411 -17.9916 6
    endloop
  endfacet
  facet normal 0 0 -1
    outer loop
      vertex -32.1848 -19.1861 6
      vertex -33.6392 -18.0439 6
      vertex -33.3385 -18.0374 6
    endloop
  endfacet
  facet normal 0 0 -1
    outer loop
      vertex -32.1848 -19.1861 6
      vertex -33.9383 -18.0112 6
      vertex -33.6392 -18.0439 6
    endloop
  endfacet
  facet normal 0 0 -1
    outer loop
      vertex -32.1848 -19.1861 6
      vertex -34.2305 -17.9397 6
      vertex -33.9383 -18.0112 6
    endloop
  endfacet
  facet normal 0 0 -1
    outer loop
      vertex -32.1848 -19.1861 6
      vertex -34.5109 -17.8306 6
      vertex -34.2305 -17.9397 6
    endloop
  endfacet
  facet normal 0 0 -1
    outer loop
      vertex -32.1848 -19.1861 6
      vertex -34.7747 -17.6859 6
      vertex -34.5109 -17.8306 6
    endloop
  endfacet
  facet normal 0 0 -1
    outer loop
      vertex -44.4654 -13.4595 6
      vertex -35.8367 -15.6458 6
      vertex -35.8302 -15.9466 6
    endloop
  endfacet
  facet normal 0 0 -1
    outer loop
      vertex -44.4654 -13.4595 6
      vertex -35.8302 -15.9466 6
      vertex -35.7844 -16.2439 6
    endloop
  endfacet
  facet normal 0 0 -1
    outer loop
      vertex -44.4654 -13.4595 6
      vertex -35.7844 -16.2439 6
      vertex -35.7002 -16.5328 6
    endloop
  endfacet
  facet normal 0 0 -1
    outer loop
      vertex -44.4654 -13.4595 6
      vertex -35.7002 -16.5328 6
      vertex -35.579 -16.8081 6
    endloop
  endfacet
  facet normal 0 0 -1
    outer loop
      vertex -44.4654 -13.4595 6
      vertex -35.579 -16.8081 6
      vertex -35.423 -17.0653 6
    endloop
  endfacet
  facet normal 0 0 -1
    outer loop
      vertex -44.4654 -13.4595 6
      vertex -35.423 -17.0653 6
      vertex -35.2347 -17.3 6
    endloop
  endfacet
  facet normal 0 0 -1
    outer loop
      vertex -44.4654 -13.4595 6
      vertex -35.2347 -17.3 6
      vertex -35.0173 -17.508 6
    endloop
  endfacet
  facet normal 0 0 -1
    outer loop
      vertex -35.7325 -15.0545 6
      vertex -44.4654 -13.4595 6
      vertex -43.5114 -10.4337 6
    endloop
  endfacet
  facet normal -0 0 -1
    outer loop
      vertex -43.5114 -10.4337 6
      vertex -44.4654 -13.4595 6
      vertex -43.7194 -10.4109 6
    endloop
  endfacet
  facet normal 0 0 -1
    outer loop
      vertex -43.7194 -10.4109 6
      vertex -44.4654 -13.4595 6
      vertex -43.9287 -10.4155 6
    endloop
  endfacet
  facet normal 0 0 -1
    outer loop
      vertex -43.9287 -10.4155 6
      vertex -44.4654 -13.4595 6
      vertex -44.1355 -10.4473 6
    endloop
  endfacet
  facet normal 0 0 -1
    outer loop
      vertex -44.4654 -13.4595 6
      vertex -34.7747 -17.6859 6
      vertex -32.1848 -19.1861 6
    endloop
  endfacet
  facet normal 0 0 -1
    outer loop
      vertex -44.4654 -13.4595 6
      vertex -35.0173 -17.508 6
      vertex -34.7747 -17.6859 6
    endloop
  endfacet
  facet normal 0 0 -1
    outer loop
      vertex -44.1355 -10.4473 6
      vertex -44.4654 -13.4595 6
      vertex -44.3365 -10.5059 6
    endloop
  endfacet
  facet normal 0 0 -1
    outer loop
      vertex -44.4654 -13.4595 6
      vertex -44.528 -10.5902 6
      vertex -44.3365 -10.5059 6
    endloop
  endfacet
  facet normal 0 0 -1
    outer loop
      vertex -44.6489 -13.3588 6
      vertex -44.528 -10.5902 6
      vertex -44.4654 -13.4595 6
    endloop
  endfacet
  facet normal 0 0 -1
    outer loop
      vertex -44.6489 -13.3588 6
      vertex -44.707 -10.6987 6
      vertex -44.528 -10.5902 6
    endloop
  endfacet
  facet normal 0 0 -1
    outer loop
      vertex -44.8177 -13.2351 6
      vertex -44.707 -10.6987 6
      vertex -44.6489 -13.3588 6
    endloop
  endfacet
  facet normal 0 0 -1
    outer loop
      vertex -44.8177 -13.2351 6
      vertex -44.8702 -10.8298 6
      vertex -44.707 -10.6987 6
    endloop
  endfacet
  facet normal 0 0 -1
    outer loop
      vertex -44.9689 -13.0903 6
      vertex -44.8702 -10.8298 6
      vertex -44.8177 -13.2351 6
    endloop
  endfacet
  facet normal 0 0 -1
    outer loop
      vertex -44.9689 -13.0903 6
      vertex -45.0149 -10.9809 6
      vertex -44.8702 -10.8298 6
    endloop
  endfacet
  facet normal 0 0 -1
    outer loop
      vertex -45.0999 -12.9271 6
      vertex -45.0149 -10.9809 6
      vertex -44.9689 -13.0903 6
    endloop
  endfacet
  facet normal 0 0 -1
    outer loop
      vertex -45.0999 -12.9271 6
      vertex -45.1387 -11.1497 6
      vertex -45.0149 -10.9809 6
    endloop
  endfacet
  facet normal 0 0 -1
    outer loop
      vertex -45.2085 -12.7482 6
      vertex -45.1387 -11.1497 6
      vertex -45.0999 -12.9271 6
    endloop
  endfacet
  facet normal 0 0 -1
    outer loop
      vertex -45.2085 -12.7482 6
      vertex -45.2393 -11.3332 6
      vertex -45.1387 -11.1497 6
    endloop
  endfacet
  facet normal 0 0 -1
    outer loop
      vertex -45.2927 -12.5566 6
      vertex -45.2393 -11.3332 6
      vertex -45.2085 -12.7482 6
    endloop
  endfacet
  facet normal 0 0 -1
    outer loop
      vertex -45.2927 -12.5566 6
      vertex -45.3152 -11.5283 6
      vertex -45.2393 -11.3332 6
    endloop
  endfacet
  facet normal 0 0 -1
    outer loop
      vertex -45.3513 -12.3557 6
      vertex -45.3152 -11.5283 6
      vertex -45.2927 -12.5566 6
    endloop
  endfacet
  facet normal 0 0 -1
    outer loop
      vertex -45.3513 -12.3557 6
      vertex -45.3649 -11.7316 6
      vertex -45.3152 -11.5283 6
    endloop
  endfacet
  facet normal 0 0 -1
    outer loop
      vertex -45.3832 -12.1488 6
      vertex -45.3649 -11.7316 6
      vertex -45.3513 -12.3557 6
    endloop
  endfacet
  facet normal 0 0 -1
    outer loop
      vertex -45.3649 -11.7316 6
      vertex -45.3832 -12.1488 6
      vertex -45.3877 -11.9396 6
    endloop
  endfacet
  facet normal 0 0 -1
    outer loop
      vertex -118.203 -6.40245 6
      vertex -110.942 42.8348 6
      vertex -109.564 42.5917 6
    endloop
  endfacet
  facet normal 0 0 -1
    outer loop
      vertex -118.686 -9.35254 6
      vertex -118.203 -6.40245 6
      vertex -118.391 -9.61574 6
    endloop
  endfacet
  facet normal 0 0 -1
    outer loop
      vertex -118.953 -9.0476 6
      vertex -118.203 -6.40245 6
      vertex -118.686 -9.35254 6
    endloop
  endfacet
  facet normal 0 0 -1
    outer loop
      vertex -119.183 -8.71373 6
      vertex -118.203 -6.40245 6
      vertex -118.953 -9.0476 6
    endloop
  endfacet
  facet normal 0 0 -1
    outer loop
      vertex -119.372 -8.35318 6
      vertex -118.203 -6.40245 6
      vertex -119.183 -8.71373 6
    endloop
  endfacet
  facet normal 0 0 -1
    outer loop
      vertex -119.515 -7.97324 6
      vertex -118.203 -6.40245 6
      vertex -119.372 -8.35318 6
    endloop
  endfacet
  facet normal 0 0 -1
    outer loop
      vertex -119.613 -7.58024 6
      vertex -118.203 -6.40245 6
      vertex -119.515 -7.97324 6
    endloop
  endfacet
  facet normal 0 0 -1
    outer loop
      vertex -119.664 -7.17786 6
      vertex -118.203 -6.40245 6
      vertex -119.613 -7.58024 6
    endloop
  endfacet
  facet normal 0 0 -1
    outer loop
      vertex -118.203 -6.40245 6
      vertex -119.62 -6.37967 6
      vertex -110.942 42.8348 6
    endloop
  endfacet
  facet normal 0 0 -1
    outer loop
      vertex -119.666 -6.77164 6
      vertex -118.203 -6.40245 6
      vertex -119.664 -7.17786 6
    endloop
  endfacet
  facet normal -0 0 -1
    outer loop
      vertex -118.203 -6.40245 6
      vertex -119.666 -6.77164 6
      vertex -119.62 -6.37967 6
    endloop
  endfacet
  facet normal 0.00903124 0.999959 -0
    outer loop
      vertex -22.6643 -43.0316 1.39
      vertex -23.0629 -43.028 6
      vertex -22.6643 -43.0316 6
    endloop
  endfacet
  facet normal 0.00903124 0.999959 0
    outer loop
      vertex -23.0629 -43.028 6
      vertex -22.6643 -43.0316 1.39
      vertex -23.0629 -43.028 1.39
    endloop
  endfacet
  facet normal -0.110239 0.993905 0
    outer loop
      vertex -22.2676 -42.9876 1.4
      vertex -22.6643 -43.0316 6
      vertex -22.2676 -42.9876 6
    endloop
  endfacet
  facet normal -0.110266 0.993902 -2.33141e-06
    outer loop
      vertex -22.6624 -43.0314 1.4
      vertex -22.6643 -43.0316 6
      vertex -22.2676 -42.9876 1.4
    endloop
  endfacet
  facet normal -0.104685 0.994505 0
    outer loop
      vertex -22.6643 -43.0316 1.39
      vertex -22.6624 -43.0314 1.4
      vertex -22.6624 -43.0314 1.39
    endloop
  endfacet
  facet normal -0.104685 0.994505 0
    outer loop
      vertex -22.6624 -43.0314 1.4
      vertex -22.6643 -43.0316 1.39
      vertex -22.6643 -43.0316 6
    endloop
  endfacet
  facet normal -0.223669 0.974665 0
    outer loop
      vertex -21.8789 -42.8984 1.4
      vertex -22.2676 -42.9876 6
      vertex -21.8789 -42.8984 6
    endloop
  endfacet
  facet normal -0.223669 0.974665 0
    outer loop
      vertex -22.2676 -42.9876 6
      vertex -21.8789 -42.8984 1.4
      vertex -22.2676 -42.9876 1.4
    endloop
  endfacet
  facet normal -0.337984 0.941152 0
    outer loop
      vertex -21.5027 -42.7633 1.4
      vertex -21.8789 -42.8984 6
      vertex -21.5027 -42.7633 6
    endloop
  endfacet
  facet normal -0.337984 0.941152 0
    outer loop
      vertex -21.8789 -42.8984 6
      vertex -21.5027 -42.7633 1.4
      vertex -21.8789 -42.8984 1.4
    endloop
  endfacet
  facet normal -0.445509 0.895277 0
    outer loop
      vertex -21.1454 -42.5855 1.4
      vertex -21.5027 -42.7633 6
      vertex -21.1454 -42.5855 6
    endloop
  endfacet
  facet normal -0.445509 0.895277 0
    outer loop
      vertex -21.5027 -42.7633 6
      vertex -21.1454 -42.5855 1.4
      vertex -21.5027 -42.7633 1.4
    endloop
  endfacet
  facet normal -0.548602 0.836084 0
    outer loop
      vertex -20.8124 -42.367 1.4
      vertex -21.1454 -42.5855 6
      vertex -20.8124 -42.367 6
    endloop
  endfacet
  facet normal -0.548602 0.836084 0
    outer loop
      vertex -21.1454 -42.5855 6
      vertex -20.8124 -42.367 1.4
      vertex -21.1454 -42.5855 1.4
    endloop
  endfacet
  facet normal -0.640629 0.767851 0
    outer loop
      vertex -20.5064 -42.1117 1.4
      vertex -20.8124 -42.367 6
      vertex -20.5064 -42.1117 6
    endloop
  endfacet
  facet normal -0.640629 0.767851 0
    outer loop
      vertex -20.8124 -42.367 6
      vertex -20.5064 -42.1117 1.4
      vertex -20.8124 -42.367 1.4
    endloop
  endfacet
  facet normal -0.726312 0.687365 0
    outer loop
      vertex -20.5064 -42.1117 1.4
      vertex -20.2399 -41.8301 6
      vertex -20.2399 -41.8301 1.4
    endloop
  endfacet
  facet normal -0.726312 0.687365 0
    outer loop
      vertex -20.2399 -41.8301 6
      vertex -20.5064 -42.1117 1.4
      vertex -20.5064 -42.1117 6
    endloop
  endfacet
  facet normal -0.766079 0.642746 0
    outer loop
      vertex -20.2399 -41.8301 1.4
      vertex -11.6874 -31.6365 6
      vertex -11.6874 -31.6365 1.4
    endloop
  endfacet
  facet normal -0.766079 0.642746 0
    outer loop
      vertex -11.6874 -31.6365 6
      vertex -20.2399 -41.8301 1.4
      vertex -20.2399 -41.8301 6
    endloop
  endfacet
  facet normal -0.799935 0.600087 0
    outer loop
      vertex -11.6874 -31.6365 1.4
      vertex -11.4667 -31.3423 6
      vertex -11.4667 -31.3423 1.4
    endloop
  endfacet
  facet normal -0.799935 0.600087 0
    outer loop
      vertex -11.4667 -31.3423 6
      vertex -11.6874 -31.6365 1.4
      vertex -11.6874 -31.6365 6
    endloop
  endfacet
  facet normal -0.863203 0.504857 0
    outer loop
      vertex -11.4667 -31.3423 1.4
      vertex -11.2758 -31.0159 6
      vertex -11.2758 -31.0159 1.4
    endloop
  endfacet
  facet normal -0.863203 0.504857 0
    outer loop
      vertex -11.2758 -31.0159 6
      vertex -11.4667 -31.3423 1.4
      vertex -11.4667 -31.3423 6
    endloop
  endfacet
  facet normal -0.912094 0.40998 0
    outer loop
      vertex -11.2758 -31.0159 1.4
      vertex -11.1205 -30.6704 6
      vertex -11.1205 -30.6704 1.4
    endloop
  endfacet
  facet normal -0.912094 0.40998 0
    outer loop
      vertex -11.1205 -30.6704 6
      vertex -11.2758 -31.0159 1.4
      vertex -11.2758 -31.0159 6
    endloop
  endfacet
  facet normal -0.953279 0.302092 0
    outer loop
      vertex -11.1205 -30.6704 1.4
      vertex -11.0061 -30.3094 6
      vertex -11.0061 -30.3094 1.4
    endloop
  endfacet
  facet normal -0.953279 0.302092 0
    outer loop
      vertex -11.0061 -30.3094 6
      vertex -11.1205 -30.6704 1.4
      vertex -11.1205 -30.6704 6
    endloop
  endfacet
  facet normal -0.980397 0.19703 0
    outer loop
      vertex -11.0061 -30.3094 1.4
      vertex -10.9315 -29.9382 6
      vertex -10.9315 -29.9382 1.4
    endloop
  endfacet
  facet normal -0.980397 0.19703 0
    outer loop
      vertex -10.9315 -29.9382 6
      vertex -11.0061 -30.3094 1.4
      vertex -11.0061 -30.3094 6
    endloop
  endfacet
  facet normal -0.995409 0.0957124 0
    outer loop
      vertex -10.9 -29.5663 1.4
      vertex -10.8995 -29.5611 1.39
      vertex -10.9 -29.5663 1.39
    endloop
  endfacet
  facet normal -0.995409 0.0957124 0
    outer loop
      vertex -10.8995 -29.5611 1.39
      vertex -10.9 -29.5663 1.4
      vertex -10.8995 -29.5611 6
    endloop
  endfacet
  facet normal -0.996432 0.084398 1.29014e-05
    outer loop
      vertex -10.9315 -29.9382 1.4
      vertex -10.8995 -29.5611 6
      vertex -10.9 -29.5663 1.4
    endloop
  endfacet
  facet normal -0.996419 0.0845542 0
    outer loop
      vertex -10.8995 -29.5611 6
      vertex -10.9315 -29.9382 1.4
      vertex -10.9315 -29.9382 6
    endloop
  endfacet
  facet normal -0.999552 -0.0299267 0
    outer loop
      vertex -10.9 -29.5444 1.39
      vertex -10.8995 -29.5611 1.39
      vertex -10.9 -29.5444 1.4
    endloop
  endfacet
  facet normal -0.999634 -0.0270395 0
    outer loop
      vertex -10.9 -29.5444 1.4
      vertex -10.9098 -29.1821 6
      vertex -10.9098 -29.1821 1.4
    endloop
  endfacet
  facet normal -0.999552 -0.0299267 -0
    outer loop
      vertex -10.8995 -29.5611 6
      vertex -10.9 -29.5444 1.4
      vertex -10.8995 -29.5611 1.39
    endloop
  endfacet
  facet normal -0.999631 -0.0271668 1.00284e-05
    outer loop
      vertex -10.9 -29.5444 1.4
      vertex -10.8995 -29.5611 6
      vertex -10.9098 -29.1821 6
    endloop
  endfacet
  facet normal -0.990668 -0.136296 0
    outer loop
      vertex -10.9098 -29.1821 1.4
      vertex -10.9612 -28.8085 6
      vertex -10.9612 -28.8085 1.4
    endloop
  endfacet
  facet normal -0.990668 -0.136296 0
    outer loop
      vertex -10.9612 -28.8085 6
      vertex -10.9098 -29.1821 1.4
      vertex -10.9098 -29.1821 6
    endloop
  endfacet
  facet normal -0.969519 -0.245017 0
    outer loop
      vertex -10.9612 -28.8085 1.4
      vertex -11.0541 -28.4409 6
      vertex -11.0541 -28.4409 1.4
    endloop
  endfacet
  facet normal -0.969519 -0.245017 0
    outer loop
      vertex -11.0541 -28.4409 6
      vertex -10.9612 -28.8085 1.4
      vertex -10.9612 -28.8085 6
    endloop
  endfacet
  facet normal -0.93573 -0.352717 0
    outer loop
      vertex -11.0541 -28.4409 1.4
      vertex -11.1875 -28.087 6
      vertex -11.1875 -28.087 1.4
    endloop
  endfacet
  facet normal -0.93573 -0.352717 0
    outer loop
      vertex -11.1875 -28.087 6
      vertex -11.0541 -28.4409 1.4
      vertex -11.0541 -28.4409 6
    endloop
  endfacet
  facet normal -0.891291 -0.453431 0
    outer loop
      vertex -11.1875 -28.087 1.4
      vertex -11.3593 -27.7493 6
      vertex -11.3593 -27.7493 1.4
    endloop
  endfacet
  facet normal -0.891291 -0.453431 0
    outer loop
      vertex -11.3593 -27.7493 6
      vertex -11.1875 -28.087 1.4
      vertex -11.1875 -28.087 6
    endloop
  endfacet
  facet normal -0.834595 -0.550864 0
    outer loop
      vertex -11.3593 -27.7493 1.4
      vertex -11.5684 -27.4325 6
      vertex -11.5684 -27.4325 1.4
    endloop
  endfacet
  facet normal -0.834595 -0.550864 0
    outer loop
      vertex -11.5684 -27.4325 6
      vertex -11.3593 -27.7493 1.4
      vertex -11.3593 -27.7493 6
    endloop
  endfacet
  facet normal -0.767505 -0.641043 0
    outer loop
      vertex -11.5684 -27.4325 1.4
      vertex -11.8107 -27.1424 6
      vertex -11.8107 -27.1424 1.4
    endloop
  endfacet
  facet normal -0.767505 -0.641043 0
    outer loop
      vertex -11.8107 -27.1424 6
      vertex -11.5684 -27.4325 1.4
      vertex -11.5684 -27.4325 6
    endloop
  endfacet
  facet normal -0.693201 -0.720744 0
    outer loop
      vertex -12.075 -26.8882 1.4
      vertex -11.8107 -27.1424 6
      vertex -12.075 -26.8882 6
    endloop
  endfacet
  facet normal -0.693201 -0.720744 -0
    outer loop
      vertex -11.8107 -27.1424 6
      vertex -12.075 -26.8882 1.4
      vertex -11.8107 -27.1424 1.4
    endloop
  endfacet
  facet normal -0.651501 -0.758647 0
    outer loop
      vertex -26.5277 -14.4767 1.4
      vertex -12.075 -26.8882 6
      vertex -26.5277 -14.4767 6
    endloop
  endfacet
  facet normal -0.651501 -0.758647 -0
    outer loop
      vertex -12.075 -26.8882 6
      vertex -26.5277 -14.4767 1.4
      vertex -12.075 -26.8882 1.4
    endloop
  endfacet
  facet normal -0.691961 -0.721935 0
    outer loop
      vertex -26.7517 -14.262 1.4
      vertex -26.5277 -14.4767 6
      vertex -26.7517 -14.262 6
    endloop
  endfacet
  facet normal -0.691961 -0.721935 -0
    outer loop
      vertex -26.5277 -14.4767 6
      vertex -26.7517 -14.262 1.4
      vertex -26.5277 -14.4767 1.4
    endloop
  endfacet
  facet normal -0.773212 -0.634148 0
    outer loop
      vertex -26.7517 -14.262 1.4
      vertex -26.9414 -14.0307 6
      vertex -26.9414 -14.0307 1.4
    endloop
  endfacet
  facet normal -0.773212 -0.634148 0
    outer loop
      vertex -26.9414 -14.0307 6
      vertex -26.7517 -14.262 1.4
      vertex -26.7517 -14.262 6
    endloop
  endfacet
  facet normal -0.838688 -0.544612 0
    outer loop
      vertex -26.9414 -14.0307 1.4
      vertex -27.104 -13.7803 6
      vertex -27.104 -13.7803 1.4
    endloop
  endfacet
  facet normal -0.838688 -0.544612 0
    outer loop
      vertex -27.104 -13.7803 6
      vertex -26.9414 -14.0307 1.4
      vertex -26.9414 -14.0307 6
    endloop
  endfacet
  facet normal -0.897482 -0.44105 0
    outer loop
      vertex -27.104 -13.7803 1.4
      vertex -27.2359 -13.5119 6
      vertex -27.2359 -13.5119 1.4
    endloop
  endfacet
  facet normal -0.897482 -0.44105 0
    outer loop
      vertex -27.2359 -13.5119 6
      vertex -27.104 -13.7803 1.4
      vertex -27.104 -13.7803 6
    endloop
  endfacet
  facet normal -0.941583 -0.33678 0
    outer loop
      vertex -27.2359 -13.5119 1.4
      vertex -27.3368 -13.2298 6
      vertex -27.3368 -13.2298 1.4
    endloop
  endfacet
  facet normal -0.941583 -0.33678 0
    outer loop
      vertex -27.3368 -13.2298 6
      vertex -27.2359 -13.5119 1.4
      vertex -27.2359 -13.5119 6
    endloop
  endfacet
  facet normal -0.974085 -0.226181 0
    outer loop
      vertex -27.3368 -13.2298 1.4
      vertex -27.4043 -12.9391 6
      vertex -27.4043 -12.9391 1.4
    endloop
  endfacet
  facet normal -0.974085 -0.226181 0
    outer loop
      vertex -27.4043 -12.9391 6
      vertex -27.3368 -13.2298 1.4
      vertex -27.3368 -13.2298 6
    endloop
  endfacet
  facet normal -0.993591 -0.113037 0
    outer loop
      vertex -27.4043 -12.9391 1.4
      vertex -27.4381 -12.642 6
      vertex -27.4381 -12.642 1.4
    endloop
  endfacet
  facet normal -0.993591 -0.113037 0
    outer loop
      vertex -27.4381 -12.642 6
      vertex -27.4043 -12.9391 1.4
      vertex -27.4043 -12.9391 6
    endloop
  endfacet
  facet normal -0.999996 0.00267558 0
    outer loop
      vertex -27.4381 -12.642 1.4
      vertex -27.4373 -12.343 6
      vertex -27.4373 -12.343 1.4
    endloop
  endfacet
  facet normal -0.999996 0.00267558 0
    outer loop
      vertex -27.4373 -12.343 6
      vertex -27.4381 -12.642 1.4
      vertex -27.4381 -12.642 6
    endloop
  endfacet
  facet normal -0.993206 0.116374 0
    outer loop
      vertex -27.4373 -12.343 1.4
      vertex -27.4012 -12.0349 6
      vertex -27.4012 -12.0349 1.4
    endloop
  endfacet
  facet normal -0.993206 0.116374 0
    outer loop
      vertex -27.4012 -12.0349 6
      vertex -27.4373 -12.343 1.4
      vertex -27.4373 -12.343 6
    endloop
  endfacet
  facet normal -0.984808 0.173648 0
    outer loop
      vertex -27.4012 -12.0349 1.4
      vertex -19.0747 35.1872 6
      vertex -19.0747 35.1872 1.4
    endloop
  endfacet
  facet normal -0.984808 0.173648 0
    outer loop
      vertex -19.0747 35.1872 6
      vertex -27.4012 -12.0349 1.4
      vertex -27.4012 -12.0349 6
    endloop
  endfacet
  facet normal -0.993555 0.113355 0
    outer loop
      vertex -19.0747 35.1872 1.4
      vertex -19.0296 35.5825 6
      vertex -19.0296 35.5825 1.4
    endloop
  endfacet
  facet normal -0.993555 0.113355 0
    outer loop
      vertex -19.0296 35.5825 6
      vertex -19.0747 35.1872 1.4
      vertex -19.0747 35.1872 6
    endloop
  endfacet
  facet normal -0.999978 -0.00660132 0
    outer loop
      vertex -19.0296 35.5825 1.4
      vertex -19.0323 35.9915 6
      vertex -19.0323 35.9915 1.4
    endloop
  endfacet
  facet normal -0.999978 -0.00660132 0
    outer loop
      vertex -19.0323 35.9915 6
      vertex -19.0296 35.5825 1.4
      vertex -19.0296 35.5825 6
    endloop
  endfacet
  facet normal -0.992062 -0.125747 0
    outer loop
      vertex -19.0323 35.9915 1.4
      vertex -19.0838 36.3978 6
      vertex -19.0838 36.3978 1.4
    endloop
  endfacet
  facet normal -0.992062 -0.125747 0
    outer loop
      vertex -19.0838 36.3978 6
      vertex -19.0323 35.9915 1.4
      vertex -19.0323 35.9915 6
    endloop
  endfacet
  facet normal -0.96936 -0.245643 0
    outer loop
      vertex -19.0838 36.3978 1.4
      vertex -19.1842 36.794 6
      vertex -19.1842 36.794 1.4
    endloop
  endfacet
  facet normal -0.96936 -0.245643 0
    outer loop
      vertex -19.1842 36.794 6
      vertex -19.0838 36.3978 1.4
      vertex -19.0838 36.3978 6
    endloop
  endfacet
  facet normal -0.933786 -0.357833 0
    outer loop
      vertex -19.1842 36.794 1.4
      vertex -19.3307 37.1763 6
      vertex -19.3307 37.1763 1.4
    endloop
  endfacet
  facet normal -0.933786 -0.357833 0
    outer loop
      vertex -19.3307 37.1763 6
      vertex -19.1842 36.794 1.4
      vertex -19.1842 36.794 6
    endloop
  endfacet
  facet normal -0.88364 -0.468168 0
    outer loop
      vertex -19.3307 37.1763 1.4
      vertex -19.5226 37.5385 6
      vertex -19.5226 37.5385 1.4
    endloop
  endfacet
  facet normal -0.88364 -0.468168 0
    outer loop
      vertex -19.5226 37.5385 6
      vertex -19.3307 37.1763 1.4
      vertex -19.3307 37.1763 6
    endloop
  endfacet
  facet normal -0.820239 -0.572021 0
    outer loop
      vertex -19.5226 37.5385 1.4
      vertex -19.7572 37.8749 6
      vertex -19.7572 37.8749 1.4
    endloop
  endfacet
  facet normal -0.820239 -0.572021 0
    outer loop
      vertex -19.7572 37.8749 6
      vertex -19.5226 37.5385 1.4
      vertex -19.5226 37.5385 6
    endloop
  endfacet
  facet normal -0.7448 -0.667288 0
    outer loop
      vertex -19.7572 37.8749 1.4
      vertex -20.0301 38.1795 6
      vertex -20.0301 38.1795 1.4
    endloop
  endfacet
  facet normal -0.7448 -0.667288 0
    outer loop
      vertex -20.0301 38.1795 6
      vertex -19.7572 37.8749 1.4
      vertex -19.7572 37.8749 6
    endloop
  endfacet
  facet normal -0.661339 -0.750088 0
    outer loop
      vertex -20.3369 38.45 1.4
      vertex -20.0301 38.1795 6
      vertex -20.3369 38.45 6
    endloop
  endfacet
  facet normal -0.661339 -0.750088 -0
    outer loop
      vertex -20.0301 38.1795 6
      vertex -20.3369 38.45 1.4
      vertex -20.0301 38.1795 1.4
    endloop
  endfacet
  facet normal -0.564465 -0.825457 0
    outer loop
      vertex -20.675 38.6812 1.4
      vertex -20.3369 38.45 6
      vertex -20.675 38.6812 6
    endloop
  endfacet
  facet normal -0.564465 -0.825457 -0
    outer loop
      vertex -20.3369 38.45 6
      vertex -20.675 38.6812 1.4
      vertex -20.3369 38.45 1.4
    endloop
  endfacet
  facet normal -0.462231 -0.88676 0
    outer loop
      vertex -21.0278 38.8651 1.4
      vertex -20.675 38.6812 6
      vertex -21.0278 38.8651 6
    endloop
  endfacet
  facet normal -0.462231 -0.88676 -0
    outer loop
      vertex -20.675 38.6812 6
      vertex -21.0278 38.8651 1.4
      vertex -20.675 38.6812 1.4
    endloop
  endfacet
  facet normal -0.407833 -0.913056 0
    outer loop
      vertex -57.6382 55.2178 1.4
      vertex -21.0278 38.8651 6
      vertex -57.6382 55.2178 6
    endloop
  endfacet
  facet normal -0.407833 -0.913056 -0
    outer loop
      vertex -21.0278 38.8651 6
      vertex -57.6382 55.2178 1.4
      vertex -21.0278 38.8651 1.4
    endloop
  endfacet
  facet normal -0.35004 -0.936735 0
    outer loop
      vertex -58.0174 55.3595 1.4
      vertex -57.6382 55.2178 6
      vertex -58.0174 55.3595 6
    endloop
  endfacet
  facet normal -0.35004 -0.936735 -0
    outer loop
      vertex -57.6382 55.2178 6
      vertex -58.0174 55.3595 1.4
      vertex -57.6382 55.2178 1.4
    endloop
  endfacet
  facet normal -0.234963 -0.972004 0
    outer loop
      vertex -58.4104 55.4545 1.4
      vertex -58.0174 55.3595 6
      vertex -58.4104 55.4545 6
    endloop
  endfacet
  facet normal -0.234963 -0.972004 -0
    outer loop
      vertex -58.0174 55.3595 6
      vertex -58.4104 55.4545 1.4
      vertex -58.0174 55.3595 1.4
    endloop
  endfacet
  facet normal -0.173647 -0.984808 -0
    outer loop
      vertex -103.863 63.469 4
      vertex -103.863 63.469 1.4
      vertex -75.7849 58.5181 4
    endloop
  endfacet
  facet normal -0.173649 -0.984808 0
    outer loop
      vertex -75.7849 58.5181 4
      vertex -58.4104 55.4545 6
      vertex -75.7849 58.5181 6
    endloop
  endfacet
  facet normal -0.173649 -0.984808 0
    outer loop
      vertex -75.7849 58.5181 4
      vertex -58.4104 55.4545 1.4
      vertex -58.4104 55.4545 6
    endloop
  endfacet
  facet normal -0.173648 -0.984808 5.45926e-06
    outer loop
      vertex -58.4104 55.4545 1.4
      vertex -75.7849 58.5181 4
      vertex -103.863 63.469 1.4
    endloop
  endfacet
  facet normal -0.117971 -0.993017 0
    outer loop
      vertex -104.23 63.5126 1.4
      vertex -103.863 63.469 4
      vertex -104.23 63.5126 4
    endloop
  endfacet
  facet normal -0.117971 -0.993017 -0
    outer loop
      vertex -103.863 63.469 4
      vertex -104.23 63.5126 1.4
      vertex -103.863 63.469 1.4
    endloop
  endfacet
  facet normal -0.00732965 -0.999973 3.42319e-06
    outer loop
      vertex -104.612 63.5154 4
      vertex -104.545 63.5149 1.4
      vertex -104.23 63.5126 4
    endloop
  endfacet
  facet normal -0.00746248 -0.999972 0
    outer loop
      vertex -104.612 63.5154 1.39
      vertex -104.545 63.5149 1.4
      vertex -104.612 63.5154 4
    endloop
  endfacet
  facet normal -0.00746248 -0.999972 -0
    outer loop
      vertex -104.545 63.5149 1.4
      vertex -104.612 63.5154 1.39
      vertex -104.545 63.5149 1.39
    endloop
  endfacet
  facet normal -0.00730139 -0.999973 -0
    outer loop
      vertex -104.23 63.5126 4
      vertex -104.545 63.5149 1.4
      vertex -104.23 63.5126 1.4
    endloop
  endfacet
  facet normal 0.105736 -0.994394 0
    outer loop
      vertex -104.991 63.4751 1.39
      vertex -104.612 63.5154 4
      vertex -104.991 63.4751 4
    endloop
  endfacet
  facet normal 0.105736 -0.994394 0
    outer loop
      vertex -104.612 63.5154 4
      vertex -104.991 63.4751 1.39
      vertex -104.612 63.5154 1.39
    endloop
  endfacet
  facet normal 0.216709 -0.976236 0
    outer loop
      vertex -105.364 63.3923 1.39
      vertex -104.991 63.4751 4
      vertex -105.364 63.3923 4
    endloop
  endfacet
  facet normal 0.216709 -0.976236 0
    outer loop
      vertex -104.991 63.4751 4
      vertex -105.364 63.3923 1.39
      vertex -104.991 63.4751 1.39
    endloop
  endfacet
  facet normal 0.325329 -0.945601 0
    outer loop
      vertex -105.725 63.2681 1.39
      vertex -105.364 63.3923 4
      vertex -105.725 63.2681 4
    endloop
  endfacet
  facet normal 0.325329 -0.945601 0
    outer loop
      vertex -105.364 63.3923 4
      vertex -105.725 63.2681 1.39
      vertex -105.364 63.3923 1.39
    endloop
  endfacet
  facet normal 0.430506 -0.902588 0
    outer loop
      vertex -106.068 63.1045 1.39
      vertex -105.725 63.2681 4
      vertex -106.068 63.1045 4
    endloop
  endfacet
  facet normal 0.430506 -0.902588 0
    outer loop
      vertex -105.725 63.2681 4
      vertex -106.068 63.1045 1.39
      vertex -105.725 63.2681 1.39
    endloop
  endfacet
  facet normal 0.525047 -0.851073 0
    outer loop
      vertex -106.393 62.904 1.39
      vertex -106.068 63.1045 4
      vertex -106.393 62.904 4
    endloop
  endfacet
  facet normal 0.525047 -0.851073 0
    outer loop
      vertex -106.068 63.1045 4
      vertex -106.393 62.904 1.39
      vertex -106.068 63.1045 1.39
    endloop
  endfacet
  facet normal 0.619721 -0.784822 0
    outer loop
      vertex -106.692 62.6679 1.39
      vertex -106.393 62.904 4
      vertex -106.692 62.6679 4
    endloop
  endfacet
  facet normal 0.619721 -0.784822 0
    outer loop
      vertex -106.393 62.904 4
      vertex -106.692 62.6679 1.39
      vertex -106.393 62.904 1.39
    endloop
  endfacet
  facet normal 0.702097 -0.712082 0
    outer loop
      vertex -106.963 62.4007 1.39
      vertex -106.692 62.6679 4
      vertex -106.963 62.4007 4
    endloop
  endfacet
  facet normal 0.702097 -0.712082 0
    outer loop
      vertex -106.692 62.6679 4
      vertex -106.963 62.4007 1.39
      vertex -106.692 62.6679 1.39
    endloop
  endfacet
  facet normal 0.776964 -0.629545 0
    outer loop
      vertex -107.203 62.1045 4
      vertex -106.963 62.4007 1.39
      vertex -106.963 62.4007 4
    endloop
  endfacet
  facet normal 0.776964 -0.629545 0
    outer loop
      vertex -106.963 62.4007 1.39
      vertex -107.203 62.1045 4
      vertex -107.203 62.1045 1.39
    endloop
  endfacet
  facet normal 0.842442 -0.538786 0
    outer loop
      vertex -107.409 61.7824 4
      vertex -107.203 62.1045 1.39
      vertex -107.203 62.1045 4
    endloop
  endfacet
  facet normal 0.842442 -0.538786 0
    outer loop
      vertex -107.203 62.1045 1.39
      vertex -107.409 61.7824 4
      vertex -107.409 61.7824 1.39
    endloop
  endfacet
  facet normal 0.898578 -0.438813 0
    outer loop
      vertex -107.465 61.6671 4.2
      vertex -107.576 61.4398 4.2
      vertex -107.465 61.6671 4
    endloop
  endfacet
  facet normal 0.899517 -0.436886 0
    outer loop
      vertex -107.465 61.6671 4
      vertex -107.409 61.7824 1.39
      vertex -107.409 61.7824 4
    endloop
  endfacet
  facet normal 0.898578 -0.438813 0
    outer loop
      vertex -107.576 61.4398 1.39
      vertex -107.465 61.6671 4
      vertex -107.576 61.4398 4.2
    endloop
  endfacet
  facet normal 0.898894 -0.438165 -6.9866e-05
    outer loop
      vertex -107.465 61.6671 4
      vertex -107.576 61.4398 1.39
      vertex -107.409 61.7824 1.39
    endloop
  endfacet
  facet normal 0.942038 -0.335506 0
    outer loop
      vertex -107.704 61.0804 4.2
      vertex -107.576 61.4398 1.39
      vertex -107.576 61.4398 4.2
    endloop
  endfacet
  facet normal 0.942038 -0.335506 0
    outer loop
      vertex -107.576 61.4398 1.39
      vertex -107.704 61.0804 4.2
      vertex -107.704 61.0804 1.39
    endloop
  endfacet
  facet normal 0.973268 -0.229672 0
    outer loop
      vertex -107.789 60.7202 4.2
      vertex -107.704 61.0804 1.39
      vertex -107.704 61.0804 4.2
    endloop
  endfacet
  facet normal 0.973268 -0.229672 0
    outer loop
      vertex -107.704 61.0804 1.39
      vertex -107.789 60.7202 4.2
      vertex -107.789 60.7202 1.39
    endloop
  endfacet
  facet normal 0.98475 -0.173975 0
    outer loop
      vertex -110.942 42.8348 6
      vertex -111.277 40.9386 1.4
      vertex -110.942 42.8348 4.2
    endloop
  endfacet
  facet normal 0.984807 -0.173651 -0.000137567
    outer loop
      vertex -119.62 -6.37967 6
      vertex -111.277 40.9386 1.4
      vertex -110.942 42.8348 6
    endloop
  endfacet
  facet normal 0.984809 -0.173638 0
    outer loop
      vertex -119.62 -6.37967 1.39
      vertex -111.277 40.9386 1.4
      vertex -119.62 -6.37967 6
    endloop
  endfacet
  facet normal 0.984809 -0.173638 0
    outer loop
      vertex -111.277 40.9386 1.4
      vertex -119.62 -6.37967 1.39
      vertex -111.277 40.9386 1.39
    endloop
  endfacet
  facet normal 0.983951 -0.178437 0
    outer loop
      vertex -107.789 60.7202 4.2
      vertex -107.796 60.6816 1.4
      vertex -107.789 60.7202 1.39
    endloop
  endfacet
  facet normal 0.984814 -0.173612 -6.86708e-05
    outer loop
      vertex -110.942 42.8348 4.2
      vertex -107.796 60.6816 1.4
      vertex -107.789 60.7202 4.2
    endloop
  endfacet
  facet normal 0.98481 -0.173637 -0.00023574
    outer loop
      vertex -107.796 60.6816 1.4
      vertex -110.942 42.8348 4.2
      vertex -111.277 40.9386 1.4
    endloop
  endfacet
  facet normal 0.983951 -0.178437 0
    outer loop
      vertex -107.789 60.7202 1.39
      vertex -107.796 60.6816 1.4
      vertex -107.796 60.6816 1.39
    endloop
  endfacet
  facet normal 0.993184 -0.116556 0
    outer loop
      vertex -119.666 -6.77164 6
      vertex -119.62 -6.37967 1.39
      vertex -119.62 -6.37967 6
    endloop
  endfacet
  facet normal 0.993184 -0.116556 0
    outer loop
      vertex -119.62 -6.37967 1.39
      vertex -119.666 -6.77164 6
      vertex -119.666 -6.77164 1.39
    endloop
  endfacet
  facet normal 0.999931 0.0117597 0
    outer loop
      vertex -119.666 -6.77164 6
      vertex -119.665 -6.85667 1.4
      vertex -119.666 -6.77164 1.39
    endloop
  endfacet
  facet normal 1 0 0.000217391
    outer loop
      vertex -119.666 -6.77164 6
      vertex -119.665 -6.94897 1.4
      vertex -119.665 -6.85667 1.4
    endloop
  endfacet
  facet normal 0.999988 0.00492338 2.75923e-05
    outer loop
      vertex -119.664 -7.17786 6
      vertex -119.665 -6.94897 1.4
      vertex -119.666 -6.77164 6
    endloop
  endfacet
  facet normal 0.99999 0.00436887 -0
    outer loop
      vertex -119.664 -7.17786 1.39
      vertex -119.665 -6.94897 1.4
      vertex -119.664 -7.17786 6
    endloop
  endfacet
  facet normal 0.99999 0.00436887 0
    outer loop
      vertex -119.665 -6.94897 1.4
      vertex -119.664 -7.17786 1.39
      vertex -119.665 -6.94897 1.39
    endloop
  endfacet
  facet normal 0.999931 0.0117597 0
    outer loop
      vertex -119.666 -6.77164 1.39
      vertex -119.665 -6.85667 1.4
      vertex -119.665 -6.85667 1.39
    endloop
  endfacet
  facet normal 0.992063 0.12574 0
    outer loop
      vertex -119.613 -7.58024 6
      vertex -119.664 -7.17786 1.39
      vertex -119.664 -7.17786 6
    endloop
  endfacet
  facet normal 0.992063 0.12574 0
    outer loop
      vertex -119.664 -7.17786 1.39
      vertex -119.613 -7.58024 6
      vertex -119.613 -7.58024 1.39
    endloop
  endfacet
  facet normal 0.969754 0.244086 0
    outer loop
      vertex -119.613 -7.58024 6
      vertex -119.593 -7.6597 1.4
      vertex -119.613 -7.58024 1.39
    endloop
  endfacet
  facet normal 0.969128 0.246558 -4.54257e-05
    outer loop
      vertex -119.613 -7.58024 6
      vertex -119.577 -7.72259 1.4
      vertex -119.593 -7.6597 1.4
    endloop
  endfacet
  facet normal 0.970288 0.241955 0.00010611
    outer loop
      vertex -119.515 -7.97324 6
      vertex -119.577 -7.72259 1.4
      vertex -119.613 -7.58024 6
    endloop
  endfacet
  facet normal 0.970743 0.24012 -0
    outer loop
      vertex -119.515 -7.97324 1.39
      vertex -119.577 -7.72259 1.4
      vertex -119.515 -7.97324 6
    endloop
  endfacet
  facet normal 0.970743 0.24012 0
    outer loop
      vertex -119.577 -7.72259 1.4
      vertex -119.515 -7.97324 1.39
      vertex -119.577 -7.72259 1.39
    endloop
  endfacet
  facet normal 0.969754 0.244086 0
    outer loop
      vertex -119.613 -7.58024 1.39
      vertex -119.593 -7.6597 1.4
      vertex -119.593 -7.6597 1.39
    endloop
  endfacet
  facet normal 0.937023 0.349267 0
    outer loop
      vertex -119.515 -7.97324 6
      vertex -119.469 -8.09665 1.4
      vertex -119.515 -7.97324 1.39
    endloop
  endfacet
  facet normal 0.935523 0.353266 -0.000122291
    outer loop
      vertex -119.515 -7.97324 6
      vertex -119.402 -8.27408 1.4
      vertex -119.469 -8.09665 1.4
    endloop
  endfacet
  facet normal 0.935905 0.352252 -4.65349e-05
    outer loop
      vertex -119.372 -8.35318 6
      vertex -119.402 -8.27408 1.4
      vertex -119.515 -7.97324 6
    endloop
  endfacet
  facet normal 0.935011 0.354619 -0
    outer loop
      vertex -119.372 -8.35318 1.39
      vertex -119.402 -8.27408 1.4
      vertex -119.372 -8.35318 6
    endloop
  endfacet
  facet normal 0.935011 0.354619 0
    outer loop
      vertex -119.402 -8.27408 1.4
      vertex -119.372 -8.35318 1.39
      vertex -119.402 -8.27408 1.39
    endloop
  endfacet
  facet normal 0.937023 0.349267 0
    outer loop
      vertex -119.515 -7.97324 1.39
      vertex -119.469 -8.09665 1.4
      vertex -119.469 -8.09665 1.39
    endloop
  endfacet
  facet normal 0.88569 0.464278 0
    outer loop
      vertex -119.183 -8.71373 6
      vertex -119.372 -8.35318 1.39
      vertex -119.372 -8.35318 6
    endloop
  endfacet
  facet normal 0.88569 0.464278 0
    outer loop
      vertex -119.372 -8.35318 1.39
      vertex -119.183 -8.71373 6
      vertex -119.183 -8.71373 1.39
    endloop
  endfacet
  facet normal 0.823507 0.567306 0
    outer loop
      vertex -118.953 -9.0476 6
      vertex -119.183 -8.71373 1.39
      vertex -119.183 -8.71373 6
    endloop
  endfacet
  facet normal 0.823507 0.567306 0
    outer loop
      vertex -119.183 -8.71373 1.39
      vertex -118.953 -9.0476 6
      vertex -118.953 -9.0476 1.39
    endloop
  endfacet
  facet normal 0.75236 0.658753 0
    outer loop
      vertex -118.686 -9.35254 6
      vertex -118.953 -9.0476 1.39
      vertex -118.953 -9.0476 6
    endloop
  endfacet
  facet normal 0.75236 0.658753 0
    outer loop
      vertex -118.953 -9.0476 1.39
      vertex -118.686 -9.35254 6
      vertex -118.686 -9.35254 1.39
    endloop
  endfacet
  facet normal 0.665744 0.74618 -1.27021e-05
    outer loop
      vertex -118.391 -9.61574 6
      vertex -118.422 -9.58816 1.4
      vertex -118.686 -9.35254 6
    endloop
  endfacet
  facet normal 0.664693 0.747117 -0
    outer loop
      vertex -118.391 -9.61574 1.39
      vertex -118.422 -9.58816 1.4
      vertex -118.391 -9.61574 6
    endloop
  endfacet
  facet normal 0.664693 0.747117 0
    outer loop
      vertex -118.422 -9.58816 1.4
      vertex -118.391 -9.61574 1.39
      vertex -118.422 -9.58816 1.39
    endloop
  endfacet
  facet normal 0.666469 0.745533 6.20413e-05
    outer loop
      vertex -118.622 -9.40937 1.4
      vertex -118.686 -9.35254 6
      vertex -118.422 -9.58816 1.4
    endloop
  endfacet
  facet normal 0.663979 0.747751 0
    outer loop
      vertex -118.686 -9.35254 1.39
      vertex -118.622 -9.40937 1.4
      vertex -118.622 -9.40937 1.39
    endloop
  endfacet
  facet normal 0.663979 0.747751 0
    outer loop
      vertex -118.622 -9.40937 1.4
      vertex -118.686 -9.35254 1.39
      vertex -118.686 -9.35254 6
    endloop
  endfacet
  facet normal 0.62133 0.783549 -0
    outer loop
      vertex -93.1859 -29.6026 1.39
      vertex -118.391 -9.61574 6
      vertex -93.1859 -29.6026 6
    endloop
  endfacet
  facet normal 0.62133 0.783549 0
    outer loop
      vertex -118.391 -9.61574 6
      vertex -93.1859 -29.6026 1.39
      vertex -118.391 -9.61574 1.39
    endloop
  endfacet
  facet normal 0.572944 0.819594 -0
    outer loop
      vertex -92.8566 -29.8328 1.39
      vertex -93.1859 -29.6026 6
      vertex -92.8566 -29.8328 6
    endloop
  endfacet
  facet normal 0.572944 0.819594 0
    outer loop
      vertex -93.1859 -29.6026 6
      vertex -92.8566 -29.8328 1.39
      vertex -93.1859 -29.6026 1.39
    endloop
  endfacet
  facet normal 0.467688 0.883894 -0
    outer loop
      vertex -92.4909 -30.0263 1.39
      vertex -92.8566 -29.8328 6
      vertex -92.4909 -30.0263 6
    endloop
  endfacet
  facet normal 0.467688 0.883894 0
    outer loop
      vertex -92.8566 -29.8328 6
      vertex -92.4909 -30.0263 1.39
      vertex -92.8566 -29.8328 1.39
    endloop
  endfacet
  facet normal 0.356851 0.934161 -0
    outer loop
      vertex -92.1053 -30.1736 1.39
      vertex -92.4909 -30.0263 6
      vertex -92.1053 -30.1736 6
    endloop
  endfacet
  facet normal 0.356851 0.934161 0
    outer loop
      vertex -92.4909 -30.0263 6
      vertex -92.1053 -30.1736 1.39
      vertex -92.4909 -30.0263 1.39
    endloop
  endfacet
  facet normal 0.243653 0.969863 -0
    outer loop
      vertex -91.7172 -30.2711 1.39
      vertex -92.1053 -30.1736 6
      vertex -91.7172 -30.2711 6
    endloop
  endfacet
  facet normal 0.243653 0.969863 0
    outer loop
      vertex -92.1053 -30.1736 6
      vertex -91.7172 -30.2711 1.39
      vertex -92.1053 -30.1736 1.39
    endloop
  endfacet
  facet normal 0.183017 0.98311 -0
    outer loop
      vertex -23.4475 -42.9803 1.39
      vertex -91.7172 -30.2711 6
      vertex -23.4475 -42.9803 6
    endloop
  endfacet
  facet normal 0.183017 0.98311 0
    outer loop
      vertex -91.7172 -30.2711 6
      vertex -23.4475 -42.9803 1.39
      vertex -91.7172 -30.2711 1.39
    endloop
  endfacet
  facet normal 0.125879 0.992046 -6.20273e-05
    outer loop
      vertex -23.1755 -43.014 1.4
      vertex -23.0629 -43.028 6
      vertex -23.1424 -43.0182 1.4
    endloop
  endfacet
  facet normal 0.122344 0.992488 -0
    outer loop
      vertex -23.0629 -43.028 1.39
      vertex -23.1424 -43.0182 1.4
      vertex -23.0629 -43.028 6
    endloop
  endfacet
  facet normal 0.122344 0.992488 0
    outer loop
      vertex -23.1424 -43.0182 1.4
      vertex -23.0629 -43.028 1.39
      vertex -23.1424 -43.0182 1.39
    endloop
  endfacet
  facet normal 0.123082 0.992397 7.50541e-06
    outer loop
      vertex -23.0629 -43.028 6
      vertex -23.1755 -43.014 1.4
      vertex -23.4475 -42.9803 6
    endloop
  endfacet
  facet normal 0.122957 0.992412 0
    outer loop
      vertex -23.4475 -42.9803 1.39
      vertex -23.1755 -43.014 1.4
      vertex -23.1755 -43.014 1.39
    endloop
  endfacet
  facet normal 0.122957 0.992412 0
    outer loop
      vertex -23.1755 -43.014 1.4
      vertex -23.4475 -42.9803 1.39
      vertex -23.4475 -42.9803 6
    endloop
  endfacet
  facet normal 0.999759 0.0219435 0
    outer loop
      vertex -71.6849 54.2414 6
      vertex -71.6915 54.5421 4
      vertex -71.6915 54.5421 6
    endloop
  endfacet
  facet normal 0.999759 0.0219435 0
    outer loop
      vertex -71.6915 54.5421 4
      vertex -71.6849 54.2414 6
      vertex -71.6849 54.2414 4
    endloop
  endfacet
  facet normal 0.994041 -0.109009 0
    outer loop
      vertex -71.7177 53.9423 6
      vertex -71.6849 54.2414 4
      vertex -71.6849 54.2414 6
    endloop
  endfacet
  facet normal 0.994041 -0.109009 0
    outer loop
      vertex -71.6849 54.2414 4
      vertex -71.7177 53.9423 6
      vertex -71.7177 53.9423 4
    endloop
  endfacet
  facet normal 0.988349 0.152207 0
    outer loop
      vertex -71.6915 54.5421 6
      vertex -71.7373 54.8395 4
      vertex -71.7373 54.8395 6
    endloop
  endfacet
  facet normal 0.988349 0.152207 0
    outer loop
      vertex -71.7373 54.8395 4
      vertex -71.6915 54.5421 6
      vertex -71.6915 54.5421 4
    endloop
  endfacet
  facet normal 0.915286 0.402805 0
    outer loop
      vertex -71.8214 55.1283 6
      vertex -71.9426 55.4037 4
      vertex -71.9426 55.4037 6
    endloop
  endfacet
  facet normal 0.915286 0.402805 0
    outer loop
      vertex -71.9426 55.4037 4
      vertex -71.8214 55.1283 6
      vertex -71.8214 55.1283 4
    endloop
  endfacet
  facet normal -0.988341 -0.152257 0
    outer loop
      vertex -76.2282 53.8439 4
      vertex -76.274 54.1412 6
      vertex -76.274 54.1412 4
    endloop
  endfacet
  facet normal -0.988341 -0.152257 0
    outer loop
      vertex -76.274 54.1412 6
      vertex -76.2282 53.8439 4
      vertex -76.2282 53.8439 6
    endloop
  endfacet
  facet normal 0.152207 -0.988349 0
    outer loop
      vertex -73.7823 52.0504 4
      vertex -73.4849 52.0962 6
      vertex -73.7823 52.0504 6
    endloop
  endfacet
  facet normal 0.152207 -0.988349 0
    outer loop
      vertex -73.4849 52.0962 6
      vertex -73.7823 52.0504 4
      vertex -73.4849 52.0962 4
    endloop
  endfacet
  facet normal 0.960119 0.279591 0
    outer loop
      vertex -71.7373 54.8395 6
      vertex -71.8214 55.1283 4
      vertex -71.8214 55.1283 6
    endloop
  endfacet
  facet normal 0.960119 0.279591 0
    outer loop
      vertex -71.8214 55.1283 4
      vertex -71.7373 54.8395 6
      vertex -71.7373 54.8395 4
    endloop
  endfacet
  facet normal -0.402805 0.915286 0
    outer loop
      vertex -74.7694 56.503 4
      vertex -75.0448 56.3818 6
      vertex -74.7694 56.503 6
    endloop
  endfacet
  facet normal -0.402805 0.915286 0
    outer loop
      vertex -75.0448 56.3818 6
      vertex -74.7694 56.503 4
      vertex -75.0448 56.3818 4
    endloop
  endfacet
  facet normal 0.932055 -0.362318 0
    outer loop
      vertex -71.8982 53.3697 6
      vertex -71.7892 53.6501 4
      vertex -71.7892 53.6501 6
    endloop
  endfacet
  facet normal 0.932055 -0.362318 0
    outer loop
      vertex -71.7892 53.6501 4
      vertex -71.8982 53.3697 6
      vertex -71.8982 53.3697 4
    endloop
  endfacet
  facet normal 0 0 -1
    outer loop
      vertex -73.1335 54.3046 4
      vertex -71.6849 54.2414 4
      vertex -71.7177 53.9423 4
    endloop
  endfacet
  facet normal 0 0 -1
    outer loop
      vertex -71.6849 54.2414 4
      vertex -73.1335 54.3046 4
      vertex -71.6915 54.5421 4
    endloop
  endfacet
  facet normal 0 0 -1
    outer loop
      vertex -73.1456 54.1941 4
      vertex -71.7177 53.9423 4
      vertex -71.7892 53.6501 4
    endloop
  endfacet
  facet normal 0 0 -1
    outer loop
      vertex -73.136 54.4158 4
      vertex -71.6915 54.5421 4
      vertex -73.1335 54.3046 4
    endloop
  endfacet
  facet normal 0 0 -1
    outer loop
      vertex -73.1721 54.0861 4
      vertex -71.7892 53.6501 4
      vertex -71.8982 53.3697 4
    endloop
  endfacet
  facet normal -0 0 -1
    outer loop
      vertex -71.6915 54.5421 4
      vertex -73.136 54.4158 4
      vertex -71.7373 54.8395 4
    endloop
  endfacet
  facet normal 0 0 -1
    outer loop
      vertex -73.2124 53.9825 4
      vertex -71.8982 53.3697 4
      vertex -72.0429 53.1059 4
    endloop
  endfacet
  facet normal 0 0 -1
    outer loop
      vertex -73.1529 54.5257 4
      vertex -71.7373 54.8395 4
      vertex -73.136 54.4158 4
    endloop
  endfacet
  facet normal 0 0 -1
    outer loop
      vertex -73.2658 53.885 4
      vertex -72.0429 53.1059 4
      vertex -72.2208 52.8633 4
    endloop
  endfacet
  facet normal -0 0 -1
    outer loop
      vertex -71.7373 54.8395 4
      vertex -73.1529 54.5257 4
      vertex -71.8214 55.1283 4
    endloop
  endfacet
  facet normal 0 0 -1
    outer loop
      vertex -73.3316 53.7953 4
      vertex -72.2208 52.8633 4
      vertex -72.4289 52.6459 4
    endloop
  endfacet
  facet normal 0 0 -1
    outer loop
      vertex -73.184 54.6324 4
      vertex -71.8214 55.1283 4
      vertex -73.1529 54.5257 4
    endloop
  endfacet
  facet normal 0 0 -1
    outer loop
      vertex -73.4085 53.715 4
      vertex -72.4289 52.6459 4
      vertex -72.6635 52.4576 4
    endloop
  endfacet
  facet normal -0 0 -1
    outer loop
      vertex -71.8214 55.1283 4
      vertex -73.184 54.6324 4
      vertex -71.9426 55.4037 4
    endloop
  endfacet
  facet normal 0 0 -1
    outer loop
      vertex -73.4952 53.6454 4
      vertex -72.6635 52.4576 4
      vertex -72.9207 52.3016 4
    endloop
  endfacet
  facet normal 0 0 -1
    outer loop
      vertex -73.2288 54.7342 4
      vertex -71.9426 55.4037 4
      vertex -73.184 54.6324 4
    endloop
  endfacet
  facet normal -0 0 -1
    outer loop
      vertex -71.9426 55.4037 4
      vertex -73.2288 54.7342 4
      vertex -72.0987 55.6609 4
    endloop
  endfacet
  facet normal 0 0 -1
    outer loop
      vertex -71.7177 53.9423 4
      vertex -73.1456 54.1941 4
      vertex -73.1335 54.3046 4
    endloop
  endfacet
  facet normal 0 0 -1
    outer loop
      vertex -71.7892 53.6501 4
      vertex -73.1721 54.0861 4
      vertex -73.1456 54.1941 4
    endloop
  endfacet
  facet normal 0 0 -1
    outer loop
      vertex -73.5902 53.5877 4
      vertex -72.9207 52.3016 4
      vertex -73.1961 52.1804 4
    endloop
  endfacet
  facet normal 0 0 -1
    outer loop
      vertex -71.8982 53.3697 4
      vertex -73.2124 53.9825 4
      vertex -73.1721 54.0861 4
    endloop
  endfacet
  facet normal 0 0 -1
    outer loop
      vertex -72.0429 53.1059 4
      vertex -73.2658 53.885 4
      vertex -73.2124 53.9825 4
    endloop
  endfacet
  facet normal 0 0 -1
    outer loop
      vertex -72.2208 52.8633 4
      vertex -73.3316 53.7953 4
      vertex -73.2658 53.885 4
    endloop
  endfacet
  facet normal 0 0 -1
    outer loop
      vertex -72.4289 52.6459 4
      vertex -73.4085 53.715 4
      vertex -73.3316 53.7953 4
    endloop
  endfacet
  facet normal 0 0 -1
    outer loop
      vertex -73.692 53.5429 4
      vertex -73.1961 52.1804 4
      vertex -73.4849 52.0962 4
    endloop
  endfacet
  facet normal 0 0 -1
    outer loop
      vertex -72.6635 52.4576 4
      vertex -73.4952 53.6454 4
      vertex -73.4085 53.715 4
    endloop
  endfacet
  facet normal 0 0 -1
    outer loop
      vertex -72.9207 52.3016 4
      vertex -73.5902 53.5877 4
      vertex -73.4952 53.6454 4
    endloop
  endfacet
  facet normal 0 0 -1
    outer loop
      vertex -73.1961 52.1804 4
      vertex -73.692 53.5429 4
      vertex -73.5902 53.5877 4
    endloop
  endfacet
  facet normal 0 0 -1
    outer loop
      vertex -73.7988 53.5118 4
      vertex -73.4849 52.0962 4
      vertex -73.7823 52.0504 4
    endloop
  endfacet
  facet normal 0 0 -1
    outer loop
      vertex -73.4849 52.0962 4
      vertex -73.7988 53.5118 4
      vertex -73.692 53.5429 4
    endloop
  endfacet
  facet normal 0 0 -1
    outer loop
      vertex -73.7823 52.0504 4
      vertex -73.9086 53.4949 4
      vertex -73.7988 53.5118 4
    endloop
  endfacet
  facet normal 0 0 -1
    outer loop
      vertex -73.7823 52.0504 4
      vertex -74.0198 53.4925 4
      vertex -73.9086 53.4949 4
    endloop
  endfacet
  facet normal 0 0 -1
    outer loop
      vertex -74.0831 52.0439 4
      vertex -74.0198 53.4925 4
      vertex -73.7823 52.0504 4
    endloop
  endfacet
  facet normal 0 0 -1
    outer loop
      vertex -74.0831 52.0439 4
      vertex -74.1303 53.5046 4
      vertex -74.0198 53.4925 4
    endloop
  endfacet
  facet normal 0 0 -1
    outer loop
      vertex -74.3821 52.0766 4
      vertex -74.1303 53.5046 4
      vertex -74.0831 52.0439 4
    endloop
  endfacet
  facet normal -0 0 -1
    outer loop
      vertex -74.1303 53.5046 4
      vertex -74.3821 52.0766 4
      vertex -74.2383 53.531 4
    endloop
  endfacet
  facet normal 0 0 -1
    outer loop
      vertex -74.6744 52.1481 4
      vertex -74.2383 53.531 4
      vertex -74.3821 52.0766 4
    endloop
  endfacet
  facet normal -0 0 -1
    outer loop
      vertex -74.2383 53.531 4
      vertex -74.6744 52.1481 4
      vertex -74.342 53.5713 4
    endloop
  endfacet
  facet normal 0 0 -1
    outer loop
      vertex -74.9548 52.2572 4
      vertex -74.342 53.5713 4
      vertex -74.6744 52.1481 4
    endloop
  endfacet
  facet normal -0 0 -1
    outer loop
      vertex -74.342 53.5713 4
      vertex -74.9548 52.2572 4
      vertex -74.4394 53.6248 4
    endloop
  endfacet
  facet normal 0 0 -1
    outer loop
      vertex -75.2185 52.4019 4
      vertex -74.4394 53.6248 4
      vertex -74.9548 52.2572 4
    endloop
  endfacet
  facet normal -0 0 -1
    outer loop
      vertex -74.4394 53.6248 4
      vertex -75.2185 52.4019 4
      vertex -74.5291 53.6905 4
    endloop
  endfacet
  facet normal 0 0 -1
    outer loop
      vertex -75.4611 52.5798 4
      vertex -74.5291 53.6905 4
      vertex -75.2185 52.4019 4
    endloop
  endfacet
  facet normal -0 0 -1
    outer loop
      vertex -74.5291 53.6905 4
      vertex -75.4611 52.5798 4
      vertex -74.6094 53.7674 4
    endloop
  endfacet
  facet normal 0 0 -1
    outer loop
      vertex -75.6785 52.7878 4
      vertex -74.6094 53.7674 4
      vertex -75.4611 52.5798 4
    endloop
  endfacet
  facet normal -0 0 -1
    outer loop
      vertex -74.6094 53.7674 4
      vertex -75.6785 52.7878 4
      vertex -74.679 53.8541 4
    endloop
  endfacet
  facet normal -0 0 -1
    outer loop
      vertex -74.679 53.8541 4
      vertex -75.8668 53.0225 4
      vertex -74.7367 53.9492 4
    endloop
  endfacet
  facet normal 0 0 -1
    outer loop
      vertex -75.8668 53.0225 4
      vertex -74.679 53.8541 4
      vertex -75.6785 52.7878 4
    endloop
  endfacet
  facet normal 0 0 -1
    outer loop
      vertex -73.2865 54.8292 4
      vertex -72.0987 55.6609 4
      vertex -73.2288 54.7342 4
    endloop
  endfacet
  facet normal -0 0 -1
    outer loop
      vertex -72.0987 55.6609 4
      vertex -73.2865 54.8292 4
      vertex -72.287 55.8955 4
    endloop
  endfacet
  facet normal 0 0 -1
    outer loop
      vertex -73.356 54.9159 4
      vertex -72.287 55.8955 4
      vertex -73.2865 54.8292 4
    endloop
  endfacet
  facet normal -0 0 -1
    outer loop
      vertex -72.287 55.8955 4
      vertex -73.356 54.9159 4
      vertex -72.5043 56.1036 4
    endloop
  endfacet
  facet normal 0 0 -1
    outer loop
      vertex -73.4364 54.9928 4
      vertex -72.5043 56.1036 4
      vertex -73.356 54.9159 4
    endloop
  endfacet
  facet normal -0 0 -1
    outer loop
      vertex -72.5043 56.1036 4
      vertex -73.4364 54.9928 4
      vertex -72.7469 56.2815 4
    endloop
  endfacet
  facet normal 0 0 -1
    outer loop
      vertex -73.526 55.0586 4
      vertex -72.7469 56.2815 4
      vertex -73.4364 54.9928 4
    endloop
  endfacet
  facet normal -0 0 -1
    outer loop
      vertex -72.7469 56.2815 4
      vertex -73.526 55.0586 4
      vertex -73.0107 56.4262 4
    endloop
  endfacet
  facet normal 0 0 -1
    outer loop
      vertex -73.6235 55.112 4
      vertex -73.0107 56.4262 4
      vertex -73.526 55.0586 4
    endloop
  endfacet
  facet normal -0 0 -1
    outer loop
      vertex -73.0107 56.4262 4
      vertex -73.6235 55.112 4
      vertex -73.2911 56.5352 4
    endloop
  endfacet
  facet normal 0 0 -1
    outer loop
      vertex -73.7271 55.1523 4
      vertex -73.2911 56.5352 4
      vertex -73.6235 55.112 4
    endloop
  endfacet
  facet normal -0 0 -1
    outer loop
      vertex -73.2911 56.5352 4
      vertex -73.7271 55.1523 4
      vertex -73.5833 56.6067 4
    endloop
  endfacet
  facet normal 0 0 -1
    outer loop
      vertex -73.8351 55.1788 4
      vertex -73.5833 56.6067 4
      vertex -73.7271 55.1523 4
    endloop
  endfacet
  facet normal 0 0 -1
    outer loop
      vertex -73.8351 55.1788 4
      vertex -73.8824 56.6395 4
      vertex -73.5833 56.6067 4
    endloop
  endfacet
  facet normal 0 0 -1
    outer loop
      vertex -73.9457 55.1909 4
      vertex -73.8824 56.6395 4
      vertex -73.8351 55.1788 4
    endloop
  endfacet
  facet normal 0 0 -1
    outer loop
      vertex -74.0568 55.1884 4
      vertex -73.8824 56.6395 4
      vertex -73.9457 55.1909 4
    endloop
  endfacet
  facet normal 0 0 -1
    outer loop
      vertex -74.1832 56.6329 4
      vertex -74.0568 55.1884 4
      vertex -74.1667 55.1715 4
    endloop
  endfacet
  facet normal 0 0 -1
    outer loop
      vertex -74.0568 55.1884 4
      vertex -74.1832 56.6329 4
      vertex -73.8824 56.6395 4
    endloop
  endfacet
  facet normal 0 0 -1
    outer loop
      vertex -74.4805 56.5872 4
      vertex -74.1667 55.1715 4
      vertex -74.2734 55.1404 4
    endloop
  endfacet
  facet normal 0 0 -1
    outer loop
      vertex -74.7694 56.503 4
      vertex -74.2734 55.1404 4
      vertex -74.3752 55.0956 4
    endloop
  endfacet
  facet normal 0 0 -1
    outer loop
      vertex -75.0448 56.3818 4
      vertex -74.3752 55.0956 4
      vertex -74.4703 55.038 4
    endloop
  endfacet
  facet normal 0 0 -1
    outer loop
      vertex -74.1667 55.1715 4
      vertex -74.4805 56.5872 4
      vertex -74.1832 56.6329 4
    endloop
  endfacet
  facet normal 0 0 -1
    outer loop
      vertex -75.302 56.2257 4
      vertex -74.4703 55.038 4
      vertex -74.557 54.9684 4
    endloop
  endfacet
  facet normal 0 0 -1
    outer loop
      vertex -75.5366 56.0374 4
      vertex -74.557 54.9684 4
      vertex -74.6339 54.8881 4
    endloop
  endfacet
  facet normal 0 0 -1
    outer loop
      vertex -75.7446 55.8201 4
      vertex -74.6339 54.8881 4
      vertex -74.6996 54.7984 4
    endloop
  endfacet
  facet normal 0 0 -1
    outer loop
      vertex -75.9225 55.5775 4
      vertex -74.6996 54.7984 4
      vertex -74.7531 54.7009 4
    endloop
  endfacet
  facet normal 0 0 -1
    outer loop
      vertex -74.2734 55.1404 4
      vertex -74.7694 56.503 4
      vertex -74.4805 56.5872 4
    endloop
  endfacet
  facet normal 0 0 -1
    outer loop
      vertex -76.0672 55.3137 4
      vertex -74.7531 54.7009 4
      vertex -74.7934 54.5973 4
    endloop
  endfacet
  facet normal 0 0 -1
    outer loop
      vertex -76.1763 55.0333 4
      vertex -74.7934 54.5973 4
      vertex -74.8198 54.4893 4
    endloop
  endfacet
  facet normal 0 0 -1
    outer loop
      vertex -76.2478 54.7411 4
      vertex -74.8198 54.4893 4
      vertex -74.8319 54.3788 4
    endloop
  endfacet
  facet normal 0 0 -1
    outer loop
      vertex -76.0229 53.2797 4
      vertex -74.7367 53.9492 4
      vertex -75.8668 53.0225 4
    endloop
  endfacet
  facet normal 0 0 -1
    outer loop
      vertex -74.3752 55.0956 4
      vertex -75.0448 56.3818 4
      vertex -74.7694 56.503 4
    endloop
  endfacet
  facet normal -0 0 -1
    outer loop
      vertex -74.7367 53.9492 4
      vertex -76.0229 53.2797 4
      vertex -74.7815 54.051 4
    endloop
  endfacet
  facet normal 0 0 -1
    outer loop
      vertex -74.4703 55.038 4
      vertex -75.302 56.2257 4
      vertex -75.0448 56.3818 4
    endloop
  endfacet
  facet normal 0 0 -1
    outer loop
      vertex -76.144 53.555 4
      vertex -74.7815 54.051 4
      vertex -76.0229 53.2797 4
    endloop
  endfacet
  facet normal 0 0 -1
    outer loop
      vertex -74.557 54.9684 4
      vertex -75.5366 56.0374 4
      vertex -75.302 56.2257 4
    endloop
  endfacet
  facet normal -0 0 -1
    outer loop
      vertex -74.7815 54.051 4
      vertex -76.144 53.555 4
      vertex -74.8126 54.1577 4
    endloop
  endfacet
  facet normal 0 0 -1
    outer loop
      vertex -74.6339 54.8881 4
      vertex -75.7446 55.8201 4
      vertex -75.5366 56.0374 4
    endloop
  endfacet
  facet normal 0 0 -1
    outer loop
      vertex -76.2282 53.8439 4
      vertex -74.8126 54.1577 4
      vertex -76.144 53.555 4
    endloop
  endfacet
  facet normal 0 0 -1
    outer loop
      vertex -74.6996 54.7984 4
      vertex -75.9225 55.5775 4
      vertex -75.7446 55.8201 4
    endloop
  endfacet
  facet normal -0 0 -1
    outer loop
      vertex -74.8126 54.1577 4
      vertex -76.2282 53.8439 4
      vertex -74.8295 54.2676 4
    endloop
  endfacet
  facet normal 0 0 -1
    outer loop
      vertex -74.7531 54.7009 4
      vertex -76.0672 55.3137 4
      vertex -75.9225 55.5775 4
    endloop
  endfacet
  facet normal 0 0 -1
    outer loop
      vertex -76.274 54.1412 4
      vertex -74.8295 54.2676 4
      vertex -76.2282 53.8439 4
    endloop
  endfacet
  facet normal 0 0 -1
    outer loop
      vertex -74.7934 54.5973 4
      vertex -76.1763 55.0333 4
      vertex -76.0672 55.3137 4
    endloop
  endfacet
  facet normal -0 0 -1
    outer loop
      vertex -74.8295 54.2676 4
      vertex -76.274 54.1412 4
      vertex -74.8319 54.3788 4
    endloop
  endfacet
  facet normal 0 0 -1
    outer loop
      vertex -74.8198 54.4893 4
      vertex -76.2478 54.7411 4
      vertex -76.1763 55.0333 4
    endloop
  endfacet
  facet normal 0 0 -1
    outer loop
      vertex -76.2805 54.442 4
      vertex -74.8319 54.3788 4
      vertex -76.274 54.1412 4
    endloop
  endfacet
  facet normal 0 0 -1
    outer loop
      vertex -74.8319 54.3788 4
      vertex -76.2805 54.442 4
      vertex -76.2478 54.7411 4
    endloop
  endfacet
  facet normal 0.480923 0.876763 -0
    outer loop
      vertex -72.7469 56.2815 4
      vertex -73.0107 56.4262 6
      vertex -72.7469 56.2815 6
    endloop
  endfacet
  facet normal 0.480923 0.876763 0
    outer loop
      vertex -73.0107 56.4262 6
      vertex -72.7469 56.2815 4
      vertex -73.0107 56.4262 4
    endloop
  endfacet
  facet normal -0.518839 0.854872 0
    outer loop
      vertex -75.0448 56.3818 4
      vertex -75.302 56.2257 6
      vertex -75.0448 56.3818 6
    endloop
  endfacet
  facet normal -0.518839 0.854872 0
    outer loop
      vertex -75.302 56.2257 6
      vertex -75.0448 56.3818 4
      vertex -75.302 56.2257 4
    endloop
  endfacet
  facet normal 0.402805 -0.915286 0
    outer loop
      vertex -73.1961 52.1804 4
      vertex -72.9207 52.3016 6
      vertex -73.1961 52.1804 6
    endloop
  endfacet
  facet normal 0.402805 -0.915286 0
    outer loop
      vertex -72.9207 52.3016 6
      vertex -73.1961 52.1804 4
      vertex -72.9207 52.3016 4
    endloop
  endfacet
  facet normal -0.0219362 0.999759 0
    outer loop
      vertex -73.8824 56.6395 4
      vertex -74.1832 56.6329 6
      vertex -73.8824 56.6395 6
    endloop
  endfacet
  facet normal -0.0219362 0.999759 0
    outer loop
      vertex -74.1832 56.6329 6
      vertex -73.8824 56.6395 4
      vertex -74.1832 56.6329 4
    endloop
  endfacet
  facet normal -0.994077 0.10868 0
    outer loop
      vertex -76.2805 54.442 4
      vertex -76.2478 54.7411 6
      vertex -76.2478 54.7411 4
    endloop
  endfacet
  facet normal -0.994077 0.10868 0
    outer loop
      vertex -76.2478 54.7411 6
      vertex -76.2805 54.442 4
      vertex -76.2805 54.442 6
    endloop
  endfacet
  facet normal -0.960056 -0.279809 0
    outer loop
      vertex -76.144 53.555 4
      vertex -76.2282 53.8439 6
      vertex -76.2282 53.8439 4
    endloop
  endfacet
  facet normal -0.960056 -0.279809 0
    outer loop
      vertex -76.2282 53.8439 6
      vertex -76.144 53.555 4
      vertex -76.144 53.555 6
    endloop
  endfacet
  facet normal 0.237683 0.971343 -0
    outer loop
      vertex -73.2911 56.5352 4
      vertex -73.5833 56.6067 6
      vertex -73.2911 56.5352 6
    endloop
  endfacet
  facet normal 0.237683 0.971343 0
    outer loop
      vertex -73.5833 56.6067 6
      vertex -73.2911 56.5352 4
      vertex -73.5833 56.6067 4
    endloop
  endfacet
  facet normal -0.481063 -0.876686 0
    outer loop
      vertex -75.2185 52.4019 4
      vertex -74.9548 52.2572 6
      vertex -75.2185 52.4019 6
    endloop
  endfacet
  facet normal -0.481063 -0.876686 -0
    outer loop
      vertex -74.9548 52.2572 6
      vertex -75.2185 52.4019 4
      vertex -74.9548 52.2572 4
    endloop
  endfacet
  facet normal 0.021604 -0.999767 0
    outer loop
      vertex -74.0831 52.0439 4
      vertex -73.7823 52.0504 6
      vertex -74.0831 52.0439 6
    endloop
  endfacet
  facet normal 0.021604 -0.999767 0
    outer loop
      vertex -73.7823 52.0504 6
      vertex -74.0831 52.0439 4
      vertex -73.7823 52.0504 4
    endloop
  endfacet
  facet normal -0.279809 0.960056 0
    outer loop
      vertex -74.4805 56.5872 4
      vertex -74.7694 56.503 6
      vertex -74.4805 56.5872 6
    endloop
  endfacet
  facet normal -0.279809 0.960056 0
    outer loop
      vertex -74.7694 56.503 6
      vertex -74.4805 56.5872 4
      vertex -74.7694 56.503 4
    endloop
  endfacet
  facet normal 0.109009 0.994041 -0
    outer loop
      vertex -73.5833 56.6067 4
      vertex -73.8824 56.6395 6
      vertex -73.5833 56.6067 6
    endloop
  endfacet
  facet normal 0.109009 0.994041 0
    outer loop
      vertex -73.8824 56.6395 6
      vertex -73.5833 56.6067 4
      vertex -73.8824 56.6395 4
    endloop
  endfacet
  facet normal 0.591349 0.806416 -0
    outer loop
      vertex -72.5043 56.1036 4
      vertex -72.7469 56.2815 6
      vertex -72.5043 56.1036 6
    endloop
  endfacet
  facet normal 0.591349 0.806416 0
    outer loop
      vertex -72.7469 56.2815 6
      vertex -72.5043 56.1036 4
      vertex -72.7469 56.2815 4
    endloop
  endfacet
  facet normal 0.279898 -0.96003 0
    outer loop
      vertex -73.4849 52.0962 4
      vertex -73.1961 52.1804 6
      vertex -73.4849 52.0962 6
    endloop
  endfacet
  facet normal 0.279898 -0.96003 0
    outer loop
      vertex -73.1961 52.1804 6
      vertex -73.4849 52.0962 4
      vertex -73.1961 52.1804 4
    endloop
  endfacet
  facet normal -0.999767 -0.021604 0
    outer loop
      vertex -76.274 54.1412 4
      vertex -76.2805 54.442 6
      vertex -76.2805 54.442 4
    endloop
  endfacet
  facet normal -0.999767 -0.021604 0
    outer loop
      vertex -76.2805 54.442 6
      vertex -76.274 54.1412 4
      vertex -76.274 54.1412 6
    endloop
  endfacet
  facet normal 0.971343 -0.237683 0
    outer loop
      vertex -71.7892 53.6501 6
      vertex -71.7177 53.9423 4
      vertex -71.7177 53.9423 6
    endloop
  endfacet
  facet normal 0.971343 -0.237683 0
    outer loop
      vertex -71.7177 53.9423 4
      vertex -71.7892 53.6501 6
      vertex -71.7892 53.6501 4
    endloop
  endfacet
  facet normal -0.691313 -0.722555 0
    outer loop
      vertex -75.6785 52.7878 4
      vertex -75.4611 52.5798 6
      vertex -75.6785 52.7878 6
    endloop
  endfacet
  facet normal -0.691313 -0.722555 -0
    outer loop
      vertex -75.4611 52.5798 6
      vertex -75.6785 52.7878 4
      vertex -75.4611 52.5798 4
    endloop
  endfacet
  facet normal 0.625951 -0.779862 0
    outer loop
      vertex -72.6635 52.4576 4
      vertex -72.4289 52.6459 6
      vertex -72.6635 52.4576 6
    endloop
  endfacet
  facet normal 0.625951 -0.779862 0
    outer loop
      vertex -72.4289 52.6459 6
      vertex -72.6635 52.4576 4
      vertex -72.4289 52.6459 4
    endloop
  endfacet
  facet normal 0.722389 -0.691487 0
    outer loop
      vertex -72.4289 52.6459 6
      vertex -72.2208 52.8633 4
      vertex -72.2208 52.8633 6
    endloop
  endfacet
  facet normal 0.722389 -0.691487 0
    outer loop
      vertex -72.2208 52.8633 4
      vertex -72.4289 52.6459 6
      vertex -72.4289 52.6459 4
    endloop
  endfacet
  facet normal -0.854872 -0.518839 0
    outer loop
      vertex -75.8668 53.0225 4
      vertex -76.0229 53.2797 6
      vertex -76.0229 53.2797 4
    endloop
  endfacet
  facet normal -0.854872 -0.518839 0
    outer loop
      vertex -76.0229 53.2797 6
      vertex -75.8668 53.0225 4
      vertex -75.8668 53.0225 6
    endloop
  endfacet
  facet normal -0.625951 0.779862 0
    outer loop
      vertex -75.302 56.2257 4
      vertex -75.5366 56.0374 6
      vertex -75.302 56.2257 6
    endloop
  endfacet
  facet normal -0.625951 0.779862 0
    outer loop
      vertex -75.5366 56.0374 6
      vertex -75.302 56.2257 4
      vertex -75.5366 56.0374 4
    endloop
  endfacet
  facet normal -0.779993 -0.625789 0
    outer loop
      vertex -75.6785 52.7878 4
      vertex -75.8668 53.0225 6
      vertex -75.8668 53.0225 4
    endloop
  endfacet
  facet normal -0.779993 -0.625789 0
    outer loop
      vertex -75.8668 53.0225 6
      vertex -75.6785 52.7878 4
      vertex -75.6785 52.7878 6
    endloop
  endfacet
  facet normal 0.876763 -0.480923 0
    outer loop
      vertex -72.0429 53.1059 6
      vertex -71.8982 53.3697 4
      vertex -71.8982 53.3697 6
    endloop
  endfacet
  facet normal 0.876763 -0.480923 0
    outer loop
      vertex -71.8982 53.3697 4
      vertex -72.0429 53.1059 6
      vertex -72.0429 53.1059 4
    endloop
  endfacet
  facet normal -0.915354 -0.402649 0
    outer loop
      vertex -76.0229 53.2797 4
      vertex -76.144 53.555 6
      vertex -76.144 53.555 4
    endloop
  endfacet
  facet normal -0.915354 -0.402649 0
    outer loop
      vertex -76.144 53.555 6
      vertex -76.0229 53.2797 4
      vertex -76.0229 53.2797 6
    endloop
  endfacet
  facet normal 0.806416 -0.591349 0
    outer loop
      vertex -72.2208 52.8633 6
      vertex -72.0429 53.1059 4
      vertex -72.0429 53.1059 6
    endloop
  endfacet
  facet normal 0.806416 -0.591349 0
    outer loop
      vertex -72.0429 53.1059 4
      vertex -72.2208 52.8633 6
      vertex -72.2208 52.8633 4
    endloop
  endfacet
  facet normal -0.362607 -0.931942 0
    outer loop
      vertex -74.9548 52.2572 4
      vertex -74.6744 52.1481 6
      vertex -74.9548 52.2572 6
    endloop
  endfacet
  facet normal -0.362607 -0.931942 -0
    outer loop
      vertex -74.6744 52.1481 6
      vertex -74.9548 52.2572 4
      vertex -74.6744 52.1481 4
    endloop
  endfacet
  facet normal -0.108716 -0.994073 0
    outer loop
      vertex -74.3821 52.0766 4
      vertex -74.0831 52.0439 6
      vertex -74.3821 52.0766 6
    endloop
  endfacet
  facet normal -0.108716 -0.994073 -0
    outer loop
      vertex -74.0831 52.0439 6
      vertex -74.3821 52.0766 4
      vertex -74.0831 52.0439 4
    endloop
  endfacet
  facet normal -0.591349 -0.806416 0
    outer loop
      vertex -75.4611 52.5798 4
      vertex -75.2185 52.4019 6
      vertex -75.4611 52.5798 6
    endloop
  endfacet
  facet normal -0.591349 -0.806416 -0
    outer loop
      vertex -75.2185 52.4019 6
      vertex -75.4611 52.5798 4
      vertex -75.2185 52.4019 4
    endloop
  endfacet
  facet normal 0.362318 0.932055 -0
    outer loop
      vertex -73.0107 56.4262 4
      vertex -73.2911 56.5352 6
      vertex -73.0107 56.4262 6
    endloop
  endfacet
  facet normal 0.362318 0.932055 0
    outer loop
      vertex -73.2911 56.5352 6
      vertex -73.0107 56.4262 4
      vertex -73.2911 56.5352 4
    endloop
  endfacet
  facet normal 0.518596 -0.855019 0
    outer loop
      vertex -72.9207 52.3016 4
      vertex -72.6635 52.4576 6
      vertex -72.9207 52.3016 6
    endloop
  endfacet
  facet normal 0.518596 -0.855019 0
    outer loop
      vertex -72.6635 52.4576 6
      vertex -72.9207 52.3016 4
      vertex -72.6635 52.4576 4
    endloop
  endfacet
  facet normal 0.691653 0.72223 -0
    outer loop
      vertex -72.287 55.8955 4
      vertex -72.5043 56.1036 6
      vertex -72.287 55.8955 6
    endloop
  endfacet
  facet normal 0.691653 0.72223 0
    outer loop
      vertex -72.5043 56.1036 6
      vertex -72.287 55.8955 4
      vertex -72.5043 56.1036 4
    endloop
  endfacet
  facet normal -0.151932 0.988391 0
    outer loop
      vertex -74.1832 56.6329 4
      vertex -74.4805 56.5872 6
      vertex -74.1832 56.6329 6
    endloop
  endfacet
  facet normal -0.151932 0.988391 0
    outer loop
      vertex -74.4805 56.5872 6
      vertex -74.1832 56.6329 4
      vertex -74.4805 56.5872 4
    endloop
  endfacet
  facet normal -0.237606 -0.971362 0
    outer loop
      vertex -74.6744 52.1481 4
      vertex -74.3821 52.0766 6
      vertex -74.6744 52.1481 6
    endloop
  endfacet
  facet normal -0.237606 -0.971362 -0
    outer loop
      vertex -74.3821 52.0766 6
      vertex -74.6744 52.1481 4
      vertex -74.3821 52.0766 4
    endloop
  endfacet
  facet normal -0.806416 0.591349 0
    outer loop
      vertex -75.9225 55.5775 4
      vertex -75.7446 55.8201 6
      vertex -75.7446 55.8201 4
    endloop
  endfacet
  facet normal -0.806416 0.591349 0
    outer loop
      vertex -75.7446 55.8201 6
      vertex -75.9225 55.5775 4
      vertex -75.9225 55.5775 6
    endloop
  endfacet
  facet normal -0.931942 0.362607 0
    outer loop
      vertex -76.1763 55.0333 4
      vertex -76.0672 55.3137 6
      vertex -76.0672 55.3137 4
    endloop
  endfacet
  facet normal -0.931942 0.362607 0
    outer loop
      vertex -76.0672 55.3137 6
      vertex -76.1763 55.0333 4
      vertex -76.1763 55.0333 6
    endloop
  endfacet
  facet normal 0.854872 0.518839 0
    outer loop
      vertex -71.9426 55.4037 6
      vertex -72.0987 55.6609 4
      vertex -72.0987 55.6609 6
    endloop
  endfacet
  facet normal 0.854872 0.518839 0
    outer loop
      vertex -72.0987 55.6609 4
      vertex -71.9426 55.4037 6
      vertex -71.9426 55.4037 4
    endloop
  endfacet
  facet normal 0.779862 0.625951 0
    outer loop
      vertex -72.0987 55.6609 6
      vertex -72.287 55.8955 4
      vertex -72.287 55.8955 6
    endloop
  endfacet
  facet normal 0.779862 0.625951 0
    outer loop
      vertex -72.287 55.8955 4
      vertex -72.0987 55.6609 6
      vertex -72.0987 55.6609 4
    endloop
  endfacet
  facet normal -0.876763 0.480923 0
    outer loop
      vertex -76.0672 55.3137 4
      vertex -75.9225 55.5775 6
      vertex -75.9225 55.5775 4
    endloop
  endfacet
  facet normal -0.876763 0.480923 0
    outer loop
      vertex -75.9225 55.5775 6
      vertex -76.0672 55.3137 4
      vertex -76.0672 55.3137 6
    endloop
  endfacet
  facet normal -0.971343 0.237683 0
    outer loop
      vertex -76.2478 54.7411 4
      vertex -76.1763 55.0333 6
      vertex -76.1763 55.0333 4
    endloop
  endfacet
  facet normal -0.971343 0.237683 0
    outer loop
      vertex -76.1763 55.0333 6
      vertex -76.2478 54.7411 4
      vertex -76.2478 54.7411 6
    endloop
  endfacet
  facet normal -0.722396 0.691479 0
    outer loop
      vertex -75.7446 55.8201 4
      vertex -75.5366 56.0374 6
      vertex -75.5366 56.0374 4
    endloop
  endfacet
  facet normal -0.722396 0.691479 0
    outer loop
      vertex -75.5366 56.0374 6
      vertex -75.7446 55.8201 4
      vertex -75.7446 55.8201 6
    endloop
  endfacet
  facet normal -0.237837 -0.971305 0
    outer loop
      vertex -109.04 -13.1768 4
      vertex -108.748 -13.2483 6
      vertex -109.04 -13.1768 6
    endloop
  endfacet
  facet normal -0.237837 -0.971305 -0
    outer loop
      vertex -108.748 -13.2483 6
      vertex -109.04 -13.1768 4
      vertex -108.748 -13.2483 4
    endloop
  endfacet
  facet normal 0.999801 0.0199495 0
    outer loop
      vertex -106.051 -11.0835 6
      vertex -106.057 -10.7828 4
      vertex -106.057 -10.7828 6
    endloop
  endfacet
  facet normal 0.999801 0.0199495 0
    outer loop
      vertex -106.057 -10.7828 4
      vertex -106.051 -11.0835 6
      vertex -106.051 -11.0835 4
    endloop
  endfacet
  facet normal 0.994325 -0.106381 0
    outer loop
      vertex -106.083 -11.3826 6
      vertex -106.051 -11.0835 4
      vertex -106.051 -11.0835 6
    endloop
  endfacet
  facet normal 0.994325 -0.106381 0
    outer loop
      vertex -106.051 -11.0835 4
      vertex -106.083 -11.3826 6
      vertex -106.083 -11.3826 4
    endloop
  endfacet
  facet normal 0.988248 0.152856 0
    outer loop
      vertex -106.057 -10.7828 6
      vertex -106.103 -10.4854 4
      vertex -106.103 -10.4854 6
    endloop
  endfacet
  facet normal 0.988248 0.152856 0
    outer loop
      vertex -106.103 -10.4854 4
      vertex -106.057 -10.7828 6
      vertex -106.057 -10.7828 4
    endloop
  endfacet
  facet normal -0.993969 0.109666 0
    outer loop
      vertex -110.646 -10.8829 4
      vertex -110.613 -10.5838 6
      vertex -110.613 -10.5838 4
    endloop
  endfacet
  facet normal -0.993969 0.109666 0
    outer loop
      vertex -110.613 -10.5838 6
      vertex -110.646 -10.8829 4
      vertex -110.646 -10.8829 6
    endloop
  endfacet
  facet normal 0.482072 0.876131 -0
    outer loop
      vertex -107.113 -9.04342 4
      vertex -107.376 -8.89871 6
      vertex -107.113 -9.04342 6
    endloop
  endfacet
  facet normal 0.482072 0.876131 0
    outer loop
      vertex -107.376 -8.89871 6
      vertex -107.113 -9.04342 4
      vertex -107.376 -8.89871 4
    endloop
  endfacet
  facet normal 0.807842 -0.589399 0
    outer loop
      vertex -106.586 -12.4616 6
      vertex -106.409 -12.219 4
      vertex -106.409 -12.219 6
    endloop
  endfacet
  facet normal 0.807842 -0.589399 0
    outer loop
      vertex -106.409 -12.219 4
      vertex -106.586 -12.4616 6
      vertex -106.586 -12.4616 4
    endloop
  endfacet
  facet normal 0.590716 0.80688 -0
    outer loop
      vertex -106.87 -9.22132 4
      vertex -107.113 -9.04342 6
      vertex -106.87 -9.22132 6
    endloop
  endfacet
  facet normal 0.590716 0.80688 0
    outer loop
      vertex -107.113 -9.04342 6
      vertex -106.87 -9.22132 4
      vertex -107.113 -9.04342 4
    endloop
  endfacet
  facet normal 0.237868 0.971297 -0
    outer loop
      vertex -107.657 -8.78967 4
      vertex -107.949 -8.71816 6
      vertex -107.657 -8.78967 6
    endloop
  endfacet
  facet normal 0.237868 0.971297 0
    outer loop
      vertex -107.949 -8.71816 6
      vertex -107.657 -8.78967 4
      vertex -107.949 -8.71816 4
    endloop
  endfacet
  facet normal -0.999801 -0.0199428 0
    outer loop
      vertex -110.64 -11.1837 4
      vertex -110.646 -10.8829 6
      vertex -110.646 -10.8829 4
    endloop
  endfacet
  facet normal -0.999801 -0.0199428 0
    outer loop
      vertex -110.646 -10.8829 6
      vertex -110.64 -11.1837 4
      vertex -110.64 -11.1837 6
    endloop
  endfacet
  facet normal 0.915531 0.402248 0
    outer loop
      vertex -106.187 -10.1966 6
      vertex -106.308 -9.9212 4
      vertex -106.308 -9.9212 6
    endloop
  endfacet
  facet normal 0.915531 0.402248 0
    outer loop
      vertex -106.308 -9.9212 4
      vertex -106.187 -10.1966 6
      vertex -106.187 -10.1966 4
    endloop
  endfacet
  facet normal 0.960208 0.279285 0
    outer loop
      vertex -106.103 -10.4854 6
      vertex -106.187 -10.1966 4
      vertex -106.187 -10.1966 6
    endloop
  endfacet
  facet normal 0.960208 0.279285 0
    outer loop
      vertex -106.187 -10.1966 4
      vertex -106.103 -10.4854 6
      vertex -106.103 -10.4854 4
    endloop
  endfacet
  facet normal 0.876342 -0.481689 0
    outer loop
      vertex -106.409 -12.219 6
      vertex -106.264 -11.9552 4
      vertex -106.264 -11.9552 6
    endloop
  endfacet
  facet normal 0.876342 -0.481689 0
    outer loop
      vertex -106.264 -11.9552 4
      vertex -106.409 -12.219 6
      vertex -106.409 -12.219 4
    endloop
  endfacet
  facet normal -0.960234 -0.279196 0
    outer loop
      vertex -110.51 -11.7699 4
      vertex -110.594 -11.481 6
      vertex -110.594 -11.481 4
    endloop
  endfacet
  facet normal -0.960234 -0.279196 0
    outer loop
      vertex -110.594 -11.481 6
      vertex -110.51 -11.7699 4
      vertex -110.51 -11.7699 6
    endloop
  endfacet
  facet normal -0.691978 -0.721919 0
    outer loop
      vertex -110.044 -12.5371 4
      vertex -109.827 -12.7451 6
      vertex -110.044 -12.5371 6
    endloop
  endfacet
  facet normal -0.691978 -0.721919 -0
    outer loop
      vertex -109.827 -12.7451 6
      vertex -110.044 -12.5371 4
      vertex -109.827 -12.7451 4
    endloop
  endfacet
  facet normal 0.152407 -0.988318 0
    outer loop
      vertex -108.148 -13.2745 4
      vertex -107.851 -13.2287 6
      vertex -108.148 -13.2745 6
    endloop
  endfacet
  facet normal 0.152407 -0.988318 0
    outer loop
      vertex -107.851 -13.2287 6
      vertex -108.148 -13.2745 4
      vertex -107.851 -13.2287 4
    endloop
  endfacet
  facet normal -0.279689 0.960091 0
    outer loop
      vertex -108.846 -8.73774 4
      vertex -109.135 -8.82193 6
      vertex -108.846 -8.73774 6
    endloop
  endfacet
  facet normal -0.279689 0.960091 0
    outer loop
      vertex -109.135 -8.82193 6
      vertex -108.846 -8.73774 4
      vertex -109.135 -8.82193 4
    endloop
  endfacet
  facet normal -0.0217888 0.999763 0
    outer loop
      vertex -108.248 -8.68541 4
      vertex -108.549 -8.69197 6
      vertex -108.248 -8.68541 6
    endloop
  endfacet
  facet normal -0.0217888 0.999763 0
    outer loop
      vertex -108.549 -8.69197 6
      vertex -108.248 -8.68541 4
      vertex -108.549 -8.69197 4
    endloop
  endfacet
  facet normal -0.108716 -0.994073 0
    outer loop
      vertex -108.748 -13.2483 4
      vertex -108.449 -13.281 6
      vertex -108.748 -13.2483 6
    endloop
  endfacet
  facet normal -0.108716 -0.994073 -0
    outer loop
      vertex -108.449 -13.281 6
      vertex -108.748 -13.2483 4
      vertex -108.449 -13.281 4
    endloop
  endfacet
  facet normal -0.480643 -0.876916 0
    outer loop
      vertex -109.584 -12.923 4
      vertex -109.32 -13.0677 6
      vertex -109.584 -12.923 6
    endloop
  endfacet
  facet normal -0.480643 -0.876916 -0
    outer loop
      vertex -109.32 -13.0677 6
      vertex -109.584 -12.923 4
      vertex -109.32 -13.0677 4
    endloop
  endfacet
  facet normal 0.720897 -0.693042 0
    outer loop
      vertex -106.795 -12.679 6
      vertex -106.586 -12.4616 4
      vertex -106.586 -12.4616 6
    endloop
  endfacet
  facet normal 0.720897 -0.693042 0
    outer loop
      vertex -106.586 -12.4616 4
      vertex -106.795 -12.679 6
      vertex -106.795 -12.679 4
    endloop
  endfacet
  facet normal -0.403185 0.915119 0
    outer loop
      vertex -109.135 -8.82193 4
      vertex -109.41 -8.94309 6
      vertex -109.135 -8.82193 6
    endloop
  endfacet
  facet normal -0.403185 0.915119 0
    outer loop
      vertex -109.41 -8.94309 6
      vertex -109.135 -8.82193 4
      vertex -109.41 -8.94309 4
    endloop
  endfacet
  facet normal -0.932055 0.362318 0
    outer loop
      vertex -110.542 -10.2916 4
      vertex -110.433 -10.0112 6
      vertex -110.433 -10.0112 4
    endloop
  endfacet
  facet normal -0.932055 0.362318 0
    outer loop
      vertex -110.433 -10.0112 6
      vertex -110.542 -10.2916 4
      vertex -110.542 -10.2916 6
    endloop
  endfacet
  facet normal 0.932055 -0.362318 0
    outer loop
      vertex -106.264 -11.9552 6
      vertex -106.155 -11.6748 4
      vertex -106.155 -11.6748 6
    endloop
  endfacet
  facet normal 0.932055 -0.362318 0
    outer loop
      vertex -106.155 -11.6748 4
      vertex -106.264 -11.9552 6
      vertex -106.264 -11.9552 4
    endloop
  endfacet
  facet normal -0.15231 0.988333 0
    outer loop
      vertex -108.549 -8.69197 4
      vertex -108.846 -8.73774 6
      vertex -108.549 -8.69197 6
    endloop
  endfacet
  facet normal -0.15231 0.988333 0
    outer loop
      vertex -108.846 -8.73774 6
      vertex -108.549 -8.69197 4
      vertex -108.846 -8.73774 4
    endloop
  endfacet
  facet normal -0.876319 0.481731 0
    outer loop
      vertex -110.433 -10.0112 4
      vertex -110.288 -9.74743 6
      vertex -110.288 -9.74743 4
    endloop
  endfacet
  facet normal -0.876319 0.481731 0
    outer loop
      vertex -110.288 -9.74743 6
      vertex -110.433 -10.0112 4
      vertex -110.433 -10.0112 6
    endloop
  endfacet
  facet normal 0.0215897 -0.999767 0
    outer loop
      vertex -108.449 -13.281 4
      vertex -108.148 -13.2745 6
      vertex -108.449 -13.281 6
    endloop
  endfacet
  facet normal 0.0215897 -0.999767 0
    outer loop
      vertex -108.148 -13.2745 6
      vertex -108.449 -13.281 4
      vertex -108.148 -13.2745 4
    endloop
  endfacet
  facet normal -0.517614 0.855614 0
    outer loop
      vertex -109.41 -8.94309 4
      vertex -109.668 -9.09917 6
      vertex -109.41 -8.94309 6
    endloop
  endfacet
  facet normal -0.517614 0.855614 0
    outer loop
      vertex -109.668 -9.09917 6
      vertex -109.41 -8.94309 4
      vertex -109.668 -9.09917 4
    endloop
  endfacet
  facet normal 0.279719 -0.960082 0
    outer loop
      vertex -107.851 -13.2287 4
      vertex -107.562 -13.1445 6
      vertex -107.851 -13.2287 6
    endloop
  endfacet
  facet normal 0.279719 -0.960082 0
    outer loop
      vertex -107.562 -13.1445 6
      vertex -107.851 -13.2287 4
      vertex -107.562 -13.1445 4
    endloop
  endfacet
  facet normal -0.914249 -0.405152 0
    outer loop
      vertex -110.388 -12.0452 4
      vertex -110.51 -11.7699 6
      vertex -110.51 -11.7699 4
    endloop
  endfacet
  facet normal -0.914249 -0.405152 0
    outer loop
      vertex -110.51 -11.7699 6
      vertex -110.388 -12.0452 4
      vertex -110.388 -12.0452 6
    endloop
  endfacet
  facet normal 0.970958 -0.23925 0
    outer loop
      vertex -106.155 -11.6748 6
      vertex -106.083 -11.3826 4
      vertex -106.083 -11.3826 6
    endloop
  endfacet
  facet normal 0.970958 -0.23925 0
    outer loop
      vertex -106.083 -11.3826 4
      vertex -106.155 -11.6748 6
      vertex -106.155 -11.6748 4
    endloop
  endfacet
  facet normal 0 0 -1
    outer loop
      vertex -107.499 -11.0203 4
      vertex -106.051 -11.0835 4
      vertex -106.083 -11.3826 4
    endloop
  endfacet
  facet normal 0 0 -1
    outer loop
      vertex -106.051 -11.0835 4
      vertex -107.499 -11.0203 4
      vertex -106.057 -10.7828 4
    endloop
  endfacet
  facet normal 0 0 -1
    outer loop
      vertex -107.511 -11.1308 4
      vertex -106.083 -11.3826 4
      vertex -106.155 -11.6748 4
    endloop
  endfacet
  facet normal 0 0 -1
    outer loop
      vertex -107.502 -10.9091 4
      vertex -106.057 -10.7828 4
      vertex -107.499 -11.0203 4
    endloop
  endfacet
  facet normal 0 0 -1
    outer loop
      vertex -107.538 -11.2388 4
      vertex -106.155 -11.6748 4
      vertex -106.264 -11.9552 4
    endloop
  endfacet
  facet normal -0 0 -1
    outer loop
      vertex -106.057 -10.7828 4
      vertex -107.502 -10.9091 4
      vertex -106.103 -10.4854 4
    endloop
  endfacet
  facet normal 0 0 -1
    outer loop
      vertex -107.578 -11.3424 4
      vertex -106.264 -11.9552 4
      vertex -106.409 -12.219 4
    endloop
  endfacet
  facet normal 0 0 -1
    outer loop
      vertex -107.519 -10.7992 4
      vertex -106.103 -10.4854 4
      vertex -107.502 -10.9091 4
    endloop
  endfacet
  facet normal 0 0 -1
    outer loop
      vertex -107.631 -11.4399 4
      vertex -106.409 -12.219 4
      vertex -106.586 -12.4616 4
    endloop
  endfacet
  facet normal -0 0 -1
    outer loop
      vertex -106.103 -10.4854 4
      vertex -107.519 -10.7992 4
      vertex -106.187 -10.1966 4
    endloop
  endfacet
  facet normal 0 0 -1
    outer loop
      vertex -107.697 -11.5296 4
      vertex -106.586 -12.4616 4
      vertex -106.795 -12.679 4
    endloop
  endfacet
  facet normal 0 0 -1
    outer loop
      vertex -107.55 -10.6925 4
      vertex -106.187 -10.1966 4
      vertex -107.519 -10.7992 4
    endloop
  endfacet
  facet normal 0 0 -1
    outer loop
      vertex -107.774 -11.6099 4
      vertex -106.795 -12.679 4
      vertex -107.029 -12.8673 4
    endloop
  endfacet
  facet normal -0 0 -1
    outer loop
      vertex -106.187 -10.1966 4
      vertex -107.55 -10.6925 4
      vertex -106.308 -9.9212 4
    endloop
  endfacet
  facet normal 0 0 -1
    outer loop
      vertex -107.861 -11.6795 4
      vertex -107.029 -12.8673 4
      vertex -107.286 -13.0233 4
    endloop
  endfacet
  facet normal 0 0 -1
    outer loop
      vertex -107.594 -10.5907 4
      vertex -106.308 -9.9212 4
      vertex -107.55 -10.6925 4
    endloop
  endfacet
  facet normal -0 0 -1
    outer loop
      vertex -106.308 -9.9212 4
      vertex -107.594 -10.5907 4
      vertex -106.464 -9.66399 4
    endloop
  endfacet
  facet normal 0 0 -1
    outer loop
      vertex -106.083 -11.3826 4
      vertex -107.511 -11.1308 4
      vertex -107.499 -11.0203 4
    endloop
  endfacet
  facet normal 0 0 -1
    outer loop
      vertex -106.155 -11.6748 4
      vertex -107.538 -11.2388 4
      vertex -107.511 -11.1308 4
    endloop
  endfacet
  facet normal 0 0 -1
    outer loop
      vertex -107.956 -11.7372 4
      vertex -107.286 -13.0233 4
      vertex -107.562 -13.1445 4
    endloop
  endfacet
  facet normal 0 0 -1
    outer loop
      vertex -106.264 -11.9552 4
      vertex -107.578 -11.3424 4
      vertex -107.538 -11.2388 4
    endloop
  endfacet
  facet normal 0 0 -1
    outer loop
      vertex -106.409 -12.219 4
      vertex -107.631 -11.4399 4
      vertex -107.578 -11.3424 4
    endloop
  endfacet
  facet normal 0 0 -1
    outer loop
      vertex -106.586 -12.4616 4
      vertex -107.697 -11.5296 4
      vertex -107.631 -11.4399 4
    endloop
  endfacet
  facet normal 0 0 -1
    outer loop
      vertex -106.795 -12.679 4
      vertex -107.774 -11.6099 4
      vertex -107.697 -11.5296 4
    endloop
  endfacet
  facet normal 0 0 -1
    outer loop
      vertex -108.058 -11.782 4
      vertex -107.562 -13.1445 4
      vertex -107.851 -13.2287 4
    endloop
  endfacet
  facet normal 0 0 -1
    outer loop
      vertex -107.029 -12.8673 4
      vertex -107.861 -11.6795 4
      vertex -107.774 -11.6099 4
    endloop
  endfacet
  facet normal 0 0 -1
    outer loop
      vertex -107.286 -13.0233 4
      vertex -107.956 -11.7372 4
      vertex -107.861 -11.6795 4
    endloop
  endfacet
  facet normal 0 0 -1
    outer loop
      vertex -107.562 -13.1445 4
      vertex -108.058 -11.782 4
      vertex -107.956 -11.7372 4
    endloop
  endfacet
  facet normal 0 0 -1
    outer loop
      vertex -108.164 -11.8131 4
      vertex -107.851 -13.2287 4
      vertex -108.148 -13.2745 4
    endloop
  endfacet
  facet normal 0 0 -1
    outer loop
      vertex -107.851 -13.2287 4
      vertex -108.164 -11.8131 4
      vertex -108.058 -11.782 4
    endloop
  endfacet
  facet normal 0 0 -1
    outer loop
      vertex -108.148 -13.2745 4
      vertex -108.274 -11.83 4
      vertex -108.164 -11.8131 4
    endloop
  endfacet
  facet normal 0 0 -1
    outer loop
      vertex -108.148 -13.2745 4
      vertex -108.385 -11.8324 4
      vertex -108.274 -11.83 4
    endloop
  endfacet
  facet normal 0 0 -1
    outer loop
      vertex -108.449 -13.281 4
      vertex -108.385 -11.8324 4
      vertex -108.148 -13.2745 4
    endloop
  endfacet
  facet normal 0 0 -1
    outer loop
      vertex -108.449 -13.281 4
      vertex -108.496 -11.8203 4
      vertex -108.385 -11.8324 4
    endloop
  endfacet
  facet normal 0 0 -1
    outer loop
      vertex -108.748 -13.2483 4
      vertex -108.496 -11.8203 4
      vertex -108.449 -13.281 4
    endloop
  endfacet
  facet normal -0 0 -1
    outer loop
      vertex -108.496 -11.8203 4
      vertex -108.748 -13.2483 4
      vertex -108.604 -11.7939 4
    endloop
  endfacet
  facet normal 0 0 -1
    outer loop
      vertex -109.04 -13.1768 4
      vertex -108.604 -11.7939 4
      vertex -108.748 -13.2483 4
    endloop
  endfacet
  facet normal -0 0 -1
    outer loop
      vertex -108.604 -11.7939 4
      vertex -109.04 -13.1768 4
      vertex -108.708 -11.7536 4
    endloop
  endfacet
  facet normal 0 0 -1
    outer loop
      vertex -109.32 -13.0677 4
      vertex -108.708 -11.7536 4
      vertex -109.04 -13.1768 4
    endloop
  endfacet
  facet normal -0 0 -1
    outer loop
      vertex -108.708 -11.7536 4
      vertex -109.32 -13.0677 4
      vertex -108.805 -11.7001 4
    endloop
  endfacet
  facet normal 0 0 -1
    outer loop
      vertex -109.584 -12.923 4
      vertex -108.805 -11.7001 4
      vertex -109.32 -13.0677 4
    endloop
  endfacet
  facet normal -0 0 -1
    outer loop
      vertex -108.805 -11.7001 4
      vertex -109.584 -12.923 4
      vertex -108.895 -11.6344 4
    endloop
  endfacet
  facet normal 0 0 -1
    outer loop
      vertex -109.827 -12.7451 4
      vertex -108.895 -11.6344 4
      vertex -109.584 -12.923 4
    endloop
  endfacet
  facet normal -0 0 -1
    outer loop
      vertex -108.895 -11.6344 4
      vertex -109.827 -12.7451 4
      vertex -108.975 -11.5575 4
    endloop
  endfacet
  facet normal 0 0 -1
    outer loop
      vertex -110.044 -12.5371 4
      vertex -108.975 -11.5575 4
      vertex -109.827 -12.7451 4
    endloop
  endfacet
  facet normal -0 0 -1
    outer loop
      vertex -108.975 -11.5575 4
      vertex -110.044 -12.5371 4
      vertex -109.045 -11.4708 4
    endloop
  endfacet
  facet normal -0 0 -1
    outer loop
      vertex -109.045 -11.4708 4
      vertex -110.232 -12.3024 4
      vertex -109.102 -11.3757 4
    endloop
  endfacet
  facet normal 0 0 -1
    outer loop
      vertex -110.232 -12.3024 4
      vertex -109.045 -11.4708 4
      vertex -110.044 -12.5371 4
    endloop
  endfacet
  facet normal 0 0 -1
    outer loop
      vertex -107.652 -10.4957 4
      vertex -106.464 -9.66399 4
      vertex -107.594 -10.5907 4
    endloop
  endfacet
  facet normal -0 0 -1
    outer loop
      vertex -106.464 -9.66399 4
      vertex -107.652 -10.4957 4
      vertex -106.653 -9.42936 4
    endloop
  endfacet
  facet normal 0 0 -1
    outer loop
      vertex -107.722 -10.409 4
      vertex -106.653 -9.42936 4
      vertex -107.652 -10.4957 4
    endloop
  endfacet
  facet normal -0 0 -1
    outer loop
      vertex -106.653 -9.42936 4
      vertex -107.722 -10.409 4
      vertex -106.87 -9.22132 4
    endloop
  endfacet
  facet normal 0 0 -1
    outer loop
      vertex -107.802 -10.3321 4
      vertex -106.87 -9.22132 4
      vertex -107.722 -10.409 4
    endloop
  endfacet
  facet normal -0 0 -1
    outer loop
      vertex -106.87 -9.22132 4
      vertex -107.802 -10.3321 4
      vertex -107.113 -9.04342 4
    endloop
  endfacet
  facet normal 0 0 -1
    outer loop
      vertex -107.892 -10.2663 4
      vertex -107.113 -9.04342 4
      vertex -107.802 -10.3321 4
    endloop
  endfacet
  facet normal -0 0 -1
    outer loop
      vertex -107.113 -9.04342 4
      vertex -107.892 -10.2663 4
      vertex -107.376 -8.89871 4
    endloop
  endfacet
  facet normal 0 0 -1
    outer loop
      vertex -107.989 -10.2129 4
      vertex -107.376 -8.89871 4
      vertex -107.892 -10.2663 4
    endloop
  endfacet
  facet normal -0 0 -1
    outer loop
      vertex -107.376 -8.89871 4
      vertex -107.989 -10.2129 4
      vertex -107.657 -8.78967 4
    endloop
  endfacet
  facet normal 0 0 -1
    outer loop
      vertex -108.093 -10.1726 4
      vertex -107.657 -8.78967 4
      vertex -107.989 -10.2129 4
    endloop
  endfacet
  facet normal -0 0 -1
    outer loop
      vertex -107.657 -8.78967 4
      vertex -108.093 -10.1726 4
      vertex -107.949 -8.71816 4
    endloop
  endfacet
  facet normal 0 0 -1
    outer loop
      vertex -108.201 -10.1461 4
      vertex -107.949 -8.71816 4
      vertex -108.093 -10.1726 4
    endloop
  endfacet
  facet normal 0 0 -1
    outer loop
      vertex -108.201 -10.1461 4
      vertex -108.248 -8.68541 4
      vertex -107.949 -8.71816 4
    endloop
  endfacet
  facet normal 0 0 -1
    outer loop
      vertex -108.311 -10.134 4
      vertex -108.248 -8.68541 4
      vertex -108.201 -10.1461 4
    endloop
  endfacet
  facet normal 0 0 -1
    outer loop
      vertex -108.422 -10.1365 4
      vertex -108.248 -8.68541 4
      vertex -108.311 -10.134 4
    endloop
  endfacet
  facet normal 0 0 -1
    outer loop
      vertex -108.549 -8.69197 4
      vertex -108.422 -10.1365 4
      vertex -108.532 -10.1534 4
    endloop
  endfacet
  facet normal 0 0 -1
    outer loop
      vertex -108.422 -10.1365 4
      vertex -108.549 -8.69197 4
      vertex -108.248 -8.68541 4
    endloop
  endfacet
  facet normal 0 0 -1
    outer loop
      vertex -108.846 -8.73774 4
      vertex -108.532 -10.1534 4
      vertex -108.639 -10.1845 4
    endloop
  endfacet
  facet normal 0 0 -1
    outer loop
      vertex -109.135 -8.82193 4
      vertex -108.639 -10.1845 4
      vertex -108.741 -10.2293 4
    endloop
  endfacet
  facet normal 0 0 -1
    outer loop
      vertex -109.41 -8.94309 4
      vertex -108.741 -10.2293 4
      vertex -108.836 -10.2869 4
    endloop
  endfacet
  facet normal 0 0 -1
    outer loop
      vertex -108.532 -10.1534 4
      vertex -108.846 -8.73774 4
      vertex -108.549 -8.69197 4
    endloop
  endfacet
  facet normal 0 0 -1
    outer loop
      vertex -109.668 -9.09917 4
      vertex -108.836 -10.2869 4
      vertex -108.923 -10.3565 4
    endloop
  endfacet
  facet normal 0 0 -1
    outer loop
      vertex -109.902 -9.28748 4
      vertex -108.923 -10.3565 4
      vertex -109 -10.4369 4
    endloop
  endfacet
  facet normal 0 0 -1
    outer loop
      vertex -110.11 -9.50481 4
      vertex -109 -10.4369 4
      vertex -109.065 -10.5265 4
    endloop
  endfacet
  facet normal 0 0 -1
    outer loop
      vertex -110.288 -9.74743 4
      vertex -109.065 -10.5265 4
      vertex -109.119 -10.624 4
    endloop
  endfacet
  facet normal 0 0 -1
    outer loop
      vertex -108.639 -10.1845 4
      vertex -109.135 -8.82193 4
      vertex -108.846 -8.73774 4
    endloop
  endfacet
  facet normal 0 0 -1
    outer loop
      vertex -110.433 -10.0112 4
      vertex -109.119 -10.624 4
      vertex -109.159 -10.7276 4
    endloop
  endfacet
  facet normal 0 0 -1
    outer loop
      vertex -110.542 -10.2916 4
      vertex -109.159 -10.7276 4
      vertex -109.185 -10.8356 4
    endloop
  endfacet
  facet normal 0 0 -1
    outer loop
      vertex -110.613 -10.5838 4
      vertex -109.185 -10.8356 4
      vertex -109.198 -10.9461 4
    endloop
  endfacet
  facet normal 0 0 -1
    outer loop
      vertex -110.388 -12.0452 4
      vertex -109.102 -11.3757 4
      vertex -110.232 -12.3024 4
    endloop
  endfacet
  facet normal 0 0 -1
    outer loop
      vertex -108.741 -10.2293 4
      vertex -109.41 -8.94309 4
      vertex -109.135 -8.82193 4
    endloop
  endfacet
  facet normal -0 0 -1
    outer loop
      vertex -109.102 -11.3757 4
      vertex -110.388 -12.0452 4
      vertex -109.147 -11.2739 4
    endloop
  endfacet
  facet normal 0 0 -1
    outer loop
      vertex -108.836 -10.2869 4
      vertex -109.668 -9.09917 4
      vertex -109.41 -8.94309 4
    endloop
  endfacet
  facet normal 0 0 -1
    outer loop
      vertex -110.51 -11.7699 4
      vertex -109.147 -11.2739 4
      vertex -110.388 -12.0452 4
    endloop
  endfacet
  facet normal 0 0 -1
    outer loop
      vertex -108.923 -10.3565 4
      vertex -109.902 -9.28748 4
      vertex -109.668 -9.09917 4
    endloop
  endfacet
  facet normal -0 0 -1
    outer loop
      vertex -109.147 -11.2739 4
      vertex -110.51 -11.7699 4
      vertex -109.178 -11.1672 4
    endloop
  endfacet
  facet normal 0 0 -1
    outer loop
      vertex -109 -10.4369 4
      vertex -110.11 -9.50481 4
      vertex -109.902 -9.28748 4
    endloop
  endfacet
  facet normal 0 0 -1
    outer loop
      vertex -110.594 -11.481 4
      vertex -109.178 -11.1672 4
      vertex -110.51 -11.7699 4
    endloop
  endfacet
  facet normal 0 0 -1
    outer loop
      vertex -109.065 -10.5265 4
      vertex -110.288 -9.74743 4
      vertex -110.11 -9.50481 4
    endloop
  endfacet
  facet normal -0 0 -1
    outer loop
      vertex -109.178 -11.1672 4
      vertex -110.594 -11.481 4
      vertex -109.195 -11.0573 4
    endloop
  endfacet
  facet normal 0 0 -1
    outer loop
      vertex -109.119 -10.624 4
      vertex -110.433 -10.0112 4
      vertex -110.288 -9.74743 4
    endloop
  endfacet
  facet normal 0 0 -1
    outer loop
      vertex -110.64 -11.1837 4
      vertex -109.195 -11.0573 4
      vertex -110.594 -11.481 4
    endloop
  endfacet
  facet normal 0 0 -1
    outer loop
      vertex -109.159 -10.7276 4
      vertex -110.542 -10.2916 4
      vertex -110.433 -10.0112 4
    endloop
  endfacet
  facet normal -0 0 -1
    outer loop
      vertex -109.195 -11.0573 4
      vertex -110.64 -11.1837 4
      vertex -109.198 -10.9461 4
    endloop
  endfacet
  facet normal 0 0 -1
    outer loop
      vertex -109.185 -10.8356 4
      vertex -110.613 -10.5838 4
      vertex -110.542 -10.2916 4
    endloop
  endfacet
  facet normal 0 0 -1
    outer loop
      vertex -110.646 -10.8829 4
      vertex -109.198 -10.9461 4
      vertex -110.64 -11.1837 4
    endloop
  endfacet
  facet normal 0 0 -1
    outer loop
      vertex -109.198 -10.9461 4
      vertex -110.646 -10.8829 4
      vertex -110.613 -10.5838 4
    endloop
  endfacet
  facet normal 0.778766 0.627314 0
    outer loop
      vertex -106.464 -9.66399 6
      vertex -106.653 -9.42936 4
      vertex -106.653 -9.42936 6
    endloop
  endfacet
  facet normal 0.778766 0.627314 0
    outer loop
      vertex -106.653 -9.42936 4
      vertex -106.464 -9.66399 6
      vertex -106.464 -9.66399 4
    endloop
  endfacet
  facet normal 0.361761 0.932271 -0
    outer loop
      vertex -107.376 -8.89871 4
      vertex -107.657 -8.78967 6
      vertex -107.376 -8.89871 6
    endloop
  endfacet
  facet normal 0.361761 0.932271 0
    outer loop
      vertex -107.657 -8.78967 6
      vertex -107.376 -8.89871 4
      vertex -107.657 -8.78967 4
    endloop
  endfacet
  facet normal 0.402071 -0.915608 0
    outer loop
      vertex -107.562 -13.1445 4
      vertex -107.286 -13.0233 6
      vertex -107.562 -13.1445 6
    endloop
  endfacet
  facet normal 0.402071 -0.915608 0
    outer loop
      vertex -107.286 -13.0233 6
      vertex -107.562 -13.1445 4
      vertex -107.286 -13.0233 4
    endloop
  endfacet
  facet normal 0.518891 -0.85484 0
    outer loop
      vertex -107.286 -13.0233 4
      vertex -107.029 -12.8673 6
      vertex -107.286 -13.0233 6
    endloop
  endfacet
  facet normal 0.518891 -0.85484 0
    outer loop
      vertex -107.029 -12.8673 6
      vertex -107.286 -13.0233 4
      vertex -107.029 -12.8673 4
    endloop
  endfacet
  facet normal 0.855028 0.518582 0
    outer loop
      vertex -106.308 -9.9212 6
      vertex -106.464 -9.66399 4
      vertex -106.464 -9.66399 6
    endloop
  endfacet
  facet normal 0.855028 0.518582 0
    outer loop
      vertex -106.464 -9.66399 4
      vertex -106.308 -9.9212 6
      vertex -106.308 -9.9212 4
    endloop
  endfacet
  facet normal -0.780479 -0.625182 0
    outer loop
      vertex -110.044 -12.5371 4
      vertex -110.232 -12.3024 6
      vertex -110.232 -12.3024 4
    endloop
  endfacet
  facet normal -0.780479 -0.625182 0
    outer loop
      vertex -110.232 -12.3024 6
      vertex -110.044 -12.5371 4
      vertex -110.044 -12.5371 6
    endloop
  endfacet
  facet normal 0.692047 0.721852 -0
    outer loop
      vertex -106.653 -9.42936 4
      vertex -106.87 -9.22132 6
      vertex -106.653 -9.42936 6
    endloop
  endfacet
  facet normal 0.692047 0.721852 0
    outer loop
      vertex -106.87 -9.22132 6
      vertex -106.653 -9.42936 4
      vertex -106.87 -9.22132 4
    endloop
  endfacet
  facet normal -0.722444 0.691429 0
    outer loop
      vertex -110.11 -9.50481 4
      vertex -109.902 -9.28748 6
      vertex -109.902 -9.28748 4
    endloop
  endfacet
  facet normal -0.722444 0.691429 0
    outer loop
      vertex -109.902 -9.28748 6
      vertex -110.11 -9.50481 4
      vertex -110.11 -9.50481 6
    endloop
  endfacet
  facet normal -0.626946 0.779063 0
    outer loop
      vertex -109.668 -9.09917 4
      vertex -109.902 -9.28748 6
      vertex -109.668 -9.09917 6
    endloop
  endfacet
  facet normal -0.626946 0.779063 0
    outer loop
      vertex -109.902 -9.28748 6
      vertex -109.668 -9.09917 4
      vertex -109.902 -9.28748 4
    endloop
  endfacet
  facet normal -0.590716 -0.80688 0
    outer loop
      vertex -109.827 -12.7451 4
      vertex -109.584 -12.923 6
      vertex -109.827 -12.7451 6
    endloop
  endfacet
  facet normal -0.590716 -0.80688 -0
    outer loop
      vertex -109.584 -12.923 6
      vertex -109.827 -12.7451 4
      vertex -109.584 -12.923 4
    endloop
  endfacet
  facet normal -0.363056 -0.931767 0
    outer loop
      vertex -109.32 -13.0677 4
      vertex -109.04 -13.1768 6
      vertex -109.32 -13.0677 6
    endloop
  endfacet
  facet normal -0.363056 -0.931767 -0
    outer loop
      vertex -109.04 -13.1768 6
      vertex -109.32 -13.0677 4
      vertex -109.04 -13.1768 4
    endloop
  endfacet
  facet normal 0.108881 0.994055 -0
    outer loop
      vertex -107.949 -8.71816 4
      vertex -108.248 -8.68541 6
      vertex -107.949 -8.71816 6
    endloop
  endfacet
  facet normal 0.108881 0.994055 0
    outer loop
      vertex -108.248 -8.68541 6
      vertex -107.949 -8.71816 4
      vertex -108.248 -8.68541 4
    endloop
  endfacet
  facet normal -0.855019 -0.518596 0
    outer loop
      vertex -110.232 -12.3024 4
      vertex -110.388 -12.0452 6
      vertex -110.388 -12.0452 4
    endloop
  endfacet
  facet normal -0.855019 -0.518596 0
    outer loop
      vertex -110.388 -12.0452 6
      vertex -110.232 -12.3024 4
      vertex -110.232 -12.3024 6
    endloop
  endfacet
  facet normal -0.971725 0.236114 0
    outer loop
      vertex -110.613 -10.5838 4
      vertex -110.542 -10.2916 6
      vertex -110.542 -10.2916 4
    endloop
  endfacet
  facet normal -0.971725 0.236114 0
    outer loop
      vertex -110.542 -10.2916 6
      vertex -110.613 -10.5838 4
      vertex -110.613 -10.5838 6
    endloop
  endfacet
  facet normal -0.988241 -0.152906 0
    outer loop
      vertex -110.594 -11.481 4
      vertex -110.64 -11.1837 6
      vertex -110.64 -11.1837 4
    endloop
  endfacet
  facet normal -0.988241 -0.152906 0
    outer loop
      vertex -110.64 -11.1837 6
      vertex -110.594 -11.481 4
      vertex -110.594 -11.481 6
    endloop
  endfacet
  facet normal 0.626926 -0.779079 0
    outer loop
      vertex -107.029 -12.8673 4
      vertex -106.795 -12.679 6
      vertex -107.029 -12.8673 6
    endloop
  endfacet
  facet normal 0.626926 -0.779079 0
    outer loop
      vertex -106.795 -12.679 6
      vertex -107.029 -12.8673 4
      vertex -106.795 -12.679 4
    endloop
  endfacet
  facet normal -0.80628 0.591534 0
    outer loop
      vertex -110.288 -9.74743 4
      vertex -110.11 -9.50481 6
      vertex -110.11 -9.50481 4
    endloop
  endfacet
  facet normal -0.80628 0.591534 0
    outer loop
      vertex -110.11 -9.50481 6
      vertex -110.288 -9.74743 4
      vertex -110.288 -9.74743 6
    endloop
  endfacet
  facet normal 0.362318 0.932055 -0
    outer loop
      vertex -32.5669 -13.6616 4
      vertex -32.8473 -13.5526 6
      vertex -32.5669 -13.6616 6
    endloop
  endfacet
  facet normal 0.362318 0.932055 0
    outer loop
      vertex -32.8473 -13.5526 6
      vertex -32.5669 -13.6616 4
      vertex -32.8473 -13.5526 4
    endloop
  endfacet
  facet normal 0.999759 0.0219362 0
    outer loop
      vertex -31.2411 -15.8464 6
      vertex -31.2477 -15.5456 4
      vertex -31.2477 -15.5456 6
    endloop
  endfacet
  facet normal 0.999759 0.0219362 0
    outer loop
      vertex -31.2477 -15.5456 4
      vertex -31.2411 -15.8464 6
      vertex -31.2411 -15.8464 4
    endloop
  endfacet
  facet normal 0.994041 -0.109009 0
    outer loop
      vertex -31.2739 -16.1455 6
      vertex -31.2411 -15.8464 4
      vertex -31.2411 -15.8464 6
    endloop
  endfacet
  facet normal 0.994041 -0.109009 0
    outer loop
      vertex -31.2411 -15.8464 4
      vertex -31.2739 -16.1455 6
      vertex -31.2739 -16.1455 4
    endloop
  endfacet
  facet normal 0.988391 0.151932 0
    outer loop
      vertex -31.2477 -15.5456 6
      vertex -31.2934 -15.2483 4
      vertex -31.2934 -15.2483 6
    endloop
  endfacet
  facet normal 0.988391 0.151932 0
    outer loop
      vertex -31.2934 -15.2483 4
      vertex -31.2477 -15.5456 6
      vertex -31.2477 -15.5456 4
    endloop
  endfacet
  facet normal 0.915286 0.402805 0
    outer loop
      vertex -31.3776 -14.9595 6
      vertex -31.4988 -14.6841 4
      vertex -31.4988 -14.6841 6
    endloop
  endfacet
  facet normal 0.915286 0.402805 0
    outer loop
      vertex -31.4988 -14.6841 4
      vertex -31.3776 -14.9595 6
      vertex -31.3776 -14.9595 4
    endloop
  endfacet
  facet normal 0.480923 0.876763 -0
    outer loop
      vertex -32.3031 -13.8063 4
      vertex -32.5669 -13.6616 6
      vertex -32.3031 -13.8063 6
    endloop
  endfacet
  facet normal 0.480923 0.876763 0
    outer loop
      vertex -32.5669 -13.6616 6
      vertex -32.3031 -13.8063 4
      vertex -32.5669 -13.6616 4
    endloop
  endfacet
  facet normal -0.999767 -0.021604 0
    outer loop
      vertex -35.8302 -15.9466 4
      vertex -35.8367 -15.6458 6
      vertex -35.8367 -15.6458 4
    endloop
  endfacet
  facet normal -0.999767 -0.021604 0
    outer loop
      vertex -35.8367 -15.6458 6
      vertex -35.8302 -15.9466 4
      vertex -35.8302 -15.9466 6
    endloop
  endfacet
  facet normal 0.971343 -0.237683 0
    outer loop
      vertex -31.3454 -16.4377 6
      vertex -31.2739 -16.1455 4
      vertex -31.2739 -16.1455 6
    endloop
  endfacet
  facet normal 0.971343 -0.237683 0
    outer loop
      vertex -31.2739 -16.1455 4
      vertex -31.3454 -16.4377 6
      vertex -31.3454 -16.4377 4
    endloop
  endfacet
  facet normal -0.994077 0.10868 0
    outer loop
      vertex -35.8367 -15.6458 4
      vertex -35.804 -15.3467 6
      vertex -35.804 -15.3467 4
    endloop
  endfacet
  facet normal -0.994077 0.10868 0
    outer loop
      vertex -35.804 -15.3467 6
      vertex -35.8367 -15.6458 4
      vertex -35.8367 -15.6458 6
    endloop
  endfacet
  facet normal -0.480923 -0.876763 0
    outer loop
      vertex -34.7747 -17.6859 4
      vertex -34.5109 -17.8306 6
      vertex -34.7747 -17.6859 6
    endloop
  endfacet
  facet normal -0.480923 -0.876763 -0
    outer loop
      vertex -34.5109 -17.8306 6
      vertex -34.7747 -17.6859 4
      vertex -34.5109 -17.8306 4
    endloop
  endfacet
  facet normal 0.96003 0.279898 0
    outer loop
      vertex -31.2934 -15.2483 6
      vertex -31.3776 -14.9595 4
      vertex -31.3776 -14.9595 6
    endloop
  endfacet
  facet normal 0.96003 0.279898 0
    outer loop
      vertex -31.3776 -14.9595 4
      vertex -31.2934 -15.2483 6
      vertex -31.2934 -15.2483 4
    endloop
  endfacet
  facet normal 0.854872 0.518839 0
    outer loop
      vertex -31.4988 -14.6841 6
      vertex -31.6549 -14.4269 4
      vertex -31.6549 -14.4269 6
    endloop
  endfacet
  facet normal 0.854872 0.518839 0
    outer loop
      vertex -31.6549 -14.4269 4
      vertex -31.4988 -14.6841 6
      vertex -31.4988 -14.6841 4
    endloop
  endfacet
  facet normal 0.876763 -0.480923 0
    outer loop
      vertex -31.5991 -16.9819 6
      vertex -31.4544 -16.7181 4
      vertex -31.4544 -16.7181 6
    endloop
  endfacet
  facet normal 0.876763 -0.480923 0
    outer loop
      vertex -31.4544 -16.7181 4
      vertex -31.5991 -16.9819 6
      vertex -31.5991 -16.9819 4
    endloop
  endfacet
  facet normal -0.855019 -0.518596 0
    outer loop
      vertex -35.423 -17.0653 4
      vertex -35.579 -16.8081 6
      vertex -35.579 -16.8081 4
    endloop
  endfacet
  facet normal -0.855019 -0.518596 0
    outer loop
      vertex -35.579 -16.8081 6
      vertex -35.423 -17.0653 4
      vertex -35.423 -17.0653 6
    endloop
  endfacet
  facet normal 0.932055 -0.362318 0
    outer loop
      vertex -31.4544 -16.7181 6
      vertex -31.3454 -16.4377 4
      vertex -31.3454 -16.4377 6
    endloop
  endfacet
  facet normal 0.932055 -0.362318 0
    outer loop
      vertex -31.3454 -16.4377 4
      vertex -31.4544 -16.7181 6
      vertex -31.4544 -16.7181 4
    endloop
  endfacet
  facet normal -0.10868 -0.994077 0
    outer loop
      vertex -33.9383 -18.0112 4
      vertex -33.6392 -18.0439 6
      vertex -33.9383 -18.0112 6
    endloop
  endfacet
  facet normal -0.10868 -0.994077 -0
    outer loop
      vertex -33.6392 -18.0439 6
      vertex -33.9383 -18.0112 4
      vertex -33.6392 -18.0439 4
    endloop
  endfacet
  facet normal -0.988341 -0.152257 0
    outer loop
      vertex -35.7844 -16.2439 4
      vertex -35.8302 -15.9466 6
      vertex -35.8302 -15.9466 4
    endloop
  endfacet
  facet normal -0.988341 -0.152257 0
    outer loop
      vertex -35.8302 -15.9466 6
      vertex -35.7844 -16.2439 4
      vertex -35.7844 -16.2439 6
    endloop
  endfacet
  facet normal 0.72223 -0.691653 0
    outer loop
      vertex -31.9851 -17.4418 6
      vertex -31.777 -17.2245 4
      vertex -31.777 -17.2245 6
    endloop
  endfacet
  facet normal 0.72223 -0.691653 0
    outer loop
      vertex -31.777 -17.2245 4
      vertex -31.9851 -17.4418 6
      vertex -31.9851 -17.4418 4
    endloop
  endfacet
  facet normal 0.591349 0.806416 -0
    outer loop
      vertex -32.0605 -13.9842 4
      vertex -32.3031 -13.8063 6
      vertex -32.0605 -13.9842 6
    endloop
  endfacet
  facet normal 0.591349 0.806416 0
    outer loop
      vertex -32.3031 -13.8063 6
      vertex -32.0605 -13.9842 4
      vertex -32.3031 -13.8063 4
    endloop
  endfacet
  facet normal -0.279809 0.960056 0
    outer loop
      vertex -34.0367 -13.5006 4
      vertex -34.3256 -13.5848 6
      vertex -34.0367 -13.5006 6
    endloop
  endfacet
  facet normal -0.279809 0.960056 0
    outer loop
      vertex -34.3256 -13.5848 6
      vertex -34.0367 -13.5006 4
      vertex -34.3256 -13.5848 4
    endloop
  endfacet
  facet normal 0.279898 -0.96003 0
    outer loop
      vertex -33.0411 -17.9916 4
      vertex -32.7523 -17.9074 6
      vertex -33.0411 -17.9916 6
    endloop
  endfacet
  facet normal 0.279898 -0.96003 0
    outer loop
      vertex -32.7523 -17.9074 6
      vertex -33.0411 -17.9916 4
      vertex -32.7523 -17.9074 4
    endloop
  endfacet
  facet normal 0.152207 -0.988349 0
    outer loop
      vertex -33.3385 -18.0374 4
      vertex -33.0411 -17.9916 6
      vertex -33.3385 -18.0374 6
    endloop
  endfacet
  facet normal 0.152207 -0.988349 0
    outer loop
      vertex -33.0411 -17.9916 6
      vertex -33.3385 -18.0374 4
      vertex -33.0411 -17.9916 4
    endloop
  endfacet
  facet normal -0.362607 -0.931942 0
    outer loop
      vertex -34.5109 -17.8306 4
      vertex -34.2305 -17.9397 6
      vertex -34.5109 -17.8306 6
    endloop
  endfacet
  facet normal -0.362607 -0.931942 -0
    outer loop
      vertex -34.2305 -17.9397 6
      vertex -34.5109 -17.8306 4
      vertex -34.2305 -17.9397 4
    endloop
  endfacet
  facet normal -0.876763 0.480923 0
    outer loop
      vertex -35.6234 -14.7741 4
      vertex -35.4787 -14.5103 6
      vertex -35.4787 -14.5103 4
    endloop
  endfacet
  facet normal -0.876763 0.480923 0
    outer loop
      vertex -35.4787 -14.5103 6
      vertex -35.6234 -14.7741 4
      vertex -35.6234 -14.7741 6
    endloop
  endfacet
  facet normal -0.0219362 0.999759 0
    outer loop
      vertex -33.4386 -13.4483 4
      vertex -33.7394 -13.4549 6
      vertex -33.4386 -13.4483 6
    endloop
  endfacet
  facet normal -0.0219362 0.999759 0
    outer loop
      vertex -33.7394 -13.4549 6
      vertex -33.4386 -13.4483 4
      vertex -33.7394 -13.4549 4
    endloop
  endfacet
  facet normal -0.402928 0.915232 0
    outer loop
      vertex -34.3256 -13.5848 4
      vertex -34.6009 -13.706 6
      vertex -34.3256 -13.5848 6
    endloop
  endfacet
  facet normal -0.402928 0.915232 0
    outer loop
      vertex -34.6009 -13.706 6
      vertex -34.3256 -13.5848 4
      vertex -34.6009 -13.706 4
    endloop
  endfacet
  facet normal 0.402805 -0.915286 0
    outer loop
      vertex -32.7523 -17.9074 4
      vertex -32.4769 -17.7862 6
      vertex -32.7523 -17.9074 6
    endloop
  endfacet
  facet normal 0.402805 -0.915286 0
    outer loop
      vertex -32.4769 -17.7862 6
      vertex -32.7523 -17.9074 4
      vertex -32.4769 -17.7862 4
    endloop
  endfacet
  facet normal 0.0216112 -0.999766 0
    outer loop
      vertex -33.6392 -18.0439 4
      vertex -33.3385 -18.0374 6
      vertex -33.6392 -18.0439 6
    endloop
  endfacet
  facet normal 0.0216112 -0.999766 0
    outer loop
      vertex -33.3385 -18.0374 6
      vertex -33.6392 -18.0439 4
      vertex -33.3385 -18.0374 4
    endloop
  endfacet
  facet normal -0.806416 0.591349 0
    outer loop
      vertex -35.4787 -14.5103 4
      vertex -35.3008 -14.2677 6
      vertex -35.3008 -14.2677 4
    endloop
  endfacet
  facet normal -0.806416 0.591349 0
    outer loop
      vertex -35.3008 -14.2677 6
      vertex -35.4787 -14.5103 4
      vertex -35.4787 -14.5103 6
    endloop
  endfacet
  facet normal -0.722396 0.691479 0
    outer loop
      vertex -35.3008 -14.2677 4
      vertex -35.0928 -14.0504 6
      vertex -35.0928 -14.0504 4
    endloop
  endfacet
  facet normal -0.722396 0.691479 0
    outer loop
      vertex -35.0928 -14.0504 6
      vertex -35.3008 -14.2677 4
      vertex -35.3008 -14.2677 6
    endloop
  endfacet
  facet normal -0.237683 -0.971343 0
    outer loop
      vertex -34.2305 -17.9397 4
      vertex -33.9383 -18.0112 6
      vertex -34.2305 -17.9397 6
    endloop
  endfacet
  facet normal -0.237683 -0.971343 -0
    outer loop
      vertex -33.9383 -18.0112 6
      vertex -34.2305 -17.9397 4
      vertex -33.9383 -18.0112 4
    endloop
  endfacet
  facet normal -0.518839 0.854872 0
    outer loop
      vertex -34.6009 -13.706 4
      vertex -34.8581 -13.8621 6
      vertex -34.6009 -13.706 6
    endloop
  endfacet
  facet normal -0.518839 0.854872 0
    outer loop
      vertex -34.8581 -13.8621 6
      vertex -34.6009 -13.706 4
      vertex -34.8581 -13.8621 4
    endloop
  endfacet
  facet normal -0.779993 -0.625789 0
    outer loop
      vertex -35.2347 -17.3 4
      vertex -35.423 -17.0653 6
      vertex -35.423 -17.0653 4
    endloop
  endfacet
  facet normal -0.779993 -0.625789 0
    outer loop
      vertex -35.423 -17.0653 6
      vertex -35.2347 -17.3 4
      vertex -35.2347 -17.3 6
    endloop
  endfacet
  facet normal 0 0 -1
    outer loop
      vertex -32.6897 -15.7832 4
      vertex -31.2411 -15.8464 4
      vertex -31.2739 -16.1455 4
    endloop
  endfacet
  facet normal 0 0 -1
    outer loop
      vertex -31.2411 -15.8464 4
      vertex -32.6897 -15.7832 4
      vertex -31.2477 -15.5456 4
    endloop
  endfacet
  facet normal 0 0 -1
    outer loop
      vertex -32.7018 -15.8937 4
      vertex -31.2739 -16.1455 4
      vertex -31.3454 -16.4377 4
    endloop
  endfacet
  facet normal 0 0 -1
    outer loop
      vertex -32.6922 -15.672 4
      vertex -31.2477 -15.5456 4
      vertex -32.6897 -15.7832 4
    endloop
  endfacet
  facet normal 0 0 -1
    outer loop
      vertex -32.7283 -16.0017 4
      vertex -31.3454 -16.4377 4
      vertex -31.4544 -16.7181 4
    endloop
  endfacet
  facet normal -0 0 -1
    outer loop
      vertex -31.2477 -15.5456 4
      vertex -32.6922 -15.672 4
      vertex -31.2934 -15.2483 4
    endloop
  endfacet
  facet normal 0 0 -1
    outer loop
      vertex -32.7686 -16.1053 4
      vertex -31.4544 -16.7181 4
      vertex -31.5991 -16.9819 4
    endloop
  endfacet
  facet normal 0 0 -1
    outer loop
      vertex -32.7091 -15.5621 4
      vertex -31.2934 -15.2483 4
      vertex -32.6922 -15.672 4
    endloop
  endfacet
  facet normal 0 0 -1
    outer loop
      vertex -32.822 -16.2028 4
      vertex -31.5991 -16.9819 4
      vertex -31.777 -17.2245 4
    endloop
  endfacet
  facet normal -0 0 -1
    outer loop
      vertex -31.2934 -15.2483 4
      vertex -32.7091 -15.5621 4
      vertex -31.3776 -14.9595 4
    endloop
  endfacet
  facet normal 0 0 -1
    outer loop
      vertex -32.8878 -16.2925 4
      vertex -31.777 -17.2245 4
      vertex -31.9851 -17.4418 4
    endloop
  endfacet
  facet normal 0 0 -1
    outer loop
      vertex -32.7402 -15.4554 4
      vertex -31.3776 -14.9595 4
      vertex -32.7091 -15.5621 4
    endloop
  endfacet
  facet normal 0 0 -1
    outer loop
      vertex -32.9647 -16.3728 4
      vertex -31.9851 -17.4418 4
      vertex -32.2197 -17.6302 4
    endloop
  endfacet
  facet normal -0 0 -1
    outer loop
      vertex -31.3776 -14.9595 4
      vertex -32.7402 -15.4554 4
      vertex -31.4988 -14.6841 4
    endloop
  endfacet
  facet normal 0 0 -1
    outer loop
      vertex -33.0514 -16.4424 4
      vertex -32.2197 -17.6302 4
      vertex -32.4769 -17.7862 4
    endloop
  endfacet
  facet normal 0 0 -1
    outer loop
      vertex -32.785 -15.3536 4
      vertex -31.4988 -14.6841 4
      vertex -32.7402 -15.4554 4
    endloop
  endfacet
  facet normal -0 0 -1
    outer loop
      vertex -31.4988 -14.6841 4
      vertex -32.785 -15.3536 4
      vertex -31.6549 -14.4269 4
    endloop
  endfacet
  facet normal 0 0 -1
    outer loop
      vertex -31.2739 -16.1455 4
      vertex -32.7018 -15.8937 4
      vertex -32.6897 -15.7832 4
    endloop
  endfacet
  facet normal 0 0 -1
    outer loop
      vertex -31.3454 -16.4377 4
      vertex -32.7283 -16.0017 4
      vertex -32.7018 -15.8937 4
    endloop
  endfacet
  facet normal 0 0 -1
    outer loop
      vertex -33.1464 -16.5001 4
      vertex -32.4769 -17.7862 4
      vertex -32.7523 -17.9074 4
    endloop
  endfacet
  facet normal 0 0 -1
    outer loop
      vertex -31.4544 -16.7181 4
      vertex -32.7686 -16.1053 4
      vertex -32.7283 -16.0017 4
    endloop
  endfacet
  facet normal 0 0 -1
    outer loop
      vertex -31.5991 -16.9819 4
      vertex -32.822 -16.2028 4
      vertex -32.7686 -16.1053 4
    endloop
  endfacet
  facet normal 0 0 -1
    outer loop
      vertex -31.777 -17.2245 4
      vertex -32.8878 -16.2925 4
      vertex -32.822 -16.2028 4
    endloop
  endfacet
  facet normal 0 0 -1
    outer loop
      vertex -31.9851 -17.4418 4
      vertex -32.9647 -16.3728 4
      vertex -32.8878 -16.2925 4
    endloop
  endfacet
  facet normal 0 0 -1
    outer loop
      vertex -33.2482 -16.5448 4
      vertex -32.7523 -17.9074 4
      vertex -33.0411 -17.9916 4
    endloop
  endfacet
  facet normal 0 0 -1
    outer loop
      vertex -32.2197 -17.6302 4
      vertex -33.0514 -16.4424 4
      vertex -32.9647 -16.3728 4
    endloop
  endfacet
  facet normal 0 0 -1
    outer loop
      vertex -32.4769 -17.7862 4
      vertex -33.1464 -16.5001 4
      vertex -33.0514 -16.4424 4
    endloop
  endfacet
  facet normal 0 0 -1
    outer loop
      vertex -32.7523 -17.9074 4
      vertex -33.2482 -16.5448 4
      vertex -33.1464 -16.5001 4
    endloop
  endfacet
  facet normal 0 0 -1
    outer loop
      vertex -33.3549 -16.576 4
      vertex -33.0411 -17.9916 4
      vertex -33.3385 -18.0374 4
    endloop
  endfacet
  facet normal 0 0 -1
    outer loop
      vertex -33.0411 -17.9916 4
      vertex -33.3549 -16.576 4
      vertex -33.2482 -16.5448 4
    endloop
  endfacet
  facet normal 0 0 -1
    outer loop
      vertex -33.3385 -18.0374 4
      vertex -33.4648 -16.5929 4
      vertex -33.3549 -16.576 4
    endloop
  endfacet
  facet normal 0 0 -1
    outer loop
      vertex -33.3385 -18.0374 4
      vertex -33.576 -16.5953 4
      vertex -33.4648 -16.5929 4
    endloop
  endfacet
  facet normal 0 0 -1
    outer loop
      vertex -33.6392 -18.0439 4
      vertex -33.576 -16.5953 4
      vertex -33.3385 -18.0374 4
    endloop
  endfacet
  facet normal 0 0 -1
    outer loop
      vertex -33.6392 -18.0439 4
      vertex -33.6865 -16.5832 4
      vertex -33.576 -16.5953 4
    endloop
  endfacet
  facet normal 0 0 -1
    outer loop
      vertex -33.9383 -18.0112 4
      vertex -33.6865 -16.5832 4
      vertex -33.6392 -18.0439 4
    endloop
  endfacet
  facet normal -0 0 -1
    outer loop
      vertex -33.6865 -16.5832 4
      vertex -33.9383 -18.0112 4
      vertex -33.7945 -16.5568 4
    endloop
  endfacet
  facet normal 0 0 -1
    outer loop
      vertex -34.2305 -17.9397 4
      vertex -33.7945 -16.5568 4
      vertex -33.9383 -18.0112 4
    endloop
  endfacet
  facet normal -0 0 -1
    outer loop
      vertex -33.7945 -16.5568 4
      vertex -34.2305 -17.9397 4
      vertex -33.8981 -16.5165 4
    endloop
  endfacet
  facet normal 0 0 -1
    outer loop
      vertex -34.5109 -17.8306 4
      vertex -33.8981 -16.5165 4
      vertex -34.2305 -17.9397 4
    endloop
  endfacet
  facet normal -0 0 -1
    outer loop
      vertex -33.8981 -16.5165 4
      vertex -34.5109 -17.8306 4
      vertex -33.9956 -16.463 4
    endloop
  endfacet
  facet normal 0 0 -1
    outer loop
      vertex -34.7747 -17.6859 4
      vertex -33.9956 -16.463 4
      vertex -34.5109 -17.8306 4
    endloop
  endfacet
  facet normal -0 0 -1
    outer loop
      vertex -33.9956 -16.463 4
      vertex -34.7747 -17.6859 4
      vertex -34.0853 -16.3972 4
    endloop
  endfacet
  facet normal 0 0 -1
    outer loop
      vertex -35.0173 -17.508 4
      vertex -34.0853 -16.3972 4
      vertex -34.7747 -17.6859 4
    endloop
  endfacet
  facet normal -0 0 -1
    outer loop
      vertex -34.0853 -16.3972 4
      vertex -35.0173 -17.508 4
      vertex -34.1656 -16.3204 4
    endloop
  endfacet
  facet normal 0 0 -1
    outer loop
      vertex -35.2347 -17.3 4
      vertex -34.1656 -16.3204 4
      vertex -35.0173 -17.508 4
    endloop
  endfacet
  facet normal -0 0 -1
    outer loop
      vertex -34.1656 -16.3204 4
      vertex -35.2347 -17.3 4
      vertex -34.2352 -16.2336 4
    endloop
  endfacet
  facet normal -0 0 -1
    outer loop
      vertex -34.2352 -16.2336 4
      vertex -35.423 -17.0653 4
      vertex -34.2929 -16.1386 4
    endloop
  endfacet
  facet normal 0 0 -1
    outer loop
      vertex -35.423 -17.0653 4
      vertex -34.2352 -16.2336 4
      vertex -35.2347 -17.3 4
    endloop
  endfacet
  facet normal 0 0 -1
    outer loop
      vertex -32.8426 -15.2586 4
      vertex -31.6549 -14.4269 4
      vertex -32.785 -15.3536 4
    endloop
  endfacet
  facet normal -0 0 -1
    outer loop
      vertex -31.6549 -14.4269 4
      vertex -32.8426 -15.2586 4
      vertex -31.8432 -14.1922 4
    endloop
  endfacet
  facet normal 0 0 -1
    outer loop
      vertex -32.9122 -15.1719 4
      vertex -31.8432 -14.1922 4
      vertex -32.8426 -15.2586 4
    endloop
  endfacet
  facet normal -0 0 -1
    outer loop
      vertex -31.8432 -14.1922 4
      vertex -32.9122 -15.1719 4
      vertex -32.0605 -13.9842 4
    endloop
  endfacet
  facet normal 0 0 -1
    outer loop
      vertex -32.9925 -15.095 4
      vertex -32.0605 -13.9842 4
      vertex -32.9122 -15.1719 4
    endloop
  endfacet
  facet normal -0 0 -1
    outer loop
      vertex -32.0605 -13.9842 4
      vertex -32.9925 -15.095 4
      vertex -32.3031 -13.8063 4
    endloop
  endfacet
  facet normal 0 0 -1
    outer loop
      vertex -33.0822 -15.0292 4
      vertex -32.3031 -13.8063 4
      vertex -32.9925 -15.095 4
    endloop
  endfacet
  facet normal -0 0 -1
    outer loop
      vertex -32.3031 -13.8063 4
      vertex -33.0822 -15.0292 4
      vertex -32.5669 -13.6616 4
    endloop
  endfacet
  facet normal 0 0 -1
    outer loop
      vertex -33.1797 -14.9757 4
      vertex -32.5669 -13.6616 4
      vertex -33.0822 -15.0292 4
    endloop
  endfacet
  facet normal -0 0 -1
    outer loop
      vertex -32.5669 -13.6616 4
      vertex -33.1797 -14.9757 4
      vertex -32.8473 -13.5526 4
    endloop
  endfacet
  facet normal 0 0 -1
    outer loop
      vertex -33.2833 -14.9354 4
      vertex -32.8473 -13.5526 4
      vertex -33.1797 -14.9757 4
    endloop
  endfacet
  facet normal -0 0 -1
    outer loop
      vertex -32.8473 -13.5526 4
      vertex -33.2833 -14.9354 4
      vertex -33.1395 -13.481 4
    endloop
  endfacet
  facet normal 0 0 -1
    outer loop
      vertex -33.3913 -14.909 4
      vertex -33.1395 -13.481 4
      vertex -33.2833 -14.9354 4
    endloop
  endfacet
  facet normal 0 0 -1
    outer loop
      vertex -33.3913 -14.909 4
      vertex -33.4386 -13.4483 4
      vertex -33.1395 -13.481 4
    endloop
  endfacet
  facet normal 0 0 -1
    outer loop
      vertex -33.5018 -14.8969 4
      vertex -33.4386 -13.4483 4
      vertex -33.3913 -14.909 4
    endloop
  endfacet
  facet normal 0 0 -1
    outer loop
      vertex -33.613 -14.8993 4
      vertex -33.4386 -13.4483 4
      vertex -33.5018 -14.8969 4
    endloop
  endfacet
  facet normal 0 0 -1
    outer loop
      vertex -33.7394 -13.4549 4
      vertex -33.613 -14.8993 4
      vertex -33.7229 -14.9163 4
    endloop
  endfacet
  facet normal 0 0 -1
    outer loop
      vertex -33.613 -14.8993 4
      vertex -33.7394 -13.4549 4
      vertex -33.4386 -13.4483 4
    endloop
  endfacet
  facet normal 0 0 -1
    outer loop
      vertex -34.0367 -13.5006 4
      vertex -33.7229 -14.9163 4
      vertex -33.8296 -14.9474 4
    endloop
  endfacet
  facet normal 0 0 -1
    outer loop
      vertex -34.3256 -13.5848 4
      vertex -33.8296 -14.9474 4
      vertex -33.9314 -14.9921 4
    endloop
  endfacet
  facet normal 0 0 -1
    outer loop
      vertex -34.6009 -13.706 4
      vertex -33.9314 -14.9921 4
      vertex -34.0265 -15.0498 4
    endloop
  endfacet
  facet normal 0 0 -1
    outer loop
      vertex -33.7229 -14.9163 4
      vertex -34.0367 -13.5006 4
      vertex -33.7394 -13.4549 4
    endloop
  endfacet
  facet normal 0 0 -1
    outer loop
      vertex -34.8581 -13.8621 4
      vertex -34.0265 -15.0498 4
      vertex -34.1132 -15.1194 4
    endloop
  endfacet
  facet normal 0 0 -1
    outer loop
      vertex -35.0928 -14.0504 4
      vertex -34.1132 -15.1194 4
      vertex -34.1901 -15.1997 4
    endloop
  endfacet
  facet normal 0 0 -1
    outer loop
      vertex -35.3008 -14.2677 4
      vertex -34.1901 -15.1997 4
      vertex -34.2558 -15.2894 4
    endloop
  endfacet
  facet normal 0 0 -1
    outer loop
      vertex -35.4787 -14.5103 4
      vertex -34.2558 -15.2894 4
      vertex -34.3093 -15.3869 4
    endloop
  endfacet
  facet normal 0 0 -1
    outer loop
      vertex -33.8296 -14.9474 4
      vertex -34.3256 -13.5848 4
      vertex -34.0367 -13.5006 4
    endloop
  endfacet
  facet normal 0 0 -1
    outer loop
      vertex -35.6234 -14.7741 4
      vertex -34.3093 -15.3869 4
      vertex -34.3496 -15.4905 4
    endloop
  endfacet
  facet normal 0 0 -1
    outer loop
      vertex -35.7325 -15.0545 4
      vertex -34.3496 -15.4905 4
      vertex -34.376 -15.5985 4
    endloop
  endfacet
  facet normal 0 0 -1
    outer loop
      vertex -35.804 -15.3467 4
      vertex -34.376 -15.5985 4
      vertex -34.3881 -15.709 4
    endloop
  endfacet
  facet normal 0 0 -1
    outer loop
      vertex -35.579 -16.8081 4
      vertex -34.2929 -16.1386 4
      vertex -35.423 -17.0653 4
    endloop
  endfacet
  facet normal 0 0 -1
    outer loop
      vertex -33.9314 -14.9921 4
      vertex -34.6009 -13.706 4
      vertex -34.3256 -13.5848 4
    endloop
  endfacet
  facet normal -0 0 -1
    outer loop
      vertex -34.2929 -16.1386 4
      vertex -35.579 -16.8081 4
      vertex -34.3377 -16.0368 4
    endloop
  endfacet
  facet normal 0 0 -1
    outer loop
      vertex -34.0265 -15.0498 4
      vertex -34.8581 -13.8621 4
      vertex -34.6009 -13.706 4
    endloop
  endfacet
  facet normal 0 0 -1
    outer loop
      vertex -35.7002 -16.5328 4
      vertex -34.3377 -16.0368 4
      vertex -35.579 -16.8081 4
    endloop
  endfacet
  facet normal 0 0 -1
    outer loop
      vertex -34.1132 -15.1194 4
      vertex -35.0928 -14.0504 4
      vertex -34.8581 -13.8621 4
    endloop
  endfacet
  facet normal -0 0 -1
    outer loop
      vertex -34.3377 -16.0368 4
      vertex -35.7002 -16.5328 4
      vertex -34.3688 -15.9301 4
    endloop
  endfacet
  facet normal 0 0 -1
    outer loop
      vertex -34.1901 -15.1997 4
      vertex -35.3008 -14.2677 4
      vertex -35.0928 -14.0504 4
    endloop
  endfacet
  facet normal 0 0 -1
    outer loop
      vertex -35.7844 -16.2439 4
      vertex -34.3688 -15.9301 4
      vertex -35.7002 -16.5328 4
    endloop
  endfacet
  facet normal 0 0 -1
    outer loop
      vertex -34.2558 -15.2894 4
      vertex -35.4787 -14.5103 4
      vertex -35.3008 -14.2677 4
    endloop
  endfacet
  facet normal -0 0 -1
    outer loop
      vertex -34.3688 -15.9301 4
      vertex -35.7844 -16.2439 4
      vertex -34.3857 -15.8202 4
    endloop
  endfacet
  facet normal 0 0 -1
    outer loop
      vertex -34.3093 -15.3869 4
      vertex -35.6234 -14.7741 4
      vertex -35.4787 -14.5103 4
    endloop
  endfacet
  facet normal 0 0 -1
    outer loop
      vertex -35.8302 -15.9466 4
      vertex -34.3857 -15.8202 4
      vertex -35.7844 -16.2439 4
    endloop
  endfacet
  facet normal 0 0 -1
    outer loop
      vertex -34.3496 -15.4905 4
      vertex -35.7325 -15.0545 4
      vertex -35.6234 -14.7741 4
    endloop
  endfacet
  facet normal -0 0 -1
    outer loop
      vertex -34.3857 -15.8202 4
      vertex -35.8302 -15.9466 4
      vertex -34.3881 -15.709 4
    endloop
  endfacet
  facet normal 0 0 -1
    outer loop
      vertex -34.376 -15.5985 4
      vertex -35.804 -15.3467 4
      vertex -35.7325 -15.0545 4
    endloop
  endfacet
  facet normal 0 0 -1
    outer loop
      vertex -35.8367 -15.6458 4
      vertex -34.3881 -15.709 4
      vertex -35.8302 -15.9466 4
    endloop
  endfacet
  facet normal 0 0 -1
    outer loop
      vertex -34.3881 -15.709 4
      vertex -35.8367 -15.6458 4
      vertex -35.804 -15.3467 4
    endloop
  endfacet
  facet normal -0.625789 0.779993 0
    outer loop
      vertex -34.8581 -13.8621 4
      vertex -35.0928 -14.0504 6
      vertex -34.8581 -13.8621 6
    endloop
  endfacet
  facet normal -0.625789 0.779993 0
    outer loop
      vertex -35.0928 -14.0504 6
      vertex -34.8581 -13.8621 4
      vertex -35.0928 -14.0504 4
    endloop
  endfacet
  facet normal 0.626153 -0.7797 0
    outer loop
      vertex -32.2197 -17.6302 4
      vertex -31.9851 -17.4418 6
      vertex -32.2197 -17.6302 6
    endloop
  endfacet
  facet normal 0.626153 -0.7797 0
    outer loop
      vertex -31.9851 -17.4418 6
      vertex -32.2197 -17.6302 4
      vertex -31.9851 -17.4418 4
    endloop
  endfacet
  facet normal 0.806416 -0.591349 0
    outer loop
      vertex -31.777 -17.2245 6
      vertex -31.5991 -16.9819 4
      vertex -31.5991 -16.9819 6
    endloop
  endfacet
  facet normal 0.806416 -0.591349 0
    outer loop
      vertex -31.5991 -16.9819 4
      vertex -31.777 -17.2245 6
      vertex -31.777 -17.2245 4
    endloop
  endfacet
  facet normal -0.691313 -0.722555 0
    outer loop
      vertex -35.2347 -17.3 4
      vertex -35.0173 -17.508 6
      vertex -35.2347 -17.3 6
    endloop
  endfacet
  facet normal -0.691313 -0.722555 -0
    outer loop
      vertex -35.0173 -17.508 6
      vertex -35.2347 -17.3 4
      vertex -35.0173 -17.508 4
    endloop
  endfacet
  facet normal -0.931942 0.362607 0
    outer loop
      vertex -35.7325 -15.0545 4
      vertex -35.6234 -14.7741 6
      vertex -35.6234 -14.7741 4
    endloop
  endfacet
  facet normal -0.931942 0.362607 0
    outer loop
      vertex -35.6234 -14.7741 6
      vertex -35.7325 -15.0545 4
      vertex -35.7325 -15.0545 6
    endloop
  endfacet
  facet normal 0.237997 0.971266 -0
    outer loop
      vertex -32.8473 -13.5526 4
      vertex -33.1395 -13.481 6
      vertex -32.8473 -13.5526 6
    endloop
  endfacet
  facet normal 0.237997 0.971266 0
    outer loop
      vertex -33.1395 -13.481 6
      vertex -32.8473 -13.5526 4
      vertex -33.1395 -13.481 4
    endloop
  endfacet
  facet normal 0.691479 0.722396 -0
    outer loop
      vertex -31.8432 -14.1922 4
      vertex -32.0605 -13.9842 6
      vertex -31.8432 -14.1922 6
    endloop
  endfacet
  facet normal 0.691479 0.722396 0
    outer loop
      vertex -32.0605 -13.9842 6
      vertex -31.8432 -14.1922 4
      vertex -32.0605 -13.9842 4
    endloop
  endfacet
  facet normal -0.151932 0.988391 0
    outer loop
      vertex -33.7394 -13.4549 4
      vertex -34.0367 -13.5006 6
      vertex -33.7394 -13.4549 6
    endloop
  endfacet
  facet normal -0.151932 0.988391 0
    outer loop
      vertex -34.0367 -13.5006 6
      vertex -33.7394 -13.4549 4
      vertex -34.0367 -13.5006 4
    endloop
  endfacet
  facet normal 0.10868 0.994077 -0
    outer loop
      vertex -33.1395 -13.481 4
      vertex -33.4386 -13.4483 6
      vertex -33.1395 -13.481 6
    endloop
  endfacet
  facet normal 0.10868 0.994077 0
    outer loop
      vertex -33.4386 -13.4483 6
      vertex -33.1395 -13.481 4
      vertex -33.4386 -13.4483 4
    endloop
  endfacet
  facet normal -0.971343 0.237683 0
    outer loop
      vertex -35.804 -15.3467 4
      vertex -35.7325 -15.0545 6
      vertex -35.7325 -15.0545 4
    endloop
  endfacet
  facet normal -0.971343 0.237683 0
    outer loop
      vertex -35.7325 -15.0545 6
      vertex -35.804 -15.3467 4
      vertex -35.804 -15.3467 6
    endloop
  endfacet
  facet normal 0.779993 0.625789 0
    outer loop
      vertex -31.6549 -14.4269 6
      vertex -31.8432 -14.1922 4
      vertex -31.8432 -14.1922 6
    endloop
  endfacet
  facet normal 0.779993 0.625789 0
    outer loop
      vertex -31.8432 -14.1922 4
      vertex -31.6549 -14.4269 6
      vertex -31.6549 -14.4269 4
    endloop
  endfacet
  facet normal -0.960056 -0.279809 0
    outer loop
      vertex -35.7002 -16.5328 4
      vertex -35.7844 -16.2439 6
      vertex -35.7844 -16.2439 4
    endloop
  endfacet
  facet normal -0.960056 -0.279809 0
    outer loop
      vertex -35.7844 -16.2439 6
      vertex -35.7002 -16.5328 4
      vertex -35.7002 -16.5328 6
    endloop
  endfacet
  facet normal -0.591349 -0.806416 0
    outer loop
      vertex -35.0173 -17.508 4
      vertex -34.7747 -17.6859 6
      vertex -35.0173 -17.508 6
    endloop
  endfacet
  facet normal -0.591349 -0.806416 -0
    outer loop
      vertex -34.7747 -17.6859 6
      vertex -35.0173 -17.508 4
      vertex -34.7747 -17.6859 4
    endloop
  endfacet
  facet normal 0.518596 -0.855019 0
    outer loop
      vertex -32.4769 -17.7862 4
      vertex -32.2197 -17.6302 6
      vertex -32.4769 -17.7862 6
    endloop
  endfacet
  facet normal 0.518596 -0.855019 0
    outer loop
      vertex -32.2197 -17.6302 6
      vertex -32.4769 -17.7862 4
      vertex -32.2197 -17.6302 4
    endloop
  endfacet
  facet normal -0.915232 -0.402928 0
    outer loop
      vertex -35.579 -16.8081 4
      vertex -35.7002 -16.5328 6
      vertex -35.7002 -16.5328 4
    endloop
  endfacet
  facet normal -0.915232 -0.402928 0
    outer loop
      vertex -35.7002 -16.5328 6
      vertex -35.579 -16.8081 4
      vertex -35.579 -16.8081 6
    endloop
  endfacet
  facet normal 1 -0 0
    outer loop
      vertex -8.9 -30.3494 7.2
      vertex -8.9 -26.5494 0
      vertex -8.9 -26.5494 7.2
    endloop
  endfacet
  facet normal 1 0 0
    outer loop
      vertex -8.9 -26.5494 0
      vertex -8.9 -30.3494 7.2
      vertex -8.9 -30.3494 0
    endloop
  endfacet
  facet normal 0 -1 0
    outer loop
      vertex -5.96964 -26.5494 4.47269
      vertex -5.3 -26.5494 7.2
      vertex -8.9 -26.5494 7.2
    endloop
  endfacet
  facet normal -0 -1 0
    outer loop
      vertex -5.72095 -26.5494 4.61627
      vertex -5.3 -26.5494 7.2
      vertex -5.85 -26.5494 4.55263
    endloop
  endfacet
  facet normal -0 -1 0
    outer loop
      vertex -5.44358 -26.5494 4.69059
      vertex -5.3 -26.5494 7.2
      vertex -5.5847 -26.5494 4.66252
    endloop
  endfacet
  facet normal 0 -1 0
    outer loop
      vertex -5.3 -26.5494 7.2
      vertex -5.3 -26.5494 4.7
      vertex -4.83011 -26.5494 7.1692
    endloop
  endfacet
  facet normal 0 -1 0
    outer loop
      vertex -5.15642 -26.5494 4.69059
      vertex -4.83011 -26.5494 7.1692
      vertex -5.3 -26.5494 4.7
    endloop
  endfacet
  facet normal 0 -1 0
    outer loop
      vertex -5.0153 -26.5494 4.66252
      vertex -4.36825 -26.5494 7.07733
      vertex -5.15642 -26.5494 4.69059
    endloop
  endfacet
  facet normal 0 -1 0
    outer loop
      vertex -4.87905 -26.5494 4.61627
      vertex -3.92234 -26.5494 6.92597
      vertex -5.0153 -26.5494 4.66252
    endloop
  endfacet
  facet normal 0 -1 -0
    outer loop
      vertex -3.92234 -26.5494 6.92597
      vertex -4.87905 -26.5494 4.61627
      vertex -3.5 -26.5494 6.71769
    endloop
  endfacet
  facet normal 0 -1 -0
    outer loop
      vertex -3.5 -26.5494 6.71769
      vertex -4.75 -26.5494 4.55263
      vertex -3.10846 -26.5494 6.45607
    endloop
  endfacet
  facet normal 0 -1 0
    outer loop
      vertex -4.75 -26.5494 4.55263
      vertex -3.5 -26.5494 6.71769
      vertex -4.87905 -26.5494 4.61627
    endloop
  endfacet
  facet normal 0 -1 -0
    outer loop
      vertex -4.36825 -26.5494 7.07733
      vertex -5.0153 -26.5494 4.66252
      vertex -3.92234 -26.5494 6.92597
    endloop
  endfacet
  facet normal 0 -1 -0
    outer loop
      vertex -4.83011 -26.5494 7.1692
      vertex -5.15642 -26.5494 4.69059
      vertex -4.36825 -26.5494 7.07733
    endloop
  endfacet
  facet normal -0 -1 0
    outer loop
      vertex -5.3 -26.5494 4.7
      vertex -5.3 -26.5494 7.2
      vertex -5.44358 -26.5494 4.69059
    endloop
  endfacet
  facet normal -0 -1 0
    outer loop
      vertex -5.5847 -26.5494 4.66252
      vertex -5.3 -26.5494 7.2
      vertex -5.72095 -26.5494 4.61627
    endloop
  endfacet
  facet normal 0 -1 0
    outer loop
      vertex -5.3 -26.5494 7.2
      vertex -5.96964 -26.5494 4.47269
      vertex -5.85 -26.5494 4.55263
    endloop
  endfacet
  facet normal 0 -1 0
    outer loop
      vertex -8.9 -26.5494 7.2
      vertex -6.07782 -26.5494 4.37782
      vertex -5.96964 -26.5494 4.47269
    endloop
  endfacet
  facet normal 0 -1 0
    outer loop
      vertex -8.9 -26.5494 7.2
      vertex -6.17269 -26.5494 4.26964
      vertex -6.07782 -26.5494 4.37782
    endloop
  endfacet
  facet normal 0 -1 0
    outer loop
      vertex -8.9 -26.5494 7.2
      vertex -6.25263 -26.5494 4.15
      vertex -6.17269 -26.5494 4.26964
    endloop
  endfacet
  facet normal 0 -1 0
    outer loop
      vertex -8.9 -26.5494 7.2
      vertex -6.31627 -26.5494 4.02095
      vertex -6.25263 -26.5494 4.15
    endloop
  endfacet
  facet normal 0 -1 0
    outer loop
      vertex -8.9 -26.5494 7.2
      vertex -6.36252 -26.5494 3.8847
      vertex -6.31627 -26.5494 4.02095
    endloop
  endfacet
  facet normal 0 -1 0
    outer loop
      vertex -8.9 -26.5494 7.2
      vertex -6.39059 -26.5494 3.74358
      vertex -6.36252 -26.5494 3.8847
    endloop
  endfacet
  facet normal 0 -1 0
    outer loop
      vertex -8.9 -26.5494 7.2
      vertex -6.4 -26.5494 3.6
      vertex -6.39059 -26.5494 3.74358
    endloop
  endfacet
  facet normal 0 -1 0
    outer loop
      vertex -8.9 -26.5494 0
      vertex -6.4 -26.5494 3.6
      vertex -8.9 -26.5494 7.2
    endloop
  endfacet
  facet normal 0 -1 -0
    outer loop
      vertex -6.4 -26.5494 3.6
      vertex -8.9 -26.5494 0
      vertex -6.39059 -26.5494 3.45642
    endloop
  endfacet
  facet normal 0 -1 -0
    outer loop
      vertex -6.39059 -26.5494 3.45642
      vertex -8.9 -26.5494 0
      vertex -6.36252 -26.5494 3.3153
    endloop
  endfacet
  facet normal 0 -1 -0
    outer loop
      vertex -6.36252 -26.5494 3.3153
      vertex -8.9 -26.5494 0
      vertex -6.31627 -26.5494 3.17905
    endloop
  endfacet
  facet normal 0 -1 0
    outer loop
      vertex -5.3 -26.5494 5.72205e-07
      vertex -5.3 -26.5494 2.5
      vertex -5.44358 -26.5494 2.50941
    endloop
  endfacet
  facet normal 0 -1 0
    outer loop
      vertex -5.3 -26.5494 2.5
      vertex -2.18231 -26.5494 1.8
      vertex -1.97403 -26.5494 2.22234
    endloop
  endfacet
  facet normal 0 -1 0
    outer loop
      vertex -5.3 -26.5494 5.72205e-07
      vertex -5.44358 -26.5494 2.50941
      vertex -5.5847 -26.5494 2.53748
    endloop
  endfacet
  facet normal 0 -1 0
    outer loop
      vertex -5.3 -26.5494 2.5
      vertex -2.44393 -26.5494 1.40846
      vertex -2.18231 -26.5494 1.8
    endloop
  endfacet
  facet normal 0 -1 0
    outer loop
      vertex -5.3 -26.5494 5.72205e-07
      vertex -5.5847 -26.5494 2.53748
      vertex -5.72095 -26.5494 2.58373
    endloop
  endfacet
  facet normal 0 -1 0
    outer loop
      vertex -5.3 -26.5494 2.5
      vertex -2.75442 -26.5494 1.05442
      vertex -2.44393 -26.5494 1.40846
    endloop
  endfacet
  facet normal 0 -1 0
    outer loop
      vertex -5.3 -26.5494 5.72205e-07
      vertex -5.72095 -26.5494 2.58373
      vertex -5.85 -26.5494 2.64737
    endloop
  endfacet
  facet normal 0 -1 0
    outer loop
      vertex -5.3 -26.5494 2.5
      vertex -3.10846 -26.5494 0.743929
      vertex -2.75442 -26.5494 1.05442
    endloop
  endfacet
  facet normal 0 -1 0
    outer loop
      vertex -5.3 -26.5494 5.72205e-07
      vertex -5.85 -26.5494 2.64737
      vertex -5.96964 -26.5494 2.72731
    endloop
  endfacet
  facet normal 0 -1 0
    outer loop
      vertex -5.3 -26.5494 2.5
      vertex -3.5 -26.5494 0.482309
      vertex -3.10846 -26.5494 0.743929
    endloop
  endfacet
  facet normal 0 -1 0
    outer loop
      vertex -8.9 -26.5494 0
      vertex -5.96964 -26.5494 2.72731
      vertex -6.07782 -26.5494 2.82218
    endloop
  endfacet
  facet normal 0 -1 0
    outer loop
      vertex -5.3 -26.5494 2.5
      vertex -3.92234 -26.5494 0.274034
      vertex -3.5 -26.5494 0.482309
    endloop
  endfacet
  facet normal 0 -1 0
    outer loop
      vertex -8.9 -26.5494 0
      vertex -6.07782 -26.5494 2.82218
      vertex -6.17269 -26.5494 2.93036
    endloop
  endfacet
  facet normal 0 -1 0
    outer loop
      vertex -5.3 -26.5494 2.5
      vertex -4.36825 -26.5494 0.122668
      vertex -3.92234 -26.5494 0.274034
    endloop
  endfacet
  facet normal 0 -1 0
    outer loop
      vertex -8.9 -26.5494 0
      vertex -6.17269 -26.5494 2.93036
      vertex -6.25263 -26.5494 3.05
    endloop
  endfacet
  facet normal 0 -1 0
    outer loop
      vertex -5.3 -26.5494 2.5
      vertex -4.83011 -26.5494 0.0307985
      vertex -4.36825 -26.5494 0.122668
    endloop
  endfacet
  facet normal 0 -1 -0
    outer loop
      vertex -6.31627 -26.5494 3.17905
      vertex -8.9 -26.5494 0
      vertex -6.25263 -26.5494 3.05
    endloop
  endfacet
  facet normal 0 -1 0
    outer loop
      vertex -5.3 -26.5494 2.5
      vertex -5.3 -26.5494 5.72205e-07
      vertex -4.83011 -26.5494 0.0307985
    endloop
  endfacet
  facet normal 0 -1 -0
    outer loop
      vertex -5.96964 -26.5494 2.72731
      vertex -8.9 -26.5494 0
      vertex -5.3 -26.5494 5.72205e-07
    endloop
  endfacet
  facet normal 0 -1 -0
    outer loop
      vertex -5.3 -26.5494 5.72205e-07
      vertex -8.9 -26.5494 0
      vertex -5.3 -26.5494 0
    endloop
  endfacet
  facet normal 0 -1 0
    outer loop
      vertex -4.63036 -26.5494 4.47269
      vertex -3.10846 -26.5494 6.45607
      vertex -4.75 -26.5494 4.55263
    endloop
  endfacet
  facet normal 0 -1 -0
    outer loop
      vertex -3.10846 -26.5494 6.45607
      vertex -4.63036 -26.5494 4.47269
      vertex -2.75442 -26.5494 6.14558
    endloop
  endfacet
  facet normal 0 -1 0
    outer loop
      vertex -4.52218 -26.5494 4.37782
      vertex -2.75442 -26.5494 6.14558
      vertex -4.63036 -26.5494 4.47269
    endloop
  endfacet
  facet normal 0 -1 -0
    outer loop
      vertex -2.75442 -26.5494 6.14558
      vertex -4.52218 -26.5494 4.37782
      vertex -2.44393 -26.5494 5.79154
    endloop
  endfacet
  facet normal 0 -1 0
    outer loop
      vertex -4.42731 -26.5494 4.26964
      vertex -2.44393 -26.5494 5.79154
      vertex -4.52218 -26.5494 4.37782
    endloop
  endfacet
  facet normal 0 -1 -0
    outer loop
      vertex -2.44393 -26.5494 5.79154
      vertex -4.42731 -26.5494 4.26964
      vertex -2.18231 -26.5494 5.4
    endloop
  endfacet
  facet normal 0 -1 0
    outer loop
      vertex -4.34737 -26.5494 4.15
      vertex -2.18231 -26.5494 5.4
      vertex -4.42731 -26.5494 4.26964
    endloop
  endfacet
  facet normal 0 -1 -0
    outer loop
      vertex -2.18231 -26.5494 5.4
      vertex -4.34737 -26.5494 4.15
      vertex -1.97403 -26.5494 4.97766
    endloop
  endfacet
  facet normal 0 -1 0
    outer loop
      vertex -4.28373 -26.5494 4.02095
      vertex -1.97403 -26.5494 4.97766
      vertex -4.34737 -26.5494 4.15
    endloop
  endfacet
  facet normal 0 -1 -0
    outer loop
      vertex -1.97403 -26.5494 4.97766
      vertex -4.28373 -26.5494 4.02095
      vertex -1.82267 -26.5494 4.53175
    endloop
  endfacet
  facet normal 0 -1 0
    outer loop
      vertex -4.23748 -26.5494 3.8847
      vertex -1.82267 -26.5494 4.53175
      vertex -4.28373 -26.5494 4.02095
    endloop
  endfacet
  facet normal 0 -1 -0
    outer loop
      vertex -1.82267 -26.5494 4.53175
      vertex -4.23748 -26.5494 3.8847
      vertex -1.7308 -26.5494 4.06989
    endloop
  endfacet
  facet normal 0 -1 0
    outer loop
      vertex -4.20941 -26.5494 3.74358
      vertex -1.7308 -26.5494 4.06989
      vertex -4.23748 -26.5494 3.8847
    endloop
  endfacet
  facet normal 0 -1 0
    outer loop
      vertex -4.20941 -26.5494 3.74358
      vertex -1.7 -26.5494 3.6
      vertex -1.7308 -26.5494 4.06989
    endloop
  endfacet
  facet normal 0 -1 0
    outer loop
      vertex -4.2 -26.5494 3.6
      vertex -1.7 -26.5494 3.6
      vertex -4.20941 -26.5494 3.74358
    endloop
  endfacet
  facet normal 0 -1 0
    outer loop
      vertex -4.20941 -26.5494 3.45642
      vertex -1.7 -26.5494 3.6
      vertex -4.2 -26.5494 3.6
    endloop
  endfacet
  facet normal 0 -1 0
    outer loop
      vertex -1.7308 -26.5494 3.13011
      vertex -4.20941 -26.5494 3.45642
      vertex -4.23748 -26.5494 3.3153
    endloop
  endfacet
  facet normal 0 -1 0
    outer loop
      vertex -1.82267 -26.5494 2.66825
      vertex -4.23748 -26.5494 3.3153
      vertex -4.28373 -26.5494 3.17905
    endloop
  endfacet
  facet normal 0 -1 0
    outer loop
      vertex -4.20941 -26.5494 3.45642
      vertex -1.7308 -26.5494 3.13011
      vertex -1.7 -26.5494 3.6
    endloop
  endfacet
  facet normal 0 -1 0
    outer loop
      vertex -1.97403 -26.5494 2.22234
      vertex -4.28373 -26.5494 3.17905
      vertex -4.34737 -26.5494 3.05
    endloop
  endfacet
  facet normal 0 -1 0
    outer loop
      vertex -1.97403 -26.5494 2.22234
      vertex -4.34737 -26.5494 3.05
      vertex -4.42731 -26.5494 2.93036
    endloop
  endfacet
  facet normal 0 -1 0
    outer loop
      vertex -1.97403 -26.5494 2.22234
      vertex -4.42731 -26.5494 2.93036
      vertex -4.52218 -26.5494 2.82218
    endloop
  endfacet
  facet normal 0 -1 0
    outer loop
      vertex -1.97403 -26.5494 2.22234
      vertex -4.52218 -26.5494 2.82218
      vertex -4.63036 -26.5494 2.72731
    endloop
  endfacet
  facet normal 0 -1 0
    outer loop
      vertex -4.23748 -26.5494 3.3153
      vertex -1.82267 -26.5494 2.66825
      vertex -1.7308 -26.5494 3.13011
    endloop
  endfacet
  facet normal 0 -1 0
    outer loop
      vertex -1.97403 -26.5494 2.22234
      vertex -4.63036 -26.5494 2.72731
      vertex -4.75 -26.5494 2.64737
    endloop
  endfacet
  facet normal 0 -1 0
    outer loop
      vertex -1.97403 -26.5494 2.22234
      vertex -4.75 -26.5494 2.64737
      vertex -4.87905 -26.5494 2.58373
    endloop
  endfacet
  facet normal 0 -1 0
    outer loop
      vertex -1.97403 -26.5494 2.22234
      vertex -4.87905 -26.5494 2.58373
      vertex -5.0153 -26.5494 2.53748
    endloop
  endfacet
  facet normal 0 -1 0
    outer loop
      vertex -1.97403 -26.5494 2.22234
      vertex -5.0153 -26.5494 2.53748
      vertex -5.15642 -26.5494 2.50941
    endloop
  endfacet
  facet normal 0 -1 0
    outer loop
      vertex -1.97403 -26.5494 2.22234
      vertex -5.15642 -26.5494 2.50941
      vertex -5.3 -26.5494 2.5
    endloop
  endfacet
  facet normal 0 -1 0
    outer loop
      vertex -4.28373 -26.5494 3.17905
      vertex -1.97403 -26.5494 2.22234
      vertex -1.82267 -26.5494 2.66825
    endloop
  endfacet
  facet normal 0 1 0
    outer loop
      vertex -4.83011 -30.3494 7.1692
      vertex -5.15642 -30.3494 4.69059
      vertex -5.3 -30.3494 4.7
    endloop
  endfacet
  facet normal 0 1 0
    outer loop
      vertex -2.18231 -30.3494 5.4
      vertex -5.0153 -30.3494 4.66252
      vertex -5.15642 -30.3494 4.69059
    endloop
  endfacet
  facet normal 0 1 0
    outer loop
      vertex -2.18231 -30.3494 5.4
      vertex -4.87905 -30.3494 4.61627
      vertex -5.0153 -30.3494 4.66252
    endloop
  endfacet
  facet normal 0 1 0
    outer loop
      vertex -2.18231 -30.3494 5.4
      vertex -4.75 -30.3494 4.55263
      vertex -4.87905 -30.3494 4.61627
    endloop
  endfacet
  facet normal 0 1 0
    outer loop
      vertex -4.28373 -30.3494 4.02095
      vertex -1.97403 -30.3494 4.97766
      vertex -1.82267 -30.3494 4.53175
    endloop
  endfacet
  facet normal 0 1 0
    outer loop
      vertex -2.18231 -30.3494 5.4
      vertex -4.63036 -30.3494 4.47269
      vertex -4.75 -30.3494 4.55263
    endloop
  endfacet
  facet normal 0 1 0
    outer loop
      vertex -2.18231 -30.3494 5.4
      vertex -4.52218 -30.3494 4.37782
      vertex -4.63036 -30.3494 4.47269
    endloop
  endfacet
  facet normal 0 1 0
    outer loop
      vertex -2.18231 -30.3494 5.4
      vertex -4.42731 -30.3494 4.26964
      vertex -4.52218 -30.3494 4.37782
    endloop
  endfacet
  facet normal 0 1 0
    outer loop
      vertex -2.18231 -30.3494 5.4
      vertex -4.34737 -30.3494 4.15
      vertex -4.42731 -30.3494 4.26964
    endloop
  endfacet
  facet normal 0 1 0
    outer loop
      vertex -4.23748 -30.3494 3.8847
      vertex -1.82267 -30.3494 4.53175
      vertex -1.7308 -30.3494 4.06989
    endloop
  endfacet
  facet normal 0 1 0
    outer loop
      vertex -1.97403 -30.3494 4.97766
      vertex -4.28373 -30.3494 4.02095
      vertex -4.34737 -30.3494 4.15
    endloop
  endfacet
  facet normal 0 1 0
    outer loop
      vertex -1.82267 -30.3494 4.53175
      vertex -4.23748 -30.3494 3.8847
      vertex -4.28373 -30.3494 4.02095
    endloop
  endfacet
  facet normal 0 1 0
    outer loop
      vertex -1.7308 -30.3494 4.06989
      vertex -4.20941 -30.3494 3.74358
      vertex -4.23748 -30.3494 3.8847
    endloop
  endfacet
  facet normal 0 1 0
    outer loop
      vertex -1.7 -30.3494 3.6
      vertex -4.20941 -30.3494 3.74358
      vertex -1.7308 -30.3494 4.06989
    endloop
  endfacet
  facet normal 0 1 0
    outer loop
      vertex -1.7 -30.3494 3.6
      vertex -4.2 -30.3494 3.6
      vertex -4.20941 -30.3494 3.74358
    endloop
  endfacet
  facet normal 0 1 0
    outer loop
      vertex -1.7 -30.3494 3.6
      vertex -4.20941 -30.3494 3.45642
      vertex -4.2 -30.3494 3.6
    endloop
  endfacet
  facet normal 0 1 -0
    outer loop
      vertex -1.7308 -30.3494 3.13011
      vertex -4.20941 -30.3494 3.45642
      vertex -1.7 -30.3494 3.6
    endloop
  endfacet
  facet normal 0 1 0
    outer loop
      vertex -4.20941 -30.3494 3.45642
      vertex -1.7308 -30.3494 3.13011
      vertex -4.23748 -30.3494 3.3153
    endloop
  endfacet
  facet normal 0 1 -0
    outer loop
      vertex -1.82267 -30.3494 2.66825
      vertex -4.23748 -30.3494 3.3153
      vertex -1.7308 -30.3494 3.13011
    endloop
  endfacet
  facet normal 0 1 0
    outer loop
      vertex -4.23748 -30.3494 3.3153
      vertex -1.82267 -30.3494 2.66825
      vertex -4.28373 -30.3494 3.17905
    endloop
  endfacet
  facet normal 0 1 -0
    outer loop
      vertex -1.97403 -30.3494 2.22234
      vertex -4.28373 -30.3494 3.17905
      vertex -1.82267 -30.3494 2.66825
    endloop
  endfacet
  facet normal 0 1 0
    outer loop
      vertex -4.28373 -30.3494 3.17905
      vertex -1.97403 -30.3494 2.22234
      vertex -4.34737 -30.3494 3.05
    endloop
  endfacet
  facet normal 0 1 -0
    outer loop
      vertex -2.18231 -30.3494 1.8
      vertex -4.34737 -30.3494 3.05
      vertex -1.97403 -30.3494 2.22234
    endloop
  endfacet
  facet normal 0 1 0
    outer loop
      vertex -4.34737 -30.3494 3.05
      vertex -2.18231 -30.3494 1.8
      vertex -4.42731 -30.3494 2.93036
    endloop
  endfacet
  facet normal 0 1 -0
    outer loop
      vertex -2.44393 -30.3494 1.40846
      vertex -4.42731 -30.3494 2.93036
      vertex -2.18231 -30.3494 1.8
    endloop
  endfacet
  facet normal 0 1 0
    outer loop
      vertex -4.42731 -30.3494 2.93036
      vertex -2.44393 -30.3494 1.40846
      vertex -4.52218 -30.3494 2.82218
    endloop
  endfacet
  facet normal 0 1 -0
    outer loop
      vertex -2.75442 -30.3494 1.05442
      vertex -4.52218 -30.3494 2.82218
      vertex -2.44393 -30.3494 1.40846
    endloop
  endfacet
  facet normal 0 1 0
    outer loop
      vertex -4.52218 -30.3494 2.82218
      vertex -2.75442 -30.3494 1.05442
      vertex -4.63036 -30.3494 2.72731
    endloop
  endfacet
  facet normal 0 1 -0
    outer loop
      vertex -3.10846 -30.3494 0.743929
      vertex -4.63036 -30.3494 2.72731
      vertex -2.75442 -30.3494 1.05442
    endloop
  endfacet
  facet normal 0 1 0
    outer loop
      vertex -4.63036 -30.3494 2.72731
      vertex -3.10846 -30.3494 0.743929
      vertex -4.75 -30.3494 2.64737
    endloop
  endfacet
  facet normal 0 1 0
    outer loop
      vertex -5.3 -30.3494 4.7
      vertex -5.3 -30.3494 7.2
      vertex -4.83011 -30.3494 7.1692
    endloop
  endfacet
  facet normal 0 1 0
    outer loop
      vertex -5.15642 -30.3494 4.69059
      vertex -4.83011 -30.3494 7.1692
      vertex -4.36825 -30.3494 7.07733
    endloop
  endfacet
  facet normal 0 1 0
    outer loop
      vertex -5.15642 -30.3494 4.69059
      vertex -4.36825 -30.3494 7.07733
      vertex -3.92234 -30.3494 6.92597
    endloop
  endfacet
  facet normal 0 1 0
    outer loop
      vertex -5.15642 -30.3494 4.69059
      vertex -3.92234 -30.3494 6.92597
      vertex -3.5 -30.3494 6.71769
    endloop
  endfacet
  facet normal 0 1 0
    outer loop
      vertex -5.15642 -30.3494 4.69059
      vertex -3.5 -30.3494 6.71769
      vertex -3.10846 -30.3494 6.45607
    endloop
  endfacet
  facet normal 0 1 0
    outer loop
      vertex -5.15642 -30.3494 4.69059
      vertex -3.10846 -30.3494 6.45607
      vertex -2.75442 -30.3494 6.14558
    endloop
  endfacet
  facet normal 0 1 0
    outer loop
      vertex -5.15642 -30.3494 4.69059
      vertex -2.75442 -30.3494 6.14558
      vertex -2.44393 -30.3494 5.79154
    endloop
  endfacet
  facet normal 0 1 0
    outer loop
      vertex -5.15642 -30.3494 4.69059
      vertex -2.44393 -30.3494 5.79154
      vertex -2.18231 -30.3494 5.4
    endloop
  endfacet
  facet normal 0 1 0
    outer loop
      vertex -4.34737 -30.3494 4.15
      vertex -2.18231 -30.3494 5.4
      vertex -1.97403 -30.3494 4.97766
    endloop
  endfacet
  facet normal 0 1 0
    outer loop
      vertex -5.3 -30.3494 7.2
      vertex -5.3 -30.3494 4.7
      vertex -5.44358 -30.3494 4.69059
    endloop
  endfacet
  facet normal 0 1 0
    outer loop
      vertex -5.3 -30.3494 7.2
      vertex -5.44358 -30.3494 4.69059
      vertex -5.5847 -30.3494 4.66252
    endloop
  endfacet
  facet normal 0 1 0
    outer loop
      vertex -5.3 -30.3494 7.2
      vertex -5.5847 -30.3494 4.66252
      vertex -5.72095 -30.3494 4.61627
    endloop
  endfacet
  facet normal 0 1 0
    outer loop
      vertex -5.3 -30.3494 7.2
      vertex -5.72095 -30.3494 4.61627
      vertex -5.85 -30.3494 4.55263
    endloop
  endfacet
  facet normal 0 1 0
    outer loop
      vertex -5.96964 -30.3494 4.47269
      vertex -5.3 -30.3494 7.2
      vertex -5.85 -30.3494 4.55263
    endloop
  endfacet
  facet normal 0 1 0
    outer loop
      vertex -5.3 -30.3494 7.2
      vertex -5.96964 -30.3494 4.47269
      vertex -8.9 -30.3494 7.2
    endloop
  endfacet
  facet normal 0 1 -0
    outer loop
      vertex -6.07782 -30.3494 4.37782
      vertex -8.9 -30.3494 7.2
      vertex -5.96964 -30.3494 4.47269
    endloop
  endfacet
  facet normal 0 1 -0
    outer loop
      vertex -6.17269 -30.3494 4.26964
      vertex -8.9 -30.3494 7.2
      vertex -6.07782 -30.3494 4.37782
    endloop
  endfacet
  facet normal 0 1 -0
    outer loop
      vertex -6.25263 -30.3494 4.15
      vertex -8.9 -30.3494 7.2
      vertex -6.17269 -30.3494 4.26964
    endloop
  endfacet
  facet normal 0 1 -0
    outer loop
      vertex -6.31627 -30.3494 4.02095
      vertex -8.9 -30.3494 7.2
      vertex -6.25263 -30.3494 4.15
    endloop
  endfacet
  facet normal 0 1 -0
    outer loop
      vertex -6.36252 -30.3494 3.8847
      vertex -8.9 -30.3494 7.2
      vertex -6.31627 -30.3494 4.02095
    endloop
  endfacet
  facet normal 0 1 -0
    outer loop
      vertex -6.39059 -30.3494 3.74358
      vertex -8.9 -30.3494 7.2
      vertex -6.36252 -30.3494 3.8847
    endloop
  endfacet
  facet normal 0 1 -0
    outer loop
      vertex -6.4 -30.3494 3.6
      vertex -8.9 -30.3494 7.2
      vertex -6.39059 -30.3494 3.74358
    endloop
  endfacet
  facet normal 0 1 0
    outer loop
      vertex -8.9 -30.3494 0
      vertex -6.4 -30.3494 3.6
      vertex -6.39059 -30.3494 3.45642
    endloop
  endfacet
  facet normal 0 1 0
    outer loop
      vertex -8.9 -30.3494 0
      vertex -6.39059 -30.3494 3.45642
      vertex -6.36252 -30.3494 3.3153
    endloop
  endfacet
  facet normal 0 1 0
    outer loop
      vertex -8.9 -30.3494 0
      vertex -6.36252 -30.3494 3.3153
      vertex -6.31627 -30.3494 3.17905
    endloop
  endfacet
  facet normal 0 1 0
    outer loop
      vertex -8.9 -30.3494 0
      vertex -6.31627 -30.3494 3.17905
      vertex -6.25263 -30.3494 3.05
    endloop
  endfacet
  facet normal 0 1 -0
    outer loop
      vertex -3.5 -30.3494 0.482309
      vertex -4.75 -30.3494 2.64737
      vertex -3.10846 -30.3494 0.743929
    endloop
  endfacet
  facet normal 0 1 0
    outer loop
      vertex -4.75 -30.3494 2.64737
      vertex -3.5 -30.3494 0.482309
      vertex -4.87905 -30.3494 2.58373
    endloop
  endfacet
  facet normal 0 1 -0
    outer loop
      vertex -3.92234 -30.3494 0.274034
      vertex -4.87905 -30.3494 2.58373
      vertex -3.5 -30.3494 0.482309
    endloop
  endfacet
  facet normal 0 1 0
    outer loop
      vertex -4.87905 -30.3494 2.58373
      vertex -3.92234 -30.3494 0.274034
      vertex -5.0153 -30.3494 2.53748
    endloop
  endfacet
  facet normal 0 1 -0
    outer loop
      vertex -4.36825 -30.3494 0.122668
      vertex -5.0153 -30.3494 2.53748
      vertex -3.92234 -30.3494 0.274034
    endloop
  endfacet
  facet normal 0 1 0
    outer loop
      vertex -5.0153 -30.3494 2.53748
      vertex -4.36825 -30.3494 0.122668
      vertex -5.15642 -30.3494 2.50941
    endloop
  endfacet
  facet normal 0 1 -0
    outer loop
      vertex -4.83011 -30.3494 0.0307985
      vertex -5.15642 -30.3494 2.50941
      vertex -4.36825 -30.3494 0.122668
    endloop
  endfacet
  facet normal 0 1 0
    outer loop
      vertex -5.15642 -30.3494 2.50941
      vertex -4.83011 -30.3494 0.0307985
      vertex -5.3 -30.3494 2.5
    endloop
  endfacet
  facet normal 0 1 0
    outer loop
      vertex -5.3 -30.3494 5.72205e-07
      vertex -5.3 -30.3494 2.5
      vertex -4.83011 -30.3494 0.0307985
    endloop
  endfacet
  facet normal 0 1 0
    outer loop
      vertex -5.3 -30.3494 2.5
      vertex -5.3 -30.3494 5.72205e-07
      vertex -5.44358 -30.3494 2.50941
    endloop
  endfacet
  facet normal 0 1 0
    outer loop
      vertex -5.44358 -30.3494 2.50941
      vertex -5.3 -30.3494 5.72205e-07
      vertex -5.5847 -30.3494 2.53748
    endloop
  endfacet
  facet normal 0 1 0
    outer loop
      vertex -5.5847 -30.3494 2.53748
      vertex -5.3 -30.3494 5.72205e-07
      vertex -5.72095 -30.3494 2.58373
    endloop
  endfacet
  facet normal 0 1 0
    outer loop
      vertex -5.72095 -30.3494 2.58373
      vertex -5.3 -30.3494 5.72205e-07
      vertex -5.85 -30.3494 2.64737
    endloop
  endfacet
  facet normal 0 1 0
    outer loop
      vertex -5.85 -30.3494 2.64737
      vertex -5.3 -30.3494 5.72205e-07
      vertex -5.96964 -30.3494 2.72731
    endloop
  endfacet
  facet normal 0 1 0
    outer loop
      vertex -8.9 -30.3494 0
      vertex -5.96964 -30.3494 2.72731
      vertex -5.3 -30.3494 5.72205e-07
    endloop
  endfacet
  facet normal 0 1 0
    outer loop
      vertex -5.96964 -30.3494 2.72731
      vertex -8.9 -30.3494 0
      vertex -6.07782 -30.3494 2.82218
    endloop
  endfacet
  facet normal 0 1 0
    outer loop
      vertex -6.07782 -30.3494 2.82218
      vertex -8.9 -30.3494 0
      vertex -6.17269 -30.3494 2.93036
    endloop
  endfacet
  facet normal 0 1 0
    outer loop
      vertex -6.17269 -30.3494 2.93036
      vertex -8.9 -30.3494 0
      vertex -6.25263 -30.3494 3.05
    endloop
  endfacet
  facet normal 0 1 0
    outer loop
      vertex -8.9 -30.3494 0
      vertex -5.3 -30.3494 5.72205e-07
      vertex -5.3 -30.3494 0
    endloop
  endfacet
  facet normal 0 1 0
    outer loop
      vertex -6.4 -30.3494 3.6
      vertex -8.9 -30.3494 0
      vertex -8.9 -30.3494 7.2
    endloop
  endfacet
  facet normal 1 -0 0
    outer loop
      vertex -8.9 47.0333 7.2
      vertex -8.9 50.8333 0
      vertex -8.9 50.8333 7.2
    endloop
  endfacet
  facet normal 1 0 0
    outer loop
      vertex -8.9 50.8333 0
      vertex -8.9 47.0333 7.2
      vertex -8.9 47.0333 0
    endloop
  endfacet
  facet normal 0 -1 0
    outer loop
      vertex -5.96964 50.8333 4.47269
      vertex -5.3 50.8333 7.2
      vertex -8.9 50.8333 7.2
    endloop
  endfacet
  facet normal -0 -1 0
    outer loop
      vertex -5.72095 50.8333 4.61627
      vertex -5.3 50.8333 7.2
      vertex -5.85 50.8333 4.55263
    endloop
  endfacet
  facet normal -0 -1 0
    outer loop
      vertex -5.44358 50.8333 4.69059
      vertex -5.3 50.8333 7.2
      vertex -5.5847 50.8333 4.66252
    endloop
  endfacet
  facet normal 0 -1 0
    outer loop
      vertex -5.3 50.8333 7.2
      vertex -5.3 50.8333 4.7
      vertex -4.83011 50.8333 7.1692
    endloop
  endfacet
  facet normal 0 -1 0
    outer loop
      vertex -5.15642 50.8333 4.69059
      vertex -4.83011 50.8333 7.1692
      vertex -5.3 50.8333 4.7
    endloop
  endfacet
  facet normal 0 -1 0
    outer loop
      vertex -5.0153 50.8333 4.66252
      vertex -4.36825 50.8333 7.07733
      vertex -5.15642 50.8333 4.69059
    endloop
  endfacet
  facet normal 0 -1 0
    outer loop
      vertex -4.87905 50.8333 4.61627
      vertex -3.92234 50.8333 6.92597
      vertex -5.0153 50.8333 4.66252
    endloop
  endfacet
  facet normal 0 -1 -0
    outer loop
      vertex -3.92234 50.8333 6.92597
      vertex -4.87905 50.8333 4.61627
      vertex -3.5 50.8333 6.71769
    endloop
  endfacet
  facet normal 0 -1 -0
    outer loop
      vertex -3.5 50.8333 6.71769
      vertex -4.75 50.8333 4.55263
      vertex -3.10846 50.8333 6.45607
    endloop
  endfacet
  facet normal 0 -1 0
    outer loop
      vertex -4.75 50.8333 4.55263
      vertex -3.5 50.8333 6.71769
      vertex -4.87905 50.8333 4.61627
    endloop
  endfacet
  facet normal 0 -1 -0
    outer loop
      vertex -4.36825 50.8333 7.07733
      vertex -5.0153 50.8333 4.66252
      vertex -3.92234 50.8333 6.92597
    endloop
  endfacet
  facet normal 0 -1 -0
    outer loop
      vertex -4.83011 50.8333 7.1692
      vertex -5.15642 50.8333 4.69059
      vertex -4.36825 50.8333 7.07733
    endloop
  endfacet
  facet normal -0 -1 0
    outer loop
      vertex -5.3 50.8333 4.7
      vertex -5.3 50.8333 7.2
      vertex -5.44358 50.8333 4.69059
    endloop
  endfacet
  facet normal -0 -1 0
    outer loop
      vertex -5.5847 50.8333 4.66252
      vertex -5.3 50.8333 7.2
      vertex -5.72095 50.8333 4.61627
    endloop
  endfacet
  facet normal 0 -1 0
    outer loop
      vertex -5.3 50.8333 7.2
      vertex -5.96964 50.8333 4.47269
      vertex -5.85 50.8333 4.55263
    endloop
  endfacet
  facet normal 0 -1 0
    outer loop
      vertex -8.9 50.8333 7.2
      vertex -6.07782 50.8333 4.37782
      vertex -5.96964 50.8333 4.47269
    endloop
  endfacet
  facet normal 0 -1 0
    outer loop
      vertex -8.9 50.8333 7.2
      vertex -6.17269 50.8333 4.26964
      vertex -6.07782 50.8333 4.37782
    endloop
  endfacet
  facet normal 0 -1 0
    outer loop
      vertex -8.9 50.8333 7.2
      vertex -6.25263 50.8333 4.15
      vertex -6.17269 50.8333 4.26964
    endloop
  endfacet
  facet normal 0 -1 0
    outer loop
      vertex -8.9 50.8333 7.2
      vertex -6.31627 50.8333 4.02095
      vertex -6.25263 50.8333 4.15
    endloop
  endfacet
  facet normal 0 -1 0
    outer loop
      vertex -8.9 50.8333 7.2
      vertex -6.36252 50.8333 3.8847
      vertex -6.31627 50.8333 4.02095
    endloop
  endfacet
  facet normal 0 -1 0
    outer loop
      vertex -8.9 50.8333 7.2
      vertex -6.39059 50.8333 3.74358
      vertex -6.36252 50.8333 3.8847
    endloop
  endfacet
  facet normal 0 -1 0
    outer loop
      vertex -8.9 50.8333 7.2
      vertex -6.4 50.8333 3.6
      vertex -6.39059 50.8333 3.74358
    endloop
  endfacet
  facet normal 0 -1 0
    outer loop
      vertex -8.9 50.8333 0
      vertex -6.4 50.8333 3.6
      vertex -8.9 50.8333 7.2
    endloop
  endfacet
  facet normal 0 -1 -0
    outer loop
      vertex -6.4 50.8333 3.6
      vertex -8.9 50.8333 0
      vertex -6.39059 50.8333 3.45642
    endloop
  endfacet
  facet normal 0 -1 -0
    outer loop
      vertex -6.39059 50.8333 3.45642
      vertex -8.9 50.8333 0
      vertex -6.36252 50.8333 3.3153
    endloop
  endfacet
  facet normal 0 -1 -0
    outer loop
      vertex -6.36252 50.8333 3.3153
      vertex -8.9 50.8333 0
      vertex -6.31627 50.8333 3.17905
    endloop
  endfacet
  facet normal 0 -1 0
    outer loop
      vertex -5.3 50.8333 5.72205e-07
      vertex -5.3 50.8333 2.5
      vertex -5.44358 50.8333 2.50941
    endloop
  endfacet
  facet normal 0 -1 0
    outer loop
      vertex -5.3 50.8333 2.5
      vertex -2.18231 50.8333 1.8
      vertex -1.97403 50.8333 2.22234
    endloop
  endfacet
  facet normal 0 -1 0
    outer loop
      vertex -5.3 50.8333 5.72205e-07
      vertex -5.44358 50.8333 2.50941
      vertex -5.5847 50.8333 2.53748
    endloop
  endfacet
  facet normal 0 -1 0
    outer loop
      vertex -5.3 50.8333 2.5
      vertex -2.44393 50.8333 1.40846
      vertex -2.18231 50.8333 1.8
    endloop
  endfacet
  facet normal 0 -1 0
    outer loop
      vertex -5.3 50.8333 5.72205e-07
      vertex -5.5847 50.8333 2.53748
      vertex -5.72095 50.8333 2.58373
    endloop
  endfacet
  facet normal 0 -1 0
    outer loop
      vertex -5.3 50.8333 2.5
      vertex -2.75442 50.8333 1.05442
      vertex -2.44393 50.8333 1.40846
    endloop
  endfacet
  facet normal 0 -1 0
    outer loop
      vertex -5.3 50.8333 5.72205e-07
      vertex -5.72095 50.8333 2.58373
      vertex -5.85 50.8333 2.64737
    endloop
  endfacet
  facet normal 0 -1 0
    outer loop
      vertex -5.3 50.8333 2.5
      vertex -3.10846 50.8333 0.743929
      vertex -2.75442 50.8333 1.05442
    endloop
  endfacet
  facet normal 0 -1 0
    outer loop
      vertex -5.3 50.8333 5.72205e-07
      vertex -5.85 50.8333 2.64737
      vertex -5.96964 50.8333 2.72731
    endloop
  endfacet
  facet normal 0 -1 0
    outer loop
      vertex -5.3 50.8333 2.5
      vertex -3.5 50.8333 0.482309
      vertex -3.10846 50.8333 0.743929
    endloop
  endfacet
  facet normal 0 -1 0
    outer loop
      vertex -8.9 50.8333 0
      vertex -5.96964 50.8333 2.72731
      vertex -6.07782 50.8333 2.82218
    endloop
  endfacet
  facet normal 0 -1 0
    outer loop
      vertex -5.3 50.8333 2.5
      vertex -3.92234 50.8333 0.274034
      vertex -3.5 50.8333 0.482309
    endloop
  endfacet
  facet normal 0 -1 0
    outer loop
      vertex -8.9 50.8333 0
      vertex -6.07782 50.8333 2.82218
      vertex -6.17269 50.8333 2.93036
    endloop
  endfacet
  facet normal 0 -1 0
    outer loop
      vertex -5.3 50.8333 2.5
      vertex -4.36825 50.8333 0.122668
      vertex -3.92234 50.8333 0.274034
    endloop
  endfacet
  facet normal 0 -1 0
    outer loop
      vertex -8.9 50.8333 0
      vertex -6.17269 50.8333 2.93036
      vertex -6.25263 50.8333 3.05
    endloop
  endfacet
  facet normal 0 -1 0
    outer loop
      vertex -5.3 50.8333 2.5
      vertex -4.83011 50.8333 0.0307985
      vertex -4.36825 50.8333 0.122668
    endloop
  endfacet
  facet normal 0 -1 -0
    outer loop
      vertex -6.31627 50.8333 3.17905
      vertex -8.9 50.8333 0
      vertex -6.25263 50.8333 3.05
    endloop
  endfacet
  facet normal 0 -1 0
    outer loop
      vertex -5.3 50.8333 2.5
      vertex -5.3 50.8333 5.72205e-07
      vertex -4.83011 50.8333 0.0307985
    endloop
  endfacet
  facet normal 0 -1 -0
    outer loop
      vertex -5.96964 50.8333 2.72731
      vertex -8.9 50.8333 0
      vertex -5.3 50.8333 5.72205e-07
    endloop
  endfacet
  facet normal 0 -1 -0
    outer loop
      vertex -5.3 50.8333 5.72205e-07
      vertex -8.9 50.8333 0
      vertex -5.3 50.8333 0
    endloop
  endfacet
  facet normal 0 -1 0
    outer loop
      vertex -4.63036 50.8333 4.47269
      vertex -3.10846 50.8333 6.45607
      vertex -4.75 50.8333 4.55263
    endloop
  endfacet
  facet normal 0 -1 -0
    outer loop
      vertex -3.10846 50.8333 6.45607
      vertex -4.63036 50.8333 4.47269
      vertex -2.75442 50.8333 6.14558
    endloop
  endfacet
  facet normal 0 -1 0
    outer loop
      vertex -4.52218 50.8333 4.37782
      vertex -2.75442 50.8333 6.14558
      vertex -4.63036 50.8333 4.47269
    endloop
  endfacet
  facet normal 0 -1 -0
    outer loop
      vertex -2.75442 50.8333 6.14558
      vertex -4.52218 50.8333 4.37782
      vertex -2.44393 50.8333 5.79154
    endloop
  endfacet
  facet normal 0 -1 0
    outer loop
      vertex -4.42731 50.8333 4.26964
      vertex -2.44393 50.8333 5.79154
      vertex -4.52218 50.8333 4.37782
    endloop
  endfacet
  facet normal 0 -1 -0
    outer loop
      vertex -2.44393 50.8333 5.79154
      vertex -4.42731 50.8333 4.26964
      vertex -2.18231 50.8333 5.4
    endloop
  endfacet
  facet normal 0 -1 0
    outer loop
      vertex -4.34737 50.8333 4.15
      vertex -2.18231 50.8333 5.4
      vertex -4.42731 50.8333 4.26964
    endloop
  endfacet
  facet normal 0 -1 -0
    outer loop
      vertex -2.18231 50.8333 5.4
      vertex -4.34737 50.8333 4.15
      vertex -1.97403 50.8333 4.97766
    endloop
  endfacet
  facet normal 0 -1 0
    outer loop
      vertex -4.28373 50.8333 4.02095
      vertex -1.97403 50.8333 4.97766
      vertex -4.34737 50.8333 4.15
    endloop
  endfacet
  facet normal 0 -1 -0
    outer loop
      vertex -1.97403 50.8333 4.97766
      vertex -4.28373 50.8333 4.02095
      vertex -1.82267 50.8333 4.53175
    endloop
  endfacet
  facet normal 0 -1 0
    outer loop
      vertex -4.23748 50.8333 3.8847
      vertex -1.82267 50.8333 4.53175
      vertex -4.28373 50.8333 4.02095
    endloop
  endfacet
  facet normal 0 -1 -0
    outer loop
      vertex -1.82267 50.8333 4.53175
      vertex -4.23748 50.8333 3.8847
      vertex -1.7308 50.8333 4.06989
    endloop
  endfacet
  facet normal 0 -1 0
    outer loop
      vertex -4.20941 50.8333 3.74358
      vertex -1.7308 50.8333 4.06989
      vertex -4.23748 50.8333 3.8847
    endloop
  endfacet
  facet normal 0 -1 0
    outer loop
      vertex -4.20941 50.8333 3.74358
      vertex -1.7 50.8333 3.6
      vertex -1.7308 50.8333 4.06989
    endloop
  endfacet
  facet normal 0 -1 0
    outer loop
      vertex -4.2 50.8333 3.6
      vertex -1.7 50.8333 3.6
      vertex -4.20941 50.8333 3.74358
    endloop
  endfacet
  facet normal 0 -1 0
    outer loop
      vertex -4.20941 50.8333 3.45642
      vertex -1.7 50.8333 3.6
      vertex -4.2 50.8333 3.6
    endloop
  endfacet
  facet normal 0 -1 0
    outer loop
      vertex -1.7308 50.8333 3.13011
      vertex -4.20941 50.8333 3.45642
      vertex -4.23748 50.8333 3.3153
    endloop
  endfacet
  facet normal 0 -1 0
    outer loop
      vertex -1.82267 50.8333 2.66825
      vertex -4.23748 50.8333 3.3153
      vertex -4.28373 50.8333 3.17905
    endloop
  endfacet
  facet normal 0 -1 0
    outer loop
      vertex -4.20941 50.8333 3.45642
      vertex -1.7308 50.8333 3.13011
      vertex -1.7 50.8333 3.6
    endloop
  endfacet
  facet normal 0 -1 0
    outer loop
      vertex -1.97403 50.8333 2.22234
      vertex -4.28373 50.8333 3.17905
      vertex -4.34737 50.8333 3.05
    endloop
  endfacet
  facet normal 0 -1 0
    outer loop
      vertex -1.97403 50.8333 2.22234
      vertex -4.34737 50.8333 3.05
      vertex -4.42731 50.8333 2.93036
    endloop
  endfacet
  facet normal 0 -1 0
    outer loop
      vertex -1.97403 50.8333 2.22234
      vertex -4.42731 50.8333 2.93036
      vertex -4.52218 50.8333 2.82218
    endloop
  endfacet
  facet normal 0 -1 0
    outer loop
      vertex -1.97403 50.8333 2.22234
      vertex -4.52218 50.8333 2.82218
      vertex -4.63036 50.8333 2.72731
    endloop
  endfacet
  facet normal 0 -1 0
    outer loop
      vertex -4.23748 50.8333 3.3153
      vertex -1.82267 50.8333 2.66825
      vertex -1.7308 50.8333 3.13011
    endloop
  endfacet
  facet normal 0 -1 0
    outer loop
      vertex -1.97403 50.8333 2.22234
      vertex -4.63036 50.8333 2.72731
      vertex -4.75 50.8333 2.64737
    endloop
  endfacet
  facet normal 0 -1 0
    outer loop
      vertex -1.97403 50.8333 2.22234
      vertex -4.75 50.8333 2.64737
      vertex -4.87905 50.8333 2.58373
    endloop
  endfacet
  facet normal 0 -1 0
    outer loop
      vertex -1.97403 50.8333 2.22234
      vertex -4.87905 50.8333 2.58373
      vertex -5.0153 50.8333 2.53748
    endloop
  endfacet
  facet normal 0 -1 0
    outer loop
      vertex -1.97403 50.8333 2.22234
      vertex -5.0153 50.8333 2.53748
      vertex -5.15642 50.8333 2.50941
    endloop
  endfacet
  facet normal 0 -1 0
    outer loop
      vertex -1.97403 50.8333 2.22234
      vertex -5.15642 50.8333 2.50941
      vertex -5.3 50.8333 2.5
    endloop
  endfacet
  facet normal 0 -1 0
    outer loop
      vertex -4.28373 50.8333 3.17905
      vertex -1.97403 50.8333 2.22234
      vertex -1.82267 50.8333 2.66825
    endloop
  endfacet
  facet normal 0 1 0
    outer loop
      vertex -4.83011 47.0333 7.1692
      vertex -5.15642 47.0333 4.69059
      vertex -5.3 47.0333 4.7
    endloop
  endfacet
  facet normal 0 1 0
    outer loop
      vertex -2.18231 47.0333 5.4
      vertex -5.0153 47.0333 4.66252
      vertex -5.15642 47.0333 4.69059
    endloop
  endfacet
  facet normal 0 1 0
    outer loop
      vertex -2.18231 47.0333 5.4
      vertex -4.87905 47.0333 4.61627
      vertex -5.0153 47.0333 4.66252
    endloop
  endfacet
  facet normal 0 1 0
    outer loop
      vertex -2.18231 47.0333 5.4
      vertex -4.75 47.0333 4.55263
      vertex -4.87905 47.0333 4.61627
    endloop
  endfacet
  facet normal 0 1 0
    outer loop
      vertex -4.28373 47.0333 4.02095
      vertex -1.97403 47.0333 4.97766
      vertex -1.82267 47.0333 4.53175
    endloop
  endfacet
  facet normal 0 1 0
    outer loop
      vertex -2.18231 47.0333 5.4
      vertex -4.63036 47.0333 4.47269
      vertex -4.75 47.0333 4.55263
    endloop
  endfacet
  facet normal 0 1 0
    outer loop
      vertex -2.18231 47.0333 5.4
      vertex -4.52218 47.0333 4.37782
      vertex -4.63036 47.0333 4.47269
    endloop
  endfacet
  facet normal 0 1 0
    outer loop
      vertex -2.18231 47.0333 5.4
      vertex -4.42731 47.0333 4.26964
      vertex -4.52218 47.0333 4.37782
    endloop
  endfacet
  facet normal 0 1 0
    outer loop
      vertex -2.18231 47.0333 5.4
      vertex -4.34737 47.0333 4.15
      vertex -4.42731 47.0333 4.26964
    endloop
  endfacet
  facet normal 0 1 0
    outer loop
      vertex -4.23748 47.0333 3.8847
      vertex -1.82267 47.0333 4.53175
      vertex -1.7308 47.0333 4.06989
    endloop
  endfacet
  facet normal 0 1 0
    outer loop
      vertex -1.97403 47.0333 4.97766
      vertex -4.28373 47.0333 4.02095
      vertex -4.34737 47.0333 4.15
    endloop
  endfacet
  facet normal 0 1 0
    outer loop
      vertex -1.82267 47.0333 4.53175
      vertex -4.23748 47.0333 3.8847
      vertex -4.28373 47.0333 4.02095
    endloop
  endfacet
  facet normal 0 1 0
    outer loop
      vertex -1.7308 47.0333 4.06989
      vertex -4.20941 47.0333 3.74358
      vertex -4.23748 47.0333 3.8847
    endloop
  endfacet
  facet normal 0 1 0
    outer loop
      vertex -1.7 47.0333 3.6
      vertex -4.20941 47.0333 3.74358
      vertex -1.7308 47.0333 4.06989
    endloop
  endfacet
  facet normal 0 1 0
    outer loop
      vertex -1.7 47.0333 3.6
      vertex -4.2 47.0333 3.6
      vertex -4.20941 47.0333 3.74358
    endloop
  endfacet
  facet normal 0 1 0
    outer loop
      vertex -1.7 47.0333 3.6
      vertex -4.20941 47.0333 3.45642
      vertex -4.2 47.0333 3.6
    endloop
  endfacet
  facet normal 0 1 -0
    outer loop
      vertex -1.7308 47.0333 3.13011
      vertex -4.20941 47.0333 3.45642
      vertex -1.7 47.0333 3.6
    endloop
  endfacet
  facet normal 0 1 0
    outer loop
      vertex -4.20941 47.0333 3.45642
      vertex -1.7308 47.0333 3.13011
      vertex -4.23748 47.0333 3.3153
    endloop
  endfacet
  facet normal 0 1 -0
    outer loop
      vertex -1.82267 47.0333 2.66825
      vertex -4.23748 47.0333 3.3153
      vertex -1.7308 47.0333 3.13011
    endloop
  endfacet
  facet normal 0 1 0
    outer loop
      vertex -4.23748 47.0333 3.3153
      vertex -1.82267 47.0333 2.66825
      vertex -4.28373 47.0333 3.17905
    endloop
  endfacet
  facet normal 0 1 -0
    outer loop
      vertex -1.97403 47.0333 2.22234
      vertex -4.28373 47.0333 3.17905
      vertex -1.82267 47.0333 2.66825
    endloop
  endfacet
  facet normal 0 1 0
    outer loop
      vertex -4.28373 47.0333 3.17905
      vertex -1.97403 47.0333 2.22234
      vertex -4.34737 47.0333 3.05
    endloop
  endfacet
  facet normal 0 1 -0
    outer loop
      vertex -2.18231 47.0333 1.8
      vertex -4.34737 47.0333 3.05
      vertex -1.97403 47.0333 2.22234
    endloop
  endfacet
  facet normal 0 1 0
    outer loop
      vertex -4.34737 47.0333 3.05
      vertex -2.18231 47.0333 1.8
      vertex -4.42731 47.0333 2.93036
    endloop
  endfacet
  facet normal 0 1 -0
    outer loop
      vertex -2.44393 47.0333 1.40846
      vertex -4.42731 47.0333 2.93036
      vertex -2.18231 47.0333 1.8
    endloop
  endfacet
  facet normal 0 1 0
    outer loop
      vertex -4.42731 47.0333 2.93036
      vertex -2.44393 47.0333 1.40846
      vertex -4.52218 47.0333 2.82218
    endloop
  endfacet
  facet normal 0 1 -0
    outer loop
      vertex -2.75442 47.0333 1.05442
      vertex -4.52218 47.0333 2.82218
      vertex -2.44393 47.0333 1.40846
    endloop
  endfacet
  facet normal 0 1 0
    outer loop
      vertex -4.52218 47.0333 2.82218
      vertex -2.75442 47.0333 1.05442
      vertex -4.63036 47.0333 2.72731
    endloop
  endfacet
  facet normal 0 1 -0
    outer loop
      vertex -3.10846 47.0333 0.743929
      vertex -4.63036 47.0333 2.72731
      vertex -2.75442 47.0333 1.05442
    endloop
  endfacet
  facet normal 0 1 0
    outer loop
      vertex -4.63036 47.0333 2.72731
      vertex -3.10846 47.0333 0.743929
      vertex -4.75 47.0333 2.64737
    endloop
  endfacet
  facet normal 0 1 0
    outer loop
      vertex -5.3 47.0333 4.7
      vertex -5.3 47.0333 7.2
      vertex -4.83011 47.0333 7.1692
    endloop
  endfacet
  facet normal 0 1 0
    outer loop
      vertex -5.15642 47.0333 4.69059
      vertex -4.83011 47.0333 7.1692
      vertex -4.36825 47.0333 7.07733
    endloop
  endfacet
  facet normal 0 1 0
    outer loop
      vertex -5.15642 47.0333 4.69059
      vertex -4.36825 47.0333 7.07733
      vertex -3.92234 47.0333 6.92597
    endloop
  endfacet
  facet normal 0 1 0
    outer loop
      vertex -5.15642 47.0333 4.69059
      vertex -3.92234 47.0333 6.92597
      vertex -3.5 47.0333 6.71769
    endloop
  endfacet
  facet normal 0 1 0
    outer loop
      vertex -5.15642 47.0333 4.69059
      vertex -3.5 47.0333 6.71769
      vertex -3.10846 47.0333 6.45607
    endloop
  endfacet
  facet normal 0 1 0
    outer loop
      vertex -5.15642 47.0333 4.69059
      vertex -3.10846 47.0333 6.45607
      vertex -2.75442 47.0333 6.14558
    endloop
  endfacet
  facet normal 0 1 0
    outer loop
      vertex -5.15642 47.0333 4.69059
      vertex -2.75442 47.0333 6.14558
      vertex -2.44393 47.0333 5.79154
    endloop
  endfacet
  facet normal 0 1 0
    outer loop
      vertex -5.15642 47.0333 4.69059
      vertex -2.44393 47.0333 5.79154
      vertex -2.18231 47.0333 5.4
    endloop
  endfacet
  facet normal 0 1 0
    outer loop
      vertex -4.34737 47.0333 4.15
      vertex -2.18231 47.0333 5.4
      vertex -1.97403 47.0333 4.97766
    endloop
  endfacet
  facet normal 0 1 0
    outer loop
      vertex -5.3 47.0333 7.2
      vertex -5.3 47.0333 4.7
      vertex -5.44358 47.0333 4.69059
    endloop
  endfacet
  facet normal 0 1 0
    outer loop
      vertex -5.3 47.0333 7.2
      vertex -5.44358 47.0333 4.69059
      vertex -5.5847 47.0333 4.66252
    endloop
  endfacet
  facet normal 0 1 0
    outer loop
      vertex -5.3 47.0333 7.2
      vertex -5.5847 47.0333 4.66252
      vertex -5.72095 47.0333 4.61627
    endloop
  endfacet
  facet normal 0 1 0
    outer loop
      vertex -5.3 47.0333 7.2
      vertex -5.72095 47.0333 4.61627
      vertex -5.85 47.0333 4.55263
    endloop
  endfacet
  facet normal 0 1 0
    outer loop
      vertex -5.96964 47.0333 4.47269
      vertex -5.3 47.0333 7.2
      vertex -5.85 47.0333 4.55263
    endloop
  endfacet
  facet normal 0 1 0
    outer loop
      vertex -5.3 47.0333 7.2
      vertex -5.96964 47.0333 4.47269
      vertex -8.9 47.0333 7.2
    endloop
  endfacet
  facet normal 0 1 -0
    outer loop
      vertex -6.07782 47.0333 4.37782
      vertex -8.9 47.0333 7.2
      vertex -5.96964 47.0333 4.47269
    endloop
  endfacet
  facet normal 0 1 -0
    outer loop
      vertex -6.17269 47.0333 4.26964
      vertex -8.9 47.0333 7.2
      vertex -6.07782 47.0333 4.37782
    endloop
  endfacet
  facet normal 0 1 -0
    outer loop
      vertex -6.25263 47.0333 4.15
      vertex -8.9 47.0333 7.2
      vertex -6.17269 47.0333 4.26964
    endloop
  endfacet
  facet normal 0 1 -0
    outer loop
      vertex -6.31627 47.0333 4.02095
      vertex -8.9 47.0333 7.2
      vertex -6.25263 47.0333 4.15
    endloop
  endfacet
  facet normal 0 1 -0
    outer loop
      vertex -6.36252 47.0333 3.8847
      vertex -8.9 47.0333 7.2
      vertex -6.31627 47.0333 4.02095
    endloop
  endfacet
  facet normal 0 1 -0
    outer loop
      vertex -6.39059 47.0333 3.74358
      vertex -8.9 47.0333 7.2
      vertex -6.36252 47.0333 3.8847
    endloop
  endfacet
  facet normal 0 1 -0
    outer loop
      vertex -6.4 47.0333 3.6
      vertex -8.9 47.0333 7.2
      vertex -6.39059 47.0333 3.74358
    endloop
  endfacet
  facet normal 0 1 0
    outer loop
      vertex -8.9 47.0333 0
      vertex -6.4 47.0333 3.6
      vertex -6.39059 47.0333 3.45642
    endloop
  endfacet
  facet normal 0 1 0
    outer loop
      vertex -8.9 47.0333 0
      vertex -6.39059 47.0333 3.45642
      vertex -6.36252 47.0333 3.3153
    endloop
  endfacet
  facet normal 0 1 0
    outer loop
      vertex -8.9 47.0333 0
      vertex -6.36252 47.0333 3.3153
      vertex -6.31627 47.0333 3.17905
    endloop
  endfacet
  facet normal 0 1 0
    outer loop
      vertex -8.9 47.0333 0
      vertex -6.31627 47.0333 3.17905
      vertex -6.25263 47.0333 3.05
    endloop
  endfacet
  facet normal 0 1 -0
    outer loop
      vertex -3.5 47.0333 0.482309
      vertex -4.75 47.0333 2.64737
      vertex -3.10846 47.0333 0.743929
    endloop
  endfacet
  facet normal 0 1 0
    outer loop
      vertex -4.75 47.0333 2.64737
      vertex -3.5 47.0333 0.482309
      vertex -4.87905 47.0333 2.58373
    endloop
  endfacet
  facet normal 0 1 -0
    outer loop
      vertex -3.92234 47.0333 0.274034
      vertex -4.87905 47.0333 2.58373
      vertex -3.5 47.0333 0.482309
    endloop
  endfacet
  facet normal 0 1 0
    outer loop
      vertex -4.87905 47.0333 2.58373
      vertex -3.92234 47.0333 0.274034
      vertex -5.0153 47.0333 2.53748
    endloop
  endfacet
  facet normal 0 1 -0
    outer loop
      vertex -4.36825 47.0333 0.122668
      vertex -5.0153 47.0333 2.53748
      vertex -3.92234 47.0333 0.274034
    endloop
  endfacet
  facet normal 0 1 0
    outer loop
      vertex -5.0153 47.0333 2.53748
      vertex -4.36825 47.0333 0.122668
      vertex -5.15642 47.0333 2.50941
    endloop
  endfacet
  facet normal 0 1 -0
    outer loop
      vertex -4.83011 47.0333 0.0307985
      vertex -5.15642 47.0333 2.50941
      vertex -4.36825 47.0333 0.122668
    endloop
  endfacet
  facet normal 0 1 0
    outer loop
      vertex -5.15642 47.0333 2.50941
      vertex -4.83011 47.0333 0.0307985
      vertex -5.3 47.0333 2.5
    endloop
  endfacet
  facet normal 0 1 0
    outer loop
      vertex -5.3 47.0333 5.72205e-07
      vertex -5.3 47.0333 2.5
      vertex -4.83011 47.0333 0.0307985
    endloop
  endfacet
  facet normal 0 1 0
    outer loop
      vertex -5.3 47.0333 2.5
      vertex -5.3 47.0333 5.72205e-07
      vertex -5.44358 47.0333 2.50941
    endloop
  endfacet
  facet normal 0 1 0
    outer loop
      vertex -5.44358 47.0333 2.50941
      vertex -5.3 47.0333 5.72205e-07
      vertex -5.5847 47.0333 2.53748
    endloop
  endfacet
  facet normal 0 1 0
    outer loop
      vertex -5.5847 47.0333 2.53748
      vertex -5.3 47.0333 5.72205e-07
      vertex -5.72095 47.0333 2.58373
    endloop
  endfacet
  facet normal 0 1 0
    outer loop
      vertex -5.72095 47.0333 2.58373
      vertex -5.3 47.0333 5.72205e-07
      vertex -5.85 47.0333 2.64737
    endloop
  endfacet
  facet normal 0 1 0
    outer loop
      vertex -5.85 47.0333 2.64737
      vertex -5.3 47.0333 5.72205e-07
      vertex -5.96964 47.0333 2.72731
    endloop
  endfacet
  facet normal 0 1 0
    outer loop
      vertex -8.9 47.0333 0
      vertex -5.96964 47.0333 2.72731
      vertex -5.3 47.0333 5.72205e-07
    endloop
  endfacet
  facet normal 0 1 0
    outer loop
      vertex -5.96964 47.0333 2.72731
      vertex -8.9 47.0333 0
      vertex -6.07782 47.0333 2.82218
    endloop
  endfacet
  facet normal 0 1 0
    outer loop
      vertex -6.07782 47.0333 2.82218
      vertex -8.9 47.0333 0
      vertex -6.17269 47.0333 2.93036
    endloop
  endfacet
  facet normal 0 1 0
    outer loop
      vertex -6.17269 47.0333 2.93036
      vertex -8.9 47.0333 0
      vertex -6.25263 47.0333 3.05
    endloop
  endfacet
  facet normal 0 1 0
    outer loop
      vertex -8.9 47.0333 0
      vertex -5.3 47.0333 5.72205e-07
      vertex -5.3 47.0333 0
    endloop
  endfacet
  facet normal 0 1 0
    outer loop
      vertex -6.4 47.0333 3.6
      vertex -8.9 47.0333 0
      vertex -8.9 47.0333 7.2
    endloop
  endfacet
  facet normal -0.999747 -0.0224763 0
    outer loop
      vertex -73.1335 54.3046 4
      vertex -73.136 54.4158 6.59
      vertex -73.136 54.4158 4
    endloop
  endfacet
  facet normal -0.999747 -0.0224763 0
    outer loop
      vertex -73.136 54.4158 6.59
      vertex -73.1335 54.3046 4
      vertex -73.1335 54.3046 6.59
    endloop
  endfacet
  facet normal -0.994058 0.108852 0
    outer loop
      vertex -73.1456 54.1941 4
      vertex -73.1335 54.3046 6.59
      vertex -73.1335 54.3046 4
    endloop
  endfacet
  facet normal -0.994058 0.108852 0
    outer loop
      vertex -73.1335 54.3046 6.59
      vertex -73.1456 54.1941 4
      vertex -73.1456 54.1941 6.59
    endloop
  endfacet
  facet normal -0.988382 -0.15199 0
    outer loop
      vertex -73.136 54.4158 4
      vertex -73.1529 54.5257 6.59
      vertex -73.1529 54.5257 4
    endloop
  endfacet
  facet normal -0.988382 -0.15199 0
    outer loop
      vertex -73.1529 54.5257 6.59
      vertex -73.136 54.4158 4
      vertex -73.136 54.4158 6.59
    endloop
  endfacet
  facet normal 0 0 -1
    outer loop
      vertex -73.1456 54.1941 6.59
      vertex -73.136 54.4158 6.59
      vertex -73.1335 54.3046 6.59
    endloop
  endfacet
  facet normal 0 0 -1
    outer loop
      vertex -73.1456 54.1941 6.59
      vertex -73.1529 54.5257 6.59
      vertex -73.136 54.4158 6.59
    endloop
  endfacet
  facet normal 0 0 -1
    outer loop
      vertex -73.1721 54.0861 6.59
      vertex -73.1529 54.5257 6.59
      vertex -73.1456 54.1941 6.59
    endloop
  endfacet
  facet normal 0 0 -1
    outer loop
      vertex -73.1721 54.0861 6.59
      vertex -73.184 54.6324 6.59
      vertex -73.1529 54.5257 6.59
    endloop
  endfacet
  facet normal 0 0 -1
    outer loop
      vertex -73.2124 53.9825 6.59
      vertex -73.184 54.6324 6.59
      vertex -73.1721 54.0861 6.59
    endloop
  endfacet
  facet normal 0 0 -1
    outer loop
      vertex -73.2124 53.9825 6.59
      vertex -73.2288 54.7342 6.59
      vertex -73.184 54.6324 6.59
    endloop
  endfacet
  facet normal 0 0 -1
    outer loop
      vertex -73.2658 53.885 6.59
      vertex -73.2288 54.7342 6.59
      vertex -73.2124 53.9825 6.59
    endloop
  endfacet
  facet normal 0 0 -1
    outer loop
      vertex -73.2658 53.885 6.59
      vertex -73.2865 54.8292 6.59
      vertex -73.2288 54.7342 6.59
    endloop
  endfacet
  facet normal 0 0 -1
    outer loop
      vertex -73.3316 53.7953 6.59
      vertex -73.2865 54.8292 6.59
      vertex -73.2658 53.885 6.59
    endloop
  endfacet
  facet normal 0 0 -1
    outer loop
      vertex -73.3316 53.7953 6.59
      vertex -73.356 54.9159 6.59
      vertex -73.2865 54.8292 6.59
    endloop
  endfacet
  facet normal 0 0 -1
    outer loop
      vertex -73.4085 53.715 6.59
      vertex -73.356 54.9159 6.59
      vertex -73.3316 53.7953 6.59
    endloop
  endfacet
  facet normal 0 0 -1
    outer loop
      vertex -73.4085 53.715 6.59
      vertex -73.4364 54.9928 6.59
      vertex -73.356 54.9159 6.59
    endloop
  endfacet
  facet normal 0 0 -1
    outer loop
      vertex -73.4952 53.6454 6.59
      vertex -73.4364 54.9928 6.59
      vertex -73.4085 53.715 6.59
    endloop
  endfacet
  facet normal 0 0 -1
    outer loop
      vertex -73.4952 53.6454 6.59
      vertex -73.526 55.0586 6.59
      vertex -73.4364 54.9928 6.59
    endloop
  endfacet
  facet normal 0 0 -1
    outer loop
      vertex -73.5902 53.5877 6.59
      vertex -73.526 55.0586 6.59
      vertex -73.4952 53.6454 6.59
    endloop
  endfacet
  facet normal 0 0 -1
    outer loop
      vertex -73.5902 53.5877 6.59
      vertex -73.6235 55.112 6.59
      vertex -73.526 55.0586 6.59
    endloop
  endfacet
  facet normal 0 0 -1
    outer loop
      vertex -73.692 53.5429 6.59
      vertex -73.6235 55.112 6.59
      vertex -73.5902 53.5877 6.59
    endloop
  endfacet
  facet normal 0 0 -1
    outer loop
      vertex -73.692 53.5429 6.59
      vertex -73.7271 55.1523 6.59
      vertex -73.6235 55.112 6.59
    endloop
  endfacet
  facet normal 0 0 -1
    outer loop
      vertex -73.7988 53.5118 6.59
      vertex -73.7271 55.1523 6.59
      vertex -73.692 53.5429 6.59
    endloop
  endfacet
  facet normal 0 0 -1
    outer loop
      vertex -73.7988 53.5118 6.59
      vertex -73.8351 55.1788 6.59
      vertex -73.7271 55.1523 6.59
    endloop
  endfacet
  facet normal 0 0 -1
    outer loop
      vertex -73.9086 53.4949 6.59
      vertex -73.8351 55.1788 6.59
      vertex -73.7988 53.5118 6.59
    endloop
  endfacet
  facet normal 0 0 -1
    outer loop
      vertex -73.9086 53.4949 6.59
      vertex -73.9457 55.1909 6.59
      vertex -73.8351 55.1788 6.59
    endloop
  endfacet
  facet normal 0 0 -1
    outer loop
      vertex -74.0198 53.4925 6.59
      vertex -73.9457 55.1909 6.59
      vertex -73.9086 53.4949 6.59
    endloop
  endfacet
  facet normal 0 0 -1
    outer loop
      vertex -74.0198 53.4925 6.59
      vertex -74.0568 55.1884 6.59
      vertex -73.9457 55.1909 6.59
    endloop
  endfacet
  facet normal 0 0 -1
    outer loop
      vertex -74.1303 53.5046 6.59
      vertex -74.0568 55.1884 6.59
      vertex -74.0198 53.4925 6.59
    endloop
  endfacet
  facet normal 0 0 -1
    outer loop
      vertex -74.1303 53.5046 6.59
      vertex -74.1667 55.1715 6.59
      vertex -74.0568 55.1884 6.59
    endloop
  endfacet
  facet normal 0 0 -1
    outer loop
      vertex -74.2383 53.531 6.59
      vertex -74.1667 55.1715 6.59
      vertex -74.1303 53.5046 6.59
    endloop
  endfacet
  facet normal 0 0 -1
    outer loop
      vertex -74.2383 53.531 6.59
      vertex -74.2734 55.1404 6.59
      vertex -74.1667 55.1715 6.59
    endloop
  endfacet
  facet normal 0 0 -1
    outer loop
      vertex -74.342 53.5713 6.59
      vertex -74.2734 55.1404 6.59
      vertex -74.2383 53.531 6.59
    endloop
  endfacet
  facet normal 0 0 -1
    outer loop
      vertex -74.342 53.5713 6.59
      vertex -74.3752 55.0956 6.59
      vertex -74.2734 55.1404 6.59
    endloop
  endfacet
  facet normal 0 0 -1
    outer loop
      vertex -74.4394 53.6248 6.59
      vertex -74.3752 55.0956 6.59
      vertex -74.342 53.5713 6.59
    endloop
  endfacet
  facet normal 0 0 -1
    outer loop
      vertex -74.4394 53.6248 6.59
      vertex -74.4703 55.038 6.59
      vertex -74.3752 55.0956 6.59
    endloop
  endfacet
  facet normal 0 0 -1
    outer loop
      vertex -74.5291 53.6905 6.59
      vertex -74.4703 55.038 6.59
      vertex -74.4394 53.6248 6.59
    endloop
  endfacet
  facet normal 0 0 -1
    outer loop
      vertex -74.5291 53.6905 6.59
      vertex -74.557 54.9684 6.59
      vertex -74.4703 55.038 6.59
    endloop
  endfacet
  facet normal 0 0 -1
    outer loop
      vertex -74.6094 53.7674 6.59
      vertex -74.557 54.9684 6.59
      vertex -74.5291 53.6905 6.59
    endloop
  endfacet
  facet normal 0 0 -1
    outer loop
      vertex -74.6094 53.7674 6.59
      vertex -74.6339 54.8881 6.59
      vertex -74.557 54.9684 6.59
    endloop
  endfacet
  facet normal 0 0 -1
    outer loop
      vertex -74.679 53.8541 6.59
      vertex -74.6339 54.8881 6.59
      vertex -74.6094 53.7674 6.59
    endloop
  endfacet
  facet normal 0 0 -1
    outer loop
      vertex -74.679 53.8541 6.59
      vertex -74.6996 54.7984 6.59
      vertex -74.6339 54.8881 6.59
    endloop
  endfacet
  facet normal 0 0 -1
    outer loop
      vertex -74.7367 53.9492 6.59
      vertex -74.6996 54.7984 6.59
      vertex -74.679 53.8541 6.59
    endloop
  endfacet
  facet normal 0 0 -1
    outer loop
      vertex -74.7367 53.9492 6.59
      vertex -74.7531 54.7009 6.59
      vertex -74.6996 54.7984 6.59
    endloop
  endfacet
  facet normal 0 0 -1
    outer loop
      vertex -74.7815 54.051 6.59
      vertex -74.7531 54.7009 6.59
      vertex -74.7367 53.9492 6.59
    endloop
  endfacet
  facet normal 0 0 -1
    outer loop
      vertex -74.7815 54.051 6.59
      vertex -74.7934 54.5973 6.59
      vertex -74.7531 54.7009 6.59
    endloop
  endfacet
  facet normal 0 0 -1
    outer loop
      vertex -74.8126 54.1577 6.59
      vertex -74.7934 54.5973 6.59
      vertex -74.7815 54.051 6.59
    endloop
  endfacet
  facet normal 0 0 -1
    outer loop
      vertex -74.8126 54.1577 6.59
      vertex -74.8198 54.4893 6.59
      vertex -74.7934 54.5973 6.59
    endloop
  endfacet
  facet normal 0 0 -1
    outer loop
      vertex -74.8295 54.2676 6.59
      vertex -74.8198 54.4893 6.59
      vertex -74.8126 54.1577 6.59
    endloop
  endfacet
  facet normal 0 0 -1
    outer loop
      vertex -74.8198 54.4893 6.59
      vertex -74.8295 54.2676 6.59
      vertex -74.8319 54.3788 6.59
    endloop
  endfacet
  facet normal -0.915289 -0.402799 0
    outer loop
      vertex -73.184 54.6324 4
      vertex -73.2288 54.7342 6.59
      vertex -73.2288 54.7342 4
    endloop
  endfacet
  facet normal -0.915289 -0.402799 0
    outer loop
      vertex -73.2288 54.7342 6.59
      vertex -73.184 54.6324 4
      vertex -73.184 54.6324 6.59
    endloop
  endfacet
  facet normal 0.988382 0.15199 0
    outer loop
      vertex -74.8126 54.1577 6.59
      vertex -74.8295 54.2676 4
      vertex -74.8295 54.2676 6.59
    endloop
  endfacet
  facet normal 0.988382 0.15199 0
    outer loop
      vertex -74.8295 54.2676 4
      vertex -74.8126 54.1577 6.59
      vertex -74.8126 54.1577 4
    endloop
  endfacet
  facet normal -0.152125 0.988361 0
    outer loop
      vertex -73.7988 53.5118 4
      vertex -73.9086 53.4949 6.59
      vertex -73.7988 53.5118 6.59
    endloop
  endfacet
  facet normal -0.152125 0.988361 0
    outer loop
      vertex -73.9086 53.4949 6.59
      vertex -73.7988 53.5118 4
      vertex -73.9086 53.4949 4
    endloop
  endfacet
  facet normal -0.96005 -0.279827 0
    outer loop
      vertex -73.1529 54.5257 4
      vertex -73.184 54.6324 6.59
      vertex -73.184 54.6324 4
    endloop
  endfacet
  facet normal -0.96005 -0.279827 0
    outer loop
      vertex -73.184 54.6324 6.59
      vertex -73.1529 54.5257 4
      vertex -73.1529 54.5257 6.59
    endloop
  endfacet
  facet normal 0.402799 -0.915289 0
    outer loop
      vertex -74.3752 55.0956 4
      vertex -74.2734 55.1404 6.59
      vertex -74.3752 55.0956 6.59
    endloop
  endfacet
  facet normal 0.402799 -0.915289 0
    outer loop
      vertex -74.2734 55.1404 6.59
      vertex -74.3752 55.0956 4
      vertex -74.2734 55.1404 4
    endloop
  endfacet
  facet normal -0.931971 0.362533 0
    outer loop
      vertex -73.2124 53.9825 4
      vertex -73.1721 54.0861 6.59
      vertex -73.1721 54.0861 4
    endloop
  endfacet
  facet normal -0.931971 0.362533 0
    outer loop
      vertex -73.1721 54.0861 6.59
      vertex -73.2124 53.9825 4
      vertex -73.2124 53.9825 6.59
    endloop
  endfacet
  facet normal -0.480364 -0.877069 0
    outer loop
      vertex -73.6235 55.112 4
      vertex -73.526 55.0586 6.59
      vertex -73.6235 55.112 6.59
    endloop
  endfacet
  facet normal -0.480364 -0.877069 -0
    outer loop
      vertex -73.526 55.0586 6.59
      vertex -73.6235 55.112 4
      vertex -73.526 55.0586 4
    endloop
  endfacet
  facet normal 0.518062 -0.855343 0
    outer loop
      vertex -74.4703 55.038 4
      vertex -74.3752 55.0956 6.59
      vertex -74.4703 55.038 6.59
    endloop
  endfacet
  facet normal 0.518062 -0.855343 0
    outer loop
      vertex -74.3752 55.0956 6.59
      vertex -74.4703 55.038 4
      vertex -74.3752 55.0956 4
    endloop
  endfacet
  facet normal -0.402799 0.915289 0
    outer loop
      vertex -73.5902 53.5877 4
      vertex -73.692 53.5429 6.59
      vertex -73.5902 53.5877 6.59
    endloop
  endfacet
  facet normal -0.402799 0.915289 0
    outer loop
      vertex -73.692 53.5429 6.59
      vertex -73.5902 53.5877 4
      vertex -73.692 53.5429 4
    endloop
  endfacet
  facet normal 0.0224966 -0.999747 0
    outer loop
      vertex -74.0568 55.1884 4
      vertex -73.9457 55.1909 6.59
      vertex -74.0568 55.1884 6.59
    endloop
  endfacet
  facet normal 0.0224966 -0.999747 0
    outer loop
      vertex -73.9457 55.1909 6.59
      vertex -74.0568 55.1884 4
      vertex -73.9457 55.1909 4
    endloop
  endfacet
  facet normal 0.994058 -0.108852 0
    outer loop
      vertex -74.8319 54.3788 6.59
      vertex -74.8198 54.4893 4
      vertex -74.8198 54.4893 6.59
    endloop
  endfacet
  facet normal 0.994058 -0.108852 0
    outer loop
      vertex -74.8198 54.4893 4
      vertex -74.8319 54.3788 6.59
      vertex -74.8319 54.3788 4
    endloop
  endfacet
  facet normal 0.96005 0.279827 0
    outer loop
      vertex -74.7815 54.051 6.59
      vertex -74.8126 54.1577 4
      vertex -74.8126 54.1577 6.59
    endloop
  endfacet
  facet normal 0.96005 0.279827 0
    outer loop
      vertex -74.8126 54.1577 4
      vertex -74.7815 54.051 6.59
      vertex -74.7815 54.051 4
    endloop
  endfacet
  facet normal -0.238302 -0.971191 0
    outer loop
      vertex -73.8351 55.1788 4
      vertex -73.7271 55.1523 6.59
      vertex -73.8351 55.1788 6.59
    endloop
  endfacet
  facet normal -0.238302 -0.971191 -0
    outer loop
      vertex -73.7271 55.1523 6.59
      vertex -73.8351 55.1788 4
      vertex -73.7271 55.1523 4
    endloop
  endfacet
  facet normal 0.481435 0.876482 -0
    outer loop
      vertex -74.342 53.5713 4
      vertex -74.4394 53.6248 6.59
      vertex -74.342 53.5713 6.59
    endloop
  endfacet
  facet normal 0.481435 0.876482 0
    outer loop
      vertex -74.4394 53.6248 6.59
      vertex -74.342 53.5713 4
      vertex -74.4394 53.6248 4
    endloop
  endfacet
  facet normal -0.0215777 0.999767 0
    outer loop
      vertex -73.9086 53.4949 4
      vertex -74.0198 53.4925 6.59
      vertex -73.9086 53.4949 6.59
    endloop
  endfacet
  facet normal -0.0215777 0.999767 0
    outer loop
      vertex -74.0198 53.4925 6.59
      vertex -73.9086 53.4949 4
      vertex -74.0198 53.4925 4
    endloop
  endfacet
  facet normal 0.279827 -0.96005 0
    outer loop
      vertex -74.2734 55.1404 4
      vertex -74.1667 55.1715 6.59
      vertex -74.2734 55.1404 6.59
    endloop
  endfacet
  facet normal 0.279827 -0.96005 0
    outer loop
      vertex -74.1667 55.1715 6.59
      vertex -74.2734 55.1404 4
      vertex -74.1667 55.1715 4
    endloop
  endfacet
  facet normal -0.59191 -0.806004 0
    outer loop
      vertex -73.526 55.0586 4
      vertex -73.4364 54.9928 6.59
      vertex -73.526 55.0586 6.59
    endloop
  endfacet
  facet normal -0.59191 -0.806004 -0
    outer loop
      vertex -73.4364 54.9928 6.59
      vertex -73.526 55.0586 4
      vertex -73.4364 54.9928 4
    endloop
  endfacet
  facet normal -0.279586 0.960121 0
    outer loop
      vertex -73.692 53.5429 4
      vertex -73.7988 53.5118 6.59
      vertex -73.692 53.5429 6.59
    endloop
  endfacet
  facet normal -0.279586 0.960121 0
    outer loop
      vertex -73.7988 53.5118 6.59
      vertex -73.692 53.5429 4
      vertex -73.7988 53.5118 4
    endloop
  endfacet
  facet normal 0.999767 0.0215777 0
    outer loop
      vertex -74.8295 54.2676 6.59
      vertex -74.8319 54.3788 4
      vertex -74.8319 54.3788 6.59
    endloop
  endfacet
  facet normal 0.999767 0.0215777 0
    outer loop
      vertex -74.8319 54.3788 4
      vertex -74.8295 54.2676 6.59
      vertex -74.8295 54.2676 4
    endloop
  endfacet
  facet normal -0.971191 0.238302 0
    outer loop
      vertex -73.1721 54.0861 4
      vertex -73.1456 54.1941 6.59
      vertex -73.1456 54.1941 4
    endloop
  endfacet
  facet normal -0.971191 0.238302 0
    outer loop
      vertex -73.1456 54.1941 6.59
      vertex -73.1721 54.0861 4
      vertex -73.1721 54.0861 6.59
    endloop
  endfacet
  facet normal 0.691651 0.722232 -0
    outer loop
      vertex -74.5291 53.6905 4
      vertex -74.6094 53.7674 6.59
      vertex -74.5291 53.6905 6.59
    endloop
  endfacet
  facet normal 0.691651 0.722232 0
    outer loop
      vertex -74.6094 53.7674 6.59
      vertex -74.5291 53.6905 4
      vertex -74.6094 53.7674 4
    endloop
  endfacet
  facet normal -0.62601 0.779815 0
    outer loop
      vertex -73.4085 53.715 4
      vertex -73.4952 53.6454 6.59
      vertex -73.4085 53.715 6.59
    endloop
  endfacet
  facet normal -0.62601 0.779815 0
    outer loop
      vertex -73.4952 53.6454 6.59
      vertex -73.4085 53.715 4
      vertex -73.4952 53.6454 4
    endloop
  endfacet
  facet normal -0.722232 0.691651 0
    outer loop
      vertex -73.4085 53.715 4
      vertex -73.3316 53.7953 6.59
      vertex -73.3316 53.7953 4
    endloop
  endfacet
  facet normal -0.722232 0.691651 0
    outer loop
      vertex -73.3316 53.7953 6.59
      vertex -73.4085 53.715 4
      vertex -73.4085 53.715 6.59
    endloop
  endfacet
  facet normal 0.854944 0.51872 0
    outer loop
      vertex -74.679 53.8541 6.59
      vertex -74.7367 53.9492 4
      vertex -74.7367 53.9492 6.59
    endloop
  endfacet
  facet normal 0.854944 0.51872 0
    outer loop
      vertex -74.7367 53.9492 4
      vertex -74.679 53.8541 6.59
      vertex -74.679 53.8541 4
    endloop
  endfacet
  facet normal 0.62601 -0.779815 0
    outer loop
      vertex -74.557 54.9684 4
      vertex -74.4703 55.038 6.59
      vertex -74.557 54.9684 6.59
    endloop
  endfacet
  facet normal 0.62601 -0.779815 0
    outer loop
      vertex -74.4703 55.038 6.59
      vertex -74.557 54.9684 4
      vertex -74.4703 55.038 4
    endloop
  endfacet
  facet normal 0.722232 -0.691651 0
    outer loop
      vertex -74.6339 54.8881 6.59
      vertex -74.557 54.9684 4
      vertex -74.557 54.9684 6.59
    endloop
  endfacet
  facet normal 0.722232 -0.691651 0
    outer loop
      vertex -74.557 54.9684 4
      vertex -74.6339 54.8881 6.59
      vertex -74.6339 54.8881 4
    endloop
  endfacet
  facet normal 0.779815 0.62601 0
    outer loop
      vertex -74.6094 53.7674 6.59
      vertex -74.679 53.8541 4
      vertex -74.679 53.8541 6.59
    endloop
  endfacet
  facet normal 0.779815 0.62601 0
    outer loop
      vertex -74.679 53.8541 4
      vertex -74.6094 53.7674 6.59
      vertex -74.6094 53.7674 4
    endloop
  endfacet
  facet normal -0.877069 0.480364 0
    outer loop
      vertex -73.2658 53.885 4
      vertex -73.2124 53.9825 6.59
      vertex -73.2124 53.9825 4
    endloop
  endfacet
  facet normal -0.877069 0.480364 0
    outer loop
      vertex -73.2124 53.9825 6.59
      vertex -73.2658 53.885 4
      vertex -73.2658 53.885 6.59
    endloop
  endfacet
  facet normal 0.915289 0.402799 0
    outer loop
      vertex -74.7367 53.9492 6.59
      vertex -74.7815 54.051 4
      vertex -74.7815 54.051 6.59
    endloop
  endfacet
  facet normal 0.915289 0.402799 0
    outer loop
      vertex -74.7815 54.051 4
      vertex -74.7367 53.9492 6.59
      vertex -74.7367 53.9492 4
    endloop
  endfacet
  facet normal -0.806319 0.591481 0
    outer loop
      vertex -73.3316 53.7953 4
      vertex -73.2658 53.885 6.59
      vertex -73.2658 53.885 4
    endloop
  endfacet
  facet normal -0.806319 0.591481 0
    outer loop
      vertex -73.2658 53.885 6.59
      vertex -73.3316 53.7953 4
      vertex -73.3316 53.7953 6.59
    endloop
  endfacet
  facet normal 0.362229 0.932089 -0
    outer loop
      vertex -74.2383 53.531 4
      vertex -74.342 53.5713 6.59
      vertex -74.2383 53.531 6.59
    endloop
  endfacet
  facet normal 0.362229 0.932089 0
    outer loop
      vertex -74.342 53.5713 6.59
      vertex -74.2383 53.531 4
      vertex -74.342 53.5713 4
    endloop
  endfacet
  facet normal 0.108852 0.994058 -0
    outer loop
      vertex -74.0198 53.4925 4
      vertex -74.1303 53.5046 6.59
      vertex -74.0198 53.4925 6.59
    endloop
  endfacet
  facet normal 0.108852 0.994058 0
    outer loop
      vertex -74.1303 53.5046 6.59
      vertex -74.0198 53.4925 4
      vertex -74.1303 53.5046 4
    endloop
  endfacet
  facet normal 0.590896 0.806748 -0
    outer loop
      vertex -74.4394 53.6248 4
      vertex -74.5291 53.6905 6.59
      vertex -74.4394 53.6248 6.59
    endloop
  endfacet
  facet normal 0.590896 0.806748 0
    outer loop
      vertex -74.5291 53.6905 6.59
      vertex -74.4394 53.6248 4
      vertex -74.5291 53.6905 4
    endloop
  endfacet
  facet normal -0.362533 -0.931971 0
    outer loop
      vertex -73.7271 55.1523 4
      vertex -73.6235 55.112 6.59
      vertex -73.7271 55.1523 6.59
    endloop
  endfacet
  facet normal -0.362533 -0.931971 -0
    outer loop
      vertex -73.6235 55.112 6.59
      vertex -73.7271 55.1523 4
      vertex -73.6235 55.112 4
    endloop
  endfacet
  facet normal -0.519119 0.854702 0
    outer loop
      vertex -73.4952 53.6454 4
      vertex -73.5902 53.5877 6.59
      vertex -73.4952 53.6454 6.59
    endloop
  endfacet
  facet normal -0.519119 0.854702 0
    outer loop
      vertex -73.5902 53.5877 6.59
      vertex -73.4952 53.6454 4
      vertex -73.5902 53.5877 4
    endloop
  endfacet
  facet normal -0.691202 -0.722661 0
    outer loop
      vertex -73.4364 54.9928 4
      vertex -73.356 54.9159 6.59
      vertex -73.4364 54.9928 6.59
    endloop
  endfacet
  facet normal -0.691202 -0.722661 -0
    outer loop
      vertex -73.356 54.9159 6.59
      vertex -73.4364 54.9928 4
      vertex -73.356 54.9159 4
    endloop
  endfacet
  facet normal 0.15199 -0.988382 0
    outer loop
      vertex -74.1667 55.1715 4
      vertex -74.0568 55.1884 6.59
      vertex -74.1667 55.1715 6.59
    endloop
  endfacet
  facet normal 0.15199 -0.988382 0
    outer loop
      vertex -74.0568 55.1884 6.59
      vertex -74.1667 55.1715 4
      vertex -74.0568 55.1884 4
    endloop
  endfacet
  facet normal 0.237453 0.971399 -0
    outer loop
      vertex -74.1303 53.5046 4
      vertex -74.2383 53.531 6.59
      vertex -74.1303 53.5046 6.59
    endloop
  endfacet
  facet normal 0.237453 0.971399 0
    outer loop
      vertex -74.2383 53.531 6.59
      vertex -74.1303 53.5046 4
      vertex -74.2383 53.531 4
    endloop
  endfacet
  facet normal 0.806748 -0.590896 0
    outer loop
      vertex -74.6996 54.7984 6.59
      vertex -74.6339 54.8881 4
      vertex -74.6339 54.8881 6.59
    endloop
  endfacet
  facet normal 0.806748 -0.590896 0
    outer loop
      vertex -74.6339 54.8881 4
      vertex -74.6996 54.7984 6.59
      vertex -74.6996 54.7984 4
    endloop
  endfacet
  facet normal 0.931971 -0.362533 0
    outer loop
      vertex -74.7934 54.5973 6.59
      vertex -74.7531 54.7009 4
      vertex -74.7531 54.7009 6.59
    endloop
  endfacet
  facet normal 0.931971 -0.362533 0
    outer loop
      vertex -74.7531 54.7009 4
      vertex -74.7934 54.5973 6.59
      vertex -74.7934 54.5973 4
    endloop
  endfacet
  facet normal -0.854702 -0.519119 0
    outer loop
      vertex -73.2288 54.7342 4
      vertex -73.2865 54.8292 6.59
      vertex -73.2865 54.8292 4
    endloop
  endfacet
  facet normal -0.854702 -0.519119 0
    outer loop
      vertex -73.2865 54.8292 6.59
      vertex -73.2288 54.7342 4
      vertex -73.2288 54.7342 6.59
    endloop
  endfacet
  facet normal -0.780254 -0.625463 0
    outer loop
      vertex -73.2865 54.8292 4
      vertex -73.356 54.9159 6.59
      vertex -73.356 54.9159 4
    endloop
  endfacet
  facet normal -0.780254 -0.625463 0
    outer loop
      vertex -73.356 54.9159 6.59
      vertex -73.2865 54.8292 4
      vertex -73.2865 54.8292 6.59
    endloop
  endfacet
  facet normal -0.108754 -0.994069 0
    outer loop
      vertex -73.9457 55.1909 4
      vertex -73.8351 55.1788 6.59
      vertex -73.9457 55.1909 6.59
    endloop
  endfacet
  facet normal -0.108754 -0.994069 -0
    outer loop
      vertex -73.8351 55.1788 6.59
      vertex -73.9457 55.1909 4
      vertex -73.8351 55.1788 4
    endloop
  endfacet
  facet normal 0.87669 -0.481056 0
    outer loop
      vertex -74.7531 54.7009 6.59
      vertex -74.6996 54.7984 4
      vertex -74.6996 54.7984 6.59
    endloop
  endfacet
  facet normal 0.87669 -0.481056 0
    outer loop
      vertex -74.6996 54.7984 4
      vertex -74.7531 54.7009 6.59
      vertex -74.7531 54.7009 4
    endloop
  endfacet
  facet normal 0.971399 -0.237453 0
    outer loop
      vertex -74.8198 54.4893 6.59
      vertex -74.7934 54.5973 4
      vertex -74.7934 54.5973 6.59
    endloop
  endfacet
  facet normal 0.971399 -0.237453 0
    outer loop
      vertex -74.7934 54.5973 4
      vertex -74.8198 54.4893 6.59
      vertex -74.8198 54.4893 4
    endloop
  endfacet
  facet normal -0.624695 0.780869 0
    outer loop
      vertex -107.774 -11.6099 4
      vertex -107.861 -11.6795 6.59
      vertex -107.774 -11.6099 6.59
    endloop
  endfacet
  facet normal -0.624695 0.780869 0
    outer loop
      vertex -107.861 -11.6795 6.59
      vertex -107.774 -11.6099 4
      vertex -107.861 -11.6795 4
    endloop
  endfacet
  facet normal -0.999636 -0.0269686 0
    outer loop
      vertex -107.499 -11.0203 4
      vertex -107.502 -10.9091 6.59
      vertex -107.502 -10.9091 4
    endloop
  endfacet
  facet normal -0.999636 -0.0269686 0
    outer loop
      vertex -107.502 -10.9091 6.59
      vertex -107.499 -11.0203 4
      vertex -107.499 -11.0203 6.59
    endloop
  endfacet
  facet normal -0.994155 0.107963 0
    outer loop
      vertex -107.511 -11.1308 4
      vertex -107.499 -11.0203 6.59
      vertex -107.499 -11.0203 4
    endloop
  endfacet
  facet normal -0.994155 0.107963 0
    outer loop
      vertex -107.499 -11.0203 6.59
      vertex -107.511 -11.1308 4
      vertex -107.511 -11.1308 6.59
    endloop
  endfacet
  facet normal -0.988247 -0.152868 0
    outer loop
      vertex -107.502 -10.9091 4
      vertex -107.519 -10.7992 6.59
      vertex -107.519 -10.7992 4
    endloop
  endfacet
  facet normal -0.988247 -0.152868 0
    outer loop
      vertex -107.519 -10.7992 6.59
      vertex -107.502 -10.9091 4
      vertex -107.502 -10.9091 6.59
    endloop
  endfacet
  facet normal -0.932881 0.360186 0
    outer loop
      vertex -107.578 -11.3424 4
      vertex -107.538 -11.2388 6.59
      vertex -107.538 -11.2388 4
    endloop
  endfacet
  facet normal -0.932881 0.360186 0
    outer loop
      vertex -107.538 -11.2388 6.59
      vertex -107.578 -11.3424 4
      vertex -107.578 -11.3424 6.59
    endloop
  endfacet
  facet normal -0.151855 0.988403 0
    outer loop
      vertex -108.164 -11.8131 4
      vertex -108.274 -11.83 6.59
      vertex -108.164 -11.8131 6.59
    endloop
  endfacet
  facet normal -0.151855 0.988403 0
    outer loop
      vertex -108.274 -11.83 6.59
      vertex -108.164 -11.8131 4
      vertex -108.274 -11.83 4
    endloop
  endfacet
  facet normal -0.960292 -0.278998 0
    outer loop
      vertex -107.519 -10.7992 4
      vertex -107.55 -10.6925 6.59
      vertex -107.55 -10.6925 4
    endloop
  endfacet
  facet normal -0.960292 -0.278998 0
    outer loop
      vertex -107.55 -10.6925 6.59
      vertex -107.519 -10.7992 4
      vertex -107.519 -10.7992 6.59
    endloop
  endfacet
  facet normal 0.857732 0.514098 0
    outer loop
      vertex -109.045 -11.4708 6.59
      vertex -109.102 -11.3757 4
      vertex -109.102 -11.3757 6.59
    endloop
  endfacet
  facet normal 0.857732 0.514098 0
    outer loop
      vertex -109.102 -11.3757 4
      vertex -109.045 -11.4708 6.59
      vertex -109.045 -11.4708 4
    endloop
  endfacet
  facet normal -0.10934 -0.994004 0
    outer loop
      vertex -108.311 -10.134 4
      vertex -108.201 -10.1461 6.59
      vertex -108.311 -10.134 6.59
    endloop
  endfacet
  facet normal -0.10934 -0.994004 -0
    outer loop
      vertex -108.201 -10.1461 6.59
      vertex -108.311 -10.134 4
      vertex -108.201 -10.1461 4
    endloop
  endfacet
  facet normal -0.482265 -0.876025 0
    outer loop
      vertex -107.989 -10.2129 4
      vertex -107.892 -10.2663 6.59
      vertex -107.989 -10.2129 6.59
    endloop
  endfacet
  facet normal -0.482265 -0.876025 -0
    outer loop
      vertex -107.892 -10.2663 6.59
      vertex -107.989 -10.2129 4
      vertex -107.892 -10.2663 4
    endloop
  endfacet
  facet normal 0.518461 -0.855101 0
    outer loop
      vertex -108.836 -10.2869 4
      vertex -108.741 -10.2293 6.59
      vertex -108.836 -10.2869 6.59
    endloop
  endfacet
  facet normal 0.518461 -0.855101 0
    outer loop
      vertex -108.741 -10.2293 6.59
      vertex -108.836 -10.2869 4
      vertex -108.741 -10.2293 4
    endloop
  endfacet
  facet normal -0.361321 -0.932441 0
    outer loop
      vertex -108.093 -10.1726 4
      vertex -107.989 -10.2129 6.59
      vertex -108.093 -10.1726 6.59
    endloop
  endfacet
  facet normal -0.361321 -0.932441 -0
    outer loop
      vertex -107.989 -10.2129 6.59
      vertex -108.093 -10.1726 4
      vertex -107.989 -10.2129 4
    endloop
  endfacet
  facet normal -0.590196 -0.80726 0
    outer loop
      vertex -107.892 -10.2663 4
      vertex -107.802 -10.3321 6.59
      vertex -107.892 -10.2663 6.59
    endloop
  endfacet
  facet normal -0.590196 -0.80726 -0
    outer loop
      vertex -107.802 -10.3321 6.59
      vertex -107.892 -10.2663 4
      vertex -107.802 -10.3321 4
    endloop
  endfacet
  facet normal -0.778059 -0.628191 0
    outer loop
      vertex -107.652 -10.4957 4
      vertex -107.722 -10.409 6.59
      vertex -107.722 -10.409 4
    endloop
  endfacet
  facet normal -0.778059 -0.628191 0
    outer loop
      vertex -107.722 -10.409 6.59
      vertex -107.652 -10.4957 4
      vertex -107.652 -10.4957 6.59
    endloop
  endfacet
  facet normal 0.778059 0.628191 0
    outer loop
      vertex -108.975 -11.5575 6.59
      vertex -109.045 -11.4708 4
      vertex -109.045 -11.4708 6.59
    endloop
  endfacet
  facet normal 0.778059 0.628191 0
    outer loop
      vertex -109.045 -11.4708 4
      vertex -108.975 -11.5575 6.59
      vertex -108.975 -11.5575 4
    endloop
  endfacet
  facet normal 0.693001 0.720937 -0
    outer loop
      vertex -108.895 -11.6344 4
      vertex -108.975 -11.5575 6.59
      vertex -108.895 -11.6344 6.59
    endloop
  endfacet
  facet normal 0.693001 0.720937 0
    outer loop
      vertex -108.975 -11.5575 6.59
      vertex -108.895 -11.6344 4
      vertex -108.975 -11.5575 4
    endloop
  endfacet
  facet normal 0.960292 0.278998 0
    outer loop
      vertex -109.147 -11.2739 6.59
      vertex -109.178 -11.1672 4
      vertex -109.178 -11.1672 6.59
    endloop
  endfacet
  facet normal 0.960292 0.278998 0
    outer loop
      vertex -109.178 -11.1672 4
      vertex -109.147 -11.2739 6.59
      vertex -109.147 -11.2739 4
    endloop
  endfacet
  facet normal -0.402137 0.91558 0
    outer loop
      vertex -107.956 -11.7372 4
      vertex -108.058 -11.782 6.59
      vertex -107.956 -11.7372 6.59
    endloop
  endfacet
  facet normal -0.402137 0.91558 0
    outer loop
      vertex -108.058 -11.782 6.59
      vertex -107.956 -11.7372 4
      vertex -108.058 -11.782 4
    endloop
  endfacet
  facet normal 0.482958 0.875644 -0
    outer loop
      vertex -108.708 -11.7536 4
      vertex -108.805 -11.7001 6.59
      vertex -108.708 -11.7536 6.59
    endloop
  endfacet
  facet normal 0.482958 0.875644 0
    outer loop
      vertex -108.805 -11.7001 6.59
      vertex -108.708 -11.7536 4
      vertex -108.805 -11.7001 4
    endloop
  endfacet
  facet normal 0.624695 -0.780869 0
    outer loop
      vertex -108.923 -10.3565 4
      vertex -108.836 -10.2869 6.59
      vertex -108.923 -10.3565 6.59
    endloop
  endfacet
  facet normal 0.624695 -0.780869 0
    outer loop
      vertex -108.836 -10.2869 6.59
      vertex -108.923 -10.3565 4
      vertex -108.836 -10.2869 4
    endloop
  endfacet
  facet normal -0.0216166 0.999766 0
    outer loop
      vertex -108.274 -11.83 4
      vertex -108.385 -11.8324 6.59
      vertex -108.274 -11.83 6.59
    endloop
  endfacet
  facet normal -0.0216166 0.999766 0
    outer loop
      vertex -108.385 -11.8324 6.59
      vertex -108.274 -11.83 4
      vertex -108.385 -11.8324 4
    endloop
  endfacet
  facet normal 0.279104 -0.960261 0
    outer loop
      vertex -108.639 -10.1845 4
      vertex -108.532 -10.1534 6.59
      vertex -108.639 -10.1845 6.59
    endloop
  endfacet
  facet normal 0.279104 -0.960261 0
    outer loop
      vertex -108.532 -10.1534 6.59
      vertex -108.639 -10.1845 4
      vertex -108.532 -10.1534 4
    endloop
  endfacet
  facet normal -0.805462 0.592648 0
    outer loop
      vertex -107.697 -11.5296 4
      vertex -107.631 -11.4399 6.59
      vertex -107.631 -11.4399 4
    endloop
  endfacet
  facet normal -0.805462 0.592648 0
    outer loop
      vertex -107.631 -11.4399 6.59
      vertex -107.697 -11.5296 4
      vertex -107.697 -11.5296 6.59
    endloop
  endfacet
  facet normal 0.237453 0.971399 -0
    outer loop
      vertex -108.496 -11.8203 4
      vertex -108.604 -11.7939 6.59
      vertex -108.496 -11.8203 6.59
    endloop
  endfacet
  facet normal 0.237453 0.971399 0
    outer loop
      vertex -108.604 -11.7939 6.59
      vertex -108.496 -11.8203 4
      vertex -108.604 -11.7939 4
    endloop
  endfacet
  facet normal -0.281529 0.959553 0
    outer loop
      vertex -108.058 -11.782 4
      vertex -108.164 -11.8131 6.59
      vertex -108.058 -11.782 6.59
    endloop
  endfacet
  facet normal -0.281529 0.959553 0
    outer loop
      vertex -108.164 -11.8131 6.59
      vertex -108.058 -11.782 4
      vertex -108.164 -11.8131 4
    endloop
  endfacet
  facet normal -0.970143 0.242536 0
    outer loop
      vertex -107.538 -11.2388 4
      vertex -107.511 -11.1308 6.59
      vertex -107.511 -11.1308 4
    endloop
  endfacet
  facet normal -0.970143 0.242536 0
    outer loop
      vertex -107.511 -11.1308 6.59
      vertex -107.538 -11.2388 4
      vertex -107.538 -11.2388 6.59
    endloop
  endfacet
  facet normal 0.809439 -0.587204 0
    outer loop
      vertex -109.065 -10.5265 6.59
      vertex -109 -10.4369 4
      vertex -109 -10.4369 6.59
    endloop
  endfacet
  facet normal 0.809439 -0.587204 0
    outer loop
      vertex -109 -10.4369 4
      vertex -109.065 -10.5265 6.59
      vertex -109.065 -10.5265 4
    endloop
  endfacet
  facet normal 0 0 -1
    outer loop
      vertex -107.511 -11.1308 6.59
      vertex -107.502 -10.9091 6.59
      vertex -107.499 -11.0203 6.59
    endloop
  endfacet
  facet normal 0 0 -1
    outer loop
      vertex -107.511 -11.1308 6.59
      vertex -107.519 -10.7992 6.59
      vertex -107.502 -10.9091 6.59
    endloop
  endfacet
  facet normal 0 0 -1
    outer loop
      vertex -107.538 -11.2388 6.59
      vertex -107.519 -10.7992 6.59
      vertex -107.511 -11.1308 6.59
    endloop
  endfacet
  facet normal 0 0 -1
    outer loop
      vertex -107.538 -11.2388 6.59
      vertex -107.55 -10.6925 6.59
      vertex -107.519 -10.7992 6.59
    endloop
  endfacet
  facet normal 0 0 -1
    outer loop
      vertex -107.578 -11.3424 6.59
      vertex -107.55 -10.6925 6.59
      vertex -107.538 -11.2388 6.59
    endloop
  endfacet
  facet normal 0 0 -1
    outer loop
      vertex -107.578 -11.3424 6.59
      vertex -107.594 -10.5907 6.59
      vertex -107.55 -10.6925 6.59
    endloop
  endfacet
  facet normal 0 0 -1
    outer loop
      vertex -107.631 -11.4399 6.59
      vertex -107.594 -10.5907 6.59
      vertex -107.578 -11.3424 6.59
    endloop
  endfacet
  facet normal 0 0 -1
    outer loop
      vertex -107.631 -11.4399 6.59
      vertex -107.652 -10.4957 6.59
      vertex -107.594 -10.5907 6.59
    endloop
  endfacet
  facet normal 0 0 -1
    outer loop
      vertex -107.697 -11.5296 6.59
      vertex -107.652 -10.4957 6.59
      vertex -107.631 -11.4399 6.59
    endloop
  endfacet
  facet normal 0 0 -1
    outer loop
      vertex -107.697 -11.5296 6.59
      vertex -107.722 -10.409 6.59
      vertex -107.652 -10.4957 6.59
    endloop
  endfacet
  facet normal 0 0 -1
    outer loop
      vertex -107.774 -11.6099 6.59
      vertex -107.722 -10.409 6.59
      vertex -107.697 -11.5296 6.59
    endloop
  endfacet
  facet normal 0 0 -1
    outer loop
      vertex -107.774 -11.6099 6.59
      vertex -107.802 -10.3321 6.59
      vertex -107.722 -10.409 6.59
    endloop
  endfacet
  facet normal 0 0 -1
    outer loop
      vertex -107.861 -11.6795 6.59
      vertex -107.802 -10.3321 6.59
      vertex -107.774 -11.6099 6.59
    endloop
  endfacet
  facet normal 0 0 -1
    outer loop
      vertex -107.861 -11.6795 6.59
      vertex -107.892 -10.2663 6.59
      vertex -107.802 -10.3321 6.59
    endloop
  endfacet
  facet normal 0 0 -1
    outer loop
      vertex -107.956 -11.7372 6.59
      vertex -107.892 -10.2663 6.59
      vertex -107.861 -11.6795 6.59
    endloop
  endfacet
  facet normal 0 0 -1
    outer loop
      vertex -107.956 -11.7372 6.59
      vertex -107.989 -10.2129 6.59
      vertex -107.892 -10.2663 6.59
    endloop
  endfacet
  facet normal 0 0 -1
    outer loop
      vertex -108.058 -11.782 6.59
      vertex -107.989 -10.2129 6.59
      vertex -107.956 -11.7372 6.59
    endloop
  endfacet
  facet normal 0 0 -1
    outer loop
      vertex -108.058 -11.782 6.59
      vertex -108.093 -10.1726 6.59
      vertex -107.989 -10.2129 6.59
    endloop
  endfacet
  facet normal 0 0 -1
    outer loop
      vertex -108.164 -11.8131 6.59
      vertex -108.093 -10.1726 6.59
      vertex -108.058 -11.782 6.59
    endloop
  endfacet
  facet normal 0 0 -1
    outer loop
      vertex -108.164 -11.8131 6.59
      vertex -108.201 -10.1461 6.59
      vertex -108.093 -10.1726 6.59
    endloop
  endfacet
  facet normal 0 0 -1
    outer loop
      vertex -108.274 -11.83 6.59
      vertex -108.201 -10.1461 6.59
      vertex -108.164 -11.8131 6.59
    endloop
  endfacet
  facet normal 0 0 -1
    outer loop
      vertex -108.274 -11.83 6.59
      vertex -108.311 -10.134 6.59
      vertex -108.201 -10.1461 6.59
    endloop
  endfacet
  facet normal 0 0 -1
    outer loop
      vertex -108.385 -11.8324 6.59
      vertex -108.311 -10.134 6.59
      vertex -108.274 -11.83 6.59
    endloop
  endfacet
  facet normal 0 0 -1
    outer loop
      vertex -108.385 -11.8324 6.59
      vertex -108.422 -10.1365 6.59
      vertex -108.311 -10.134 6.59
    endloop
  endfacet
  facet normal 0 0 -1
    outer loop
      vertex -108.496 -11.8203 6.59
      vertex -108.422 -10.1365 6.59
      vertex -108.385 -11.8324 6.59
    endloop
  endfacet
  facet normal 0 0 -1
    outer loop
      vertex -108.496 -11.8203 6.59
      vertex -108.532 -10.1534 6.59
      vertex -108.422 -10.1365 6.59
    endloop
  endfacet
  facet normal 0 0 -1
    outer loop
      vertex -108.604 -11.7939 6.59
      vertex -108.532 -10.1534 6.59
      vertex -108.496 -11.8203 6.59
    endloop
  endfacet
  facet normal 0 0 -1
    outer loop
      vertex -108.604 -11.7939 6.59
      vertex -108.639 -10.1845 6.59
      vertex -108.532 -10.1534 6.59
    endloop
  endfacet
  facet normal 0 0 -1
    outer loop
      vertex -108.708 -11.7536 6.59
      vertex -108.639 -10.1845 6.59
      vertex -108.604 -11.7939 6.59
    endloop
  endfacet
  facet normal 0 0 -1
    outer loop
      vertex -108.708 -11.7536 6.59
      vertex -108.741 -10.2293 6.59
      vertex -108.639 -10.1845 6.59
    endloop
  endfacet
  facet normal 0 0 -1
    outer loop
      vertex -108.805 -11.7001 6.59
      vertex -108.741 -10.2293 6.59
      vertex -108.708 -11.7536 6.59
    endloop
  endfacet
  facet normal 0 0 -1
    outer loop
      vertex -108.805 -11.7001 6.59
      vertex -108.836 -10.2869 6.59
      vertex -108.741 -10.2293 6.59
    endloop
  endfacet
  facet normal 0 0 -1
    outer loop
      vertex -108.895 -11.6344 6.59
      vertex -108.836 -10.2869 6.59
      vertex -108.805 -11.7001 6.59
    endloop
  endfacet
  facet normal 0 0 -1
    outer loop
      vertex -108.895 -11.6344 6.59
      vertex -108.923 -10.3565 6.59
      vertex -108.836 -10.2869 6.59
    endloop
  endfacet
  facet normal 0 0 -1
    outer loop
      vertex -108.975 -11.5575 6.59
      vertex -108.923 -10.3565 6.59
      vertex -108.895 -11.6344 6.59
    endloop
  endfacet
  facet normal 0 0 -1
    outer loop
      vertex -108.975 -11.5575 6.59
      vertex -109 -10.4369 6.59
      vertex -108.923 -10.3565 6.59
    endloop
  endfacet
  facet normal 0 0 -1
    outer loop
      vertex -109.045 -11.4708 6.59
      vertex -109 -10.4369 6.59
      vertex -108.975 -11.5575 6.59
    endloop
  endfacet
  facet normal 0 0 -1
    outer loop
      vertex -109.045 -11.4708 6.59
      vertex -109.065 -10.5265 6.59
      vertex -109 -10.4369 6.59
    endloop
  endfacet
  facet normal 0 0 -1
    outer loop
      vertex -109.102 -11.3757 6.59
      vertex -109.065 -10.5265 6.59
      vertex -109.045 -11.4708 6.59
    endloop
  endfacet
  facet normal 0 0 -1
    outer loop
      vertex -109.102 -11.3757 6.59
      vertex -109.119 -10.624 6.59
      vertex -109.065 -10.5265 6.59
    endloop
  endfacet
  facet normal 0 0 -1
    outer loop
      vertex -109.147 -11.2739 6.59
      vertex -109.119 -10.624 6.59
      vertex -109.102 -11.3757 6.59
    endloop
  endfacet
  facet normal 0 0 -1
    outer loop
      vertex -109.147 -11.2739 6.59
      vertex -109.159 -10.7276 6.59
      vertex -109.119 -10.624 6.59
    endloop
  endfacet
  facet normal 0 0 -1
    outer loop
      vertex -109.178 -11.1672 6.59
      vertex -109.159 -10.7276 6.59
      vertex -109.147 -11.2739 6.59
    endloop
  endfacet
  facet normal 0 0 -1
    outer loop
      vertex -109.178 -11.1672 6.59
      vertex -109.185 -10.8356 6.59
      vertex -109.159 -10.7276 6.59
    endloop
  endfacet
  facet normal 0 0 -1
    outer loop
      vertex -109.195 -11.0573 6.59
      vertex -109.185 -10.8356 6.59
      vertex -109.178 -11.1672 6.59
    endloop
  endfacet
  facet normal 0 0 -1
    outer loop
      vertex -109.185 -10.8356 6.59
      vertex -109.195 -11.0573 6.59
      vertex -109.198 -10.9461 6.59
    endloop
  endfacet
  facet normal -0.693001 -0.720937 0
    outer loop
      vertex -107.802 -10.3321 4
      vertex -107.722 -10.409 6.59
      vertex -107.802 -10.3321 6.59
    endloop
  endfacet
  facet normal -0.693001 -0.720937 -0
    outer loop
      vertex -107.722 -10.409 6.59
      vertex -107.802 -10.3321 4
      vertex -107.722 -10.409 4
    endloop
  endfacet
  facet normal 0.972224 -0.234054 0
    outer loop
      vertex -109.185 -10.8356 6.59
      vertex -109.159 -10.7276 4
      vertex -109.159 -10.7276 6.59
    endloop
  endfacet
  facet normal 0.972224 -0.234054 0
    outer loop
      vertex -109.159 -10.7276 4
      vertex -109.185 -10.8356 6.59
      vertex -109.185 -10.8356 4
    endloop
  endfacet
  facet normal -0.917928 -0.396747 0
    outer loop
      vertex -107.55 -10.6925 4
      vertex -107.594 -10.5907 6.59
      vertex -107.594 -10.5907 4
    endloop
  endfacet
  facet normal -0.917928 -0.396747 0
    outer loop
      vertex -107.594 -10.5907 6.59
      vertex -107.55 -10.6925 4
      vertex -107.55 -10.6925 6.59
    endloop
  endfacet
  facet normal 0.108367 0.994111 -0
    outer loop
      vertex -108.385 -11.8324 4
      vertex -108.496 -11.8203 6.59
      vertex -108.385 -11.8324 6.59
    endloop
  endfacet
  facet normal 0.108367 0.994111 0
    outer loop
      vertex -108.496 -11.8203 6.59
      vertex -108.385 -11.8324 4
      vertex -108.496 -11.8203 4
    endloop
  endfacet
  facet normal -0.878583 0.477589 0
    outer loop
      vertex -107.631 -11.4399 4
      vertex -107.578 -11.3424 6.59
      vertex -107.578 -11.3424 4
    endloop
  endfacet
  facet normal -0.878583 0.477589 0
    outer loop
      vertex -107.578 -11.3424 6.59
      vertex -107.631 -11.4399 4
      vertex -107.631 -11.4399 6.59
    endloop
  endfacet
  facet normal 0.151855 -0.988403 0
    outer loop
      vertex -108.532 -10.1534 4
      vertex -108.422 -10.1365 6.59
      vertex -108.532 -10.1534 6.59
    endloop
  endfacet
  facet normal 0.151855 -0.988403 0
    outer loop
      vertex -108.422 -10.1365 6.59
      vertex -108.532 -10.1534 4
      vertex -108.422 -10.1365 4
    endloop
  endfacet
  facet normal -0.721782 0.69212 0
    outer loop
      vertex -107.774 -11.6099 4
      vertex -107.697 -11.5296 6.59
      vertex -107.697 -11.5296 4
    endloop
  endfacet
  facet normal -0.721782 0.69212 0
    outer loop
      vertex -107.697 -11.5296 6.59
      vertex -107.774 -11.6099 4
      vertex -107.774 -11.6099 6.59
    endloop
  endfacet
  facet normal 0.914625 0.404304 0
    outer loop
      vertex -109.102 -11.3757 6.59
      vertex -109.147 -11.2739 4
      vertex -109.147 -11.2739 6.59
    endloop
  endfacet
  facet normal 0.914625 0.404304 0
    outer loop
      vertex -109.147 -11.2739 4
      vertex -109.102 -11.3757 6.59
      vertex -109.102 -11.3757 4
    endloop
  endfacet
  facet normal 0.589612 0.807687 -0
    outer loop
      vertex -108.805 -11.7001 4
      vertex -108.895 -11.6344 6.59
      vertex -108.805 -11.7001 6.59
    endloop
  endfacet
  facet normal 0.589612 0.807687 0
    outer loop
      vertex -108.895 -11.6344 6.59
      vertex -108.805 -11.7001 4
      vertex -108.895 -11.6344 4
    endloop
  endfacet
  facet normal 0.402137 -0.91558 0
    outer loop
      vertex -108.741 -10.2293 4
      vertex -108.639 -10.1845 6.59
      vertex -108.741 -10.2293 6.59
    endloop
  endfacet
  facet normal 0.402137 -0.91558 0
    outer loop
      vertex -108.639 -10.1845 6.59
      vertex -108.741 -10.2293 4
      vertex -108.639 -10.1845 4
    endloop
  endfacet
  facet normal -0.853504 -0.521087 0
    outer loop
      vertex -107.594 -10.5907 4
      vertex -107.652 -10.4957 6.59
      vertex -107.652 -10.4957 4
    endloop
  endfacet
  facet normal -0.853504 -0.521087 0
    outer loop
      vertex -107.652 -10.4957 6.59
      vertex -107.594 -10.5907 4
      vertex -107.594 -10.5907 6.59
    endloop
  endfacet
  facet normal 0.988247 0.152868 0
    outer loop
      vertex -109.178 -11.1672 6.59
      vertex -109.195 -11.0573 4
      vertex -109.195 -11.0573 6.59
    endloop
  endfacet
  facet normal 0.988247 0.152868 0
    outer loop
      vertex -109.195 -11.0573 4
      vertex -109.178 -11.1672 6.59
      vertex -109.178 -11.1672 4
    endloop
  endfacet
  facet normal 0.999636 0.0269686 0
    outer loop
      vertex -109.195 -11.0573 6.59
      vertex -109.198 -10.9461 4
      vertex -109.198 -10.9461 6.59
    endloop
  endfacet
  facet normal 0.999636 0.0269686 0
    outer loop
      vertex -109.198 -10.9461 4
      vertex -109.195 -11.0573 6.59
      vertex -109.195 -11.0573 4
    endloop
  endfacet
  facet normal 0.361321 0.932441 -0
    outer loop
      vertex -108.604 -11.7939 4
      vertex -108.708 -11.7536 6.59
      vertex -108.604 -11.7939 6.59
    endloop
  endfacet
  facet normal 0.361321 0.932441 0
    outer loop
      vertex -108.708 -11.7536 6.59
      vertex -108.604 -11.7939 4
      vertex -108.708 -11.7536 4
    endloop
  endfacet
  facet normal 0.0225168 -0.999746 0
    outer loop
      vertex -108.422 -10.1365 4
      vertex -108.311 -10.134 6.59
      vertex -108.422 -10.1365 6.59
    endloop
  endfacet
  facet normal 0.0225168 -0.999746 0
    outer loop
      vertex -108.311 -10.134 6.59
      vertex -108.422 -10.1365 4
      vertex -108.311 -10.134 4
    endloop
  endfacet
  facet normal 0.932881 -0.360186 0
    outer loop
      vertex -109.159 -10.7276 6.59
      vertex -109.119 -10.624 4
      vertex -109.119 -10.624 6.59
    endloop
  endfacet
  facet normal 0.932881 -0.360186 0
    outer loop
      vertex -109.119 -10.624 4
      vertex -109.159 -10.7276 6.59
      vertex -109.159 -10.7276 4
    endloop
  endfacet
  facet normal -0.238302 -0.971191 0
    outer loop
      vertex -108.201 -10.1461 4
      vertex -108.093 -10.1726 6.59
      vertex -108.201 -10.1461 6.59
    endloop
  endfacet
  facet normal -0.238302 -0.971191 -0
    outer loop
      vertex -108.093 -10.1726 6.59
      vertex -108.201 -10.1461 4
      vertex -108.093 -10.1726 4
    endloop
  endfacet
  facet normal 0.874791 -0.4845 0
    outer loop
      vertex -109.119 -10.624 6.59
      vertex -109.065 -10.5265 4
      vertex -109.065 -10.5265 6.59
    endloop
  endfacet
  facet normal 0.874791 -0.4845 0
    outer loop
      vertex -109.065 -10.5265 4
      vertex -109.119 -10.624 6.59
      vertex -109.119 -10.624 4
    endloop
  endfacet
  facet normal 0.993151 -0.116841 0
    outer loop
      vertex -109.198 -10.9461 6.59
      vertex -109.185 -10.8356 4
      vertex -109.185 -10.8356 6.59
    endloop
  endfacet
  facet normal 0.993151 -0.116841 0
    outer loop
      vertex -109.185 -10.8356 4
      vertex -109.198 -10.9461 6.59
      vertex -109.198 -10.9461 4
    endloop
  endfacet
  facet normal -0.519119 0.854702 0
    outer loop
      vertex -107.861 -11.6795 4
      vertex -107.956 -11.7372 6.59
      vertex -107.861 -11.6795 6.59
    endloop
  endfacet
  facet normal -0.519119 0.854702 0
    outer loop
      vertex -107.956 -11.7372 6.59
      vertex -107.861 -11.6795 4
      vertex -107.956 -11.7372 4
    endloop
  endfacet
  facet normal 0.722213 -0.691671 0
    outer loop
      vertex -109 -10.4369 6.59
      vertex -108.923 -10.3565 4
      vertex -108.923 -10.3565 6.59
    endloop
  endfacet
  facet normal 0.722213 -0.691671 0
    outer loop
      vertex -108.923 -10.3565 4
      vertex -109 -10.4369 6.59
      vertex -109 -10.4369 4
    endloop
  endfacet
  facet normal -0.362533 -0.931971 0
    outer loop
      vertex -33.2833 -14.9354 4
      vertex -33.1797 -14.9757 6.59
      vertex -33.2833 -14.9354 6.59
    endloop
  endfacet
  facet normal -0.362533 -0.931971 -0
    outer loop
      vertex -33.1797 -14.9757 6.59
      vertex -33.2833 -14.9354 4
      vertex -33.1797 -14.9757 4
    endloop
  endfacet
  facet normal -0.999747 -0.0224763 0
    outer loop
      vertex -32.6897 -15.7832 4
      vertex -32.6922 -15.672 6.59
      vertex -32.6922 -15.672 4
    endloop
  endfacet
  facet normal -0.999747 -0.0224763 0
    outer loop
      vertex -32.6922 -15.672 6.59
      vertex -32.6897 -15.7832 4
      vertex -32.6897 -15.7832 6.59
    endloop
  endfacet
  facet normal -0.994058 0.108852 0
    outer loop
      vertex -32.7018 -15.8937 4
      vertex -32.6897 -15.7832 6.59
      vertex -32.6897 -15.7832 4
    endloop
  endfacet
  facet normal -0.994058 0.108852 0
    outer loop
      vertex -32.6897 -15.7832 6.59
      vertex -32.7018 -15.8937 4
      vertex -32.7018 -15.8937 6.59
    endloop
  endfacet
  facet normal -0.988382 -0.15199 0
    outer loop
      vertex -32.6922 -15.672 4
      vertex -32.7091 -15.5621 6.59
      vertex -32.7091 -15.5621 4
    endloop
  endfacet
  facet normal -0.988382 -0.15199 0
    outer loop
      vertex -32.7091 -15.5621 6.59
      vertex -32.6922 -15.672 4
      vertex -32.6922 -15.672 6.59
    endloop
  endfacet
  facet normal -0.915289 -0.402799 0
    outer loop
      vertex -32.7402 -15.4554 4
      vertex -32.785 -15.3536 6.59
      vertex -32.785 -15.3536 4
    endloop
  endfacet
  facet normal -0.915289 -0.402799 0
    outer loop
      vertex -32.785 -15.3536 6.59
      vertex -32.7402 -15.4554 4
      vertex -32.7402 -15.4554 6.59
    endloop
  endfacet
  facet normal -0.481056 -0.87669 0
    outer loop
      vertex -33.1797 -14.9757 4
      vertex -33.0822 -15.0292 6.59
      vertex -33.1797 -14.9757 6.59
    endloop
  endfacet
  facet normal -0.481056 -0.87669 -0
    outer loop
      vertex -33.0822 -15.0292 6.59
      vertex -33.1797 -14.9757 4
      vertex -33.0822 -15.0292 4
    endloop
  endfacet
  facet normal 0.999767 0.0215777 0
    outer loop
      vertex -34.3857 -15.8202 6.59
      vertex -34.3881 -15.709 4
      vertex -34.3881 -15.709 6.59
    endloop
  endfacet
  facet normal 0.999767 0.0215777 0
    outer loop
      vertex -34.3881 -15.709 4
      vertex -34.3857 -15.8202 6.59
      vertex -34.3857 -15.8202 4
    endloop
  endfacet
  facet normal -0.971191 0.238302 0
    outer loop
      vertex -32.7283 -16.0017 4
      vertex -32.7018 -15.8937 6.59
      vertex -32.7018 -15.8937 4
    endloop
  endfacet
  facet normal -0.971191 0.238302 0
    outer loop
      vertex -32.7018 -15.8937 6.59
      vertex -32.7283 -16.0017 4
      vertex -32.7283 -16.0017 6.59
    endloop
  endfacet
  facet normal 0.691182 0.722681 -0
    outer loop
      vertex -34.0853 -16.3972 4
      vertex -34.1656 -16.3204 6.59
      vertex -34.0853 -16.3972 6.59
    endloop
  endfacet
  facet normal 0.691182 0.722681 0
    outer loop
      vertex -34.1656 -16.3204 6.59
      vertex -34.0853 -16.3972 4
      vertex -34.1656 -16.3204 4
    endloop
  endfacet
  facet normal 0.994058 -0.108852 0
    outer loop
      vertex -34.3881 -15.709 6.59
      vertex -34.376 -15.5985 4
      vertex -34.376 -15.5985 6.59
    endloop
  endfacet
  facet normal 0.994058 -0.108852 0
    outer loop
      vertex -34.376 -15.5985 4
      vertex -34.3881 -15.709 6.59
      vertex -34.3881 -15.709 4
    endloop
  endfacet
  facet normal 0.481056 0.87669 -0
    outer loop
      vertex -33.8981 -16.5165 4
      vertex -33.9956 -16.463 6.59
      vertex -33.8981 -16.5165 6.59
    endloop
  endfacet
  facet normal 0.481056 0.87669 0
    outer loop
      vertex -33.9956 -16.463 6.59
      vertex -33.8981 -16.5165 4
      vertex -33.9956 -16.463 4
    endloop
  endfacet
  facet normal -0.96005 -0.279827 0
    outer loop
      vertex -32.7091 -15.5621 4
      vertex -32.7402 -15.4554 6.59
      vertex -32.7402 -15.4554 4
    endloop
  endfacet
  facet normal -0.96005 -0.279827 0
    outer loop
      vertex -32.7402 -15.4554 6.59
      vertex -32.7091 -15.5621 4
      vertex -32.7091 -15.5621 6.59
    endloop
  endfacet
  facet normal -0.855101 -0.518461 0
    outer loop
      vertex -32.785 -15.3536 4
      vertex -32.8426 -15.2586 6.59
      vertex -32.8426 -15.2586 4
    endloop
  endfacet
  facet normal -0.855101 -0.518461 0
    outer loop
      vertex -32.8426 -15.2586 6.59
      vertex -32.785 -15.3536 4
      vertex -32.785 -15.3536 6.59
    endloop
  endfacet
  facet normal -0.877069 0.480364 0
    outer loop
      vertex -32.822 -16.2028 4
      vertex -32.7686 -16.1053 6.59
      vertex -32.7686 -16.1053 4
    endloop
  endfacet
  facet normal -0.877069 0.480364 0
    outer loop
      vertex -32.7686 -16.1053 6.59
      vertex -32.822 -16.2028 4
      vertex -32.822 -16.2028 6.59
    endloop
  endfacet
  facet normal 0.854702 0.519119 0
    outer loop
      vertex -34.2352 -16.2336 6.59
      vertex -34.2929 -16.1386 4
      vertex -34.2929 -16.1386 6.59
    endloop
  endfacet
  facet normal 0.854702 0.519119 0
    outer loop
      vertex -34.2929 -16.1386 4
      vertex -34.2352 -16.2336 6.59
      vertex -34.2352 -16.2336 4
    endloop
  endfacet
  facet normal -0.931971 0.362533 0
    outer loop
      vertex -32.7686 -16.1053 4
      vertex -32.7283 -16.0017 6.59
      vertex -32.7283 -16.0017 4
    endloop
  endfacet
  facet normal -0.931971 0.362533 0
    outer loop
      vertex -32.7283 -16.0017 6.59
      vertex -32.7686 -16.1053 4
      vertex -32.7686 -16.1053 6.59
    endloop
  endfacet
  facet normal 0.108852 0.994058 -0
    outer loop
      vertex -33.576 -16.5953 4
      vertex -33.6865 -16.5832 6.59
      vertex -33.576 -16.5953 6.59
    endloop
  endfacet
  facet normal 0.108852 0.994058 0
    outer loop
      vertex -33.6865 -16.5832 6.59
      vertex -33.576 -16.5953 4
      vertex -33.6865 -16.5832 4
    endloop
  endfacet
  facet normal 0.988382 0.15199 0
    outer loop
      vertex -34.3688 -15.9301 6.59
      vertex -34.3857 -15.8202 4
      vertex -34.3857 -15.8202 6.59
    endloop
  endfacet
  facet normal 0.988382 0.15199 0
    outer loop
      vertex -34.3857 -15.8202 4
      vertex -34.3688 -15.9301 6.59
      vertex -34.3688 -15.9301 4
    endloop
  endfacet
  facet normal -0.722232 0.691651 0
    outer loop
      vertex -32.9647 -16.3728 4
      vertex -32.8878 -16.2925 6.59
      vertex -32.8878 -16.2925 4
    endloop
  endfacet
  facet normal -0.722232 0.691651 0
    outer loop
      vertex -32.8878 -16.2925 6.59
      vertex -32.9647 -16.3728 4
      vertex -32.9647 -16.3728 6.59
    endloop
  endfacet
  facet normal -0.591481 -0.806319 0
    outer loop
      vertex -33.0822 -15.0292 4
      vertex -32.9925 -15.095 6.59
      vertex -33.0822 -15.0292 6.59
    endloop
  endfacet
  facet normal -0.591481 -0.806319 -0
    outer loop
      vertex -32.9925 -15.095 6.59
      vertex -33.0822 -15.0292 4
      vertex -32.9925 -15.095 4
    endloop
  endfacet
  facet normal 0.279827 -0.96005 0
    outer loop
      vertex -33.8296 -14.9474 4
      vertex -33.7229 -14.9163 6.59
      vertex -33.8296 -14.9474 6.59
    endloop
  endfacet
  facet normal 0.279827 -0.96005 0
    outer loop
      vertex -33.7229 -14.9163 6.59
      vertex -33.8296 -14.9474 4
      vertex -33.7229 -14.9163 4
    endloop
  endfacet
  facet normal -0.280656 0.959808 0
    outer loop
      vertex -33.2482 -16.5448 4
      vertex -33.3549 -16.576 6.59
      vertex -33.2482 -16.5448 6.59
    endloop
  endfacet
  facet normal -0.280656 0.959808 0
    outer loop
      vertex -33.3549 -16.576 6.59
      vertex -33.2482 -16.5448 4
      vertex -33.3549 -16.576 4
    endloop
  endfacet
  facet normal -0.15199 0.988382 0
    outer loop
      vertex -33.3549 -16.576 4
      vertex -33.4648 -16.5929 6.59
      vertex -33.3549 -16.576 6.59
    endloop
  endfacet
  facet normal -0.15199 0.988382 0
    outer loop
      vertex -33.4648 -16.5929 6.59
      vertex -33.3549 -16.576 4
      vertex -33.4648 -16.5929 4
    endloop
  endfacet
  facet normal 0.362533 0.931971 -0
    outer loop
      vertex -33.7945 -16.5568 4
      vertex -33.8981 -16.5165 6.59
      vertex -33.7945 -16.5568 6.59
    endloop
  endfacet
  facet normal 0.362533 0.931971 0
    outer loop
      vertex -33.8981 -16.5165 6.59
      vertex -33.7945 -16.5568 4
      vertex -33.8981 -16.5165 4
    endloop
  endfacet
  facet normal 0.87669 -0.481056 0
    outer loop
      vertex -34.3093 -15.3869 6.59
      vertex -34.2558 -15.2894 4
      vertex -34.2558 -15.2894 6.59
    endloop
  endfacet
  facet normal 0.87669 -0.481056 0
    outer loop
      vertex -34.2558 -15.2894 4
      vertex -34.3093 -15.3869 6.59
      vertex -34.3093 -15.3869 4
    endloop
  endfacet
  facet normal 0.0215777 -0.999767 0
    outer loop
      vertex -33.613 -14.8993 4
      vertex -33.5018 -14.8969 6.59
      vertex -33.613 -14.8993 6.59
    endloop
  endfacet
  facet normal 0.0215777 -0.999767 0
    outer loop
      vertex -33.5018 -14.8969 6.59
      vertex -33.613 -14.8993 4
      vertex -33.5018 -14.8969 4
    endloop
  endfacet
  facet normal 0.402045 -0.91562 0
    outer loop
      vertex -33.9314 -14.9921 4
      vertex -33.8296 -14.9474 6.59
      vertex -33.9314 -14.9921 6.59
    endloop
  endfacet
  facet normal 0.402045 -0.91562 0
    outer loop
      vertex -33.8296 -14.9474 6.59
      vertex -33.9314 -14.9921 4
      vertex -33.8296 -14.9474 4
    endloop
  endfacet
  facet normal -0.402045 0.91562 0
    outer loop
      vertex -33.1464 -16.5001 4
      vertex -33.2482 -16.5448 6.59
      vertex -33.1464 -16.5001 6.59
    endloop
  endfacet
  facet normal -0.402045 0.91562 0
    outer loop
      vertex -33.2482 -16.5448 6.59
      vertex -33.1464 -16.5001 4
      vertex -33.2482 -16.5448 4
    endloop
  endfacet
  facet normal -0.0215777 0.999767 0
    outer loop
      vertex -33.4648 -16.5929 4
      vertex -33.576 -16.5953 6.59
      vertex -33.4648 -16.5929 6.59
    endloop
  endfacet
  facet normal -0.0215777 0.999767 0
    outer loop
      vertex -33.576 -16.5953 6.59
      vertex -33.4648 -16.5929 4
      vertex -33.576 -16.5953 4
    endloop
  endfacet
  facet normal 0.806748 -0.590896 0
    outer loop
      vertex -34.2558 -15.2894 6.59
      vertex -34.1901 -15.1997 4
      vertex -34.1901 -15.1997 6.59
    endloop
  endfacet
  facet normal 0.806748 -0.590896 0
    outer loop
      vertex -34.1901 -15.1997 4
      vertex -34.2558 -15.2894 6.59
      vertex -34.2558 -15.2894 4
    endloop
  endfacet
  facet normal 0.722232 -0.691651 0
    outer loop
      vertex -34.1901 -15.1997 6.59
      vertex -34.1132 -15.1194 4
      vertex -34.1132 -15.1194 6.59
    endloop
  endfacet
  facet normal 0.722232 -0.691651 0
    outer loop
      vertex -34.1132 -15.1194 4
      vertex -34.1901 -15.1997 6.59
      vertex -34.1901 -15.1997 4
    endloop
  endfacet
  facet normal 0.237453 0.971399 -0
    outer loop
      vertex -33.6865 -16.5832 4
      vertex -33.7945 -16.5568 6.59
      vertex -33.6865 -16.5832 6.59
    endloop
  endfacet
  facet normal 0.237453 0.971399 0
    outer loop
      vertex -33.7945 -16.5568 6.59
      vertex -33.6865 -16.5832 4
      vertex -33.7945 -16.5568 4
    endloop
  endfacet
  facet normal 0.51872 -0.854944 0
    outer loop
      vertex -34.0265 -15.0498 4
      vertex -33.9314 -14.9921 6.59
      vertex -34.0265 -15.0498 6.59
    endloop
  endfacet
  facet normal 0.51872 -0.854944 0
    outer loop
      vertex -33.9314 -14.9921 6.59
      vertex -34.0265 -15.0498 4
      vertex -33.9314 -14.9921 4
    endloop
  endfacet
  facet normal 0.780167 0.625572 0
    outer loop
      vertex -34.1656 -16.3204 6.59
      vertex -34.2352 -16.2336 4
      vertex -34.2352 -16.2336 6.59
    endloop
  endfacet
  facet normal 0.780167 0.625572 0
    outer loop
      vertex -34.2352 -16.2336 4
      vertex -34.1656 -16.3204 6.59
      vertex -34.1656 -16.3204 4
    endloop
  endfacet
  facet normal 0.62601 -0.779815 0
    outer loop
      vertex -34.1132 -15.1194 4
      vertex -34.0265 -15.0498 6.59
      vertex -34.1132 -15.1194 6.59
    endloop
  endfacet
  facet normal 0.62601 -0.779815 0
    outer loop
      vertex -34.0265 -15.0498 6.59
      vertex -34.1132 -15.1194 4
      vertex -34.0265 -15.0498 4
    endloop
  endfacet
  facet normal -0.62601 0.779815 0
    outer loop
      vertex -32.9647 -16.3728 4
      vertex -33.0514 -16.4424 6.59
      vertex -32.9647 -16.3728 6.59
    endloop
  endfacet
  facet normal -0.62601 0.779815 0
    outer loop
      vertex -33.0514 -16.4424 6.59
      vertex -32.9647 -16.3728 4
      vertex -33.0514 -16.4424 4
    endloop
  endfacet
  facet normal -0.806319 0.591481 0
    outer loop
      vertex -32.8878 -16.2925 4
      vertex -32.822 -16.2028 6.59
      vertex -32.822 -16.2028 4
    endloop
  endfacet
  facet normal -0.806319 0.591481 0
    outer loop
      vertex -32.822 -16.2028 6.59
      vertex -32.8878 -16.2925 4
      vertex -32.8878 -16.2925 6.59
    endloop
  endfacet
  facet normal 0.931971 -0.362533 0
    outer loop
      vertex -34.3496 -15.4905 6.59
      vertex -34.3093 -15.3869 4
      vertex -34.3093 -15.3869 6.59
    endloop
  endfacet
  facet normal 0.931971 -0.362533 0
    outer loop
      vertex -34.3093 -15.3869 4
      vertex -34.3496 -15.4905 6.59
      vertex -34.3496 -15.4905 4
    endloop
  endfacet
  facet normal -0.237453 -0.971399 0
    outer loop
      vertex -33.3913 -14.909 4
      vertex -33.2833 -14.9354 6.59
      vertex -33.3913 -14.909 6.59
    endloop
  endfacet
  facet normal -0.237453 -0.971399 -0
    outer loop
      vertex -33.2833 -14.9354 6.59
      vertex -33.3913 -14.909 4
      vertex -33.2833 -14.9354 4
    endloop
  endfacet
  facet normal -0.691651 -0.722232 0
    outer loop
      vertex -32.9925 -15.095 4
      vertex -32.9122 -15.1719 6.59
      vertex -32.9925 -15.095 6.59
    endloop
  endfacet
  facet normal -0.691651 -0.722232 -0
    outer loop
      vertex -32.9122 -15.1719 6.59
      vertex -32.9925 -15.095 4
      vertex -32.9122 -15.1719 4
    endloop
  endfacet
  facet normal 0.152868 -0.988247 0
    outer loop
      vertex -33.7229 -14.9163 4
      vertex -33.613 -14.8993 6.59
      vertex -33.7229 -14.9163 6.59
    endloop
  endfacet
  facet normal 0.152868 -0.988247 0
    outer loop
      vertex -33.613 -14.8993 6.59
      vertex -33.7229 -14.9163 4
      vertex -33.613 -14.8993 4
    endloop
  endfacet
  facet normal -0.108852 -0.994058 0
    outer loop
      vertex -33.5018 -14.8969 4
      vertex -33.3913 -14.909 6.59
      vertex -33.5018 -14.8969 6.59
    endloop
  endfacet
  facet normal -0.108852 -0.994058 -0
    outer loop
      vertex -33.3913 -14.909 6.59
      vertex -33.5018 -14.8969 4
      vertex -33.3913 -14.909 4
    endloop
  endfacet
  facet normal 0.971399 -0.237453 0
    outer loop
      vertex -34.376 -15.5985 6.59
      vertex -34.3496 -15.4905 4
      vertex -34.3496 -15.4905 6.59
    endloop
  endfacet
  facet normal 0.971399 -0.237453 0
    outer loop
      vertex -34.3496 -15.4905 4
      vertex -34.376 -15.5985 6.59
      vertex -34.376 -15.5985 4
    endloop
  endfacet
  facet normal -0.779815 -0.62601 0
    outer loop
      vertex -32.8426 -15.2586 4
      vertex -32.9122 -15.1719 6.59
      vertex -32.9122 -15.1719 4
    endloop
  endfacet
  facet normal -0.779815 -0.62601 0
    outer loop
      vertex -32.9122 -15.1719 6.59
      vertex -32.8426 -15.2586 4
      vertex -32.8426 -15.2586 6.59
    endloop
  endfacet
  facet normal 0 0 -1
    outer loop
      vertex -32.7018 -15.8937 6.59
      vertex -32.6922 -15.672 6.59
      vertex -32.6897 -15.7832 6.59
    endloop
  endfacet
  facet normal 0 0 -1
    outer loop
      vertex -32.7018 -15.8937 6.59
      vertex -32.7091 -15.5621 6.59
      vertex -32.6922 -15.672 6.59
    endloop
  endfacet
  facet normal 0 0 -1
    outer loop
      vertex -32.7283 -16.0017 6.59
      vertex -32.7091 -15.5621 6.59
      vertex -32.7018 -15.8937 6.59
    endloop
  endfacet
  facet normal 0 0 -1
    outer loop
      vertex -32.7283 -16.0017 6.59
      vertex -32.7402 -15.4554 6.59
      vertex -32.7091 -15.5621 6.59
    endloop
  endfacet
  facet normal 0 0 -1
    outer loop
      vertex -32.7686 -16.1053 6.59
      vertex -32.7402 -15.4554 6.59
      vertex -32.7283 -16.0017 6.59
    endloop
  endfacet
  facet normal 0 0 -1
    outer loop
      vertex -32.7686 -16.1053 6.59
      vertex -32.785 -15.3536 6.59
      vertex -32.7402 -15.4554 6.59
    endloop
  endfacet
  facet normal 0 0 -1
    outer loop
      vertex -32.822 -16.2028 6.59
      vertex -32.785 -15.3536 6.59
      vertex -32.7686 -16.1053 6.59
    endloop
  endfacet
  facet normal 0 0 -1
    outer loop
      vertex -32.822 -16.2028 6.59
      vertex -32.8426 -15.2586 6.59
      vertex -32.785 -15.3536 6.59
    endloop
  endfacet
  facet normal 0 0 -1
    outer loop
      vertex -32.8878 -16.2925 6.59
      vertex -32.8426 -15.2586 6.59
      vertex -32.822 -16.2028 6.59
    endloop
  endfacet
  facet normal 0 0 -1
    outer loop
      vertex -32.8878 -16.2925 6.59
      vertex -32.9122 -15.1719 6.59
      vertex -32.8426 -15.2586 6.59
    endloop
  endfacet
  facet normal 0 0 -1
    outer loop
      vertex -32.9647 -16.3728 6.59
      vertex -32.9122 -15.1719 6.59
      vertex -32.8878 -16.2925 6.59
    endloop
  endfacet
  facet normal 0 0 -1
    outer loop
      vertex -32.9647 -16.3728 6.59
      vertex -32.9925 -15.095 6.59
      vertex -32.9122 -15.1719 6.59
    endloop
  endfacet
  facet normal 0 0 -1
    outer loop
      vertex -33.0514 -16.4424 6.59
      vertex -32.9925 -15.095 6.59
      vertex -32.9647 -16.3728 6.59
    endloop
  endfacet
  facet normal 0 0 -1
    outer loop
      vertex -33.0514 -16.4424 6.59
      vertex -33.0822 -15.0292 6.59
      vertex -32.9925 -15.095 6.59
    endloop
  endfacet
  facet normal 0 0 -1
    outer loop
      vertex -33.1464 -16.5001 6.59
      vertex -33.0822 -15.0292 6.59
      vertex -33.0514 -16.4424 6.59
    endloop
  endfacet
  facet normal 0 0 -1
    outer loop
      vertex -33.1464 -16.5001 6.59
      vertex -33.1797 -14.9757 6.59
      vertex -33.0822 -15.0292 6.59
    endloop
  endfacet
  facet normal 0 0 -1
    outer loop
      vertex -33.2482 -16.5448 6.59
      vertex -33.1797 -14.9757 6.59
      vertex -33.1464 -16.5001 6.59
    endloop
  endfacet
  facet normal 0 0 -1
    outer loop
      vertex -33.2482 -16.5448 6.59
      vertex -33.2833 -14.9354 6.59
      vertex -33.1797 -14.9757 6.59
    endloop
  endfacet
  facet normal 0 0 -1
    outer loop
      vertex -33.3549 -16.576 6.59
      vertex -33.2833 -14.9354 6.59
      vertex -33.2482 -16.5448 6.59
    endloop
  endfacet
  facet normal 0 0 -1
    outer loop
      vertex -33.3549 -16.576 6.59
      vertex -33.3913 -14.909 6.59
      vertex -33.2833 -14.9354 6.59
    endloop
  endfacet
  facet normal 0 0 -1
    outer loop
      vertex -33.4648 -16.5929 6.59
      vertex -33.3913 -14.909 6.59
      vertex -33.3549 -16.576 6.59
    endloop
  endfacet
  facet normal 0 0 -1
    outer loop
      vertex -33.4648 -16.5929 6.59
      vertex -33.5018 -14.8969 6.59
      vertex -33.3913 -14.909 6.59
    endloop
  endfacet
  facet normal 0 0 -1
    outer loop
      vertex -33.576 -16.5953 6.59
      vertex -33.5018 -14.8969 6.59
      vertex -33.4648 -16.5929 6.59
    endloop
  endfacet
  facet normal 0 0 -1
    outer loop
      vertex -33.576 -16.5953 6.59
      vertex -33.613 -14.8993 6.59
      vertex -33.5018 -14.8969 6.59
    endloop
  endfacet
  facet normal 0 0 -1
    outer loop
      vertex -33.6865 -16.5832 6.59
      vertex -33.613 -14.8993 6.59
      vertex -33.576 -16.5953 6.59
    endloop
  endfacet
  facet normal 0 0 -1
    outer loop
      vertex -33.6865 -16.5832 6.59
      vertex -33.7229 -14.9163 6.59
      vertex -33.613 -14.8993 6.59
    endloop
  endfacet
  facet normal 0 0 -1
    outer loop
      vertex -33.7945 -16.5568 6.59
      vertex -33.7229 -14.9163 6.59
      vertex -33.6865 -16.5832 6.59
    endloop
  endfacet
  facet normal 0 0 -1
    outer loop
      vertex -33.7945 -16.5568 6.59
      vertex -33.8296 -14.9474 6.59
      vertex -33.7229 -14.9163 6.59
    endloop
  endfacet
  facet normal 0 0 -1
    outer loop
      vertex -33.8981 -16.5165 6.59
      vertex -33.8296 -14.9474 6.59
      vertex -33.7945 -16.5568 6.59
    endloop
  endfacet
  facet normal 0 0 -1
    outer loop
      vertex -33.8981 -16.5165 6.59
      vertex -33.9314 -14.9921 6.59
      vertex -33.8296 -14.9474 6.59
    endloop
  endfacet
  facet normal 0 0 -1
    outer loop
      vertex -33.9956 -16.463 6.59
      vertex -33.9314 -14.9921 6.59
      vertex -33.8981 -16.5165 6.59
    endloop
  endfacet
  facet normal 0 0 -1
    outer loop
      vertex -33.9956 -16.463 6.59
      vertex -34.0265 -15.0498 6.59
      vertex -33.9314 -14.9921 6.59
    endloop
  endfacet
  facet normal 0 0 -1
    outer loop
      vertex -34.0853 -16.3972 6.59
      vertex -34.0265 -15.0498 6.59
      vertex -33.9956 -16.463 6.59
    endloop
  endfacet
  facet normal 0 0 -1
    outer loop
      vertex -34.0853 -16.3972 6.59
      vertex -34.1132 -15.1194 6.59
      vertex -34.0265 -15.0498 6.59
    endloop
  endfacet
  facet normal 0 0 -1
    outer loop
      vertex -34.1656 -16.3204 6.59
      vertex -34.1132 -15.1194 6.59
      vertex -34.0853 -16.3972 6.59
    endloop
  endfacet
  facet normal 0 0 -1
    outer loop
      vertex -34.1656 -16.3204 6.59
      vertex -34.1901 -15.1997 6.59
      vertex -34.1132 -15.1194 6.59
    endloop
  endfacet
  facet normal 0 0 -1
    outer loop
      vertex -34.2352 -16.2336 6.59
      vertex -34.1901 -15.1997 6.59
      vertex -34.1656 -16.3204 6.59
    endloop
  endfacet
  facet normal 0 0 -1
    outer loop
      vertex -34.2352 -16.2336 6.59
      vertex -34.2558 -15.2894 6.59
      vertex -34.1901 -15.1997 6.59
    endloop
  endfacet
  facet normal 0 0 -1
    outer loop
      vertex -34.2929 -16.1386 6.59
      vertex -34.2558 -15.2894 6.59
      vertex -34.2352 -16.2336 6.59
    endloop
  endfacet
  facet normal 0 0 -1
    outer loop
      vertex -34.2929 -16.1386 6.59
      vertex -34.3093 -15.3869 6.59
      vertex -34.2558 -15.2894 6.59
    endloop
  endfacet
  facet normal 0 0 -1
    outer loop
      vertex -34.3377 -16.0368 6.59
      vertex -34.3093 -15.3869 6.59
      vertex -34.2929 -16.1386 6.59
    endloop
  endfacet
  facet normal 0 0 -1
    outer loop
      vertex -34.3377 -16.0368 6.59
      vertex -34.3496 -15.4905 6.59
      vertex -34.3093 -15.3869 6.59
    endloop
  endfacet
  facet normal 0 0 -1
    outer loop
      vertex -34.3688 -15.9301 6.59
      vertex -34.3496 -15.4905 6.59
      vertex -34.3377 -16.0368 6.59
    endloop
  endfacet
  facet normal 0 0 -1
    outer loop
      vertex -34.3688 -15.9301 6.59
      vertex -34.376 -15.5985 6.59
      vertex -34.3496 -15.4905 6.59
    endloop
  endfacet
  facet normal 0 0 -1
    outer loop
      vertex -34.3857 -15.8202 6.59
      vertex -34.376 -15.5985 6.59
      vertex -34.3688 -15.9301 6.59
    endloop
  endfacet
  facet normal 0 0 -1
    outer loop
      vertex -34.376 -15.5985 6.59
      vertex -34.3857 -15.8202 6.59
      vertex -34.3881 -15.709 6.59
    endloop
  endfacet
  facet normal 0.96005 0.279827 0
    outer loop
      vertex -34.3377 -16.0368 6.59
      vertex -34.3688 -15.9301 4
      vertex -34.3688 -15.9301 6.59
    endloop
  endfacet
  facet normal 0.96005 0.279827 0
    outer loop
      vertex -34.3688 -15.9301 4
      vertex -34.3377 -16.0368 6.59
      vertex -34.3377 -16.0368 4
    endloop
  endfacet
  facet normal 0.591481 0.806319 -0
    outer loop
      vertex -33.9956 -16.463 4
      vertex -34.0853 -16.3972 6.59
      vertex -33.9956 -16.463 6.59
    endloop
  endfacet
  facet normal 0.591481 0.806319 0
    outer loop
      vertex -34.0853 -16.3972 6.59
      vertex -33.9956 -16.463 4
      vertex -34.0853 -16.3972 4
    endloop
  endfacet
  facet normal -0.519119 0.854702 0
    outer loop
      vertex -33.0514 -16.4424 4
      vertex -33.1464 -16.5001 6.59
      vertex -33.0514 -16.4424 6.59
    endloop
  endfacet
  facet normal -0.519119 0.854702 0
    outer loop
      vertex -33.1464 -16.5001 6.59
      vertex -33.0514 -16.4424 4
      vertex -33.1464 -16.5001 4
    endloop
  endfacet
  facet normal 0.915289 0.402799 0
    outer loop
      vertex -34.2929 -16.1386 6.59
      vertex -34.3377 -16.0368 4
      vertex -34.3377 -16.0368 6.59
    endloop
  endfacet
  facet normal 0.915289 0.402799 0
    outer loop
      vertex -34.3377 -16.0368 4
      vertex -34.2929 -16.1386 6.59
      vertex -34.2929 -16.1386 4
    endloop
  endfacet
  facet normal 0 0 1
    outer loop
      vertex -107.853 61.7356 4.2
      vertex -107.576 61.4398 4.2
      vertex -107.465 61.6671 4.2
    endloop
  endfacet
  facet normal 0 0 1
    outer loop
      vertex -107.853 61.7356 4.2
      vertex -107.704 61.0804 4.2
      vertex -107.576 61.4398 4.2
    endloop
  endfacet
  facet normal 0 0 1
    outer loop
      vertex -107.853 61.7356 4.2
      vertex -107.789 60.7202 4.2
      vertex -107.704 61.0804 4.2
    endloop
  endfacet
  facet normal 0 0 1
    outer loop
      vertex -111.179 42.8765 4.2
      vertex -107.789 60.7202 4.2
      vertex -107.853 61.7356 4.2
    endloop
  endfacet
  facet normal 0 0 1
    outer loop
      vertex -107.789 60.7202 4.2
      vertex -111.179 42.8765 4.2
      vertex -110.942 42.8348 4.2
    endloop
  endfacet
  facet normal -0.642787 -0.766045 0
    outer loop
      vertex -24.9088 -17.9906 6
      vertex -11.886 -28.918 7.2
      vertex -24.9088 -17.9906 7.2
    endloop
  endfacet
  facet normal -0.642787 -0.766045 -0
    outer loop
      vertex -11.886 -28.918 7.2
      vertex -24.9088 -17.9906 6
      vertex -11.886 -28.918 6
    endloop
  endfacet
  facet normal 0.766044 -0.642788 0
    outer loop
      vertex -32.2193 -26.7029 7.2
      vertex -24.9088 -17.9906 6
      vertex -24.9088 -17.9906 7.2
    endloop
  endfacet
  facet normal 0.766044 -0.642788 0
    outer loop
      vertex -24.9088 -17.9906 6
      vertex -32.2193 -26.7029 7.2
      vertex -32.2193 -26.7029 6
    endloop
  endfacet
  facet normal 0.722465 -0.691407 0
    outer loop
      vertex -32.364 -26.8541 7.2
      vertex -32.2193 -26.7029 6
      vertex -32.2193 -26.7029 7.2
    endloop
  endfacet
  facet normal 0.722465 -0.691407 0
    outer loop
      vertex -32.2193 -26.7029 6
      vertex -32.364 -26.8541 7.2
      vertex -32.364 -26.8541 6
    endloop
  endfacet
  facet normal 0.625976 -0.779842 0
    outer loop
      vertex -32.5272 -26.9851 6
      vertex -32.364 -26.8541 7.2
      vertex -32.5272 -26.9851 7.2
    endloop
  endfacet
  facet normal 0.625976 -0.779842 0
    outer loop
      vertex -32.364 -26.8541 7.2
      vertex -32.5272 -26.9851 6
      vertex -32.364 -26.8541 6
    endloop
  endfacet
  facet normal 0.518704 -0.854954 0
    outer loop
      vertex -32.7062 -27.0937 6
      vertex -32.5272 -26.9851 7.2
      vertex -32.7062 -27.0937 7.2
    endloop
  endfacet
  facet normal 0.518704 -0.854954 0
    outer loop
      vertex -32.5272 -26.9851 7.2
      vertex -32.7062 -27.0937 6
      vertex -32.5272 -26.9851 6
    endloop
  endfacet
  facet normal 0.402899 -0.915245 0
    outer loop
      vertex -32.8977 -27.178 6
      vertex -32.7062 -27.0937 7.2
      vertex -32.8977 -27.178 7.2
    endloop
  endfacet
  facet normal 0.402899 -0.915245 0
    outer loop
      vertex -32.7062 -27.0937 7.2
      vertex -32.8977 -27.178 6
      vertex -32.7062 -27.0937 6
    endloop
  endfacet
  facet normal 0.27945 -0.96016 0
    outer loop
      vertex -33.0987 -27.2365 6
      vertex -32.8977 -27.178 7.2
      vertex -33.0987 -27.2365 7.2
    endloop
  endfacet
  facet normal 0.27945 -0.96016 0
    outer loop
      vertex -32.8977 -27.178 7.2
      vertex -33.0987 -27.2365 6
      vertex -32.8977 -27.178 6
    endloop
  endfacet
  facet normal 0.152452 -0.988311 0
    outer loop
      vertex -33.3055 -27.2684 6
      vertex -33.0987 -27.2365 7.2
      vertex -33.3055 -27.2684 7.2
    endloop
  endfacet
  facet normal 0.152452 -0.988311 0
    outer loop
      vertex -33.0987 -27.2365 7.2
      vertex -33.3055 -27.2684 6
      vertex -33.0987 -27.2365 6
    endloop
  endfacet
  facet normal 0.0219832 -0.999758 0
    outer loop
      vertex -33.5147 -27.273 6
      vertex -33.3055 -27.2684 7.2
      vertex -33.5147 -27.273 7.2
    endloop
  endfacet
  facet normal 0.0219832 -0.999758 0
    outer loop
      vertex -33.3055 -27.2684 7.2
      vertex -33.5147 -27.273 6
      vertex -33.3055 -27.2684 6
    endloop
  endfacet
  facet normal -0.108911 -0.994052 0
    outer loop
      vertex -33.7228 -27.2502 6
      vertex -33.5147 -27.273 7.2
      vertex -33.7228 -27.2502 7.2
    endloop
  endfacet
  facet normal -0.108911 -0.994052 -0
    outer loop
      vertex -33.5147 -27.273 7.2
      vertex -33.7228 -27.2502 6
      vertex -33.5147 -27.273 6
    endloop
  endfacet
  facet normal -0.237924 -0.971284 0
    outer loop
      vertex -33.9261 -27.2004 6
      vertex -33.7228 -27.2502 7.2
      vertex -33.9261 -27.2004 7.2
    endloop
  endfacet
  facet normal -0.237924 -0.971284 -0
    outer loop
      vertex -33.7228 -27.2502 7.2
      vertex -33.9261 -27.2004 6
      vertex -33.7228 -27.2502 6
    endloop
  endfacet
  facet normal -0.362308 -0.932058 0
    outer loop
      vertex -34.1211 -27.1246 6
      vertex -33.9261 -27.2004 7.2
      vertex -34.1211 -27.1246 7.2
    endloop
  endfacet
  facet normal -0.362308 -0.932058 -0
    outer loop
      vertex -33.9261 -27.2004 7.2
      vertex -34.1211 -27.1246 6
      vertex -33.9261 -27.2004 6
    endloop
  endfacet
  facet normal -0.481093 -0.876669 0
    outer loop
      vertex -34.3046 -27.0239 6
      vertex -34.1211 -27.1246 7.2
      vertex -34.3046 -27.0239 7.2
    endloop
  endfacet
  facet normal -0.481093 -0.876669 -0
    outer loop
      vertex -34.1211 -27.1246 7.2
      vertex -34.3046 -27.0239 6
      vertex -34.1211 -27.1246 6
    endloop
  endfacet
  facet normal -0.591405 -0.806375 0
    outer loop
      vertex -34.4734 -26.9001 6
      vertex -34.3046 -27.0239 7.2
      vertex -34.4734 -26.9001 7.2
    endloop
  endfacet
  facet normal -0.591405 -0.806375 -0
    outer loop
      vertex -34.3046 -27.0239 7.2
      vertex -34.4734 -26.9001 6
      vertex -34.3046 -27.0239 6
    endloop
  endfacet
  facet normal -0.691407 -0.722465 0
    outer loop
      vertex -34.6246 -26.7554 6
      vertex -34.4734 -26.9001 7.2
      vertex -34.6246 -26.7554 7.2
    endloop
  endfacet
  facet normal -0.691407 -0.722465 -0
    outer loop
      vertex -34.4734 -26.9001 7.2
      vertex -34.6246 -26.7554 6
      vertex -34.4734 -26.9001 6
    endloop
  endfacet
  facet normal -0.779842 -0.625976 0
    outer loop
      vertex -34.6246 -26.7554 6
      vertex -34.7556 -26.5922 7.2
      vertex -34.7556 -26.5922 6
    endloop
  endfacet
  facet normal -0.779842 -0.625976 0
    outer loop
      vertex -34.7556 -26.5922 7.2
      vertex -34.6246 -26.7554 6
      vertex -34.6246 -26.7554 7.2
    endloop
  endfacet
  facet normal -0.854825 -0.518916 0
    outer loop
      vertex -34.7556 -26.5922 6
      vertex -34.8642 -26.4133 7.2
      vertex -34.8642 -26.4133 6
    endloop
  endfacet
  facet normal -0.854825 -0.518916 0
    outer loop
      vertex -34.8642 -26.4133 7.2
      vertex -34.7556 -26.5922 6
      vertex -34.7556 -26.5922 7.2
    endloop
  endfacet
  facet normal -0.915322 -0.402723 0
    outer loop
      vertex -34.8642 -26.4133 6
      vertex -34.9485 -26.2217 7.2
      vertex -34.9485 -26.2217 6
    endloop
  endfacet
  facet normal -0.915322 -0.402723 0
    outer loop
      vertex -34.9485 -26.2217 7.2
      vertex -34.8642 -26.4133 6
      vertex -34.8642 -26.4133 7.2
    endloop
  endfacet
  facet normal -0.960123 -0.279578 0
    outer loop
      vertex -34.9485 -26.2217 6
      vertex -35.007 -26.0208 7.2
      vertex -35.007 -26.0208 6
    endloop
  endfacet
  facet normal -0.960123 -0.279578 0
    outer loop
      vertex -35.007 -26.0208 7.2
      vertex -34.9485 -26.2217 6
      vertex -34.9485 -26.2217 7.2
    endloop
  endfacet
  facet normal -0.988322 -0.15238 0
    outer loop
      vertex -35.007 -26.0208 6
      vertex -35.0389 -25.8139 7.2
      vertex -35.0389 -25.8139 6
    endloop
  endfacet
  facet normal -0.988322 -0.15238 0
    outer loop
      vertex -35.0389 -25.8139 7.2
      vertex -35.007 -26.0208 6
      vertex -35.007 -26.0208 7.2
    endloop
  endfacet
  facet normal -0.999769 -0.0215055 0
    outer loop
      vertex -35.0389 -25.8139 6
      vertex -35.0434 -25.6047 7.2
      vertex -35.0434 -25.6047 6
    endloop
  endfacet
  facet normal -0.999769 -0.0215055 0
    outer loop
      vertex -35.0434 -25.6047 7.2
      vertex -35.0389 -25.8139 6
      vertex -35.0389 -25.8139 7.2
    endloop
  endfacet
  facet normal -0.994103 0.108439 0
    outer loop
      vertex -35.0434 -25.6047 6
      vertex -35.0207 -25.3966 7.2
      vertex -35.0207 -25.3966 6
    endloop
  endfacet
  facet normal -0.994103 0.108439 0
    outer loop
      vertex -35.0207 -25.3966 7.2
      vertex -35.0434 -25.6047 6
      vertex -35.0434 -25.6047 7.2
    endloop
  endfacet
  facet normal -0.971284 0.237924 0
    outer loop
      vertex -35.0207 -25.3966 6
      vertex -34.9709 -25.1933 7.2
      vertex -34.9709 -25.1933 6
    endloop
  endfacet
  facet normal -0.971284 0.237924 0
    outer loop
      vertex -34.9709 -25.1933 7.2
      vertex -35.0207 -25.3966 6
      vertex -35.0207 -25.3966 7.2
    endloop
  endfacet
  facet normal -0.932058 0.362308 0
    outer loop
      vertex -34.9709 -25.1933 6
      vertex -34.8951 -24.9983 7.2
      vertex -34.8951 -24.9983 6
    endloop
  endfacet
  facet normal -0.932058 0.362308 0
    outer loop
      vertex -34.8951 -24.9983 7.2
      vertex -34.9709 -25.1933 6
      vertex -34.9709 -25.1933 7.2
    endloop
  endfacet
  facet normal -0.906306 0.422622 0
    outer loop
      vertex -34.8951 -24.9983 6
      vertex -32.1848 -19.1861 7.2
      vertex -32.1848 -19.1861 6
    endloop
  endfacet
  facet normal -0.906306 0.422622 0
    outer loop
      vertex -32.1848 -19.1861 7.2
      vertex -34.8951 -24.9983 6
      vertex -34.8951 -24.9983 7.2
    endloop
  endfacet
  facet normal -0.422622 -0.906306 0
    outer loop
      vertex -44.4654 -13.4595 6
      vertex -32.1848 -19.1861 7.2
      vertex -44.4654 -13.4595 7.2
    endloop
  endfacet
  facet normal -0.422622 -0.906306 -0
    outer loop
      vertex -32.1848 -19.1861 7.2
      vertex -44.4654 -13.4595 6
      vertex -32.1848 -19.1861 6
    endloop
  endfacet
  facet normal -0.481093 -0.876669 0
    outer loop
      vertex -44.6489 -13.3588 6
      vertex -44.4654 -13.4595 7.2
      vertex -44.6489 -13.3588 7.2
    endloop
  endfacet
  facet normal -0.481093 -0.876669 -0
    outer loop
      vertex -44.4654 -13.4595 7.2
      vertex -44.6489 -13.3588 6
      vertex -44.4654 -13.4595 6
    endloop
  endfacet
  facet normal -0.591094 -0.806602 0
    outer loop
      vertex -44.8177 -13.2351 6
      vertex -44.6489 -13.3588 7.2
      vertex -44.8177 -13.2351 7.2
    endloop
  endfacet
  facet normal -0.591094 -0.806602 -0
    outer loop
      vertex -44.6489 -13.3588 7.2
      vertex -44.8177 -13.2351 6
      vertex -44.6489 -13.3588 6
    endloop
  endfacet
  facet normal -0.691656 -0.722227 0
    outer loop
      vertex -44.9689 -13.0903 6
      vertex -44.8177 -13.2351 7.2
      vertex -44.9689 -13.0903 7.2
    endloop
  endfacet
  facet normal -0.691656 -0.722227 -0
    outer loop
      vertex -44.8177 -13.2351 7.2
      vertex -44.9689 -13.0903 6
      vertex -44.8177 -13.2351 6
    endloop
  endfacet
  facet normal -0.779842 -0.625976 0
    outer loop
      vertex -44.9689 -13.0903 6
      vertex -45.0999 -12.9271 7.2
      vertex -45.0999 -12.9271 6
    endloop
  endfacet
  facet normal -0.779842 -0.625976 0
    outer loop
      vertex -45.0999 -12.9271 7.2
      vertex -44.9689 -13.0903 6
      vertex -44.9689 -13.0903 7.2
    endloop
  endfacet
  facet normal -0.854825 -0.518916 0
    outer loop
      vertex -45.0999 -12.9271 6
      vertex -45.2085 -12.7482 7.2
      vertex -45.2085 -12.7482 6
    endloop
  endfacet
  facet normal -0.854825 -0.518916 0
    outer loop
      vertex -45.2085 -12.7482 7.2
      vertex -45.0999 -12.9271 6
      vertex -45.0999 -12.9271 7.2
    endloop
  endfacet
  facet normal -0.915498 -0.402322 0
    outer loop
      vertex -45.2085 -12.7482 6
      vertex -45.2927 -12.5566 7.2
      vertex -45.2927 -12.5566 6
    endloop
  endfacet
  facet normal -0.915498 -0.402322 0
    outer loop
      vertex -45.2927 -12.5566 7.2
      vertex -45.2085 -12.7482 6
      vertex -45.2085 -12.7482 7.2
    endloop
  endfacet
  facet normal -0.959995 -0.280018 0
    outer loop
      vertex -45.2927 -12.5566 6
      vertex -45.3513 -12.3557 7.2
      vertex -45.3513 -12.3557 6
    endloop
  endfacet
  facet normal -0.959995 -0.280018 0
    outer loop
      vertex -45.3513 -12.3557 7.2
      vertex -45.2927 -12.5566 6
      vertex -45.2927 -12.5566 7.2
    endloop
  endfacet
  facet normal -0.988322 -0.15238 0
    outer loop
      vertex -45.3513 -12.3557 6
      vertex -45.3832 -12.1488 7.2
      vertex -45.3832 -12.1488 6
    endloop
  endfacet
  facet normal -0.988322 -0.15238 0
    outer loop
      vertex -45.3832 -12.1488 7.2
      vertex -45.3513 -12.3557 6
      vertex -45.3513 -12.3557 7.2
    endloop
  endfacet
  facet normal -0.999769 -0.0215055 0
    outer loop
      vertex -45.3832 -12.1488 6
      vertex -45.3877 -11.9396 7.2
      vertex -45.3877 -11.9396 6
    endloop
  endfacet
  facet normal -0.999769 -0.0215055 0
    outer loop
      vertex -45.3877 -11.9396 7.2
      vertex -45.3832 -12.1488 6
      vertex -45.3832 -12.1488 7.2
    endloop
  endfacet
  facet normal -0.994046 0.108963 0
    outer loop
      vertex -45.3877 -11.9396 6
      vertex -45.3649 -11.7316 7.2
      vertex -45.3649 -11.7316 6
    endloop
  endfacet
  facet normal -0.994046 0.108963 0
    outer loop
      vertex -45.3649 -11.7316 7.2
      vertex -45.3877 -11.9396 6
      vertex -45.3877 -11.9396 7.2
    endloop
  endfacet
  facet normal -0.971394 0.237473 0
    outer loop
      vertex -45.3649 -11.7316 6
      vertex -45.3152 -11.5283 7.2
      vertex -45.3152 -11.5283 6
    endloop
  endfacet
  facet normal -0.971394 0.237473 0
    outer loop
      vertex -45.3152 -11.5283 7.2
      vertex -45.3649 -11.7316 6
      vertex -45.3649 -11.7316 7.2
    endloop
  endfacet
  facet normal -0.93196 0.362562 0
    outer loop
      vertex -45.3152 -11.5283 6
      vertex -45.2393 -11.3332 7.2
      vertex -45.2393 -11.3332 6
    endloop
  endfacet
  facet normal -0.93196 0.362562 0
    outer loop
      vertex -45.2393 -11.3332 7.2
      vertex -45.3152 -11.5283 6
      vertex -45.3152 -11.5283 7.2
    endloop
  endfacet
  facet normal -0.876871 0.480726 0
    outer loop
      vertex -45.2393 -11.3332 6
      vertex -45.1387 -11.1497 7.2
      vertex -45.1387 -11.1497 6
    endloop
  endfacet
  facet normal -0.876871 0.480726 0
    outer loop
      vertex -45.1387 -11.1497 7.2
      vertex -45.2393 -11.3332 6
      vertex -45.2393 -11.3332 7.2
    endloop
  endfacet
  facet normal -0.806375 0.591405 0
    outer loop
      vertex -45.1387 -11.1497 6
      vertex -45.0149 -10.9809 7.2
      vertex -45.0149 -10.9809 6
    endloop
  endfacet
  facet normal -0.806375 0.591405 0
    outer loop
      vertex -45.0149 -10.9809 7.2
      vertex -45.1387 -11.1497 6
      vertex -45.1387 -11.1497 7.2
    endloop
  endfacet
  facet normal -0.722237 0.691646 0
    outer loop
      vertex -45.0149 -10.9809 6
      vertex -44.8702 -10.8298 7.2
      vertex -44.8702 -10.8298 6
    endloop
  endfacet
  facet normal -0.722237 0.691646 0
    outer loop
      vertex -44.8702 -10.8298 7.2
      vertex -45.0149 -10.9809 6
      vertex -45.0149 -10.9809 7.2
    endloop
  endfacet
  facet normal -0.626267 0.779609 0
    outer loop
      vertex -44.707 -10.6987 6
      vertex -44.8702 -10.8298 7.2
      vertex -44.707 -10.6987 7.2
    endloop
  endfacet
  facet normal -0.626267 0.779609 0
    outer loop
      vertex -44.8702 -10.8298 7.2
      vertex -44.707 -10.6987 6
      vertex -44.8702 -10.8298 6
    endloop
  endfacet
  facet normal -0.518355 0.855166 0
    outer loop
      vertex -44.528 -10.5902 6
      vertex -44.707 -10.6987 7.2
      vertex -44.528 -10.5902 7.2
    endloop
  endfacet
  facet normal -0.518355 0.855166 0
    outer loop
      vertex -44.707 -10.6987 7.2
      vertex -44.528 -10.5902 6
      vertex -44.707 -10.6987 6
    endloop
  endfacet
  facet normal -0.402899 0.915245 0
    outer loop
      vertex -44.3365 -10.5059 6
      vertex -44.528 -10.5902 7.2
      vertex -44.3365 -10.5059 7.2
    endloop
  endfacet
  facet normal -0.402899 0.915245 0
    outer loop
      vertex -44.528 -10.5902 7.2
      vertex -44.3365 -10.5059 6
      vertex -44.528 -10.5902 6
    endloop
  endfacet
  facet normal -0.27989 0.960032 0
    outer loop
      vertex -44.1355 -10.4473 6
      vertex -44.3365 -10.5059 7.2
      vertex -44.1355 -10.4473 7.2
    endloop
  endfacet
  facet normal -0.27989 0.960032 0
    outer loop
      vertex -44.3365 -10.5059 7.2
      vertex -44.1355 -10.4473 6
      vertex -44.3365 -10.5059 6
    endloop
  endfacet
  facet normal -0.151985 0.988383 0
    outer loop
      vertex -43.9287 -10.4155 6
      vertex -44.1355 -10.4473 7.2
      vertex -43.9287 -10.4155 7.2
    endloop
  endfacet
  facet normal -0.151985 0.988383 0
    outer loop
      vertex -44.1355 -10.4473 7.2
      vertex -43.9287 -10.4155 6
      vertex -44.1355 -10.4473 6
    endloop
  endfacet
  facet normal -0.0219727 0.999759 0
    outer loop
      vertex -43.7194 -10.4109 6
      vertex -43.9287 -10.4155 7.2
      vertex -43.7194 -10.4109 7.2
    endloop
  endfacet
  facet normal -0.0219727 0.999759 0
    outer loop
      vertex -43.9287 -10.4155 7.2
      vertex -43.7194 -10.4109 6
      vertex -43.9287 -10.4155 6
    endloop
  endfacet
  facet normal 0.108963 0.994046 -0
    outer loop
      vertex -43.5114 -10.4337 6
      vertex -43.7194 -10.4109 7.2
      vertex -43.5114 -10.4337 7.2
    endloop
  endfacet
  facet normal 0.108963 0.994046 0
    outer loop
      vertex -43.7194 -10.4109 7.2
      vertex -43.5114 -10.4337 6
      vertex -43.7194 -10.4109 6
    endloop
  endfacet
  facet normal 0.17365 0.984808 -0
    outer loop
      vertex -28.9919 -12.9939 6
      vertex -43.5114 -10.4337 7.2
      vertex -28.9919 -12.9939 7.2
    endloop
  endfacet
  facet normal 0.17365 0.984808 0
    outer loop
      vertex -43.5114 -10.4337 7.2
      vertex -28.9919 -12.9939 6
      vertex -43.5114 -10.4337 6
    endloop
  endfacet
  facet normal -0.984808 0.173648 0
    outer loop
      vertex -28.9919 -12.9939 6
      vertex -20.3095 36.2465 7.2
      vertex -20.3095 36.2465 6
    endloop
  endfacet
  facet normal -0.984808 0.173648 0
    outer loop
      vertex -20.3095 36.2465 7.2
      vertex -28.9919 -12.9939 6
      vertex -28.9919 -12.9939 7.2
    endloop
  endfacet
  facet normal -0.173647 -0.984808 0
    outer loop
      vertex -36.4603 39.0943 6
      vertex -20.3095 36.2465 7.2
      vertex -36.4603 39.0943 7.2
    endloop
  endfacet
  facet normal -0.173647 -0.984808 -0
    outer loop
      vertex -20.3095 36.2465 7.2
      vertex -36.4603 39.0943 6
      vertex -20.3095 36.2465 6
    endloop
  endfacet
  facet normal -0.237924 -0.971284 0
    outer loop
      vertex -36.6636 39.1441 6
      vertex -36.4603 39.0943 7.2
      vertex -36.6636 39.1441 7.2
    endloop
  endfacet
  facet normal -0.237924 -0.971284 -0
    outer loop
      vertex -36.4603 39.0943 7.2
      vertex -36.6636 39.1441 6
      vertex -36.4603 39.0943 6
    endloop
  endfacet
  facet normal -0.362147 -0.932121 0
    outer loop
      vertex -36.8587 39.2199 6
      vertex -36.6636 39.1441 7.2
      vertex -36.8587 39.2199 7.2
    endloop
  endfacet
  facet normal -0.362147 -0.932121 -0
    outer loop
      vertex -36.6636 39.1441 7.2
      vertex -36.8587 39.2199 6
      vertex -36.6636 39.1441 6
    endloop
  endfacet
  facet normal -0.481093 -0.876669 0
    outer loop
      vertex -37.0422 39.3206 6
      vertex -36.8587 39.2199 7.2
      vertex -37.0422 39.3206 7.2
    endloop
  endfacet
  facet normal -0.481093 -0.876669 -0
    outer loop
      vertex -36.8587 39.2199 7.2
      vertex -37.0422 39.3206 6
      vertex -36.8587 39.2199 6
    endloop
  endfacet
  facet normal -0.591405 -0.806375 0
    outer loop
      vertex -37.211 39.4444 6
      vertex -37.0422 39.3206 7.2
      vertex -37.211 39.4444 7.2
    endloop
  endfacet
  facet normal -0.591405 -0.806375 -0
    outer loop
      vertex -37.0422 39.3206 7.2
      vertex -37.211 39.4444 6
      vertex -37.0422 39.3206 6
    endloop
  endfacet
  facet normal -0.691646 -0.722237 0
    outer loop
      vertex -37.3621 39.5891 6
      vertex -37.211 39.4444 7.2
      vertex -37.3621 39.5891 7.2
    endloop
  endfacet
  facet normal -0.691646 -0.722237 -0
    outer loop
      vertex -37.211 39.4444 7.2
      vertex -37.3621 39.5891 6
      vertex -37.211 39.4444 6
    endloop
  endfacet
  facet normal -0.779609 -0.626267 0
    outer loop
      vertex -37.3621 39.5891 6
      vertex -37.4932 39.7523 7.2
      vertex -37.4932 39.7523 6
    endloop
  endfacet
  facet normal -0.779609 -0.626267 0
    outer loop
      vertex -37.4932 39.7523 7.2
      vertex -37.3621 39.5891 6
      vertex -37.3621 39.5891 7.2
    endloop
  endfacet
  facet normal -0.855166 -0.518355 0
    outer loop
      vertex -37.4932 39.7523 6
      vertex -37.6017 39.9313 7.2
      vertex -37.6017 39.9313 6
    endloop
  endfacet
  facet normal -0.855166 -0.518355 0
    outer loop
      vertex -37.6017 39.9313 7.2
      vertex -37.4932 39.7523 6
      vertex -37.4932 39.7523 7.2
    endloop
  endfacet
  facet normal -0.915245 -0.402899 0
    outer loop
      vertex -37.6017 39.9313 6
      vertex -37.686 40.1228 7.2
      vertex -37.686 40.1228 6
    endloop
  endfacet
  facet normal -0.915245 -0.402899 0
    outer loop
      vertex -37.686 40.1228 7.2
      vertex -37.6017 39.9313 6
      vertex -37.6017 39.9313 7.2
    endloop
  endfacet
  facet normal -0.959995 -0.280018 0
    outer loop
      vertex -37.686 40.1228 6
      vertex -37.7446 40.3237 7.2
      vertex -37.7446 40.3237 6
    endloop
  endfacet
  facet normal -0.959995 -0.280018 0
    outer loop
      vertex -37.7446 40.3237 7.2
      vertex -37.686 40.1228 6
      vertex -37.686 40.1228 7.2
    endloop
  endfacet
  facet normal -0.988394 -0.151914 0
    outer loop
      vertex -37.7446 40.3237 6
      vertex -37.7764 40.5306 7.2
      vertex -37.7764 40.5306 6
    endloop
  endfacet
  facet normal -0.988394 -0.151914 0
    outer loop
      vertex -37.7764 40.5306 7.2
      vertex -37.7446 40.3237 6
      vertex -37.7446 40.3237 7.2
    endloop
  endfacet
  facet normal -0.999758 -0.0219832 0
    outer loop
      vertex -37.7764 40.5306 6
      vertex -37.781 40.7398 7.2
      vertex -37.781 40.7398 6
    endloop
  endfacet
  facet normal -0.999758 -0.0219832 0
    outer loop
      vertex -37.781 40.7398 7.2
      vertex -37.7764 40.5306 6
      vertex -37.7764 40.5306 7.2
    endloop
  endfacet
  facet normal -0.994052 0.108911 0
    outer loop
      vertex -37.781 40.7398 6
      vertex -37.7582 40.9479 7.2
      vertex -37.7582 40.9479 6
    endloop
  endfacet
  facet normal -0.994052 0.108911 0
    outer loop
      vertex -37.7582 40.9479 7.2
      vertex -37.781 40.7398 6
      vertex -37.781 40.7398 7.2
    endloop
  endfacet
  facet normal -0.984802 0.173682 0
    outer loop
      vertex -37.7582 40.9479 6
      vertex -37.6236 41.7111 7.2
      vertex -37.6236 41.7111 6
    endloop
  endfacet
  facet normal -0.984802 0.173682 0
    outer loop
      vertex -37.6236 41.7111 7.2
      vertex -37.7582 40.9479 6
      vertex -37.7582 40.9479 7.2
    endloop
  endfacet
  facet normal -0.173646 -0.984808 0
    outer loop
      vertex -53.7745 44.5589 6
      vertex -37.6236 41.7111 7.2
      vertex -53.7745 44.5589 7.2
    endloop
  endfacet
  facet normal -0.173646 -0.984808 -0
    outer loop
      vertex -37.6236 41.7111 7.2
      vertex -53.7745 44.5589 6
      vertex -37.6236 41.7111 6
    endloop
  endfacet
  facet normal -0.237924 -0.971284 0
    outer loop
      vertex -53.9778 44.6087 6
      vertex -53.7745 44.5589 7.2
      vertex -53.9778 44.6087 7.2
    endloop
  endfacet
  facet normal -0.237924 -0.971284 -0
    outer loop
      vertex -53.7745 44.5589 7.2
      vertex -53.9778 44.6087 6
      vertex -53.7745 44.5589 6
    endloop
  endfacet
  facet normal -0.362308 -0.932058 0
    outer loop
      vertex -54.1728 44.6845 6
      vertex -53.9778 44.6087 7.2
      vertex -54.1728 44.6845 7.2
    endloop
  endfacet
  facet normal -0.362308 -0.932058 -0
    outer loop
      vertex -53.9778 44.6087 7.2
      vertex -54.1728 44.6845 6
      vertex -53.9778 44.6087 6
    endloop
  endfacet
  facet normal -0.481093 -0.876669 0
    outer loop
      vertex -54.3563 44.7852 6
      vertex -54.1728 44.6845 7.2
      vertex -54.3563 44.7852 7.2
    endloop
  endfacet
  facet normal -0.481093 -0.876669 -0
    outer loop
      vertex -54.1728 44.6845 7.2
      vertex -54.3563 44.7852 6
      vertex -54.1728 44.6845 6
    endloop
  endfacet
  facet normal -0.591405 -0.806375 0
    outer loop
      vertex -54.5251 44.909 6
      vertex -54.3563 44.7852 7.2
      vertex -54.5251 44.909 7.2
    endloop
  endfacet
  facet normal -0.591405 -0.806375 -0
    outer loop
      vertex -54.3563 44.7852 7.2
      vertex -54.5251 44.909 6
      vertex -54.3563 44.7852 6
    endloop
  endfacet
  facet normal -0.691407 -0.722465 0
    outer loop
      vertex -54.6763 45.0537 6
      vertex -54.5251 44.909 7.2
      vertex -54.6763 45.0537 7.2
    endloop
  endfacet
  facet normal -0.691407 -0.722465 -0
    outer loop
      vertex -54.5251 44.909 7.2
      vertex -54.6763 45.0537 6
      vertex -54.5251 44.909 6
    endloop
  endfacet
  facet normal -0.779842 -0.625976 0
    outer loop
      vertex -54.6763 45.0537 6
      vertex -54.8073 45.2169 7.2
      vertex -54.8073 45.2169 6
    endloop
  endfacet
  facet normal -0.779842 -0.625976 0
    outer loop
      vertex -54.8073 45.2169 7.2
      vertex -54.6763 45.0537 6
      vertex -54.6763 45.0537 7.2
    endloop
  endfacet
  facet normal -0.855037 -0.518567 0
    outer loop
      vertex -54.8073 45.2169 6
      vertex -54.9158 45.3958 7.2
      vertex -54.9158 45.3958 6
    endloop
  endfacet
  facet normal -0.855037 -0.518567 0
    outer loop
      vertex -54.9158 45.3958 7.2
      vertex -54.8073 45.2169 6
      vertex -54.8073 45.2169 7.2
    endloop
  endfacet
  facet normal -0.915322 -0.402723 0
    outer loop
      vertex -54.9158 45.3958 6
      vertex -55.0001 45.5874 7.2
      vertex -55.0001 45.5874 6
    endloop
  endfacet
  facet normal -0.915322 -0.402723 0
    outer loop
      vertex -55.0001 45.5874 7.2
      vertex -54.9158 45.3958 6
      vertex -54.9158 45.3958 7.2
    endloop
  endfacet
  facet normal -0.959995 -0.280018 0
    outer loop
      vertex -55.0001 45.5874 6
      vertex -55.0587 45.7883 7.2
      vertex -55.0587 45.7883 6
    endloop
  endfacet
  facet normal -0.959995 -0.280018 0
    outer loop
      vertex -55.0587 45.7883 7.2
      vertex -55.0001 45.5874 6
      vertex -55.0001 45.5874 7.2
    endloop
  endfacet
  facet normal -0.988394 -0.151914 0
    outer loop
      vertex -55.0587 45.7883 6
      vertex -55.0905 45.9952 7.2
      vertex -55.0905 45.9952 6
    endloop
  endfacet
  facet normal -0.988394 -0.151914 0
    outer loop
      vertex -55.0905 45.9952 7.2
      vertex -55.0587 45.7883 6
      vertex -55.0587 45.7883 7.2
    endloop
  endfacet
  facet normal -0.999758 -0.0219832 0
    outer loop
      vertex -55.0905 45.9952 6
      vertex -55.0951 46.2044 7.2
      vertex -55.0951 46.2044 6
    endloop
  endfacet
  facet normal -0.999758 -0.0219832 0
    outer loop
      vertex -55.0951 46.2044 7.2
      vertex -55.0905 45.9952 6
      vertex -55.0905 45.9952 7.2
    endloop
  endfacet
  facet normal -0.994052 0.108911 0
    outer loop
      vertex -55.0951 46.2044 6
      vertex -55.0723 46.4125 7.2
      vertex -55.0723 46.4125 6
    endloop
  endfacet
  facet normal -0.994052 0.108911 0
    outer loop
      vertex -55.0723 46.4125 7.2
      vertex -55.0951 46.2044 6
      vertex -55.0951 46.2044 7.2
    endloop
  endfacet
  facet normal -0.98481 0.173634 0
    outer loop
      vertex -55.0723 46.4125 6
      vertex -54.1998 51.3611 7.2
      vertex -54.1998 51.3611 6
    endloop
  endfacet
  facet normal -0.98481 0.173634 0
    outer loop
      vertex -54.1998 51.3611 7.2
      vertex -55.0723 46.4125 6
      vertex -55.0723 46.4125 7.2
    endloop
  endfacet
  facet normal -0.173647 -0.984808 0
    outer loop
      vertex -70.9415 54.3131 6
      vertex -54.1998 51.3611 7.2
      vertex -70.9415 54.3131 7.2
    endloop
  endfacet
  facet normal -0.173647 -0.984808 -0
    outer loop
      vertex -54.1998 51.3611 7.2
      vertex -70.9415 54.3131 6
      vertex -54.1998 51.3611 6
    endloop
  endfacet
  facet normal 0.984809 -0.173639 0
    outer loop
      vertex -71.7055 49.98 7.2
      vertex -70.9415 54.3131 6
      vertex -70.9415 54.3131 7.2
    endloop
  endfacet
  facet normal 0.984809 -0.173639 0
    outer loop
      vertex -70.9415 54.3131 6
      vertex -71.7055 49.98 7.2
      vertex -71.7055 49.98 6
    endloop
  endfacet
  facet normal 0.971284 -0.237924 0
    outer loop
      vertex -71.7553 49.7767 7.2
      vertex -71.7055 49.98 6
      vertex -71.7055 49.98 7.2
    endloop
  endfacet
  facet normal 0.971284 -0.237924 0
    outer loop
      vertex -71.7055 49.98 6
      vertex -71.7553 49.7767 7.2
      vertex -71.7553 49.7767 6
    endloop
  endfacet
  facet normal 0.932121 -0.362147 0
    outer loop
      vertex -71.8311 49.5816 7.2
      vertex -71.7553 49.7767 6
      vertex -71.7553 49.7767 7.2
    endloop
  endfacet
  facet normal 0.932121 -0.362147 0
    outer loop
      vertex -71.7553 49.7767 6
      vertex -71.8311 49.5816 7.2
      vertex -71.8311 49.5816 6
    endloop
  endfacet
  facet normal 0.876559 -0.481295 0
    outer loop
      vertex -71.9318 49.3982 7.2
      vertex -71.8311 49.5816 6
      vertex -71.8311 49.5816 7.2
    endloop
  endfacet
  facet normal 0.876559 -0.481295 0
    outer loop
      vertex -71.8311 49.5816 6
      vertex -71.9318 49.3982 7.2
      vertex -71.9318 49.3982 6
    endloop
  endfacet
  facet normal 0.806375 -0.591405 0
    outer loop
      vertex -72.0556 49.2294 7.2
      vertex -71.9318 49.3982 6
      vertex -71.9318 49.3982 7.2
    endloop
  endfacet
  facet normal 0.806375 -0.591405 0
    outer loop
      vertex -71.9318 49.3982 6
      vertex -72.0556 49.2294 7.2
      vertex -72.0556 49.2294 6
    endloop
  endfacet
  facet normal 0.722465 -0.691407 0
    outer loop
      vertex -72.2003 49.0782 7.2
      vertex -72.0556 49.2294 6
      vertex -72.0556 49.2294 7.2
    endloop
  endfacet
  facet normal 0.722465 -0.691407 0
    outer loop
      vertex -72.0556 49.2294 6
      vertex -72.2003 49.0782 7.2
      vertex -72.2003 49.0782 6
    endloop
  endfacet
  facet normal 0.625976 -0.779842 0
    outer loop
      vertex -72.3635 48.9472 6
      vertex -72.2003 49.0782 7.2
      vertex -72.3635 48.9472 7.2
    endloop
  endfacet
  facet normal 0.625976 -0.779842 0
    outer loop
      vertex -72.2003 49.0782 7.2
      vertex -72.3635 48.9472 6
      vertex -72.2003 49.0782 6
    endloop
  endfacet
  facet normal 0.518916 -0.854825 0
    outer loop
      vertex -72.5424 48.8386 6
      vertex -72.3635 48.9472 7.2
      vertex -72.5424 48.8386 7.2
    endloop
  endfacet
  facet normal 0.518916 -0.854825 0
    outer loop
      vertex -72.3635 48.9472 7.2
      vertex -72.5424 48.8386 6
      vertex -72.3635 48.9472 6
    endloop
  endfacet
  facet normal 0.402723 -0.915322 0
    outer loop
      vertex -72.734 48.7543 6
      vertex -72.5424 48.8386 7.2
      vertex -72.734 48.7543 7.2
    endloop
  endfacet
  facet normal 0.402723 -0.915322 0
    outer loop
      vertex -72.5424 48.8386 7.2
      vertex -72.734 48.7543 6
      vertex -72.5424 48.8386 6
    endloop
  endfacet
  facet normal 0.279578 -0.960123 0
    outer loop
      vertex -72.9349 48.6958 6
      vertex -72.734 48.7543 7.2
      vertex -72.9349 48.6958 7.2
    endloop
  endfacet
  facet normal 0.279578 -0.960123 0
    outer loop
      vertex -72.734 48.7543 7.2
      vertex -72.9349 48.6958 6
      vertex -72.734 48.7543 6
    endloop
  endfacet
  facet normal 0.15238 -0.988322 0
    outer loop
      vertex -73.1418 48.6639 6
      vertex -72.9349 48.6958 7.2
      vertex -73.1418 48.6639 7.2
    endloop
  endfacet
  facet normal 0.15238 -0.988322 0
    outer loop
      vertex -72.9349 48.6958 7.2
      vertex -73.1418 48.6639 6
      vertex -72.9349 48.6958 6
    endloop
  endfacet
  facet normal 0.0219832 -0.999758 0
    outer loop
      vertex -73.351 48.6593 6
      vertex -73.1418 48.6639 7.2
      vertex -73.351 48.6593 7.2
    endloop
  endfacet
  facet normal 0.0219832 -0.999758 0
    outer loop
      vertex -73.1418 48.6639 7.2
      vertex -73.351 48.6593 6
      vertex -73.1418 48.6639 6
    endloop
  endfacet
  facet normal -0.108911 -0.994052 0
    outer loop
      vertex -73.5591 48.6821 6
      vertex -73.351 48.6593 7.2
      vertex -73.5591 48.6821 7.2
    endloop
  endfacet
  facet normal -0.108911 -0.994052 -0
    outer loop
      vertex -73.351 48.6593 7.2
      vertex -73.5591 48.6821 6
      vertex -73.351 48.6593 6
    endloop
  endfacet
  facet normal -0.173649 -0.984808 0
    outer loop
      vertex -89.2668 51.4518 6
      vertex -73.5591 48.6821 7.2
      vertex -89.2668 51.4518 7.2
    endloop
  endfacet
  facet normal -0.173649 -0.984808 -0
    outer loop
      vertex -73.5591 48.6821 7.2
      vertex -89.2668 51.4518 6
      vertex -73.5591 48.6821 6
    endloop
  endfacet
  facet normal -0.984807 0.173651 0
    outer loop
      vertex -89.2668 51.4518 6
      vertex -88.0686 58.247 7.2
      vertex -88.0686 58.247 6
    endloop
  endfacet
  facet normal -0.984807 0.173651 0
    outer loop
      vertex -88.0686 58.247 7.2
      vertex -89.2668 51.4518 6
      vertex -89.2668 51.4518 7.2
    endloop
  endfacet
  facet normal 0.984802 -0.17368 0
    outer loop
      vertex -111.179 42.8765 7.2
      vertex -107.853 61.7356 4.2
      vertex -107.853 61.7356 7.2
    endloop
  endfacet
  facet normal 0.984802 -0.17368 0
    outer loop
      vertex -107.853 61.7356 4.2
      vertex -111.179 42.8765 7.2
      vertex -111.179 42.8765 4.2
    endloop
  endfacet
  facet normal 0.173732 0.984793 0
    outer loop
      vertex -110.942 42.8348 6
      vertex -109.564 42.5917 7.2
      vertex -109.564 42.5917 6
    endloop
  endfacet
  facet normal 0.173667 0.984804 7.72904e-05
    outer loop
      vertex -109.564 42.5917 7.2
      vertex -110.942 42.8348 6
      vertex -111.179 42.8765 7.2
    endloop
  endfacet
  facet normal 0.173287 0.984871 0
    outer loop
      vertex -111.179 42.8765 4.2
      vertex -110.942 42.8348 6
      vertex -110.942 42.8348 4.2
    endloop
  endfacet
  facet normal 0.173287 0.984871 0
    outer loop
      vertex -110.942 42.8348 6
      vertex -111.179 42.8765 4.2
      vertex -111.179 42.8765 7.2
    endloop
  endfacet
  facet normal 0.984808 -0.173648 0
    outer loop
      vertex -118.203 -6.40245 7.2
      vertex -109.564 42.5917 6
      vertex -109.564 42.5917 7.2
    endloop
  endfacet
  facet normal 0.984808 -0.173648 0
    outer loop
      vertex -109.564 42.5917 6
      vertex -118.203 -6.40245 7.2
      vertex -118.203 -6.40245 6
    endloop
  endfacet
  facet normal 0.173643 0.984809 -0
    outer loop
      vertex -101.601 -9.32974 6
      vertex -118.203 -6.40245 7.2
      vertex -101.601 -9.32974 7.2
    endloop
  endfacet
  facet normal 0.173643 0.984809 0
    outer loop
      vertex -118.203 -6.40245 7.2
      vertex -101.601 -9.32974 6
      vertex -118.203 -6.40245 6
    endloop
  endfacet
  facet normal 0.931072 -0.364836 0
    outer loop
      vertex -101.675 -9.51859 7.2
      vertex -101.601 -9.32974 6
      vertex -101.601 -9.32974 7.2
    endloop
  endfacet
  facet normal 0.931072 -0.364836 0
    outer loop
      vertex -101.601 -9.32974 6
      vertex -101.675 -9.51859 7.2
      vertex -101.675 -9.51859 6
    endloop
  endfacet
  facet normal 0.971349 -0.237656 0
    outer loop
      vertex -102.104 -11.272 7.2
      vertex -101.675 -9.51859 6
      vertex -101.675 -9.51859 7.2
    endloop
  endfacet
  facet normal 0.971349 -0.237656 0
    outer loop
      vertex -101.675 -9.51859 6
      vertex -102.104 -11.272 7.2
      vertex -102.104 -11.272 6
    endloop
  endfacet
  facet normal 0.994087 -0.108583 0
    outer loop
      vertex -102.3 -13.0664 7.2
      vertex -102.104 -11.272 6
      vertex -102.104 -11.272 7.2
    endloop
  endfacet
  facet normal 0.994087 -0.108583 0
    outer loop
      vertex -102.104 -11.272 6
      vertex -102.3 -13.0664 7.2
      vertex -102.3 -13.0664 6
    endloop
  endfacet
  facet normal 0.999767 0.0216052 0
    outer loop
      vertex -102.261 -14.8711 7.2
      vertex -102.3 -13.0664 6
      vertex -102.3 -13.0664 7.2
    endloop
  endfacet
  facet normal 0.999767 0.0216052 0
    outer loop
      vertex -102.3 -13.0664 6
      vertex -102.261 -14.8711 7.2
      vertex -102.261 -14.8711 6
    endloop
  endfacet
  facet normal 0.988328 0.15234 0
    outer loop
      vertex -101.986 -16.6552 7.2
      vertex -102.261 -14.8711 6
      vertex -102.261 -14.8711 7.2
    endloop
  endfacet
  facet normal 0.988328 0.15234 0
    outer loop
      vertex -102.261 -14.8711 6
      vertex -101.986 -16.6552 7.2
      vertex -101.986 -16.6552 6
    endloop
  endfacet
  facet normal 0.960068 0.279766 0
    outer loop
      vertex -101.481 -18.3882 7.2
      vertex -101.986 -16.6552 6
      vertex -101.986 -16.6552 7.2
    endloop
  endfacet
  facet normal 0.960068 0.279766 0
    outer loop
      vertex -101.986 -16.6552 6
      vertex -101.481 -18.3882 7.2
      vertex -101.481 -18.3882 6
    endloop
  endfacet
  facet normal 0.915317 0.402733 0
    outer loop
      vertex -100.754 -20.0405 7.2
      vertex -101.481 -18.3882 6
      vertex -101.481 -18.3882 7.2
    endloop
  endfacet
  facet normal 0.915317 0.402733 0
    outer loop
      vertex -101.481 -18.3882 6
      vertex -100.754 -20.0405 7.2
      vertex -100.754 -20.0405 6
    endloop
  endfacet
  facet normal 0.854921 0.518758 0
    outer loop
      vertex -99.8176 -21.5837 7.2
      vertex -100.754 -20.0405 6
      vertex -100.754 -20.0405 7.2
    endloop
  endfacet
  facet normal 0.854921 0.518758 0
    outer loop
      vertex -100.754 -20.0405 6
      vertex -99.8176 -21.5837 7.2
      vertex -99.8176 -21.5837 6
    endloop
  endfacet
  facet normal 0.779879 0.625931 0
    outer loop
      vertex -98.6877 -22.9915 7.2
      vertex -99.8176 -21.5837 6
      vertex -99.8176 -21.5837 7.2
    endloop
  endfacet
  facet normal 0.779879 0.625931 0
    outer loop
      vertex -99.8176 -21.5837 6
      vertex -98.6877 -22.9915 7.2
      vertex -98.6877 -22.9915 6
    endloop
  endfacet
  facet normal 0.691509 0.722367 -0
    outer loop
      vertex -97.3838 -24.2397 6
      vertex -98.6877 -22.9915 7.2
      vertex -97.3838 -24.2397 7.2
    endloop
  endfacet
  facet normal 0.691509 0.722367 0
    outer loop
      vertex -98.6877 -22.9915 7.2
      vertex -97.3838 -24.2397 6
      vertex -98.6877 -22.9915 6
    endloop
  endfacet
  facet normal 0.591296 0.806454 -0
    outer loop
      vertex -95.928 -25.3071 6
      vertex -97.3838 -24.2397 7.2
      vertex -95.928 -25.3071 7.2
    endloop
  endfacet
  facet normal 0.591296 0.806454 0
    outer loop
      vertex -97.3838 -24.2397 7.2
      vertex -95.928 -25.3071 6
      vertex -97.3838 -24.2397 6
    endloop
  endfacet
  facet normal 0.481013 0.876714 -0
    outer loop
      vertex -94.3454 -26.1754 6
      vertex -95.928 -25.3071 7.2
      vertex -94.3454 -26.1754 7.2
    endloop
  endfacet
  facet normal 0.481013 0.876714 0
    outer loop
      vertex -95.928 -25.3071 7.2
      vertex -94.3454 -26.1754 6
      vertex -95.928 -25.3071 6
    endloop
  endfacet
  facet normal 0.362414 0.932017 -0
    outer loop
      vertex -92.663 -26.8296 6
      vertex -94.3454 -26.1754 7.2
      vertex -92.663 -26.8296 7.2
    endloop
  endfacet
  facet normal 0.362414 0.932017 0
    outer loop
      vertex -94.3454 -26.1754 7.2
      vertex -92.663 -26.8296 6
      vertex -94.3454 -26.1754 6
    endloop
  endfacet
  facet normal 0.23771 0.971336 -0
    outer loop
      vertex -90.9096 -27.2587 6
      vertex -92.663 -26.8296 7.2
      vertex -90.9096 -27.2587 7.2
    endloop
  endfacet
  facet normal 0.23771 0.971336 0
    outer loop
      vertex -92.663 -26.8296 7.2
      vertex -90.9096 -27.2587 6
      vertex -92.663 -26.8296 6
    endloop
  endfacet
  facet normal 0.108857 0.994057 -0
    outer loop
      vertex -89.1152 -27.4552 6
      vertex -90.9096 -27.2587 7.2
      vertex -89.1152 -27.4552 7.2
    endloop
  endfacet
  facet normal 0.108857 0.994057 0
    outer loop
      vertex -90.9096 -27.2587 7.2
      vertex -89.1152 -27.4552 6
      vertex -90.9096 -27.2587 6
    endloop
  endfacet
  facet normal -0.0218267 0.999762 0
    outer loop
      vertex -87.3105 -27.4158 6
      vertex -89.1152 -27.4552 7.2
      vertex -87.3105 -27.4158 7.2
    endloop
  endfacet
  facet normal -0.0218267 0.999762 0
    outer loop
      vertex -89.1152 -27.4552 7.2
      vertex -87.3105 -27.4158 6
      vertex -89.1152 -27.4552 6
    endloop
  endfacet
  facet normal -0.152124 0.988361 0
    outer loop
      vertex -85.5264 -27.1412 6
      vertex -87.3105 -27.4158 7.2
      vertex -85.5264 -27.1412 7.2
    endloop
  endfacet
  facet normal -0.152124 0.988361 0
    outer loop
      vertex -87.3105 -27.4158 7.2
      vertex -85.5264 -27.1412 6
      vertex -87.3105 -27.4158 6
    endloop
  endfacet
  facet normal -0.279817 0.960053 0
    outer loop
      vertex -83.7934 -26.6361 6
      vertex -85.5264 -27.1412 7.2
      vertex -83.7934 -26.6361 7.2
    endloop
  endfacet
  facet normal -0.279817 0.960053 0
    outer loop
      vertex -85.5264 -27.1412 7.2
      vertex -83.7934 -26.6361 6
      vertex -85.5264 -27.1412 6
    endloop
  endfacet
  facet normal -0.402753 0.915308 0
    outer loop
      vertex -82.1412 -25.9091 6
      vertex -83.7934 -26.6361 7.2
      vertex -82.1412 -25.9091 7.2
    endloop
  endfacet
  facet normal -0.402753 0.915308 0
    outer loop
      vertex -83.7934 -26.6361 7.2
      vertex -82.1412 -25.9091 6
      vertex -83.7934 -26.6361 6
    endloop
  endfacet
  facet normal -0.518774 0.854911 0
    outer loop
      vertex -80.5979 -24.9726 6
      vertex -82.1412 -25.9091 7.2
      vertex -80.5979 -24.9726 7.2
    endloop
  endfacet
  facet normal -0.518774 0.854911 0
    outer loop
      vertex -82.1412 -25.9091 7.2
      vertex -80.5979 -24.9726 6
      vertex -82.1412 -25.9091 6
    endloop
  endfacet
  facet normal -0.625924 0.779884 0
    outer loop
      vertex -79.1902 -23.8428 6
      vertex -80.5979 -24.9726 7.2
      vertex -79.1902 -23.8428 7.2
    endloop
  endfacet
  facet normal -0.625924 0.779884 0
    outer loop
      vertex -80.5979 -24.9726 7.2
      vertex -79.1902 -23.8428 6
      vertex -80.5979 -24.9726 6
    endloop
  endfacet
  facet normal -0.722366 0.691511 0
    outer loop
      vertex -79.1902 -23.8428 6
      vertex -77.9419 -22.5388 7.2
      vertex -77.9419 -22.5388 6
    endloop
  endfacet
  facet normal -0.722366 0.691511 0
    outer loop
      vertex -77.9419 -22.5388 7.2
      vertex -79.1902 -23.8428 6
      vertex -79.1902 -23.8428 7.2
    endloop
  endfacet
  facet normal -0.806435 0.591323 0
    outer loop
      vertex -77.9419 -22.5388 6
      vertex -76.8745 -21.0831 7.2
      vertex -76.8745 -21.0831 6
    endloop
  endfacet
  facet normal -0.806435 0.591323 0
    outer loop
      vertex -76.8745 -21.0831 7.2
      vertex -77.9419 -22.5388 6
      vertex -77.9419 -22.5388 7.2
    endloop
  endfacet
  facet normal -0.876737 0.48097 0
    outer loop
      vertex -76.8745 -21.0831 6
      vertex -76.0063 -19.5005 7.2
      vertex -76.0063 -19.5005 6
    endloop
  endfacet
  facet normal -0.876737 0.48097 0
    outer loop
      vertex -76.0063 -19.5005 7.2
      vertex -76.8745 -21.0831 6
      vertex -76.8745 -21.0831 7.2
    endloop
  endfacet
  facet normal -0.931998 0.362462 0
    outer loop
      vertex -76.0063 -19.5005 6
      vertex -75.352 -17.8181 7.2
      vertex -75.352 -17.8181 6
    endloop
  endfacet
  facet normal -0.931998 0.362462 0
    outer loop
      vertex -75.352 -17.8181 7.2
      vertex -76.0063 -19.5005 6
      vertex -76.0063 -19.5005 7.2
    endloop
  endfacet
  facet normal -0.971349 0.237658 0
    outer loop
      vertex -75.352 -17.8181 6
      vertex -74.923 -16.0647 7.2
      vertex -74.923 -16.0647 6
    endloop
  endfacet
  facet normal -0.971349 0.237658 0
    outer loop
      vertex -74.923 -16.0647 7.2
      vertex -75.352 -17.8181 6
      vertex -75.352 -17.8181 7.2
    endloop
  endfacet
  facet normal -0.994051 0.108911 0
    outer loop
      vertex -74.923 -16.0647 6
      vertex -74.7264 -14.2703 7.2
      vertex -74.7264 -14.2703 6
    endloop
  endfacet
  facet normal -0.994051 0.108911 0
    outer loop
      vertex -74.7264 -14.2703 7.2
      vertex -74.923 -16.0647 6
      vertex -74.923 -16.0647 7.2
    endloop
  endfacet
  facet normal -0.999762 -0.0218267 0
    outer loop
      vertex -74.7264 -14.2703 6
      vertex -74.7658 -12.4656 7.2
      vertex -74.7658 -12.4656 6
    endloop
  endfacet
  facet normal -0.999762 -0.0218267 0
    outer loop
      vertex -74.7658 -12.4656 7.2
      vertex -74.7264 -14.2703 6
      vertex -74.7264 -14.2703 7.2
    endloop
  endfacet
  facet normal -0.988361 -0.152124 0
    outer loop
      vertex -74.7658 -12.4656 6
      vertex -75.0404 -10.6815 7.2
      vertex -75.0404 -10.6815 6
    endloop
  endfacet
  facet normal -0.988361 -0.152124 0
    outer loop
      vertex -75.0404 -10.6815 7.2
      vertex -74.7658 -12.4656 6
      vertex -74.7658 -12.4656 7.2
    endloop
  endfacet
  facet normal -0.960056 -0.27981 0
    outer loop
      vertex -75.0404 -10.6815 6
      vertex -75.5455 -8.94845 7.2
      vertex -75.5455 -8.94845 6
    endloop
  endfacet
  facet normal -0.960056 -0.27981 0
    outer loop
      vertex -75.5455 -8.94845 7.2
      vertex -75.0404 -10.6815 6
      vertex -75.0404 -10.6815 7.2
    endloop
  endfacet
  facet normal -0.915293 -0.40279 0
    outer loop
      vertex -75.5455 -8.94845 6
      vertex -76.2726 -7.2962 7.2
      vertex -76.2726 -7.2962 6
    endloop
  endfacet
  facet normal -0.915293 -0.40279 0
    outer loop
      vertex -76.2726 -7.2962 7.2
      vertex -75.5455 -8.94845 6
      vertex -75.5455 -8.94845 7.2
    endloop
  endfacet
  facet normal -0.854925 -0.518751 0
    outer loop
      vertex -76.2726 -7.2962 6
      vertex -77.209 -5.75297 7.2
      vertex -77.209 -5.75297 6
    endloop
  endfacet
  facet normal -0.854925 -0.518751 0
    outer loop
      vertex -77.209 -5.75297 7.2
      vertex -76.2726 -7.2962 6
      vertex -76.2726 -7.2962 7.2
    endloop
  endfacet
  facet normal -0.779874 -0.625936 0
    outer loop
      vertex -77.209 -5.75297 6
      vertex -78.3389 -4.34519 7.2
      vertex -78.3389 -4.34519 6
    endloop
  endfacet
  facet normal -0.779874 -0.625936 0
    outer loop
      vertex -78.3389 -4.34519 7.2
      vertex -77.209 -5.75297 6
      vertex -77.209 -5.75297 7.2
    endloop
  endfacet
  facet normal -0.691527 -0.722351 0
    outer loop
      vertex -79.6428 -3.09693 6
      vertex -78.3389 -4.34519 7.2
      vertex -79.6428 -3.09693 7.2
    endloop
  endfacet
  facet normal -0.691527 -0.722351 -0
    outer loop
      vertex -78.3389 -4.34519 7.2
      vertex -79.6428 -3.09693 6
      vertex -78.3389 -4.34519 6
    endloop
  endfacet
  facet normal -0.591293 -0.806457 0
    outer loop
      vertex -81.0986 -2.02954 6
      vertex -79.6428 -3.09693 7.2
      vertex -81.0986 -2.02954 7.2
    endloop
  endfacet
  facet normal -0.591293 -0.806457 -0
    outer loop
      vertex -79.6428 -3.09693 7.2
      vertex -81.0986 -2.02954 6
      vertex -79.6428 -3.09693 6
    endloop
  endfacet
  facet normal -0.480991 -0.876725 0
    outer loop
      vertex -82.6812 -1.16129 6
      vertex -81.0986 -2.02954 7.2
      vertex -82.6812 -1.16129 7.2
    endloop
  endfacet
  facet normal -0.480991 -0.876725 -0
    outer loop
      vertex -81.0986 -2.02954 7.2
      vertex -82.6812 -1.16129 6
      vertex -81.0986 -2.02954 6
    endloop
  endfacet
  facet normal -0.362433 -0.93201 0
    outer loop
      vertex -84.3636 -0.507051 6
      vertex -82.6812 -1.16129 7.2
      vertex -84.3636 -0.507051 7.2
    endloop
  endfacet
  facet normal -0.362433 -0.93201 -0
    outer loop
      vertex -82.6812 -1.16129 7.2
      vertex -84.3636 -0.507051 6
      vertex -82.6812 -1.16129 6
    endloop
  endfacet
  facet normal -0.237683 -0.971343 0
    outer loop
      vertex -86.117 -0.078002 6
      vertex -84.3636 -0.507051 7.2
      vertex -86.117 -0.078002 7.2
    endloop
  endfacet
  facet normal -0.237683 -0.971343 -0
    outer loop
      vertex -84.3636 -0.507051 7.2
      vertex -86.117 -0.078002 6
      vertex -84.3636 -0.507051 6
    endloop
  endfacet
  facet normal -0.108869 -0.994056 0
    outer loop
      vertex -87.9114 0.118521 6
      vertex -86.117 -0.078002 7.2
      vertex -87.9114 0.118521 7.2
    endloop
  endfacet
  facet normal -0.108869 -0.994056 -0
    outer loop
      vertex -86.117 -0.078002 7.2
      vertex -87.9114 0.118521 6
      vertex -86.117 -0.078002 6
    endloop
  endfacet
  facet normal 0.0218116 -0.999762 0
    outer loop
      vertex -89.7161 0.0791483 6
      vertex -87.9114 0.118521 7.2
      vertex -89.7161 0.0791483 7.2
    endloop
  endfacet
  facet normal 0.0218116 -0.999762 0
    outer loop
      vertex -87.9114 0.118521 7.2
      vertex -89.7161 0.0791483 6
      vertex -87.9114 0.118521 6
    endloop
  endfacet
  facet normal 0.152129 -0.988361 0
    outer loop
      vertex -91.5002 -0.195461 6
      vertex -89.7161 0.0791483 7.2
      vertex -91.5002 -0.195461 7.2
    endloop
  endfacet
  facet normal 0.152129 -0.988361 0
    outer loop
      vertex -89.7161 0.0791483 7.2
      vertex -91.5002 -0.195461 6
      vertex -89.7161 0.0791483 6
    endloop
  endfacet
  facet normal 0.27983 -0.96005 0
    outer loop
      vertex -93.2332 -0.700586 6
      vertex -91.5002 -0.195461 7.2
      vertex -93.2332 -0.700586 7.2
    endloop
  endfacet
  facet normal 0.27983 -0.96005 0
    outer loop
      vertex -91.5002 -0.195461 7.2
      vertex -93.2332 -0.700586 6
      vertex -91.5002 -0.195461 6
    endloop
  endfacet
  facet normal 0.402755 -0.915308 0
    outer loop
      vertex -94.8854 -1.42759 6
      vertex -93.2332 -0.700586 7.2
      vertex -94.8854 -1.42759 7.2
    endloop
  endfacet
  facet normal 0.402755 -0.915308 0
    outer loop
      vertex -93.2332 -0.700586 7.2
      vertex -94.8854 -1.42759 6
      vertex -93.2332 -0.700586 6
    endloop
  endfacet
  facet normal 0.518746 -0.854928 0
    outer loop
      vertex -96.4287 -2.36402 6
      vertex -94.8854 -1.42759 7.2
      vertex -96.4287 -2.36402 7.2
    endloop
  endfacet
  facet normal 0.518746 -0.854928 0
    outer loop
      vertex -94.8854 -1.42759 7.2
      vertex -96.4287 -2.36402 6
      vertex -94.8854 -1.42759 6
    endloop
  endfacet
  facet normal 0.625927 -0.779881 0
    outer loop
      vertex -97.8365 -3.49391 6
      vertex -96.4287 -2.36402 7.2
      vertex -97.8365 -3.49391 7.2
    endloop
  endfacet
  facet normal 0.625927 -0.779881 0
    outer loop
      vertex -96.4287 -2.36402 7.2
      vertex -97.8365 -3.49391 6
      vertex -96.4287 -2.36402 6
    endloop
  endfacet
  facet normal 0.722381 -0.691496 0
    outer loop
      vertex -99.0847 -4.79786 7.2
      vertex -97.8365 -3.49391 6
      vertex -97.8365 -3.49391 7.2
    endloop
  endfacet
  facet normal 0.722381 -0.691496 0
    outer loop
      vertex -97.8365 -3.49391 6
      vertex -99.0847 -4.79786 7.2
      vertex -99.0847 -4.79786 6
    endloop
  endfacet
  facet normal 0.806469 -0.591276 0
    outer loop
      vertex -100.152 -6.2536 7.2
      vertex -99.0847 -4.79786 6
      vertex -99.0847 -4.79786 7.2
    endloop
  endfacet
  facet normal 0.806469 -0.591276 0
    outer loop
      vertex -99.0847 -4.79786 6
      vertex -100.152 -6.2536 7.2
      vertex -100.152 -6.2536 6
    endloop
  endfacet
  facet normal 0.876782 -0.480887 0
    outer loop
      vertex -101.02 -7.83619 7.2
      vertex -100.152 -6.2536 6
      vertex -100.152 -6.2536 7.2
    endloop
  endfacet
  facet normal 0.876782 -0.480887 0
    outer loop
      vertex -100.152 -6.2536 6
      vertex -101.02 -7.83619 7.2
      vertex -101.02 -7.83619 6
    endloop
  endfacet
  facet normal 0.931707 -0.36321 0
    outer loop
      vertex -101.337 -8.64936 7.2
      vertex -101.02 -7.83619 6
      vertex -101.02 -7.83619 7.2
    endloop
  endfacet
  facet normal 0.931707 -0.36321 0
    outer loop
      vertex -101.02 -7.83619 6
      vertex -101.337 -8.64936 7.2
      vertex -101.337 -8.64936 6
    endloop
  endfacet
  facet normal -0.984801 0.173687 0
    outer loop
      vertex -101.337 -8.64936 6
      vertex -99.655 0.887523 7.2
      vertex -99.655 0.887523 6
    endloop
  endfacet
  facet normal -0.984801 0.173687 0
    outer loop
      vertex -99.655 0.887523 7.2
      vertex -101.337 -8.64936 6
      vertex -101.337 -8.64936 7.2
    endloop
  endfacet
  facet normal -0.971283 0.237927 0
    outer loop
      vertex -99.655 0.887523 6
      vertex -99.6052 1.09082 7.2
      vertex -99.6052 1.09082 6
    endloop
  endfacet
  facet normal -0.971283 0.237927 0
    outer loop
      vertex -99.6052 1.09082 7.2
      vertex -99.655 0.887523 6
      vertex -99.655 0.887523 7.2
    endloop
  endfacet
  facet normal -0.93209 0.362227 0
    outer loop
      vertex -99.6052 1.09082 6
      vertex -99.5294 1.28587 7.2
      vertex -99.5294 1.28587 6
    endloop
  endfacet
  facet normal -0.93209 0.362227 0
    outer loop
      vertex -99.5294 1.28587 7.2
      vertex -99.6052 1.09082 6
      vertex -99.6052 1.09082 7.2
    endloop
  endfacet
  facet normal -0.876658 0.481113 0
    outer loop
      vertex -99.5294 1.28587 6
      vertex -99.4287 1.46936 7.2
      vertex -99.4287 1.46936 6
    endloop
  endfacet
  facet normal -0.876658 0.481113 0
    outer loop
      vertex -99.4287 1.46936 7.2
      vertex -99.5294 1.28587 6
      vertex -99.5294 1.28587 7.2
    endloop
  endfacet
  facet normal -0.806358 0.591428 0
    outer loop
      vertex -99.4287 1.46936 6
      vertex -99.3049 1.63815 7.2
      vertex -99.3049 1.63815 6
    endloop
  endfacet
  facet normal -0.806358 0.591428 0
    outer loop
      vertex -99.3049 1.63815 7.2
      vertex -99.4287 1.46936 6
      vertex -99.4287 1.46936 7.2
    endloop
  endfacet
  facet normal -0.722397 0.691479 0
    outer loop
      vertex -99.3049 1.63815 6
      vertex -99.1602 1.78932 7.2
      vertex -99.1602 1.78932 6
    endloop
  endfacet
  facet normal -0.722397 0.691479 0
    outer loop
      vertex -99.1602 1.78932 7.2
      vertex -99.3049 1.63815 6
      vertex -99.3049 1.63815 7.2
    endloop
  endfacet
  facet normal -0.626034 0.779795 0
    outer loop
      vertex -98.997 1.92034 6
      vertex -99.1602 1.78932 7.2
      vertex -98.997 1.92034 7.2
    endloop
  endfacet
  facet normal -0.626034 0.779795 0
    outer loop
      vertex -99.1602 1.78932 7.2
      vertex -98.997 1.92034 6
      vertex -99.1602 1.78932 6
    endloop
  endfacet
  facet normal -0.518776 0.85491 0
    outer loop
      vertex -98.8181 2.0289 6
      vertex -98.997 1.92034 7.2
      vertex -98.8181 2.0289 7.2
    endloop
  endfacet
  facet normal -0.518776 0.85491 0
    outer loop
      vertex -98.997 1.92034 7.2
      vertex -98.8181 2.0289 6
      vertex -98.997 1.92034 6
    endloop
  endfacet
  facet normal -0.402683 0.91534 0
    outer loop
      vertex -98.6265 2.11319 6
      vertex -98.8181 2.0289 7.2
      vertex -98.6265 2.11319 7.2
    endloop
  endfacet
  facet normal -0.402683 0.91534 0
    outer loop
      vertex -98.8181 2.0289 7.2
      vertex -98.6265 2.11319 6
      vertex -98.8181 2.0289 6
    endloop
  endfacet
  facet normal -0.279886 0.960033 0
    outer loop
      vertex -98.4256 2.17176 6
      vertex -98.6265 2.11319 7.2
      vertex -98.4256 2.17176 7.2
    endloop
  endfacet
  facet normal -0.279886 0.960033 0
    outer loop
      vertex -98.6265 2.11319 7.2
      vertex -98.4256 2.17176 6
      vertex -98.6265 2.11319 6
    endloop
  endfacet
  facet normal -0.1521 0.988365 0
    outer loop
      vertex -98.2187 2.2036 6
      vertex -98.4256 2.17176 7.2
      vertex -98.2187 2.2036 7.2
    endloop
  endfacet
  facet normal -0.1521 0.988365 0
    outer loop
      vertex -98.4256 2.17176 7.2
      vertex -98.2187 2.2036 6
      vertex -98.4256 2.17176 6
    endloop
  endfacet
  facet normal -0.0218399 0.999761 0
    outer loop
      vertex -98.0095 2.20817 6
      vertex -98.2187 2.2036 7.2
      vertex -98.0095 2.20817 7.2
    endloop
  endfacet
  facet normal -0.0218399 0.999761 0
    outer loop
      vertex -98.2187 2.2036 7.2
      vertex -98.0095 2.20817 6
      vertex -98.2187 2.2036 6
    endloop
  endfacet
  facet normal 0.108864 0.994057 -0
    outer loop
      vertex -97.8014 2.18538 6
      vertex -98.0095 2.20817 7.2
      vertex -97.8014 2.18538 7.2
    endloop
  endfacet
  facet normal 0.108864 0.994057 0
    outer loop
      vertex -98.0095 2.20817 7.2
      vertex -97.8014 2.18538 6
      vertex -98.0095 2.20817 6
    endloop
  endfacet
  facet normal 0.173648 0.984808 -0
    outer loop
      vertex -81.6506 -0.662445 6
      vertex -97.8014 2.18538 7.2
      vertex -81.6506 -0.662445 7.2
    endloop
  endfacet
  facet normal 0.173648 0.984808 0
    outer loop
      vertex -97.8014 2.18538 7.2
      vertex -81.6506 -0.662445 6
      vertex -97.8014 2.18538 6
    endloop
  endfacet
  facet normal -0.984806 0.173659 0
    outer loop
      vertex -81.6506 -0.662445 6
      vertex -80.8865 3.6707 7.2
      vertex -80.8865 3.6707 6
    endloop
  endfacet
  facet normal -0.984806 0.173659 0
    outer loop
      vertex -80.8865 3.6707 7.2
      vertex -81.6506 -0.662445 6
      vertex -81.6506 -0.662445 7.2
    endloop
  endfacet
  facet normal -0.971394 0.237473 0
    outer loop
      vertex -80.8865 3.6707 6
      vertex -80.8368 3.874 7.2
      vertex -80.8368 3.874 6
    endloop
  endfacet
  facet normal -0.971394 0.237473 0
    outer loop
      vertex -80.8368 3.874 7.2
      vertex -80.8865 3.6707 6
      vertex -80.8865 3.6707 7.2
    endloop
  endfacet
  facet normal -0.931928 0.362642 0
    outer loop
      vertex -80.8368 3.874 6
      vertex -80.7609 4.06905 7.2
      vertex -80.7609 4.06905 6
    endloop
  endfacet
  facet normal -0.931928 0.362642 0
    outer loop
      vertex -80.7609 4.06905 7.2
      vertex -80.8368 3.874 6
      vertex -80.8368 3.874 7.2
    endloop
  endfacet
  facet normal -0.87686 0.480746 0
    outer loop
      vertex -80.7609 4.06905 6
      vertex -80.6603 4.25254 7.2
      vertex -80.6603 4.25254 6
    endloop
  endfacet
  facet normal -0.87686 0.480746 0
    outer loop
      vertex -80.6603 4.25254 7.2
      vertex -80.7609 4.06905 6
      vertex -80.7609 4.06905 7.2
    endloop
  endfacet
  facet normal -0.806358 0.591428 0
    outer loop
      vertex -80.6603 4.25254 6
      vertex -80.5365 4.42133 7.2
      vertex -80.5365 4.42133 6
    endloop
  endfacet
  facet normal -0.806358 0.591428 0
    outer loop
      vertex -80.5365 4.42133 7.2
      vertex -80.6603 4.25254 6
      vertex -80.6603 4.25254 7.2
    endloop
  endfacet
  facet normal -0.722397 0.691479 0
    outer loop
      vertex -80.5365 4.42133 6
      vertex -80.3918 4.5725 7.2
      vertex -80.3918 4.5725 6
    endloop
  endfacet
  facet normal -0.722397 0.691479 0
    outer loop
      vertex -80.3918 4.5725 7.2
      vertex -80.5365 4.42133 6
      vertex -80.5365 4.42133 7.2
    endloop
  endfacet
  facet normal -0.626034 0.779795 0
    outer loop
      vertex -80.2286 4.70352 6
      vertex -80.3918 4.5725 7.2
      vertex -80.2286 4.70352 7.2
    endloop
  endfacet
  facet normal -0.626034 0.779795 0
    outer loop
      vertex -80.3918 4.5725 7.2
      vertex -80.2286 4.70352 6
      vertex -80.3918 4.5725 6
    endloop
  endfacet
  facet normal -0.518564 0.855039 0
    outer loop
      vertex -80.0496 4.81208 6
      vertex -80.2286 4.70352 7.2
      vertex -80.0496 4.81208 7.2
    endloop
  endfacet
  facet normal -0.518564 0.855039 0
    outer loop
      vertex -80.2286 4.70352 7.2
      vertex -80.0496 4.81208 6
      vertex -80.2286 4.70352 6
    endloop
  endfacet
  facet normal -0.402859 0.915262 0
    outer loop
      vertex -79.8581 4.89637 6
      vertex -80.0496 4.81208 7.2
      vertex -79.8581 4.89637 7.2
    endloop
  endfacet
  facet normal -0.402859 0.915262 0
    outer loop
      vertex -80.0496 4.81208 7.2
      vertex -79.8581 4.89637 6
      vertex -80.0496 4.81208 6
    endloop
  endfacet
  facet normal -0.279758 0.960071 0
    outer loop
      vertex -79.6571 4.95494 6
      vertex -79.8581 4.89637 7.2
      vertex -79.6571 4.95494 7.2
    endloop
  endfacet
  facet normal -0.279758 0.960071 0
    outer loop
      vertex -79.8581 4.89637 7.2
      vertex -79.6571 4.95494 6
      vertex -79.8581 4.89637 6
    endloop
  endfacet
  facet normal -0.152172 0.988354 0
    outer loop
      vertex -79.4503 4.98678 6
      vertex -79.6571 4.95494 7.2
      vertex -79.4503 4.98678 7.2
    endloop
  endfacet
  facet normal -0.152172 0.988354 0
    outer loop
      vertex -79.6571 4.95494 7.2
      vertex -79.4503 4.98678 6
      vertex -79.6571 4.95494 6
    endloop
  endfacet
  facet normal -0.0218399 0.999761 0
    outer loop
      vertex -79.2411 4.99135 6
      vertex -79.4503 4.98678 7.2
      vertex -79.2411 4.99135 7.2
    endloop
  endfacet
  facet normal -0.0218399 0.999761 0
    outer loop
      vertex -79.4503 4.98678 7.2
      vertex -79.2411 4.99135 6
      vertex -79.4503 4.98678 6
    endloop
  endfacet
  facet normal 0.108864 0.994057 -0
    outer loop
      vertex -79.033 4.96856 6
      vertex -79.2411 4.99135 7.2
      vertex -79.033 4.96856 7.2
    endloop
  endfacet
  facet normal 0.108864 0.994057 0
    outer loop
      vertex -79.2411 4.99135 7.2
      vertex -79.033 4.96856 6
      vertex -79.2411 4.99135 6
    endloop
  endfacet
  facet normal 0.173649 0.984808 -0
    outer loop
      vertex -63.4731 2.22492 6
      vertex -79.033 4.96856 7.2
      vertex -63.4731 2.22492 7.2
    endloop
  endfacet
  facet normal 0.173649 0.984808 0
    outer loop
      vertex -79.033 4.96856 7.2
      vertex -63.4731 2.22492 6
      vertex -79.033 4.96856 6
    endloop
  endfacet
  facet normal 0.237653 0.97135 -0
    outer loop
      vertex -63.2698 2.17518 6
      vertex -63.4731 2.22492 7.2
      vertex -63.2698 2.17518 7.2
    endloop
  endfacet
  facet normal 0.237653 0.97135 0
    outer loop
      vertex -63.4731 2.22492 7.2
      vertex -63.2698 2.17518 6
      vertex -63.4731 2.22492 6
    endloop
  endfacet
  facet normal 0.362396 0.932024 -0
    outer loop
      vertex -63.0747 2.09932 6
      vertex -63.2698 2.17518 7.2
      vertex -63.0747 2.09932 7.2
    endloop
  endfacet
  facet normal 0.362396 0.932024 0
    outer loop
      vertex -63.2698 2.17518 7.2
      vertex -63.0747 2.09932 6
      vertex -63.2698 2.17518 6
    endloop
  endfacet
  facet normal 0.480946 0.87675 -0
    outer loop
      vertex -62.8912 1.99866 6
      vertex -63.0747 2.09932 7.2
      vertex -62.8912 1.99866 7.2
    endloop
  endfacet
  facet normal 0.480946 0.87675 0
    outer loop
      vertex -63.0747 2.09932 7.2
      vertex -62.8912 1.99866 6
      vertex -63.0747 2.09932 6
    endloop
  endfacet
  facet normal 0.591312 0.806443 -0
    outer loop
      vertex -62.7224 1.87489 6
      vertex -62.8912 1.99866 7.2
      vertex -62.7224 1.87489 7.2
    endloop
  endfacet
  facet normal 0.591312 0.806443 0
    outer loop
      vertex -62.8912 1.99866 7.2
      vertex -62.7224 1.87489 6
      vertex -62.8912 1.99866 6
    endloop
  endfacet
  facet normal 0.691696 0.722189 -0
    outer loop
      vertex -62.5713 1.73017 6
      vertex -62.7224 1.87489 7.2
      vertex -62.5713 1.73017 7.2
    endloop
  endfacet
  facet normal 0.691696 0.722189 0
    outer loop
      vertex -62.7224 1.87489 7.2
      vertex -62.5713 1.73017 6
      vertex -62.7224 1.87489 6
    endloop
  endfacet
  facet normal 0.779646 0.62622 0
    outer loop
      vertex -62.4402 1.56695 7.2
      vertex -62.5713 1.73017 6
      vertex -62.5713 1.73017 7.2
    endloop
  endfacet
  facet normal 0.779646 0.62622 0
    outer loop
      vertex -62.5713 1.73017 6
      vertex -62.4402 1.56695 7.2
      vertex -62.4402 1.56695 6
    endloop
  endfacet
  facet normal 0.855076 0.518503 0
    outer loop
      vertex -62.3317 1.38802 7.2
      vertex -62.4402 1.56695 6
      vertex -62.4402 1.56695 7.2
    endloop
  endfacet
  facet normal 0.855076 0.518503 0
    outer loop
      vertex -62.4402 1.56695 6
      vertex -62.3317 1.38802 7.2
      vertex -62.3317 1.38802 6
    endloop
  endfacet
  facet normal 0.915291 0.402793 0
    outer loop
      vertex -62.2474 1.19646 7.2
      vertex -62.3317 1.38802 6
      vertex -62.3317 1.38802 7.2
    endloop
  endfacet
  facet normal 0.915291 0.402793 0
    outer loop
      vertex -62.3317 1.38802 6
      vertex -62.2474 1.19646 7.2
      vertex -62.2474 1.19646 6
    endloop
  endfacet
  facet normal 0.960009 0.279971 0
    outer loop
      vertex -62.1888 0.995523 7.2
      vertex -62.2474 1.19646 6
      vertex -62.2474 1.19646 7.2
    endloop
  endfacet
  facet normal 0.960009 0.279971 0
    outer loop
      vertex -62.2474 1.19646 6
      vertex -62.1888 0.995523 7.2
      vertex -62.1888 0.995523 6
    endloop
  endfacet
  facet normal 0.988388 0.151948 0
    outer loop
      vertex -62.157 0.788671 7.2
      vertex -62.1888 0.995523 6
      vertex -62.1888 0.995523 7.2
    endloop
  endfacet
  facet normal 0.988388 0.151948 0
    outer loop
      vertex -62.1888 0.995523 6
      vertex -62.157 0.788671 7.2
      vertex -62.157 0.788671 6
    endloop
  endfacet
  facet normal 0.999758 0.0219796 0
    outer loop
      vertex -62.1524 0.579437 7.2
      vertex -62.157 0.788671 6
      vertex -62.157 0.788671 7.2
    endloop
  endfacet
  facet normal 0.999758 0.0219796 0
    outer loop
      vertex -62.157 0.788671 6
      vertex -62.1524 0.579437 7.2
      vertex -62.1524 0.579437 6
    endloop
  endfacet
  facet normal 0.994049 -0.108937 0
    outer loop
      vertex -62.1752 0.371387 7.2
      vertex -62.1524 0.579437 6
      vertex -62.1524 0.579437 7.2
    endloop
  endfacet
  facet normal 0.994049 -0.108937 0
    outer loop
      vertex -62.1524 0.579437 6
      vertex -62.1752 0.371387 7.2
      vertex -62.1752 0.371387 6
    endloop
  endfacet
  facet normal 0.984807 -0.173652 0
    outer loop
      vertex -63.0478 -4.57727 7.2
      vertex -62.1752 0.371387 6
      vertex -62.1752 0.371387 7.2
    endloop
  endfacet
  facet normal 0.984807 -0.173652 0
    outer loop
      vertex -62.1752 0.371387 6
      vertex -63.0478 -4.57727 7.2
      vertex -63.0478 -4.57727 6
    endloop
  endfacet
  facet normal 0.173647 0.984808 -0
    outer loop
      vertex -46.8969 -7.42509 6
      vertex -63.0478 -4.57727 7.2
      vertex -46.8969 -7.42509 7.2
    endloop
  endfacet
  facet normal 0.173647 0.984808 0
    outer loop
      vertex -63.0478 -4.57727 7.2
      vertex -46.8969 -7.42509 6
      vertex -63.0478 -4.57727 6
    endloop
  endfacet
  facet normal 0.237699 0.971339 -0
    outer loop
      vertex -46.6936 -7.47484 6
      vertex -46.8969 -7.42509 7.2
      vertex -46.6936 -7.47484 7.2
    endloop
  endfacet
  facet normal 0.237699 0.971339 0
    outer loop
      vertex -46.8969 -7.42509 7.2
      vertex -46.6936 -7.47484 6
      vertex -46.8969 -7.42509 6
    endloop
  endfacet
  facet normal 0.362557 0.931962 -0
    outer loop
      vertex -46.4986 -7.5507 6
      vertex -46.6936 -7.47484 7.2
      vertex -46.4986 -7.5507 7.2
    endloop
  endfacet
  facet normal 0.362557 0.931962 0
    outer loop
      vertex -46.6936 -7.47484 7.2
      vertex -46.4986 -7.5507 6
      vertex -46.6936 -7.47484 6
    endloop
  endfacet
  facet normal 0.480946 0.87675 -0
    outer loop
      vertex -46.3151 -7.65136 6
      vertex -46.4986 -7.5507 7.2
      vertex -46.3151 -7.65136 7.2
    endloop
  endfacet
  facet normal 0.480946 0.87675 0
    outer loop
      vertex -46.4986 -7.5507 7.2
      vertex -46.3151 -7.65136 6
      vertex -46.4986 -7.5507 6
    endloop
  endfacet
  facet normal 0.591312 0.806443 -0
    outer loop
      vertex -46.1463 -7.77513 6
      vertex -46.3151 -7.65136 7.2
      vertex -46.1463 -7.77513 7.2
    endloop
  endfacet
  facet normal 0.591312 0.806443 0
    outer loop
      vertex -46.3151 -7.65136 7.2
      vertex -46.1463 -7.77513 6
      vertex -46.3151 -7.65136 6
    endloop
  endfacet
  facet normal 0.691457 0.722418 -0
    outer loop
      vertex -45.9951 -7.91985 6
      vertex -46.1463 -7.77513 7.2
      vertex -45.9951 -7.91985 7.2
    endloop
  endfacet
  facet normal 0.691457 0.722418 0
    outer loop
      vertex -46.1463 -7.77513 7.2
      vertex -45.9951 -7.91985 6
      vertex -46.1463 -7.77513 6
    endloop
  endfacet
  facet normal 0.77988 0.62593 0
    outer loop
      vertex -45.8641 -8.08307 7.2
      vertex -45.9951 -7.91985 6
      vertex -45.9951 -7.91985 7.2
    endloop
  endfacet
  facet normal 0.77988 0.62593 0
    outer loop
      vertex -45.9951 -7.91985 6
      vertex -45.8641 -8.08307 7.2
      vertex -45.8641 -8.08307 6
    endloop
  endfacet
  facet normal 0.855076 0.518503 0
    outer loop
      vertex -45.7556 -8.262 7.2
      vertex -45.8641 -8.08307 6
      vertex -45.8641 -8.08307 7.2
    endloop
  endfacet
  facet normal 0.855076 0.518503 0
    outer loop
      vertex -45.8641 -8.08307 6
      vertex -45.7556 -8.262 7.2
      vertex -45.7556 -8.262 6
    endloop
  endfacet
  facet normal 0.915291 0.402793 0
    outer loop
      vertex -45.6713 -8.45356 7.2
      vertex -45.7556 -8.262 6
      vertex -45.7556 -8.262 7.2
    endloop
  endfacet
  facet normal 0.915291 0.402793 0
    outer loop
      vertex -45.7556 -8.262 6
      vertex -45.6713 -8.45356 7.2
      vertex -45.6713 -8.45356 6
    endloop
  endfacet
  facet normal 0.960006 0.27998 0
    outer loop
      vertex -45.6127 -8.65449 7.2
      vertex -45.6713 -8.45356 6
      vertex -45.6713 -8.45356 7.2
    endloop
  endfacet
  facet normal 0.960006 0.27998 0
    outer loop
      vertex -45.6713 -8.45356 6
      vertex -45.6127 -8.65449 7.2
      vertex -45.6127 -8.65449 6
    endloop
  endfacet
  facet normal 0.988389 0.151942 0
    outer loop
      vertex -45.5809 -8.86135 7.2
      vertex -45.6127 -8.65449 6
      vertex -45.6127 -8.65449 7.2
    endloop
  endfacet
  facet normal 0.988389 0.151942 0
    outer loop
      vertex -45.6127 -8.65449 6
      vertex -45.5809 -8.86135 7.2
      vertex -45.5809 -8.86135 6
    endloop
  endfacet
  facet normal 0.999758 0.0219801 0
    outer loop
      vertex -45.5763 -9.07058 7.2
      vertex -45.5809 -8.86135 6
      vertex -45.5809 -8.86135 7.2
    endloop
  endfacet
  facet normal 0.999758 0.0219801 0
    outer loop
      vertex -45.5809 -8.86135 6
      vertex -45.5763 -9.07058 7.2
      vertex -45.5763 -9.07058 6
    endloop
  endfacet
  facet normal 0.994049 -0.108937 0
    outer loop
      vertex -45.5991 -9.27863 7.2
      vertex -45.5763 -9.07058 6
      vertex -45.5763 -9.07058 7.2
    endloop
  endfacet
  facet normal 0.994049 -0.108937 0
    outer loop
      vertex -45.5763 -9.07058 6
      vertex -45.5991 -9.27863 7.2
      vertex -45.5991 -9.27863 6
    endloop
  endfacet
  facet normal 0.984817 -0.173594 0
    outer loop
      vertex -45.832 -10.5999 7.2
      vertex -45.5991 -9.27863 6
      vertex -45.5991 -9.27863 7.2
    endloop
  endfacet
  facet normal 0.984817 -0.173594 0
    outer loop
      vertex -45.5991 -9.27863 6
      vertex -45.832 -10.5999 7.2
      vertex -45.832 -10.5999 6
    endloop
  endfacet
  facet normal 0.971284 -0.237924 0
    outer loop
      vertex -45.8818 -10.8032 7.2
      vertex -45.832 -10.5999 6
      vertex -45.832 -10.5999 7.2
    endloop
  endfacet
  facet normal 0.971284 -0.237924 0
    outer loop
      vertex -45.832 -10.5999 6
      vertex -45.8818 -10.8032 7.2
      vertex -45.8818 -10.8032 6
    endloop
  endfacet
  facet normal 0.932058 -0.362308 0
    outer loop
      vertex -45.9576 -10.9982 7.2
      vertex -45.8818 -10.8032 6
      vertex -45.8818 -10.8032 7.2
    endloop
  endfacet
  facet normal 0.932058 -0.362308 0
    outer loop
      vertex -45.8818 -10.8032 6
      vertex -45.9576 -10.9982 7.2
      vertex -45.9576 -10.9982 6
    endloop
  endfacet
  facet normal 0.876669 -0.481093 0
    outer loop
      vertex -46.0583 -11.1817 7.2
      vertex -45.9576 -10.9982 6
      vertex -45.9576 -10.9982 7.2
    endloop
  endfacet
  facet normal 0.876669 -0.481093 0
    outer loop
      vertex -45.9576 -10.9982 6
      vertex -46.0583 -11.1817 7.2
      vertex -46.0583 -11.1817 6
    endloop
  endfacet
  facet normal 0.806375 -0.591405 0
    outer loop
      vertex -46.1821 -11.3505 7.2
      vertex -46.0583 -11.1817 6
      vertex -46.0583 -11.1817 7.2
    endloop
  endfacet
  facet normal 0.806375 -0.591405 0
    outer loop
      vertex -46.0583 -11.1817 6
      vertex -46.1821 -11.3505 7.2
      vertex -46.1821 -11.3505 6
    endloop
  endfacet
  facet normal 0.722465 -0.691407 0
    outer loop
      vertex -46.3268 -11.5017 7.2
      vertex -46.1821 -11.3505 6
      vertex -46.1821 -11.3505 7.2
    endloop
  endfacet
  facet normal 0.722465 -0.691407 0
    outer loop
      vertex -46.1821 -11.3505 6
      vertex -46.3268 -11.5017 7.2
      vertex -46.3268 -11.5017 6
    endloop
  endfacet
  facet normal 0.625976 -0.779842 0
    outer loop
      vertex -46.49 -11.6327 6
      vertex -46.3268 -11.5017 7.2
      vertex -46.49 -11.6327 7.2
    endloop
  endfacet
  facet normal 0.625976 -0.779842 0
    outer loop
      vertex -46.3268 -11.5017 7.2
      vertex -46.49 -11.6327 6
      vertex -46.3268 -11.5017 6
    endloop
  endfacet
  facet normal 0.518916 -0.854825 0
    outer loop
      vertex -46.6689 -11.7413 6
      vertex -46.49 -11.6327 7.2
      vertex -46.6689 -11.7413 7.2
    endloop
  endfacet
  facet normal 0.518916 -0.854825 0
    outer loop
      vertex -46.49 -11.6327 7.2
      vertex -46.6689 -11.7413 6
      vertex -46.49 -11.6327 6
    endloop
  endfacet
  facet normal 0.402723 -0.915322 0
    outer loop
      vertex -46.8605 -11.8256 6
      vertex -46.6689 -11.7413 7.2
      vertex -46.8605 -11.8256 7.2
    endloop
  endfacet
  facet normal 0.402723 -0.915322 0
    outer loop
      vertex -46.6689 -11.7413 7.2
      vertex -46.8605 -11.8256 6
      vertex -46.6689 -11.7413 6
    endloop
  endfacet
  facet normal 0.279578 -0.960123 0
    outer loop
      vertex -47.0614 -11.8841 6
      vertex -46.8605 -11.8256 7.2
      vertex -47.0614 -11.8841 7.2
    endloop
  endfacet
  facet normal 0.279578 -0.960123 0
    outer loop
      vertex -46.8605 -11.8256 7.2
      vertex -47.0614 -11.8841 6
      vertex -46.8605 -11.8256 6
    endloop
  endfacet
  facet normal 0.15238 -0.988322 0
    outer loop
      vertex -47.2683 -11.916 6
      vertex -47.0614 -11.8841 7.2
      vertex -47.2683 -11.916 7.2
    endloop
  endfacet
  facet normal 0.15238 -0.988322 0
    outer loop
      vertex -47.0614 -11.8841 7.2
      vertex -47.2683 -11.916 6
      vertex -47.0614 -11.8841 6
    endloop
  endfacet
  facet normal 0.0215055 -0.999769 0
    outer loop
      vertex -47.4775 -11.9205 6
      vertex -47.2683 -11.916 7.2
      vertex -47.4775 -11.9205 7.2
    endloop
  endfacet
  facet normal 0.0215055 -0.999769 0
    outer loop
      vertex -47.2683 -11.916 7.2
      vertex -47.4775 -11.9205 6
      vertex -47.2683 -11.916 6
    endloop
  endfacet
  facet normal -0.107591 -0.994195 0
    outer loop
      vertex -47.5505 -11.9126 6
      vertex -47.4775 -11.9205 7.2
      vertex -47.5505 -11.9126 7.2
    endloop
  endfacet
  facet normal -0.107591 -0.994195 -0
    outer loop
      vertex -47.4775 -11.9205 7.2
      vertex -47.5505 -11.9126 6
      vertex -47.4775 -11.9205 6
    endloop
  endfacet
  facet normal 0.906306 -0.422622 0
    outer loop
      vertex -51.29 -19.9319 7.2
      vertex -47.5505 -11.9126 6
      vertex -47.5505 -11.9126 7.2
    endloop
  endfacet
  facet normal 0.906306 -0.422622 0
    outer loop
      vertex -47.5505 -11.9126 6
      vertex -51.29 -19.9319 7.2
      vertex -51.29 -19.9319 6
    endloop
  endfacet
  facet normal 0.87676 -0.480927 0
    outer loop
      vertex -51.3906 -20.1153 7.2
      vertex -51.29 -19.9319 6
      vertex -51.29 -19.9319 7.2
    endloop
  endfacet
  facet normal 0.87676 -0.480927 0
    outer loop
      vertex -51.29 -19.9319 6
      vertex -51.3906 -20.1153 7.2
      vertex -51.3906 -20.1153 6
    endloop
  endfacet
  facet normal 0.806375 -0.591405 0
    outer loop
      vertex -51.5144 -20.2841 7.2
      vertex -51.3906 -20.1153 6
      vertex -51.3906 -20.1153 7.2
    endloop
  endfacet
  facet normal 0.806375 -0.591405 0
    outer loop
      vertex -51.3906 -20.1153 6
      vertex -51.5144 -20.2841 7.2
      vertex -51.5144 -20.2841 6
    endloop
  endfacet
  facet normal 0.722465 -0.691407 0
    outer loop
      vertex -51.6591 -20.4353 7.2
      vertex -51.5144 -20.2841 6
      vertex -51.5144 -20.2841 7.2
    endloop
  endfacet
  facet normal 0.722465 -0.691407 0
    outer loop
      vertex -51.5144 -20.2841 6
      vertex -51.6591 -20.4353 7.2
      vertex -51.6591 -20.4353 6
    endloop
  endfacet
  facet normal 0.625976 -0.779842 0
    outer loop
      vertex -51.8223 -20.5663 6
      vertex -51.6591 -20.4353 7.2
      vertex -51.8223 -20.5663 7.2
    endloop
  endfacet
  facet normal 0.625976 -0.779842 0
    outer loop
      vertex -51.6591 -20.4353 7.2
      vertex -51.8223 -20.5663 6
      vertex -51.6591 -20.4353 6
    endloop
  endfacet
  facet normal 0.518704 -0.854954 0
    outer loop
      vertex -52.0013 -20.6749 6
      vertex -51.8223 -20.5663 7.2
      vertex -52.0013 -20.6749 7.2
    endloop
  endfacet
  facet normal 0.518704 -0.854954 0
    outer loop
      vertex -51.8223 -20.5663 7.2
      vertex -52.0013 -20.6749 6
      vertex -51.8223 -20.5663 6
    endloop
  endfacet
  facet normal 0.402899 -0.915245 0
    outer loop
      vertex -52.1928 -20.7592 6
      vertex -52.0013 -20.6749 7.2
      vertex -52.1928 -20.7592 7.2
    endloop
  endfacet
  facet normal 0.402899 -0.915245 0
    outer loop
      vertex -52.0013 -20.6749 7.2
      vertex -52.1928 -20.7592 6
      vertex -52.0013 -20.6749 6
    endloop
  endfacet
  facet normal 0.27945 -0.96016 0
    outer loop
      vertex -52.3938 -20.8177 6
      vertex -52.1928 -20.7592 7.2
      vertex -52.3938 -20.8177 7.2
    endloop
  endfacet
  facet normal 0.27945 -0.96016 0
    outer loop
      vertex -52.1928 -20.7592 7.2
      vertex -52.3938 -20.8177 6
      vertex -52.1928 -20.7592 6
    endloop
  endfacet
  facet normal 0.152452 -0.988311 0
    outer loop
      vertex -52.6006 -20.8496 6
      vertex -52.3938 -20.8177 7.2
      vertex -52.6006 -20.8496 7.2
    endloop
  endfacet
  facet normal 0.152452 -0.988311 0
    outer loop
      vertex -52.3938 -20.8177 7.2
      vertex -52.6006 -20.8496 6
      vertex -52.3938 -20.8177 6
    endloop
  endfacet
  facet normal 0.0215055 -0.999769 0
    outer loop
      vertex -52.8098 -20.8541 6
      vertex -52.6006 -20.8496 7.2
      vertex -52.8098 -20.8541 7.2
    endloop
  endfacet
  facet normal 0.0215055 -0.999769 0
    outer loop
      vertex -52.6006 -20.8496 7.2
      vertex -52.8098 -20.8541 6
      vertex -52.6006 -20.8496 6
    endloop
  endfacet
  facet normal -0.108439 -0.994103 0
    outer loop
      vertex -53.0179 -20.8314 6
      vertex -52.8098 -20.8541 7.2
      vertex -53.0179 -20.8314 7.2
    endloop
  endfacet
  facet normal -0.108439 -0.994103 -0
    outer loop
      vertex -52.8098 -20.8541 7.2
      vertex -53.0179 -20.8314 6
      vertex -52.8098 -20.8541 6
    endloop
  endfacet
  facet normal -0.237924 -0.971284 0
    outer loop
      vertex -53.2212 -20.7816 6
      vertex -53.0179 -20.8314 7.2
      vertex -53.2212 -20.7816 7.2
    endloop
  endfacet
  facet normal -0.237924 -0.971284 -0
    outer loop
      vertex -53.0179 -20.8314 7.2
      vertex -53.2212 -20.7816 6
      vertex -53.0179 -20.8314 6
    endloop
  endfacet
  facet normal -0.362308 -0.932058 0
    outer loop
      vertex -53.4162 -20.7058 6
      vertex -53.2212 -20.7816 7.2
      vertex -53.4162 -20.7058 7.2
    endloop
  endfacet
  facet normal -0.362308 -0.932058 -0
    outer loop
      vertex -53.2212 -20.7816 7.2
      vertex -53.4162 -20.7058 6
      vertex -53.2212 -20.7816 6
    endloop
  endfacet
  facet normal -0.481093 -0.876669 0
    outer loop
      vertex -53.5997 -20.6051 6
      vertex -53.4162 -20.7058 7.2
      vertex -53.5997 -20.6051 7.2
    endloop
  endfacet
  facet normal -0.481093 -0.876669 -0
    outer loop
      vertex -53.4162 -20.7058 7.2
      vertex -53.5997 -20.6051 6
      vertex -53.4162 -20.7058 6
    endloop
  endfacet
  facet normal -0.591405 -0.806375 0
    outer loop
      vertex -53.7685 -20.4813 6
      vertex -53.5997 -20.6051 7.2
      vertex -53.7685 -20.4813 7.2
    endloop
  endfacet
  facet normal -0.591405 -0.806375 -0
    outer loop
      vertex -53.5997 -20.6051 7.2
      vertex -53.7685 -20.4813 6
      vertex -53.5997 -20.6051 6
    endloop
  endfacet
  facet normal -0.691407 -0.722465 0
    outer loop
      vertex -53.9197 -20.3366 6
      vertex -53.7685 -20.4813 7.2
      vertex -53.9197 -20.3366 7.2
    endloop
  endfacet
  facet normal -0.691407 -0.722465 -0
    outer loop
      vertex -53.7685 -20.4813 7.2
      vertex -53.9197 -20.3366 6
      vertex -53.7685 -20.4813 6
    endloop
  endfacet
  facet normal -0.779842 -0.625976 0
    outer loop
      vertex -53.9197 -20.3366 6
      vertex -54.0507 -20.1734 7.2
      vertex -54.0507 -20.1734 6
    endloop
  endfacet
  facet normal -0.779842 -0.625976 0
    outer loop
      vertex -54.0507 -20.1734 7.2
      vertex -53.9197 -20.3366 6
      vertex -53.9197 -20.3366 7.2
    endloop
  endfacet
  facet normal -0.854825 -0.518916 0
    outer loop
      vertex -54.0507 -20.1734 6
      vertex -54.1593 -19.9945 7.2
      vertex -54.1593 -19.9945 6
    endloop
  endfacet
  facet normal -0.854825 -0.518916 0
    outer loop
      vertex -54.1593 -19.9945 7.2
      vertex -54.0507 -20.1734 6
      vertex -54.0507 -20.1734 7.2
    endloop
  endfacet
  facet normal -0.915322 -0.402723 0
    outer loop
      vertex -54.1593 -19.9945 6
      vertex -54.2436 -19.8029 7.2
      vertex -54.2436 -19.8029 6
    endloop
  endfacet
  facet normal -0.915322 -0.402723 0
    outer loop
      vertex -54.2436 -19.8029 7.2
      vertex -54.1593 -19.9945 6
      vertex -54.1593 -19.9945 7.2
    endloop
  endfacet
  facet normal -0.960123 -0.279578 0
    outer loop
      vertex -54.2436 -19.8029 6
      vertex -54.3021 -19.602 7.2
      vertex -54.3021 -19.602 6
    endloop
  endfacet
  facet normal -0.960123 -0.279578 0
    outer loop
      vertex -54.3021 -19.602 7.2
      vertex -54.2436 -19.8029 6
      vertex -54.2436 -19.8029 7.2
    endloop
  endfacet
  facet normal -0.988322 -0.15238 0
    outer loop
      vertex -54.3021 -19.602 6
      vertex -54.334 -19.3951 7.2
      vertex -54.334 -19.3951 6
    endloop
  endfacet
  facet normal -0.988322 -0.15238 0
    outer loop
      vertex -54.334 -19.3951 7.2
      vertex -54.3021 -19.602 6
      vertex -54.3021 -19.602 7.2
    endloop
  endfacet
  facet normal -0.999769 -0.0215055 0
    outer loop
      vertex -54.334 -19.3951 6
      vertex -54.3385 -19.1859 7.2
      vertex -54.3385 -19.1859 6
    endloop
  endfacet
  facet normal -0.999769 -0.0215055 0
    outer loop
      vertex -54.3385 -19.1859 7.2
      vertex -54.334 -19.3951 6
      vertex -54.334 -19.3951 7.2
    endloop
  endfacet
  facet normal -0.994103 0.108439 0
    outer loop
      vertex -54.3385 -19.1859 6
      vertex -54.3158 -18.9778 7.2
      vertex -54.3158 -18.9778 6
    endloop
  endfacet
  facet normal -0.994103 0.108439 0
    outer loop
      vertex -54.3158 -18.9778 7.2
      vertex -54.3385 -19.1859 6
      vertex -54.3385 -19.1859 7.2
    endloop
  endfacet
  facet normal -0.984806 0.173657 0
    outer loop
      vertex -54.3158 -18.9778 6
      vertex -52.8049 -10.4095 7.2
      vertex -52.8049 -10.4095 6
    endloop
  endfacet
  facet normal -0.984806 0.173657 0
    outer loop
      vertex -52.8049 -10.4095 7.2
      vertex -54.3158 -18.9778 6
      vertex -54.3158 -18.9778 7.2
    endloop
  endfacet
  facet normal -0.173646 -0.984808 0
    outer loop
      vertex -69.5467 -7.4575 6
      vertex -52.8049 -10.4095 7.2
      vertex -69.5467 -7.4575 7.2
    endloop
  endfacet
  facet normal -0.173646 -0.984808 -0
    outer loop
      vertex -52.8049 -10.4095 7.2
      vertex -69.5467 -7.4575 6
      vertex -52.8049 -10.4095 6
    endloop
  endfacet
  facet normal 0.984808 -0.173644 0
    outer loop
      vertex -72.325 -23.2144 7.2
      vertex -69.5467 -7.4575 6
      vertex -69.5467 -7.4575 7.2
    endloop
  endfacet
  facet normal 0.984808 -0.173644 0
    outer loop
      vertex -69.5467 -7.4575 6
      vertex -72.325 -23.2144 7.2
      vertex -72.325 -23.2144 6
    endloop
  endfacet
  facet normal 0.173648 0.984808 -0
    outer loop
      vertex -54.9726 -26.2741 6
      vertex -72.325 -23.2144 7.2
      vertex -54.9726 -26.2741 7.2
    endloop
  endfacet
  facet normal 0.173648 0.984808 0
    outer loop
      vertex -72.325 -23.2144 7.2
      vertex -54.9726 -26.2741 6
      vertex -72.325 -23.2144 6
    endloop
  endfacet
  facet normal 0.237924 0.971284 -0
    outer loop
      vertex -54.7693 -26.3239 6
      vertex -54.9726 -26.2741 7.2
      vertex -54.7693 -26.3239 7.2
    endloop
  endfacet
  facet normal 0.237924 0.971284 0
    outer loop
      vertex -54.9726 -26.2741 7.2
      vertex -54.7693 -26.3239 6
      vertex -54.9726 -26.2741 6
    endloop
  endfacet
  facet normal 0.362308 0.932058 -0
    outer loop
      vertex -54.5743 -26.3997 6
      vertex -54.7693 -26.3239 7.2
      vertex -54.5743 -26.3997 7.2
    endloop
  endfacet
  facet normal 0.362308 0.932058 0
    outer loop
      vertex -54.7693 -26.3239 7.2
      vertex -54.5743 -26.3997 6
      vertex -54.7693 -26.3239 6
    endloop
  endfacet
  facet normal 0.42262 0.906307 -0
    outer loop
      vertex -38.9467 -33.687 6
      vertex -54.5743 -26.3997 7.2
      vertex -38.9467 -33.687 7.2
    endloop
  endfacet
  facet normal 0.42262 0.906307 0
    outer loop
      vertex -54.5743 -26.3997 7.2
      vertex -38.9467 -33.687 6
      vertex -54.5743 -26.3997 6
    endloop
  endfacet
  facet normal -0.906308 0.422617 0
    outer loop
      vertex -38.9467 -33.687 6
      vertex -37.6195 -30.8408 7.2
      vertex -37.6195 -30.8408 6
    endloop
  endfacet
  facet normal -0.906308 0.422617 0
    outer loop
      vertex -37.6195 -30.8408 7.2
      vertex -38.9467 -33.687 6
      vertex -38.9467 -33.687 7.2
    endloop
  endfacet
  facet normal -0.876669 0.481093 0
    outer loop
      vertex -37.6195 -30.8408 6
      vertex -37.5188 -30.6573 7.2
      vertex -37.5188 -30.6573 6
    endloop
  endfacet
  facet normal -0.876669 0.481093 0
    outer loop
      vertex -37.5188 -30.6573 7.2
      vertex -37.6195 -30.8408 6
      vertex -37.6195 -30.8408 7.2
    endloop
  endfacet
  facet normal -0.806375 0.591405 0
    outer loop
      vertex -37.5188 -30.6573 6
      vertex -37.395 -30.4885 7.2
      vertex -37.395 -30.4885 6
    endloop
  endfacet
  facet normal -0.806375 0.591405 0
    outer loop
      vertex -37.395 -30.4885 7.2
      vertex -37.5188 -30.6573 6
      vertex -37.5188 -30.6573 7.2
    endloop
  endfacet
  facet normal -0.722237 0.691646 0
    outer loop
      vertex -37.395 -30.4885 6
      vertex -37.2503 -30.3374 7.2
      vertex -37.2503 -30.3374 6
    endloop
  endfacet
  facet normal -0.722237 0.691646 0
    outer loop
      vertex -37.2503 -30.3374 7.2
      vertex -37.395 -30.4885 6
      vertex -37.395 -30.4885 7.2
    endloop
  endfacet
  facet normal -0.625976 0.779842 0
    outer loop
      vertex -37.0871 -30.2064 6
      vertex -37.2503 -30.3374 7.2
      vertex -37.0871 -30.2064 7.2
    endloop
  endfacet
  facet normal -0.625976 0.779842 0
    outer loop
      vertex -37.2503 -30.3374 7.2
      vertex -37.0871 -30.2064 6
      vertex -37.2503 -30.3374 6
    endloop
  endfacet
  facet normal -0.518916 0.854825 0
    outer loop
      vertex -36.9082 -30.0978 6
      vertex -37.0871 -30.2064 7.2
      vertex -36.9082 -30.0978 7.2
    endloop
  endfacet
  facet normal -0.518916 0.854825 0
    outer loop
      vertex -37.0871 -30.2064 7.2
      vertex -36.9082 -30.0978 6
      vertex -37.0871 -30.2064 6
    endloop
  endfacet
  facet normal -0.402723 0.915322 0
    outer loop
      vertex -36.7166 -30.0135 6
      vertex -36.9082 -30.0978 7.2
      vertex -36.7166 -30.0135 7.2
    endloop
  endfacet
  facet normal -0.402723 0.915322 0
    outer loop
      vertex -36.9082 -30.0978 7.2
      vertex -36.7166 -30.0135 6
      vertex -36.9082 -30.0978 6
    endloop
  endfacet
  facet normal -0.280018 0.959995 0
    outer loop
      vertex -36.5157 -29.9549 6
      vertex -36.7166 -30.0135 7.2
      vertex -36.5157 -29.9549 7.2
    endloop
  endfacet
  facet normal -0.280018 0.959995 0
    outer loop
      vertex -36.7166 -30.0135 7.2
      vertex -36.5157 -29.9549 6
      vertex -36.7166 -30.0135 6
    endloop
  endfacet
  facet normal -0.151914 0.988394 0
    outer loop
      vertex -36.3088 -29.9231 6
      vertex -36.5157 -29.9549 7.2
      vertex -36.3088 -29.9231 7.2
    endloop
  endfacet
  facet normal -0.151914 0.988394 0
    outer loop
      vertex -36.5157 -29.9549 7.2
      vertex -36.3088 -29.9231 6
      vertex -36.5157 -29.9549 6
    endloop
  endfacet
  facet normal -0.0219832 0.999758 0
    outer loop
      vertex -36.0996 -29.9185 6
      vertex -36.3088 -29.9231 7.2
      vertex -36.0996 -29.9185 7.2
    endloop
  endfacet
  facet normal -0.0219832 0.999758 0
    outer loop
      vertex -36.3088 -29.9231 7.2
      vertex -36.0996 -29.9185 6
      vertex -36.3088 -29.9231 6
    endloop
  endfacet
  facet normal 0.108911 0.994052 -0
    outer loop
      vertex -35.8915 -29.9413 6
      vertex -36.0996 -29.9185 7.2
      vertex -35.8915 -29.9413 7.2
    endloop
  endfacet
  facet normal 0.108911 0.994052 0
    outer loop
      vertex -36.0996 -29.9185 7.2
      vertex -35.8915 -29.9413 6
      vertex -36.0996 -29.9185 6
    endloop
  endfacet
  facet normal 0.237924 0.971284 -0
    outer loop
      vertex -35.6882 -29.9911 6
      vertex -35.8915 -29.9413 7.2
      vertex -35.6882 -29.9911 7.2
    endloop
  endfacet
  facet normal 0.237924 0.971284 0
    outer loop
      vertex -35.8915 -29.9413 7.2
      vertex -35.6882 -29.9911 6
      vertex -35.8915 -29.9413 6
    endloop
  endfacet
  facet normal 0.362308 0.932058 -0
    outer loop
      vertex -35.4932 -30.0669 6
      vertex -35.6882 -29.9911 7.2
      vertex -35.4932 -30.0669 7.2
    endloop
  endfacet
  facet normal 0.362308 0.932058 0
    outer loop
      vertex -35.6882 -29.9911 7.2
      vertex -35.4932 -30.0669 6
      vertex -35.6882 -29.9911 6
    endloop
  endfacet
  facet normal 0.481093 0.876669 -0
    outer loop
      vertex -35.3097 -30.1676 6
      vertex -35.4932 -30.0669 7.2
      vertex -35.3097 -30.1676 7.2
    endloop
  endfacet
  facet normal 0.481093 0.876669 0
    outer loop
      vertex -35.4932 -30.0669 7.2
      vertex -35.3097 -30.1676 6
      vertex -35.4932 -30.0669 6
    endloop
  endfacet
  facet normal 0.591094 0.806602 -0
    outer loop
      vertex -35.1409 -30.2913 6
      vertex -35.3097 -30.1676 7.2
      vertex -35.1409 -30.2913 7.2
    endloop
  endfacet
  facet normal 0.591094 0.806602 0
    outer loop
      vertex -35.3097 -30.1676 7.2
      vertex -35.1409 -30.2913 6
      vertex -35.3097 -30.1676 6
    endloop
  endfacet
  facet normal 0.642789 0.766044 -0
    outer loop
      vertex -22.1706 -41.1747 6
      vertex -35.1409 -30.2913 7.2
      vertex -22.1706 -41.1747 7.2
    endloop
  endfacet
  facet normal 0.642789 0.766044 0
    outer loop
      vertex -35.1409 -30.2913 7.2
      vertex -22.1706 -41.1747 6
      vertex -35.1409 -30.2913 6
    endloop
  endfacet
  facet normal -0.766044 0.642788 0
    outer loop
      vertex -22.1706 -41.1747 6
      vertex -11.886 -28.918 7.2
      vertex -11.886 -28.918 6
    endloop
  endfacet
  facet normal -0.766044 0.642788 0
    outer loop
      vertex -11.886 -28.918 7.2
      vertex -22.1706 -41.1747 6
      vertex -22.1706 -41.1747 7.2
    endloop
  endfacet
  facet normal 0 0 1
    outer loop
      vertex -74.5511 65.5152 4
      vertex -103.863 63.469 4
      vertex -75.7849 58.5181 4
    endloop
  endfacet
  facet normal -0 0 1
    outer loop
      vertex -104.592 65.5152 4
      vertex -103.863 63.469 4
      vertex -74.5511 65.5152 4
    endloop
  endfacet
  facet normal 0 0 1
    outer loop
      vertex -103.863 63.469 4
      vertex -104.592 65.5152 4
      vertex -104.23 63.5126 4
    endloop
  endfacet
  facet normal 0 0 1
    outer loop
      vertex -104.592 65.5152 4
      vertex -104.612 63.5154 4
      vertex -104.23 63.5126 4
    endloop
  endfacet
  facet normal -0 0 1
    outer loop
      vertex -104.846 65.5018 4
      vertex -104.612 63.5154 4
      vertex -104.592 65.5152 4
    endloop
  endfacet
  facet normal 0 0 1
    outer loop
      vertex -104.846 65.5018 4
      vertex -104.991 63.4751 4
      vertex -104.612 63.5154 4
    endloop
  endfacet
  facet normal -0 0 1
    outer loop
      vertex -105.18 65.4663 4
      vertex -104.991 63.4751 4
      vertex -104.846 65.5018 4
    endloop
  endfacet
  facet normal -0 0 1
    outer loop
      vertex -105.447 65.4226 4
      vertex -104.991 63.4751 4
      vertex -105.18 65.4663 4
    endloop
  endfacet
  facet normal 0 0 1
    outer loop
      vertex -104.991 63.4751 4
      vertex -105.447 65.4226 4
      vertex -105.364 63.3923 4
    endloop
  endfacet
  facet normal -0 0 1
    outer loop
      vertex -105.776 65.3496 4
      vertex -105.364 63.3923 4
      vertex -105.447 65.4226 4
    endloop
  endfacet
  facet normal -0 0 1
    outer loop
      vertex -106.037 65.2759 4
      vertex -105.364 63.3923 4
      vertex -105.776 65.3496 4
    endloop
  endfacet
  facet normal 0 0 1
    outer loop
      vertex -105.364 63.3923 4
      vertex -106.037 65.2759 4
      vertex -105.725 63.2681 4
    endloop
  endfacet
  facet normal -0 0 1
    outer loop
      vertex -106.355 65.1664 4
      vertex -105.725 63.2681 4
      vertex -106.037 65.2759 4
    endloop
  endfacet
  facet normal -0 0 1
    outer loop
      vertex -106.604 65.0645 4
      vertex -105.725 63.2681 4
      vertex -106.355 65.1664 4
    endloop
  endfacet
  facet normal 0 0 1
    outer loop
      vertex -105.725 63.2681 4
      vertex -106.604 65.0645 4
      vertex -106.068 63.1045 4
    endloop
  endfacet
  facet normal -0 0 1
    outer loop
      vertex -106.908 64.9201 4
      vertex -106.068 63.1045 4
      vertex -106.604 65.0645 4
    endloop
  endfacet
  facet normal -0 0 1
    outer loop
      vertex -107.139 64.7937 4
      vertex -106.068 63.1045 4
      vertex -106.908 64.9201 4
    endloop
  endfacet
  facet normal -0 0 1
    outer loop
      vertex -107.336 64.6724 4
      vertex -106.068 63.1045 4
      vertex -107.139 64.7937 4
    endloop
  endfacet
  facet normal 0 0 1
    outer loop
      vertex -106.068 63.1045 4
      vertex -107.336 64.6724 4
      vertex -106.393 62.904 4
    endloop
  endfacet
  facet normal 0 0 1
    outer loop
      vertex -106.393 62.904 4
      vertex -107.336 64.6724 4
      vertex -106.692 62.6679 4
    endloop
  endfacet
  facet normal 0 0 1
    outer loop
      vertex -106.692 62.6679 4
      vertex -107.336 64.6724 4
      vertex -106.963 62.4007 4
    endloop
  endfacet
  facet normal 0 0 1
    outer loop
      vertex -107.853 61.7356 4
      vertex -106.963 62.4007 4
      vertex -107.336 64.6724 4
    endloop
  endfacet
  facet normal 0 0 1
    outer loop
      vertex -106.963 62.4007 4
      vertex -107.853 61.7356 4
      vertex -107.203 62.1045 4
    endloop
  endfacet
  facet normal 0 0 1
    outer loop
      vertex -107.203 62.1045 4
      vertex -107.853 61.7356 4
      vertex -107.409 61.7824 4
    endloop
  endfacet
  facet normal 0 0 1
    outer loop
      vertex -107.409 61.7824 4
      vertex -107.853 61.7356 4
      vertex -107.465 61.6671 4
    endloop
  endfacet
  facet normal 0.984856 -0.173376 0
    outer loop
      vertex -107.853 61.7356 7.2
      vertex -107.336 64.6724 4
      vertex -107.336 64.6724 7.2
    endloop
  endfacet
  facet normal 0.984856 -0.173376 0
    outer loop
      vertex -107.336 64.6724 4
      vertex -107.853 61.7356 7.2
      vertex -107.853 61.7356 4
    endloop
  endfacet
  facet normal -0.984807 0.173651 0
    outer loop
      vertex -75.7849 58.5181 6
      vertex -74.5511 65.5152 4
      vertex -75.7849 58.5181 4
    endloop
  endfacet
  facet normal -0.984807 0.173651 0
    outer loop
      vertex -74.5511 65.5152 4
      vertex -75.7849 58.5181 6
      vertex -74.5511 65.5152 7.2
    endloop
  endfacet
  facet normal -0.984812 0.173621 0
    outer loop
      vertex -76.2016 56.1545 7.2
      vertex -75.7849 58.5181 6
      vertex -76.2016 56.1545 6
    endloop
  endfacet
  facet normal -0.984809 0.173644 4.54239e-05
    outer loop
      vertex -75.7849 58.5181 6
      vertex -76.2016 56.1545 7.2
      vertex -74.5511 65.5152 7.2
    endloop
  endfacet
  facet normal 0.173858 0.984771 -0
    outer loop
      vertex -107.465 61.6671 4
      vertex -107.853 61.7356 4.2
      vertex -107.465 61.6671 4.2
    endloop
  endfacet
  facet normal 0.173858 0.984771 0
    outer loop
      vertex -107.853 61.7356 4.2
      vertex -107.465 61.6671 4
      vertex -107.853 61.7356 4
    endloop
  endfacet
  facet normal 0 0 0
    outer loop
      vertex -107.853 61.7356 4
      vertex -107.853 61.7356 7.2
      vertex -107.853 61.7356 4.2
    endloop
  endfacet
  facet normal 0.17365 0.984807 -0
    outer loop
      vertex -76.2016 56.1545 6
      vertex -88.0686 58.247 7.2
      vertex -76.2016 56.1545 7.2
    endloop
  endfacet
  facet normal 0.17365 0.984807 0
    outer loop
      vertex -88.0686 58.247 7.2
      vertex -76.2016 56.1545 6
      vertex -88.0686 58.247 6
    endloop
  endfacet
  facet normal -0.980786 0 -0.195087
    outer loop
      vertex -4.20941 -45.0314 3.74358
      vertex -4.23748 -30.3494 3.8847
      vertex -4.20941 -30.3494 3.74358
    endloop
  endfacet
  facet normal -0.980786 -0 -0.195087
    outer loop
      vertex -4.23748 -30.3494 3.8847
      vertex -4.20941 -45.0314 3.74358
      vertex -4.23748 -45.0314 3.8847
    endloop
  endfacet
  facet normal -0.980786 0 -0.195087
    outer loop
      vertex -4.20941 50.8333 3.74358
      vertex -4.23748 65.5152 3.8847
      vertex -4.20941 65.5152 3.74358
    endloop
  endfacet
  facet normal -0.980786 -0 -0.195087
    outer loop
      vertex -4.23748 65.5152 3.8847
      vertex -4.20941 50.8333 3.74358
      vertex -4.23748 50.8333 3.8847
    endloop
  endfacet
  facet normal -0.980786 0 -0.195087
    outer loop
      vertex -4.20941 -26.5494 3.74358
      vertex -4.23748 47.0333 3.8847
      vertex -4.20941 47.0333 3.74358
    endloop
  endfacet
  facet normal -0.980786 -0 -0.195087
    outer loop
      vertex -4.23748 47.0333 3.8847
      vertex -4.20941 -26.5494 3.74358
      vertex -4.23748 -26.5494 3.8847
    endloop
  endfacet
  facet normal -0.997859 0 -0.0653981
    outer loop
      vertex -4.2 -45.0314 3.6
      vertex -4.20941 -30.3494 3.74358
      vertex -4.2 -30.3494 3.6
    endloop
  endfacet
  facet normal -0.997859 -0 -0.0653981
    outer loop
      vertex -4.20941 -30.3494 3.74358
      vertex -4.2 -45.0314 3.6
      vertex -4.20941 -45.0314 3.74358
    endloop
  endfacet
  facet normal -0.997859 0 -0.0653981
    outer loop
      vertex -4.2 50.8333 3.6
      vertex -4.20941 65.5152 3.74358
      vertex -4.2 65.5152 3.6
    endloop
  endfacet
  facet normal -0.997859 -0 -0.0653981
    outer loop
      vertex -4.20941 65.5152 3.74358
      vertex -4.2 50.8333 3.6
      vertex -4.20941 50.8333 3.74358
    endloop
  endfacet
  facet normal -0.997859 0 -0.0653981
    outer loop
      vertex -4.2 -26.5494 3.6
      vertex -4.20941 47.0333 3.74358
      vertex -4.2 47.0333 3.6
    endloop
  endfacet
  facet normal -0.997859 -0 -0.0653981
    outer loop
      vertex -4.20941 47.0333 3.74358
      vertex -4.2 -26.5494 3.6
      vertex -4.20941 -26.5494 3.74358
    endloop
  endfacet
  facet normal 0.997859 0 -0.0653981
    outer loop
      vertex -6.39059 -45.0314 3.74358
      vertex -6.4 -30.3494 3.6
      vertex -6.39059 -30.3494 3.74358
    endloop
  endfacet
  facet normal 0.997859 0 -0.0653981
    outer loop
      vertex -6.4 -30.3494 3.6
      vertex -6.39059 -45.0314 3.74358
      vertex -6.4 -45.0314 3.6
    endloop
  endfacet
  facet normal 0.997859 0 -0.0653981
    outer loop
      vertex -6.39059 50.8333 3.74358
      vertex -6.4 65.5152 3.6
      vertex -6.39059 65.5152 3.74358
    endloop
  endfacet
  facet normal 0.997859 0 -0.0653981
    outer loop
      vertex -6.4 65.5152 3.6
      vertex -6.39059 50.8333 3.74358
      vertex -6.4 50.8333 3.6
    endloop
  endfacet
  facet normal 0.997859 0 -0.0653981
    outer loop
      vertex -6.39059 -26.5494 3.74358
      vertex -6.4 47.0333 3.6
      vertex -6.39059 47.0333 3.74358
    endloop
  endfacet
  facet normal 0.997859 0 -0.0653981
    outer loop
      vertex -6.4 47.0333 3.6
      vertex -6.39059 -26.5494 3.74358
      vertex -6.4 -26.5494 3.6
    endloop
  endfacet
  facet normal 0.980786 0 -0.195087
    outer loop
      vertex -6.36252 -45.0314 3.8847
      vertex -6.39059 -30.3494 3.74358
      vertex -6.36252 -30.3494 3.8847
    endloop
  endfacet
  facet normal 0.980786 0 -0.195087
    outer loop
      vertex -6.39059 -30.3494 3.74358
      vertex -6.36252 -45.0314 3.8847
      vertex -6.39059 -45.0314 3.74358
    endloop
  endfacet
  facet normal 0.980786 0 -0.195087
    outer loop
      vertex -6.36252 50.8333 3.8847
      vertex -6.39059 65.5152 3.74358
      vertex -6.36252 65.5152 3.8847
    endloop
  endfacet
  facet normal 0.980786 0 -0.195087
    outer loop
      vertex -6.39059 65.5152 3.74358
      vertex -6.36252 50.8333 3.8847
      vertex -6.39059 50.8333 3.74358
    endloop
  endfacet
  facet normal 0.980786 0 -0.195087
    outer loop
      vertex -6.36252 -26.5494 3.8847
      vertex -6.39059 47.0333 3.74358
      vertex -6.36252 47.0333 3.8847
    endloop
  endfacet
  facet normal 0.980786 0 -0.195087
    outer loop
      vertex -6.39059 47.0333 3.74358
      vertex -6.36252 -26.5494 3.8847
      vertex -6.39059 -26.5494 3.74358
    endloop
  endfacet
  facet normal -0.442286 0 -0.896874
    outer loop
      vertex -4.87905 -45.0314 4.61627
      vertex -4.75 -30.3494 4.55263
      vertex -4.75 -45.0314 4.55263
    endloop
  endfacet
  facet normal -0.442286 0 -0.896874
    outer loop
      vertex -4.75 -30.3494 4.55263
      vertex -4.87905 -45.0314 4.61627
      vertex -4.87905 -30.3494 4.61627
    endloop
  endfacet
  facet normal -0.442286 0 -0.896874
    outer loop
      vertex -4.87905 50.8333 4.61627
      vertex -4.75 65.5152 4.55263
      vertex -4.75 50.8333 4.55263
    endloop
  endfacet
  facet normal -0.442286 0 -0.896874
    outer loop
      vertex -4.75 65.5152 4.55263
      vertex -4.87905 50.8333 4.61627
      vertex -4.87905 65.5152 4.61627
    endloop
  endfacet
  facet normal -0.442286 0 -0.896874
    outer loop
      vertex -4.87905 -26.5494 4.61627
      vertex -4.75 47.0333 4.55263
      vertex -4.75 -26.5494 4.55263
    endloop
  endfacet
  facet normal -0.442286 0 -0.896874
    outer loop
      vertex -4.75 47.0333 4.55263
      vertex -4.87905 -26.5494 4.61627
      vertex -4.87905 47.0333 4.61627
    endloop
  endfacet
  facet normal 0.0653981 0 -0.997859
    outer loop
      vertex -5.44358 50.8333 4.69059
      vertex -5.3 65.5152 4.7
      vertex -5.3 50.8333 4.7
    endloop
  endfacet
  facet normal 0.0653981 0 -0.997859
    outer loop
      vertex -5.3 65.5152 4.7
      vertex -5.44358 50.8333 4.69059
      vertex -5.44358 65.5152 4.69059
    endloop
  endfacet
  facet normal 0.0653981 0 -0.997859
    outer loop
      vertex -5.44358 -45.0314 4.69059
      vertex -5.3 -30.3494 4.7
      vertex -5.3 -45.0314 4.7
    endloop
  endfacet
  facet normal 0.0653981 0 -0.997859
    outer loop
      vertex -5.3 -30.3494 4.7
      vertex -5.44358 -45.0314 4.69059
      vertex -5.44358 -30.3494 4.69059
    endloop
  endfacet
  facet normal 0.0653981 0 -0.997859
    outer loop
      vertex -5.44358 -26.5494 4.69059
      vertex -5.3 47.0333 4.7
      vertex -5.3 -26.5494 4.7
    endloop
  endfacet
  facet normal 0.0653981 0 -0.997859
    outer loop
      vertex -5.3 47.0333 4.7
      vertex -5.44358 -26.5494 4.69059
      vertex -5.44358 47.0333 4.69059
    endloop
  endfacet
  facet normal 0.195087 0 0.980786
    outer loop
      vertex -5.5847 -30.3494 2.53748
      vertex -5.44358 -45.0314 2.50941
      vertex -5.44358 -30.3494 2.50941
    endloop
  endfacet
  facet normal 0.195087 0 0.980786
    outer loop
      vertex -5.44358 -45.0314 2.50941
      vertex -5.5847 -30.3494 2.53748
      vertex -5.5847 -45.0314 2.53748
    endloop
  endfacet
  facet normal 0.195087 0 0.980786
    outer loop
      vertex -5.5847 65.5152 2.53748
      vertex -5.44358 50.8333 2.50941
      vertex -5.44358 65.5152 2.50941
    endloop
  endfacet
  facet normal 0.195087 0 0.980786
    outer loop
      vertex -5.44358 50.8333 2.50941
      vertex -5.5847 65.5152 2.53748
      vertex -5.5847 50.8333 2.53748
    endloop
  endfacet
  facet normal 0.195087 0 0.980786
    outer loop
      vertex -5.5847 47.0333 2.53748
      vertex -5.44358 -26.5494 2.50941
      vertex -5.44358 47.0333 2.50941
    endloop
  endfacet
  facet normal 0.195087 0 0.980786
    outer loop
      vertex -5.44358 -26.5494 2.50941
      vertex -5.5847 47.0333 2.53748
      vertex -5.5847 -26.5494 2.53748
    endloop
  endfacet
  facet normal -0.831472 0 -0.555566
    outer loop
      vertex -4.34737 -45.0314 4.15
      vertex -4.42731 -30.3494 4.26964
      vertex -4.34737 -30.3494 4.15
    endloop
  endfacet
  facet normal -0.831472 -0 -0.555566
    outer loop
      vertex -4.42731 -30.3494 4.26964
      vertex -4.34737 -45.0314 4.15
      vertex -4.42731 -45.0314 4.26964
    endloop
  endfacet
  facet normal -0.831472 0 -0.555566
    outer loop
      vertex -4.34737 50.8333 4.15
      vertex -4.42731 65.5152 4.26964
      vertex -4.34737 65.5152 4.15
    endloop
  endfacet
  facet normal -0.831472 -0 -0.555566
    outer loop
      vertex -4.42731 65.5152 4.26964
      vertex -4.34737 50.8333 4.15
      vertex -4.42731 50.8333 4.26964
    endloop
  endfacet
  facet normal -0.831472 0 -0.555566
    outer loop
      vertex -4.34737 -26.5494 4.15
      vertex -4.42731 47.0333 4.26964
      vertex -4.34737 47.0333 4.15
    endloop
  endfacet
  facet normal -0.831472 -0 -0.555566
    outer loop
      vertex -4.42731 47.0333 4.26964
      vertex -4.34737 -26.5494 4.15
      vertex -4.42731 -26.5494 4.26964
    endloop
  endfacet
  facet normal -0.321435 0 0.946931
    outer loop
      vertex -5.0153 -30.3494 2.53748
      vertex -4.87905 -45.0314 2.58373
      vertex -4.87905 -30.3494 2.58373
    endloop
  endfacet
  facet normal -0.321435 0 0.946931
    outer loop
      vertex -4.87905 -45.0314 2.58373
      vertex -5.0153 -30.3494 2.53748
      vertex -5.0153 -45.0314 2.53748
    endloop
  endfacet
  facet normal -0.321435 0 0.946931
    outer loop
      vertex -5.0153 65.5152 2.53748
      vertex -4.87905 50.8333 2.58373
      vertex -4.87905 65.5152 2.58373
    endloop
  endfacet
  facet normal -0.321435 0 0.946931
    outer loop
      vertex -4.87905 50.8333 2.58373
      vertex -5.0153 65.5152 2.53748
      vertex -5.0153 50.8333 2.53748
    endloop
  endfacet
  facet normal -0.321435 0 0.946931
    outer loop
      vertex -5.0153 47.0333 2.53748
      vertex -4.87905 -26.5494 2.58373
      vertex -4.87905 47.0333 2.58373
    endloop
  endfacet
  facet normal -0.321435 0 0.946931
    outer loop
      vertex -4.87905 -26.5494 2.58373
      vertex -5.0153 47.0333 2.53748
      vertex -5.0153 -26.5494 2.53748
    endloop
  endfacet
  facet normal 0.555566 0 0.831472
    outer loop
      vertex -5.96964 -30.3494 2.72731
      vertex -5.85 -45.0314 2.64737
      vertex -5.85 -30.3494 2.64737
    endloop
  endfacet
  facet normal 0.555566 0 0.831472
    outer loop
      vertex -5.85 -45.0314 2.64737
      vertex -5.96964 -30.3494 2.72731
      vertex -5.96964 -45.0314 2.72731
    endloop
  endfacet
  facet normal 0.555566 0 0.831472
    outer loop
      vertex -5.96964 65.5152 2.72731
      vertex -5.85 50.8333 2.64737
      vertex -5.85 65.5152 2.64737
    endloop
  endfacet
  facet normal 0.555566 0 0.831472
    outer loop
      vertex -5.85 50.8333 2.64737
      vertex -5.96964 65.5152 2.72731
      vertex -5.96964 50.8333 2.72731
    endloop
  endfacet
  facet normal 0.555566 0 0.831472
    outer loop
      vertex -5.96964 47.0333 2.72731
      vertex -5.85 -26.5494 2.64737
      vertex -5.85 47.0333 2.64737
    endloop
  endfacet
  facet normal 0.555566 0 0.831472
    outer loop
      vertex -5.85 -26.5494 2.64737
      vertex -5.96964 47.0333 2.72731
      vertex -5.96964 -26.5494 2.72731
    endloop
  endfacet
  facet normal -0.831472 0 0.555566
    outer loop
      vertex -4.42731 -45.0314 2.93036
      vertex -4.34737 -30.3494 3.05
      vertex -4.42731 -30.3494 2.93036
    endloop
  endfacet
  facet normal -0.831472 0 0.555566
    outer loop
      vertex -4.34737 -30.3494 3.05
      vertex -4.42731 -45.0314 2.93036
      vertex -4.34737 -45.0314 3.05
    endloop
  endfacet
  facet normal -0.831472 0 0.555566
    outer loop
      vertex -4.42731 50.8333 2.93036
      vertex -4.34737 65.5152 3.05
      vertex -4.42731 65.5152 2.93036
    endloop
  endfacet
  facet normal -0.831472 0 0.555566
    outer loop
      vertex -4.34737 65.5152 3.05
      vertex -4.42731 50.8333 2.93036
      vertex -4.34737 50.8333 3.05
    endloop
  endfacet
  facet normal -0.831472 0 0.555566
    outer loop
      vertex -4.42731 -26.5494 2.93036
      vertex -4.34737 47.0333 3.05
      vertex -4.42731 47.0333 2.93036
    endloop
  endfacet
  facet normal -0.831472 0 0.555566
    outer loop
      vertex -4.34737 47.0333 3.05
      vertex -4.42731 -26.5494 2.93036
      vertex -4.34737 -26.5494 3.05
    endloop
  endfacet
  facet normal -0.946931 0 0.321435
    outer loop
      vertex -4.28373 -45.0314 3.17905
      vertex -4.23748 -30.3494 3.3153
      vertex -4.28373 -30.3494 3.17905
    endloop
  endfacet
  facet normal -0.946931 0 0.321435
    outer loop
      vertex -4.23748 -30.3494 3.3153
      vertex -4.28373 -45.0314 3.17905
      vertex -4.23748 -45.0314 3.3153
    endloop
  endfacet
  facet normal -0.946931 0 0.321435
    outer loop
      vertex -4.28373 50.8333 3.17905
      vertex -4.23748 65.5152 3.3153
      vertex -4.28373 65.5152 3.17905
    endloop
  endfacet
  facet normal -0.946931 0 0.321435
    outer loop
      vertex -4.23748 65.5152 3.3153
      vertex -4.28373 50.8333 3.17905
      vertex -4.23748 50.8333 3.3153
    endloop
  endfacet
  facet normal -0.946931 0 0.321435
    outer loop
      vertex -4.28373 -26.5494 3.17905
      vertex -4.23748 47.0333 3.3153
      vertex -4.28373 47.0333 3.17905
    endloop
  endfacet
  facet normal -0.946931 0 0.321435
    outer loop
      vertex -4.23748 47.0333 3.3153
      vertex -4.28373 -26.5494 3.17905
      vertex -4.23748 -26.5494 3.3153
    endloop
  endfacet
  facet normal -0.751844 0 -0.659341
    outer loop
      vertex -4.42731 -45.0314 4.26964
      vertex -4.52218 -30.3494 4.37782
      vertex -4.42731 -30.3494 4.26964
    endloop
  endfacet
  facet normal -0.751844 -0 -0.659341
    outer loop
      vertex -4.52218 -30.3494 4.37782
      vertex -4.42731 -45.0314 4.26964
      vertex -4.52218 -45.0314 4.37782
    endloop
  endfacet
  facet normal -0.751844 0 -0.659341
    outer loop
      vertex -4.42731 50.8333 4.26964
      vertex -4.52218 65.5152 4.37782
      vertex -4.42731 65.5152 4.26964
    endloop
  endfacet
  facet normal -0.751844 -0 -0.659341
    outer loop
      vertex -4.52218 65.5152 4.37782
      vertex -4.42731 50.8333 4.26964
      vertex -4.52218 50.8333 4.37782
    endloop
  endfacet
  facet normal -0.751844 0 -0.659341
    outer loop
      vertex -4.42731 -26.5494 4.26964
      vertex -4.52218 47.0333 4.37782
      vertex -4.42731 47.0333 4.26964
    endloop
  endfacet
  facet normal -0.751844 -0 -0.659341
    outer loop
      vertex -4.52218 47.0333 4.37782
      vertex -4.42731 -26.5494 4.26964
      vertex -4.52218 -26.5494 4.37782
    endloop
  endfacet
  facet normal 0.751844 0 -0.659341
    outer loop
      vertex -6.07782 -45.0314 4.37782
      vertex -6.17269 -30.3494 4.26964
      vertex -6.07782 -30.3494 4.37782
    endloop
  endfacet
  facet normal 0.751844 0 -0.659341
    outer loop
      vertex -6.17269 -30.3494 4.26964
      vertex -6.07782 -45.0314 4.37782
      vertex -6.17269 -45.0314 4.26964
    endloop
  endfacet
  facet normal 0.751844 0 -0.659341
    outer loop
      vertex -6.07782 50.8333 4.37782
      vertex -6.17269 65.5152 4.26964
      vertex -6.07782 65.5152 4.37782
    endloop
  endfacet
  facet normal 0.751844 0 -0.659341
    outer loop
      vertex -6.17269 65.5152 4.26964
      vertex -6.07782 50.8333 4.37782
      vertex -6.17269 50.8333 4.26964
    endloop
  endfacet
  facet normal 0.751844 0 -0.659341
    outer loop
      vertex -6.07782 -26.5494 4.37782
      vertex -6.17269 47.0333 4.26964
      vertex -6.07782 47.0333 4.37782
    endloop
  endfacet
  facet normal 0.751844 0 -0.659341
    outer loop
      vertex -6.17269 47.0333 4.26964
      vertex -6.07782 -26.5494 4.37782
      vertex -6.17269 -26.5494 4.26964
    endloop
  endfacet
  facet normal 0.195087 0 -0.980786
    outer loop
      vertex -5.5847 50.8333 4.66252
      vertex -5.44358 65.5152 4.69059
      vertex -5.44358 50.8333 4.69059
    endloop
  endfacet
  facet normal 0.195087 0 -0.980786
    outer loop
      vertex -5.44358 65.5152 4.69059
      vertex -5.5847 50.8333 4.66252
      vertex -5.5847 65.5152 4.66252
    endloop
  endfacet
  facet normal 0.195087 0 -0.980786
    outer loop
      vertex -5.5847 -45.0314 4.66252
      vertex -5.44358 -30.3494 4.69059
      vertex -5.44358 -45.0314 4.69059
    endloop
  endfacet
  facet normal 0.195087 0 -0.980786
    outer loop
      vertex -5.44358 -30.3494 4.69059
      vertex -5.5847 -45.0314 4.66252
      vertex -5.5847 -30.3494 4.66252
    endloop
  endfacet
  facet normal 0.195087 0 -0.980786
    outer loop
      vertex -5.5847 -26.5494 4.66252
      vertex -5.44358 47.0333 4.69059
      vertex -5.44358 -26.5494 4.69059
    endloop
  endfacet
  facet normal 0.195087 0 -0.980786
    outer loop
      vertex -5.44358 47.0333 4.69059
      vertex -5.5847 -26.5494 4.66252
      vertex -5.5847 47.0333 4.66252
    endloop
  endfacet
  facet normal 0.896874 0 -0.442286
    outer loop
      vertex -6.25263 -45.0314 4.15
      vertex -6.31627 -30.3494 4.02095
      vertex -6.25263 -30.3494 4.15
    endloop
  endfacet
  facet normal 0.896874 0 -0.442286
    outer loop
      vertex -6.31627 -30.3494 4.02095
      vertex -6.25263 -45.0314 4.15
      vertex -6.31627 -45.0314 4.02095
    endloop
  endfacet
  facet normal 0.896874 0 -0.442286
    outer loop
      vertex -6.25263 50.8333 4.15
      vertex -6.31627 65.5152 4.02095
      vertex -6.25263 65.5152 4.15
    endloop
  endfacet
  facet normal 0.896874 0 -0.442286
    outer loop
      vertex -6.31627 65.5152 4.02095
      vertex -6.25263 50.8333 4.15
      vertex -6.31627 50.8333 4.02095
    endloop
  endfacet
  facet normal 0.896874 0 -0.442286
    outer loop
      vertex -6.25263 -26.5494 4.15
      vertex -6.31627 47.0333 4.02095
      vertex -6.25263 47.0333 4.15
    endloop
  endfacet
  facet normal 0.896874 0 -0.442286
    outer loop
      vertex -6.31627 47.0333 4.02095
      vertex -6.25263 -26.5494 4.15
      vertex -6.31627 -26.5494 4.02095
    endloop
  endfacet
  facet normal 0.946931 -0 0.321435
    outer loop
      vertex -6.36252 -45.0314 3.3153
      vertex -6.31627 -30.3494 3.17905
      vertex -6.36252 -30.3494 3.3153
    endloop
  endfacet
  facet normal 0.946931 0 0.321435
    outer loop
      vertex -6.31627 -30.3494 3.17905
      vertex -6.36252 -45.0314 3.3153
      vertex -6.31627 -45.0314 3.17905
    endloop
  endfacet
  facet normal 0.946931 -0 0.321435
    outer loop
      vertex -6.36252 50.8333 3.3153
      vertex -6.31627 65.5152 3.17905
      vertex -6.36252 65.5152 3.3153
    endloop
  endfacet
  facet normal 0.946931 0 0.321435
    outer loop
      vertex -6.31627 65.5152 3.17905
      vertex -6.36252 50.8333 3.3153
      vertex -6.31627 50.8333 3.17905
    endloop
  endfacet
  facet normal 0.946931 -0 0.321435
    outer loop
      vertex -6.36252 -26.5494 3.3153
      vertex -6.31627 47.0333 3.17905
      vertex -6.36252 47.0333 3.3153
    endloop
  endfacet
  facet normal 0.946931 0 0.321435
    outer loop
      vertex -6.31627 47.0333 3.17905
      vertex -6.36252 -26.5494 3.3153
      vertex -6.31627 -26.5494 3.17905
    endloop
  endfacet
  facet normal 0.659341 0 -0.751844
    outer loop
      vertex -6.07782 -45.0314 4.37782
      vertex -5.96964 -30.3494 4.47269
      vertex -5.96964 -45.0314 4.47269
    endloop
  endfacet
  facet normal 0.659341 0 -0.751844
    outer loop
      vertex -5.96964 -30.3494 4.47269
      vertex -6.07782 -45.0314 4.37782
      vertex -6.07782 -30.3494 4.37782
    endloop
  endfacet
  facet normal 0.659341 0 -0.751844
    outer loop
      vertex -6.07782 50.8333 4.37782
      vertex -5.96964 65.5152 4.47269
      vertex -5.96964 50.8333 4.47269
    endloop
  endfacet
  facet normal 0.659341 0 -0.751844
    outer loop
      vertex -5.96964 65.5152 4.47269
      vertex -6.07782 50.8333 4.37782
      vertex -6.07782 65.5152 4.37782
    endloop
  endfacet
  facet normal 0.659341 0 -0.751844
    outer loop
      vertex -6.07782 -26.5494 4.37782
      vertex -5.96964 47.0333 4.47269
      vertex -5.96964 -26.5494 4.47269
    endloop
  endfacet
  facet normal 0.659341 0 -0.751844
    outer loop
      vertex -5.96964 47.0333 4.47269
      vertex -6.07782 -26.5494 4.37782
      vertex -6.07782 47.0333 4.37782
    endloop
  endfacet
  facet normal 0.831472 0 -0.555566
    outer loop
      vertex -6.17269 -45.0314 4.26964
      vertex -6.25263 -30.3494 4.15
      vertex -6.17269 -30.3494 4.26964
    endloop
  endfacet
  facet normal 0.831472 0 -0.555566
    outer loop
      vertex -6.25263 -30.3494 4.15
      vertex -6.17269 -45.0314 4.26964
      vertex -6.25263 -45.0314 4.15
    endloop
  endfacet
  facet normal 0.831472 0 -0.555566
    outer loop
      vertex -6.17269 50.8333 4.26964
      vertex -6.25263 65.5152 4.15
      vertex -6.17269 65.5152 4.26964
    endloop
  endfacet
  facet normal 0.831472 0 -0.555566
    outer loop
      vertex -6.25263 65.5152 4.15
      vertex -6.17269 50.8333 4.26964
      vertex -6.25263 50.8333 4.15
    endloop
  endfacet
  facet normal 0.831472 0 -0.555566
    outer loop
      vertex -6.17269 -26.5494 4.26964
      vertex -6.25263 47.0333 4.15
      vertex -6.17269 47.0333 4.26964
    endloop
  endfacet
  facet normal 0.831472 0 -0.555566
    outer loop
      vertex -6.25263 47.0333 4.15
      vertex -6.17269 -26.5494 4.26964
      vertex -6.25263 -26.5494 4.15
    endloop
  endfacet
  facet normal -0.659341 0 -0.751844
    outer loop
      vertex -4.63036 -45.0314 4.47269
      vertex -4.52218 -30.3494 4.37782
      vertex -4.52218 -45.0314 4.37782
    endloop
  endfacet
  facet normal -0.659341 0 -0.751844
    outer loop
      vertex -4.52218 -30.3494 4.37782
      vertex -4.63036 -45.0314 4.47269
      vertex -4.63036 -30.3494 4.47269
    endloop
  endfacet
  facet normal -0.659341 0 -0.751844
    outer loop
      vertex -4.63036 50.8333 4.47269
      vertex -4.52218 65.5152 4.37782
      vertex -4.52218 50.8333 4.37782
    endloop
  endfacet
  facet normal -0.659341 0 -0.751844
    outer loop
      vertex -4.52218 65.5152 4.37782
      vertex -4.63036 50.8333 4.47269
      vertex -4.63036 65.5152 4.47269
    endloop
  endfacet
  facet normal -0.659341 0 -0.751844
    outer loop
      vertex -4.63036 -26.5494 4.47269
      vertex -4.52218 47.0333 4.37782
      vertex -4.52218 -26.5494 4.37782
    endloop
  endfacet
  facet normal -0.659341 0 -0.751844
    outer loop
      vertex -4.52218 47.0333 4.37782
      vertex -4.63036 -26.5494 4.47269
      vertex -4.63036 47.0333 4.47269
    endloop
  endfacet
  facet normal 0.0653981 0 0.997859
    outer loop
      vertex -5.44358 65.5152 2.50941
      vertex -5.3 50.8333 2.5
      vertex -5.3 65.5152 2.5
    endloop
  endfacet
  facet normal 0.0653981 0 0.997859
    outer loop
      vertex -5.3 50.8333 2.5
      vertex -5.44358 65.5152 2.50941
      vertex -5.44358 50.8333 2.50941
    endloop
  endfacet
  facet normal 0.0653981 0 0.997859
    outer loop
      vertex -5.44358 -30.3494 2.50941
      vertex -5.3 -45.0314 2.5
      vertex -5.3 -30.3494 2.5
    endloop
  endfacet
  facet normal 0.0653981 0 0.997859
    outer loop
      vertex -5.3 -45.0314 2.5
      vertex -5.44358 -30.3494 2.50941
      vertex -5.44358 -45.0314 2.50941
    endloop
  endfacet
  facet normal 0.0653981 0 0.997859
    outer loop
      vertex -5.44358 47.0333 2.50941
      vertex -5.3 -26.5494 2.5
      vertex -5.3 47.0333 2.5
    endloop
  endfacet
  facet normal 0.0653981 0 0.997859
    outer loop
      vertex -5.3 -26.5494 2.5
      vertex -5.44358 47.0333 2.50941
      vertex -5.44358 -26.5494 2.50941
    endloop
  endfacet
  facet normal 0.555566 0 -0.831472
    outer loop
      vertex -5.96964 -45.0314 4.47269
      vertex -5.85 -30.3494 4.55263
      vertex -5.85 -45.0314 4.55263
    endloop
  endfacet
  facet normal 0.555566 0 -0.831472
    outer loop
      vertex -5.85 -30.3494 4.55263
      vertex -5.96964 -45.0314 4.47269
      vertex -5.96964 -30.3494 4.47269
    endloop
  endfacet
  facet normal 0.555566 0 -0.831472
    outer loop
      vertex -5.96964 50.8333 4.47269
      vertex -5.85 65.5152 4.55263
      vertex -5.85 50.8333 4.55263
    endloop
  endfacet
  facet normal 0.555566 0 -0.831472
    outer loop
      vertex -5.85 65.5152 4.55263
      vertex -5.96964 50.8333 4.47269
      vertex -5.96964 65.5152 4.47269
    endloop
  endfacet
  facet normal 0.555566 0 -0.831472
    outer loop
      vertex -5.96964 -26.5494 4.47269
      vertex -5.85 47.0333 4.55263
      vertex -5.85 -26.5494 4.55263
    endloop
  endfacet
  facet normal 0.555566 0 -0.831472
    outer loop
      vertex -5.85 47.0333 4.55263
      vertex -5.96964 -26.5494 4.47269
      vertex -5.96964 47.0333 4.47269
    endloop
  endfacet
  facet normal -0.555566 0 0.831472
    outer loop
      vertex -4.75 -30.3494 2.64737
      vertex -4.63036 -45.0314 2.72731
      vertex -4.63036 -30.3494 2.72731
    endloop
  endfacet
  facet normal -0.555566 0 0.831472
    outer loop
      vertex -4.63036 -45.0314 2.72731
      vertex -4.75 -30.3494 2.64737
      vertex -4.75 -45.0314 2.64737
    endloop
  endfacet
  facet normal -0.555566 0 0.831472
    outer loop
      vertex -4.75 65.5152 2.64737
      vertex -4.63036 50.8333 2.72731
      vertex -4.63036 65.5152 2.72731
    endloop
  endfacet
  facet normal -0.555566 0 0.831472
    outer loop
      vertex -4.63036 50.8333 2.72731
      vertex -4.75 65.5152 2.64737
      vertex -4.75 50.8333 2.64737
    endloop
  endfacet
  facet normal -0.555566 0 0.831472
    outer loop
      vertex -4.75 47.0333 2.64737
      vertex -4.63036 -26.5494 2.72731
      vertex -4.63036 47.0333 2.72731
    endloop
  endfacet
  facet normal -0.555566 0 0.831472
    outer loop
      vertex -4.63036 -26.5494 2.72731
      vertex -4.75 47.0333 2.64737
      vertex -4.75 -26.5494 2.64737
    endloop
  endfacet
  facet normal -0.946931 0 -0.321435
    outer loop
      vertex -4.23748 -45.0314 3.8847
      vertex -4.28373 -30.3494 4.02095
      vertex -4.23748 -30.3494 3.8847
    endloop
  endfacet
  facet normal -0.946931 -0 -0.321435
    outer loop
      vertex -4.28373 -30.3494 4.02095
      vertex -4.23748 -45.0314 3.8847
      vertex -4.28373 -45.0314 4.02095
    endloop
  endfacet
  facet normal -0.946931 0 -0.321435
    outer loop
      vertex -4.23748 50.8333 3.8847
      vertex -4.28373 65.5152 4.02095
      vertex -4.23748 65.5152 3.8847
    endloop
  endfacet
  facet normal -0.946931 -0 -0.321435
    outer loop
      vertex -4.28373 65.5152 4.02095
      vertex -4.23748 50.8333 3.8847
      vertex -4.28373 50.8333 4.02095
    endloop
  endfacet
  facet normal -0.946931 0 -0.321435
    outer loop
      vertex -4.23748 -26.5494 3.8847
      vertex -4.28373 47.0333 4.02095
      vertex -4.23748 47.0333 3.8847
    endloop
  endfacet
  facet normal -0.946931 -0 -0.321435
    outer loop
      vertex -4.28373 47.0333 4.02095
      vertex -4.23748 -26.5494 3.8847
      vertex -4.28373 -26.5494 4.02095
    endloop
  endfacet
  facet normal -0.751844 0 0.659341
    outer loop
      vertex -4.52218 -45.0314 2.82218
      vertex -4.42731 -30.3494 2.93036
      vertex -4.52218 -30.3494 2.82218
    endloop
  endfacet
  facet normal -0.751844 0 0.659341
    outer loop
      vertex -4.42731 -30.3494 2.93036
      vertex -4.52218 -45.0314 2.82218
      vertex -4.42731 -45.0314 2.93036
    endloop
  endfacet
  facet normal -0.751844 0 0.659341
    outer loop
      vertex -4.52218 50.8333 2.82218
      vertex -4.42731 65.5152 2.93036
      vertex -4.52218 65.5152 2.82218
    endloop
  endfacet
  facet normal -0.751844 0 0.659341
    outer loop
      vertex -4.42731 65.5152 2.93036
      vertex -4.52218 50.8333 2.82218
      vertex -4.42731 50.8333 2.93036
    endloop
  endfacet
  facet normal -0.751844 0 0.659341
    outer loop
      vertex -4.52218 -26.5494 2.82218
      vertex -4.42731 47.0333 2.93036
      vertex -4.52218 47.0333 2.82218
    endloop
  endfacet
  facet normal -0.751844 0 0.659341
    outer loop
      vertex -4.42731 47.0333 2.93036
      vertex -4.52218 -26.5494 2.82218
      vertex -4.42731 -26.5494 2.93036
    endloop
  endfacet
  facet normal -0.896874 0 -0.442286
    outer loop
      vertex -4.28373 -45.0314 4.02095
      vertex -4.34737 -30.3494 4.15
      vertex -4.28373 -30.3494 4.02095
    endloop
  endfacet
  facet normal -0.896874 -0 -0.442286
    outer loop
      vertex -4.34737 -30.3494 4.15
      vertex -4.28373 -45.0314 4.02095
      vertex -4.34737 -45.0314 4.15
    endloop
  endfacet
  facet normal -0.896874 0 -0.442286
    outer loop
      vertex -4.28373 50.8333 4.02095
      vertex -4.34737 65.5152 4.15
      vertex -4.28373 65.5152 4.02095
    endloop
  endfacet
  facet normal -0.896874 -0 -0.442286
    outer loop
      vertex -4.34737 65.5152 4.15
      vertex -4.28373 50.8333 4.02095
      vertex -4.34737 50.8333 4.15
    endloop
  endfacet
  facet normal -0.896874 0 -0.442286
    outer loop
      vertex -4.28373 -26.5494 4.02095
      vertex -4.34737 47.0333 4.15
      vertex -4.28373 47.0333 4.02095
    endloop
  endfacet
  facet normal -0.896874 -0 -0.442286
    outer loop
      vertex -4.34737 47.0333 4.15
      vertex -4.28373 -26.5494 4.02095
      vertex -4.34737 -26.5494 4.15
    endloop
  endfacet
  facet normal 0.980786 -0 0.195087
    outer loop
      vertex -6.39059 -45.0314 3.45642
      vertex -6.36252 -30.3494 3.3153
      vertex -6.39059 -30.3494 3.45642
    endloop
  endfacet
  facet normal 0.980786 0 0.195087
    outer loop
      vertex -6.36252 -30.3494 3.3153
      vertex -6.39059 -45.0314 3.45642
      vertex -6.36252 -45.0314 3.3153
    endloop
  endfacet
  facet normal 0.980786 -0 0.195087
    outer loop
      vertex -6.39059 50.8333 3.45642
      vertex -6.36252 65.5152 3.3153
      vertex -6.39059 65.5152 3.45642
    endloop
  endfacet
  facet normal 0.980786 0 0.195087
    outer loop
      vertex -6.36252 65.5152 3.3153
      vertex -6.39059 50.8333 3.45642
      vertex -6.36252 50.8333 3.3153
    endloop
  endfacet
  facet normal 0.980786 -0 0.195087
    outer loop
      vertex -6.39059 -26.5494 3.45642
      vertex -6.36252 47.0333 3.3153
      vertex -6.39059 47.0333 3.45642
    endloop
  endfacet
  facet normal 0.980786 0 0.195087
    outer loop
      vertex -6.36252 47.0333 3.3153
      vertex -6.39059 -26.5494 3.45642
      vertex -6.36252 -26.5494 3.3153
    endloop
  endfacet
  facet normal 0.442286 0 -0.896874
    outer loop
      vertex -5.85 -45.0314 4.55263
      vertex -5.72095 -30.3494 4.61627
      vertex -5.72095 -45.0314 4.61627
    endloop
  endfacet
  facet normal 0.442286 0 -0.896874
    outer loop
      vertex -5.72095 -30.3494 4.61627
      vertex -5.85 -45.0314 4.55263
      vertex -5.85 -30.3494 4.55263
    endloop
  endfacet
  facet normal 0.442286 0 -0.896874
    outer loop
      vertex -5.85 50.8333 4.55263
      vertex -5.72095 65.5152 4.61627
      vertex -5.72095 50.8333 4.61627
    endloop
  endfacet
  facet normal 0.442286 0 -0.896874
    outer loop
      vertex -5.72095 65.5152 4.61627
      vertex -5.85 50.8333 4.55263
      vertex -5.85 65.5152 4.55263
    endloop
  endfacet
  facet normal 0.442286 0 -0.896874
    outer loop
      vertex -5.85 -26.5494 4.55263
      vertex -5.72095 47.0333 4.61627
      vertex -5.72095 -26.5494 4.61627
    endloop
  endfacet
  facet normal 0.442286 0 -0.896874
    outer loop
      vertex -5.72095 47.0333 4.61627
      vertex -5.85 -26.5494 4.55263
      vertex -5.85 47.0333 4.55263
    endloop
  endfacet
  facet normal 0.896874 -0 0.442286
    outer loop
      vertex -6.31627 -45.0314 3.17905
      vertex -6.25263 -30.3494 3.05
      vertex -6.31627 -30.3494 3.17905
    endloop
  endfacet
  facet normal 0.896874 0 0.442286
    outer loop
      vertex -6.25263 -30.3494 3.05
      vertex -6.31627 -45.0314 3.17905
      vertex -6.25263 -45.0314 3.05
    endloop
  endfacet
  facet normal 0.896874 -0 0.442286
    outer loop
      vertex -6.31627 50.8333 3.17905
      vertex -6.25263 65.5152 3.05
      vertex -6.31627 65.5152 3.17905
    endloop
  endfacet
  facet normal 0.896874 0 0.442286
    outer loop
      vertex -6.25263 65.5152 3.05
      vertex -6.31627 50.8333 3.17905
      vertex -6.25263 50.8333 3.05
    endloop
  endfacet
  facet normal 0.896874 -0 0.442286
    outer loop
      vertex -6.31627 -26.5494 3.17905
      vertex -6.25263 47.0333 3.05
      vertex -6.31627 47.0333 3.17905
    endloop
  endfacet
  facet normal 0.896874 0 0.442286
    outer loop
      vertex -6.25263 47.0333 3.05
      vertex -6.31627 -26.5494 3.17905
      vertex -6.25263 -26.5494 3.05
    endloop
  endfacet
  facet normal 0.946931 0 -0.321435
    outer loop
      vertex -6.31627 -45.0314 4.02095
      vertex -6.36252 -30.3494 3.8847
      vertex -6.31627 -30.3494 4.02095
    endloop
  endfacet
  facet normal 0.946931 0 -0.321435
    outer loop
      vertex -6.36252 -30.3494 3.8847
      vertex -6.31627 -45.0314 4.02095
      vertex -6.36252 -45.0314 3.8847
    endloop
  endfacet
  facet normal 0.946931 0 -0.321435
    outer loop
      vertex -6.31627 50.8333 4.02095
      vertex -6.36252 65.5152 3.8847
      vertex -6.31627 65.5152 4.02095
    endloop
  endfacet
  facet normal 0.946931 0 -0.321435
    outer loop
      vertex -6.36252 65.5152 3.8847
      vertex -6.31627 50.8333 4.02095
      vertex -6.36252 50.8333 3.8847
    endloop
  endfacet
  facet normal 0.946931 0 -0.321435
    outer loop
      vertex -6.31627 -26.5494 4.02095
      vertex -6.36252 47.0333 3.8847
      vertex -6.31627 47.0333 4.02095
    endloop
  endfacet
  facet normal 0.946931 0 -0.321435
    outer loop
      vertex -6.36252 47.0333 3.8847
      vertex -6.31627 -26.5494 4.02095
      vertex -6.36252 -26.5494 3.8847
    endloop
  endfacet
  facet normal -0.980786 0 0.195087
    outer loop
      vertex -4.23748 -45.0314 3.3153
      vertex -4.20941 -30.3494 3.45642
      vertex -4.23748 -30.3494 3.3153
    endloop
  endfacet
  facet normal -0.980786 0 0.195087
    outer loop
      vertex -4.20941 -30.3494 3.45642
      vertex -4.23748 -45.0314 3.3153
      vertex -4.20941 -45.0314 3.45642
    endloop
  endfacet
  facet normal -0.980786 0 0.195087
    outer loop
      vertex -4.23748 50.8333 3.3153
      vertex -4.20941 65.5152 3.45642
      vertex -4.23748 65.5152 3.3153
    endloop
  endfacet
  facet normal -0.980786 0 0.195087
    outer loop
      vertex -4.20941 65.5152 3.45642
      vertex -4.23748 50.8333 3.3153
      vertex -4.20941 50.8333 3.45642
    endloop
  endfacet
  facet normal -0.980786 0 0.195087
    outer loop
      vertex -4.23748 -26.5494 3.3153
      vertex -4.20941 47.0333 3.45642
      vertex -4.23748 47.0333 3.3153
    endloop
  endfacet
  facet normal -0.980786 0 0.195087
    outer loop
      vertex -4.20941 47.0333 3.45642
      vertex -4.23748 -26.5494 3.3153
      vertex -4.20941 -26.5494 3.45642
    endloop
  endfacet
  facet normal -0.0653981 0 -0.997859
    outer loop
      vertex -5.3 50.8333 4.7
      vertex -5.15642 65.5152 4.69059
      vertex -5.15642 50.8333 4.69059
    endloop
  endfacet
  facet normal -0.0653981 0 -0.997859
    outer loop
      vertex -5.15642 65.5152 4.69059
      vertex -5.3 50.8333 4.7
      vertex -5.3 65.5152 4.7
    endloop
  endfacet
  facet normal -0.0653981 0 -0.997859
    outer loop
      vertex -5.3 -45.0314 4.7
      vertex -5.15642 -30.3494 4.69059
      vertex -5.15642 -45.0314 4.69059
    endloop
  endfacet
  facet normal -0.0653981 0 -0.997859
    outer loop
      vertex -5.15642 -30.3494 4.69059
      vertex -5.3 -45.0314 4.7
      vertex -5.3 -30.3494 4.7
    endloop
  endfacet
  facet normal -0.0653981 0 -0.997859
    outer loop
      vertex -5.3 -26.5494 4.7
      vertex -5.15642 47.0333 4.69059
      vertex -5.15642 -26.5494 4.69059
    endloop
  endfacet
  facet normal -0.0653981 0 -0.997859
    outer loop
      vertex -5.15642 47.0333 4.69059
      vertex -5.3 -26.5494 4.7
      vertex -5.3 47.0333 4.7
    endloop
  endfacet
  facet normal 0.831472 -0 0.555566
    outer loop
      vertex -6.25263 -45.0314 3.05
      vertex -6.17269 -30.3494 2.93036
      vertex -6.25263 -30.3494 3.05
    endloop
  endfacet
  facet normal 0.831472 0 0.555566
    outer loop
      vertex -6.17269 -30.3494 2.93036
      vertex -6.25263 -45.0314 3.05
      vertex -6.17269 -45.0314 2.93036
    endloop
  endfacet
  facet normal 0.831472 -0 0.555566
    outer loop
      vertex -6.25263 50.8333 3.05
      vertex -6.17269 65.5152 2.93036
      vertex -6.25263 65.5152 3.05
    endloop
  endfacet
  facet normal 0.831472 0 0.555566
    outer loop
      vertex -6.17269 65.5152 2.93036
      vertex -6.25263 50.8333 3.05
      vertex -6.17269 50.8333 2.93036
    endloop
  endfacet
  facet normal 0.831472 -0 0.555566
    outer loop
      vertex -6.25263 -26.5494 3.05
      vertex -6.17269 47.0333 2.93036
      vertex -6.25263 47.0333 3.05
    endloop
  endfacet
  facet normal 0.831472 0 0.555566
    outer loop
      vertex -6.17269 47.0333 2.93036
      vertex -6.25263 -26.5494 3.05
      vertex -6.17269 -26.5494 2.93036
    endloop
  endfacet
  facet normal -0.896874 0 0.442286
    outer loop
      vertex -4.34737 -45.0314 3.05
      vertex -4.28373 -30.3494 3.17905
      vertex -4.34737 -30.3494 3.05
    endloop
  endfacet
  facet normal -0.896874 0 0.442286
    outer loop
      vertex -4.28373 -30.3494 3.17905
      vertex -4.34737 -45.0314 3.05
      vertex -4.28373 -45.0314 3.17905
    endloop
  endfacet
  facet normal -0.896874 0 0.442286
    outer loop
      vertex -4.34737 50.8333 3.05
      vertex -4.28373 65.5152 3.17905
      vertex -4.34737 65.5152 3.05
    endloop
  endfacet
  facet normal -0.896874 0 0.442286
    outer loop
      vertex -4.28373 65.5152 3.17905
      vertex -4.34737 50.8333 3.05
      vertex -4.28373 50.8333 3.17905
    endloop
  endfacet
  facet normal -0.896874 0 0.442286
    outer loop
      vertex -4.34737 -26.5494 3.05
      vertex -4.28373 47.0333 3.17905
      vertex -4.34737 47.0333 3.05
    endloop
  endfacet
  facet normal -0.896874 0 0.442286
    outer loop
      vertex -4.28373 47.0333 3.17905
      vertex -4.34737 -26.5494 3.05
      vertex -4.28373 -26.5494 3.17905
    endloop
  endfacet
  facet normal -0.997859 0 0.0653981
    outer loop
      vertex -4.20941 -45.0314 3.45642
      vertex -4.2 -30.3494 3.6
      vertex -4.20941 -30.3494 3.45642
    endloop
  endfacet
  facet normal -0.997859 0 0.0653981
    outer loop
      vertex -4.2 -30.3494 3.6
      vertex -4.20941 -45.0314 3.45642
      vertex -4.2 -45.0314 3.6
    endloop
  endfacet
  facet normal -0.997859 0 0.0653981
    outer loop
      vertex -4.20941 50.8333 3.45642
      vertex -4.2 65.5152 3.6
      vertex -4.20941 65.5152 3.45642
    endloop
  endfacet
  facet normal -0.997859 0 0.0653981
    outer loop
      vertex -4.2 65.5152 3.6
      vertex -4.20941 50.8333 3.45642
      vertex -4.2 50.8333 3.6
    endloop
  endfacet
  facet normal -0.997859 0 0.0653981
    outer loop
      vertex -4.20941 -26.5494 3.45642
      vertex -4.2 47.0333 3.6
      vertex -4.20941 47.0333 3.45642
    endloop
  endfacet
  facet normal -0.997859 0 0.0653981
    outer loop
      vertex -4.2 47.0333 3.6
      vertex -4.20941 -26.5494 3.45642
      vertex -4.2 -26.5494 3.6
    endloop
  endfacet
  facet normal -0.321435 0 -0.946931
    outer loop
      vertex -5.0153 50.8333 4.66252
      vertex -4.87905 65.5152 4.61627
      vertex -4.87905 50.8333 4.61627
    endloop
  endfacet
  facet normal -0.321435 0 -0.946931
    outer loop
      vertex -4.87905 65.5152 4.61627
      vertex -5.0153 50.8333 4.66252
      vertex -5.0153 65.5152 4.66252
    endloop
  endfacet
  facet normal -0.321435 0 -0.946931
    outer loop
      vertex -5.0153 -45.0314 4.66252
      vertex -4.87905 -30.3494 4.61627
      vertex -4.87905 -45.0314 4.61627
    endloop
  endfacet
  facet normal -0.321435 0 -0.946931
    outer loop
      vertex -4.87905 -30.3494 4.61627
      vertex -5.0153 -45.0314 4.66252
      vertex -5.0153 -30.3494 4.66252
    endloop
  endfacet
  facet normal -0.321435 0 -0.946931
    outer loop
      vertex -5.0153 -26.5494 4.66252
      vertex -4.87905 47.0333 4.61627
      vertex -4.87905 -26.5494 4.61627
    endloop
  endfacet
  facet normal -0.321435 0 -0.946931
    outer loop
      vertex -4.87905 47.0333 4.61627
      vertex -5.0153 -26.5494 4.66252
      vertex -5.0153 47.0333 4.66252
    endloop
  endfacet
  facet normal -0.195087 0 0.980786
    outer loop
      vertex -5.15642 -30.3494 2.50941
      vertex -5.0153 -45.0314 2.53748
      vertex -5.0153 -30.3494 2.53748
    endloop
  endfacet
  facet normal -0.195087 0 0.980786
    outer loop
      vertex -5.0153 -45.0314 2.53748
      vertex -5.15642 -30.3494 2.50941
      vertex -5.15642 -45.0314 2.50941
    endloop
  endfacet
  facet normal -0.195087 0 0.980786
    outer loop
      vertex -5.15642 65.5152 2.50941
      vertex -5.0153 50.8333 2.53748
      vertex -5.0153 65.5152 2.53748
    endloop
  endfacet
  facet normal -0.195087 0 0.980786
    outer loop
      vertex -5.0153 50.8333 2.53748
      vertex -5.15642 65.5152 2.50941
      vertex -5.15642 50.8333 2.50941
    endloop
  endfacet
  facet normal -0.195087 0 0.980786
    outer loop
      vertex -5.15642 47.0333 2.50941
      vertex -5.0153 -26.5494 2.53748
      vertex -5.0153 47.0333 2.53748
    endloop
  endfacet
  facet normal -0.195087 0 0.980786
    outer loop
      vertex -5.0153 -26.5494 2.53748
      vertex -5.15642 47.0333 2.50941
      vertex -5.15642 -26.5494 2.50941
    endloop
  endfacet
  facet normal 0.442286 0 0.896874
    outer loop
      vertex -5.85 -30.3494 2.64737
      vertex -5.72095 -45.0314 2.58373
      vertex -5.72095 -30.3494 2.58373
    endloop
  endfacet
  facet normal 0.442286 0 0.896874
    outer loop
      vertex -5.72095 -45.0314 2.58373
      vertex -5.85 -30.3494 2.64737
      vertex -5.85 -45.0314 2.64737
    endloop
  endfacet
  facet normal 0.442286 0 0.896874
    outer loop
      vertex -5.85 65.5152 2.64737
      vertex -5.72095 50.8333 2.58373
      vertex -5.72095 65.5152 2.58373
    endloop
  endfacet
  facet normal 0.442286 0 0.896874
    outer loop
      vertex -5.72095 50.8333 2.58373
      vertex -5.85 65.5152 2.64737
      vertex -5.85 50.8333 2.64737
    endloop
  endfacet
  facet normal 0.442286 0 0.896874
    outer loop
      vertex -5.85 47.0333 2.64737
      vertex -5.72095 -26.5494 2.58373
      vertex -5.72095 47.0333 2.58373
    endloop
  endfacet
  facet normal 0.442286 0 0.896874
    outer loop
      vertex -5.72095 -26.5494 2.58373
      vertex -5.85 47.0333 2.64737
      vertex -5.85 -26.5494 2.64737
    endloop
  endfacet
  facet normal 0.751844 -0 0.659341
    outer loop
      vertex -6.17269 -45.0314 2.93036
      vertex -6.07782 -30.3494 2.82218
      vertex -6.17269 -30.3494 2.93036
    endloop
  endfacet
  facet normal 0.751844 0 0.659341
    outer loop
      vertex -6.07782 -30.3494 2.82218
      vertex -6.17269 -45.0314 2.93036
      vertex -6.07782 -45.0314 2.82218
    endloop
  endfacet
  facet normal 0.751844 -0 0.659341
    outer loop
      vertex -6.17269 50.8333 2.93036
      vertex -6.07782 65.5152 2.82218
      vertex -6.17269 65.5152 2.93036
    endloop
  endfacet
  facet normal 0.751844 0 0.659341
    outer loop
      vertex -6.07782 65.5152 2.82218
      vertex -6.17269 50.8333 2.93036
      vertex -6.07782 50.8333 2.82218
    endloop
  endfacet
  facet normal 0.751844 -0 0.659341
    outer loop
      vertex -6.17269 -26.5494 2.93036
      vertex -6.07782 47.0333 2.82218
      vertex -6.17269 47.0333 2.93036
    endloop
  endfacet
  facet normal 0.751844 0 0.659341
    outer loop
      vertex -6.07782 47.0333 2.82218
      vertex -6.17269 -26.5494 2.93036
      vertex -6.07782 -26.5494 2.82218
    endloop
  endfacet
  facet normal -0.442286 0 0.896874
    outer loop
      vertex -4.87905 -30.3494 2.58373
      vertex -4.75 -45.0314 2.64737
      vertex -4.75 -30.3494 2.64737
    endloop
  endfacet
  facet normal -0.442286 0 0.896874
    outer loop
      vertex -4.75 -45.0314 2.64737
      vertex -4.87905 -30.3494 2.58373
      vertex -4.87905 -45.0314 2.58373
    endloop
  endfacet
  facet normal -0.442286 0 0.896874
    outer loop
      vertex -4.87905 65.5152 2.58373
      vertex -4.75 50.8333 2.64737
      vertex -4.75 65.5152 2.64737
    endloop
  endfacet
  facet normal -0.442286 0 0.896874
    outer loop
      vertex -4.75 50.8333 2.64737
      vertex -4.87905 65.5152 2.58373
      vertex -4.87905 50.8333 2.58373
    endloop
  endfacet
  facet normal -0.442286 0 0.896874
    outer loop
      vertex -4.87905 47.0333 2.58373
      vertex -4.75 -26.5494 2.64737
      vertex -4.75 47.0333 2.64737
    endloop
  endfacet
  facet normal -0.442286 0 0.896874
    outer loop
      vertex -4.75 -26.5494 2.64737
      vertex -4.87905 47.0333 2.58373
      vertex -4.87905 -26.5494 2.58373
    endloop
  endfacet
  facet normal 0.321435 0 0.946931
    outer loop
      vertex -5.72095 -30.3494 2.58373
      vertex -5.5847 -45.0314 2.53748
      vertex -5.5847 -30.3494 2.53748
    endloop
  endfacet
  facet normal 0.321435 0 0.946931
    outer loop
      vertex -5.5847 -45.0314 2.53748
      vertex -5.72095 -30.3494 2.58373
      vertex -5.72095 -45.0314 2.58373
    endloop
  endfacet
  facet normal 0.321435 0 0.946931
    outer loop
      vertex -5.72095 65.5152 2.58373
      vertex -5.5847 50.8333 2.53748
      vertex -5.5847 65.5152 2.53748
    endloop
  endfacet
  facet normal 0.321435 0 0.946931
    outer loop
      vertex -5.5847 50.8333 2.53748
      vertex -5.72095 65.5152 2.58373
      vertex -5.72095 50.8333 2.58373
    endloop
  endfacet
  facet normal 0.321435 0 0.946931
    outer loop
      vertex -5.72095 47.0333 2.58373
      vertex -5.5847 -26.5494 2.53748
      vertex -5.5847 47.0333 2.53748
    endloop
  endfacet
  facet normal 0.321435 0 0.946931
    outer loop
      vertex -5.5847 -26.5494 2.53748
      vertex -5.72095 47.0333 2.58373
      vertex -5.72095 -26.5494 2.58373
    endloop
  endfacet
  facet normal 0.321435 0 -0.946931
    outer loop
      vertex -5.72095 50.8333 4.61627
      vertex -5.5847 65.5152 4.66252
      vertex -5.5847 50.8333 4.66252
    endloop
  endfacet
  facet normal 0.321435 0 -0.946931
    outer loop
      vertex -5.5847 65.5152 4.66252
      vertex -5.72095 50.8333 4.61627
      vertex -5.72095 65.5152 4.61627
    endloop
  endfacet
  facet normal 0.321435 0 -0.946931
    outer loop
      vertex -5.72095 -45.0314 4.61627
      vertex -5.5847 -30.3494 4.66252
      vertex -5.5847 -45.0314 4.66252
    endloop
  endfacet
  facet normal 0.321435 0 -0.946931
    outer loop
      vertex -5.5847 -30.3494 4.66252
      vertex -5.72095 -45.0314 4.61627
      vertex -5.72095 -30.3494 4.61627
    endloop
  endfacet
  facet normal 0.321435 0 -0.946931
    outer loop
      vertex -5.72095 -26.5494 4.61627
      vertex -5.5847 47.0333 4.66252
      vertex -5.5847 -26.5494 4.66252
    endloop
  endfacet
  facet normal 0.321435 0 -0.946931
    outer loop
      vertex -5.5847 47.0333 4.66252
      vertex -5.72095 -26.5494 4.61627
      vertex -5.72095 47.0333 4.61627
    endloop
  endfacet
  facet normal -0.195087 0 -0.980786
    outer loop
      vertex -5.15642 50.8333 4.69059
      vertex -5.0153 65.5152 4.66252
      vertex -5.0153 50.8333 4.66252
    endloop
  endfacet
  facet normal -0.195087 0 -0.980786
    outer loop
      vertex -5.0153 65.5152 4.66252
      vertex -5.15642 50.8333 4.69059
      vertex -5.15642 65.5152 4.69059
    endloop
  endfacet
  facet normal -0.195087 0 -0.980786
    outer loop
      vertex -5.15642 -45.0314 4.69059
      vertex -5.0153 -30.3494 4.66252
      vertex -5.0153 -45.0314 4.66252
    endloop
  endfacet
  facet normal -0.195087 0 -0.980786
    outer loop
      vertex -5.0153 -30.3494 4.66252
      vertex -5.15642 -45.0314 4.69059
      vertex -5.15642 -30.3494 4.69059
    endloop
  endfacet
  facet normal -0.195087 0 -0.980786
    outer loop
      vertex -5.15642 -26.5494 4.69059
      vertex -5.0153 47.0333 4.66252
      vertex -5.0153 -26.5494 4.66252
    endloop
  endfacet
  facet normal -0.195087 0 -0.980786
    outer loop
      vertex -5.0153 47.0333 4.66252
      vertex -5.15642 -26.5494 4.69059
      vertex -5.15642 47.0333 4.69059
    endloop
  endfacet
  facet normal -0.555566 0 -0.831472
    outer loop
      vertex -4.75 -45.0314 4.55263
      vertex -4.63036 -30.3494 4.47269
      vertex -4.63036 -45.0314 4.47269
    endloop
  endfacet
  facet normal -0.555566 0 -0.831472
    outer loop
      vertex -4.63036 -30.3494 4.47269
      vertex -4.75 -45.0314 4.55263
      vertex -4.75 -30.3494 4.55263
    endloop
  endfacet
  facet normal -0.555566 0 -0.831472
    outer loop
      vertex -4.75 50.8333 4.55263
      vertex -4.63036 65.5152 4.47269
      vertex -4.63036 50.8333 4.47269
    endloop
  endfacet
  facet normal -0.555566 0 -0.831472
    outer loop
      vertex -4.63036 65.5152 4.47269
      vertex -4.75 50.8333 4.55263
      vertex -4.75 65.5152 4.55263
    endloop
  endfacet
  facet normal -0.555566 0 -0.831472
    outer loop
      vertex -4.75 -26.5494 4.55263
      vertex -4.63036 47.0333 4.47269
      vertex -4.63036 -26.5494 4.47269
    endloop
  endfacet
  facet normal -0.555566 0 -0.831472
    outer loop
      vertex -4.63036 47.0333 4.47269
      vertex -4.75 -26.5494 4.55263
      vertex -4.75 47.0333 4.55263
    endloop
  endfacet
  facet normal -0.0653981 0 0.997859
    outer loop
      vertex -5.3 65.5152 2.5
      vertex -5.15642 50.8333 2.50941
      vertex -5.15642 65.5152 2.50941
    endloop
  endfacet
  facet normal -0.0653981 0 0.997859
    outer loop
      vertex -5.15642 50.8333 2.50941
      vertex -5.3 65.5152 2.5
      vertex -5.3 50.8333 2.5
    endloop
  endfacet
  facet normal -0.0653981 0 0.997859
    outer loop
      vertex -5.3 -30.3494 2.5
      vertex -5.15642 -45.0314 2.50941
      vertex -5.15642 -30.3494 2.50941
    endloop
  endfacet
  facet normal -0.0653981 0 0.997859
    outer loop
      vertex -5.15642 -45.0314 2.50941
      vertex -5.3 -30.3494 2.5
      vertex -5.3 -45.0314 2.5
    endloop
  endfacet
  facet normal -0.0653981 0 0.997859
    outer loop
      vertex -5.3 47.0333 2.5
      vertex -5.15642 -26.5494 2.50941
      vertex -5.15642 47.0333 2.50941
    endloop
  endfacet
  facet normal -0.0653981 0 0.997859
    outer loop
      vertex -5.15642 -26.5494 2.50941
      vertex -5.3 47.0333 2.5
      vertex -5.3 -26.5494 2.5
    endloop
  endfacet
  facet normal -0.659341 0 0.751844
    outer loop
      vertex -4.63036 -30.3494 2.72731
      vertex -4.52218 -45.0314 2.82218
      vertex -4.52218 -30.3494 2.82218
    endloop
  endfacet
  facet normal -0.659341 0 0.751844
    outer loop
      vertex -4.52218 -45.0314 2.82218
      vertex -4.63036 -30.3494 2.72731
      vertex -4.63036 -45.0314 2.72731
    endloop
  endfacet
  facet normal -0.659341 0 0.751844
    outer loop
      vertex -4.63036 65.5152 2.72731
      vertex -4.52218 50.8333 2.82218
      vertex -4.52218 65.5152 2.82218
    endloop
  endfacet
  facet normal -0.659341 0 0.751844
    outer loop
      vertex -4.52218 50.8333 2.82218
      vertex -4.63036 65.5152 2.72731
      vertex -4.63036 50.8333 2.72731
    endloop
  endfacet
  facet normal -0.659341 0 0.751844
    outer loop
      vertex -4.63036 47.0333 2.72731
      vertex -4.52218 -26.5494 2.82218
      vertex -4.52218 47.0333 2.82218
    endloop
  endfacet
  facet normal -0.659341 0 0.751844
    outer loop
      vertex -4.52218 -26.5494 2.82218
      vertex -4.63036 47.0333 2.72731
      vertex -4.63036 -26.5494 2.72731
    endloop
  endfacet
  facet normal 0.659341 0 0.751844
    outer loop
      vertex -6.07782 -30.3494 2.82218
      vertex -5.96964 -45.0314 2.72731
      vertex -5.96964 -30.3494 2.72731
    endloop
  endfacet
  facet normal 0.659341 0 0.751844
    outer loop
      vertex -5.96964 -45.0314 2.72731
      vertex -6.07782 -30.3494 2.82218
      vertex -6.07782 -45.0314 2.82218
    endloop
  endfacet
  facet normal 0.659341 0 0.751844
    outer loop
      vertex -6.07782 65.5152 2.82218
      vertex -5.96964 50.8333 2.72731
      vertex -5.96964 65.5152 2.72731
    endloop
  endfacet
  facet normal 0.659341 0 0.751844
    outer loop
      vertex -5.96964 50.8333 2.72731
      vertex -6.07782 65.5152 2.82218
      vertex -6.07782 50.8333 2.82218
    endloop
  endfacet
  facet normal 0.659341 0 0.751844
    outer loop
      vertex -6.07782 47.0333 2.82218
      vertex -5.96964 -26.5494 2.72731
      vertex -5.96964 47.0333 2.72731
    endloop
  endfacet
  facet normal 0.659341 0 0.751844
    outer loop
      vertex -5.96964 -26.5494 2.72731
      vertex -6.07782 47.0333 2.82218
      vertex -6.07782 -26.5494 2.82218
    endloop
  endfacet
  facet normal 0.997859 -0 0.0653981
    outer loop
      vertex -6.4 -45.0314 3.6
      vertex -6.39059 -30.3494 3.45642
      vertex -6.4 -30.3494 3.6
    endloop
  endfacet
  facet normal 0.997859 0 0.0653981
    outer loop
      vertex -6.39059 -30.3494 3.45642
      vertex -6.4 -45.0314 3.6
      vertex -6.39059 -45.0314 3.45642
    endloop
  endfacet
  facet normal 0.997859 -0 0.0653981
    outer loop
      vertex -6.4 50.8333 3.6
      vertex -6.39059 65.5152 3.45642
      vertex -6.4 65.5152 3.6
    endloop
  endfacet
  facet normal 0.997859 0 0.0653981
    outer loop
      vertex -6.39059 65.5152 3.45642
      vertex -6.4 50.8333 3.6
      vertex -6.39059 50.8333 3.45642
    endloop
  endfacet
  facet normal 0.997859 -0 0.0653981
    outer loop
      vertex -6.4 -26.5494 3.6
      vertex -6.39059 47.0333 3.45642
      vertex -6.4 47.0333 3.6
    endloop
  endfacet
  facet normal 0.997859 0 0.0653981
    outer loop
      vertex -6.39059 47.0333 3.45642
      vertex -6.4 -26.5494 3.6
      vertex -6.39059 -26.5494 3.45642
    endloop
  endfacet
endsolid OpenSCAD_Model
