solid OpenSCAD_Model
  facet normal -0.0656183 0.997845 0
    outer loop
      vertex -4.84337 -26.0367 0
      vertex -5 -26.047 1.4
      vertex -4.84337 -26.0367 1.4
    endloop
  endfacet
  facet normal -0.0656183 0.997845 0
    outer loop
      vertex -5 -26.047 1.4
      vertex -4.84337 -26.0367 0
      vertex -5 -26.047 0
    endloop
  endfacet
  facet normal -0.980801 -0.195014 0
    outer loop
      vertex -3.81027 -24.6904 0
      vertex -3.84089 -24.5364 1.4
      vertex -3.84089 -24.5364 0
    endloop
  endfacet
  facet normal -0.980801 -0.195014 0
    outer loop
      vertex -3.84089 -24.5364 1.4
      vertex -3.81027 -24.6904 0
      vertex -3.81027 -24.6904 1.4
    endloop
  endfacet
  facet normal -0.997856 -0.0654405 0
    outer loop
      vertex -3.8 -24.847 0
      vertex -3.81027 -24.6904 1.4
      vertex -3.81027 -24.6904 0
    endloop
  endfacet
  facet normal -0.997856 -0.0654405 0
    outer loop
      vertex -3.81027 -24.6904 1.4
      vertex -3.8 -24.847 0
      vertex -3.8 -24.847 1.4
    endloop
  endfacet
  facet normal -0.946897 -0.321537 0
    outer loop
      vertex -3.84089 -24.5364 0
      vertex -3.89135 -24.3878 1.4
      vertex -3.89135 -24.3878 0
    endloop
  endfacet
  facet normal -0.946897 -0.321537 0
    outer loop
      vertex -3.89135 -24.3878 1.4
      vertex -3.84089 -24.5364 0
      vertex -3.84089 -24.5364 1.4
    endloop
  endfacet
  facet normal -0.0656183 -0.997845 0
    outer loop
      vertex -5 -23.647 0
      vertex -4.84337 -23.6573 1.4
      vertex -5 -23.647 1.4
    endloop
  endfacet
  facet normal -0.0656183 -0.997845 -0
    outer loop
      vertex -4.84337 -23.6573 1.4
      vertex -5 -23.647 0
      vertex -4.84337 -23.6573 0
    endloop
  endfacet
  facet normal 0.659343 0.751842 -0
    outer loop
      vertex -5.73051 -25.799 0
      vertex -5.84853 -25.6955 1.4
      vertex -5.73051 -25.799 1.4
    endloop
  endfacet
  facet normal 0.659343 0.751842 0
    outer loop
      vertex -5.84853 -25.6955 1.4
      vertex -5.73051 -25.799 0
      vertex -5.84853 -25.6955 0
    endloop
  endfacet
  facet normal 0.997856 0.0654405 0
    outer loop
      vertex -6.18973 -25.0036 1.4
      vertex -6.2 -24.847 0
      vertex -6.2 -24.847 1.4
    endloop
  endfacet
  facet normal 0.997856 0.0654405 0
    outer loop
      vertex -6.2 -24.847 0
      vertex -6.18973 -25.0036 1.4
      vertex -6.18973 -25.0036 0
    endloop
  endfacet
  facet normal 0.659343 -0.751842 0
    outer loop
      vertex -5.84853 -23.9985 0
      vertex -5.73051 -23.895 1.4
      vertex -5.84853 -23.9985 1.4
    endloop
  endfacet
  facet normal 0.659343 -0.751842 0
    outer loop
      vertex -5.73051 -23.895 1.4
      vertex -5.84853 -23.9985 0
      vertex -5.73051 -23.895 0
    endloop
  endfacet
  facet normal -0.751818 -0.65937 0
    outer loop
      vertex -4.04798 -24.1165 0
      vertex -4.15147 -23.9985 1.4
      vertex -4.15147 -23.9985 0
    endloop
  endfacet
  facet normal -0.751818 -0.65937 0
    outer loop
      vertex -4.15147 -23.9985 1.4
      vertex -4.04798 -24.1165 0
      vertex -4.04798 -24.1165 1.4
    endloop
  endfacet
  facet normal -0.997856 0.0654405 0
    outer loop
      vertex -3.81027 -25.0036 0
      vertex -3.8 -24.847 1.4
      vertex -3.8 -24.847 0
    endloop
  endfacet
  facet normal -0.997856 0.0654405 0
    outer loop
      vertex -3.8 -24.847 1.4
      vertex -3.81027 -25.0036 0
      vertex -3.81027 -25.0036 1.4
    endloop
  endfacet
  facet normal -0.442673 -0.896683 0
    outer loop
      vertex -4.54078 -23.7383 0
      vertex -4.4 -23.8078 1.4
      vertex -4.54078 -23.7383 1.4
    endloop
  endfacet
  facet normal -0.442673 -0.896683 -0
    outer loop
      vertex -4.4 -23.8078 1.4
      vertex -4.54078 -23.7383 0
      vertex -4.4 -23.8078 0
    endloop
  endfacet
  facet normal -0.89691 0.442212 0
    outer loop
      vertex -3.96077 -25.447 0
      vertex -3.89135 -25.3062 1.4
      vertex -3.89135 -25.3062 0
    endloop
  endfacet
  facet normal -0.89691 0.442212 0
    outer loop
      vertex -3.89135 -25.3062 1.4
      vertex -3.96077 -25.447 0
      vertex -3.96077 -25.447 1.4
    endloop
  endfacet
  facet normal 0.321688 0.946846 -0
    outer loop
      vertex -5.31058 -26.0061 0
      vertex -5.45922 -25.9556 1.4
      vertex -5.31058 -26.0061 1.4
    endloop
  endfacet
  facet normal 0.321688 0.946846 0
    outer loop
      vertex -5.45922 -25.9556 1.4
      vertex -5.31058 -26.0061 0
      vertex -5.45922 -25.9556 0
    endloop
  endfacet
  facet normal -0.831432 -0.555626 0
    outer loop
      vertex -3.96077 -24.247 0
      vertex -4.04798 -24.1165 1.4
      vertex -4.04798 -24.1165 0
    endloop
  endfacet
  facet normal -0.831432 -0.555626 0
    outer loop
      vertex -4.04798 -24.1165 1.4
      vertex -3.96077 -24.247 0
      vertex -3.96077 -24.247 1.4
    endloop
  endfacet
  facet normal -0.89691 -0.442212 0
    outer loop
      vertex -3.89135 -24.3878 0
      vertex -3.96077 -24.247 1.4
      vertex -3.96077 -24.247 0
    endloop
  endfacet
  facet normal -0.89691 -0.442212 0
    outer loop
      vertex -3.96077 -24.247 1.4
      vertex -3.89135 -24.3878 0
      vertex -3.89135 -24.3878 1.4
    endloop
  endfacet
  facet normal 0.831432 0.555626 0
    outer loop
      vertex -5.95202 -25.5775 1.4
      vertex -6.03923 -25.447 0
      vertex -6.03923 -25.447 1.4
    endloop
  endfacet
  facet normal 0.831432 0.555626 0
    outer loop
      vertex -6.03923 -25.447 0
      vertex -5.95202 -25.5775 1.4
      vertex -5.95202 -25.5775 0
    endloop
  endfacet
  facet normal -0.44216 0.896936 0
    outer loop
      vertex -4.4 -25.8862 0
      vertex -4.54078 -25.9556 1.4
      vertex -4.4 -25.8862 1.4
    endloop
  endfacet
  facet normal -0.44216 0.896936 0
    outer loop
      vertex -4.54078 -25.9556 1.4
      vertex -4.4 -25.8862 0
      vertex -4.54078 -25.9556 0
    endloop
  endfacet
  facet normal 0.997856 -0.0654405 0
    outer loop
      vertex -6.2 -24.847 1.4
      vertex -6.18973 -24.6904 0
      vertex -6.18973 -24.6904 1.4
    endloop
  endfacet
  facet normal 0.997856 -0.0654405 0
    outer loop
      vertex -6.18973 -24.6904 0
      vertex -6.2 -24.847 1.4
      vertex -6.2 -24.847 0
    endloop
  endfacet
  facet normal 0.442673 -0.896683 0
    outer loop
      vertex -5.6 -23.8078 0
      vertex -5.45922 -23.7383 1.4
      vertex -5.6 -23.8078 1.4
    endloop
  endfacet
  facet normal 0.442673 -0.896683 0
    outer loop
      vertex -5.45922 -23.7383 1.4
      vertex -5.6 -23.8078 0
      vertex -5.45922 -23.7383 0
    endloop
  endfacet
  facet normal -0.194952 -0.980813 0
    outer loop
      vertex -4.84337 -23.6573 0
      vertex -4.68942 -23.6879 1.4
      vertex -4.84337 -23.6573 1.4
    endloop
  endfacet
  facet normal -0.194952 -0.980813 -0
    outer loop
      vertex -4.68942 -23.6879 1.4
      vertex -4.84337 -23.6573 0
      vertex -4.68942 -23.6879 0
    endloop
  endfacet
  facet normal 0.751818 -0.65937 0
    outer loop
      vertex -5.95202 -24.1165 1.4
      vertex -5.84853 -23.9985 0
      vertex -5.84853 -23.9985 1.4
    endloop
  endfacet
  facet normal 0.751818 -0.65937 0
    outer loop
      vertex -5.84853 -23.9985 0
      vertex -5.95202 -24.1165 1.4
      vertex -5.95202 -24.1165 0
    endloop
  endfacet
  facet normal -0.946897 0.321537 0
    outer loop
      vertex -3.89135 -25.3062 0
      vertex -3.84089 -25.1576 1.4
      vertex -3.84089 -25.1576 0
    endloop
  endfacet
  facet normal -0.946897 0.321537 0
    outer loop
      vertex -3.84089 -25.1576 1.4
      vertex -3.89135 -25.3062 0
      vertex -3.89135 -25.3062 1.4
    endloop
  endfacet
  facet normal 0.980801 -0.195014 0
    outer loop
      vertex -6.18973 -24.6904 1.4
      vertex -6.15911 -24.5364 0
      vertex -6.15911 -24.5364 1.4
    endloop
  endfacet
  facet normal 0.980801 -0.195014 0
    outer loop
      vertex -6.15911 -24.5364 0
      vertex -6.18973 -24.6904 1.4
      vertex -6.18973 -24.6904 0
    endloop
  endfacet
  facet normal 0.44216 0.896936 -0
    outer loop
      vertex -5.45922 -25.9556 0
      vertex -5.6 -25.8862 1.4
      vertex -5.45922 -25.9556 1.4
    endloop
  endfacet
  facet normal 0.44216 0.896936 0
    outer loop
      vertex -5.6 -25.8862 1.4
      vertex -5.45922 -25.9556 0
      vertex -5.6 -25.8862 0
    endloop
  endfacet
  facet normal 0.555553 -0.831481 0
    outer loop
      vertex -5.73051 -23.895 0
      vertex -5.6 -23.8078 1.4
      vertex -5.73051 -23.895 1.4
    endloop
  endfacet
  facet normal 0.555553 -0.831481 0
    outer loop
      vertex -5.6 -23.8078 1.4
      vertex -5.73051 -23.895 0
      vertex -5.6 -23.8078 0
    endloop
  endfacet
  facet normal -0.659343 0.751842 0
    outer loop
      vertex -4.15147 -25.6955 0
      vertex -4.26949 -25.799 1.4
      vertex -4.15147 -25.6955 1.4
    endloop
  endfacet
  facet normal -0.659343 0.751842 0
    outer loop
      vertex -4.26949 -25.799 1.4
      vertex -4.15147 -25.6955 0
      vertex -4.26949 -25.799 0
    endloop
  endfacet
  facet normal 0.321117 -0.94704 0
    outer loop
      vertex -5.45922 -23.7383 0
      vertex -5.31058 -23.6879 1.4
      vertex -5.45922 -23.7383 1.4
    endloop
  endfacet
  facet normal 0.321117 -0.94704 0
    outer loop
      vertex -5.31058 -23.6879 1.4
      vertex -5.45922 -23.7383 0
      vertex -5.31058 -23.6879 0
    endloop
  endfacet
  facet normal -0.831432 0.555626 0
    outer loop
      vertex -4.04798 -25.5775 0
      vertex -3.96077 -25.447 1.4
      vertex -3.96077 -25.447 0
    endloop
  endfacet
  facet normal -0.831432 0.555626 0
    outer loop
      vertex -3.96077 -25.447 1.4
      vertex -4.04798 -25.5775 0
      vertex -4.04798 -25.5775 1.4
    endloop
  endfacet
  facet normal -0.555553 0.831481 0
    outer loop
      vertex -4.26949 -25.799 0
      vertex -4.4 -25.8862 1.4
      vertex -4.26949 -25.799 1.4
    endloop
  endfacet
  facet normal -0.555553 0.831481 0
    outer loop
      vertex -4.4 -25.8862 1.4
      vertex -4.26949 -25.799 0
      vertex -4.4 -25.8862 0
    endloop
  endfacet
  facet normal -0.751818 0.65937 0
    outer loop
      vertex -4.15147 -25.6955 0
      vertex -4.04798 -25.5775 1.4
      vertex -4.04798 -25.5775 0
    endloop
  endfacet
  facet normal -0.751818 0.65937 0
    outer loop
      vertex -4.04798 -25.5775 1.4
      vertex -4.15147 -25.6955 0
      vertex -4.15147 -25.6955 1.4
    endloop
  endfacet
  facet normal -0.980801 0.195014 0
    outer loop
      vertex -3.84089 -25.1576 0
      vertex -3.81027 -25.0036 1.4
      vertex -3.81027 -25.0036 0
    endloop
  endfacet
  facet normal -0.980801 0.195014 0
    outer loop
      vertex -3.81027 -25.0036 1.4
      vertex -3.84089 -25.1576 0
      vertex -3.84089 -25.1576 1.4
    endloop
  endfacet
  facet normal 0.0656183 -0.997845 0
    outer loop
      vertex -5.15663 -23.6573 0
      vertex -5 -23.647 1.4
      vertex -5.15663 -23.6573 1.4
    endloop
  endfacet
  facet normal 0.0656183 -0.997845 0
    outer loop
      vertex -5 -23.647 1.4
      vertex -5.15663 -23.6573 0
      vertex -5 -23.647 0
    endloop
  endfacet
  facet normal 0.89691 0.442212 0
    outer loop
      vertex -6.03923 -25.447 1.4
      vertex -6.10865 -25.3062 0
      vertex -6.10865 -25.3062 1.4
    endloop
  endfacet
  facet normal 0.89691 0.442212 0
    outer loop
      vertex -6.10865 -25.3062 0
      vertex -6.03923 -25.447 1.4
      vertex -6.03923 -25.447 0
    endloop
  endfacet
  facet normal 0.89691 -0.442212 0
    outer loop
      vertex -6.10865 -24.3878 1.4
      vertex -6.03923 -24.247 0
      vertex -6.03923 -24.247 1.4
    endloop
  endfacet
  facet normal 0.89691 -0.442212 0
    outer loop
      vertex -6.03923 -24.247 0
      vertex -6.10865 -24.3878 1.4
      vertex -6.10865 -24.3878 0
    endloop
  endfacet
  facet normal -0.555553 -0.831481 0
    outer loop
      vertex -4.4 -23.8078 0
      vertex -4.26949 -23.895 1.4
      vertex -4.4 -23.8078 1.4
    endloop
  endfacet
  facet normal -0.555553 -0.831481 -0
    outer loop
      vertex -4.26949 -23.895 1.4
      vertex -4.4 -23.8078 0
      vertex -4.26949 -23.895 0
    endloop
  endfacet
  facet normal 0.980801 0.195014 0
    outer loop
      vertex -6.15911 -25.1576 1.4
      vertex -6.18973 -25.0036 0
      vertex -6.18973 -25.0036 1.4
    endloop
  endfacet
  facet normal 0.980801 0.195014 0
    outer loop
      vertex -6.18973 -25.0036 0
      vertex -6.15911 -25.1576 1.4
      vertex -6.15911 -25.1576 0
    endloop
  endfacet
  facet normal -0.321688 0.946846 0
    outer loop
      vertex -4.54078 -25.9556 0
      vertex -4.68942 -26.0061 1.4
      vertex -4.54078 -25.9556 1.4
    endloop
  endfacet
  facet normal -0.321688 0.946846 0
    outer loop
      vertex -4.68942 -26.0061 1.4
      vertex -4.54078 -25.9556 0
      vertex -4.68942 -26.0061 0
    endloop
  endfacet
  facet normal -0.659343 -0.751842 0
    outer loop
      vertex -4.26949 -23.895 0
      vertex -4.15147 -23.9985 1.4
      vertex -4.26949 -23.895 1.4
    endloop
  endfacet
  facet normal -0.659343 -0.751842 -0
    outer loop
      vertex -4.15147 -23.9985 1.4
      vertex -4.26949 -23.895 0
      vertex -4.15147 -23.9985 0
    endloop
  endfacet
  facet normal -0.194952 0.980813 0
    outer loop
      vertex -4.68942 -26.0061 0
      vertex -4.84337 -26.0367 1.4
      vertex -4.68942 -26.0061 1.4
    endloop
  endfacet
  facet normal -0.194952 0.980813 0
    outer loop
      vertex -4.84337 -26.0367 1.4
      vertex -4.68942 -26.0061 0
      vertex -4.84337 -26.0367 0
    endloop
  endfacet
  facet normal 0.946897 -0.321537 0
    outer loop
      vertex -6.15911 -24.5364 1.4
      vertex -6.10865 -24.3878 0
      vertex -6.10865 -24.3878 1.4
    endloop
  endfacet
  facet normal 0.946897 -0.321537 0
    outer loop
      vertex -6.10865 -24.3878 0
      vertex -6.15911 -24.5364 1.4
      vertex -6.15911 -24.5364 0
    endloop
  endfacet
  facet normal 0.194952 -0.980813 0
    outer loop
      vertex -5.31058 -23.6879 0
      vertex -5.15663 -23.6573 1.4
      vertex -5.31058 -23.6879 1.4
    endloop
  endfacet
  facet normal 0.194952 -0.980813 0
    outer loop
      vertex -5.15663 -23.6573 1.4
      vertex -5.31058 -23.6879 0
      vertex -5.15663 -23.6573 0
    endloop
  endfacet
  facet normal 0.0656183 0.997845 -0
    outer loop
      vertex -5 -26.047 0
      vertex -5.15663 -26.0367 1.4
      vertex -5 -26.047 1.4
    endloop
  endfacet
  facet normal 0.0656183 0.997845 0
    outer loop
      vertex -5.15663 -26.0367 1.4
      vertex -5 -26.047 0
      vertex -5.15663 -26.0367 0
    endloop
  endfacet
  facet normal 0.946897 0.321537 0
    outer loop
      vertex -6.10865 -25.3062 1.4
      vertex -6.15911 -25.1576 0
      vertex -6.15911 -25.1576 1.4
    endloop
  endfacet
  facet normal 0.946897 0.321537 0
    outer loop
      vertex -6.15911 -25.1576 0
      vertex -6.10865 -25.3062 1.4
      vertex -6.10865 -25.3062 0
    endloop
  endfacet
  facet normal 0.751818 0.65937 0
    outer loop
      vertex -5.84853 -25.6955 1.4
      vertex -5.95202 -25.5775 0
      vertex -5.95202 -25.5775 1.4
    endloop
  endfacet
  facet normal 0.751818 0.65937 0
    outer loop
      vertex -5.95202 -25.5775 0
      vertex -5.84853 -25.6955 1.4
      vertex -5.84853 -25.6955 0
    endloop
  endfacet
  facet normal 0.194952 0.980813 -0
    outer loop
      vertex -5.15663 -26.0367 0
      vertex -5.31058 -26.0061 1.4
      vertex -5.15663 -26.0367 1.4
    endloop
  endfacet
  facet normal 0.194952 0.980813 0
    outer loop
      vertex -5.31058 -26.0061 1.4
      vertex -5.15663 -26.0367 0
      vertex -5.31058 -26.0061 0
    endloop
  endfacet
  facet normal 0.555553 0.831481 -0
    outer loop
      vertex -5.6 -25.8862 0
      vertex -5.73051 -25.799 1.4
      vertex -5.6 -25.8862 1.4
    endloop
  endfacet
  facet normal 0.555553 0.831481 0
    outer loop
      vertex -5.73051 -25.799 1.4
      vertex -5.6 -25.8862 0
      vertex -5.73051 -25.799 0
    endloop
  endfacet
  facet normal -0.321117 -0.94704 0
    outer loop
      vertex -4.68942 -23.6879 0
      vertex -4.54078 -23.7383 1.4
      vertex -4.68942 -23.6879 1.4
    endloop
  endfacet
  facet normal -0.321117 -0.94704 -0
    outer loop
      vertex -4.54078 -23.7383 1.4
      vertex -4.68942 -23.6879 0
      vertex -4.54078 -23.7383 0
    endloop
  endfacet
  facet normal 0.831432 -0.555626 0
    outer loop
      vertex -6.03923 -24.247 1.4
      vertex -5.95202 -24.1165 0
      vertex -5.95202 -24.1165 1.4
    endloop
  endfacet
  facet normal 0.831432 -0.555626 0
    outer loop
      vertex -5.95202 -24.1165 0
      vertex -6.03923 -24.247 1.4
      vertex -6.03923 -24.247 0
    endloop
  endfacet
  facet normal -0.751796 0.659396 0
    outer loop
      vertex -3.51508 -26.3319 1.4
      vertex -3.33396 -26.1254 2.4
      vertex -3.33396 -26.1254 1.4
    endloop
  endfacet
  facet normal -0.751796 0.659396 0
    outer loop
      vertex -3.33396 -26.1254 2.4
      vertex -3.51508 -26.3319 1.4
      vertex -3.51508 -26.3319 2.4
    endloop
  endfacet
  facet normal -0.980783 -0.195101 0
    outer loop
      vertex -2.91797 -24.5729 1.4
      vertex -2.97156 -24.3035 2.4
      vertex -2.97156 -24.3035 1.4
    endloop
  endfacet
  facet normal -0.980783 -0.195101 0
    outer loop
      vertex -2.97156 -24.3035 2.4
      vertex -2.91797 -24.5729 1.4
      vertex -2.91797 -24.5729 2.4
    endloop
  endfacet
  facet normal -0.997858 -0.0654196 0
    outer loop
      vertex -2.9 -24.847 1.4
      vertex -2.91797 -24.5729 2.4
      vertex -2.91797 -24.5729 1.4
    endloop
  endfacet
  facet normal -0.997858 -0.0654196 0
    outer loop
      vertex -2.91797 -24.5729 2.4
      vertex -2.9 -24.847 1.4
      vertex -2.9 -24.847 2.4
    endloop
  endfacet
  facet normal -0.946932 -0.321433 0
    outer loop
      vertex -2.97156 -24.3035 1.4
      vertex -3.05985 -24.0434 2.4
      vertex -3.05985 -24.0434 1.4
    endloop
  endfacet
  facet normal -0.946932 -0.321433 0
    outer loop
      vertex -3.05985 -24.0434 2.4
      vertex -2.97156 -24.3035 1.4
      vertex -2.97156 -24.3035 2.4
    endloop
  endfacet
  facet normal -0.831473 -0.555565 0
    outer loop
      vertex -3.18135 -23.797 1.4
      vertex -3.33396 -23.5686 2.4
      vertex -3.33396 -23.5686 1.4
    endloop
  endfacet
  facet normal -0.831473 -0.555565 0
    outer loop
      vertex -3.33396 -23.5686 2.4
      vertex -3.18135 -23.797 1.4
      vertex -3.18135 -23.797 2.4
    endloop
  endfacet
  facet normal 0.55554 0.83149 -0
    outer loop
      vertex -6.05 -26.6656 1.4
      vertex -6.2784 -26.513 2.4
      vertex -6.05 -26.6656 2.4
    endloop
  endfacet
  facet normal 0.55554 0.83149 0
    outer loop
      vertex -6.2784 -26.513 2.4
      vertex -6.05 -26.6656 1.4
      vertex -6.2784 -26.513 1.4
    endloop
  endfacet
  facet normal -0.194772 -0.980849 0
    outer loop
      vertex -4.7259 -22.765 1.4
      vertex -4.45648 -22.8185 2.4
      vertex -4.7259 -22.765 2.4
    endloop
  endfacet
  facet normal -0.194772 -0.980849 -0
    outer loop
      vertex -4.45648 -22.8185 2.4
      vertex -4.7259 -22.765 1.4
      vertex -4.45648 -22.8185 1.4
    endloop
  endfacet
  facet normal -0.997858 0.0654196 0
    outer loop
      vertex -2.91797 -25.1211 1.4
      vertex -2.9 -24.847 2.4
      vertex -2.9 -24.847 1.4
    endloop
  endfacet
  facet normal -0.997858 0.0654196 0
    outer loop
      vertex -2.9 -24.847 2.4
      vertex -2.91797 -25.1211 1.4
      vertex -2.91797 -25.1211 2.4
    endloop
  endfacet
  facet normal -0.896889 -0.442256 0
    outer loop
      vertex -3.05985 -24.0434 1.4
      vertex -3.18135 -23.797 2.4
      vertex -3.18135 -23.797 1.4
    endloop
  endfacet
  facet normal -0.896889 -0.442256 0
    outer loop
      vertex -3.18135 -23.797 2.4
      vertex -3.05985 -24.0434 1.4
      vertex -3.05985 -24.0434 2.4
    endloop
  endfacet
  facet normal 0.946932 0.321433 0
    outer loop
      vertex -6.94015 -25.6506 2.4
      vertex -7.02844 -25.3905 1.4
      vertex -7.02844 -25.3905 2.4
    endloop
  endfacet
  facet normal 0.946932 0.321433 0
    outer loop
      vertex -7.02844 -25.3905 1.4
      vertex -6.94015 -25.6506 2.4
      vertex -6.94015 -25.6506 1.4
    endloop
  endfacet
  facet normal 0.980783 -0.195101 0
    outer loop
      vertex -7.08203 -24.5729 2.4
      vertex -7.02844 -24.3035 1.4
      vertex -7.02844 -24.3035 2.4
    endloop
  endfacet
  facet normal 0.980783 -0.195101 0
    outer loop
      vertex -7.02844 -24.3035 1.4
      vertex -7.08203 -24.5729 2.4
      vertex -7.08203 -24.5729 1.4
    endloop
  endfacet
  facet normal 0.659319 0.751864 -0
    outer loop
      vertex -6.2784 -26.513 1.4
      vertex -6.48492 -26.3319 2.4
      vertex -6.2784 -26.513 2.4
    endloop
  endfacet
  facet normal 0.659319 0.751864 0
    outer loop
      vertex -6.48492 -26.3319 2.4
      vertex -6.2784 -26.513 1.4
      vertex -6.48492 -26.3319 1.4
    endloop
  endfacet
  facet normal 0.194772 -0.980849 0
    outer loop
      vertex -5.54352 -22.8185 1.4
      vertex -5.2741 -22.765 2.4
      vertex -5.54352 -22.8185 2.4
    endloop
  endfacet
  facet normal 0.194772 -0.980849 0
    outer loop
      vertex -5.2741 -22.765 2.4
      vertex -5.54352 -22.8185 1.4
      vertex -5.2741 -22.765 1.4
    endloop
  endfacet
  facet normal -0.195122 0.980779 0
    outer loop
      vertex -4.45648 -26.8754 1.4
      vertex -4.7259 -26.929 2.4
      vertex -4.45648 -26.8754 2.4
    endloop
  endfacet
  facet normal -0.195122 0.980779 0
    outer loop
      vertex -4.7259 -26.929 2.4
      vertex -4.45648 -26.8754 1.4
      vertex -4.7259 -26.929 1.4
    endloop
  endfacet
  facet normal -0.4423 0.896867 0
    outer loop
      vertex -3.95 -26.6656 1.4
      vertex -4.19637 -26.7871 2.4
      vertex -3.95 -26.6656 2.4
    endloop
  endfacet
  facet normal -0.4423 0.896867 0
    outer loop
      vertex -4.19637 -26.7871 2.4
      vertex -3.95 -26.6656 1.4
      vertex -4.19637 -26.7871 1.4
    endloop
  endfacet
  facet normal 0.831473 -0.555565 0
    outer loop
      vertex -6.81865 -23.797 2.4
      vertex -6.66604 -23.5686 1.4
      vertex -6.66604 -23.5686 2.4
    endloop
  endfacet
  facet normal 0.831473 -0.555565 0
    outer loop
      vertex -6.66604 -23.5686 1.4
      vertex -6.81865 -23.797 2.4
      vertex -6.81865 -23.797 1.4
    endloop
  endfacet
  facet normal -0.555792 -0.831322 0
    outer loop
      vertex -3.95 -23.0283 1.4
      vertex -3.7216 -23.181 2.4
      vertex -3.95 -23.0283 2.4
    endloop
  endfacet
  facet normal -0.555792 -0.831322 -0
    outer loop
      vertex -3.7216 -23.181 2.4
      vertex -3.95 -23.0283 1.4
      vertex -3.7216 -23.181 1.4
    endloop
  endfacet
  facet normal -0.831473 0.555565 0
    outer loop
      vertex -3.33396 -26.1254 1.4
      vertex -3.18135 -25.897 2.4
      vertex -3.18135 -25.897 1.4
    endloop
  endfacet
  facet normal -0.831473 0.555565 0
    outer loop
      vertex -3.18135 -25.897 2.4
      vertex -3.33396 -26.1254 1.4
      vertex -3.33396 -26.1254 2.4
    endloop
  endfacet
  facet normal -0.4423 -0.896867 0
    outer loop
      vertex -4.19637 -22.9068 1.4
      vertex -3.95 -23.0283 2.4
      vertex -4.19637 -22.9068 2.4
    endloop
  endfacet
  facet normal -0.4423 -0.896867 -0
    outer loop
      vertex -3.95 -23.0283 2.4
      vertex -4.19637 -22.9068 1.4
      vertex -3.95 -23.0283 1.4
    endloop
  endfacet
  facet normal -0.980783 0.195101 0
    outer loop
      vertex -2.97156 -25.3905 1.4
      vertex -2.91797 -25.1211 2.4
      vertex -2.91797 -25.1211 1.4
    endloop
  endfacet
  facet normal -0.980783 0.195101 0
    outer loop
      vertex -2.91797 -25.1211 2.4
      vertex -2.97156 -25.3905 1.4
      vertex -2.97156 -25.3905 2.4
    endloop
  endfacet
  facet normal 0.321454 -0.946925 0
    outer loop
      vertex -5.80363 -22.9068 1.4
      vertex -5.54352 -22.8185 2.4
      vertex -5.80363 -22.9068 2.4
    endloop
  endfacet
  facet normal 0.321454 -0.946925 0
    outer loop
      vertex -5.54352 -22.8185 2.4
      vertex -5.80363 -22.9068 1.4
      vertex -5.54352 -22.8185 1.4
    endloop
  endfacet
  facet normal -0.659319 -0.751864 0
    outer loop
      vertex -3.7216 -23.181 1.4
      vertex -3.51508 -23.3621 2.4
      vertex -3.7216 -23.181 2.4
    endloop
  endfacet
  facet normal -0.659319 -0.751864 -0
    outer loop
      vertex -3.51508 -23.3621 2.4
      vertex -3.7216 -23.181 1.4
      vertex -3.51508 -23.3621 1.4
    endloop
  endfacet
  facet normal 0.4423 -0.896867 0
    outer loop
      vertex -6.05 -23.0283 1.4
      vertex -5.80363 -22.9068 2.4
      vertex -6.05 -23.0283 2.4
    endloop
  endfacet
  facet normal 0.4423 -0.896867 0
    outer loop
      vertex -5.80363 -22.9068 2.4
      vertex -6.05 -23.0283 1.4
      vertex -5.80363 -22.9068 1.4
    endloop
  endfacet
  facet normal 0.555792 -0.831322 0
    outer loop
      vertex -6.2784 -23.181 1.4
      vertex -6.05 -23.0283 2.4
      vertex -6.2784 -23.181 2.4
    endloop
  endfacet
  facet normal 0.555792 -0.831322 0
    outer loop
      vertex -6.05 -23.0283 2.4
      vertex -6.2784 -23.181 1.4
      vertex -6.05 -23.0283 1.4
    endloop
  endfacet
  facet normal -0.659319 0.751864 0
    outer loop
      vertex -3.51508 -26.3319 1.4
      vertex -3.7216 -26.513 2.4
      vertex -3.51508 -26.3319 2.4
    endloop
  endfacet
  facet normal -0.659319 0.751864 0
    outer loop
      vertex -3.7216 -26.513 2.4
      vertex -3.51508 -26.3319 1.4
      vertex -3.7216 -26.513 1.4
    endloop
  endfacet
  facet normal 0.751796 -0.659396 0
    outer loop
      vertex -6.66604 -23.5686 2.4
      vertex -6.48492 -23.3621 1.4
      vertex -6.48492 -23.3621 2.4
    endloop
  endfacet
  facet normal 0.751796 -0.659396 0
    outer loop
      vertex -6.48492 -23.3621 1.4
      vertex -6.66604 -23.5686 2.4
      vertex -6.66604 -23.5686 1.4
    endloop
  endfacet
  facet normal -0.0655283 -0.997851 0
    outer loop
      vertex -5 -22.747 1.4
      vertex -4.7259 -22.765 2.4
      vertex -5 -22.747 2.4
    endloop
  endfacet
  facet normal -0.0655283 -0.997851 -0
    outer loop
      vertex -4.7259 -22.765 2.4
      vertex -5 -22.747 1.4
      vertex -4.7259 -22.765 1.4
    endloop
  endfacet
  facet normal -0.321454 0.946925 0
    outer loop
      vertex -4.19637 -26.7871 1.4
      vertex -4.45648 -26.8754 2.4
      vertex -4.19637 -26.7871 2.4
    endloop
  endfacet
  facet normal -0.321454 0.946925 0
    outer loop
      vertex -4.45648 -26.8754 2.4
      vertex -4.19637 -26.7871 1.4
      vertex -4.45648 -26.8754 1.4
    endloop
  endfacet
  facet normal 0.321454 0.946925 -0
    outer loop
      vertex -5.54352 -26.8754 1.4
      vertex -5.80363 -26.7871 2.4
      vertex -5.54352 -26.8754 2.4
    endloop
  endfacet
  facet normal 0.321454 0.946925 0
    outer loop
      vertex -5.80363 -26.7871 2.4
      vertex -5.54352 -26.8754 1.4
      vertex -5.80363 -26.7871 1.4
    endloop
  endfacet
  facet normal 0.751796 0.659396 0
    outer loop
      vertex -6.48492 -26.3319 2.4
      vertex -6.66604 -26.1254 1.4
      vertex -6.66604 -26.1254 2.4
    endloop
  endfacet
  facet normal 0.751796 0.659396 0
    outer loop
      vertex -6.66604 -26.1254 1.4
      vertex -6.48492 -26.3319 2.4
      vertex -6.48492 -26.3319 1.4
    endloop
  endfacet
  facet normal 0.896889 -0.442256 0
    outer loop
      vertex -6.94015 -24.0434 2.4
      vertex -6.81865 -23.797 1.4
      vertex -6.81865 -23.797 2.4
    endloop
  endfacet
  facet normal 0.896889 -0.442256 0
    outer loop
      vertex -6.81865 -23.797 1.4
      vertex -6.94015 -24.0434 2.4
      vertex -6.94015 -24.0434 1.4
    endloop
  endfacet
  facet normal -0.896889 0.442256 0
    outer loop
      vertex -3.18135 -25.897 1.4
      vertex -3.05985 -25.6506 2.4
      vertex -3.05985 -25.6506 1.4
    endloop
  endfacet
  facet normal -0.896889 0.442256 0
    outer loop
      vertex -3.05985 -25.6506 2.4
      vertex -3.18135 -25.897 1.4
      vertex -3.18135 -25.897 2.4
    endloop
  endfacet
  facet normal 0.0655283 -0.997851 0
    outer loop
      vertex -5.2741 -22.765 1.4
      vertex -5 -22.747 2.4
      vertex -5.2741 -22.765 2.4
    endloop
  endfacet
  facet normal 0.0655283 -0.997851 0
    outer loop
      vertex -5 -22.747 2.4
      vertex -5.2741 -22.765 1.4
      vertex -5 -22.747 1.4
    endloop
  endfacet
  facet normal 0.946932 -0.321433 0
    outer loop
      vertex -7.02844 -24.3035 2.4
      vertex -6.94015 -24.0434 1.4
      vertex -6.94015 -24.0434 2.4
    endloop
  endfacet
  facet normal 0.946932 -0.321433 0
    outer loop
      vertex -6.94015 -24.0434 1.4
      vertex -7.02844 -24.3035 2.4
      vertex -7.02844 -24.3035 1.4
    endloop
  endfacet
  facet normal -0.321454 -0.946925 0
    outer loop
      vertex -4.45648 -22.8185 1.4
      vertex -4.19637 -22.9068 2.4
      vertex -4.45648 -22.8185 2.4
    endloop
  endfacet
  facet normal -0.321454 -0.946925 -0
    outer loop
      vertex -4.19637 -22.9068 2.4
      vertex -4.45648 -22.8185 1.4
      vertex -4.19637 -22.9068 1.4
    endloop
  endfacet
  facet normal -0.946932 0.321433 0
    outer loop
      vertex -3.05985 -25.6506 1.4
      vertex -2.97156 -25.3905 2.4
      vertex -2.97156 -25.3905 1.4
    endloop
  endfacet
  facet normal -0.946932 0.321433 0
    outer loop
      vertex -2.97156 -25.3905 2.4
      vertex -3.05985 -25.6506 1.4
      vertex -3.05985 -25.6506 2.4
    endloop
  endfacet
  facet normal 0.980783 0.195101 0
    outer loop
      vertex -7.02844 -25.3905 2.4
      vertex -7.08203 -25.1211 1.4
      vertex -7.08203 -25.1211 2.4
    endloop
  endfacet
  facet normal 0.980783 0.195101 0
    outer loop
      vertex -7.08203 -25.1211 1.4
      vertex -7.02844 -25.3905 2.4
      vertex -7.02844 -25.3905 1.4
    endloop
  endfacet
  facet normal -0.751796 -0.659396 0
    outer loop
      vertex -3.33396 -23.5686 1.4
      vertex -3.51508 -23.3621 2.4
      vertex -3.51508 -23.3621 1.4
    endloop
  endfacet
  facet normal -0.751796 -0.659396 0
    outer loop
      vertex -3.51508 -23.3621 2.4
      vertex -3.33396 -23.5686 1.4
      vertex -3.33396 -23.5686 2.4
    endloop
  endfacet
  facet normal 0.659319 -0.751864 0
    outer loop
      vertex -6.48492 -23.3621 1.4
      vertex -6.2784 -23.181 2.4
      vertex -6.48492 -23.3621 2.4
    endloop
  endfacet
  facet normal 0.659319 -0.751864 0
    outer loop
      vertex -6.2784 -23.181 2.4
      vertex -6.48492 -23.3621 1.4
      vertex -6.2784 -23.181 1.4
    endloop
  endfacet
  facet normal 0.896889 0.442256 0
    outer loop
      vertex -6.81865 -25.897 2.4
      vertex -6.94015 -25.6506 1.4
      vertex -6.94015 -25.6506 2.4
    endloop
  endfacet
  facet normal 0.896889 0.442256 0
    outer loop
      vertex -6.94015 -25.6506 1.4
      vertex -6.81865 -25.897 2.4
      vertex -6.81865 -25.897 1.4
    endloop
  endfacet
  facet normal -0.0655283 0.997851 0
    outer loop
      vertex -4.7259 -26.929 1.4
      vertex -5 -26.947 2.4
      vertex -4.7259 -26.929 2.4
    endloop
  endfacet
  facet normal -0.0655283 0.997851 0
    outer loop
      vertex -5 -26.947 2.4
      vertex -4.7259 -26.929 1.4
      vertex -5 -26.947 1.4
    endloop
  endfacet
  facet normal 0.0655283 0.997851 -0
    outer loop
      vertex -5 -26.947 1.4
      vertex -5.2741 -26.929 2.4
      vertex -5 -26.947 2.4
    endloop
  endfacet
  facet normal 0.0655283 0.997851 0
    outer loop
      vertex -5.2741 -26.929 2.4
      vertex -5 -26.947 1.4
      vertex -5.2741 -26.929 1.4
    endloop
  endfacet
  facet normal 0.997858 -0.0654196 0
    outer loop
      vertex -7.1 -24.847 2.4
      vertex -7.08203 -24.5729 1.4
      vertex -7.08203 -24.5729 2.4
    endloop
  endfacet
  facet normal 0.997858 -0.0654196 0
    outer loop
      vertex -7.08203 -24.5729 1.4
      vertex -7.1 -24.847 2.4
      vertex -7.1 -24.847 1.4
    endloop
  endfacet
  facet normal 0.831473 0.555565 0
    outer loop
      vertex -6.66604 -26.1254 2.4
      vertex -6.81865 -25.897 1.4
      vertex -6.81865 -25.897 2.4
    endloop
  endfacet
  facet normal 0.831473 0.555565 0
    outer loop
      vertex -6.81865 -25.897 1.4
      vertex -6.66604 -26.1254 2.4
      vertex -6.66604 -26.1254 1.4
    endloop
  endfacet
  facet normal -0.55554 0.83149 0
    outer loop
      vertex -3.7216 -26.513 1.4
      vertex -3.95 -26.6656 2.4
      vertex -3.7216 -26.513 2.4
    endloop
  endfacet
  facet normal -0.55554 0.83149 0
    outer loop
      vertex -3.95 -26.6656 2.4
      vertex -3.7216 -26.513 1.4
      vertex -3.95 -26.6656 1.4
    endloop
  endfacet
  facet normal 0.997858 0.0654196 0
    outer loop
      vertex -7.08203 -25.1211 2.4
      vertex -7.1 -24.847 1.4
      vertex -7.1 -24.847 2.4
    endloop
  endfacet
  facet normal 0.997858 0.0654196 0
    outer loop
      vertex -7.1 -24.847 1.4
      vertex -7.08203 -25.1211 2.4
      vertex -7.08203 -25.1211 1.4
    endloop
  endfacet
  facet normal 0.195122 0.980779 -0
    outer loop
      vertex -5.2741 -26.929 1.4
      vertex -5.54352 -26.8754 2.4
      vertex -5.2741 -26.929 2.4
    endloop
  endfacet
  facet normal 0.195122 0.980779 0
    outer loop
      vertex -5.54352 -26.8754 2.4
      vertex -5.2741 -26.929 1.4
      vertex -5.54352 -26.8754 1.4
    endloop
  endfacet
  facet normal 0 0 1
    outer loop
      vertex -3.8 -24.847 1.4
      vertex -2.9 -24.847 1.4
      vertex -2.91797 -24.5729 1.4
    endloop
  endfacet
  facet normal 0 0 1
    outer loop
      vertex -3.81027 -24.6904 1.4
      vertex -2.91797 -24.5729 1.4
      vertex -2.97156 -24.3035 1.4
    endloop
  endfacet
  facet normal 0 0 1
    outer loop
      vertex -2.9 -24.847 1.4
      vertex -3.8 -24.847 1.4
      vertex -2.91797 -25.1211 1.4
    endloop
  endfacet
  facet normal 0 0 1
    outer loop
      vertex -3.84089 -24.5364 1.4
      vertex -2.97156 -24.3035 1.4
      vertex -3.05985 -24.0434 1.4
    endloop
  endfacet
  facet normal -0 0 1
    outer loop
      vertex -3.81027 -25.0036 1.4
      vertex -2.91797 -25.1211 1.4
      vertex -3.8 -24.847 1.4
    endloop
  endfacet
  facet normal 0 0 1
    outer loop
      vertex -3.89135 -24.3878 1.4
      vertex -3.05985 -24.0434 1.4
      vertex -3.18135 -23.797 1.4
    endloop
  endfacet
  facet normal 0 0 1
    outer loop
      vertex -2.91797 -25.1211 1.4
      vertex -3.81027 -25.0036 1.4
      vertex -2.97156 -25.3905 1.4
    endloop
  endfacet
  facet normal 0 0 1
    outer loop
      vertex -3.96077 -24.247 1.4
      vertex -3.18135 -23.797 1.4
      vertex -3.33396 -23.5686 1.4
    endloop
  endfacet
  facet normal -0 0 1
    outer loop
      vertex -3.84089 -25.1576 1.4
      vertex -2.97156 -25.3905 1.4
      vertex -3.81027 -25.0036 1.4
    endloop
  endfacet
  facet normal 0 0 1
    outer loop
      vertex -4.04798 -24.1165 1.4
      vertex -3.33396 -23.5686 1.4
      vertex -3.51508 -23.3621 1.4
    endloop
  endfacet
  facet normal 0 0 1
    outer loop
      vertex -2.97156 -25.3905 1.4
      vertex -3.84089 -25.1576 1.4
      vertex -3.05985 -25.6506 1.4
    endloop
  endfacet
  facet normal 0 0 1
    outer loop
      vertex -4.15147 -23.9985 1.4
      vertex -3.51508 -23.3621 1.4
      vertex -3.7216 -23.181 1.4
    endloop
  endfacet
  facet normal -0 0 1
    outer loop
      vertex -3.89135 -25.3062 1.4
      vertex -3.05985 -25.6506 1.4
      vertex -3.84089 -25.1576 1.4
    endloop
  endfacet
  facet normal 0 0 1
    outer loop
      vertex -3.05985 -25.6506 1.4
      vertex -3.89135 -25.3062 1.4
      vertex -3.18135 -25.897 1.4
    endloop
  endfacet
  facet normal 0 0 1
    outer loop
      vertex -2.91797 -24.5729 1.4
      vertex -3.81027 -24.6904 1.4
      vertex -3.8 -24.847 1.4
    endloop
  endfacet
  facet normal 0 0 1
    outer loop
      vertex -2.97156 -24.3035 1.4
      vertex -3.84089 -24.5364 1.4
      vertex -3.81027 -24.6904 1.4
    endloop
  endfacet
  facet normal 0 0 1
    outer loop
      vertex -3.05985 -24.0434 1.4
      vertex -3.89135 -24.3878 1.4
      vertex -3.84089 -24.5364 1.4
    endloop
  endfacet
  facet normal 0 0 1
    outer loop
      vertex -4.26949 -23.895 1.4
      vertex -3.7216 -23.181 1.4
      vertex -3.95 -23.0283 1.4
    endloop
  endfacet
  facet normal 0 0 1
    outer loop
      vertex -3.18135 -23.797 1.4
      vertex -3.96077 -24.247 1.4
      vertex -3.89135 -24.3878 1.4
    endloop
  endfacet
  facet normal 0 0 1
    outer loop
      vertex -3.33396 -23.5686 1.4
      vertex -4.04798 -24.1165 1.4
      vertex -3.96077 -24.247 1.4
    endloop
  endfacet
  facet normal 0 0 1
    outer loop
      vertex -3.51508 -23.3621 1.4
      vertex -4.15147 -23.9985 1.4
      vertex -4.04798 -24.1165 1.4
    endloop
  endfacet
  facet normal 0 0 1
    outer loop
      vertex -4.4 -23.8078 1.4
      vertex -3.95 -23.0283 1.4
      vertex -4.19637 -22.9068 1.4
    endloop
  endfacet
  facet normal 0 0 1
    outer loop
      vertex -3.7216 -23.181 1.4
      vertex -4.26949 -23.895 1.4
      vertex -4.15147 -23.9985 1.4
    endloop
  endfacet
  facet normal 0 0 1
    outer loop
      vertex -3.95 -23.0283 1.4
      vertex -4.4 -23.8078 1.4
      vertex -4.26949 -23.895 1.4
    endloop
  endfacet
  facet normal 0 0 1
    outer loop
      vertex -4.54078 -23.7383 1.4
      vertex -4.19637 -22.9068 1.4
      vertex -4.45648 -22.8185 1.4
    endloop
  endfacet
  facet normal 0 0 1
    outer loop
      vertex -4.19637 -22.9068 1.4
      vertex -4.54078 -23.7383 1.4
      vertex -4.4 -23.8078 1.4
    endloop
  endfacet
  facet normal 0 0 1
    outer loop
      vertex -4.45648 -22.8185 1.4
      vertex -4.68942 -23.6879 1.4
      vertex -4.54078 -23.7383 1.4
    endloop
  endfacet
  facet normal 0 0 1
    outer loop
      vertex -4.7259 -22.765 1.4
      vertex -4.68942 -23.6879 1.4
      vertex -4.45648 -22.8185 1.4
    endloop
  endfacet
  facet normal 0 0 1
    outer loop
      vertex -4.7259 -22.765 1.4
      vertex -4.84337 -23.6573 1.4
      vertex -4.68942 -23.6879 1.4
    endloop
  endfacet
  facet normal 0 0 1
    outer loop
      vertex -5 -22.747 1.4
      vertex -4.84337 -23.6573 1.4
      vertex -4.7259 -22.765 1.4
    endloop
  endfacet
  facet normal 0 0 1
    outer loop
      vertex -5 -22.747 1.4
      vertex -5 -23.647 1.4
      vertex -4.84337 -23.6573 1.4
    endloop
  endfacet
  facet normal 0 0 1
    outer loop
      vertex -5 -22.747 1.4
      vertex -5.15663 -23.6573 1.4
      vertex -5 -23.647 1.4
    endloop
  endfacet
  facet normal -0 0 1
    outer loop
      vertex -5.2741 -22.765 1.4
      vertex -5.15663 -23.6573 1.4
      vertex -5 -22.747 1.4
    endloop
  endfacet
  facet normal 0 0 1
    outer loop
      vertex -5.2741 -22.765 1.4
      vertex -5.31058 -23.6879 1.4
      vertex -5.15663 -23.6573 1.4
    endloop
  endfacet
  facet normal -0 0 1
    outer loop
      vertex -5.54352 -22.8185 1.4
      vertex -5.31058 -23.6879 1.4
      vertex -5.2741 -22.765 1.4
    endloop
  endfacet
  facet normal 0 0 1
    outer loop
      vertex -5.31058 -23.6879 1.4
      vertex -5.54352 -22.8185 1.4
      vertex -5.45922 -23.7383 1.4
    endloop
  endfacet
  facet normal -0 0 1
    outer loop
      vertex -5.80363 -22.9068 1.4
      vertex -5.45922 -23.7383 1.4
      vertex -5.54352 -22.8185 1.4
    endloop
  endfacet
  facet normal 0 0 1
    outer loop
      vertex -5.45922 -23.7383 1.4
      vertex -5.80363 -22.9068 1.4
      vertex -5.6 -23.8078 1.4
    endloop
  endfacet
  facet normal -0 0 1
    outer loop
      vertex -6.05 -23.0283 1.4
      vertex -5.6 -23.8078 1.4
      vertex -5.80363 -22.9068 1.4
    endloop
  endfacet
  facet normal 0 0 1
    outer loop
      vertex -5.6 -23.8078 1.4
      vertex -6.05 -23.0283 1.4
      vertex -5.73051 -23.895 1.4
    endloop
  endfacet
  facet normal -0 0 1
    outer loop
      vertex -6.2784 -23.181 1.4
      vertex -5.73051 -23.895 1.4
      vertex -6.05 -23.0283 1.4
    endloop
  endfacet
  facet normal 0 0 1
    outer loop
      vertex -5.73051 -23.895 1.4
      vertex -6.2784 -23.181 1.4
      vertex -5.84853 -23.9985 1.4
    endloop
  endfacet
  facet normal -0 0 1
    outer loop
      vertex -6.48492 -23.3621 1.4
      vertex -5.84853 -23.9985 1.4
      vertex -6.2784 -23.181 1.4
    endloop
  endfacet
  facet normal 0 0 1
    outer loop
      vertex -5.84853 -23.9985 1.4
      vertex -6.48492 -23.3621 1.4
      vertex -5.95202 -24.1165 1.4
    endloop
  endfacet
  facet normal -0 0 1
    outer loop
      vertex -6.66604 -23.5686 1.4
      vertex -5.95202 -24.1165 1.4
      vertex -6.48492 -23.3621 1.4
    endloop
  endfacet
  facet normal 0 0 1
    outer loop
      vertex -5.95202 -24.1165 1.4
      vertex -6.66604 -23.5686 1.4
      vertex -6.03923 -24.247 1.4
    endloop
  endfacet
  facet normal 0 0 1
    outer loop
      vertex -6.03923 -24.247 1.4
      vertex -6.81865 -23.797 1.4
      vertex -6.10865 -24.3878 1.4
    endloop
  endfacet
  facet normal -0 0 1
    outer loop
      vertex -6.81865 -23.797 1.4
      vertex -6.03923 -24.247 1.4
      vertex -6.66604 -23.5686 1.4
    endloop
  endfacet
  facet normal -0 0 1
    outer loop
      vertex -3.96077 -25.447 1.4
      vertex -3.18135 -25.897 1.4
      vertex -3.89135 -25.3062 1.4
    endloop
  endfacet
  facet normal 0 0 1
    outer loop
      vertex -3.18135 -25.897 1.4
      vertex -3.96077 -25.447 1.4
      vertex -3.33396 -26.1254 1.4
    endloop
  endfacet
  facet normal -0 0 1
    outer loop
      vertex -4.04798 -25.5775 1.4
      vertex -3.33396 -26.1254 1.4
      vertex -3.96077 -25.447 1.4
    endloop
  endfacet
  facet normal 0 0 1
    outer loop
      vertex -3.33396 -26.1254 1.4
      vertex -4.04798 -25.5775 1.4
      vertex -3.51508 -26.3319 1.4
    endloop
  endfacet
  facet normal -0 0 1
    outer loop
      vertex -4.15147 -25.6955 1.4
      vertex -3.51508 -26.3319 1.4
      vertex -4.04798 -25.5775 1.4
    endloop
  endfacet
  facet normal 0 0 1
    outer loop
      vertex -3.51508 -26.3319 1.4
      vertex -4.15147 -25.6955 1.4
      vertex -3.7216 -26.513 1.4
    endloop
  endfacet
  facet normal -0 0 1
    outer loop
      vertex -4.26949 -25.799 1.4
      vertex -3.7216 -26.513 1.4
      vertex -4.15147 -25.6955 1.4
    endloop
  endfacet
  facet normal 0 0 1
    outer loop
      vertex -3.7216 -26.513 1.4
      vertex -4.26949 -25.799 1.4
      vertex -3.95 -26.6656 1.4
    endloop
  endfacet
  facet normal -0 0 1
    outer loop
      vertex -4.4 -25.8862 1.4
      vertex -3.95 -26.6656 1.4
      vertex -4.26949 -25.799 1.4
    endloop
  endfacet
  facet normal 0 0 1
    outer loop
      vertex -3.95 -26.6656 1.4
      vertex -4.4 -25.8862 1.4
      vertex -4.19637 -26.7871 1.4
    endloop
  endfacet
  facet normal -0 0 1
    outer loop
      vertex -4.54078 -25.9556 1.4
      vertex -4.19637 -26.7871 1.4
      vertex -4.4 -25.8862 1.4
    endloop
  endfacet
  facet normal 0 0 1
    outer loop
      vertex -4.19637 -26.7871 1.4
      vertex -4.54078 -25.9556 1.4
      vertex -4.45648 -26.8754 1.4
    endloop
  endfacet
  facet normal -0 0 1
    outer loop
      vertex -4.68942 -26.0061 1.4
      vertex -4.45648 -26.8754 1.4
      vertex -4.54078 -25.9556 1.4
    endloop
  endfacet
  facet normal 0 0 1
    outer loop
      vertex -4.68942 -26.0061 1.4
      vertex -4.7259 -26.929 1.4
      vertex -4.45648 -26.8754 1.4
    endloop
  endfacet
  facet normal -0 0 1
    outer loop
      vertex -4.84337 -26.0367 1.4
      vertex -4.7259 -26.929 1.4
      vertex -4.68942 -26.0061 1.4
    endloop
  endfacet
  facet normal -0 0 1
    outer loop
      vertex -5 -26.047 1.4
      vertex -4.7259 -26.929 1.4
      vertex -4.84337 -26.0367 1.4
    endloop
  endfacet
  facet normal 0 0 1
    outer loop
      vertex -5 -26.047 1.4
      vertex -5 -26.947 1.4
      vertex -4.7259 -26.929 1.4
    endloop
  endfacet
  facet normal 0 0 1
    outer loop
      vertex -5.15663 -26.0367 1.4
      vertex -5 -26.947 1.4
      vertex -5 -26.047 1.4
    endloop
  endfacet
  facet normal 0 0 1
    outer loop
      vertex -5.15663 -26.0367 1.4
      vertex -5.2741 -26.929 1.4
      vertex -5 -26.947 1.4
    endloop
  endfacet
  facet normal 0 0 1
    outer loop
      vertex -5.31058 -26.0061 1.4
      vertex -5.2741 -26.929 1.4
      vertex -5.15663 -26.0367 1.4
    endloop
  endfacet
  facet normal 0 0 1
    outer loop
      vertex -5.54352 -26.8754 1.4
      vertex -5.31058 -26.0061 1.4
      vertex -5.45922 -25.9556 1.4
    endloop
  endfacet
  facet normal 0 0 1
    outer loop
      vertex -5.31058 -26.0061 1.4
      vertex -5.54352 -26.8754 1.4
      vertex -5.2741 -26.929 1.4
    endloop
  endfacet
  facet normal 0 0 1
    outer loop
      vertex -5.80363 -26.7871 1.4
      vertex -5.45922 -25.9556 1.4
      vertex -5.6 -25.8862 1.4
    endloop
  endfacet
  facet normal 0 0 1
    outer loop
      vertex -6.05 -26.6656 1.4
      vertex -5.6 -25.8862 1.4
      vertex -5.73051 -25.799 1.4
    endloop
  endfacet
  facet normal 0 0 1
    outer loop
      vertex -5.45922 -25.9556 1.4
      vertex -5.80363 -26.7871 1.4
      vertex -5.54352 -26.8754 1.4
    endloop
  endfacet
  facet normal 0 0 1
    outer loop
      vertex -6.2784 -26.513 1.4
      vertex -5.73051 -25.799 1.4
      vertex -5.84853 -25.6955 1.4
    endloop
  endfacet
  facet normal 0 0 1
    outer loop
      vertex -6.48492 -26.3319 1.4
      vertex -5.84853 -25.6955 1.4
      vertex -5.95202 -25.5775 1.4
    endloop
  endfacet
  facet normal 0 0 1
    outer loop
      vertex -6.66604 -26.1254 1.4
      vertex -5.95202 -25.5775 1.4
      vertex -6.03923 -25.447 1.4
    endloop
  endfacet
  facet normal 0 0 1
    outer loop
      vertex -5.6 -25.8862 1.4
      vertex -6.05 -26.6656 1.4
      vertex -5.80363 -26.7871 1.4
    endloop
  endfacet
  facet normal 0 0 1
    outer loop
      vertex -6.81865 -25.897 1.4
      vertex -6.03923 -25.447 1.4
      vertex -6.10865 -25.3062 1.4
    endloop
  endfacet
  facet normal 0 0 1
    outer loop
      vertex -6.94015 -25.6506 1.4
      vertex -6.10865 -25.3062 1.4
      vertex -6.15911 -25.1576 1.4
    endloop
  endfacet
  facet normal 0 0 1
    outer loop
      vertex -7.02844 -25.3905 1.4
      vertex -6.15911 -25.1576 1.4
      vertex -6.18973 -25.0036 1.4
    endloop
  endfacet
  facet normal 0 0 1
    outer loop
      vertex -5.73051 -25.799 1.4
      vertex -6.2784 -26.513 1.4
      vertex -6.05 -26.6656 1.4
    endloop
  endfacet
  facet normal 0 0 1
    outer loop
      vertex -7.08203 -25.1211 1.4
      vertex -6.18973 -25.0036 1.4
      vertex -6.2 -24.847 1.4
    endloop
  endfacet
  facet normal -0 0 1
    outer loop
      vertex -6.94015 -24.0434 1.4
      vertex -6.10865 -24.3878 1.4
      vertex -6.81865 -23.797 1.4
    endloop
  endfacet
  facet normal 0 0 1
    outer loop
      vertex -6.10865 -24.3878 1.4
      vertex -6.94015 -24.0434 1.4
      vertex -6.15911 -24.5364 1.4
    endloop
  endfacet
  facet normal 0 0 1
    outer loop
      vertex -5.84853 -25.6955 1.4
      vertex -6.48492 -26.3319 1.4
      vertex -6.2784 -26.513 1.4
    endloop
  endfacet
  facet normal -0 0 1
    outer loop
      vertex -7.02844 -24.3035 1.4
      vertex -6.15911 -24.5364 1.4
      vertex -6.94015 -24.0434 1.4
    endloop
  endfacet
  facet normal 0 0 1
    outer loop
      vertex -5.95202 -25.5775 1.4
      vertex -6.66604 -26.1254 1.4
      vertex -6.48492 -26.3319 1.4
    endloop
  endfacet
  facet normal 0 0 1
    outer loop
      vertex -6.15911 -24.5364 1.4
      vertex -7.02844 -24.3035 1.4
      vertex -6.18973 -24.6904 1.4
    endloop
  endfacet
  facet normal 0 0 1
    outer loop
      vertex -6.03923 -25.447 1.4
      vertex -6.81865 -25.897 1.4
      vertex -6.66604 -26.1254 1.4
    endloop
  endfacet
  facet normal -0 0 1
    outer loop
      vertex -7.08203 -24.5729 1.4
      vertex -6.18973 -24.6904 1.4
      vertex -7.02844 -24.3035 1.4
    endloop
  endfacet
  facet normal 0 0 1
    outer loop
      vertex -6.10865 -25.3062 1.4
      vertex -6.94015 -25.6506 1.4
      vertex -6.81865 -25.897 1.4
    endloop
  endfacet
  facet normal 0 0 1
    outer loop
      vertex -6.18973 -24.6904 1.4
      vertex -7.08203 -24.5729 1.4
      vertex -6.2 -24.847 1.4
    endloop
  endfacet
  facet normal 0 0 1
    outer loop
      vertex -6.15911 -25.1576 1.4
      vertex -7.02844 -25.3905 1.4
      vertex -6.94015 -25.6506 1.4
    endloop
  endfacet
  facet normal 0 0 1
    outer loop
      vertex -7.1 -24.847 1.4
      vertex -6.2 -24.847 1.4
      vertex -7.08203 -24.5729 1.4
    endloop
  endfacet
  facet normal 0 0 1
    outer loop
      vertex -6.18973 -25.0036 1.4
      vertex -7.08203 -25.1211 1.4
      vertex -7.02844 -25.3905 1.4
    endloop
  endfacet
  facet normal 0 0 1
    outer loop
      vertex -6.2 -24.847 1.4
      vertex -7.1 -24.847 1.4
      vertex -7.08203 -25.1211 1.4
    endloop
  endfacet
  facet normal 0.4423 0.896867 -0
    outer loop
      vertex -5.80363 -26.7871 1.4
      vertex -6.05 -26.6656 2.4
      vertex -5.80363 -26.7871 2.4
    endloop
  endfacet
  facet normal 0.4423 0.896867 0
    outer loop
      vertex -6.05 -26.6656 2.4
      vertex -5.80363 -26.7871 1.4
      vertex -6.05 -26.6656 1.4
    endloop
  endfacet
  facet normal -0.0656183 0.997845 0
    outer loop
      vertex 5.15663 -26.0367 0
      vertex 5 -26.047 1.4
      vertex 5.15663 -26.0367 1.4
    endloop
  endfacet
  facet normal -0.0656183 0.997845 0
    outer loop
      vertex 5 -26.047 1.4
      vertex 5.15663 -26.0367 0
      vertex 5 -26.047 0
    endloop
  endfacet
  facet normal -0.980801 -0.195014 0
    outer loop
      vertex 6.18973 -24.6904 0
      vertex 6.15911 -24.5364 1.4
      vertex 6.15911 -24.5364 0
    endloop
  endfacet
  facet normal -0.980801 -0.195014 0
    outer loop
      vertex 6.15911 -24.5364 1.4
      vertex 6.18973 -24.6904 0
      vertex 6.18973 -24.6904 1.4
    endloop
  endfacet
  facet normal -0.997856 -0.0654405 0
    outer loop
      vertex 6.2 -24.847 0
      vertex 6.18973 -24.6904 1.4
      vertex 6.18973 -24.6904 0
    endloop
  endfacet
  facet normal -0.997856 -0.0654405 0
    outer loop
      vertex 6.18973 -24.6904 1.4
      vertex 6.2 -24.847 0
      vertex 6.2 -24.847 1.4
    endloop
  endfacet
  facet normal -0.946897 -0.321537 0
    outer loop
      vertex 6.15911 -24.5364 0
      vertex 6.10865 -24.3878 1.4
      vertex 6.10865 -24.3878 0
    endloop
  endfacet
  facet normal -0.946897 -0.321537 0
    outer loop
      vertex 6.10865 -24.3878 1.4
      vertex 6.15911 -24.5364 0
      vertex 6.15911 -24.5364 1.4
    endloop
  endfacet
  facet normal -0.321117 -0.94704 0
    outer loop
      vertex 5.31058 -23.6879 0
      vertex 5.45922 -23.7383 1.4
      vertex 5.31058 -23.6879 1.4
    endloop
  endfacet
  facet normal -0.321117 -0.94704 -0
    outer loop
      vertex 5.45922 -23.7383 1.4
      vertex 5.31058 -23.6879 0
      vertex 5.45922 -23.7383 0
    endloop
  endfacet
  facet normal -0.0656183 -0.997845 0
    outer loop
      vertex 5 -23.647 0
      vertex 5.15663 -23.6573 1.4
      vertex 5 -23.647 1.4
    endloop
  endfacet
  facet normal -0.0656183 -0.997845 -0
    outer loop
      vertex 5.15663 -23.6573 1.4
      vertex 5 -23.647 0
      vertex 5.15663 -23.6573 0
    endloop
  endfacet
  facet normal 0.659343 0.751842 -0
    outer loop
      vertex 4.26949 -25.799 0
      vertex 4.15147 -25.6955 1.4
      vertex 4.26949 -25.799 1.4
    endloop
  endfacet
  facet normal 0.659343 0.751842 0
    outer loop
      vertex 4.15147 -25.6955 1.4
      vertex 4.26949 -25.799 0
      vertex 4.15147 -25.6955 0
    endloop
  endfacet
  facet normal 0.997856 0.0654405 0
    outer loop
      vertex 3.81027 -25.0036 1.4
      vertex 3.8 -24.847 0
      vertex 3.8 -24.847 1.4
    endloop
  endfacet
  facet normal 0.997856 0.0654405 0
    outer loop
      vertex 3.8 -24.847 0
      vertex 3.81027 -25.0036 1.4
      vertex 3.81027 -25.0036 0
    endloop
  endfacet
  facet normal 0.659343 -0.751842 0
    outer loop
      vertex 4.15147 -23.9985 0
      vertex 4.26949 -23.895 1.4
      vertex 4.15147 -23.9985 1.4
    endloop
  endfacet
  facet normal 0.659343 -0.751842 0
    outer loop
      vertex 4.26949 -23.895 1.4
      vertex 4.15147 -23.9985 0
      vertex 4.26949 -23.895 0
    endloop
  endfacet
  facet normal -0.751818 -0.65937 0
    outer loop
      vertex 5.95202 -24.1165 0
      vertex 5.84853 -23.9985 1.4
      vertex 5.84853 -23.9985 0
    endloop
  endfacet
  facet normal -0.751818 -0.65937 0
    outer loop
      vertex 5.84853 -23.9985 1.4
      vertex 5.95202 -24.1165 0
      vertex 5.95202 -24.1165 1.4
    endloop
  endfacet
  facet normal -0.997856 0.0654405 0
    outer loop
      vertex 6.18973 -25.0036 0
      vertex 6.2 -24.847 1.4
      vertex 6.2 -24.847 0
    endloop
  endfacet
  facet normal -0.997856 0.0654405 0
    outer loop
      vertex 6.2 -24.847 1.4
      vertex 6.18973 -25.0036 0
      vertex 6.18973 -25.0036 1.4
    endloop
  endfacet
  facet normal -0.442673 -0.896683 0
    outer loop
      vertex 5.45922 -23.7383 0
      vertex 5.6 -23.8078 1.4
      vertex 5.45922 -23.7383 1.4
    endloop
  endfacet
  facet normal -0.442673 -0.896683 -0
    outer loop
      vertex 5.6 -23.8078 1.4
      vertex 5.45922 -23.7383 0
      vertex 5.6 -23.8078 0
    endloop
  endfacet
  facet normal -0.89691 0.442212 0
    outer loop
      vertex 6.03923 -25.447 0
      vertex 6.10865 -25.3062 1.4
      vertex 6.10865 -25.3062 0
    endloop
  endfacet
  facet normal -0.89691 0.442212 0
    outer loop
      vertex 6.10865 -25.3062 1.4
      vertex 6.03923 -25.447 0
      vertex 6.03923 -25.447 1.4
    endloop
  endfacet
  facet normal 0.321688 0.946846 -0
    outer loop
      vertex 4.68942 -26.0061 0
      vertex 4.54078 -25.9556 1.4
      vertex 4.68942 -26.0061 1.4
    endloop
  endfacet
  facet normal 0.321688 0.946846 0
    outer loop
      vertex 4.54078 -25.9556 1.4
      vertex 4.68942 -26.0061 0
      vertex 4.54078 -25.9556 0
    endloop
  endfacet
  facet normal -0.831432 -0.555626 0
    outer loop
      vertex 6.03923 -24.247 0
      vertex 5.95202 -24.1165 1.4
      vertex 5.95202 -24.1165 0
    endloop
  endfacet
  facet normal -0.831432 -0.555626 0
    outer loop
      vertex 5.95202 -24.1165 1.4
      vertex 6.03923 -24.247 0
      vertex 6.03923 -24.247 1.4
    endloop
  endfacet
  facet normal -0.89691 -0.442212 0
    outer loop
      vertex 6.10865 -24.3878 0
      vertex 6.03923 -24.247 1.4
      vertex 6.03923 -24.247 0
    endloop
  endfacet
  facet normal -0.89691 -0.442212 0
    outer loop
      vertex 6.03923 -24.247 1.4
      vertex 6.10865 -24.3878 0
      vertex 6.10865 -24.3878 1.4
    endloop
  endfacet
  facet normal 0.831432 0.555626 0
    outer loop
      vertex 4.04798 -25.5775 1.4
      vertex 3.96077 -25.447 0
      vertex 3.96077 -25.447 1.4
    endloop
  endfacet
  facet normal 0.831432 0.555626 0
    outer loop
      vertex 3.96077 -25.447 0
      vertex 4.04798 -25.5775 1.4
      vertex 4.04798 -25.5775 0
    endloop
  endfacet
  facet normal -0.44216 0.896936 0
    outer loop
      vertex 5.6 -25.8862 0
      vertex 5.45922 -25.9556 1.4
      vertex 5.6 -25.8862 1.4
    endloop
  endfacet
  facet normal -0.44216 0.896936 0
    outer loop
      vertex 5.45922 -25.9556 1.4
      vertex 5.6 -25.8862 0
      vertex 5.45922 -25.9556 0
    endloop
  endfacet
  facet normal 0.997856 -0.0654405 0
    outer loop
      vertex 3.8 -24.847 1.4
      vertex 3.81027 -24.6904 0
      vertex 3.81027 -24.6904 1.4
    endloop
  endfacet
  facet normal 0.997856 -0.0654405 0
    outer loop
      vertex 3.81027 -24.6904 0
      vertex 3.8 -24.847 1.4
      vertex 3.8 -24.847 0
    endloop
  endfacet
  facet normal 0.442673 -0.896683 0
    outer loop
      vertex 4.4 -23.8078 0
      vertex 4.54078 -23.7383 1.4
      vertex 4.4 -23.8078 1.4
    endloop
  endfacet
  facet normal 0.442673 -0.896683 0
    outer loop
      vertex 4.54078 -23.7383 1.4
      vertex 4.4 -23.8078 0
      vertex 4.54078 -23.7383 0
    endloop
  endfacet
  facet normal -0.194952 -0.980813 0
    outer loop
      vertex 5.15663 -23.6573 0
      vertex 5.31058 -23.6879 1.4
      vertex 5.15663 -23.6573 1.4
    endloop
  endfacet
  facet normal -0.194952 -0.980813 -0
    outer loop
      vertex 5.31058 -23.6879 1.4
      vertex 5.15663 -23.6573 0
      vertex 5.31058 -23.6879 0
    endloop
  endfacet
  facet normal 0.751818 -0.65937 0
    outer loop
      vertex 4.04798 -24.1165 1.4
      vertex 4.15147 -23.9985 0
      vertex 4.15147 -23.9985 1.4
    endloop
  endfacet
  facet normal 0.751818 -0.65937 0
    outer loop
      vertex 4.15147 -23.9985 0
      vertex 4.04798 -24.1165 1.4
      vertex 4.04798 -24.1165 0
    endloop
  endfacet
  facet normal 0.946897 0.321537 0
    outer loop
      vertex 3.89135 -25.3062 1.4
      vertex 3.84089 -25.1576 0
      vertex 3.84089 -25.1576 1.4
    endloop
  endfacet
  facet normal 0.946897 0.321537 0
    outer loop
      vertex 3.84089 -25.1576 0
      vertex 3.89135 -25.3062 1.4
      vertex 3.89135 -25.3062 0
    endloop
  endfacet
  facet normal -0.946897 0.321537 0
    outer loop
      vertex 6.10865 -25.3062 0
      vertex 6.15911 -25.1576 1.4
      vertex 6.15911 -25.1576 0
    endloop
  endfacet
  facet normal -0.946897 0.321537 0
    outer loop
      vertex 6.15911 -25.1576 1.4
      vertex 6.10865 -25.3062 0
      vertex 6.10865 -25.3062 1.4
    endloop
  endfacet
  facet normal 0.980801 -0.195014 0
    outer loop
      vertex 3.81027 -24.6904 1.4
      vertex 3.84089 -24.5364 0
      vertex 3.84089 -24.5364 1.4
    endloop
  endfacet
  facet normal 0.980801 -0.195014 0
    outer loop
      vertex 3.84089 -24.5364 0
      vertex 3.81027 -24.6904 1.4
      vertex 3.81027 -24.6904 0
    endloop
  endfacet
  facet normal 0.44216 0.896936 -0
    outer loop
      vertex 4.54078 -25.9556 0
      vertex 4.4 -25.8862 1.4
      vertex 4.54078 -25.9556 1.4
    endloop
  endfacet
  facet normal 0.44216 0.896936 0
    outer loop
      vertex 4.4 -25.8862 1.4
      vertex 4.54078 -25.9556 0
      vertex 4.4 -25.8862 0
    endloop
  endfacet
  facet normal 0.555553 -0.831481 0
    outer loop
      vertex 4.26949 -23.895 0
      vertex 4.4 -23.8078 1.4
      vertex 4.26949 -23.895 1.4
    endloop
  endfacet
  facet normal 0.555553 -0.831481 0
    outer loop
      vertex 4.4 -23.8078 1.4
      vertex 4.26949 -23.895 0
      vertex 4.4 -23.8078 0
    endloop
  endfacet
  facet normal -0.659343 0.751842 0
    outer loop
      vertex 5.84853 -25.6955 0
      vertex 5.73051 -25.799 1.4
      vertex 5.84853 -25.6955 1.4
    endloop
  endfacet
  facet normal -0.659343 0.751842 0
    outer loop
      vertex 5.73051 -25.799 1.4
      vertex 5.84853 -25.6955 0
      vertex 5.73051 -25.799 0
    endloop
  endfacet
  facet normal 0.321117 -0.94704 0
    outer loop
      vertex 4.54078 -23.7383 0
      vertex 4.68942 -23.6879 1.4
      vertex 4.54078 -23.7383 1.4
    endloop
  endfacet
  facet normal 0.321117 -0.94704 0
    outer loop
      vertex 4.68942 -23.6879 1.4
      vertex 4.54078 -23.7383 0
      vertex 4.68942 -23.6879 0
    endloop
  endfacet
  facet normal -0.831432 0.555626 0
    outer loop
      vertex 5.95202 -25.5775 0
      vertex 6.03923 -25.447 1.4
      vertex 6.03923 -25.447 0
    endloop
  endfacet
  facet normal -0.831432 0.555626 0
    outer loop
      vertex 6.03923 -25.447 1.4
      vertex 5.95202 -25.5775 0
      vertex 5.95202 -25.5775 1.4
    endloop
  endfacet
  facet normal -0.555553 0.831481 0
    outer loop
      vertex 5.73051 -25.799 0
      vertex 5.6 -25.8862 1.4
      vertex 5.73051 -25.799 1.4
    endloop
  endfacet
  facet normal -0.555553 0.831481 0
    outer loop
      vertex 5.6 -25.8862 1.4
      vertex 5.73051 -25.799 0
      vertex 5.6 -25.8862 0
    endloop
  endfacet
  facet normal -0.751818 0.65937 0
    outer loop
      vertex 5.84853 -25.6955 0
      vertex 5.95202 -25.5775 1.4
      vertex 5.95202 -25.5775 0
    endloop
  endfacet
  facet normal -0.751818 0.65937 0
    outer loop
      vertex 5.95202 -25.5775 1.4
      vertex 5.84853 -25.6955 0
      vertex 5.84853 -25.6955 1.4
    endloop
  endfacet
  facet normal -0.980801 0.195014 0
    outer loop
      vertex 6.15911 -25.1576 0
      vertex 6.18973 -25.0036 1.4
      vertex 6.18973 -25.0036 0
    endloop
  endfacet
  facet normal -0.980801 0.195014 0
    outer loop
      vertex 6.18973 -25.0036 1.4
      vertex 6.15911 -25.1576 0
      vertex 6.15911 -25.1576 1.4
    endloop
  endfacet
  facet normal 0.0656183 -0.997845 0
    outer loop
      vertex 4.84337 -23.6573 0
      vertex 5 -23.647 1.4
      vertex 4.84337 -23.6573 1.4
    endloop
  endfacet
  facet normal 0.0656183 -0.997845 0
    outer loop
      vertex 5 -23.647 1.4
      vertex 4.84337 -23.6573 0
      vertex 5 -23.647 0
    endloop
  endfacet
  facet normal 0.89691 0.442212 0
    outer loop
      vertex 3.96077 -25.447 1.4
      vertex 3.89135 -25.3062 0
      vertex 3.89135 -25.3062 1.4
    endloop
  endfacet
  facet normal 0.89691 0.442212 0
    outer loop
      vertex 3.89135 -25.3062 0
      vertex 3.96077 -25.447 1.4
      vertex 3.96077 -25.447 0
    endloop
  endfacet
  facet normal 0.555553 0.831481 -0
    outer loop
      vertex 4.4 -25.8862 0
      vertex 4.26949 -25.799 1.4
      vertex 4.4 -25.8862 1.4
    endloop
  endfacet
  facet normal 0.555553 0.831481 0
    outer loop
      vertex 4.26949 -25.799 1.4
      vertex 4.4 -25.8862 0
      vertex 4.26949 -25.799 0
    endloop
  endfacet
  facet normal 0.89691 -0.442212 0
    outer loop
      vertex 3.89135 -24.3878 1.4
      vertex 3.96077 -24.247 0
      vertex 3.96077 -24.247 1.4
    endloop
  endfacet
  facet normal 0.89691 -0.442212 0
    outer loop
      vertex 3.96077 -24.247 0
      vertex 3.89135 -24.3878 1.4
      vertex 3.89135 -24.3878 0
    endloop
  endfacet
  facet normal -0.555553 -0.831481 0
    outer loop
      vertex 5.6 -23.8078 0
      vertex 5.73051 -23.895 1.4
      vertex 5.6 -23.8078 1.4
    endloop
  endfacet
  facet normal -0.555553 -0.831481 -0
    outer loop
      vertex 5.73051 -23.895 1.4
      vertex 5.6 -23.8078 0
      vertex 5.73051 -23.895 0
    endloop
  endfacet
  facet normal 0.980801 0.195014 0
    outer loop
      vertex 3.84089 -25.1576 1.4
      vertex 3.81027 -25.0036 0
      vertex 3.81027 -25.0036 1.4
    endloop
  endfacet
  facet normal 0.980801 0.195014 0
    outer loop
      vertex 3.81027 -25.0036 0
      vertex 3.84089 -25.1576 1.4
      vertex 3.84089 -25.1576 0
    endloop
  endfacet
  facet normal -0.321688 0.946846 0
    outer loop
      vertex 5.45922 -25.9556 0
      vertex 5.31058 -26.0061 1.4
      vertex 5.45922 -25.9556 1.4
    endloop
  endfacet
  facet normal -0.321688 0.946846 0
    outer loop
      vertex 5.31058 -26.0061 1.4
      vertex 5.45922 -25.9556 0
      vertex 5.31058 -26.0061 0
    endloop
  endfacet
  facet normal -0.659343 -0.751842 0
    outer loop
      vertex 5.73051 -23.895 0
      vertex 5.84853 -23.9985 1.4
      vertex 5.73051 -23.895 1.4
    endloop
  endfacet
  facet normal -0.659343 -0.751842 -0
    outer loop
      vertex 5.84853 -23.9985 1.4
      vertex 5.73051 -23.895 0
      vertex 5.84853 -23.9985 0
    endloop
  endfacet
  facet normal -0.194952 0.980813 0
    outer loop
      vertex 5.31058 -26.0061 0
      vertex 5.15663 -26.0367 1.4
      vertex 5.31058 -26.0061 1.4
    endloop
  endfacet
  facet normal -0.194952 0.980813 0
    outer loop
      vertex 5.15663 -26.0367 1.4
      vertex 5.31058 -26.0061 0
      vertex 5.15663 -26.0367 0
    endloop
  endfacet
  facet normal 0.946897 -0.321537 0
    outer loop
      vertex 3.84089 -24.5364 1.4
      vertex 3.89135 -24.3878 0
      vertex 3.89135 -24.3878 1.4
    endloop
  endfacet
  facet normal 0.946897 -0.321537 0
    outer loop
      vertex 3.89135 -24.3878 0
      vertex 3.84089 -24.5364 1.4
      vertex 3.84089 -24.5364 0
    endloop
  endfacet
  facet normal 0.194952 -0.980813 0
    outer loop
      vertex 4.68942 -23.6879 0
      vertex 4.84337 -23.6573 1.4
      vertex 4.68942 -23.6879 1.4
    endloop
  endfacet
  facet normal 0.194952 -0.980813 0
    outer loop
      vertex 4.84337 -23.6573 1.4
      vertex 4.68942 -23.6879 0
      vertex 4.84337 -23.6573 0
    endloop
  endfacet
  facet normal 0.0656183 0.997845 -0
    outer loop
      vertex 5 -26.047 0
      vertex 4.84337 -26.0367 1.4
      vertex 5 -26.047 1.4
    endloop
  endfacet
  facet normal 0.0656183 0.997845 0
    outer loop
      vertex 4.84337 -26.0367 1.4
      vertex 5 -26.047 0
      vertex 4.84337 -26.0367 0
    endloop
  endfacet
  facet normal 0.751818 0.65937 0
    outer loop
      vertex 4.15147 -25.6955 1.4
      vertex 4.04798 -25.5775 0
      vertex 4.04798 -25.5775 1.4
    endloop
  endfacet
  facet normal 0.751818 0.65937 0
    outer loop
      vertex 4.04798 -25.5775 0
      vertex 4.15147 -25.6955 1.4
      vertex 4.15147 -25.6955 0
    endloop
  endfacet
  facet normal 0.194952 0.980813 -0
    outer loop
      vertex 4.84337 -26.0367 0
      vertex 4.68942 -26.0061 1.4
      vertex 4.84337 -26.0367 1.4
    endloop
  endfacet
  facet normal 0.194952 0.980813 0
    outer loop
      vertex 4.68942 -26.0061 1.4
      vertex 4.84337 -26.0367 0
      vertex 4.68942 -26.0061 0
    endloop
  endfacet
  facet normal 0.831432 -0.555626 0
    outer loop
      vertex 3.96077 -24.247 1.4
      vertex 4.04798 -24.1165 0
      vertex 4.04798 -24.1165 1.4
    endloop
  endfacet
  facet normal 0.831432 -0.555626 0
    outer loop
      vertex 4.04798 -24.1165 0
      vertex 3.96077 -24.247 1.4
      vertex 3.96077 -24.247 0
    endloop
  endfacet
  facet normal -0.751796 0.659396 0
    outer loop
      vertex 6.48492 -26.3319 1.4
      vertex 6.66604 -26.1254 2.4
      vertex 6.66604 -26.1254 1.4
    endloop
  endfacet
  facet normal -0.751796 0.659396 0
    outer loop
      vertex 6.66604 -26.1254 2.4
      vertex 6.48492 -26.3319 1.4
      vertex 6.48492 -26.3319 2.4
    endloop
  endfacet
  facet normal -0.980783 -0.195101 0
    outer loop
      vertex 7.08203 -24.5729 1.4
      vertex 7.02844 -24.3035 2.4
      vertex 7.02844 -24.3035 1.4
    endloop
  endfacet
  facet normal -0.980783 -0.195101 0
    outer loop
      vertex 7.02844 -24.3035 2.4
      vertex 7.08203 -24.5729 1.4
      vertex 7.08203 -24.5729 2.4
    endloop
  endfacet
  facet normal -0.997858 -0.0654196 0
    outer loop
      vertex 7.1 -24.847 1.4
      vertex 7.08203 -24.5729 2.4
      vertex 7.08203 -24.5729 1.4
    endloop
  endfacet
  facet normal -0.997858 -0.0654196 0
    outer loop
      vertex 7.08203 -24.5729 2.4
      vertex 7.1 -24.847 1.4
      vertex 7.1 -24.847 2.4
    endloop
  endfacet
  facet normal -0.946932 -0.321433 0
    outer loop
      vertex 7.02844 -24.3035 1.4
      vertex 6.94015 -24.0434 2.4
      vertex 6.94015 -24.0434 1.4
    endloop
  endfacet
  facet normal -0.946932 -0.321433 0
    outer loop
      vertex 6.94015 -24.0434 2.4
      vertex 7.02844 -24.3035 1.4
      vertex 7.02844 -24.3035 2.4
    endloop
  endfacet
  facet normal -0.831473 -0.555565 0
    outer loop
      vertex 6.81865 -23.797 1.4
      vertex 6.66604 -23.5686 2.4
      vertex 6.66604 -23.5686 1.4
    endloop
  endfacet
  facet normal -0.831473 -0.555565 0
    outer loop
      vertex 6.66604 -23.5686 2.4
      vertex 6.81865 -23.797 1.4
      vertex 6.81865 -23.797 2.4
    endloop
  endfacet
  facet normal 0.55554 0.83149 -0
    outer loop
      vertex 3.95 -26.6656 1.4
      vertex 3.7216 -26.513 2.4
      vertex 3.95 -26.6656 2.4
    endloop
  endfacet
  facet normal 0.55554 0.83149 0
    outer loop
      vertex 3.7216 -26.513 2.4
      vertex 3.95 -26.6656 1.4
      vertex 3.7216 -26.513 1.4
    endloop
  endfacet
  facet normal -0.194772 -0.980849 0
    outer loop
      vertex 5.2741 -22.765 1.4
      vertex 5.54352 -22.8185 2.4
      vertex 5.2741 -22.765 2.4
    endloop
  endfacet
  facet normal -0.194772 -0.980849 -0
    outer loop
      vertex 5.54352 -22.8185 2.4
      vertex 5.2741 -22.765 1.4
      vertex 5.54352 -22.8185 1.4
    endloop
  endfacet
  facet normal -0.997858 0.0654196 0
    outer loop
      vertex 7.08203 -25.1211 1.4
      vertex 7.1 -24.847 2.4
      vertex 7.1 -24.847 1.4
    endloop
  endfacet
  facet normal -0.997858 0.0654196 0
    outer loop
      vertex 7.1 -24.847 2.4
      vertex 7.08203 -25.1211 1.4
      vertex 7.08203 -25.1211 2.4
    endloop
  endfacet
  facet normal -0.896889 -0.442256 0
    outer loop
      vertex 6.94015 -24.0434 1.4
      vertex 6.81865 -23.797 2.4
      vertex 6.81865 -23.797 1.4
    endloop
  endfacet
  facet normal -0.896889 -0.442256 0
    outer loop
      vertex 6.81865 -23.797 2.4
      vertex 6.94015 -24.0434 1.4
      vertex 6.94015 -24.0434 2.4
    endloop
  endfacet
  facet normal 0.946932 0.321433 0
    outer loop
      vertex 3.05985 -25.6506 2.4
      vertex 2.97156 -25.3905 1.4
      vertex 2.97156 -25.3905 2.4
    endloop
  endfacet
  facet normal 0.946932 0.321433 0
    outer loop
      vertex 2.97156 -25.3905 1.4
      vertex 3.05985 -25.6506 2.4
      vertex 3.05985 -25.6506 1.4
    endloop
  endfacet
  facet normal 0.980783 -0.195101 0
    outer loop
      vertex 2.91797 -24.5729 2.4
      vertex 2.97156 -24.3035 1.4
      vertex 2.97156 -24.3035 2.4
    endloop
  endfacet
  facet normal 0.980783 -0.195101 0
    outer loop
      vertex 2.97156 -24.3035 1.4
      vertex 2.91797 -24.5729 2.4
      vertex 2.91797 -24.5729 1.4
    endloop
  endfacet
  facet normal 0.659319 0.751864 -0
    outer loop
      vertex 3.7216 -26.513 1.4
      vertex 3.51508 -26.3319 2.4
      vertex 3.7216 -26.513 2.4
    endloop
  endfacet
  facet normal 0.659319 0.751864 0
    outer loop
      vertex 3.51508 -26.3319 2.4
      vertex 3.7216 -26.513 1.4
      vertex 3.51508 -26.3319 1.4
    endloop
  endfacet
  facet normal 0.194772 -0.980849 0
    outer loop
      vertex 4.45648 -22.8185 1.4
      vertex 4.7259 -22.765 2.4
      vertex 4.45648 -22.8185 2.4
    endloop
  endfacet
  facet normal 0.194772 -0.980849 0
    outer loop
      vertex 4.7259 -22.765 2.4
      vertex 4.45648 -22.8185 1.4
      vertex 4.7259 -22.765 1.4
    endloop
  endfacet
  facet normal -0.195122 0.980779 0
    outer loop
      vertex 5.54352 -26.8754 1.4
      vertex 5.2741 -26.929 2.4
      vertex 5.54352 -26.8754 2.4
    endloop
  endfacet
  facet normal -0.195122 0.980779 0
    outer loop
      vertex 5.2741 -26.929 2.4
      vertex 5.54352 -26.8754 1.4
      vertex 5.2741 -26.929 1.4
    endloop
  endfacet
  facet normal -0.4423 0.896867 0
    outer loop
      vertex 6.05 -26.6656 1.4
      vertex 5.80363 -26.7871 2.4
      vertex 6.05 -26.6656 2.4
    endloop
  endfacet
  facet normal -0.4423 0.896867 0
    outer loop
      vertex 5.80363 -26.7871 2.4
      vertex 6.05 -26.6656 1.4
      vertex 5.80363 -26.7871 1.4
    endloop
  endfacet
  facet normal 0.831473 -0.555565 0
    outer loop
      vertex 3.18135 -23.797 2.4
      vertex 3.33396 -23.5686 1.4
      vertex 3.33396 -23.5686 2.4
    endloop
  endfacet
  facet normal 0.831473 -0.555565 0
    outer loop
      vertex 3.33396 -23.5686 1.4
      vertex 3.18135 -23.797 2.4
      vertex 3.18135 -23.797 1.4
    endloop
  endfacet
  facet normal -0.555792 -0.831322 0
    outer loop
      vertex 6.05 -23.0283 1.4
      vertex 6.2784 -23.181 2.4
      vertex 6.05 -23.0283 2.4
    endloop
  endfacet
  facet normal -0.555792 -0.831322 -0
    outer loop
      vertex 6.2784 -23.181 2.4
      vertex 6.05 -23.0283 1.4
      vertex 6.2784 -23.181 1.4
    endloop
  endfacet
  facet normal -0.831473 0.555565 0
    outer loop
      vertex 6.66604 -26.1254 1.4
      vertex 6.81865 -25.897 2.4
      vertex 6.81865 -25.897 1.4
    endloop
  endfacet
  facet normal -0.831473 0.555565 0
    outer loop
      vertex 6.81865 -25.897 2.4
      vertex 6.66604 -26.1254 1.4
      vertex 6.66604 -26.1254 2.4
    endloop
  endfacet
  facet normal -0.4423 -0.896867 0
    outer loop
      vertex 5.80363 -22.9068 1.4
      vertex 6.05 -23.0283 2.4
      vertex 5.80363 -22.9068 2.4
    endloop
  endfacet
  facet normal -0.4423 -0.896867 -0
    outer loop
      vertex 6.05 -23.0283 2.4
      vertex 5.80363 -22.9068 1.4
      vertex 6.05 -23.0283 1.4
    endloop
  endfacet
  facet normal -0.980783 0.195101 0
    outer loop
      vertex 7.02844 -25.3905 1.4
      vertex 7.08203 -25.1211 2.4
      vertex 7.08203 -25.1211 1.4
    endloop
  endfacet
  facet normal -0.980783 0.195101 0
    outer loop
      vertex 7.08203 -25.1211 2.4
      vertex 7.02844 -25.3905 1.4
      vertex 7.02844 -25.3905 2.4
    endloop
  endfacet
  facet normal 0.321454 -0.946925 0
    outer loop
      vertex 4.19637 -22.9068 1.4
      vertex 4.45648 -22.8185 2.4
      vertex 4.19637 -22.9068 2.4
    endloop
  endfacet
  facet normal 0.321454 -0.946925 0
    outer loop
      vertex 4.45648 -22.8185 2.4
      vertex 4.19637 -22.9068 1.4
      vertex 4.45648 -22.8185 1.4
    endloop
  endfacet
  facet normal 0.4423 -0.896867 0
    outer loop
      vertex 3.95 -23.0283 1.4
      vertex 4.19637 -22.9068 2.4
      vertex 3.95 -23.0283 2.4
    endloop
  endfacet
  facet normal 0.4423 -0.896867 0
    outer loop
      vertex 4.19637 -22.9068 2.4
      vertex 3.95 -23.0283 1.4
      vertex 4.19637 -22.9068 1.4
    endloop
  endfacet
  facet normal 0.555792 -0.831322 0
    outer loop
      vertex 3.7216 -23.181 1.4
      vertex 3.95 -23.0283 2.4
      vertex 3.7216 -23.181 2.4
    endloop
  endfacet
  facet normal 0.555792 -0.831322 0
    outer loop
      vertex 3.95 -23.0283 2.4
      vertex 3.7216 -23.181 1.4
      vertex 3.95 -23.0283 1.4
    endloop
  endfacet
  facet normal -0.659319 0.751864 0
    outer loop
      vertex 6.48492 -26.3319 1.4
      vertex 6.2784 -26.513 2.4
      vertex 6.48492 -26.3319 2.4
    endloop
  endfacet
  facet normal -0.659319 0.751864 0
    outer loop
      vertex 6.2784 -26.513 2.4
      vertex 6.48492 -26.3319 1.4
      vertex 6.2784 -26.513 1.4
    endloop
  endfacet
  facet normal 0.751796 -0.659396 0
    outer loop
      vertex 3.33396 -23.5686 2.4
      vertex 3.51508 -23.3621 1.4
      vertex 3.51508 -23.3621 2.4
    endloop
  endfacet
  facet normal 0.751796 -0.659396 0
    outer loop
      vertex 3.51508 -23.3621 1.4
      vertex 3.33396 -23.5686 2.4
      vertex 3.33396 -23.5686 1.4
    endloop
  endfacet
  facet normal -0.0655283 -0.997851 0
    outer loop
      vertex 5 -22.747 1.4
      vertex 5.2741 -22.765 2.4
      vertex 5 -22.747 2.4
    endloop
  endfacet
  facet normal -0.0655283 -0.997851 -0
    outer loop
      vertex 5.2741 -22.765 2.4
      vertex 5 -22.747 1.4
      vertex 5.2741 -22.765 1.4
    endloop
  endfacet
  facet normal -0.321454 0.946925 0
    outer loop
      vertex 5.80363 -26.7871 1.4
      vertex 5.54352 -26.8754 2.4
      vertex 5.80363 -26.7871 2.4
    endloop
  endfacet
  facet normal -0.321454 0.946925 0
    outer loop
      vertex 5.54352 -26.8754 2.4
      vertex 5.80363 -26.7871 1.4
      vertex 5.54352 -26.8754 1.4
    endloop
  endfacet
  facet normal 0.321454 0.946925 -0
    outer loop
      vertex 4.45648 -26.8754 1.4
      vertex 4.19637 -26.7871 2.4
      vertex 4.45648 -26.8754 2.4
    endloop
  endfacet
  facet normal 0.321454 0.946925 0
    outer loop
      vertex 4.19637 -26.7871 2.4
      vertex 4.45648 -26.8754 1.4
      vertex 4.19637 -26.7871 1.4
    endloop
  endfacet
  facet normal 0.751796 0.659396 0
    outer loop
      vertex 3.51508 -26.3319 2.4
      vertex 3.33396 -26.1254 1.4
      vertex 3.33396 -26.1254 2.4
    endloop
  endfacet
  facet normal 0.751796 0.659396 0
    outer loop
      vertex 3.33396 -26.1254 1.4
      vertex 3.51508 -26.3319 2.4
      vertex 3.51508 -26.3319 1.4
    endloop
  endfacet
  facet normal 0.896889 -0.442256 0
    outer loop
      vertex 3.05985 -24.0434 2.4
      vertex 3.18135 -23.797 1.4
      vertex 3.18135 -23.797 2.4
    endloop
  endfacet
  facet normal 0.896889 -0.442256 0
    outer loop
      vertex 3.18135 -23.797 1.4
      vertex 3.05985 -24.0434 2.4
      vertex 3.05985 -24.0434 1.4
    endloop
  endfacet
  facet normal -0.896889 0.442256 0
    outer loop
      vertex 6.81865 -25.897 1.4
      vertex 6.94015 -25.6506 2.4
      vertex 6.94015 -25.6506 1.4
    endloop
  endfacet
  facet normal -0.896889 0.442256 0
    outer loop
      vertex 6.94015 -25.6506 2.4
      vertex 6.81865 -25.897 1.4
      vertex 6.81865 -25.897 2.4
    endloop
  endfacet
  facet normal 0.0655283 -0.997851 0
    outer loop
      vertex 4.7259 -22.765 1.4
      vertex 5 -22.747 2.4
      vertex 4.7259 -22.765 2.4
    endloop
  endfacet
  facet normal 0.0655283 -0.997851 0
    outer loop
      vertex 5 -22.747 2.4
      vertex 4.7259 -22.765 1.4
      vertex 5 -22.747 1.4
    endloop
  endfacet
  facet normal 0.946932 -0.321433 0
    outer loop
      vertex 2.97156 -24.3035 2.4
      vertex 3.05985 -24.0434 1.4
      vertex 3.05985 -24.0434 2.4
    endloop
  endfacet
  facet normal 0.946932 -0.321433 0
    outer loop
      vertex 3.05985 -24.0434 1.4
      vertex 2.97156 -24.3035 2.4
      vertex 2.97156 -24.3035 1.4
    endloop
  endfacet
  facet normal -0.321454 -0.946925 0
    outer loop
      vertex 5.54352 -22.8185 1.4
      vertex 5.80363 -22.9068 2.4
      vertex 5.54352 -22.8185 2.4
    endloop
  endfacet
  facet normal -0.321454 -0.946925 -0
    outer loop
      vertex 5.80363 -22.9068 2.4
      vertex 5.54352 -22.8185 1.4
      vertex 5.80363 -22.9068 1.4
    endloop
  endfacet
  facet normal -0.946932 0.321433 0
    outer loop
      vertex 6.94015 -25.6506 1.4
      vertex 7.02844 -25.3905 2.4
      vertex 7.02844 -25.3905 1.4
    endloop
  endfacet
  facet normal -0.946932 0.321433 0
    outer loop
      vertex 7.02844 -25.3905 2.4
      vertex 6.94015 -25.6506 1.4
      vertex 6.94015 -25.6506 2.4
    endloop
  endfacet
  facet normal 0.980783 0.195101 0
    outer loop
      vertex 2.97156 -25.3905 2.4
      vertex 2.91797 -25.1211 1.4
      vertex 2.91797 -25.1211 2.4
    endloop
  endfacet
  facet normal 0.980783 0.195101 0
    outer loop
      vertex 2.91797 -25.1211 1.4
      vertex 2.97156 -25.3905 2.4
      vertex 2.97156 -25.3905 1.4
    endloop
  endfacet
  facet normal -0.751796 -0.659396 0
    outer loop
      vertex 6.66604 -23.5686 1.4
      vertex 6.48492 -23.3621 2.4
      vertex 6.48492 -23.3621 1.4
    endloop
  endfacet
  facet normal -0.751796 -0.659396 0
    outer loop
      vertex 6.48492 -23.3621 2.4
      vertex 6.66604 -23.5686 1.4
      vertex 6.66604 -23.5686 2.4
    endloop
  endfacet
  facet normal 0.659319 -0.751864 0
    outer loop
      vertex 3.51508 -23.3621 1.4
      vertex 3.7216 -23.181 2.4
      vertex 3.51508 -23.3621 2.4
    endloop
  endfacet
  facet normal 0.659319 -0.751864 0
    outer loop
      vertex 3.7216 -23.181 2.4
      vertex 3.51508 -23.3621 1.4
      vertex 3.7216 -23.181 1.4
    endloop
  endfacet
  facet normal 0.896889 0.442256 0
    outer loop
      vertex 3.18135 -25.897 2.4
      vertex 3.05985 -25.6506 1.4
      vertex 3.05985 -25.6506 2.4
    endloop
  endfacet
  facet normal 0.896889 0.442256 0
    outer loop
      vertex 3.05985 -25.6506 1.4
      vertex 3.18135 -25.897 2.4
      vertex 3.18135 -25.897 1.4
    endloop
  endfacet
  facet normal -0.0655283 0.997851 0
    outer loop
      vertex 5.2741 -26.929 1.4
      vertex 5 -26.947 2.4
      vertex 5.2741 -26.929 2.4
    endloop
  endfacet
  facet normal -0.0655283 0.997851 0
    outer loop
      vertex 5 -26.947 2.4
      vertex 5.2741 -26.929 1.4
      vertex 5 -26.947 1.4
    endloop
  endfacet
  facet normal 0.0655283 0.997851 -0
    outer loop
      vertex 5 -26.947 1.4
      vertex 4.7259 -26.929 2.4
      vertex 5 -26.947 2.4
    endloop
  endfacet
  facet normal 0.0655283 0.997851 0
    outer loop
      vertex 4.7259 -26.929 2.4
      vertex 5 -26.947 1.4
      vertex 4.7259 -26.929 1.4
    endloop
  endfacet
  facet normal 0.997858 -0.0654196 0
    outer loop
      vertex 2.9 -24.847 2.4
      vertex 2.91797 -24.5729 1.4
      vertex 2.91797 -24.5729 2.4
    endloop
  endfacet
  facet normal 0.997858 -0.0654196 0
    outer loop
      vertex 2.91797 -24.5729 1.4
      vertex 2.9 -24.847 2.4
      vertex 2.9 -24.847 1.4
    endloop
  endfacet
  facet normal -0.659319 -0.751864 0
    outer loop
      vertex 6.2784 -23.181 1.4
      vertex 6.48492 -23.3621 2.4
      vertex 6.2784 -23.181 2.4
    endloop
  endfacet
  facet normal -0.659319 -0.751864 -0
    outer loop
      vertex 6.48492 -23.3621 2.4
      vertex 6.2784 -23.181 1.4
      vertex 6.48492 -23.3621 1.4
    endloop
  endfacet
  facet normal 0.831473 0.555565 0
    outer loop
      vertex 3.33396 -26.1254 2.4
      vertex 3.18135 -25.897 1.4
      vertex 3.18135 -25.897 2.4
    endloop
  endfacet
  facet normal 0.831473 0.555565 0
    outer loop
      vertex 3.18135 -25.897 1.4
      vertex 3.33396 -26.1254 2.4
      vertex 3.33396 -26.1254 1.4
    endloop
  endfacet
  facet normal -0.55554 0.83149 0
    outer loop
      vertex 6.2784 -26.513 1.4
      vertex 6.05 -26.6656 2.4
      vertex 6.2784 -26.513 2.4
    endloop
  endfacet
  facet normal -0.55554 0.83149 0
    outer loop
      vertex 6.05 -26.6656 2.4
      vertex 6.2784 -26.513 1.4
      vertex 6.05 -26.6656 1.4
    endloop
  endfacet
  facet normal 0.997858 0.0654196 0
    outer loop
      vertex 2.91797 -25.1211 2.4
      vertex 2.9 -24.847 1.4
      vertex 2.9 -24.847 2.4
    endloop
  endfacet
  facet normal 0.997858 0.0654196 0
    outer loop
      vertex 2.9 -24.847 1.4
      vertex 2.91797 -25.1211 2.4
      vertex 2.91797 -25.1211 1.4
    endloop
  endfacet
  facet normal 0.195122 0.980779 -0
    outer loop
      vertex 4.7259 -26.929 1.4
      vertex 4.45648 -26.8754 2.4
      vertex 4.7259 -26.929 2.4
    endloop
  endfacet
  facet normal 0.195122 0.980779 0
    outer loop
      vertex 4.45648 -26.8754 2.4
      vertex 4.7259 -26.929 1.4
      vertex 4.45648 -26.8754 1.4
    endloop
  endfacet
  facet normal 0 0 1
    outer loop
      vertex 6.2 -24.847 1.4
      vertex 7.1 -24.847 1.4
      vertex 7.08203 -24.5729 1.4
    endloop
  endfacet
  facet normal 0 0 1
    outer loop
      vertex 6.18973 -24.6904 1.4
      vertex 7.08203 -24.5729 1.4
      vertex 7.02844 -24.3035 1.4
    endloop
  endfacet
  facet normal 0 0 1
    outer loop
      vertex 7.1 -24.847 1.4
      vertex 6.2 -24.847 1.4
      vertex 7.08203 -25.1211 1.4
    endloop
  endfacet
  facet normal 0 0 1
    outer loop
      vertex 6.15911 -24.5364 1.4
      vertex 7.02844 -24.3035 1.4
      vertex 6.94015 -24.0434 1.4
    endloop
  endfacet
  facet normal -0 0 1
    outer loop
      vertex 6.18973 -25.0036 1.4
      vertex 7.08203 -25.1211 1.4
      vertex 6.2 -24.847 1.4
    endloop
  endfacet
  facet normal 0 0 1
    outer loop
      vertex 6.10865 -24.3878 1.4
      vertex 6.94015 -24.0434 1.4
      vertex 6.81865 -23.797 1.4
    endloop
  endfacet
  facet normal 0 0 1
    outer loop
      vertex 7.08203 -25.1211 1.4
      vertex 6.18973 -25.0036 1.4
      vertex 7.02844 -25.3905 1.4
    endloop
  endfacet
  facet normal 0 0 1
    outer loop
      vertex 6.03923 -24.247 1.4
      vertex 6.81865 -23.797 1.4
      vertex 6.66604 -23.5686 1.4
    endloop
  endfacet
  facet normal -0 0 1
    outer loop
      vertex 6.15911 -25.1576 1.4
      vertex 7.02844 -25.3905 1.4
      vertex 6.18973 -25.0036 1.4
    endloop
  endfacet
  facet normal 0 0 1
    outer loop
      vertex 5.95202 -24.1165 1.4
      vertex 6.66604 -23.5686 1.4
      vertex 6.48492 -23.3621 1.4
    endloop
  endfacet
  facet normal 0 0 1
    outer loop
      vertex 7.02844 -25.3905 1.4
      vertex 6.15911 -25.1576 1.4
      vertex 6.94015 -25.6506 1.4
    endloop
  endfacet
  facet normal 0 0 1
    outer loop
      vertex 5.84853 -23.9985 1.4
      vertex 6.48492 -23.3621 1.4
      vertex 6.2784 -23.181 1.4
    endloop
  endfacet
  facet normal -0 0 1
    outer loop
      vertex 6.10865 -25.3062 1.4
      vertex 6.94015 -25.6506 1.4
      vertex 6.15911 -25.1576 1.4
    endloop
  endfacet
  facet normal 0 0 1
    outer loop
      vertex 6.94015 -25.6506 1.4
      vertex 6.10865 -25.3062 1.4
      vertex 6.81865 -25.897 1.4
    endloop
  endfacet
  facet normal 0 0 1
    outer loop
      vertex 7.08203 -24.5729 1.4
      vertex 6.18973 -24.6904 1.4
      vertex 6.2 -24.847 1.4
    endloop
  endfacet
  facet normal 0 0 1
    outer loop
      vertex 7.02844 -24.3035 1.4
      vertex 6.15911 -24.5364 1.4
      vertex 6.18973 -24.6904 1.4
    endloop
  endfacet
  facet normal 0 0 1
    outer loop
      vertex 6.94015 -24.0434 1.4
      vertex 6.10865 -24.3878 1.4
      vertex 6.15911 -24.5364 1.4
    endloop
  endfacet
  facet normal 0 0 1
    outer loop
      vertex 5.73051 -23.895 1.4
      vertex 6.2784 -23.181 1.4
      vertex 6.05 -23.0283 1.4
    endloop
  endfacet
  facet normal 0 0 1
    outer loop
      vertex 6.81865 -23.797 1.4
      vertex 6.03923 -24.247 1.4
      vertex 6.10865 -24.3878 1.4
    endloop
  endfacet
  facet normal 0 0 1
    outer loop
      vertex 6.66604 -23.5686 1.4
      vertex 5.95202 -24.1165 1.4
      vertex 6.03923 -24.247 1.4
    endloop
  endfacet
  facet normal 0 0 1
    outer loop
      vertex 6.48492 -23.3621 1.4
      vertex 5.84853 -23.9985 1.4
      vertex 5.95202 -24.1165 1.4
    endloop
  endfacet
  facet normal 0 0 1
    outer loop
      vertex 5.6 -23.8078 1.4
      vertex 6.05 -23.0283 1.4
      vertex 5.80363 -22.9068 1.4
    endloop
  endfacet
  facet normal 0 0 1
    outer loop
      vertex 6.2784 -23.181 1.4
      vertex 5.73051 -23.895 1.4
      vertex 5.84853 -23.9985 1.4
    endloop
  endfacet
  facet normal 0 0 1
    outer loop
      vertex 6.05 -23.0283 1.4
      vertex 5.6 -23.8078 1.4
      vertex 5.73051 -23.895 1.4
    endloop
  endfacet
  facet normal 0 0 1
    outer loop
      vertex 5.45922 -23.7383 1.4
      vertex 5.80363 -22.9068 1.4
      vertex 5.54352 -22.8185 1.4
    endloop
  endfacet
  facet normal 0 0 1
    outer loop
      vertex 5.80363 -22.9068 1.4
      vertex 5.45922 -23.7383 1.4
      vertex 5.6 -23.8078 1.4
    endloop
  endfacet
  facet normal 0 0 1
    outer loop
      vertex 5.54352 -22.8185 1.4
      vertex 5.31058 -23.6879 1.4
      vertex 5.45922 -23.7383 1.4
    endloop
  endfacet
  facet normal 0 0 1
    outer loop
      vertex 5.2741 -22.765 1.4
      vertex 5.31058 -23.6879 1.4
      vertex 5.54352 -22.8185 1.4
    endloop
  endfacet
  facet normal 0 0 1
    outer loop
      vertex 5.2741 -22.765 1.4
      vertex 5.15663 -23.6573 1.4
      vertex 5.31058 -23.6879 1.4
    endloop
  endfacet
  facet normal 0 0 1
    outer loop
      vertex 5 -22.747 1.4
      vertex 5.15663 -23.6573 1.4
      vertex 5.2741 -22.765 1.4
    endloop
  endfacet
  facet normal 0 0 1
    outer loop
      vertex 5 -22.747 1.4
      vertex 5 -23.647 1.4
      vertex 5.15663 -23.6573 1.4
    endloop
  endfacet
  facet normal 0 0 1
    outer loop
      vertex 5 -22.747 1.4
      vertex 4.84337 -23.6573 1.4
      vertex 5 -23.647 1.4
    endloop
  endfacet
  facet normal -0 0 1
    outer loop
      vertex 4.7259 -22.765 1.4
      vertex 4.84337 -23.6573 1.4
      vertex 5 -22.747 1.4
    endloop
  endfacet
  facet normal 0 0 1
    outer loop
      vertex 4.7259 -22.765 1.4
      vertex 4.68942 -23.6879 1.4
      vertex 4.84337 -23.6573 1.4
    endloop
  endfacet
  facet normal -0 0 1
    outer loop
      vertex 4.45648 -22.8185 1.4
      vertex 4.68942 -23.6879 1.4
      vertex 4.7259 -22.765 1.4
    endloop
  endfacet
  facet normal 0 0 1
    outer loop
      vertex 4.68942 -23.6879 1.4
      vertex 4.45648 -22.8185 1.4
      vertex 4.54078 -23.7383 1.4
    endloop
  endfacet
  facet normal -0 0 1
    outer loop
      vertex 4.19637 -22.9068 1.4
      vertex 4.54078 -23.7383 1.4
      vertex 4.45648 -22.8185 1.4
    endloop
  endfacet
  facet normal 0 0 1
    outer loop
      vertex 4.54078 -23.7383 1.4
      vertex 4.19637 -22.9068 1.4
      vertex 4.4 -23.8078 1.4
    endloop
  endfacet
  facet normal -0 0 1
    outer loop
      vertex 3.95 -23.0283 1.4
      vertex 4.4 -23.8078 1.4
      vertex 4.19637 -22.9068 1.4
    endloop
  endfacet
  facet normal 0 0 1
    outer loop
      vertex 4.4 -23.8078 1.4
      vertex 3.95 -23.0283 1.4
      vertex 4.26949 -23.895 1.4
    endloop
  endfacet
  facet normal -0 0 1
    outer loop
      vertex 3.7216 -23.181 1.4
      vertex 4.26949 -23.895 1.4
      vertex 3.95 -23.0283 1.4
    endloop
  endfacet
  facet normal 0 0 1
    outer loop
      vertex 4.26949 -23.895 1.4
      vertex 3.7216 -23.181 1.4
      vertex 4.15147 -23.9985 1.4
    endloop
  endfacet
  facet normal -0 0 1
    outer loop
      vertex 3.51508 -23.3621 1.4
      vertex 4.15147 -23.9985 1.4
      vertex 3.7216 -23.181 1.4
    endloop
  endfacet
  facet normal 0 0 1
    outer loop
      vertex 4.15147 -23.9985 1.4
      vertex 3.51508 -23.3621 1.4
      vertex 4.04798 -24.1165 1.4
    endloop
  endfacet
  facet normal -0 0 1
    outer loop
      vertex 3.33396 -23.5686 1.4
      vertex 4.04798 -24.1165 1.4
      vertex 3.51508 -23.3621 1.4
    endloop
  endfacet
  facet normal 0 0 1
    outer loop
      vertex 4.04798 -24.1165 1.4
      vertex 3.33396 -23.5686 1.4
      vertex 3.96077 -24.247 1.4
    endloop
  endfacet
  facet normal 0 0 1
    outer loop
      vertex 3.96077 -24.247 1.4
      vertex 3.18135 -23.797 1.4
      vertex 3.89135 -24.3878 1.4
    endloop
  endfacet
  facet normal -0 0 1
    outer loop
      vertex 3.18135 -23.797 1.4
      vertex 3.96077 -24.247 1.4
      vertex 3.33396 -23.5686 1.4
    endloop
  endfacet
  facet normal -0 0 1
    outer loop
      vertex 6.03923 -25.447 1.4
      vertex 6.81865 -25.897 1.4
      vertex 6.10865 -25.3062 1.4
    endloop
  endfacet
  facet normal 0 0 1
    outer loop
      vertex 6.81865 -25.897 1.4
      vertex 6.03923 -25.447 1.4
      vertex 6.66604 -26.1254 1.4
    endloop
  endfacet
  facet normal -0 0 1
    outer loop
      vertex 5.95202 -25.5775 1.4
      vertex 6.66604 -26.1254 1.4
      vertex 6.03923 -25.447 1.4
    endloop
  endfacet
  facet normal 0 0 1
    outer loop
      vertex 6.66604 -26.1254 1.4
      vertex 5.95202 -25.5775 1.4
      vertex 6.48492 -26.3319 1.4
    endloop
  endfacet
  facet normal -0 0 1
    outer loop
      vertex 5.84853 -25.6955 1.4
      vertex 6.48492 -26.3319 1.4
      vertex 5.95202 -25.5775 1.4
    endloop
  endfacet
  facet normal 0 0 1
    outer loop
      vertex 6.48492 -26.3319 1.4
      vertex 5.84853 -25.6955 1.4
      vertex 6.2784 -26.513 1.4
    endloop
  endfacet
  facet normal -0 0 1
    outer loop
      vertex 5.73051 -25.799 1.4
      vertex 6.2784 -26.513 1.4
      vertex 5.84853 -25.6955 1.4
    endloop
  endfacet
  facet normal 0 0 1
    outer loop
      vertex 6.2784 -26.513 1.4
      vertex 5.73051 -25.799 1.4
      vertex 6.05 -26.6656 1.4
    endloop
  endfacet
  facet normal -0 0 1
    outer loop
      vertex 5.6 -25.8862 1.4
      vertex 6.05 -26.6656 1.4
      vertex 5.73051 -25.799 1.4
    endloop
  endfacet
  facet normal 0 0 1
    outer loop
      vertex 6.05 -26.6656 1.4
      vertex 5.6 -25.8862 1.4
      vertex 5.80363 -26.7871 1.4
    endloop
  endfacet
  facet normal -0 0 1
    outer loop
      vertex 5.45922 -25.9556 1.4
      vertex 5.80363 -26.7871 1.4
      vertex 5.6 -25.8862 1.4
    endloop
  endfacet
  facet normal 0 0 1
    outer loop
      vertex 5.80363 -26.7871 1.4
      vertex 5.45922 -25.9556 1.4
      vertex 5.54352 -26.8754 1.4
    endloop
  endfacet
  facet normal -0 0 1
    outer loop
      vertex 5.31058 -26.0061 1.4
      vertex 5.54352 -26.8754 1.4
      vertex 5.45922 -25.9556 1.4
    endloop
  endfacet
  facet normal 0 0 1
    outer loop
      vertex 5.31058 -26.0061 1.4
      vertex 5.2741 -26.929 1.4
      vertex 5.54352 -26.8754 1.4
    endloop
  endfacet
  facet normal -0 0 1
    outer loop
      vertex 5.15663 -26.0367 1.4
      vertex 5.2741 -26.929 1.4
      vertex 5.31058 -26.0061 1.4
    endloop
  endfacet
  facet normal -0 0 1
    outer loop
      vertex 5 -26.047 1.4
      vertex 5.2741 -26.929 1.4
      vertex 5.15663 -26.0367 1.4
    endloop
  endfacet
  facet normal 0 0 1
    outer loop
      vertex 5 -26.047 1.4
      vertex 5 -26.947 1.4
      vertex 5.2741 -26.929 1.4
    endloop
  endfacet
  facet normal 0 0 1
    outer loop
      vertex 4.84337 -26.0367 1.4
      vertex 5 -26.947 1.4
      vertex 5 -26.047 1.4
    endloop
  endfacet
  facet normal 0 0 1
    outer loop
      vertex 4.84337 -26.0367 1.4
      vertex 4.7259 -26.929 1.4
      vertex 5 -26.947 1.4
    endloop
  endfacet
  facet normal 0 0 1
    outer loop
      vertex 4.68942 -26.0061 1.4
      vertex 4.7259 -26.929 1.4
      vertex 4.84337 -26.0367 1.4
    endloop
  endfacet
  facet normal 0 0 1
    outer loop
      vertex 4.45648 -26.8754 1.4
      vertex 4.68942 -26.0061 1.4
      vertex 4.54078 -25.9556 1.4
    endloop
  endfacet
  facet normal 0 0 1
    outer loop
      vertex 4.68942 -26.0061 1.4
      vertex 4.45648 -26.8754 1.4
      vertex 4.7259 -26.929 1.4
    endloop
  endfacet
  facet normal 0 0 1
    outer loop
      vertex 4.19637 -26.7871 1.4
      vertex 4.54078 -25.9556 1.4
      vertex 4.4 -25.8862 1.4
    endloop
  endfacet
  facet normal 0 0 1
    outer loop
      vertex 3.95 -26.6656 1.4
      vertex 4.4 -25.8862 1.4
      vertex 4.26949 -25.799 1.4
    endloop
  endfacet
  facet normal 0 0 1
    outer loop
      vertex 4.54078 -25.9556 1.4
      vertex 4.19637 -26.7871 1.4
      vertex 4.45648 -26.8754 1.4
    endloop
  endfacet
  facet normal 0 0 1
    outer loop
      vertex 3.7216 -26.513 1.4
      vertex 4.26949 -25.799 1.4
      vertex 4.15147 -25.6955 1.4
    endloop
  endfacet
  facet normal 0 0 1
    outer loop
      vertex 3.51508 -26.3319 1.4
      vertex 4.15147 -25.6955 1.4
      vertex 4.04798 -25.5775 1.4
    endloop
  endfacet
  facet normal 0 0 1
    outer loop
      vertex 3.33396 -26.1254 1.4
      vertex 4.04798 -25.5775 1.4
      vertex 3.96077 -25.447 1.4
    endloop
  endfacet
  facet normal 0 0 1
    outer loop
      vertex 4.4 -25.8862 1.4
      vertex 3.95 -26.6656 1.4
      vertex 4.19637 -26.7871 1.4
    endloop
  endfacet
  facet normal 0 0 1
    outer loop
      vertex 3.18135 -25.897 1.4
      vertex 3.96077 -25.447 1.4
      vertex 3.89135 -25.3062 1.4
    endloop
  endfacet
  facet normal 0 0 1
    outer loop
      vertex 3.05985 -25.6506 1.4
      vertex 3.89135 -25.3062 1.4
      vertex 3.84089 -25.1576 1.4
    endloop
  endfacet
  facet normal 0 0 1
    outer loop
      vertex 2.97156 -25.3905 1.4
      vertex 3.84089 -25.1576 1.4
      vertex 3.81027 -25.0036 1.4
    endloop
  endfacet
  facet normal 0 0 1
    outer loop
      vertex 4.26949 -25.799 1.4
      vertex 3.7216 -26.513 1.4
      vertex 3.95 -26.6656 1.4
    endloop
  endfacet
  facet normal 0 0 1
    outer loop
      vertex 2.91797 -25.1211 1.4
      vertex 3.81027 -25.0036 1.4
      vertex 3.8 -24.847 1.4
    endloop
  endfacet
  facet normal -0 0 1
    outer loop
      vertex 3.05985 -24.0434 1.4
      vertex 3.89135 -24.3878 1.4
      vertex 3.18135 -23.797 1.4
    endloop
  endfacet
  facet normal 0 0 1
    outer loop
      vertex 3.89135 -24.3878 1.4
      vertex 3.05985 -24.0434 1.4
      vertex 3.84089 -24.5364 1.4
    endloop
  endfacet
  facet normal 0 0 1
    outer loop
      vertex 4.15147 -25.6955 1.4
      vertex 3.51508 -26.3319 1.4
      vertex 3.7216 -26.513 1.4
    endloop
  endfacet
  facet normal -0 0 1
    outer loop
      vertex 2.97156 -24.3035 1.4
      vertex 3.84089 -24.5364 1.4
      vertex 3.05985 -24.0434 1.4
    endloop
  endfacet
  facet normal 0 0 1
    outer loop
      vertex 4.04798 -25.5775 1.4
      vertex 3.33396 -26.1254 1.4
      vertex 3.51508 -26.3319 1.4
    endloop
  endfacet
  facet normal 0 0 1
    outer loop
      vertex 3.84089 -24.5364 1.4
      vertex 2.97156 -24.3035 1.4
      vertex 3.81027 -24.6904 1.4
    endloop
  endfacet
  facet normal 0 0 1
    outer loop
      vertex 3.96077 -25.447 1.4
      vertex 3.18135 -25.897 1.4
      vertex 3.33396 -26.1254 1.4
    endloop
  endfacet
  facet normal -0 0 1
    outer loop
      vertex 2.91797 -24.5729 1.4
      vertex 3.81027 -24.6904 1.4
      vertex 2.97156 -24.3035 1.4
    endloop
  endfacet
  facet normal 0 0 1
    outer loop
      vertex 3.89135 -25.3062 1.4
      vertex 3.05985 -25.6506 1.4
      vertex 3.18135 -25.897 1.4
    endloop
  endfacet
  facet normal 0 0 1
    outer loop
      vertex 3.81027 -24.6904 1.4
      vertex 2.91797 -24.5729 1.4
      vertex 3.8 -24.847 1.4
    endloop
  endfacet
  facet normal 0 0 1
    outer loop
      vertex 3.84089 -25.1576 1.4
      vertex 2.97156 -25.3905 1.4
      vertex 3.05985 -25.6506 1.4
    endloop
  endfacet
  facet normal 0 0 1
    outer loop
      vertex 2.9 -24.847 1.4
      vertex 3.8 -24.847 1.4
      vertex 2.91797 -24.5729 1.4
    endloop
  endfacet
  facet normal 0 0 1
    outer loop
      vertex 3.81027 -25.0036 1.4
      vertex 2.91797 -25.1211 1.4
      vertex 2.97156 -25.3905 1.4
    endloop
  endfacet
  facet normal 0 0 1
    outer loop
      vertex 3.8 -24.847 1.4
      vertex 2.9 -24.847 1.4
      vertex 2.91797 -25.1211 1.4
    endloop
  endfacet
  facet normal 0.4423 0.896867 -0
    outer loop
      vertex 4.19637 -26.7871 1.4
      vertex 3.95 -26.6656 2.4
      vertex 4.19637 -26.7871 2.4
    endloop
  endfacet
  facet normal 0.4423 0.896867 0
    outer loop
      vertex 3.95 -26.6656 2.4
      vertex 4.19637 -26.7871 1.4
      vertex 3.95 -26.6656 1.4
    endloop
  endfacet
  facet normal -0.065428 0.997857 0
    outer loop
      vertex -4.84337 8.07391 0
      vertex -5 8.06364 1.4
      vertex -4.84337 8.07391 1.4
    endloop
  endfacet
  facet normal -0.065428 0.997857 0
    outer loop
      vertex -5 8.06364 1.4
      vertex -4.84337 8.07391 0
      vertex -5 8.06364 0
    endloop
  endfacet
  facet normal -0.980788 -0.195075 0
    outer loop
      vertex -3.81027 9.42027 0
      vertex -3.84089 9.57422 1.4
      vertex -3.84089 9.57422 0
    endloop
  endfacet
  facet normal -0.980788 -0.195075 0
    outer loop
      vertex -3.84089 9.57422 1.4
      vertex -3.81027 9.42027 0
      vertex -3.81027 9.42027 1.4
    endloop
  endfacet
  facet normal -0.997857 -0.065428 0
    outer loop
      vertex -3.8 9.26364 0
      vertex -3.81027 9.42027 1.4
      vertex -3.81027 9.42027 0
    endloop
  endfacet
  facet normal -0.997857 -0.065428 0
    outer loop
      vertex -3.81027 9.42027 1.4
      vertex -3.8 9.26364 0
      vertex -3.8 9.26364 1.4
    endloop
  endfacet
  facet normal -0.946923 -0.32146 0
    outer loop
      vertex -3.84089 9.57422 0
      vertex -3.89135 9.72286 1.4
      vertex -3.89135 9.72286 0
    endloop
  endfacet
  facet normal -0.946923 -0.32146 0
    outer loop
      vertex -3.89135 9.72286 1.4
      vertex -3.84089 9.57422 0
      vertex -3.84089 9.57422 1.4
    endloop
  endfacet
  facet normal -0.321688 -0.946846 0
    outer loop
      vertex -4.68942 10.4228 0
      vertex -4.54078 10.3723 1.4
      vertex -4.68942 10.4228 1.4
    endloop
  endfacet
  facet normal -0.321688 -0.946846 -0
    outer loop
      vertex -4.54078 10.3723 1.4
      vertex -4.68942 10.4228 0
      vertex -4.54078 10.3723 0
    endloop
  endfacet
  facet normal -0.064984 -0.997886 0
    outer loop
      vertex -5 10.4636 0
      vertex -4.84337 10.4534 1.4
      vertex -5 10.4636 1.4
    endloop
  endfacet
  facet normal -0.064984 -0.997886 -0
    outer loop
      vertex -4.84337 10.4534 1.4
      vertex -5 10.4636 0
      vertex -4.84337 10.4534 0
    endloop
  endfacet
  facet normal 0.659307 0.751874 -0
    outer loop
      vertex -5.73051 8.31162 0
      vertex -5.84853 8.41511 1.4
      vertex -5.73051 8.31162 1.4
    endloop
  endfacet
  facet normal 0.659307 0.751874 0
    outer loop
      vertex -5.84853 8.41511 1.4
      vertex -5.73051 8.31162 0
      vertex -5.84853 8.41511 0
    endloop
  endfacet
  facet normal 0.997857 0.065428 0
    outer loop
      vertex -6.18973 9.10701 1.4
      vertex -6.2 9.26364 0
      vertex -6.2 9.26364 1.4
    endloop
  endfacet
  facet normal 0.997857 0.065428 0
    outer loop
      vertex -6.2 9.26364 0
      vertex -6.18973 9.10701 1.4
      vertex -6.18973 9.10701 0
    endloop
  endfacet
  facet normal 0.659343 -0.751842 0
    outer loop
      vertex -5.84853 10.1122 0
      vertex -5.73051 10.2157 1.4
      vertex -5.84853 10.1122 1.4
    endloop
  endfacet
  facet normal 0.659343 -0.751842 0
    outer loop
      vertex -5.73051 10.2157 1.4
      vertex -5.84853 10.1122 0
      vertex -5.73051 10.2157 0
    endloop
  endfacet
  facet normal -0.751957 -0.659212 0
    outer loop
      vertex -4.04798 9.99415 0
      vertex -4.15147 10.1122 1.4
      vertex -4.15147 10.1122 0
    endloop
  endfacet
  facet normal -0.751957 -0.659212 0
    outer loop
      vertex -4.15147 10.1122 1.4
      vertex -4.04798 9.99415 0
      vertex -4.04798 9.99415 1.4
    endloop
  endfacet
  facet normal -0.997857 0.065428 0
    outer loop
      vertex -3.81027 9.10701 0
      vertex -3.8 9.26364 1.4
      vertex -3.8 9.26364 0
    endloop
  endfacet
  facet normal -0.997857 0.065428 0
    outer loop
      vertex -3.8 9.26364 1.4
      vertex -3.81027 9.10701 0
      vertex -3.81027 9.10701 1.4
    endloop
  endfacet
  facet normal -0.44216 -0.896936 0
    outer loop
      vertex -4.54078 10.3723 0
      vertex -4.4 10.3029 1.4
      vertex -4.54078 10.3723 1.4
    endloop
  endfacet
  facet normal -0.44216 -0.896936 -0
    outer loop
      vertex -4.4 10.3029 1.4
      vertex -4.54078 10.3723 0
      vertex -4.4 10.3029 0
    endloop
  endfacet
  facet normal -0.896885 0.442263 0
    outer loop
      vertex -3.96077 8.66364 0
      vertex -3.89135 8.80442 1.4
      vertex -3.89135 8.80442 0
    endloop
  endfacet
  facet normal -0.896885 0.442263 0
    outer loop
      vertex -3.89135 8.80442 1.4
      vertex -3.96077 8.66364 0
      vertex -3.96077 8.66364 1.4
    endloop
  endfacet
  facet normal 0.32146 0.946923 -0
    outer loop
      vertex -5.31058 8.10453 0
      vertex -5.45922 8.15499 1.4
      vertex -5.31058 8.10453 1.4
    endloop
  endfacet
  facet normal 0.32146 0.946923 0
    outer loop
      vertex -5.45922 8.15499 1.4
      vertex -5.31058 8.10453 0
      vertex -5.45922 8.15499 0
    endloop
  endfacet
  facet normal -0.831452 -0.555597 0
    outer loop
      vertex -3.96077 9.86364 0
      vertex -4.04798 9.99415 1.4
      vertex -4.04798 9.99415 0
    endloop
  endfacet
  facet normal -0.831452 -0.555597 0
    outer loop
      vertex -4.04798 9.99415 1.4
      vertex -3.96077 9.86364 0
      vertex -3.96077 9.86364 1.4
    endloop
  endfacet
  facet normal -0.896885 -0.442263 0
    outer loop
      vertex -3.89135 9.72286 0
      vertex -3.96077 9.86364 1.4
      vertex -3.96077 9.86364 0
    endloop
  endfacet
  facet normal -0.896885 -0.442263 0
    outer loop
      vertex -3.96077 9.86364 1.4
      vertex -3.89135 9.72286 0
      vertex -3.89135 9.72286 1.4
    endloop
  endfacet
  facet normal 0.831452 0.555597 0
    outer loop
      vertex -5.95202 8.53313 1.4
      vertex -6.03923 8.66364 0
      vertex -6.03923 8.66364 1.4
    endloop
  endfacet
  facet normal 0.831452 0.555597 0
    outer loop
      vertex -6.03923 8.66364 0
      vertex -5.95202 8.53313 1.4
      vertex -5.95202 8.53313 0
    endloop
  endfacet
  facet normal -0.442263 0.896885 0
    outer loop
      vertex -4.4 8.22441 0
      vertex -4.54078 8.15499 1.4
      vertex -4.4 8.22441 1.4
    endloop
  endfacet
  facet normal -0.442263 0.896885 0
    outer loop
      vertex -4.54078 8.15499 1.4
      vertex -4.4 8.22441 0
      vertex -4.54078 8.15499 0
    endloop
  endfacet
  facet normal 0.44216 -0.896936 0
    outer loop
      vertex -5.6 10.3029 0
      vertex -5.45922 10.3723 1.4
      vertex -5.6 10.3029 1.4
    endloop
  endfacet
  facet normal 0.44216 -0.896936 0
    outer loop
      vertex -5.45922 10.3723 1.4
      vertex -5.6 10.3029 0
      vertex -5.45922 10.3723 0
    endloop
  endfacet
  facet normal 0.997857 -0.065428 0
    outer loop
      vertex -6.2 9.26364 1.4
      vertex -6.18973 9.42027 0
      vertex -6.18973 9.42027 1.4
    endloop
  endfacet
  facet normal 0.997857 -0.065428 0
    outer loop
      vertex -6.18973 9.42027 0
      vertex -6.2 9.26364 1.4
      vertex -6.2 9.26364 0
    endloop
  endfacet
  facet normal -0.194952 -0.980813 0
    outer loop
      vertex -4.84337 10.4534 0
      vertex -4.68942 10.4228 1.4
      vertex -4.84337 10.4534 1.4
    endloop
  endfacet
  facet normal -0.194952 -0.980813 -0
    outer loop
      vertex -4.68942 10.4228 1.4
      vertex -4.84337 10.4534 0
      vertex -4.68942 10.4228 0
    endloop
  endfacet
  facet normal 0.751957 -0.659212 0
    outer loop
      vertex -5.95202 9.99415 1.4
      vertex -5.84853 10.1122 0
      vertex -5.84853 10.1122 1.4
    endloop
  endfacet
  facet normal 0.751957 -0.659212 0
    outer loop
      vertex -5.84853 10.1122 0
      vertex -5.95202 9.99415 1.4
      vertex -5.95202 9.99415 0
    endloop
  endfacet
  facet normal 0.946923 0.32146 0
    outer loop
      vertex -6.10865 8.80442 1.4
      vertex -6.15911 8.95306 0
      vertex -6.15911 8.95306 1.4
    endloop
  endfacet
  facet normal 0.946923 0.32146 0
    outer loop
      vertex -6.15911 8.95306 0
      vertex -6.10865 8.80442 1.4
      vertex -6.10865 8.80442 0
    endloop
  endfacet
  facet normal -0.946923 0.32146 0
    outer loop
      vertex -3.89135 8.80442 0
      vertex -3.84089 8.95306 1.4
      vertex -3.84089 8.95306 0
    endloop
  endfacet
  facet normal -0.946923 0.32146 0
    outer loop
      vertex -3.84089 8.95306 1.4
      vertex -3.89135 8.80442 0
      vertex -3.89135 8.80442 1.4
    endloop
  endfacet
  facet normal 0.980788 -0.195075 0
    outer loop
      vertex -6.18973 9.42027 1.4
      vertex -6.15911 9.57422 0
      vertex -6.15911 9.57422 1.4
    endloop
  endfacet
  facet normal 0.980788 -0.195075 0
    outer loop
      vertex -6.15911 9.57422 0
      vertex -6.18973 9.42027 1.4
      vertex -6.18973 9.42027 0
    endloop
  endfacet
  facet normal 0.442263 0.896885 -0
    outer loop
      vertex -5.45922 8.15499 0
      vertex -5.6 8.22441 1.4
      vertex -5.45922 8.15499 1.4
    endloop
  endfacet
  facet normal 0.442263 0.896885 0
    outer loop
      vertex -5.6 8.22441 1.4
      vertex -5.45922 8.15499 0
      vertex -5.6 8.22441 0
    endloop
  endfacet
  facet normal 0.555553 -0.831481 0
    outer loop
      vertex -5.73051 10.2157 0
      vertex -5.6 10.3029 1.4
      vertex -5.73051 10.2157 1.4
    endloop
  endfacet
  facet normal 0.555553 -0.831481 0
    outer loop
      vertex -5.6 10.3029 1.4
      vertex -5.73051 10.2157 0
      vertex -5.6 10.3029 0
    endloop
  endfacet
  facet normal -0.659307 0.751874 0
    outer loop
      vertex -4.15147 8.41511 0
      vertex -4.26949 8.31162 1.4
      vertex -4.15147 8.41511 1.4
    endloop
  endfacet
  facet normal -0.659307 0.751874 0
    outer loop
      vertex -4.26949 8.31162 1.4
      vertex -4.15147 8.41511 0
      vertex -4.26949 8.31162 0
    endloop
  endfacet
  facet normal 0.321688 -0.946846 0
    outer loop
      vertex -5.45922 10.3723 0
      vertex -5.31058 10.4228 1.4
      vertex -5.45922 10.3723 1.4
    endloop
  endfacet
  facet normal 0.321688 -0.946846 0
    outer loop
      vertex -5.31058 10.4228 1.4
      vertex -5.45922 10.3723 0
      vertex -5.31058 10.4228 0
    endloop
  endfacet
  facet normal -0.831452 0.555597 0
    outer loop
      vertex -4.04798 8.53313 0
      vertex -3.96077 8.66364 1.4
      vertex -3.96077 8.66364 0
    endloop
  endfacet
  facet normal -0.831452 0.555597 0
    outer loop
      vertex -3.96077 8.66364 1.4
      vertex -4.04798 8.53313 0
      vertex -4.04798 8.53313 1.4
    endloop
  endfacet
  facet normal -0.555597 0.831452 0
    outer loop
      vertex -4.26949 8.31162 0
      vertex -4.4 8.22441 1.4
      vertex -4.26949 8.31162 1.4
    endloop
  endfacet
  facet normal -0.555597 0.831452 0
    outer loop
      vertex -4.4 8.22441 1.4
      vertex -4.26949 8.31162 0
      vertex -4.4 8.22441 0
    endloop
  endfacet
  facet normal -0.751874 0.659307 0
    outer loop
      vertex -4.15147 8.41511 0
      vertex -4.04798 8.53313 1.4
      vertex -4.04798 8.53313 0
    endloop
  endfacet
  facet normal -0.751874 0.659307 0
    outer loop
      vertex -4.04798 8.53313 1.4
      vertex -4.15147 8.41511 0
      vertex -4.15147 8.41511 1.4
    endloop
  endfacet
  facet normal -0.980788 0.195075 0
    outer loop
      vertex -3.84089 8.95306 0
      vertex -3.81027 9.10701 1.4
      vertex -3.81027 9.10701 0
    endloop
  endfacet
  facet normal -0.980788 0.195075 0
    outer loop
      vertex -3.81027 9.10701 1.4
      vertex -3.84089 8.95306 0
      vertex -3.84089 8.95306 1.4
    endloop
  endfacet
  facet normal 0.064984 -0.997886 0
    outer loop
      vertex -5.15663 10.4534 0
      vertex -5 10.4636 1.4
      vertex -5.15663 10.4534 1.4
    endloop
  endfacet
  facet normal 0.064984 -0.997886 0
    outer loop
      vertex -5 10.4636 1.4
      vertex -5.15663 10.4534 0
      vertex -5 10.4636 0
    endloop
  endfacet
  facet normal 0.896885 0.442263 0
    outer loop
      vertex -6.03923 8.66364 1.4
      vertex -6.10865 8.80442 0
      vertex -6.10865 8.80442 1.4
    endloop
  endfacet
  facet normal 0.896885 0.442263 0
    outer loop
      vertex -6.10865 8.80442 0
      vertex -6.03923 8.66364 1.4
      vertex -6.03923 8.66364 0
    endloop
  endfacet
  facet normal 0.896885 -0.442263 0
    outer loop
      vertex -6.10865 9.72286 1.4
      vertex -6.03923 9.86364 0
      vertex -6.03923 9.86364 1.4
    endloop
  endfacet
  facet normal 0.896885 -0.442263 0
    outer loop
      vertex -6.03923 9.86364 0
      vertex -6.10865 9.72286 1.4
      vertex -6.10865 9.72286 0
    endloop
  endfacet
  facet normal -0.555553 -0.831481 0
    outer loop
      vertex -4.4 10.3029 0
      vertex -4.26949 10.2157 1.4
      vertex -4.4 10.3029 1.4
    endloop
  endfacet
  facet normal -0.555553 -0.831481 -0
    outer loop
      vertex -4.26949 10.2157 1.4
      vertex -4.4 10.3029 0
      vertex -4.26949 10.2157 0
    endloop
  endfacet
  facet normal 0.980788 0.195075 0
    outer loop
      vertex -6.15911 8.95306 1.4
      vertex -6.18973 9.10701 0
      vertex -6.18973 9.10701 1.4
    endloop
  endfacet
  facet normal 0.980788 0.195075 0
    outer loop
      vertex -6.18973 9.10701 0
      vertex -6.15911 8.95306 1.4
      vertex -6.15911 8.95306 0
    endloop
  endfacet
  facet normal -0.32146 0.946923 0
    outer loop
      vertex -4.54078 8.15499 0
      vertex -4.68942 8.10453 1.4
      vertex -4.54078 8.15499 1.4
    endloop
  endfacet
  facet normal -0.32146 0.946923 0
    outer loop
      vertex -4.68942 8.10453 1.4
      vertex -4.54078 8.15499 0
      vertex -4.68942 8.10453 0
    endloop
  endfacet
  facet normal -0.659343 -0.751842 0
    outer loop
      vertex -4.26949 10.2157 0
      vertex -4.15147 10.1122 1.4
      vertex -4.26949 10.2157 1.4
    endloop
  endfacet
  facet normal -0.659343 -0.751842 -0
    outer loop
      vertex -4.15147 10.1122 1.4
      vertex -4.26949 10.2157 0
      vertex -4.15147 10.1122 0
    endloop
  endfacet
  facet normal -0.195075 0.980788 0
    outer loop
      vertex -4.68942 8.10453 0
      vertex -4.84337 8.07391 1.4
      vertex -4.68942 8.10453 1.4
    endloop
  endfacet
  facet normal -0.195075 0.980788 0
    outer loop
      vertex -4.84337 8.07391 1.4
      vertex -4.68942 8.10453 0
      vertex -4.84337 8.07391 0
    endloop
  endfacet
  facet normal 0.946923 -0.32146 0
    outer loop
      vertex -6.15911 9.57422 1.4
      vertex -6.10865 9.72286 0
      vertex -6.10865 9.72286 1.4
    endloop
  endfacet
  facet normal 0.946923 -0.32146 0
    outer loop
      vertex -6.10865 9.72286 0
      vertex -6.15911 9.57422 1.4
      vertex -6.15911 9.57422 0
    endloop
  endfacet
  facet normal 0.194952 -0.980813 0
    outer loop
      vertex -5.31058 10.4228 0
      vertex -5.15663 10.4534 1.4
      vertex -5.31058 10.4228 1.4
    endloop
  endfacet
  facet normal 0.194952 -0.980813 0
    outer loop
      vertex -5.15663 10.4534 1.4
      vertex -5.31058 10.4228 0
      vertex -5.15663 10.4534 0
    endloop
  endfacet
  facet normal 0.065428 0.997857 -0
    outer loop
      vertex -5 8.06364 0
      vertex -5.15663 8.07391 1.4
      vertex -5 8.06364 1.4
    endloop
  endfacet
  facet normal 0.065428 0.997857 0
    outer loop
      vertex -5.15663 8.07391 1.4
      vertex -5 8.06364 0
      vertex -5.15663 8.07391 0
    endloop
  endfacet
  facet normal 0.751874 0.659307 0
    outer loop
      vertex -5.84853 8.41511 1.4
      vertex -5.95202 8.53313 0
      vertex -5.95202 8.53313 1.4
    endloop
  endfacet
  facet normal 0.751874 0.659307 0
    outer loop
      vertex -5.95202 8.53313 0
      vertex -5.84853 8.41511 1.4
      vertex -5.84853 8.41511 0
    endloop
  endfacet
  facet normal 0.195075 0.980788 -0
    outer loop
      vertex -5.15663 8.07391 0
      vertex -5.31058 8.10453 1.4
      vertex -5.15663 8.07391 1.4
    endloop
  endfacet
  facet normal 0.195075 0.980788 0
    outer loop
      vertex -5.31058 8.10453 1.4
      vertex -5.15663 8.07391 0
      vertex -5.31058 8.10453 0
    endloop
  endfacet
  facet normal 0.555597 0.831452 -0
    outer loop
      vertex -5.6 8.22441 0
      vertex -5.73051 8.31162 1.4
      vertex -5.6 8.22441 1.4
    endloop
  endfacet
  facet normal 0.555597 0.831452 0
    outer loop
      vertex -5.73051 8.31162 1.4
      vertex -5.6 8.22441 0
      vertex -5.73051 8.31162 0
    endloop
  endfacet
  facet normal 0.831452 -0.555597 0
    outer loop
      vertex -6.03923 9.86364 1.4
      vertex -5.95202 9.99415 0
      vertex -5.95202 9.99415 1.4
    endloop
  endfacet
  facet normal 0.831452 -0.555597 0
    outer loop
      vertex -5.95202 9.99415 0
      vertex -6.03923 9.86364 1.4
      vertex -6.03923 9.86364 0
    endloop
  endfacet
  facet normal -0.751827 0.65936 0
    outer loop
      vertex -3.51508 7.77872 1.4
      vertex -3.33396 7.98524 2.4
      vertex -3.33396 7.98524 1.4
    endloop
  endfacet
  facet normal -0.751827 0.65936 0
    outer loop
      vertex -3.33396 7.98524 2.4
      vertex -3.51508 7.77872 1.4
      vertex -3.51508 7.77872 2.4
    endloop
  endfacet
  facet normal -0.980786 -0.195087 0
    outer loop
      vertex -2.91797 9.53774 1.4
      vertex -2.97156 9.80716 2.4
      vertex -2.97156 9.80716 1.4
    endloop
  endfacet
  facet normal -0.980786 -0.195087 0
    outer loop
      vertex -2.97156 9.80716 2.4
      vertex -2.91797 9.53774 1.4
      vertex -2.91797 9.53774 2.4
    endloop
  endfacet
  facet normal -0.997858 -0.0654196 0
    outer loop
      vertex -2.9 9.26364 1.4
      vertex -2.91797 9.53774 2.4
      vertex -2.91797 9.53774 1.4
    endloop
  endfacet
  facet normal -0.997858 -0.0654196 0
    outer loop
      vertex -2.91797 9.53774 2.4
      vertex -2.9 9.26364 1.4
      vertex -2.9 9.26364 2.4
    endloop
  endfacet
  facet normal -0.946947 -0.321388 0
    outer loop
      vertex -2.97156 9.80716 1.4
      vertex -3.05985 10.0673 2.4
      vertex -3.05985 10.0673 1.4
    endloop
  endfacet
  facet normal -0.946947 -0.321388 0
    outer loop
      vertex -3.05985 10.0673 2.4
      vertex -2.97156 9.80716 1.4
      vertex -2.97156 9.80716 2.4
    endloop
  endfacet
  facet normal -0.831473 -0.555565 0
    outer loop
      vertex -3.18135 10.3136 1.4
      vertex -3.33396 10.542 2.4
      vertex -3.33396 10.542 1.4
    endloop
  endfacet
  facet normal -0.831473 -0.555565 0
    outer loop
      vertex -3.33396 10.542 2.4
      vertex -3.18135 10.3136 1.4
      vertex -3.18135 10.3136 2.4
    endloop
  endfacet
  facet normal 0.555565 0.831473 -0
    outer loop
      vertex -6.05 7.44499 1.4
      vertex -6.2784 7.5976 2.4
      vertex -6.05 7.44499 2.4
    endloop
  endfacet
  facet normal 0.555565 0.831473 0
    outer loop
      vertex -6.2784 7.5976 2.4
      vertex -6.05 7.44499 1.4
      vertex -6.2784 7.5976 1.4
    endloop
  endfacet
  facet normal -0.195122 -0.980779 0
    outer loop
      vertex -4.7259 11.3457 1.4
      vertex -4.45648 11.2921 2.4
      vertex -4.7259 11.3457 2.4
    endloop
  endfacet
  facet normal -0.195122 -0.980779 -0
    outer loop
      vertex -4.45648 11.2921 2.4
      vertex -4.7259 11.3457 1.4
      vertex -4.45648 11.2921 1.4
    endloop
  endfacet
  facet normal -0.997858 0.0654196 0
    outer loop
      vertex -2.91797 8.98954 1.4
      vertex -2.9 9.26364 2.4
      vertex -2.9 9.26364 1.4
    endloop
  endfacet
  facet normal -0.997858 0.0654196 0
    outer loop
      vertex -2.9 9.26364 2.4
      vertex -2.91797 8.98954 1.4
      vertex -2.91797 8.98954 2.4
    endloop
  endfacet
  facet normal -0.896817 -0.442401 0
    outer loop
      vertex -3.05985 10.0673 1.4
      vertex -3.18135 10.3136 2.4
      vertex -3.18135 10.3136 1.4
    endloop
  endfacet
  facet normal -0.896817 -0.442401 0
    outer loop
      vertex -3.18135 10.3136 2.4
      vertex -3.05985 10.0673 1.4
      vertex -3.05985 10.0673 2.4
    endloop
  endfacet
  facet normal 0.946936 0.321422 0
    outer loop
      vertex -6.94015 8.46001 2.4
      vertex -7.02844 8.72012 1.4
      vertex -7.02844 8.72012 2.4
    endloop
  endfacet
  facet normal 0.946936 0.321422 0
    outer loop
      vertex -7.02844 8.72012 1.4
      vertex -6.94015 8.46001 2.4
      vertex -6.94015 8.46001 1.4
    endloop
  endfacet
  facet normal 0.980786 -0.195087 0
    outer loop
      vertex -7.08203 9.53774 2.4
      vertex -7.02844 9.80716 1.4
      vertex -7.02844 9.80716 2.4
    endloop
  endfacet
  facet normal 0.980786 -0.195087 0
    outer loop
      vertex -7.02844 9.80716 1.4
      vertex -7.08203 9.53774 2.4
      vertex -7.08203 9.53774 1.4
    endloop
  endfacet
  facet normal 0.65936 0.751827 -0
    outer loop
      vertex -6.2784 7.5976 1.4
      vertex -6.48492 7.77872 2.4
      vertex -6.2784 7.5976 2.4
    endloop
  endfacet
  facet normal 0.65936 0.751827 0
    outer loop
      vertex -6.48492 7.77872 2.4
      vertex -6.2784 7.5976 1.4
      vertex -6.48492 7.77872 1.4
    endloop
  endfacet
  facet normal 0.195122 -0.980779 0
    outer loop
      vertex -5.54352 11.2921 1.4
      vertex -5.2741 11.3457 2.4
      vertex -5.54352 11.2921 2.4
    endloop
  endfacet
  facet normal 0.195122 -0.980779 0
    outer loop
      vertex -5.2741 11.3457 2.4
      vertex -5.54352 11.2921 1.4
      vertex -5.2741 11.3457 1.4
    endloop
  endfacet
  facet normal -0.195087 0.980786 0
    outer loop
      vertex -4.45648 7.2352 1.4
      vertex -4.7259 7.18161 2.4
      vertex -4.45648 7.2352 2.4
    endloop
  endfacet
  facet normal -0.195087 0.980786 0
    outer loop
      vertex -4.7259 7.18161 2.4
      vertex -4.45648 7.2352 1.4
      vertex -4.7259 7.18161 1.4
    endloop
  endfacet
  facet normal -0.4423 0.896867 0
    outer loop
      vertex -3.95 7.44499 1.4
      vertex -4.19637 7.32349 2.4
      vertex -3.95 7.44499 2.4
    endloop
  endfacet
  facet normal -0.4423 0.896867 0
    outer loop
      vertex -4.19637 7.32349 2.4
      vertex -3.95 7.44499 1.4
      vertex -4.19637 7.32349 1.4
    endloop
  endfacet
  facet normal 0.831473 -0.555565 0
    outer loop
      vertex -6.81865 10.3136 2.4
      vertex -6.66604 10.542 1.4
      vertex -6.66604 10.542 2.4
    endloop
  endfacet
  facet normal 0.831473 -0.555565 0
    outer loop
      vertex -6.66604 10.542 1.4
      vertex -6.81865 10.3136 2.4
      vertex -6.81865 10.3136 1.4
    endloop
  endfacet
  facet normal -0.55554 -0.83149 0
    outer loop
      vertex -3.95 11.0823 1.4
      vertex -3.7216 10.9297 2.4
      vertex -3.95 11.0823 2.4
    endloop
  endfacet
  facet normal -0.55554 -0.83149 -0
    outer loop
      vertex -3.7216 10.9297 2.4
      vertex -3.95 11.0823 1.4
      vertex -3.7216 10.9297 1.4
    endloop
  endfacet
  facet normal -0.831473 0.555565 0
    outer loop
      vertex -3.33396 7.98524 1.4
      vertex -3.18135 8.21364 2.4
      vertex -3.18135 8.21364 1.4
    endloop
  endfacet
  facet normal -0.831473 0.555565 0
    outer loop
      vertex -3.18135 8.21364 2.4
      vertex -3.33396 7.98524 1.4
      vertex -3.33396 7.98524 2.4
    endloop
  endfacet
  facet normal -0.4423 -0.896867 0
    outer loop
      vertex -4.19637 11.2038 1.4
      vertex -3.95 11.0823 2.4
      vertex -4.19637 11.2038 2.4
    endloop
  endfacet
  facet normal -0.4423 -0.896867 -0
    outer loop
      vertex -3.95 11.0823 2.4
      vertex -4.19637 11.2038 1.4
      vertex -3.95 11.0823 1.4
    endloop
  endfacet
  facet normal -0.980786 0.195087 0
    outer loop
      vertex -2.97156 8.72012 1.4
      vertex -2.91797 8.98954 2.4
      vertex -2.91797 8.98954 1.4
    endloop
  endfacet
  facet normal -0.980786 0.195087 0
    outer loop
      vertex -2.91797 8.98954 2.4
      vertex -2.97156 8.72012 1.4
      vertex -2.97156 8.72012 2.4
    endloop
  endfacet
  facet normal 0.321454 -0.946925 0
    outer loop
      vertex -5.80363 11.2038 1.4
      vertex -5.54352 11.2921 2.4
      vertex -5.80363 11.2038 2.4
    endloop
  endfacet
  facet normal 0.321454 -0.946925 0
    outer loop
      vertex -5.54352 11.2921 2.4
      vertex -5.80363 11.2038 1.4
      vertex -5.54352 11.2921 1.4
    endloop
  endfacet
  facet normal 0.4423 -0.896867 0
    outer loop
      vertex -6.05 11.0823 1.4
      vertex -5.80363 11.2038 2.4
      vertex -6.05 11.0823 2.4
    endloop
  endfacet
  facet normal 0.4423 -0.896867 0
    outer loop
      vertex -5.80363 11.2038 2.4
      vertex -6.05 11.0823 1.4
      vertex -5.80363 11.2038 1.4
    endloop
  endfacet
  facet normal 0.55554 -0.83149 0
    outer loop
      vertex -6.2784 10.9297 1.4
      vertex -6.05 11.0823 2.4
      vertex -6.2784 10.9297 2.4
    endloop
  endfacet
  facet normal 0.55554 -0.83149 0
    outer loop
      vertex -6.05 11.0823 2.4
      vertex -6.2784 10.9297 1.4
      vertex -6.05 11.0823 1.4
    endloop
  endfacet
  facet normal -0.65936 0.751827 0
    outer loop
      vertex -3.51508 7.77872 1.4
      vertex -3.7216 7.5976 2.4
      vertex -3.51508 7.77872 2.4
    endloop
  endfacet
  facet normal -0.65936 0.751827 0
    outer loop
      vertex -3.7216 7.5976 2.4
      vertex -3.51508 7.77872 1.4
      vertex -3.7216 7.5976 1.4
    endloop
  endfacet
  facet normal 0.751954 -0.659215 0
    outer loop
      vertex -6.66604 10.542 2.4
      vertex -6.48492 10.7486 1.4
      vertex -6.48492 10.7486 2.4
    endloop
  endfacet
  facet normal 0.751954 -0.659215 0
    outer loop
      vertex -6.48492 10.7486 1.4
      vertex -6.66604 10.542 2.4
      vertex -6.66604 10.542 1.4
    endloop
  endfacet
  facet normal -0.0651658 -0.997874 0
    outer loop
      vertex -5 11.3636 1.4
      vertex -4.7259 11.3457 2.4
      vertex -5 11.3636 2.4
    endloop
  endfacet
  facet normal -0.0651658 -0.997874 -0
    outer loop
      vertex -4.7259 11.3457 2.4
      vertex -5 11.3636 1.4
      vertex -4.7259 11.3457 1.4
    endloop
  endfacet
  facet normal -0.321422 0.946936 0
    outer loop
      vertex -4.19637 7.32349 1.4
      vertex -4.45648 7.2352 2.4
      vertex -4.19637 7.32349 2.4
    endloop
  endfacet
  facet normal -0.321422 0.946936 0
    outer loop
      vertex -4.45648 7.2352 2.4
      vertex -4.19637 7.32349 1.4
      vertex -4.45648 7.2352 1.4
    endloop
  endfacet
  facet normal 0.321422 0.946936 -0
    outer loop
      vertex -5.54352 7.2352 1.4
      vertex -5.80363 7.32349 2.4
      vertex -5.54352 7.2352 2.4
    endloop
  endfacet
  facet normal 0.321422 0.946936 0
    outer loop
      vertex -5.80363 7.32349 2.4
      vertex -5.54352 7.2352 1.4
      vertex -5.80363 7.32349 1.4
    endloop
  endfacet
  facet normal 0.751827 0.65936 0
    outer loop
      vertex -6.48492 7.77872 2.4
      vertex -6.66604 7.98524 1.4
      vertex -6.66604 7.98524 2.4
    endloop
  endfacet
  facet normal 0.751827 0.65936 0
    outer loop
      vertex -6.66604 7.98524 1.4
      vertex -6.48492 7.77872 2.4
      vertex -6.48492 7.77872 1.4
    endloop
  endfacet
  facet normal 0.896817 -0.442401 0
    outer loop
      vertex -6.94015 10.0673 2.4
      vertex -6.81865 10.3136 1.4
      vertex -6.81865 10.3136 2.4
    endloop
  endfacet
  facet normal 0.896817 -0.442401 0
    outer loop
      vertex -6.81865 10.3136 1.4
      vertex -6.94015 10.0673 2.4
      vertex -6.94015 10.0673 1.4
    endloop
  endfacet
  facet normal -0.896867 0.4423 0
    outer loop
      vertex -3.18135 8.21364 1.4
      vertex -3.05985 8.46001 2.4
      vertex -3.05985 8.46001 1.4
    endloop
  endfacet
  facet normal -0.896867 0.4423 0
    outer loop
      vertex -3.05985 8.46001 2.4
      vertex -3.18135 8.21364 1.4
      vertex -3.18135 8.21364 2.4
    endloop
  endfacet
  facet normal 0.0651658 -0.997874 0
    outer loop
      vertex -5.2741 11.3457 1.4
      vertex -5 11.3636 2.4
      vertex -5.2741 11.3457 2.4
    endloop
  endfacet
  facet normal 0.0651658 -0.997874 0
    outer loop
      vertex -5 11.3636 2.4
      vertex -5.2741 11.3457 1.4
      vertex -5 11.3636 1.4
    endloop
  endfacet
  facet normal 0.946947 -0.321388 0
    outer loop
      vertex -7.02844 9.80716 2.4
      vertex -6.94015 10.0673 1.4
      vertex -6.94015 10.0673 2.4
    endloop
  endfacet
  facet normal 0.946947 -0.321388 0
    outer loop
      vertex -6.94015 10.0673 1.4
      vertex -7.02844 9.80716 2.4
      vertex -7.02844 9.80716 1.4
    endloop
  endfacet
  facet normal -0.321454 -0.946925 0
    outer loop
      vertex -4.45648 11.2921 1.4
      vertex -4.19637 11.2038 2.4
      vertex -4.45648 11.2921 2.4
    endloop
  endfacet
  facet normal -0.321454 -0.946925 -0
    outer loop
      vertex -4.19637 11.2038 2.4
      vertex -4.45648 11.2921 1.4
      vertex -4.19637 11.2038 1.4
    endloop
  endfacet
  facet normal -0.946936 0.321422 0
    outer loop
      vertex -3.05985 8.46001 1.4
      vertex -2.97156 8.72012 2.4
      vertex -2.97156 8.72012 1.4
    endloop
  endfacet
  facet normal -0.946936 0.321422 0
    outer loop
      vertex -2.97156 8.72012 2.4
      vertex -3.05985 8.46001 1.4
      vertex -3.05985 8.46001 2.4
    endloop
  endfacet
  facet normal 0.980786 0.195087 0
    outer loop
      vertex -7.02844 8.72012 2.4
      vertex -7.08203 8.98954 1.4
      vertex -7.08203 8.98954 2.4
    endloop
  endfacet
  facet normal 0.980786 0.195087 0
    outer loop
      vertex -7.08203 8.98954 1.4
      vertex -7.02844 8.72012 2.4
      vertex -7.02844 8.72012 1.4
    endloop
  endfacet
  facet normal -0.751954 -0.659215 0
    outer loop
      vertex -3.33396 10.542 1.4
      vertex -3.51508 10.7486 2.4
      vertex -3.51508 10.7486 1.4
    endloop
  endfacet
  facet normal -0.751954 -0.659215 0
    outer loop
      vertex -3.51508 10.7486 2.4
      vertex -3.33396 10.542 1.4
      vertex -3.33396 10.542 2.4
    endloop
  endfacet
  facet normal 0.659319 -0.751864 0
    outer loop
      vertex -6.48492 10.7486 1.4
      vertex -6.2784 10.9297 2.4
      vertex -6.48492 10.7486 2.4
    endloop
  endfacet
  facet normal 0.659319 -0.751864 0
    outer loop
      vertex -6.2784 10.9297 2.4
      vertex -6.48492 10.7486 1.4
      vertex -6.2784 10.9297 1.4
    endloop
  endfacet
  facet normal 0.896867 0.4423 0
    outer loop
      vertex -6.81865 8.21364 2.4
      vertex -6.94015 8.46001 1.4
      vertex -6.94015 8.46001 2.4
    endloop
  endfacet
  facet normal 0.896867 0.4423 0
    outer loop
      vertex -6.94015 8.46001 1.4
      vertex -6.81865 8.21364 2.4
      vertex -6.81865 8.21364 1.4
    endloop
  endfacet
  facet normal -0.0654196 0.997858 0
    outer loop
      vertex -4.7259 7.18161 1.4
      vertex -5 7.16364 2.4
      vertex -4.7259 7.18161 2.4
    endloop
  endfacet
  facet normal -0.0654196 0.997858 0
    outer loop
      vertex -5 7.16364 2.4
      vertex -4.7259 7.18161 1.4
      vertex -5 7.16364 1.4
    endloop
  endfacet
  facet normal 0.0654196 0.997858 -0
    outer loop
      vertex -5 7.16364 1.4
      vertex -5.2741 7.18161 2.4
      vertex -5 7.16364 2.4
    endloop
  endfacet
  facet normal 0.0654196 0.997858 0
    outer loop
      vertex -5.2741 7.18161 2.4
      vertex -5 7.16364 1.4
      vertex -5.2741 7.18161 1.4
    endloop
  endfacet
  facet normal 0.997858 -0.0654196 0
    outer loop
      vertex -7.1 9.26364 2.4
      vertex -7.08203 9.53774 1.4
      vertex -7.08203 9.53774 2.4
    endloop
  endfacet
  facet normal 0.997858 -0.0654196 0
    outer loop
      vertex -7.08203 9.53774 1.4
      vertex -7.1 9.26364 2.4
      vertex -7.1 9.26364 1.4
    endloop
  endfacet
  facet normal -0.659319 -0.751864 0
    outer loop
      vertex -3.7216 10.9297 1.4
      vertex -3.51508 10.7486 2.4
      vertex -3.7216 10.9297 2.4
    endloop
  endfacet
  facet normal -0.659319 -0.751864 -0
    outer loop
      vertex -3.51508 10.7486 2.4
      vertex -3.7216 10.9297 1.4
      vertex -3.51508 10.7486 1.4
    endloop
  endfacet
  facet normal 0.831473 0.555565 0
    outer loop
      vertex -6.66604 7.98524 2.4
      vertex -6.81865 8.21364 1.4
      vertex -6.81865 8.21364 2.4
    endloop
  endfacet
  facet normal 0.831473 0.555565 0
    outer loop
      vertex -6.81865 8.21364 1.4
      vertex -6.66604 7.98524 2.4
      vertex -6.66604 7.98524 1.4
    endloop
  endfacet
  facet normal -0.555565 0.831473 0
    outer loop
      vertex -3.7216 7.5976 1.4
      vertex -3.95 7.44499 2.4
      vertex -3.7216 7.5976 2.4
    endloop
  endfacet
  facet normal -0.555565 0.831473 0
    outer loop
      vertex -3.95 7.44499 2.4
      vertex -3.7216 7.5976 1.4
      vertex -3.95 7.44499 1.4
    endloop
  endfacet
  facet normal 0.997858 0.0654196 0
    outer loop
      vertex -7.08203 8.98954 2.4
      vertex -7.1 9.26364 1.4
      vertex -7.1 9.26364 2.4
    endloop
  endfacet
  facet normal 0.997858 0.0654196 0
    outer loop
      vertex -7.1 9.26364 1.4
      vertex -7.08203 8.98954 2.4
      vertex -7.08203 8.98954 1.4
    endloop
  endfacet
  facet normal 0.195087 0.980786 -0
    outer loop
      vertex -5.2741 7.18161 1.4
      vertex -5.54352 7.2352 2.4
      vertex -5.2741 7.18161 2.4
    endloop
  endfacet
  facet normal 0.195087 0.980786 0
    outer loop
      vertex -5.54352 7.2352 2.4
      vertex -5.2741 7.18161 1.4
      vertex -5.54352 7.2352 1.4
    endloop
  endfacet
  facet normal 0 0 1
    outer loop
      vertex -3.8 9.26364 1.4
      vertex -2.9 9.26364 1.4
      vertex -2.91797 9.53774 1.4
    endloop
  endfacet
  facet normal 0 0 1
    outer loop
      vertex -3.81027 9.42027 1.4
      vertex -2.91797 9.53774 1.4
      vertex -2.97156 9.80716 1.4
    endloop
  endfacet
  facet normal 0 0 1
    outer loop
      vertex -2.9 9.26364 1.4
      vertex -3.8 9.26364 1.4
      vertex -2.91797 8.98954 1.4
    endloop
  endfacet
  facet normal 0 0 1
    outer loop
      vertex -3.84089 9.57422 1.4
      vertex -2.97156 9.80716 1.4
      vertex -3.05985 10.0673 1.4
    endloop
  endfacet
  facet normal -0 0 1
    outer loop
      vertex -3.81027 9.10701 1.4
      vertex -2.91797 8.98954 1.4
      vertex -3.8 9.26364 1.4
    endloop
  endfacet
  facet normal 0 0 1
    outer loop
      vertex -3.89135 9.72286 1.4
      vertex -3.05985 10.0673 1.4
      vertex -3.18135 10.3136 1.4
    endloop
  endfacet
  facet normal 0 0 1
    outer loop
      vertex -2.91797 8.98954 1.4
      vertex -3.81027 9.10701 1.4
      vertex -2.97156 8.72012 1.4
    endloop
  endfacet
  facet normal 0 0 1
    outer loop
      vertex -3.96077 9.86364 1.4
      vertex -3.18135 10.3136 1.4
      vertex -3.33396 10.542 1.4
    endloop
  endfacet
  facet normal -0 0 1
    outer loop
      vertex -3.84089 8.95306 1.4
      vertex -2.97156 8.72012 1.4
      vertex -3.81027 9.10701 1.4
    endloop
  endfacet
  facet normal 0 0 1
    outer loop
      vertex -4.04798 9.99415 1.4
      vertex -3.33396 10.542 1.4
      vertex -3.51508 10.7486 1.4
    endloop
  endfacet
  facet normal 0 0 1
    outer loop
      vertex -2.97156 8.72012 1.4
      vertex -3.84089 8.95306 1.4
      vertex -3.05985 8.46001 1.4
    endloop
  endfacet
  facet normal 0 0 1
    outer loop
      vertex -4.15147 10.1122 1.4
      vertex -3.51508 10.7486 1.4
      vertex -3.7216 10.9297 1.4
    endloop
  endfacet
  facet normal -0 0 1
    outer loop
      vertex -3.89135 8.80442 1.4
      vertex -3.05985 8.46001 1.4
      vertex -3.84089 8.95306 1.4
    endloop
  endfacet
  facet normal 0 0 1
    outer loop
      vertex -3.05985 8.46001 1.4
      vertex -3.89135 8.80442 1.4
      vertex -3.18135 8.21364 1.4
    endloop
  endfacet
  facet normal 0 0 1
    outer loop
      vertex -2.91797 9.53774 1.4
      vertex -3.81027 9.42027 1.4
      vertex -3.8 9.26364 1.4
    endloop
  endfacet
  facet normal 0 0 1
    outer loop
      vertex -2.97156 9.80716 1.4
      vertex -3.84089 9.57422 1.4
      vertex -3.81027 9.42027 1.4
    endloop
  endfacet
  facet normal 0 0 1
    outer loop
      vertex -3.05985 10.0673 1.4
      vertex -3.89135 9.72286 1.4
      vertex -3.84089 9.57422 1.4
    endloop
  endfacet
  facet normal 0 0 1
    outer loop
      vertex -4.26949 10.2157 1.4
      vertex -3.7216 10.9297 1.4
      vertex -3.95 11.0823 1.4
    endloop
  endfacet
  facet normal 0 0 1
    outer loop
      vertex -3.18135 10.3136 1.4
      vertex -3.96077 9.86364 1.4
      vertex -3.89135 9.72286 1.4
    endloop
  endfacet
  facet normal 0 0 1
    outer loop
      vertex -3.33396 10.542 1.4
      vertex -4.04798 9.99415 1.4
      vertex -3.96077 9.86364 1.4
    endloop
  endfacet
  facet normal 0 0 1
    outer loop
      vertex -3.51508 10.7486 1.4
      vertex -4.15147 10.1122 1.4
      vertex -4.04798 9.99415 1.4
    endloop
  endfacet
  facet normal 0 0 1
    outer loop
      vertex -4.4 10.3029 1.4
      vertex -3.95 11.0823 1.4
      vertex -4.19637 11.2038 1.4
    endloop
  endfacet
  facet normal 0 0 1
    outer loop
      vertex -3.7216 10.9297 1.4
      vertex -4.26949 10.2157 1.4
      vertex -4.15147 10.1122 1.4
    endloop
  endfacet
  facet normal 0 0 1
    outer loop
      vertex -3.95 11.0823 1.4
      vertex -4.4 10.3029 1.4
      vertex -4.26949 10.2157 1.4
    endloop
  endfacet
  facet normal 0 0 1
    outer loop
      vertex -4.54078 10.3723 1.4
      vertex -4.19637 11.2038 1.4
      vertex -4.45648 11.2921 1.4
    endloop
  endfacet
  facet normal 0 0 1
    outer loop
      vertex -4.19637 11.2038 1.4
      vertex -4.54078 10.3723 1.4
      vertex -4.4 10.3029 1.4
    endloop
  endfacet
  facet normal 0 0 1
    outer loop
      vertex -4.45648 11.2921 1.4
      vertex -4.68942 10.4228 1.4
      vertex -4.54078 10.3723 1.4
    endloop
  endfacet
  facet normal 0 0 1
    outer loop
      vertex -4.7259 11.3457 1.4
      vertex -4.68942 10.4228 1.4
      vertex -4.45648 11.2921 1.4
    endloop
  endfacet
  facet normal 0 0 1
    outer loop
      vertex -4.7259 11.3457 1.4
      vertex -4.84337 10.4534 1.4
      vertex -4.68942 10.4228 1.4
    endloop
  endfacet
  facet normal 0 0 1
    outer loop
      vertex -5 11.3636 1.4
      vertex -4.84337 10.4534 1.4
      vertex -4.7259 11.3457 1.4
    endloop
  endfacet
  facet normal 0 0 1
    outer loop
      vertex -5 11.3636 1.4
      vertex -5 10.4636 1.4
      vertex -4.84337 10.4534 1.4
    endloop
  endfacet
  facet normal 0 0 1
    outer loop
      vertex -5 11.3636 1.4
      vertex -5.15663 10.4534 1.4
      vertex -5 10.4636 1.4
    endloop
  endfacet
  facet normal -0 0 1
    outer loop
      vertex -5.2741 11.3457 1.4
      vertex -5.15663 10.4534 1.4
      vertex -5 11.3636 1.4
    endloop
  endfacet
  facet normal 0 0 1
    outer loop
      vertex -5.2741 11.3457 1.4
      vertex -5.31058 10.4228 1.4
      vertex -5.15663 10.4534 1.4
    endloop
  endfacet
  facet normal -0 0 1
    outer loop
      vertex -5.54352 11.2921 1.4
      vertex -5.31058 10.4228 1.4
      vertex -5.2741 11.3457 1.4
    endloop
  endfacet
  facet normal 0 0 1
    outer loop
      vertex -5.31058 10.4228 1.4
      vertex -5.54352 11.2921 1.4
      vertex -5.45922 10.3723 1.4
    endloop
  endfacet
  facet normal -0 0 1
    outer loop
      vertex -5.80363 11.2038 1.4
      vertex -5.45922 10.3723 1.4
      vertex -5.54352 11.2921 1.4
    endloop
  endfacet
  facet normal 0 0 1
    outer loop
      vertex -5.45922 10.3723 1.4
      vertex -5.80363 11.2038 1.4
      vertex -5.6 10.3029 1.4
    endloop
  endfacet
  facet normal -0 0 1
    outer loop
      vertex -6.05 11.0823 1.4
      vertex -5.6 10.3029 1.4
      vertex -5.80363 11.2038 1.4
    endloop
  endfacet
  facet normal 0 0 1
    outer loop
      vertex -5.6 10.3029 1.4
      vertex -6.05 11.0823 1.4
      vertex -5.73051 10.2157 1.4
    endloop
  endfacet
  facet normal -0 0 1
    outer loop
      vertex -6.2784 10.9297 1.4
      vertex -5.73051 10.2157 1.4
      vertex -6.05 11.0823 1.4
    endloop
  endfacet
  facet normal 0 0 1
    outer loop
      vertex -5.73051 10.2157 1.4
      vertex -6.2784 10.9297 1.4
      vertex -5.84853 10.1122 1.4
    endloop
  endfacet
  facet normal -0 0 1
    outer loop
      vertex -6.48492 10.7486 1.4
      vertex -5.84853 10.1122 1.4
      vertex -6.2784 10.9297 1.4
    endloop
  endfacet
  facet normal 0 0 1
    outer loop
      vertex -5.84853 10.1122 1.4
      vertex -6.48492 10.7486 1.4
      vertex -5.95202 9.99415 1.4
    endloop
  endfacet
  facet normal -0 0 1
    outer loop
      vertex -6.66604 10.542 1.4
      vertex -5.95202 9.99415 1.4
      vertex -6.48492 10.7486 1.4
    endloop
  endfacet
  facet normal 0 0 1
    outer loop
      vertex -5.95202 9.99415 1.4
      vertex -6.66604 10.542 1.4
      vertex -6.03923 9.86364 1.4
    endloop
  endfacet
  facet normal 0 0 1
    outer loop
      vertex -6.03923 9.86364 1.4
      vertex -6.81865 10.3136 1.4
      vertex -6.10865 9.72286 1.4
    endloop
  endfacet
  facet normal -0 0 1
    outer loop
      vertex -6.81865 10.3136 1.4
      vertex -6.03923 9.86364 1.4
      vertex -6.66604 10.542 1.4
    endloop
  endfacet
  facet normal -0 0 1
    outer loop
      vertex -3.96077 8.66364 1.4
      vertex -3.18135 8.21364 1.4
      vertex -3.89135 8.80442 1.4
    endloop
  endfacet
  facet normal 0 0 1
    outer loop
      vertex -3.18135 8.21364 1.4
      vertex -3.96077 8.66364 1.4
      vertex -3.33396 7.98524 1.4
    endloop
  endfacet
  facet normal -0 0 1
    outer loop
      vertex -4.04798 8.53313 1.4
      vertex -3.33396 7.98524 1.4
      vertex -3.96077 8.66364 1.4
    endloop
  endfacet
  facet normal 0 0 1
    outer loop
      vertex -3.33396 7.98524 1.4
      vertex -4.04798 8.53313 1.4
      vertex -3.51508 7.77872 1.4
    endloop
  endfacet
  facet normal -0 0 1
    outer loop
      vertex -4.15147 8.41511 1.4
      vertex -3.51508 7.77872 1.4
      vertex -4.04798 8.53313 1.4
    endloop
  endfacet
  facet normal 0 0 1
    outer loop
      vertex -3.51508 7.77872 1.4
      vertex -4.15147 8.41511 1.4
      vertex -3.7216 7.5976 1.4
    endloop
  endfacet
  facet normal -0 0 1
    outer loop
      vertex -4.26949 8.31162 1.4
      vertex -3.7216 7.5976 1.4
      vertex -4.15147 8.41511 1.4
    endloop
  endfacet
  facet normal 0 0 1
    outer loop
      vertex -3.7216 7.5976 1.4
      vertex -4.26949 8.31162 1.4
      vertex -3.95 7.44499 1.4
    endloop
  endfacet
  facet normal -0 0 1
    outer loop
      vertex -4.4 8.22441 1.4
      vertex -3.95 7.44499 1.4
      vertex -4.26949 8.31162 1.4
    endloop
  endfacet
  facet normal 0 0 1
    outer loop
      vertex -3.95 7.44499 1.4
      vertex -4.4 8.22441 1.4
      vertex -4.19637 7.32349 1.4
    endloop
  endfacet
  facet normal -0 0 1
    outer loop
      vertex -4.54078 8.15499 1.4
      vertex -4.19637 7.32349 1.4
      vertex -4.4 8.22441 1.4
    endloop
  endfacet
  facet normal 0 0 1
    outer loop
      vertex -4.19637 7.32349 1.4
      vertex -4.54078 8.15499 1.4
      vertex -4.45648 7.2352 1.4
    endloop
  endfacet
  facet normal -0 0 1
    outer loop
      vertex -4.68942 8.10453 1.4
      vertex -4.45648 7.2352 1.4
      vertex -4.54078 8.15499 1.4
    endloop
  endfacet
  facet normal 0 0 1
    outer loop
      vertex -4.68942 8.10453 1.4
      vertex -4.7259 7.18161 1.4
      vertex -4.45648 7.2352 1.4
    endloop
  endfacet
  facet normal -0 0 1
    outer loop
      vertex -4.84337 8.07391 1.4
      vertex -4.7259 7.18161 1.4
      vertex -4.68942 8.10453 1.4
    endloop
  endfacet
  facet normal -0 0 1
    outer loop
      vertex -5 8.06364 1.4
      vertex -4.7259 7.18161 1.4
      vertex -4.84337 8.07391 1.4
    endloop
  endfacet
  facet normal 0 0 1
    outer loop
      vertex -5 8.06364 1.4
      vertex -5 7.16364 1.4
      vertex -4.7259 7.18161 1.4
    endloop
  endfacet
  facet normal 0 0 1
    outer loop
      vertex -5.15663 8.07391 1.4
      vertex -5 7.16364 1.4
      vertex -5 8.06364 1.4
    endloop
  endfacet
  facet normal 0 0 1
    outer loop
      vertex -5.15663 8.07391 1.4
      vertex -5.2741 7.18161 1.4
      vertex -5 7.16364 1.4
    endloop
  endfacet
  facet normal 0 0 1
    outer loop
      vertex -5.31058 8.10453 1.4
      vertex -5.2741 7.18161 1.4
      vertex -5.15663 8.07391 1.4
    endloop
  endfacet
  facet normal 0 0 1
    outer loop
      vertex -5.54352 7.2352 1.4
      vertex -5.31058 8.10453 1.4
      vertex -5.45922 8.15499 1.4
    endloop
  endfacet
  facet normal 0 0 1
    outer loop
      vertex -5.31058 8.10453 1.4
      vertex -5.54352 7.2352 1.4
      vertex -5.2741 7.18161 1.4
    endloop
  endfacet
  facet normal 0 0 1
    outer loop
      vertex -5.80363 7.32349 1.4
      vertex -5.45922 8.15499 1.4
      vertex -5.6 8.22441 1.4
    endloop
  endfacet
  facet normal 0 0 1
    outer loop
      vertex -6.05 7.44499 1.4
      vertex -5.6 8.22441 1.4
      vertex -5.73051 8.31162 1.4
    endloop
  endfacet
  facet normal 0 0 1
    outer loop
      vertex -5.45922 8.15499 1.4
      vertex -5.80363 7.32349 1.4
      vertex -5.54352 7.2352 1.4
    endloop
  endfacet
  facet normal 0 0 1
    outer loop
      vertex -6.2784 7.5976 1.4
      vertex -5.73051 8.31162 1.4
      vertex -5.84853 8.41511 1.4
    endloop
  endfacet
  facet normal 0 0 1
    outer loop
      vertex -6.48492 7.77872 1.4
      vertex -5.84853 8.41511 1.4
      vertex -5.95202 8.53313 1.4
    endloop
  endfacet
  facet normal 0 0 1
    outer loop
      vertex -6.66604 7.98524 1.4
      vertex -5.95202 8.53313 1.4
      vertex -6.03923 8.66364 1.4
    endloop
  endfacet
  facet normal 0 0 1
    outer loop
      vertex -5.6 8.22441 1.4
      vertex -6.05 7.44499 1.4
      vertex -5.80363 7.32349 1.4
    endloop
  endfacet
  facet normal 0 0 1
    outer loop
      vertex -6.81865 8.21364 1.4
      vertex -6.03923 8.66364 1.4
      vertex -6.10865 8.80442 1.4
    endloop
  endfacet
  facet normal 0 0 1
    outer loop
      vertex -6.94015 8.46001 1.4
      vertex -6.10865 8.80442 1.4
      vertex -6.15911 8.95306 1.4
    endloop
  endfacet
  facet normal 0 0 1
    outer loop
      vertex -7.02844 8.72012 1.4
      vertex -6.15911 8.95306 1.4
      vertex -6.18973 9.10701 1.4
    endloop
  endfacet
  facet normal 0 0 1
    outer loop
      vertex -5.73051 8.31162 1.4
      vertex -6.2784 7.5976 1.4
      vertex -6.05 7.44499 1.4
    endloop
  endfacet
  facet normal 0 0 1
    outer loop
      vertex -7.08203 8.98954 1.4
      vertex -6.18973 9.10701 1.4
      vertex -6.2 9.26364 1.4
    endloop
  endfacet
  facet normal -0 0 1
    outer loop
      vertex -6.94015 10.0673 1.4
      vertex -6.10865 9.72286 1.4
      vertex -6.81865 10.3136 1.4
    endloop
  endfacet
  facet normal 0 0 1
    outer loop
      vertex -6.10865 9.72286 1.4
      vertex -6.94015 10.0673 1.4
      vertex -6.15911 9.57422 1.4
    endloop
  endfacet
  facet normal 0 0 1
    outer loop
      vertex -5.84853 8.41511 1.4
      vertex -6.48492 7.77872 1.4
      vertex -6.2784 7.5976 1.4
    endloop
  endfacet
  facet normal -0 0 1
    outer loop
      vertex -7.02844 9.80716 1.4
      vertex -6.15911 9.57422 1.4
      vertex -6.94015 10.0673 1.4
    endloop
  endfacet
  facet normal 0 0 1
    outer loop
      vertex -5.95202 8.53313 1.4
      vertex -6.66604 7.98524 1.4
      vertex -6.48492 7.77872 1.4
    endloop
  endfacet
  facet normal 0 0 1
    outer loop
      vertex -6.15911 9.57422 1.4
      vertex -7.02844 9.80716 1.4
      vertex -6.18973 9.42027 1.4
    endloop
  endfacet
  facet normal 0 0 1
    outer loop
      vertex -6.03923 8.66364 1.4
      vertex -6.81865 8.21364 1.4
      vertex -6.66604 7.98524 1.4
    endloop
  endfacet
  facet normal -0 0 1
    outer loop
      vertex -7.08203 9.53774 1.4
      vertex -6.18973 9.42027 1.4
      vertex -7.02844 9.80716 1.4
    endloop
  endfacet
  facet normal 0 0 1
    outer loop
      vertex -6.10865 8.80442 1.4
      vertex -6.94015 8.46001 1.4
      vertex -6.81865 8.21364 1.4
    endloop
  endfacet
  facet normal 0 0 1
    outer loop
      vertex -6.18973 9.42027 1.4
      vertex -7.08203 9.53774 1.4
      vertex -6.2 9.26364 1.4
    endloop
  endfacet
  facet normal 0 0 1
    outer loop
      vertex -6.15911 8.95306 1.4
      vertex -7.02844 8.72012 1.4
      vertex -6.94015 8.46001 1.4
    endloop
  endfacet
  facet normal 0 0 1
    outer loop
      vertex -7.1 9.26364 1.4
      vertex -6.2 9.26364 1.4
      vertex -7.08203 9.53774 1.4
    endloop
  endfacet
  facet normal 0 0 1
    outer loop
      vertex -6.18973 9.10701 1.4
      vertex -7.08203 8.98954 1.4
      vertex -7.02844 8.72012 1.4
    endloop
  endfacet
  facet normal 0 0 1
    outer loop
      vertex -6.2 9.26364 1.4
      vertex -7.1 9.26364 1.4
      vertex -7.08203 8.98954 1.4
    endloop
  endfacet
  facet normal 0.4423 0.896867 -0
    outer loop
      vertex -5.80363 7.32349 1.4
      vertex -6.05 7.44499 2.4
      vertex -5.80363 7.32349 2.4
    endloop
  endfacet
  facet normal 0.4423 0.896867 0
    outer loop
      vertex -6.05 7.44499 2.4
      vertex -5.80363 7.32349 1.4
      vertex -6.05 7.44499 1.4
    endloop
  endfacet
  facet normal 0.997857 0.065428 0
    outer loop
      vertex 3.81027 9.10701 1.4
      vertex 3.8 9.26364 0
      vertex 3.8 9.26364 1.4
    endloop
  endfacet
  facet normal 0.997857 0.065428 0
    outer loop
      vertex 3.8 9.26364 0
      vertex 3.81027 9.10701 1.4
      vertex 3.81027 9.10701 0
    endloop
  endfacet
  facet normal -0.065428 0.997857 0
    outer loop
      vertex 5.15663 8.07391 0
      vertex 5 8.06364 1.4
      vertex 5.15663 8.07391 1.4
    endloop
  endfacet
  facet normal -0.065428 0.997857 0
    outer loop
      vertex 5 8.06364 1.4
      vertex 5.15663 8.07391 0
      vertex 5 8.06364 0
    endloop
  endfacet
  facet normal -0.831452 -0.555597 0
    outer loop
      vertex 6.03923 9.86364 0
      vertex 5.95202 9.99415 1.4
      vertex 5.95202 9.99415 0
    endloop
  endfacet
  facet normal -0.831452 -0.555597 0
    outer loop
      vertex 5.95202 9.99415 1.4
      vertex 6.03923 9.86364 0
      vertex 6.03923 9.86364 1.4
    endloop
  endfacet
  facet normal 0.751957 -0.659212 0
    outer loop
      vertex 4.04798 9.99415 1.4
      vertex 4.15147 10.1122 0
      vertex 4.15147 10.1122 1.4
    endloop
  endfacet
  facet normal 0.751957 -0.659212 0
    outer loop
      vertex 4.15147 10.1122 0
      vertex 4.04798 9.99415 1.4
      vertex 4.04798 9.99415 0
    endloop
  endfacet
  facet normal 0.065428 0.997857 -0
    outer loop
      vertex 5 8.06364 0
      vertex 4.84337 8.07391 1.4
      vertex 5 8.06364 1.4
    endloop
  endfacet
  facet normal 0.065428 0.997857 0
    outer loop
      vertex 4.84337 8.07391 1.4
      vertex 5 8.06364 0
      vertex 4.84337 8.07391 0
    endloop
  endfacet
  facet normal 0.980788 -0.195075 0
    outer loop
      vertex 3.81027 9.42027 1.4
      vertex 3.84089 9.57422 0
      vertex 3.84089 9.57422 1.4
    endloop
  endfacet
  facet normal 0.980788 -0.195075 0
    outer loop
      vertex 3.84089 9.57422 0
      vertex 3.81027 9.42027 1.4
      vertex 3.81027 9.42027 0
    endloop
  endfacet
  facet normal 0.064984 -0.997886 0
    outer loop
      vertex 4.84337 10.4534 0
      vertex 5 10.4636 1.4
      vertex 4.84337 10.4534 1.4
    endloop
  endfacet
  facet normal 0.064984 -0.997886 0
    outer loop
      vertex 5 10.4636 1.4
      vertex 4.84337 10.4534 0
      vertex 5 10.4636 0
    endloop
  endfacet
  facet normal 0.896885 -0.442263 0
    outer loop
      vertex 3.89135 9.72286 1.4
      vertex 3.96077 9.86364 0
      vertex 3.96077 9.86364 1.4
    endloop
  endfacet
  facet normal 0.896885 -0.442263 0
    outer loop
      vertex 3.96077 9.86364 0
      vertex 3.89135 9.72286 1.4
      vertex 3.89135 9.72286 0
    endloop
  endfacet
  facet normal 0.751874 0.659307 0
    outer loop
      vertex 4.15147 8.41511 1.4
      vertex 4.04798 8.53313 0
      vertex 4.04798 8.53313 1.4
    endloop
  endfacet
  facet normal 0.751874 0.659307 0
    outer loop
      vertex 4.04798 8.53313 0
      vertex 4.15147 8.41511 1.4
      vertex 4.15147 8.41511 0
    endloop
  endfacet
  facet normal 0.194952 -0.980813 0
    outer loop
      vertex 4.68942 10.4228 0
      vertex 4.84337 10.4534 1.4
      vertex 4.68942 10.4228 1.4
    endloop
  endfacet
  facet normal 0.194952 -0.980813 0
    outer loop
      vertex 4.84337 10.4534 1.4
      vertex 4.68942 10.4228 0
      vertex 4.84337 10.4534 0
    endloop
  endfacet
  facet normal -0.946923 0.32146 0
    outer loop
      vertex 6.10865 8.80442 0
      vertex 6.15911 8.95306 1.4
      vertex 6.15911 8.95306 0
    endloop
  endfacet
  facet normal -0.946923 0.32146 0
    outer loop
      vertex 6.15911 8.95306 1.4
      vertex 6.10865 8.80442 0
      vertex 6.10865 8.80442 1.4
    endloop
  endfacet
  facet normal -0.946923 -0.32146 0
    outer loop
      vertex 6.15911 9.57422 0
      vertex 6.10865 9.72286 1.4
      vertex 6.10865 9.72286 0
    endloop
  endfacet
  facet normal -0.946923 -0.32146 0
    outer loop
      vertex 6.10865 9.72286 1.4
      vertex 6.15911 9.57422 0
      vertex 6.15911 9.57422 1.4
    endloop
  endfacet
  facet normal -0.896885 -0.442263 0
    outer loop
      vertex 6.10865 9.72286 0
      vertex 6.03923 9.86364 1.4
      vertex 6.03923 9.86364 0
    endloop
  endfacet
  facet normal -0.896885 -0.442263 0
    outer loop
      vertex 6.03923 9.86364 1.4
      vertex 6.10865 9.72286 0
      vertex 6.10865 9.72286 1.4
    endloop
  endfacet
  facet normal -0.997857 0.065428 0
    outer loop
      vertex 6.18973 9.10701 0
      vertex 6.2 9.26364 1.4
      vertex 6.2 9.26364 0
    endloop
  endfacet
  facet normal -0.997857 0.065428 0
    outer loop
      vertex 6.2 9.26364 1.4
      vertex 6.18973 9.10701 0
      vertex 6.18973 9.10701 1.4
    endloop
  endfacet
  facet normal -0.321688 -0.946846 0
    outer loop
      vertex 5.31058 10.4228 0
      vertex 5.45922 10.3723 1.4
      vertex 5.31058 10.4228 1.4
    endloop
  endfacet
  facet normal -0.321688 -0.946846 -0
    outer loop
      vertex 5.45922 10.3723 1.4
      vertex 5.31058 10.4228 0
      vertex 5.45922 10.3723 0
    endloop
  endfacet
  facet normal 0.831452 0.555597 0
    outer loop
      vertex 4.04798 8.53313 1.4
      vertex 3.96077 8.66364 0
      vertex 3.96077 8.66364 1.4
    endloop
  endfacet
  facet normal 0.831452 0.555597 0
    outer loop
      vertex 3.96077 8.66364 0
      vertex 4.04798 8.53313 1.4
      vertex 4.04798 8.53313 0
    endloop
  endfacet
  facet normal -0.997857 -0.065428 0
    outer loop
      vertex 6.2 9.26364 0
      vertex 6.18973 9.42027 1.4
      vertex 6.18973 9.42027 0
    endloop
  endfacet
  facet normal -0.997857 -0.065428 0
    outer loop
      vertex 6.18973 9.42027 1.4
      vertex 6.2 9.26364 0
      vertex 6.2 9.26364 1.4
    endloop
  endfacet
  facet normal 0.44216 -0.896936 0
    outer loop
      vertex 4.4 10.3029 0
      vertex 4.54078 10.3723 1.4
      vertex 4.4 10.3029 1.4
    endloop
  endfacet
  facet normal 0.44216 -0.896936 0
    outer loop
      vertex 4.54078 10.3723 1.4
      vertex 4.4 10.3029 0
      vertex 4.54078 10.3723 0
    endloop
  endfacet
  facet normal 0.946923 0.32146 0
    outer loop
      vertex 3.89135 8.80442 1.4
      vertex 3.84089 8.95306 0
      vertex 3.84089 8.95306 1.4
    endloop
  endfacet
  facet normal 0.946923 0.32146 0
    outer loop
      vertex 3.84089 8.95306 0
      vertex 3.89135 8.80442 1.4
      vertex 3.89135 8.80442 0
    endloop
  endfacet
  facet normal -0.659307 0.751874 0
    outer loop
      vertex 5.84853 8.41511 0
      vertex 5.73051 8.31162 1.4
      vertex 5.84853 8.41511 1.4
    endloop
  endfacet
  facet normal -0.659307 0.751874 0
    outer loop
      vertex 5.73051 8.31162 1.4
      vertex 5.84853 8.41511 0
      vertex 5.73051 8.31162 0
    endloop
  endfacet
  facet normal -0.980788 0.195075 0
    outer loop
      vertex 6.15911 8.95306 0
      vertex 6.18973 9.10701 1.4
      vertex 6.18973 9.10701 0
    endloop
  endfacet
  facet normal -0.980788 0.195075 0
    outer loop
      vertex 6.18973 9.10701 1.4
      vertex 6.15911 8.95306 0
      vertex 6.15911 8.95306 1.4
    endloop
  endfacet
  facet normal 0.946923 -0.32146 0
    outer loop
      vertex 3.84089 9.57422 1.4
      vertex 3.89135 9.72286 0
      vertex 3.89135 9.72286 1.4
    endloop
  endfacet
  facet normal 0.946923 -0.32146 0
    outer loop
      vertex 3.89135 9.72286 0
      vertex 3.84089 9.57422 1.4
      vertex 3.84089 9.57422 0
    endloop
  endfacet
  facet normal -0.751957 -0.659212 0
    outer loop
      vertex 5.95202 9.99415 0
      vertex 5.84853 10.1122 1.4
      vertex 5.84853 10.1122 0
    endloop
  endfacet
  facet normal -0.751957 -0.659212 0
    outer loop
      vertex 5.84853 10.1122 1.4
      vertex 5.95202 9.99415 0
      vertex 5.95202 9.99415 1.4
    endloop
  endfacet
  facet normal -0.751874 0.659307 0
    outer loop
      vertex 5.84853 8.41511 0
      vertex 5.95202 8.53313 1.4
      vertex 5.95202 8.53313 0
    endloop
  endfacet
  facet normal -0.751874 0.659307 0
    outer loop
      vertex 5.95202 8.53313 1.4
      vertex 5.84853 8.41511 0
      vertex 5.84853 8.41511 1.4
    endloop
  endfacet
  facet normal -0.980788 -0.195075 0
    outer loop
      vertex 6.18973 9.42027 0
      vertex 6.15911 9.57422 1.4
      vertex 6.15911 9.57422 0
    endloop
  endfacet
  facet normal -0.980788 -0.195075 0
    outer loop
      vertex 6.15911 9.57422 1.4
      vertex 6.18973 9.42027 0
      vertex 6.18973 9.42027 1.4
    endloop
  endfacet
  facet normal -0.442263 0.896885 0
    outer loop
      vertex 5.6 8.22441 0
      vertex 5.45922 8.15499 1.4
      vertex 5.6 8.22441 1.4
    endloop
  endfacet
  facet normal -0.442263 0.896885 0
    outer loop
      vertex 5.45922 8.15499 1.4
      vertex 5.6 8.22441 0
      vertex 5.45922 8.15499 0
    endloop
  endfacet
  facet normal -0.44216 -0.896936 0
    outer loop
      vertex 5.45922 10.3723 0
      vertex 5.6 10.3029 1.4
      vertex 5.45922 10.3723 1.4
    endloop
  endfacet
  facet normal -0.44216 -0.896936 -0
    outer loop
      vertex 5.6 10.3029 1.4
      vertex 5.45922 10.3723 0
      vertex 5.6 10.3029 0
    endloop
  endfacet
  facet normal 0.659307 0.751874 -0
    outer loop
      vertex 4.26949 8.31162 0
      vertex 4.15147 8.41511 1.4
      vertex 4.26949 8.31162 1.4
    endloop
  endfacet
  facet normal 0.659307 0.751874 0
    outer loop
      vertex 4.15147 8.41511 1.4
      vertex 4.26949 8.31162 0
      vertex 4.15147 8.41511 0
    endloop
  endfacet
  facet normal 0.555553 -0.831481 0
    outer loop
      vertex 4.26949 10.2157 0
      vertex 4.4 10.3029 1.4
      vertex 4.26949 10.2157 1.4
    endloop
  endfacet
  facet normal 0.555553 -0.831481 0
    outer loop
      vertex 4.4 10.3029 1.4
      vertex 4.26949 10.2157 0
      vertex 4.4 10.3029 0
    endloop
  endfacet
  facet normal 0.555597 0.831452 -0
    outer loop
      vertex 4.4 8.22441 0
      vertex 4.26949 8.31162 1.4
      vertex 4.4 8.22441 1.4
    endloop
  endfacet
  facet normal 0.555597 0.831452 0
    outer loop
      vertex 4.26949 8.31162 1.4
      vertex 4.4 8.22441 0
      vertex 4.26949 8.31162 0
    endloop
  endfacet
  facet normal -0.555597 0.831452 0
    outer loop
      vertex 5.73051 8.31162 0
      vertex 5.6 8.22441 1.4
      vertex 5.73051 8.31162 1.4
    endloop
  endfacet
  facet normal -0.555597 0.831452 0
    outer loop
      vertex 5.6 8.22441 1.4
      vertex 5.73051 8.31162 0
      vertex 5.6 8.22441 0
    endloop
  endfacet
  facet normal -0.555553 -0.831481 0
    outer loop
      vertex 5.6 10.3029 0
      vertex 5.73051 10.2157 1.4
      vertex 5.6 10.3029 1.4
    endloop
  endfacet
  facet normal -0.555553 -0.831481 -0
    outer loop
      vertex 5.73051 10.2157 1.4
      vertex 5.6 10.3029 0
      vertex 5.73051 10.2157 0
    endloop
  endfacet
  facet normal 0.896885 0.442263 0
    outer loop
      vertex 3.96077 8.66364 1.4
      vertex 3.89135 8.80442 0
      vertex 3.89135 8.80442 1.4
    endloop
  endfacet
  facet normal 0.896885 0.442263 0
    outer loop
      vertex 3.89135 8.80442 0
      vertex 3.96077 8.66364 1.4
      vertex 3.96077 8.66364 0
    endloop
  endfacet
  facet normal 0.659343 -0.751842 0
    outer loop
      vertex 4.15147 10.1122 0
      vertex 4.26949 10.2157 1.4
      vertex 4.15147 10.1122 1.4
    endloop
  endfacet
  facet normal 0.659343 -0.751842 0
    outer loop
      vertex 4.26949 10.2157 1.4
      vertex 4.15147 10.1122 0
      vertex 4.26949 10.2157 0
    endloop
  endfacet
  facet normal -0.064984 -0.997886 0
    outer loop
      vertex 5 10.4636 0
      vertex 5.15663 10.4534 1.4
      vertex 5 10.4636 1.4
    endloop
  endfacet
  facet normal -0.064984 -0.997886 -0
    outer loop
      vertex 5.15663 10.4534 1.4
      vertex 5 10.4636 0
      vertex 5.15663 10.4534 0
    endloop
  endfacet
  facet normal 0.997857 -0.065428 0
    outer loop
      vertex 3.8 9.26364 1.4
      vertex 3.81027 9.42027 0
      vertex 3.81027 9.42027 1.4
    endloop
  endfacet
  facet normal 0.997857 -0.065428 0
    outer loop
      vertex 3.81027 9.42027 0
      vertex 3.8 9.26364 1.4
      vertex 3.8 9.26364 0
    endloop
  endfacet
  facet normal 0.321688 -0.946846 0
    outer loop
      vertex 4.54078 10.3723 0
      vertex 4.68942 10.4228 1.4
      vertex 4.54078 10.3723 1.4
    endloop
  endfacet
  facet normal 0.321688 -0.946846 0
    outer loop
      vertex 4.68942 10.4228 1.4
      vertex 4.54078 10.3723 0
      vertex 4.68942 10.4228 0
    endloop
  endfacet
  facet normal -0.195075 0.980788 0
    outer loop
      vertex 5.31058 8.10453 0
      vertex 5.15663 8.07391 1.4
      vertex 5.31058 8.10453 1.4
    endloop
  endfacet
  facet normal -0.195075 0.980788 0
    outer loop
      vertex 5.15663 8.07391 1.4
      vertex 5.31058 8.10453 0
      vertex 5.15663 8.07391 0
    endloop
  endfacet
  facet normal -0.896885 0.442263 0
    outer loop
      vertex 6.03923 8.66364 0
      vertex 6.10865 8.80442 1.4
      vertex 6.10865 8.80442 0
    endloop
  endfacet
  facet normal -0.896885 0.442263 0
    outer loop
      vertex 6.10865 8.80442 1.4
      vertex 6.03923 8.66364 0
      vertex 6.03923 8.66364 1.4
    endloop
  endfacet
  facet normal -0.659343 -0.751842 0
    outer loop
      vertex 5.73051 10.2157 0
      vertex 5.84853 10.1122 1.4
      vertex 5.73051 10.2157 1.4
    endloop
  endfacet
  facet normal -0.659343 -0.751842 -0
    outer loop
      vertex 5.84853 10.1122 1.4
      vertex 5.73051 10.2157 0
      vertex 5.84853 10.1122 0
    endloop
  endfacet
  facet normal 0.980788 0.195075 0
    outer loop
      vertex 3.84089 8.95306 1.4
      vertex 3.81027 9.10701 0
      vertex 3.81027 9.10701 1.4
    endloop
  endfacet
  facet normal 0.980788 0.195075 0
    outer loop
      vertex 3.81027 9.10701 0
      vertex 3.84089 8.95306 1.4
      vertex 3.84089 8.95306 0
    endloop
  endfacet
  facet normal -0.194952 -0.980813 0
    outer loop
      vertex 5.15663 10.4534 0
      vertex 5.31058 10.4228 1.4
      vertex 5.15663 10.4534 1.4
    endloop
  endfacet
  facet normal -0.194952 -0.980813 -0
    outer loop
      vertex 5.31058 10.4228 1.4
      vertex 5.15663 10.4534 0
      vertex 5.31058 10.4228 0
    endloop
  endfacet
  facet normal 0.442263 0.896885 -0
    outer loop
      vertex 4.54078 8.15499 0
      vertex 4.4 8.22441 1.4
      vertex 4.54078 8.15499 1.4
    endloop
  endfacet
  facet normal 0.442263 0.896885 0
    outer loop
      vertex 4.4 8.22441 1.4
      vertex 4.54078 8.15499 0
      vertex 4.4 8.22441 0
    endloop
  endfacet
  facet normal -0.831452 0.555597 0
    outer loop
      vertex 5.95202 8.53313 0
      vertex 6.03923 8.66364 1.4
      vertex 6.03923 8.66364 0
    endloop
  endfacet
  facet normal -0.831452 0.555597 0
    outer loop
      vertex 6.03923 8.66364 1.4
      vertex 5.95202 8.53313 0
      vertex 5.95202 8.53313 1.4
    endloop
  endfacet
  facet normal -0.32146 0.946923 0
    outer loop
      vertex 5.45922 8.15499 0
      vertex 5.31058 8.10453 1.4
      vertex 5.45922 8.15499 1.4
    endloop
  endfacet
  facet normal -0.32146 0.946923 0
    outer loop
      vertex 5.31058 8.10453 1.4
      vertex 5.45922 8.15499 0
      vertex 5.31058 8.10453 0
    endloop
  endfacet
  facet normal 0.32146 0.946923 -0
    outer loop
      vertex 4.68942 8.10453 0
      vertex 4.54078 8.15499 1.4
      vertex 4.68942 8.10453 1.4
    endloop
  endfacet
  facet normal 0.32146 0.946923 0
    outer loop
      vertex 4.54078 8.15499 1.4
      vertex 4.68942 8.10453 0
      vertex 4.54078 8.15499 0
    endloop
  endfacet
  facet normal 0.195075 0.980788 -0
    outer loop
      vertex 4.84337 8.07391 0
      vertex 4.68942 8.10453 1.4
      vertex 4.84337 8.07391 1.4
    endloop
  endfacet
  facet normal 0.195075 0.980788 0
    outer loop
      vertex 4.68942 8.10453 1.4
      vertex 4.84337 8.07391 0
      vertex 4.68942 8.10453 0
    endloop
  endfacet
  facet normal 0.831452 -0.555597 0
    outer loop
      vertex 3.96077 9.86364 1.4
      vertex 4.04798 9.99415 0
      vertex 4.04798 9.99415 1.4
    endloop
  endfacet
  facet normal 0.831452 -0.555597 0
    outer loop
      vertex 4.04798 9.99415 0
      vertex 3.96077 9.86364 1.4
      vertex 3.96077 9.86364 0
    endloop
  endfacet
  facet normal -0.751827 0.65936 0
    outer loop
      vertex 6.48492 7.77872 1.4
      vertex 6.66604 7.98524 2.4
      vertex 6.66604 7.98524 1.4
    endloop
  endfacet
  facet normal -0.751827 0.65936 0
    outer loop
      vertex 6.66604 7.98524 2.4
      vertex 6.48492 7.77872 1.4
      vertex 6.48492 7.77872 2.4
    endloop
  endfacet
  facet normal -0.980786 -0.195087 0
    outer loop
      vertex 7.08203 9.53774 1.4
      vertex 7.02844 9.80716 2.4
      vertex 7.02844 9.80716 1.4
    endloop
  endfacet
  facet normal -0.980786 -0.195087 0
    outer loop
      vertex 7.02844 9.80716 2.4
      vertex 7.08203 9.53774 1.4
      vertex 7.08203 9.53774 2.4
    endloop
  endfacet
  facet normal -0.997858 -0.0654196 0
    outer loop
      vertex 7.1 9.26364 1.4
      vertex 7.08203 9.53774 2.4
      vertex 7.08203 9.53774 1.4
    endloop
  endfacet
  facet normal -0.997858 -0.0654196 0
    outer loop
      vertex 7.08203 9.53774 2.4
      vertex 7.1 9.26364 1.4
      vertex 7.1 9.26364 2.4
    endloop
  endfacet
  facet normal -0.946947 -0.321388 0
    outer loop
      vertex 7.02844 9.80716 1.4
      vertex 6.94015 10.0673 2.4
      vertex 6.94015 10.0673 1.4
    endloop
  endfacet
  facet normal -0.946947 -0.321388 0
    outer loop
      vertex 6.94015 10.0673 2.4
      vertex 7.02844 9.80716 1.4
      vertex 7.02844 9.80716 2.4
    endloop
  endfacet
  facet normal -0.831473 -0.555565 0
    outer loop
      vertex 6.81865 10.3136 1.4
      vertex 6.66604 10.542 2.4
      vertex 6.66604 10.542 1.4
    endloop
  endfacet
  facet normal -0.831473 -0.555565 0
    outer loop
      vertex 6.66604 10.542 2.4
      vertex 6.81865 10.3136 1.4
      vertex 6.81865 10.3136 2.4
    endloop
  endfacet
  facet normal 0.555565 0.831473 -0
    outer loop
      vertex 3.95 7.44499 1.4
      vertex 3.7216 7.5976 2.4
      vertex 3.95 7.44499 2.4
    endloop
  endfacet
  facet normal 0.555565 0.831473 0
    outer loop
      vertex 3.7216 7.5976 2.4
      vertex 3.95 7.44499 1.4
      vertex 3.7216 7.5976 1.4
    endloop
  endfacet
  facet normal -0.195122 -0.980779 0
    outer loop
      vertex 5.2741 11.3457 1.4
      vertex 5.54352 11.2921 2.4
      vertex 5.2741 11.3457 2.4
    endloop
  endfacet
  facet normal -0.195122 -0.980779 -0
    outer loop
      vertex 5.54352 11.2921 2.4
      vertex 5.2741 11.3457 1.4
      vertex 5.54352 11.2921 1.4
    endloop
  endfacet
  facet normal -0.997858 0.0654196 0
    outer loop
      vertex 7.08203 8.98954 1.4
      vertex 7.1 9.26364 2.4
      vertex 7.1 9.26364 1.4
    endloop
  endfacet
  facet normal -0.997858 0.0654196 0
    outer loop
      vertex 7.1 9.26364 2.4
      vertex 7.08203 8.98954 1.4
      vertex 7.08203 8.98954 2.4
    endloop
  endfacet
  facet normal -0.896817 -0.442401 0
    outer loop
      vertex 6.94015 10.0673 1.4
      vertex 6.81865 10.3136 2.4
      vertex 6.81865 10.3136 1.4
    endloop
  endfacet
  facet normal -0.896817 -0.442401 0
    outer loop
      vertex 6.81865 10.3136 2.4
      vertex 6.94015 10.0673 1.4
      vertex 6.94015 10.0673 2.4
    endloop
  endfacet
  facet normal 0.946936 0.321422 0
    outer loop
      vertex 3.05985 8.46001 2.4
      vertex 2.97156 8.72012 1.4
      vertex 2.97156 8.72012 2.4
    endloop
  endfacet
  facet normal 0.946936 0.321422 0
    outer loop
      vertex 2.97156 8.72012 1.4
      vertex 3.05985 8.46001 2.4
      vertex 3.05985 8.46001 1.4
    endloop
  endfacet
  facet normal 0.980786 -0.195087 0
    outer loop
      vertex 2.91797 9.53774 2.4
      vertex 2.97156 9.80716 1.4
      vertex 2.97156 9.80716 2.4
    endloop
  endfacet
  facet normal 0.980786 -0.195087 0
    outer loop
      vertex 2.97156 9.80716 1.4
      vertex 2.91797 9.53774 2.4
      vertex 2.91797 9.53774 1.4
    endloop
  endfacet
  facet normal 0.195122 -0.980779 0
    outer loop
      vertex 4.45648 11.2921 1.4
      vertex 4.7259 11.3457 2.4
      vertex 4.45648 11.2921 2.4
    endloop
  endfacet
  facet normal 0.195122 -0.980779 0
    outer loop
      vertex 4.7259 11.3457 2.4
      vertex 4.45648 11.2921 1.4
      vertex 4.7259 11.3457 1.4
    endloop
  endfacet
  facet normal -0.195087 0.980786 0
    outer loop
      vertex 5.54352 7.2352 1.4
      vertex 5.2741 7.18161 2.4
      vertex 5.54352 7.2352 2.4
    endloop
  endfacet
  facet normal -0.195087 0.980786 0
    outer loop
      vertex 5.2741 7.18161 2.4
      vertex 5.54352 7.2352 1.4
      vertex 5.2741 7.18161 1.4
    endloop
  endfacet
  facet normal -0.4423 0.896867 0
    outer loop
      vertex 6.05 7.44499 1.4
      vertex 5.80363 7.32349 2.4
      vertex 6.05 7.44499 2.4
    endloop
  endfacet
  facet normal -0.4423 0.896867 0
    outer loop
      vertex 5.80363 7.32349 2.4
      vertex 6.05 7.44499 1.4
      vertex 5.80363 7.32349 1.4
    endloop
  endfacet
  facet normal 0.831473 -0.555565 0
    outer loop
      vertex 3.18135 10.3136 2.4
      vertex 3.33396 10.542 1.4
      vertex 3.33396 10.542 2.4
    endloop
  endfacet
  facet normal 0.831473 -0.555565 0
    outer loop
      vertex 3.33396 10.542 1.4
      vertex 3.18135 10.3136 2.4
      vertex 3.18135 10.3136 1.4
    endloop
  endfacet
  facet normal -0.55554 -0.83149 0
    outer loop
      vertex 6.05 11.0823 1.4
      vertex 6.2784 10.9297 2.4
      vertex 6.05 11.0823 2.4
    endloop
  endfacet
  facet normal -0.55554 -0.83149 -0
    outer loop
      vertex 6.2784 10.9297 2.4
      vertex 6.05 11.0823 1.4
      vertex 6.2784 10.9297 1.4
    endloop
  endfacet
  facet normal -0.831473 0.555565 0
    outer loop
      vertex 6.66604 7.98524 1.4
      vertex 6.81865 8.21364 2.4
      vertex 6.81865 8.21364 1.4
    endloop
  endfacet
  facet normal -0.831473 0.555565 0
    outer loop
      vertex 6.81865 8.21364 2.4
      vertex 6.66604 7.98524 1.4
      vertex 6.66604 7.98524 2.4
    endloop
  endfacet
  facet normal -0.4423 -0.896867 0
    outer loop
      vertex 5.80363 11.2038 1.4
      vertex 6.05 11.0823 2.4
      vertex 5.80363 11.2038 2.4
    endloop
  endfacet
  facet normal -0.4423 -0.896867 -0
    outer loop
      vertex 6.05 11.0823 2.4
      vertex 5.80363 11.2038 1.4
      vertex 6.05 11.0823 1.4
    endloop
  endfacet
  facet normal -0.980786 0.195087 0
    outer loop
      vertex 7.02844 8.72012 1.4
      vertex 7.08203 8.98954 2.4
      vertex 7.08203 8.98954 1.4
    endloop
  endfacet
  facet normal -0.980786 0.195087 0
    outer loop
      vertex 7.08203 8.98954 2.4
      vertex 7.02844 8.72012 1.4
      vertex 7.02844 8.72012 2.4
    endloop
  endfacet
  facet normal 0.321454 -0.946925 0
    outer loop
      vertex 4.19637 11.2038 1.4
      vertex 4.45648 11.2921 2.4
      vertex 4.19637 11.2038 2.4
    endloop
  endfacet
  facet normal 0.321454 -0.946925 0
    outer loop
      vertex 4.45648 11.2921 2.4
      vertex 4.19637 11.2038 1.4
      vertex 4.45648 11.2921 1.4
    endloop
  endfacet
  facet normal 0.4423 -0.896867 0
    outer loop
      vertex 3.95 11.0823 1.4
      vertex 4.19637 11.2038 2.4
      vertex 3.95 11.0823 2.4
    endloop
  endfacet
  facet normal 0.4423 -0.896867 0
    outer loop
      vertex 4.19637 11.2038 2.4
      vertex 3.95 11.0823 1.4
      vertex 4.19637 11.2038 1.4
    endloop
  endfacet
  facet normal 0.55554 -0.83149 0
    outer loop
      vertex 3.7216 10.9297 1.4
      vertex 3.95 11.0823 2.4
      vertex 3.7216 10.9297 2.4
    endloop
  endfacet
  facet normal 0.55554 -0.83149 0
    outer loop
      vertex 3.95 11.0823 2.4
      vertex 3.7216 10.9297 1.4
      vertex 3.95 11.0823 1.4
    endloop
  endfacet
  facet normal -0.65936 0.751827 0
    outer loop
      vertex 6.48492 7.77872 1.4
      vertex 6.2784 7.5976 2.4
      vertex 6.48492 7.77872 2.4
    endloop
  endfacet
  facet normal -0.65936 0.751827 0
    outer loop
      vertex 6.2784 7.5976 2.4
      vertex 6.48492 7.77872 1.4
      vertex 6.2784 7.5976 1.4
    endloop
  endfacet
  facet normal 0.751954 -0.659215 0
    outer loop
      vertex 3.33396 10.542 2.4
      vertex 3.51508 10.7486 1.4
      vertex 3.51508 10.7486 2.4
    endloop
  endfacet
  facet normal 0.751954 -0.659215 0
    outer loop
      vertex 3.51508 10.7486 1.4
      vertex 3.33396 10.542 2.4
      vertex 3.33396 10.542 1.4
    endloop
  endfacet
  facet normal -0.0651658 -0.997874 0
    outer loop
      vertex 5 11.3636 1.4
      vertex 5.2741 11.3457 2.4
      vertex 5 11.3636 2.4
    endloop
  endfacet
  facet normal -0.0651658 -0.997874 -0
    outer loop
      vertex 5.2741 11.3457 2.4
      vertex 5 11.3636 1.4
      vertex 5.2741 11.3457 1.4
    endloop
  endfacet
  facet normal -0.321422 0.946936 0
    outer loop
      vertex 5.80363 7.32349 1.4
      vertex 5.54352 7.2352 2.4
      vertex 5.80363 7.32349 2.4
    endloop
  endfacet
  facet normal -0.321422 0.946936 0
    outer loop
      vertex 5.54352 7.2352 2.4
      vertex 5.80363 7.32349 1.4
      vertex 5.54352 7.2352 1.4
    endloop
  endfacet
  facet normal 0.321422 0.946936 -0
    outer loop
      vertex 4.45648 7.2352 1.4
      vertex 4.19637 7.32349 2.4
      vertex 4.45648 7.2352 2.4
    endloop
  endfacet
  facet normal 0.321422 0.946936 0
    outer loop
      vertex 4.19637 7.32349 2.4
      vertex 4.45648 7.2352 1.4
      vertex 4.19637 7.32349 1.4
    endloop
  endfacet
  facet normal 0.751827 0.65936 0
    outer loop
      vertex 3.51508 7.77872 2.4
      vertex 3.33396 7.98524 1.4
      vertex 3.33396 7.98524 2.4
    endloop
  endfacet
  facet normal 0.751827 0.65936 0
    outer loop
      vertex 3.33396 7.98524 1.4
      vertex 3.51508 7.77872 2.4
      vertex 3.51508 7.77872 1.4
    endloop
  endfacet
  facet normal 0.896817 -0.442401 0
    outer loop
      vertex 3.05985 10.0673 2.4
      vertex 3.18135 10.3136 1.4
      vertex 3.18135 10.3136 2.4
    endloop
  endfacet
  facet normal 0.896817 -0.442401 0
    outer loop
      vertex 3.18135 10.3136 1.4
      vertex 3.05985 10.0673 2.4
      vertex 3.05985 10.0673 1.4
    endloop
  endfacet
  facet normal -0.896867 0.4423 0
    outer loop
      vertex 6.81865 8.21364 1.4
      vertex 6.94015 8.46001 2.4
      vertex 6.94015 8.46001 1.4
    endloop
  endfacet
  facet normal -0.896867 0.4423 0
    outer loop
      vertex 6.94015 8.46001 2.4
      vertex 6.81865 8.21364 1.4
      vertex 6.81865 8.21364 2.4
    endloop
  endfacet
  facet normal 0.0651658 -0.997874 0
    outer loop
      vertex 4.7259 11.3457 1.4
      vertex 5 11.3636 2.4
      vertex 4.7259 11.3457 2.4
    endloop
  endfacet
  facet normal 0.0651658 -0.997874 0
    outer loop
      vertex 5 11.3636 2.4
      vertex 4.7259 11.3457 1.4
      vertex 5 11.3636 1.4
    endloop
  endfacet
  facet normal 0.946947 -0.321388 0
    outer loop
      vertex 2.97156 9.80716 2.4
      vertex 3.05985 10.0673 1.4
      vertex 3.05985 10.0673 2.4
    endloop
  endfacet
  facet normal 0.946947 -0.321388 0
    outer loop
      vertex 3.05985 10.0673 1.4
      vertex 2.97156 9.80716 2.4
      vertex 2.97156 9.80716 1.4
    endloop
  endfacet
  facet normal -0.321454 -0.946925 0
    outer loop
      vertex 5.54352 11.2921 1.4
      vertex 5.80363 11.2038 2.4
      vertex 5.54352 11.2921 2.4
    endloop
  endfacet
  facet normal -0.321454 -0.946925 -0
    outer loop
      vertex 5.80363 11.2038 2.4
      vertex 5.54352 11.2921 1.4
      vertex 5.80363 11.2038 1.4
    endloop
  endfacet
  facet normal -0.946936 0.321422 0
    outer loop
      vertex 6.94015 8.46001 1.4
      vertex 7.02844 8.72012 2.4
      vertex 7.02844 8.72012 1.4
    endloop
  endfacet
  facet normal -0.946936 0.321422 0
    outer loop
      vertex 7.02844 8.72012 2.4
      vertex 6.94015 8.46001 1.4
      vertex 6.94015 8.46001 2.4
    endloop
  endfacet
  facet normal 0.980786 0.195087 0
    outer loop
      vertex 2.97156 8.72012 2.4
      vertex 2.91797 8.98954 1.4
      vertex 2.91797 8.98954 2.4
    endloop
  endfacet
  facet normal 0.980786 0.195087 0
    outer loop
      vertex 2.91797 8.98954 1.4
      vertex 2.97156 8.72012 2.4
      vertex 2.97156 8.72012 1.4
    endloop
  endfacet
  facet normal -0.751954 -0.659215 0
    outer loop
      vertex 6.66604 10.542 1.4
      vertex 6.48492 10.7486 2.4
      vertex 6.48492 10.7486 1.4
    endloop
  endfacet
  facet normal -0.751954 -0.659215 0
    outer loop
      vertex 6.48492 10.7486 2.4
      vertex 6.66604 10.542 1.4
      vertex 6.66604 10.542 2.4
    endloop
  endfacet
  facet normal 0.659319 -0.751864 0
    outer loop
      vertex 3.51508 10.7486 1.4
      vertex 3.7216 10.9297 2.4
      vertex 3.51508 10.7486 2.4
    endloop
  endfacet
  facet normal 0.659319 -0.751864 0
    outer loop
      vertex 3.7216 10.9297 2.4
      vertex 3.51508 10.7486 1.4
      vertex 3.7216 10.9297 1.4
    endloop
  endfacet
  facet normal 0.896867 0.4423 0
    outer loop
      vertex 3.18135 8.21364 2.4
      vertex 3.05985 8.46001 1.4
      vertex 3.05985 8.46001 2.4
    endloop
  endfacet
  facet normal 0.896867 0.4423 0
    outer loop
      vertex 3.05985 8.46001 1.4
      vertex 3.18135 8.21364 2.4
      vertex 3.18135 8.21364 1.4
    endloop
  endfacet
  facet normal -0.0654196 0.997858 0
    outer loop
      vertex 5.2741 7.18161 1.4
      vertex 5 7.16364 2.4
      vertex 5.2741 7.18161 2.4
    endloop
  endfacet
  facet normal -0.0654196 0.997858 0
    outer loop
      vertex 5 7.16364 2.4
      vertex 5.2741 7.18161 1.4
      vertex 5 7.16364 1.4
    endloop
  endfacet
  facet normal 0.997858 -0.0654196 0
    outer loop
      vertex 2.9 9.26364 2.4
      vertex 2.91797 9.53774 1.4
      vertex 2.91797 9.53774 2.4
    endloop
  endfacet
  facet normal 0.997858 -0.0654196 0
    outer loop
      vertex 2.91797 9.53774 1.4
      vertex 2.9 9.26364 2.4
      vertex 2.9 9.26364 1.4
    endloop
  endfacet
  facet normal -0.659319 -0.751864 0
    outer loop
      vertex 6.2784 10.9297 1.4
      vertex 6.48492 10.7486 2.4
      vertex 6.2784 10.9297 2.4
    endloop
  endfacet
  facet normal -0.659319 -0.751864 -0
    outer loop
      vertex 6.48492 10.7486 2.4
      vertex 6.2784 10.9297 1.4
      vertex 6.48492 10.7486 1.4
    endloop
  endfacet
  facet normal 0.831473 0.555565 0
    outer loop
      vertex 3.33396 7.98524 2.4
      vertex 3.18135 8.21364 1.4
      vertex 3.18135 8.21364 2.4
    endloop
  endfacet
  facet normal 0.831473 0.555565 0
    outer loop
      vertex 3.18135 8.21364 1.4
      vertex 3.33396 7.98524 2.4
      vertex 3.33396 7.98524 1.4
    endloop
  endfacet
  facet normal -0.555565 0.831473 0
    outer loop
      vertex 6.2784 7.5976 1.4
      vertex 6.05 7.44499 2.4
      vertex 6.2784 7.5976 2.4
    endloop
  endfacet
  facet normal -0.555565 0.831473 0
    outer loop
      vertex 6.05 7.44499 2.4
      vertex 6.2784 7.5976 1.4
      vertex 6.05 7.44499 1.4
    endloop
  endfacet
  facet normal 0.997858 0.0654196 0
    outer loop
      vertex 2.91797 8.98954 2.4
      vertex 2.9 9.26364 1.4
      vertex 2.9 9.26364 2.4
    endloop
  endfacet
  facet normal 0.997858 0.0654196 0
    outer loop
      vertex 2.9 9.26364 1.4
      vertex 2.91797 8.98954 2.4
      vertex 2.91797 8.98954 1.4
    endloop
  endfacet
  facet normal 0.195087 0.980786 -0
    outer loop
      vertex 4.7259 7.18161 1.4
      vertex 4.45648 7.2352 2.4
      vertex 4.7259 7.18161 2.4
    endloop
  endfacet
  facet normal 0.195087 0.980786 0
    outer loop
      vertex 4.45648 7.2352 2.4
      vertex 4.7259 7.18161 1.4
      vertex 4.45648 7.2352 1.4
    endloop
  endfacet
  facet normal 0.0654196 0.997858 -0
    outer loop
      vertex 5 7.16364 1.4
      vertex 4.7259 7.18161 2.4
      vertex 5 7.16364 2.4
    endloop
  endfacet
  facet normal 0.0654196 0.997858 0
    outer loop
      vertex 4.7259 7.18161 2.4
      vertex 5 7.16364 1.4
      vertex 4.7259 7.18161 1.4
    endloop
  endfacet
  facet normal 0.65936 0.751827 -0
    outer loop
      vertex 3.7216 7.5976 1.4
      vertex 3.51508 7.77872 2.4
      vertex 3.7216 7.5976 2.4
    endloop
  endfacet
  facet normal 0.65936 0.751827 0
    outer loop
      vertex 3.51508 7.77872 2.4
      vertex 3.7216 7.5976 1.4
      vertex 3.51508 7.77872 1.4
    endloop
  endfacet
  facet normal 0 0 1
    outer loop
      vertex 6.2 9.26364 1.4
      vertex 7.1 9.26364 1.4
      vertex 7.08203 9.53774 1.4
    endloop
  endfacet
  facet normal 0 0 1
    outer loop
      vertex 6.18973 9.42027 1.4
      vertex 7.08203 9.53774 1.4
      vertex 7.02844 9.80716 1.4
    endloop
  endfacet
  facet normal 0 0 1
    outer loop
      vertex 7.1 9.26364 1.4
      vertex 6.2 9.26364 1.4
      vertex 7.08203 8.98954 1.4
    endloop
  endfacet
  facet normal 0 0 1
    outer loop
      vertex 6.15911 9.57422 1.4
      vertex 7.02844 9.80716 1.4
      vertex 6.94015 10.0673 1.4
    endloop
  endfacet
  facet normal -0 0 1
    outer loop
      vertex 6.18973 9.10701 1.4
      vertex 7.08203 8.98954 1.4
      vertex 6.2 9.26364 1.4
    endloop
  endfacet
  facet normal 0 0 1
    outer loop
      vertex 6.10865 9.72286 1.4
      vertex 6.94015 10.0673 1.4
      vertex 6.81865 10.3136 1.4
    endloop
  endfacet
  facet normal 0 0 1
    outer loop
      vertex 7.08203 8.98954 1.4
      vertex 6.18973 9.10701 1.4
      vertex 7.02844 8.72012 1.4
    endloop
  endfacet
  facet normal 0 0 1
    outer loop
      vertex 6.03923 9.86364 1.4
      vertex 6.81865 10.3136 1.4
      vertex 6.66604 10.542 1.4
    endloop
  endfacet
  facet normal -0 0 1
    outer loop
      vertex 6.15911 8.95306 1.4
      vertex 7.02844 8.72012 1.4
      vertex 6.18973 9.10701 1.4
    endloop
  endfacet
  facet normal 0 0 1
    outer loop
      vertex 5.95202 9.99415 1.4
      vertex 6.66604 10.542 1.4
      vertex 6.48492 10.7486 1.4
    endloop
  endfacet
  facet normal 0 0 1
    outer loop
      vertex 7.02844 8.72012 1.4
      vertex 6.15911 8.95306 1.4
      vertex 6.94015 8.46001 1.4
    endloop
  endfacet
  facet normal 0 0 1
    outer loop
      vertex 5.84853 10.1122 1.4
      vertex 6.48492 10.7486 1.4
      vertex 6.2784 10.9297 1.4
    endloop
  endfacet
  facet normal -0 0 1
    outer loop
      vertex 6.10865 8.80442 1.4
      vertex 6.94015 8.46001 1.4
      vertex 6.15911 8.95306 1.4
    endloop
  endfacet
  facet normal 0 0 1
    outer loop
      vertex 6.94015 8.46001 1.4
      vertex 6.10865 8.80442 1.4
      vertex 6.81865 8.21364 1.4
    endloop
  endfacet
  facet normal 0 0 1
    outer loop
      vertex 7.08203 9.53774 1.4
      vertex 6.18973 9.42027 1.4
      vertex 6.2 9.26364 1.4
    endloop
  endfacet
  facet normal 0 0 1
    outer loop
      vertex 7.02844 9.80716 1.4
      vertex 6.15911 9.57422 1.4
      vertex 6.18973 9.42027 1.4
    endloop
  endfacet
  facet normal 0 0 1
    outer loop
      vertex 6.94015 10.0673 1.4
      vertex 6.10865 9.72286 1.4
      vertex 6.15911 9.57422 1.4
    endloop
  endfacet
  facet normal 0 0 1
    outer loop
      vertex 5.73051 10.2157 1.4
      vertex 6.2784 10.9297 1.4
      vertex 6.05 11.0823 1.4
    endloop
  endfacet
  facet normal 0 0 1
    outer loop
      vertex 6.81865 10.3136 1.4
      vertex 6.03923 9.86364 1.4
      vertex 6.10865 9.72286 1.4
    endloop
  endfacet
  facet normal 0 0 1
    outer loop
      vertex 6.66604 10.542 1.4
      vertex 5.95202 9.99415 1.4
      vertex 6.03923 9.86364 1.4
    endloop
  endfacet
  facet normal 0 0 1
    outer loop
      vertex 6.48492 10.7486 1.4
      vertex 5.84853 10.1122 1.4
      vertex 5.95202 9.99415 1.4
    endloop
  endfacet
  facet normal 0 0 1
    outer loop
      vertex 5.6 10.3029 1.4
      vertex 6.05 11.0823 1.4
      vertex 5.80363 11.2038 1.4
    endloop
  endfacet
  facet normal 0 0 1
    outer loop
      vertex 6.2784 10.9297 1.4
      vertex 5.73051 10.2157 1.4
      vertex 5.84853 10.1122 1.4
    endloop
  endfacet
  facet normal 0 0 1
    outer loop
      vertex 6.05 11.0823 1.4
      vertex 5.6 10.3029 1.4
      vertex 5.73051 10.2157 1.4
    endloop
  endfacet
  facet normal 0 0 1
    outer loop
      vertex 5.45922 10.3723 1.4
      vertex 5.80363 11.2038 1.4
      vertex 5.54352 11.2921 1.4
    endloop
  endfacet
  facet normal 0 0 1
    outer loop
      vertex 5.80363 11.2038 1.4
      vertex 5.45922 10.3723 1.4
      vertex 5.6 10.3029 1.4
    endloop
  endfacet
  facet normal 0 0 1
    outer loop
      vertex 5.54352 11.2921 1.4
      vertex 5.31058 10.4228 1.4
      vertex 5.45922 10.3723 1.4
    endloop
  endfacet
  facet normal 0 0 1
    outer loop
      vertex 5.2741 11.3457 1.4
      vertex 5.31058 10.4228 1.4
      vertex 5.54352 11.2921 1.4
    endloop
  endfacet
  facet normal 0 0 1
    outer loop
      vertex 5.2741 11.3457 1.4
      vertex 5.15663 10.4534 1.4
      vertex 5.31058 10.4228 1.4
    endloop
  endfacet
  facet normal 0 0 1
    outer loop
      vertex 5 11.3636 1.4
      vertex 5.15663 10.4534 1.4
      vertex 5.2741 11.3457 1.4
    endloop
  endfacet
  facet normal 0 0 1
    outer loop
      vertex 5 11.3636 1.4
      vertex 5 10.4636 1.4
      vertex 5.15663 10.4534 1.4
    endloop
  endfacet
  facet normal 0 0 1
    outer loop
      vertex 5 11.3636 1.4
      vertex 4.84337 10.4534 1.4
      vertex 5 10.4636 1.4
    endloop
  endfacet
  facet normal -0 0 1
    outer loop
      vertex 4.7259 11.3457 1.4
      vertex 4.84337 10.4534 1.4
      vertex 5 11.3636 1.4
    endloop
  endfacet
  facet normal 0 0 1
    outer loop
      vertex 4.7259 11.3457 1.4
      vertex 4.68942 10.4228 1.4
      vertex 4.84337 10.4534 1.4
    endloop
  endfacet
  facet normal -0 0 1
    outer loop
      vertex 4.45648 11.2921 1.4
      vertex 4.68942 10.4228 1.4
      vertex 4.7259 11.3457 1.4
    endloop
  endfacet
  facet normal 0 0 1
    outer loop
      vertex 4.68942 10.4228 1.4
      vertex 4.45648 11.2921 1.4
      vertex 4.54078 10.3723 1.4
    endloop
  endfacet
  facet normal -0 0 1
    outer loop
      vertex 4.19637 11.2038 1.4
      vertex 4.54078 10.3723 1.4
      vertex 4.45648 11.2921 1.4
    endloop
  endfacet
  facet normal 0 0 1
    outer loop
      vertex 4.54078 10.3723 1.4
      vertex 4.19637 11.2038 1.4
      vertex 4.4 10.3029 1.4
    endloop
  endfacet
  facet normal -0 0 1
    outer loop
      vertex 3.95 11.0823 1.4
      vertex 4.4 10.3029 1.4
      vertex 4.19637 11.2038 1.4
    endloop
  endfacet
  facet normal 0 0 1
    outer loop
      vertex 4.4 10.3029 1.4
      vertex 3.95 11.0823 1.4
      vertex 4.26949 10.2157 1.4
    endloop
  endfacet
  facet normal -0 0 1
    outer loop
      vertex 3.7216 10.9297 1.4
      vertex 4.26949 10.2157 1.4
      vertex 3.95 11.0823 1.4
    endloop
  endfacet
  facet normal 0 0 1
    outer loop
      vertex 4.26949 10.2157 1.4
      vertex 3.7216 10.9297 1.4
      vertex 4.15147 10.1122 1.4
    endloop
  endfacet
  facet normal -0 0 1
    outer loop
      vertex 3.51508 10.7486 1.4
      vertex 4.15147 10.1122 1.4
      vertex 3.7216 10.9297 1.4
    endloop
  endfacet
  facet normal 0 0 1
    outer loop
      vertex 4.15147 10.1122 1.4
      vertex 3.51508 10.7486 1.4
      vertex 4.04798 9.99415 1.4
    endloop
  endfacet
  facet normal -0 0 1
    outer loop
      vertex 3.33396 10.542 1.4
      vertex 4.04798 9.99415 1.4
      vertex 3.51508 10.7486 1.4
    endloop
  endfacet
  facet normal 0 0 1
    outer loop
      vertex 4.04798 9.99415 1.4
      vertex 3.33396 10.542 1.4
      vertex 3.96077 9.86364 1.4
    endloop
  endfacet
  facet normal 0 0 1
    outer loop
      vertex 3.96077 9.86364 1.4
      vertex 3.18135 10.3136 1.4
      vertex 3.89135 9.72286 1.4
    endloop
  endfacet
  facet normal -0 0 1
    outer loop
      vertex 3.18135 10.3136 1.4
      vertex 3.96077 9.86364 1.4
      vertex 3.33396 10.542 1.4
    endloop
  endfacet
  facet normal -0 0 1
    outer loop
      vertex 6.03923 8.66364 1.4
      vertex 6.81865 8.21364 1.4
      vertex 6.10865 8.80442 1.4
    endloop
  endfacet
  facet normal 0 0 1
    outer loop
      vertex 6.81865 8.21364 1.4
      vertex 6.03923 8.66364 1.4
      vertex 6.66604 7.98524 1.4
    endloop
  endfacet
  facet normal -0 0 1
    outer loop
      vertex 5.95202 8.53313 1.4
      vertex 6.66604 7.98524 1.4
      vertex 6.03923 8.66364 1.4
    endloop
  endfacet
  facet normal 0 0 1
    outer loop
      vertex 6.66604 7.98524 1.4
      vertex 5.95202 8.53313 1.4
      vertex 6.48492 7.77872 1.4
    endloop
  endfacet
  facet normal -0 0 1
    outer loop
      vertex 5.84853 8.41511 1.4
      vertex 6.48492 7.77872 1.4
      vertex 5.95202 8.53313 1.4
    endloop
  endfacet
  facet normal 0 0 1
    outer loop
      vertex 6.48492 7.77872 1.4
      vertex 5.84853 8.41511 1.4
      vertex 6.2784 7.5976 1.4
    endloop
  endfacet
  facet normal -0 0 1
    outer loop
      vertex 5.73051 8.31162 1.4
      vertex 6.2784 7.5976 1.4
      vertex 5.84853 8.41511 1.4
    endloop
  endfacet
  facet normal 0 0 1
    outer loop
      vertex 6.2784 7.5976 1.4
      vertex 5.73051 8.31162 1.4
      vertex 6.05 7.44499 1.4
    endloop
  endfacet
  facet normal -0 0 1
    outer loop
      vertex 5.6 8.22441 1.4
      vertex 6.05 7.44499 1.4
      vertex 5.73051 8.31162 1.4
    endloop
  endfacet
  facet normal 0 0 1
    outer loop
      vertex 6.05 7.44499 1.4
      vertex 5.6 8.22441 1.4
      vertex 5.80363 7.32349 1.4
    endloop
  endfacet
  facet normal -0 0 1
    outer loop
      vertex 5.45922 8.15499 1.4
      vertex 5.80363 7.32349 1.4
      vertex 5.6 8.22441 1.4
    endloop
  endfacet
  facet normal 0 0 1
    outer loop
      vertex 5.80363 7.32349 1.4
      vertex 5.45922 8.15499 1.4
      vertex 5.54352 7.2352 1.4
    endloop
  endfacet
  facet normal -0 0 1
    outer loop
      vertex 5.31058 8.10453 1.4
      vertex 5.54352 7.2352 1.4
      vertex 5.45922 8.15499 1.4
    endloop
  endfacet
  facet normal 0 0 1
    outer loop
      vertex 5.31058 8.10453 1.4
      vertex 5.2741 7.18161 1.4
      vertex 5.54352 7.2352 1.4
    endloop
  endfacet
  facet normal -0 0 1
    outer loop
      vertex 5.15663 8.07391 1.4
      vertex 5.2741 7.18161 1.4
      vertex 5.31058 8.10453 1.4
    endloop
  endfacet
  facet normal -0 0 1
    outer loop
      vertex 5 8.06364 1.4
      vertex 5.2741 7.18161 1.4
      vertex 5.15663 8.07391 1.4
    endloop
  endfacet
  facet normal 0 0 1
    outer loop
      vertex 5 8.06364 1.4
      vertex 5 7.16364 1.4
      vertex 5.2741 7.18161 1.4
    endloop
  endfacet
  facet normal 0 0 1
    outer loop
      vertex 4.84337 8.07391 1.4
      vertex 5 7.16364 1.4
      vertex 5 8.06364 1.4
    endloop
  endfacet
  facet normal 0 0 1
    outer loop
      vertex 4.84337 8.07391 1.4
      vertex 4.7259 7.18161 1.4
      vertex 5 7.16364 1.4
    endloop
  endfacet
  facet normal 0 0 1
    outer loop
      vertex 4.68942 8.10453 1.4
      vertex 4.7259 7.18161 1.4
      vertex 4.84337 8.07391 1.4
    endloop
  endfacet
  facet normal 0 0 1
    outer loop
      vertex 4.45648 7.2352 1.4
      vertex 4.68942 8.10453 1.4
      vertex 4.54078 8.15499 1.4
    endloop
  endfacet
  facet normal 0 0 1
    outer loop
      vertex 4.68942 8.10453 1.4
      vertex 4.45648 7.2352 1.4
      vertex 4.7259 7.18161 1.4
    endloop
  endfacet
  facet normal 0 0 1
    outer loop
      vertex 4.19637 7.32349 1.4
      vertex 4.54078 8.15499 1.4
      vertex 4.4 8.22441 1.4
    endloop
  endfacet
  facet normal 0 0 1
    outer loop
      vertex 3.95 7.44499 1.4
      vertex 4.4 8.22441 1.4
      vertex 4.26949 8.31162 1.4
    endloop
  endfacet
  facet normal 0 0 1
    outer loop
      vertex 4.54078 8.15499 1.4
      vertex 4.19637 7.32349 1.4
      vertex 4.45648 7.2352 1.4
    endloop
  endfacet
  facet normal 0 0 1
    outer loop
      vertex 3.7216 7.5976 1.4
      vertex 4.26949 8.31162 1.4
      vertex 4.15147 8.41511 1.4
    endloop
  endfacet
  facet normal 0 0 1
    outer loop
      vertex 3.51508 7.77872 1.4
      vertex 4.15147 8.41511 1.4
      vertex 4.04798 8.53313 1.4
    endloop
  endfacet
  facet normal 0 0 1
    outer loop
      vertex 3.33396 7.98524 1.4
      vertex 4.04798 8.53313 1.4
      vertex 3.96077 8.66364 1.4
    endloop
  endfacet
  facet normal 0 0 1
    outer loop
      vertex 4.4 8.22441 1.4
      vertex 3.95 7.44499 1.4
      vertex 4.19637 7.32349 1.4
    endloop
  endfacet
  facet normal 0 0 1
    outer loop
      vertex 3.18135 8.21364 1.4
      vertex 3.96077 8.66364 1.4
      vertex 3.89135 8.80442 1.4
    endloop
  endfacet
  facet normal 0 0 1
    outer loop
      vertex 3.05985 8.46001 1.4
      vertex 3.89135 8.80442 1.4
      vertex 3.84089 8.95306 1.4
    endloop
  endfacet
  facet normal 0 0 1
    outer loop
      vertex 2.97156 8.72012 1.4
      vertex 3.84089 8.95306 1.4
      vertex 3.81027 9.10701 1.4
    endloop
  endfacet
  facet normal 0 0 1
    outer loop
      vertex 4.26949 8.31162 1.4
      vertex 3.7216 7.5976 1.4
      vertex 3.95 7.44499 1.4
    endloop
  endfacet
  facet normal 0 0 1
    outer loop
      vertex 2.91797 8.98954 1.4
      vertex 3.81027 9.10701 1.4
      vertex 3.8 9.26364 1.4
    endloop
  endfacet
  facet normal -0 0 1
    outer loop
      vertex 3.05985 10.0673 1.4
      vertex 3.89135 9.72286 1.4
      vertex 3.18135 10.3136 1.4
    endloop
  endfacet
  facet normal 0 0 1
    outer loop
      vertex 3.89135 9.72286 1.4
      vertex 3.05985 10.0673 1.4
      vertex 3.84089 9.57422 1.4
    endloop
  endfacet
  facet normal 0 0 1
    outer loop
      vertex 4.15147 8.41511 1.4
      vertex 3.51508 7.77872 1.4
      vertex 3.7216 7.5976 1.4
    endloop
  endfacet
  facet normal -0 0 1
    outer loop
      vertex 2.97156 9.80716 1.4
      vertex 3.84089 9.57422 1.4
      vertex 3.05985 10.0673 1.4
    endloop
  endfacet
  facet normal 0 0 1
    outer loop
      vertex 4.04798 8.53313 1.4
      vertex 3.33396 7.98524 1.4
      vertex 3.51508 7.77872 1.4
    endloop
  endfacet
  facet normal 0 0 1
    outer loop
      vertex 3.84089 9.57422 1.4
      vertex 2.97156 9.80716 1.4
      vertex 3.81027 9.42027 1.4
    endloop
  endfacet
  facet normal 0 0 1
    outer loop
      vertex 3.96077 8.66364 1.4
      vertex 3.18135 8.21364 1.4
      vertex 3.33396 7.98524 1.4
    endloop
  endfacet
  facet normal -0 0 1
    outer loop
      vertex 2.91797 9.53774 1.4
      vertex 3.81027 9.42027 1.4
      vertex 2.97156 9.80716 1.4
    endloop
  endfacet
  facet normal 0 0 1
    outer loop
      vertex 3.89135 8.80442 1.4
      vertex 3.05985 8.46001 1.4
      vertex 3.18135 8.21364 1.4
    endloop
  endfacet
  facet normal 0 0 1
    outer loop
      vertex 3.81027 9.42027 1.4
      vertex 2.91797 9.53774 1.4
      vertex 3.8 9.26364 1.4
    endloop
  endfacet
  facet normal 0 0 1
    outer loop
      vertex 3.84089 8.95306 1.4
      vertex 2.97156 8.72012 1.4
      vertex 3.05985 8.46001 1.4
    endloop
  endfacet
  facet normal 0 0 1
    outer loop
      vertex 2.9 9.26364 1.4
      vertex 3.8 9.26364 1.4
      vertex 2.91797 9.53774 1.4
    endloop
  endfacet
  facet normal 0 0 1
    outer loop
      vertex 3.81027 9.10701 1.4
      vertex 2.91797 8.98954 1.4
      vertex 2.97156 8.72012 1.4
    endloop
  endfacet
  facet normal 0 0 1
    outer loop
      vertex 3.8 9.26364 1.4
      vertex 2.9 9.26364 1.4
      vertex 2.91797 8.98954 1.4
    endloop
  endfacet
  facet normal 0.4423 0.896867 -0
    outer loop
      vertex 4.19637 7.32349 1.4
      vertex 3.95 7.44499 2.4
      vertex 4.19637 7.32349 2.4
    endloop
  endfacet
  facet normal 0.4423 0.896867 0
    outer loop
      vertex 3.95 7.44499 2.4
      vertex 4.19637 7.32349 1.4
      vertex 3.95 7.44499 1.4
    endloop
  endfacet
  facet normal -0.064984 0.997886 0
    outer loop
      vertex -4.84337 42.1845 0
      vertex -5 42.1743 1.4
      vertex -4.84337 42.1845 1.4
    endloop
  endfacet
  facet normal -0.064984 0.997886 0
    outer loop
      vertex -5 42.1743 1.4
      vertex -4.84337 42.1845 0
      vertex -5 42.1743 0
    endloop
  endfacet
  facet normal -0.980801 -0.195014 0
    outer loop
      vertex -3.81027 43.5309 0
      vertex -3.84089 43.6849 1.4
      vertex -3.84089 43.6849 0
    endloop
  endfacet
  facet normal -0.980801 -0.195014 0
    outer loop
      vertex -3.84089 43.6849 1.4
      vertex -3.81027 43.5309 0
      vertex -3.81027 43.5309 1.4
    endloop
  endfacet
  facet normal -0.997856 -0.0654405 0
    outer loop
      vertex -3.8 43.3743 0
      vertex -3.81027 43.5309 1.4
      vertex -3.81027 43.5309 0
    endloop
  endfacet
  facet normal -0.997856 -0.0654405 0
    outer loop
      vertex -3.81027 43.5309 1.4
      vertex -3.8 43.3743 0
      vertex -3.8 43.3743 1.4
    endloop
  endfacet
  facet normal -0.946897 -0.321537 0
    outer loop
      vertex -3.84089 43.6849 0
      vertex -3.89135 43.8335 1.4
      vertex -3.89135 43.8335 0
    endloop
  endfacet
  facet normal -0.946897 -0.321537 0
    outer loop
      vertex -3.89135 43.8335 1.4
      vertex -3.84089 43.6849 0
      vertex -3.84089 43.6849 1.4
    endloop
  endfacet
  facet normal -0.321688 -0.946846 0
    outer loop
      vertex -4.68942 44.5334 0
      vertex -4.54078 44.4829 1.4
      vertex -4.68942 44.5334 1.4
    endloop
  endfacet
  facet normal -0.321688 -0.946846 -0
    outer loop
      vertex -4.54078 44.4829 1.4
      vertex -4.68942 44.5334 0
      vertex -4.54078 44.4829 0
    endloop
  endfacet
  facet normal -0.0656183 -0.997845 0
    outer loop
      vertex -5 44.5743 0
      vertex -4.84337 44.564 1.4
      vertex -5 44.5743 1.4
    endloop
  endfacet
  facet normal -0.0656183 -0.997845 -0
    outer loop
      vertex -4.84337 44.564 1.4
      vertex -5 44.5743 0
      vertex -4.84337 44.564 0
    endloop
  endfacet
  facet normal 0.659343 0.751842 -0
    outer loop
      vertex -5.73051 42.4222 0
      vertex -5.84853 42.5257 1.4
      vertex -5.73051 42.4222 1.4
    endloop
  endfacet
  facet normal 0.659343 0.751842 0
    outer loop
      vertex -5.84853 42.5257 1.4
      vertex -5.73051 42.4222 0
      vertex -5.84853 42.5257 0
    endloop
  endfacet
  facet normal 0.997859 0.0653989 0
    outer loop
      vertex -6.18973 43.2176 1.4
      vertex -6.2 43.3743 0
      vertex -6.2 43.3743 1.4
    endloop
  endfacet
  facet normal 0.997859 0.0653989 0
    outer loop
      vertex -6.2 43.3743 0
      vertex -6.18973 43.2176 1.4
      vertex -6.18973 43.2176 0
    endloop
  endfacet
  facet normal 0.659343 -0.751842 0
    outer loop
      vertex -5.84853 44.2228 0
      vertex -5.73051 44.3263 1.4
      vertex -5.84853 44.2228 1.4
    endloop
  endfacet
  facet normal 0.659343 -0.751842 0
    outer loop
      vertex -5.73051 44.3263 1.4
      vertex -5.84853 44.2228 0
      vertex -5.73051 44.3263 0
    endloop
  endfacet
  facet normal -0.751818 -0.65937 0
    outer loop
      vertex -4.04798 44.1048 0
      vertex -4.15147 44.2228 1.4
      vertex -4.15147 44.2228 0
    endloop
  endfacet
  facet normal -0.751818 -0.65937 0
    outer loop
      vertex -4.15147 44.2228 1.4
      vertex -4.04798 44.1048 0
      vertex -4.04798 44.1048 1.4
    endloop
  endfacet
  facet normal -0.997859 0.0653989 0
    outer loop
      vertex -3.81027 43.2176 0
      vertex -3.8 43.3743 1.4
      vertex -3.8 43.3743 0
    endloop
  endfacet
  facet normal -0.997859 0.0653989 0
    outer loop
      vertex -3.8 43.3743 1.4
      vertex -3.81027 43.2176 0
      vertex -3.81027 43.2176 1.4
    endloop
  endfacet
  facet normal -0.44216 -0.896936 0
    outer loop
      vertex -4.54078 44.4829 0
      vertex -4.4 44.4135 1.4
      vertex -4.54078 44.4829 1.4
    endloop
  endfacet
  facet normal -0.44216 -0.896936 -0
    outer loop
      vertex -4.4 44.4135 1.4
      vertex -4.54078 44.4829 0
      vertex -4.4 44.4135 0
    endloop
  endfacet
  facet normal -0.89691 0.442212 0
    outer loop
      vertex -3.96077 42.7743 0
      vertex -3.89135 42.9151 1.4
      vertex -3.89135 42.9151 0
    endloop
  endfacet
  facet normal -0.89691 0.442212 0
    outer loop
      vertex -3.89135 42.9151 1.4
      vertex -3.96077 42.7743 0
      vertex -3.96077 42.7743 1.4
    endloop
  endfacet
  facet normal 0.321117 0.94704 -0
    outer loop
      vertex -5.31058 42.2152 0
      vertex -5.45922 42.2656 1.4
      vertex -5.31058 42.2152 1.4
    endloop
  endfacet
  facet normal 0.321117 0.94704 0
    outer loop
      vertex -5.45922 42.2656 1.4
      vertex -5.31058 42.2152 0
      vertex -5.45922 42.2656 0
    endloop
  endfacet
  facet normal -0.831432 -0.555626 0
    outer loop
      vertex -3.96077 43.9743 0
      vertex -4.04798 44.1048 1.4
      vertex -4.04798 44.1048 0
    endloop
  endfacet
  facet normal -0.831432 -0.555626 0
    outer loop
      vertex -4.04798 44.1048 1.4
      vertex -3.96077 43.9743 0
      vertex -3.96077 43.9743 1.4
    endloop
  endfacet
  facet normal -0.89691 -0.442212 0
    outer loop
      vertex -3.89135 43.8335 0
      vertex -3.96077 43.9743 1.4
      vertex -3.96077 43.9743 0
    endloop
  endfacet
  facet normal -0.89691 -0.442212 0
    outer loop
      vertex -3.96077 43.9743 1.4
      vertex -3.89135 43.8335 0
      vertex -3.89135 43.8335 1.4
    endloop
  endfacet
  facet normal 0.831432 0.555626 0
    outer loop
      vertex -5.95202 42.6438 1.4
      vertex -6.03923 42.7743 0
      vertex -6.03923 42.7743 1.4
    endloop
  endfacet
  facet normal 0.831432 0.555626 0
    outer loop
      vertex -6.03923 42.7743 0
      vertex -5.95202 42.6438 1.4
      vertex -5.95202 42.6438 0
    endloop
  endfacet
  facet normal -0.44216 0.896936 0
    outer loop
      vertex -4.4 42.335 0
      vertex -4.54078 42.2656 1.4
      vertex -4.4 42.335 1.4
    endloop
  endfacet
  facet normal -0.44216 0.896936 0
    outer loop
      vertex -4.54078 42.2656 1.4
      vertex -4.4 42.335 0
      vertex -4.54078 42.2656 0
    endloop
  endfacet
  facet normal 0.44216 -0.896936 0
    outer loop
      vertex -5.6 44.4135 0
      vertex -5.45922 44.4829 1.4
      vertex -5.6 44.4135 1.4
    endloop
  endfacet
  facet normal 0.44216 -0.896936 0
    outer loop
      vertex -5.45922 44.4829 1.4
      vertex -5.6 44.4135 0
      vertex -5.45922 44.4829 0
    endloop
  endfacet
  facet normal 0.997856 -0.0654405 0
    outer loop
      vertex -6.2 43.3743 1.4
      vertex -6.18973 43.5309 0
      vertex -6.18973 43.5309 1.4
    endloop
  endfacet
  facet normal 0.997856 -0.0654405 0
    outer loop
      vertex -6.18973 43.5309 0
      vertex -6.2 43.3743 1.4
      vertex -6.2 43.3743 0
    endloop
  endfacet
  facet normal -0.194952 -0.980813 0
    outer loop
      vertex -4.84337 44.564 0
      vertex -4.68942 44.5334 1.4
      vertex -4.84337 44.564 1.4
    endloop
  endfacet
  facet normal -0.194952 -0.980813 -0
    outer loop
      vertex -4.68942 44.5334 1.4
      vertex -4.84337 44.564 0
      vertex -4.68942 44.5334 0
    endloop
  endfacet
  facet normal 0.751818 -0.65937 0
    outer loop
      vertex -5.95202 44.1048 1.4
      vertex -5.84853 44.2228 0
      vertex -5.84853 44.2228 1.4
    endloop
  endfacet
  facet normal 0.751818 -0.65937 0
    outer loop
      vertex -5.84853 44.2228 0
      vertex -5.95202 44.1048 1.4
      vertex -5.95202 44.1048 0
    endloop
  endfacet
  facet normal -0.946897 0.321537 0
    outer loop
      vertex -3.89135 42.9151 0
      vertex -3.84089 43.0637 1.4
      vertex -3.84089 43.0637 0
    endloop
  endfacet
  facet normal -0.946897 0.321537 0
    outer loop
      vertex -3.84089 43.0637 1.4
      vertex -3.89135 42.9151 0
      vertex -3.89135 42.9151 1.4
    endloop
  endfacet
  facet normal 0.980801 -0.195014 0
    outer loop
      vertex -6.18973 43.5309 1.4
      vertex -6.15911 43.6849 0
      vertex -6.15911 43.6849 1.4
    endloop
  endfacet
  facet normal 0.980801 -0.195014 0
    outer loop
      vertex -6.15911 43.6849 0
      vertex -6.18973 43.5309 1.4
      vertex -6.18973 43.5309 0
    endloop
  endfacet
  facet normal 0.44216 0.896936 -0
    outer loop
      vertex -5.45922 42.2656 0
      vertex -5.6 42.335 1.4
      vertex -5.45922 42.2656 1.4
    endloop
  endfacet
  facet normal 0.44216 0.896936 0
    outer loop
      vertex -5.6 42.335 1.4
      vertex -5.45922 42.2656 0
      vertex -5.6 42.335 0
    endloop
  endfacet
  facet normal 0.555553 -0.831481 0
    outer loop
      vertex -5.73051 44.3263 0
      vertex -5.6 44.4135 1.4
      vertex -5.73051 44.3263 1.4
    endloop
  endfacet
  facet normal 0.555553 -0.831481 0
    outer loop
      vertex -5.6 44.4135 1.4
      vertex -5.73051 44.3263 0
      vertex -5.6 44.4135 0
    endloop
  endfacet
  facet normal -0.659343 0.751842 0
    outer loop
      vertex -4.15147 42.5257 0
      vertex -4.26949 42.4222 1.4
      vertex -4.15147 42.5257 1.4
    endloop
  endfacet
  facet normal -0.659343 0.751842 0
    outer loop
      vertex -4.26949 42.4222 1.4
      vertex -4.15147 42.5257 0
      vertex -4.26949 42.4222 0
    endloop
  endfacet
  facet normal 0.321688 -0.946846 0
    outer loop
      vertex -5.45922 44.4829 0
      vertex -5.31058 44.5334 1.4
      vertex -5.45922 44.4829 1.4
    endloop
  endfacet
  facet normal 0.321688 -0.946846 0
    outer loop
      vertex -5.31058 44.5334 1.4
      vertex -5.45922 44.4829 0
      vertex -5.31058 44.5334 0
    endloop
  endfacet
  facet normal -0.831432 0.555626 0
    outer loop
      vertex -4.04798 42.6438 0
      vertex -3.96077 42.7743 1.4
      vertex -3.96077 42.7743 0
    endloop
  endfacet
  facet normal -0.831432 0.555626 0
    outer loop
      vertex -3.96077 42.7743 1.4
      vertex -4.04798 42.6438 0
      vertex -4.04798 42.6438 1.4
    endloop
  endfacet
  facet normal -0.555553 0.831481 0
    outer loop
      vertex -4.26949 42.4222 0
      vertex -4.4 42.335 1.4
      vertex -4.26949 42.4222 1.4
    endloop
  endfacet
  facet normal -0.555553 0.831481 0
    outer loop
      vertex -4.4 42.335 1.4
      vertex -4.26949 42.4222 0
      vertex -4.4 42.335 0
    endloop
  endfacet
  facet normal -0.752095 0.659054 0
    outer loop
      vertex -4.15147 42.5257 0
      vertex -4.04798 42.6438 1.4
      vertex -4.04798 42.6438 0
    endloop
  endfacet
  facet normal -0.752095 0.659054 0
    outer loop
      vertex -4.04798 42.6438 1.4
      vertex -4.15147 42.5257 0
      vertex -4.15147 42.5257 1.4
    endloop
  endfacet
  facet normal -0.980776 0.195136 0
    outer loop
      vertex -3.84089 43.0637 0
      vertex -3.81027 43.2176 1.4
      vertex -3.81027 43.2176 0
    endloop
  endfacet
  facet normal -0.980776 0.195136 0
    outer loop
      vertex -3.81027 43.2176 1.4
      vertex -3.84089 43.0637 0
      vertex -3.84089 43.0637 1.4
    endloop
  endfacet
  facet normal 0.0656183 -0.997845 0
    outer loop
      vertex -5.15663 44.564 0
      vertex -5 44.5743 1.4
      vertex -5.15663 44.564 1.4
    endloop
  endfacet
  facet normal 0.0656183 -0.997845 0
    outer loop
      vertex -5 44.5743 1.4
      vertex -5.15663 44.564 0
      vertex -5 44.5743 0
    endloop
  endfacet
  facet normal 0.89691 0.442212 0
    outer loop
      vertex -6.03923 42.7743 1.4
      vertex -6.10865 42.9151 0
      vertex -6.10865 42.9151 1.4
    endloop
  endfacet
  facet normal 0.89691 0.442212 0
    outer loop
      vertex -6.10865 42.9151 0
      vertex -6.03923 42.7743 1.4
      vertex -6.03923 42.7743 0
    endloop
  endfacet
  facet normal 0.89691 -0.442212 0
    outer loop
      vertex -6.10865 43.8335 1.4
      vertex -6.03923 43.9743 0
      vertex -6.03923 43.9743 1.4
    endloop
  endfacet
  facet normal 0.89691 -0.442212 0
    outer loop
      vertex -6.03923 43.9743 0
      vertex -6.10865 43.8335 1.4
      vertex -6.10865 43.8335 0
    endloop
  endfacet
  facet normal -0.555553 -0.831481 0
    outer loop
      vertex -4.4 44.4135 0
      vertex -4.26949 44.3263 1.4
      vertex -4.4 44.4135 1.4
    endloop
  endfacet
  facet normal -0.555553 -0.831481 -0
    outer loop
      vertex -4.26949 44.3263 1.4
      vertex -4.4 44.4135 0
      vertex -4.26949 44.3263 0
    endloop
  endfacet
  facet normal 0.980776 0.195136 0
    outer loop
      vertex -6.15911 43.0637 1.4
      vertex -6.18973 43.2176 0
      vertex -6.18973 43.2176 1.4
    endloop
  endfacet
  facet normal 0.980776 0.195136 0
    outer loop
      vertex -6.18973 43.2176 0
      vertex -6.15911 43.0637 1.4
      vertex -6.15911 43.0637 0
    endloop
  endfacet
  facet normal -0.321117 0.94704 0
    outer loop
      vertex -4.54078 42.2656 0
      vertex -4.68942 42.2152 1.4
      vertex -4.54078 42.2656 1.4
    endloop
  endfacet
  facet normal -0.321117 0.94704 0
    outer loop
      vertex -4.68942 42.2152 1.4
      vertex -4.54078 42.2656 0
      vertex -4.68942 42.2152 0
    endloop
  endfacet
  facet normal -0.659343 -0.751842 0
    outer loop
      vertex -4.26949 44.3263 0
      vertex -4.15147 44.2228 1.4
      vertex -4.26949 44.3263 1.4
    endloop
  endfacet
  facet normal -0.659343 -0.751842 -0
    outer loop
      vertex -4.15147 44.2228 1.4
      vertex -4.26949 44.3263 0
      vertex -4.15147 44.2228 0
    endloop
  endfacet
  facet normal -0.195565 0.980691 0
    outer loop
      vertex -4.68942 42.2152 0
      vertex -4.84337 42.1845 1.4
      vertex -4.68942 42.2152 1.4
    endloop
  endfacet
  facet normal -0.195565 0.980691 0
    outer loop
      vertex -4.84337 42.1845 1.4
      vertex -4.68942 42.2152 0
      vertex -4.84337 42.1845 0
    endloop
  endfacet
  facet normal 0.946897 -0.321537 0
    outer loop
      vertex -6.15911 43.6849 1.4
      vertex -6.10865 43.8335 0
      vertex -6.10865 43.8335 1.4
    endloop
  endfacet
  facet normal 0.946897 -0.321537 0
    outer loop
      vertex -6.10865 43.8335 0
      vertex -6.15911 43.6849 1.4
      vertex -6.15911 43.6849 0
    endloop
  endfacet
  facet normal 0.194952 -0.980813 0
    outer loop
      vertex -5.31058 44.5334 0
      vertex -5.15663 44.564 1.4
      vertex -5.31058 44.5334 1.4
    endloop
  endfacet
  facet normal 0.194952 -0.980813 0
    outer loop
      vertex -5.15663 44.564 1.4
      vertex -5.31058 44.5334 0
      vertex -5.15663 44.564 0
    endloop
  endfacet
  facet normal 0.064984 0.997886 -0
    outer loop
      vertex -5 42.1743 0
      vertex -5.15663 42.1845 1.4
      vertex -5 42.1743 1.4
    endloop
  endfacet
  facet normal 0.064984 0.997886 0
    outer loop
      vertex -5.15663 42.1845 1.4
      vertex -5 42.1743 0
      vertex -5.15663 42.1845 0
    endloop
  endfacet
  facet normal 0.946897 0.321537 0
    outer loop
      vertex -6.10865 42.9151 1.4
      vertex -6.15911 43.0637 0
      vertex -6.15911 43.0637 1.4
    endloop
  endfacet
  facet normal 0.946897 0.321537 0
    outer loop
      vertex -6.15911 43.0637 0
      vertex -6.10865 42.9151 1.4
      vertex -6.10865 42.9151 0
    endloop
  endfacet
  facet normal 0.752095 0.659054 0
    outer loop
      vertex -5.84853 42.5257 1.4
      vertex -5.95202 42.6438 0
      vertex -5.95202 42.6438 1.4
    endloop
  endfacet
  facet normal 0.752095 0.659054 0
    outer loop
      vertex -5.95202 42.6438 0
      vertex -5.84853 42.5257 1.4
      vertex -5.84853 42.5257 0
    endloop
  endfacet
  facet normal 0.195565 0.980691 -0
    outer loop
      vertex -5.15663 42.1845 0
      vertex -5.31058 42.2152 1.4
      vertex -5.15663 42.1845 1.4
    endloop
  endfacet
  facet normal 0.195565 0.980691 0
    outer loop
      vertex -5.31058 42.2152 1.4
      vertex -5.15663 42.1845 0
      vertex -5.31058 42.2152 0
    endloop
  endfacet
  facet normal 0.555553 0.831481 -0
    outer loop
      vertex -5.6 42.335 0
      vertex -5.73051 42.4222 1.4
      vertex -5.6 42.335 1.4
    endloop
  endfacet
  facet normal 0.555553 0.831481 0
    outer loop
      vertex -5.73051 42.4222 1.4
      vertex -5.6 42.335 0
      vertex -5.73051 42.4222 0
    endloop
  endfacet
  facet normal 0.831432 -0.555626 0
    outer loop
      vertex -6.03923 43.9743 1.4
      vertex -5.95202 44.1048 0
      vertex -5.95202 44.1048 1.4
    endloop
  endfacet
  facet normal 0.831432 -0.555626 0
    outer loop
      vertex -5.95202 44.1048 0
      vertex -6.03923 43.9743 1.4
      vertex -6.03923 43.9743 0
    endloop
  endfacet
  facet normal -0.751954 0.659215 0
    outer loop
      vertex -3.51508 41.8893 1.4
      vertex -3.33396 42.0959 2.4
      vertex -3.33396 42.0959 1.4
    endloop
  endfacet
  facet normal -0.751954 0.659215 0
    outer loop
      vertex -3.33396 42.0959 2.4
      vertex -3.51508 41.8893 1.4
      vertex -3.51508 41.8893 2.4
    endloop
  endfacet
  facet normal -0.980783 -0.195101 0
    outer loop
      vertex -2.91797 43.6484 1.4
      vertex -2.97156 43.9178 2.4
      vertex -2.97156 43.9178 1.4
    endloop
  endfacet
  facet normal -0.980783 -0.195101 0
    outer loop
      vertex -2.97156 43.9178 2.4
      vertex -2.91797 43.6484 1.4
      vertex -2.91797 43.6484 2.4
    endloop
  endfacet
  facet normal -0.997858 -0.0654196 0
    outer loop
      vertex -2.9 43.3743 1.4
      vertex -2.91797 43.6484 2.4
      vertex -2.91797 43.6484 1.4
    endloop
  endfacet
  facet normal -0.997858 -0.0654196 0
    outer loop
      vertex -2.91797 43.6484 2.4
      vertex -2.9 43.3743 1.4
      vertex -2.9 43.3743 2.4
    endloop
  endfacet
  facet normal -0.946932 -0.321433 0
    outer loop
      vertex -2.97156 43.9178 1.4
      vertex -3.05985 44.1779 2.4
      vertex -3.05985 44.1779 1.4
    endloop
  endfacet
  facet normal -0.946932 -0.321433 0
    outer loop
      vertex -3.05985 44.1779 2.4
      vertex -2.97156 43.9178 1.4
      vertex -2.97156 43.9178 2.4
    endloop
  endfacet
  facet normal -0.831473 -0.555565 0
    outer loop
      vertex -3.18135 44.4243 1.4
      vertex -3.33396 44.6527 2.4
      vertex -3.33396 44.6527 1.4
    endloop
  endfacet
  facet normal -0.831473 -0.555565 0
    outer loop
      vertex -3.33396 44.6527 2.4
      vertex -3.18135 44.4243 1.4
      vertex -3.18135 44.4243 2.4
    endloop
  endfacet
  facet normal 0.55554 0.83149 -0
    outer loop
      vertex -6.05 41.5556 1.4
      vertex -6.2784 41.7082 2.4
      vertex -6.05 41.5556 2.4
    endloop
  endfacet
  facet normal 0.55554 0.83149 0
    outer loop
      vertex -6.2784 41.7082 2.4
      vertex -6.05 41.5556 1.4
      vertex -6.2784 41.7082 1.4
    endloop
  endfacet
  facet normal -0.195122 -0.980779 0
    outer loop
      vertex -4.7259 45.4563 1.4
      vertex -4.45648 45.4027 2.4
      vertex -4.7259 45.4563 2.4
    endloop
  endfacet
  facet normal -0.195122 -0.980779 -0
    outer loop
      vertex -4.45648 45.4027 2.4
      vertex -4.7259 45.4563 1.4
      vertex -4.45648 45.4027 1.4
    endloop
  endfacet
  facet normal -0.997858 0.0654196 0
    outer loop
      vertex -2.91797 43.1002 1.4
      vertex -2.9 43.3743 2.4
      vertex -2.9 43.3743 1.4
    endloop
  endfacet
  facet normal -0.997858 0.0654196 0
    outer loop
      vertex -2.9 43.3743 2.4
      vertex -2.91797 43.1002 1.4
      vertex -2.91797 43.1002 2.4
    endloop
  endfacet
  facet normal -0.896889 -0.442256 0
    outer loop
      vertex -3.05985 44.1779 1.4
      vertex -3.18135 44.4243 2.4
      vertex -3.18135 44.4243 1.4
    endloop
  endfacet
  facet normal -0.896889 -0.442256 0
    outer loop
      vertex -3.18135 44.4243 2.4
      vertex -3.05985 44.1779 1.4
      vertex -3.05985 44.1779 2.4
    endloop
  endfacet
  facet normal 0.946932 0.321433 0
    outer loop
      vertex -6.94015 42.5706 2.4
      vertex -7.02844 42.8307 1.4
      vertex -7.02844 42.8307 2.4
    endloop
  endfacet
  facet normal 0.946932 0.321433 0
    outer loop
      vertex -7.02844 42.8307 1.4
      vertex -6.94015 42.5706 2.4
      vertex -6.94015 42.5706 1.4
    endloop
  endfacet
  facet normal 0.980783 -0.195101 0
    outer loop
      vertex -7.08203 43.6484 2.4
      vertex -7.02844 43.9178 1.4
      vertex -7.02844 43.9178 2.4
    endloop
  endfacet
  facet normal 0.980783 -0.195101 0
    outer loop
      vertex -7.02844 43.9178 1.4
      vertex -7.08203 43.6484 2.4
      vertex -7.08203 43.6484 1.4
    endloop
  endfacet
  facet normal 0.659319 0.751864 -0
    outer loop
      vertex -6.2784 41.7082 1.4
      vertex -6.48492 41.8893 2.4
      vertex -6.2784 41.7082 2.4
    endloop
  endfacet
  facet normal 0.659319 0.751864 0
    outer loop
      vertex -6.48492 41.8893 2.4
      vertex -6.2784 41.7082 1.4
      vertex -6.48492 41.8893 1.4
    endloop
  endfacet
  facet normal 0.195122 -0.980779 0
    outer loop
      vertex -5.54352 45.4027 1.4
      vertex -5.2741 45.4563 2.4
      vertex -5.54352 45.4027 2.4
    endloop
  endfacet
  facet normal 0.195122 -0.980779 0
    outer loop
      vertex -5.2741 45.4563 2.4
      vertex -5.54352 45.4027 1.4
      vertex -5.2741 45.4563 1.4
    endloop
  endfacet
  facet normal -0.195122 0.980779 0
    outer loop
      vertex -4.45648 41.3458 1.4
      vertex -4.7259 41.2922 2.4
      vertex -4.45648 41.3458 2.4
    endloop
  endfacet
  facet normal -0.195122 0.980779 0
    outer loop
      vertex -4.7259 41.2922 2.4
      vertex -4.45648 41.3458 1.4
      vertex -4.7259 41.2922 1.4
    endloop
  endfacet
  facet normal -0.4423 0.896867 0
    outer loop
      vertex -3.95 41.5556 1.4
      vertex -4.19637 41.4341 2.4
      vertex -3.95 41.5556 2.4
    endloop
  endfacet
  facet normal -0.4423 0.896867 0
    outer loop
      vertex -4.19637 41.4341 2.4
      vertex -3.95 41.5556 1.4
      vertex -4.19637 41.4341 1.4
    endloop
  endfacet
  facet normal 0.831473 -0.555565 0
    outer loop
      vertex -6.81865 44.4243 2.4
      vertex -6.66604 44.6527 1.4
      vertex -6.66604 44.6527 2.4
    endloop
  endfacet
  facet normal 0.831473 -0.555565 0
    outer loop
      vertex -6.66604 44.6527 1.4
      vertex -6.81865 44.4243 2.4
      vertex -6.81865 44.4243 1.4
    endloop
  endfacet
  facet normal -0.55554 -0.83149 0
    outer loop
      vertex -3.95 45.1929 1.4
      vertex -3.7216 45.0403 2.4
      vertex -3.95 45.1929 2.4
    endloop
  endfacet
  facet normal -0.55554 -0.83149 -0
    outer loop
      vertex -3.7216 45.0403 2.4
      vertex -3.95 45.1929 1.4
      vertex -3.7216 45.0403 1.4
    endloop
  endfacet
  facet normal -0.831473 0.555565 0
    outer loop
      vertex -3.33396 42.0959 1.4
      vertex -3.18135 42.3243 2.4
      vertex -3.18135 42.3243 1.4
    endloop
  endfacet
  facet normal -0.831473 0.555565 0
    outer loop
      vertex -3.18135 42.3243 2.4
      vertex -3.33396 42.0959 1.4
      vertex -3.33396 42.0959 2.4
    endloop
  endfacet
  facet normal -0.4423 -0.896867 0
    outer loop
      vertex -4.19637 45.3144 1.4
      vertex -3.95 45.1929 2.4
      vertex -4.19637 45.3144 2.4
    endloop
  endfacet
  facet normal -0.4423 -0.896867 -0
    outer loop
      vertex -3.95 45.1929 2.4
      vertex -4.19637 45.3144 1.4
      vertex -3.95 45.1929 1.4
    endloop
  endfacet
  facet normal -0.980797 0.195031 0
    outer loop
      vertex -2.97156 42.8307 1.4
      vertex -2.91797 43.1002 2.4
      vertex -2.91797 43.1002 1.4
    endloop
  endfacet
  facet normal -0.980797 0.195031 0
    outer loop
      vertex -2.91797 43.1002 2.4
      vertex -2.97156 42.8307 1.4
      vertex -2.97156 42.8307 2.4
    endloop
  endfacet
  facet normal 0.321454 -0.946925 0
    outer loop
      vertex -5.80363 45.3144 1.4
      vertex -5.54352 45.4027 2.4
      vertex -5.80363 45.3144 2.4
    endloop
  endfacet
  facet normal 0.321454 -0.946925 0
    outer loop
      vertex -5.54352 45.4027 2.4
      vertex -5.80363 45.3144 1.4
      vertex -5.54352 45.4027 1.4
    endloop
  endfacet
  facet normal 0.4423 -0.896867 0
    outer loop
      vertex -6.05 45.1929 1.4
      vertex -5.80363 45.3144 2.4
      vertex -6.05 45.1929 2.4
    endloop
  endfacet
  facet normal 0.4423 -0.896867 0
    outer loop
      vertex -5.80363 45.3144 2.4
      vertex -6.05 45.1929 1.4
      vertex -5.80363 45.3144 1.4
    endloop
  endfacet
  facet normal 0.55554 -0.83149 0
    outer loop
      vertex -6.2784 45.0403 1.4
      vertex -6.05 45.1929 2.4
      vertex -6.2784 45.0403 2.4
    endloop
  endfacet
  facet normal 0.55554 -0.83149 0
    outer loop
      vertex -6.05 45.1929 2.4
      vertex -6.2784 45.0403 1.4
      vertex -6.05 45.1929 1.4
    endloop
  endfacet
  facet normal -0.659319 0.751864 0
    outer loop
      vertex -3.51508 41.8893 1.4
      vertex -3.7216 41.7082 2.4
      vertex -3.51508 41.8893 2.4
    endloop
  endfacet
  facet normal -0.659319 0.751864 0
    outer loop
      vertex -3.7216 41.7082 2.4
      vertex -3.51508 41.8893 1.4
      vertex -3.7216 41.7082 1.4
    endloop
  endfacet
  facet normal 0.751796 -0.659396 0
    outer loop
      vertex -6.66604 44.6527 2.4
      vertex -6.48492 44.8592 1.4
      vertex -6.48492 44.8592 2.4
    endloop
  endfacet
  facet normal 0.751796 -0.659396 0
    outer loop
      vertex -6.48492 44.8592 1.4
      vertex -6.66604 44.6527 2.4
      vertex -6.66604 44.6527 1.4
    endloop
  endfacet
  facet normal -0.0655283 -0.997851 0
    outer loop
      vertex -5 45.4743 1.4
      vertex -4.7259 45.4563 2.4
      vertex -5 45.4743 2.4
    endloop
  endfacet
  facet normal -0.0655283 -0.997851 -0
    outer loop
      vertex -4.7259 45.4563 2.4
      vertex -5 45.4743 1.4
      vertex -4.7259 45.4563 1.4
    endloop
  endfacet
  facet normal -0.321454 0.946925 0
    outer loop
      vertex -4.19637 41.4341 1.4
      vertex -4.45648 41.3458 2.4
      vertex -4.19637 41.4341 2.4
    endloop
  endfacet
  facet normal -0.321454 0.946925 0
    outer loop
      vertex -4.45648 41.3458 2.4
      vertex -4.19637 41.4341 1.4
      vertex -4.45648 41.3458 1.4
    endloop
  endfacet
  facet normal 0.321454 0.946925 -0
    outer loop
      vertex -5.54352 41.3458 1.4
      vertex -5.80363 41.4341 2.4
      vertex -5.54352 41.3458 2.4
    endloop
  endfacet
  facet normal 0.321454 0.946925 0
    outer loop
      vertex -5.80363 41.4341 2.4
      vertex -5.54352 41.3458 1.4
      vertex -5.80363 41.4341 1.4
    endloop
  endfacet
  facet normal 0.751954 0.659215 0
    outer loop
      vertex -6.48492 41.8893 2.4
      vertex -6.66604 42.0959 1.4
      vertex -6.66604 42.0959 2.4
    endloop
  endfacet
  facet normal 0.751954 0.659215 0
    outer loop
      vertex -6.66604 42.0959 1.4
      vertex -6.48492 41.8893 2.4
      vertex -6.48492 41.8893 1.4
    endloop
  endfacet
  facet normal 0.896889 -0.442256 0
    outer loop
      vertex -6.94015 44.1779 2.4
      vertex -6.81865 44.4243 1.4
      vertex -6.81865 44.4243 2.4
    endloop
  endfacet
  facet normal 0.896889 -0.442256 0
    outer loop
      vertex -6.81865 44.4243 1.4
      vertex -6.94015 44.1779 2.4
      vertex -6.94015 44.1779 1.4
    endloop
  endfacet
  facet normal -0.896817 0.442401 0
    outer loop
      vertex -3.18135 42.3243 1.4
      vertex -3.05985 42.5706 2.4
      vertex -3.05985 42.5706 1.4
    endloop
  endfacet
  facet normal -0.896817 0.442401 0
    outer loop
      vertex -3.05985 42.5706 2.4
      vertex -3.18135 42.3243 1.4
      vertex -3.18135 42.3243 2.4
    endloop
  endfacet
  facet normal 0.0655283 -0.997851 0
    outer loop
      vertex -5.2741 45.4563 1.4
      vertex -5 45.4743 2.4
      vertex -5.2741 45.4563 2.4
    endloop
  endfacet
  facet normal 0.0655283 -0.997851 0
    outer loop
      vertex -5 45.4743 2.4
      vertex -5.2741 45.4563 1.4
      vertex -5 45.4743 1.4
    endloop
  endfacet
  facet normal 0.946932 -0.321433 0
    outer loop
      vertex -7.02844 43.9178 2.4
      vertex -6.94015 44.1779 1.4
      vertex -6.94015 44.1779 2.4
    endloop
  endfacet
  facet normal 0.946932 -0.321433 0
    outer loop
      vertex -6.94015 44.1779 1.4
      vertex -7.02844 43.9178 2.4
      vertex -7.02844 43.9178 1.4
    endloop
  endfacet
  facet normal -0.321454 -0.946925 0
    outer loop
      vertex -4.45648 45.4027 1.4
      vertex -4.19637 45.3144 2.4
      vertex -4.45648 45.4027 2.4
    endloop
  endfacet
  facet normal -0.321454 -0.946925 -0
    outer loop
      vertex -4.19637 45.3144 2.4
      vertex -4.45648 45.4027 1.4
      vertex -4.19637 45.3144 1.4
    endloop
  endfacet
  facet normal -0.946932 0.321433 0
    outer loop
      vertex -3.05985 42.5706 1.4
      vertex -2.97156 42.8307 2.4
      vertex -2.97156 42.8307 1.4
    endloop
  endfacet
  facet normal -0.946932 0.321433 0
    outer loop
      vertex -2.97156 42.8307 2.4
      vertex -3.05985 42.5706 1.4
      vertex -3.05985 42.5706 2.4
    endloop
  endfacet
  facet normal 0.980797 0.195031 0
    outer loop
      vertex -7.02844 42.8307 2.4
      vertex -7.08203 43.1002 1.4
      vertex -7.08203 43.1002 2.4
    endloop
  endfacet
  facet normal 0.980797 0.195031 0
    outer loop
      vertex -7.08203 43.1002 1.4
      vertex -7.02844 42.8307 2.4
      vertex -7.02844 42.8307 1.4
    endloop
  endfacet
  facet normal -0.751796 -0.659396 0
    outer loop
      vertex -3.33396 44.6527 1.4
      vertex -3.51508 44.8592 2.4
      vertex -3.51508 44.8592 1.4
    endloop
  endfacet
  facet normal -0.751796 -0.659396 0
    outer loop
      vertex -3.51508 44.8592 2.4
      vertex -3.33396 44.6527 1.4
      vertex -3.33396 44.6527 2.4
    endloop
  endfacet
  facet normal 0.659319 -0.751864 0
    outer loop
      vertex -6.48492 44.8592 1.4
      vertex -6.2784 45.0403 2.4
      vertex -6.48492 44.8592 2.4
    endloop
  endfacet
  facet normal 0.659319 -0.751864 0
    outer loop
      vertex -6.2784 45.0403 2.4
      vertex -6.48492 44.8592 1.4
      vertex -6.2784 45.0403 1.4
    endloop
  endfacet
  facet normal 0.896817 0.442401 0
    outer loop
      vertex -6.81865 42.3243 2.4
      vertex -6.94015 42.5706 1.4
      vertex -6.94015 42.5706 2.4
    endloop
  endfacet
  facet normal 0.896817 0.442401 0
    outer loop
      vertex -6.94015 42.5706 1.4
      vertex -6.81865 42.3243 2.4
      vertex -6.81865 42.3243 1.4
    endloop
  endfacet
  facet normal -0.0651658 0.997874 0
    outer loop
      vertex -4.7259 41.2922 1.4
      vertex -5 41.2743 2.4
      vertex -4.7259 41.2922 2.4
    endloop
  endfacet
  facet normal -0.0651658 0.997874 0
    outer loop
      vertex -5 41.2743 2.4
      vertex -4.7259 41.2922 1.4
      vertex -5 41.2743 1.4
    endloop
  endfacet
  facet normal 0.0651658 0.997874 -0
    outer loop
      vertex -5 41.2743 1.4
      vertex -5.2741 41.2922 2.4
      vertex -5 41.2743 2.4
    endloop
  endfacet
  facet normal 0.0651658 0.997874 0
    outer loop
      vertex -5.2741 41.2922 2.4
      vertex -5 41.2743 1.4
      vertex -5.2741 41.2922 1.4
    endloop
  endfacet
  facet normal 0.997858 -0.0654196 0
    outer loop
      vertex -7.1 43.3743 2.4
      vertex -7.08203 43.6484 1.4
      vertex -7.08203 43.6484 2.4
    endloop
  endfacet
  facet normal 0.997858 -0.0654196 0
    outer loop
      vertex -7.08203 43.6484 1.4
      vertex -7.1 43.3743 2.4
      vertex -7.1 43.3743 1.4
    endloop
  endfacet
  facet normal -0.659319 -0.751864 0
    outer loop
      vertex -3.7216 45.0403 1.4
      vertex -3.51508 44.8592 2.4
      vertex -3.7216 45.0403 2.4
    endloop
  endfacet
  facet normal -0.659319 -0.751864 -0
    outer loop
      vertex -3.51508 44.8592 2.4
      vertex -3.7216 45.0403 1.4
      vertex -3.51508 44.8592 1.4
    endloop
  endfacet
  facet normal 0.831473 0.555565 0
    outer loop
      vertex -6.66604 42.0959 2.4
      vertex -6.81865 42.3243 1.4
      vertex -6.81865 42.3243 2.4
    endloop
  endfacet
  facet normal 0.831473 0.555565 0
    outer loop
      vertex -6.81865 42.3243 1.4
      vertex -6.66604 42.0959 2.4
      vertex -6.66604 42.0959 1.4
    endloop
  endfacet
  facet normal -0.55554 0.83149 0
    outer loop
      vertex -3.7216 41.7082 1.4
      vertex -3.95 41.5556 2.4
      vertex -3.7216 41.7082 2.4
    endloop
  endfacet
  facet normal -0.55554 0.83149 0
    outer loop
      vertex -3.95 41.5556 2.4
      vertex -3.7216 41.7082 1.4
      vertex -3.95 41.5556 1.4
    endloop
  endfacet
  facet normal 0.997858 0.0654196 0
    outer loop
      vertex -7.08203 43.1002 2.4
      vertex -7.1 43.3743 1.4
      vertex -7.1 43.3743 2.4
    endloop
  endfacet
  facet normal 0.997858 0.0654196 0
    outer loop
      vertex -7.1 43.3743 1.4
      vertex -7.08203 43.1002 2.4
      vertex -7.08203 43.1002 1.4
    endloop
  endfacet
  facet normal 0.195122 0.980779 -0
    outer loop
      vertex -5.2741 41.2922 1.4
      vertex -5.54352 41.3458 2.4
      vertex -5.2741 41.2922 2.4
    endloop
  endfacet
  facet normal 0.195122 0.980779 0
    outer loop
      vertex -5.54352 41.3458 2.4
      vertex -5.2741 41.2922 1.4
      vertex -5.54352 41.3458 1.4
    endloop
  endfacet
  facet normal 0 0 1
    outer loop
      vertex -3.8 43.3743 1.4
      vertex -2.9 43.3743 1.4
      vertex -2.91797 43.6484 1.4
    endloop
  endfacet
  facet normal 0 0 1
    outer loop
      vertex -3.81027 43.5309 1.4
      vertex -2.91797 43.6484 1.4
      vertex -2.97156 43.9178 1.4
    endloop
  endfacet
  facet normal 0 0 1
    outer loop
      vertex -2.9 43.3743 1.4
      vertex -3.8 43.3743 1.4
      vertex -2.91797 43.1002 1.4
    endloop
  endfacet
  facet normal 0 0 1
    outer loop
      vertex -3.84089 43.6849 1.4
      vertex -2.97156 43.9178 1.4
      vertex -3.05985 44.1779 1.4
    endloop
  endfacet
  facet normal -0 0 1
    outer loop
      vertex -3.81027 43.2176 1.4
      vertex -2.91797 43.1002 1.4
      vertex -3.8 43.3743 1.4
    endloop
  endfacet
  facet normal 0 0 1
    outer loop
      vertex -3.89135 43.8335 1.4
      vertex -3.05985 44.1779 1.4
      vertex -3.18135 44.4243 1.4
    endloop
  endfacet
  facet normal 0 0 1
    outer loop
      vertex -2.91797 43.1002 1.4
      vertex -3.81027 43.2176 1.4
      vertex -2.97156 42.8307 1.4
    endloop
  endfacet
  facet normal 0 0 1
    outer loop
      vertex -3.96077 43.9743 1.4
      vertex -3.18135 44.4243 1.4
      vertex -3.33396 44.6527 1.4
    endloop
  endfacet
  facet normal -0 0 1
    outer loop
      vertex -3.84089 43.0637 1.4
      vertex -2.97156 42.8307 1.4
      vertex -3.81027 43.2176 1.4
    endloop
  endfacet
  facet normal 0 0 1
    outer loop
      vertex -4.04798 44.1048 1.4
      vertex -3.33396 44.6527 1.4
      vertex -3.51508 44.8592 1.4
    endloop
  endfacet
  facet normal 0 0 1
    outer loop
      vertex -2.97156 42.8307 1.4
      vertex -3.84089 43.0637 1.4
      vertex -3.05985 42.5706 1.4
    endloop
  endfacet
  facet normal 0 0 1
    outer loop
      vertex -4.15147 44.2228 1.4
      vertex -3.51508 44.8592 1.4
      vertex -3.7216 45.0403 1.4
    endloop
  endfacet
  facet normal -0 0 1
    outer loop
      vertex -3.89135 42.9151 1.4
      vertex -3.05985 42.5706 1.4
      vertex -3.84089 43.0637 1.4
    endloop
  endfacet
  facet normal 0 0 1
    outer loop
      vertex -3.05985 42.5706 1.4
      vertex -3.89135 42.9151 1.4
      vertex -3.18135 42.3243 1.4
    endloop
  endfacet
  facet normal 0 0 1
    outer loop
      vertex -2.91797 43.6484 1.4
      vertex -3.81027 43.5309 1.4
      vertex -3.8 43.3743 1.4
    endloop
  endfacet
  facet normal 0 0 1
    outer loop
      vertex -2.97156 43.9178 1.4
      vertex -3.84089 43.6849 1.4
      vertex -3.81027 43.5309 1.4
    endloop
  endfacet
  facet normal 0 0 1
    outer loop
      vertex -3.05985 44.1779 1.4
      vertex -3.89135 43.8335 1.4
      vertex -3.84089 43.6849 1.4
    endloop
  endfacet
  facet normal 0 0 1
    outer loop
      vertex -4.26949 44.3263 1.4
      vertex -3.7216 45.0403 1.4
      vertex -3.95 45.1929 1.4
    endloop
  endfacet
  facet normal 0 0 1
    outer loop
      vertex -3.18135 44.4243 1.4
      vertex -3.96077 43.9743 1.4
      vertex -3.89135 43.8335 1.4
    endloop
  endfacet
  facet normal 0 0 1
    outer loop
      vertex -3.33396 44.6527 1.4
      vertex -4.04798 44.1048 1.4
      vertex -3.96077 43.9743 1.4
    endloop
  endfacet
  facet normal 0 0 1
    outer loop
      vertex -3.51508 44.8592 1.4
      vertex -4.15147 44.2228 1.4
      vertex -4.04798 44.1048 1.4
    endloop
  endfacet
  facet normal 0 0 1
    outer loop
      vertex -4.4 44.4135 1.4
      vertex -3.95 45.1929 1.4
      vertex -4.19637 45.3144 1.4
    endloop
  endfacet
  facet normal 0 0 1
    outer loop
      vertex -3.7216 45.0403 1.4
      vertex -4.26949 44.3263 1.4
      vertex -4.15147 44.2228 1.4
    endloop
  endfacet
  facet normal 0 0 1
    outer loop
      vertex -3.95 45.1929 1.4
      vertex -4.4 44.4135 1.4
      vertex -4.26949 44.3263 1.4
    endloop
  endfacet
  facet normal 0 0 1
    outer loop
      vertex -4.54078 44.4829 1.4
      vertex -4.19637 45.3144 1.4
      vertex -4.45648 45.4027 1.4
    endloop
  endfacet
  facet normal 0 0 1
    outer loop
      vertex -4.19637 45.3144 1.4
      vertex -4.54078 44.4829 1.4
      vertex -4.4 44.4135 1.4
    endloop
  endfacet
  facet normal 0 0 1
    outer loop
      vertex -4.45648 45.4027 1.4
      vertex -4.68942 44.5334 1.4
      vertex -4.54078 44.4829 1.4
    endloop
  endfacet
  facet normal 0 0 1
    outer loop
      vertex -4.7259 45.4563 1.4
      vertex -4.68942 44.5334 1.4
      vertex -4.45648 45.4027 1.4
    endloop
  endfacet
  facet normal 0 0 1
    outer loop
      vertex -4.7259 45.4563 1.4
      vertex -4.84337 44.564 1.4
      vertex -4.68942 44.5334 1.4
    endloop
  endfacet
  facet normal 0 0 1
    outer loop
      vertex -5 45.4743 1.4
      vertex -4.84337 44.564 1.4
      vertex -4.7259 45.4563 1.4
    endloop
  endfacet
  facet normal 0 0 1
    outer loop
      vertex -5 45.4743 1.4
      vertex -5 44.5743 1.4
      vertex -4.84337 44.564 1.4
    endloop
  endfacet
  facet normal 0 0 1
    outer loop
      vertex -5 45.4743 1.4
      vertex -5.15663 44.564 1.4
      vertex -5 44.5743 1.4
    endloop
  endfacet
  facet normal -0 0 1
    outer loop
      vertex -5.2741 45.4563 1.4
      vertex -5.15663 44.564 1.4
      vertex -5 45.4743 1.4
    endloop
  endfacet
  facet normal 0 0 1
    outer loop
      vertex -5.2741 45.4563 1.4
      vertex -5.31058 44.5334 1.4
      vertex -5.15663 44.564 1.4
    endloop
  endfacet
  facet normal -0 0 1
    outer loop
      vertex -5.54352 45.4027 1.4
      vertex -5.31058 44.5334 1.4
      vertex -5.2741 45.4563 1.4
    endloop
  endfacet
  facet normal 0 0 1
    outer loop
      vertex -5.31058 44.5334 1.4
      vertex -5.54352 45.4027 1.4
      vertex -5.45922 44.4829 1.4
    endloop
  endfacet
  facet normal -0 0 1
    outer loop
      vertex -5.80363 45.3144 1.4
      vertex -5.45922 44.4829 1.4
      vertex -5.54352 45.4027 1.4
    endloop
  endfacet
  facet normal 0 0 1
    outer loop
      vertex -5.45922 44.4829 1.4
      vertex -5.80363 45.3144 1.4
      vertex -5.6 44.4135 1.4
    endloop
  endfacet
  facet normal -0 0 1
    outer loop
      vertex -6.05 45.1929 1.4
      vertex -5.6 44.4135 1.4
      vertex -5.80363 45.3144 1.4
    endloop
  endfacet
  facet normal 0 0 1
    outer loop
      vertex -5.6 44.4135 1.4
      vertex -6.05 45.1929 1.4
      vertex -5.73051 44.3263 1.4
    endloop
  endfacet
  facet normal -0 0 1
    outer loop
      vertex -6.2784 45.0403 1.4
      vertex -5.73051 44.3263 1.4
      vertex -6.05 45.1929 1.4
    endloop
  endfacet
  facet normal 0 0 1
    outer loop
      vertex -5.73051 44.3263 1.4
      vertex -6.2784 45.0403 1.4
      vertex -5.84853 44.2228 1.4
    endloop
  endfacet
  facet normal -0 0 1
    outer loop
      vertex -6.48492 44.8592 1.4
      vertex -5.84853 44.2228 1.4
      vertex -6.2784 45.0403 1.4
    endloop
  endfacet
  facet normal 0 0 1
    outer loop
      vertex -5.84853 44.2228 1.4
      vertex -6.48492 44.8592 1.4
      vertex -5.95202 44.1048 1.4
    endloop
  endfacet
  facet normal -0 0 1
    outer loop
      vertex -6.66604 44.6527 1.4
      vertex -5.95202 44.1048 1.4
      vertex -6.48492 44.8592 1.4
    endloop
  endfacet
  facet normal 0 0 1
    outer loop
      vertex -5.95202 44.1048 1.4
      vertex -6.66604 44.6527 1.4
      vertex -6.03923 43.9743 1.4
    endloop
  endfacet
  facet normal 0 0 1
    outer loop
      vertex -6.03923 43.9743 1.4
      vertex -6.81865 44.4243 1.4
      vertex -6.10865 43.8335 1.4
    endloop
  endfacet
  facet normal -0 0 1
    outer loop
      vertex -6.81865 44.4243 1.4
      vertex -6.03923 43.9743 1.4
      vertex -6.66604 44.6527 1.4
    endloop
  endfacet
  facet normal -0 0 1
    outer loop
      vertex -3.96077 42.7743 1.4
      vertex -3.18135 42.3243 1.4
      vertex -3.89135 42.9151 1.4
    endloop
  endfacet
  facet normal 0 0 1
    outer loop
      vertex -3.18135 42.3243 1.4
      vertex -3.96077 42.7743 1.4
      vertex -3.33396 42.0959 1.4
    endloop
  endfacet
  facet normal -0 0 1
    outer loop
      vertex -4.04798 42.6438 1.4
      vertex -3.33396 42.0959 1.4
      vertex -3.96077 42.7743 1.4
    endloop
  endfacet
  facet normal 0 0 1
    outer loop
      vertex -3.33396 42.0959 1.4
      vertex -4.04798 42.6438 1.4
      vertex -3.51508 41.8893 1.4
    endloop
  endfacet
  facet normal -0 0 1
    outer loop
      vertex -4.15147 42.5257 1.4
      vertex -3.51508 41.8893 1.4
      vertex -4.04798 42.6438 1.4
    endloop
  endfacet
  facet normal 0 0 1
    outer loop
      vertex -3.51508 41.8893 1.4
      vertex -4.15147 42.5257 1.4
      vertex -3.7216 41.7082 1.4
    endloop
  endfacet
  facet normal -0 0 1
    outer loop
      vertex -4.26949 42.4222 1.4
      vertex -3.7216 41.7082 1.4
      vertex -4.15147 42.5257 1.4
    endloop
  endfacet
  facet normal 0 0 1
    outer loop
      vertex -3.7216 41.7082 1.4
      vertex -4.26949 42.4222 1.4
      vertex -3.95 41.5556 1.4
    endloop
  endfacet
  facet normal -0 0 1
    outer loop
      vertex -4.4 42.335 1.4
      vertex -3.95 41.5556 1.4
      vertex -4.26949 42.4222 1.4
    endloop
  endfacet
  facet normal 0 0 1
    outer loop
      vertex -3.95 41.5556 1.4
      vertex -4.4 42.335 1.4
      vertex -4.19637 41.4341 1.4
    endloop
  endfacet
  facet normal -0 0 1
    outer loop
      vertex -4.54078 42.2656 1.4
      vertex -4.19637 41.4341 1.4
      vertex -4.4 42.335 1.4
    endloop
  endfacet
  facet normal 0 0 1
    outer loop
      vertex -4.19637 41.4341 1.4
      vertex -4.54078 42.2656 1.4
      vertex -4.45648 41.3458 1.4
    endloop
  endfacet
  facet normal -0 0 1
    outer loop
      vertex -4.68942 42.2152 1.4
      vertex -4.45648 41.3458 1.4
      vertex -4.54078 42.2656 1.4
    endloop
  endfacet
  facet normal 0 0 1
    outer loop
      vertex -4.68942 42.2152 1.4
      vertex -4.7259 41.2922 1.4
      vertex -4.45648 41.3458 1.4
    endloop
  endfacet
  facet normal -0 0 1
    outer loop
      vertex -4.84337 42.1845 1.4
      vertex -4.7259 41.2922 1.4
      vertex -4.68942 42.2152 1.4
    endloop
  endfacet
  facet normal -0 0 1
    outer loop
      vertex -5 42.1743 1.4
      vertex -4.7259 41.2922 1.4
      vertex -4.84337 42.1845 1.4
    endloop
  endfacet
  facet normal 0 0 1
    outer loop
      vertex -5 42.1743 1.4
      vertex -5 41.2743 1.4
      vertex -4.7259 41.2922 1.4
    endloop
  endfacet
  facet normal 0 0 1
    outer loop
      vertex -5.15663 42.1845 1.4
      vertex -5 41.2743 1.4
      vertex -5 42.1743 1.4
    endloop
  endfacet
  facet normal 0 0 1
    outer loop
      vertex -5.15663 42.1845 1.4
      vertex -5.2741 41.2922 1.4
      vertex -5 41.2743 1.4
    endloop
  endfacet
  facet normal 0 0 1
    outer loop
      vertex -5.31058 42.2152 1.4
      vertex -5.2741 41.2922 1.4
      vertex -5.15663 42.1845 1.4
    endloop
  endfacet
  facet normal 0 0 1
    outer loop
      vertex -5.54352 41.3458 1.4
      vertex -5.31058 42.2152 1.4
      vertex -5.45922 42.2656 1.4
    endloop
  endfacet
  facet normal 0 0 1
    outer loop
      vertex -5.31058 42.2152 1.4
      vertex -5.54352 41.3458 1.4
      vertex -5.2741 41.2922 1.4
    endloop
  endfacet
  facet normal 0 0 1
    outer loop
      vertex -5.80363 41.4341 1.4
      vertex -5.45922 42.2656 1.4
      vertex -5.6 42.335 1.4
    endloop
  endfacet
  facet normal 0 0 1
    outer loop
      vertex -6.05 41.5556 1.4
      vertex -5.6 42.335 1.4
      vertex -5.73051 42.4222 1.4
    endloop
  endfacet
  facet normal 0 0 1
    outer loop
      vertex -5.45922 42.2656 1.4
      vertex -5.80363 41.4341 1.4
      vertex -5.54352 41.3458 1.4
    endloop
  endfacet
  facet normal 0 0 1
    outer loop
      vertex -6.2784 41.7082 1.4
      vertex -5.73051 42.4222 1.4
      vertex -5.84853 42.5257 1.4
    endloop
  endfacet
  facet normal 0 0 1
    outer loop
      vertex -6.48492 41.8893 1.4
      vertex -5.84853 42.5257 1.4
      vertex -5.95202 42.6438 1.4
    endloop
  endfacet
  facet normal 0 0 1
    outer loop
      vertex -6.66604 42.0959 1.4
      vertex -5.95202 42.6438 1.4
      vertex -6.03923 42.7743 1.4
    endloop
  endfacet
  facet normal 0 0 1
    outer loop
      vertex -5.6 42.335 1.4
      vertex -6.05 41.5556 1.4
      vertex -5.80363 41.4341 1.4
    endloop
  endfacet
  facet normal 0 0 1
    outer loop
      vertex -6.81865 42.3243 1.4
      vertex -6.03923 42.7743 1.4
      vertex -6.10865 42.9151 1.4
    endloop
  endfacet
  facet normal 0 0 1
    outer loop
      vertex -6.94015 42.5706 1.4
      vertex -6.10865 42.9151 1.4
      vertex -6.15911 43.0637 1.4
    endloop
  endfacet
  facet normal 0 0 1
    outer loop
      vertex -7.02844 42.8307 1.4
      vertex -6.15911 43.0637 1.4
      vertex -6.18973 43.2176 1.4
    endloop
  endfacet
  facet normal 0 0 1
    outer loop
      vertex -5.73051 42.4222 1.4
      vertex -6.2784 41.7082 1.4
      vertex -6.05 41.5556 1.4
    endloop
  endfacet
  facet normal 0 0 1
    outer loop
      vertex -7.08203 43.1002 1.4
      vertex -6.18973 43.2176 1.4
      vertex -6.2 43.3743 1.4
    endloop
  endfacet
  facet normal -0 0 1
    outer loop
      vertex -6.94015 44.1779 1.4
      vertex -6.10865 43.8335 1.4
      vertex -6.81865 44.4243 1.4
    endloop
  endfacet
  facet normal 0 0 1
    outer loop
      vertex -6.10865 43.8335 1.4
      vertex -6.94015 44.1779 1.4
      vertex -6.15911 43.6849 1.4
    endloop
  endfacet
  facet normal 0 0 1
    outer loop
      vertex -5.84853 42.5257 1.4
      vertex -6.48492 41.8893 1.4
      vertex -6.2784 41.7082 1.4
    endloop
  endfacet
  facet normal -0 0 1
    outer loop
      vertex -7.02844 43.9178 1.4
      vertex -6.15911 43.6849 1.4
      vertex -6.94015 44.1779 1.4
    endloop
  endfacet
  facet normal 0 0 1
    outer loop
      vertex -5.95202 42.6438 1.4
      vertex -6.66604 42.0959 1.4
      vertex -6.48492 41.8893 1.4
    endloop
  endfacet
  facet normal 0 0 1
    outer loop
      vertex -6.15911 43.6849 1.4
      vertex -7.02844 43.9178 1.4
      vertex -6.18973 43.5309 1.4
    endloop
  endfacet
  facet normal 0 0 1
    outer loop
      vertex -6.03923 42.7743 1.4
      vertex -6.81865 42.3243 1.4
      vertex -6.66604 42.0959 1.4
    endloop
  endfacet
  facet normal -0 0 1
    outer loop
      vertex -7.08203 43.6484 1.4
      vertex -6.18973 43.5309 1.4
      vertex -7.02844 43.9178 1.4
    endloop
  endfacet
  facet normal 0 0 1
    outer loop
      vertex -6.10865 42.9151 1.4
      vertex -6.94015 42.5706 1.4
      vertex -6.81865 42.3243 1.4
    endloop
  endfacet
  facet normal 0 0 1
    outer loop
      vertex -6.18973 43.5309 1.4
      vertex -7.08203 43.6484 1.4
      vertex -6.2 43.3743 1.4
    endloop
  endfacet
  facet normal 0 0 1
    outer loop
      vertex -6.15911 43.0637 1.4
      vertex -7.02844 42.8307 1.4
      vertex -6.94015 42.5706 1.4
    endloop
  endfacet
  facet normal 0 0 1
    outer loop
      vertex -7.1 43.3743 1.4
      vertex -6.2 43.3743 1.4
      vertex -7.08203 43.6484 1.4
    endloop
  endfacet
  facet normal 0 0 1
    outer loop
      vertex -6.18973 43.2176 1.4
      vertex -7.08203 43.1002 1.4
      vertex -7.02844 42.8307 1.4
    endloop
  endfacet
  facet normal 0 0 1
    outer loop
      vertex -6.2 43.3743 1.4
      vertex -7.1 43.3743 1.4
      vertex -7.08203 43.1002 1.4
    endloop
  endfacet
  facet normal 0.4423 0.896867 -0
    outer loop
      vertex -5.80363 41.4341 1.4
      vertex -6.05 41.5556 2.4
      vertex -5.80363 41.4341 2.4
    endloop
  endfacet
  facet normal 0.4423 0.896867 0
    outer loop
      vertex -6.05 41.5556 2.4
      vertex -5.80363 41.4341 1.4
      vertex -6.05 41.5556 1.4
    endloop
  endfacet
  facet normal -0.064984 0.997886 0
    outer loop
      vertex 5.15663 42.1845 0
      vertex 5 42.1743 1.4
      vertex 5.15663 42.1845 1.4
    endloop
  endfacet
  facet normal -0.064984 0.997886 0
    outer loop
      vertex 5 42.1743 1.4
      vertex 5.15663 42.1845 0
      vertex 5 42.1743 0
    endloop
  endfacet
  facet normal -0.980801 -0.195014 0
    outer loop
      vertex 6.18973 43.5309 0
      vertex 6.15911 43.6849 1.4
      vertex 6.15911 43.6849 0
    endloop
  endfacet
  facet normal -0.980801 -0.195014 0
    outer loop
      vertex 6.15911 43.6849 1.4
      vertex 6.18973 43.5309 0
      vertex 6.18973 43.5309 1.4
    endloop
  endfacet
  facet normal -0.997856 -0.0654405 0
    outer loop
      vertex 6.2 43.3743 0
      vertex 6.18973 43.5309 1.4
      vertex 6.18973 43.5309 0
    endloop
  endfacet
  facet normal -0.997856 -0.0654405 0
    outer loop
      vertex 6.18973 43.5309 1.4
      vertex 6.2 43.3743 0
      vertex 6.2 43.3743 1.4
    endloop
  endfacet
  facet normal -0.946897 -0.321537 0
    outer loop
      vertex 6.15911 43.6849 0
      vertex 6.10865 43.8335 1.4
      vertex 6.10865 43.8335 0
    endloop
  endfacet
  facet normal -0.946897 -0.321537 0
    outer loop
      vertex 6.10865 43.8335 1.4
      vertex 6.15911 43.6849 0
      vertex 6.15911 43.6849 1.4
    endloop
  endfacet
  facet normal -0.321688 -0.946846 0
    outer loop
      vertex 5.31058 44.5334 0
      vertex 5.45922 44.4829 1.4
      vertex 5.31058 44.5334 1.4
    endloop
  endfacet
  facet normal -0.321688 -0.946846 -0
    outer loop
      vertex 5.45922 44.4829 1.4
      vertex 5.31058 44.5334 0
      vertex 5.45922 44.4829 0
    endloop
  endfacet
  facet normal -0.0656183 -0.997845 0
    outer loop
      vertex 5 44.5743 0
      vertex 5.15663 44.564 1.4
      vertex 5 44.5743 1.4
    endloop
  endfacet
  facet normal -0.0656183 -0.997845 -0
    outer loop
      vertex 5.15663 44.564 1.4
      vertex 5 44.5743 0
      vertex 5.15663 44.564 0
    endloop
  endfacet
  facet normal 0.659343 0.751842 -0
    outer loop
      vertex 4.26949 42.4222 0
      vertex 4.15147 42.5257 1.4
      vertex 4.26949 42.4222 1.4
    endloop
  endfacet
  facet normal 0.659343 0.751842 0
    outer loop
      vertex 4.15147 42.5257 1.4
      vertex 4.26949 42.4222 0
      vertex 4.15147 42.5257 0
    endloop
  endfacet
  facet normal 0.997859 0.0653989 0
    outer loop
      vertex 3.81027 43.2176 1.4
      vertex 3.8 43.3743 0
      vertex 3.8 43.3743 1.4
    endloop
  endfacet
  facet normal 0.997859 0.0653989 0
    outer loop
      vertex 3.8 43.3743 0
      vertex 3.81027 43.2176 1.4
      vertex 3.81027 43.2176 0
    endloop
  endfacet
  facet normal 0.659343 -0.751842 0
    outer loop
      vertex 4.15147 44.2228 0
      vertex 4.26949 44.3263 1.4
      vertex 4.15147 44.2228 1.4
    endloop
  endfacet
  facet normal 0.659343 -0.751842 0
    outer loop
      vertex 4.26949 44.3263 1.4
      vertex 4.15147 44.2228 0
      vertex 4.26949 44.3263 0
    endloop
  endfacet
  facet normal -0.751818 -0.65937 0
    outer loop
      vertex 5.95202 44.1048 0
      vertex 5.84853 44.2228 1.4
      vertex 5.84853 44.2228 0
    endloop
  endfacet
  facet normal -0.751818 -0.65937 0
    outer loop
      vertex 5.84853 44.2228 1.4
      vertex 5.95202 44.1048 0
      vertex 5.95202 44.1048 1.4
    endloop
  endfacet
  facet normal -0.997859 0.0653989 0
    outer loop
      vertex 6.18973 43.2176 0
      vertex 6.2 43.3743 1.4
      vertex 6.2 43.3743 0
    endloop
  endfacet
  facet normal -0.997859 0.0653989 0
    outer loop
      vertex 6.2 43.3743 1.4
      vertex 6.18973 43.2176 0
      vertex 6.18973 43.2176 1.4
    endloop
  endfacet
  facet normal -0.44216 -0.896936 0
    outer loop
      vertex 5.45922 44.4829 0
      vertex 5.6 44.4135 1.4
      vertex 5.45922 44.4829 1.4
    endloop
  endfacet
  facet normal -0.44216 -0.896936 -0
    outer loop
      vertex 5.6 44.4135 1.4
      vertex 5.45922 44.4829 0
      vertex 5.6 44.4135 0
    endloop
  endfacet
  facet normal -0.89691 0.442212 0
    outer loop
      vertex 6.03923 42.7743 0
      vertex 6.10865 42.9151 1.4
      vertex 6.10865 42.9151 0
    endloop
  endfacet
  facet normal -0.89691 0.442212 0
    outer loop
      vertex 6.10865 42.9151 1.4
      vertex 6.03923 42.7743 0
      vertex 6.03923 42.7743 1.4
    endloop
  endfacet
  facet normal 0.321117 0.94704 -0
    outer loop
      vertex 4.68942 42.2152 0
      vertex 4.54078 42.2656 1.4
      vertex 4.68942 42.2152 1.4
    endloop
  endfacet
  facet normal 0.321117 0.94704 0
    outer loop
      vertex 4.54078 42.2656 1.4
      vertex 4.68942 42.2152 0
      vertex 4.54078 42.2656 0
    endloop
  endfacet
  facet normal -0.831432 -0.555626 0
    outer loop
      vertex 6.03923 43.9743 0
      vertex 5.95202 44.1048 1.4
      vertex 5.95202 44.1048 0
    endloop
  endfacet
  facet normal -0.831432 -0.555626 0
    outer loop
      vertex 5.95202 44.1048 1.4
      vertex 6.03923 43.9743 0
      vertex 6.03923 43.9743 1.4
    endloop
  endfacet
  facet normal -0.89691 -0.442212 0
    outer loop
      vertex 6.10865 43.8335 0
      vertex 6.03923 43.9743 1.4
      vertex 6.03923 43.9743 0
    endloop
  endfacet
  facet normal -0.89691 -0.442212 0
    outer loop
      vertex 6.03923 43.9743 1.4
      vertex 6.10865 43.8335 0
      vertex 6.10865 43.8335 1.4
    endloop
  endfacet
  facet normal 0.831432 0.555626 0
    outer loop
      vertex 4.04798 42.6438 1.4
      vertex 3.96077 42.7743 0
      vertex 3.96077 42.7743 1.4
    endloop
  endfacet
  facet normal 0.831432 0.555626 0
    outer loop
      vertex 3.96077 42.7743 0
      vertex 4.04798 42.6438 1.4
      vertex 4.04798 42.6438 0
    endloop
  endfacet
  facet normal -0.44216 0.896936 0
    outer loop
      vertex 5.6 42.335 0
      vertex 5.45922 42.2656 1.4
      vertex 5.6 42.335 1.4
    endloop
  endfacet
  facet normal -0.44216 0.896936 0
    outer loop
      vertex 5.45922 42.2656 1.4
      vertex 5.6 42.335 0
      vertex 5.45922 42.2656 0
    endloop
  endfacet
  facet normal 0.997856 -0.0654405 0
    outer loop
      vertex 3.8 43.3743 1.4
      vertex 3.81027 43.5309 0
      vertex 3.81027 43.5309 1.4
    endloop
  endfacet
  facet normal 0.997856 -0.0654405 0
    outer loop
      vertex 3.81027 43.5309 0
      vertex 3.8 43.3743 1.4
      vertex 3.8 43.3743 0
    endloop
  endfacet
  facet normal 0.44216 -0.896936 0
    outer loop
      vertex 4.4 44.4135 0
      vertex 4.54078 44.4829 1.4
      vertex 4.4 44.4135 1.4
    endloop
  endfacet
  facet normal 0.44216 -0.896936 0
    outer loop
      vertex 4.54078 44.4829 1.4
      vertex 4.4 44.4135 0
      vertex 4.54078 44.4829 0
    endloop
  endfacet
  facet normal -0.194952 -0.980813 0
    outer loop
      vertex 5.15663 44.564 0
      vertex 5.31058 44.5334 1.4
      vertex 5.15663 44.564 1.4
    endloop
  endfacet
  facet normal -0.194952 -0.980813 -0
    outer loop
      vertex 5.31058 44.5334 1.4
      vertex 5.15663 44.564 0
      vertex 5.31058 44.5334 0
    endloop
  endfacet
  facet normal 0.751818 -0.65937 0
    outer loop
      vertex 4.04798 44.1048 1.4
      vertex 4.15147 44.2228 0
      vertex 4.15147 44.2228 1.4
    endloop
  endfacet
  facet normal 0.751818 -0.65937 0
    outer loop
      vertex 4.15147 44.2228 0
      vertex 4.04798 44.1048 1.4
      vertex 4.04798 44.1048 0
    endloop
  endfacet
  facet normal -0.946897 0.321537 0
    outer loop
      vertex 6.10865 42.9151 0
      vertex 6.15911 43.0637 1.4
      vertex 6.15911 43.0637 0
    endloop
  endfacet
  facet normal -0.946897 0.321537 0
    outer loop
      vertex 6.15911 43.0637 1.4
      vertex 6.10865 42.9151 0
      vertex 6.10865 42.9151 1.4
    endloop
  endfacet
  facet normal 0.980801 -0.195014 0
    outer loop
      vertex 3.81027 43.5309 1.4
      vertex 3.84089 43.6849 0
      vertex 3.84089 43.6849 1.4
    endloop
  endfacet
  facet normal 0.980801 -0.195014 0
    outer loop
      vertex 3.84089 43.6849 0
      vertex 3.81027 43.5309 1.4
      vertex 3.81027 43.5309 0
    endloop
  endfacet
  facet normal 0.44216 0.896936 -0
    outer loop
      vertex 4.54078 42.2656 0
      vertex 4.4 42.335 1.4
      vertex 4.54078 42.2656 1.4
    endloop
  endfacet
  facet normal 0.44216 0.896936 0
    outer loop
      vertex 4.4 42.335 1.4
      vertex 4.54078 42.2656 0
      vertex 4.4 42.335 0
    endloop
  endfacet
  facet normal 0.555553 -0.831481 0
    outer loop
      vertex 4.26949 44.3263 0
      vertex 4.4 44.4135 1.4
      vertex 4.26949 44.3263 1.4
    endloop
  endfacet
  facet normal 0.555553 -0.831481 0
    outer loop
      vertex 4.4 44.4135 1.4
      vertex 4.26949 44.3263 0
      vertex 4.4 44.4135 0
    endloop
  endfacet
  facet normal -0.659343 0.751842 0
    outer loop
      vertex 5.84853 42.5257 0
      vertex 5.73051 42.4222 1.4
      vertex 5.84853 42.5257 1.4
    endloop
  endfacet
  facet normal -0.659343 0.751842 0
    outer loop
      vertex 5.73051 42.4222 1.4
      vertex 5.84853 42.5257 0
      vertex 5.73051 42.4222 0
    endloop
  endfacet
  facet normal 0.321688 -0.946846 0
    outer loop
      vertex 4.54078 44.4829 0
      vertex 4.68942 44.5334 1.4
      vertex 4.54078 44.4829 1.4
    endloop
  endfacet
  facet normal 0.321688 -0.946846 0
    outer loop
      vertex 4.68942 44.5334 1.4
      vertex 4.54078 44.4829 0
      vertex 4.68942 44.5334 0
    endloop
  endfacet
  facet normal -0.831432 0.555626 0
    outer loop
      vertex 5.95202 42.6438 0
      vertex 6.03923 42.7743 1.4
      vertex 6.03923 42.7743 0
    endloop
  endfacet
  facet normal -0.831432 0.555626 0
    outer loop
      vertex 6.03923 42.7743 1.4
      vertex 5.95202 42.6438 0
      vertex 5.95202 42.6438 1.4
    endloop
  endfacet
  facet normal -0.555553 0.831481 0
    outer loop
      vertex 5.73051 42.4222 0
      vertex 5.6 42.335 1.4
      vertex 5.73051 42.4222 1.4
    endloop
  endfacet
  facet normal -0.555553 0.831481 0
    outer loop
      vertex 5.6 42.335 1.4
      vertex 5.73051 42.4222 0
      vertex 5.6 42.335 0
    endloop
  endfacet
  facet normal -0.752095 0.659054 0
    outer loop
      vertex 5.84853 42.5257 0
      vertex 5.95202 42.6438 1.4
      vertex 5.95202 42.6438 0
    endloop
  endfacet
  facet normal -0.752095 0.659054 0
    outer loop
      vertex 5.95202 42.6438 1.4
      vertex 5.84853 42.5257 0
      vertex 5.84853 42.5257 1.4
    endloop
  endfacet
  facet normal -0.980776 0.195136 0
    outer loop
      vertex 6.15911 43.0637 0
      vertex 6.18973 43.2176 1.4
      vertex 6.18973 43.2176 0
    endloop
  endfacet
  facet normal -0.980776 0.195136 0
    outer loop
      vertex 6.18973 43.2176 1.4
      vertex 6.15911 43.0637 0
      vertex 6.15911 43.0637 1.4
    endloop
  endfacet
  facet normal 0.0656183 -0.997845 0
    outer loop
      vertex 4.84337 44.564 0
      vertex 5 44.5743 1.4
      vertex 4.84337 44.564 1.4
    endloop
  endfacet
  facet normal 0.0656183 -0.997845 0
    outer loop
      vertex 5 44.5743 1.4
      vertex 4.84337 44.564 0
      vertex 5 44.5743 0
    endloop
  endfacet
  facet normal 0.89691 0.442212 0
    outer loop
      vertex 3.96077 42.7743 1.4
      vertex 3.89135 42.9151 0
      vertex 3.89135 42.9151 1.4
    endloop
  endfacet
  facet normal 0.89691 0.442212 0
    outer loop
      vertex 3.89135 42.9151 0
      vertex 3.96077 42.7743 1.4
      vertex 3.96077 42.7743 0
    endloop
  endfacet
  facet normal 0.89691 -0.442212 0
    outer loop
      vertex 3.89135 43.8335 1.4
      vertex 3.96077 43.9743 0
      vertex 3.96077 43.9743 1.4
    endloop
  endfacet
  facet normal 0.89691 -0.442212 0
    outer loop
      vertex 3.96077 43.9743 0
      vertex 3.89135 43.8335 1.4
      vertex 3.89135 43.8335 0
    endloop
  endfacet
  facet normal -0.555553 -0.831481 0
    outer loop
      vertex 5.6 44.4135 0
      vertex 5.73051 44.3263 1.4
      vertex 5.6 44.4135 1.4
    endloop
  endfacet
  facet normal -0.555553 -0.831481 -0
    outer loop
      vertex 5.73051 44.3263 1.4
      vertex 5.6 44.4135 0
      vertex 5.73051 44.3263 0
    endloop
  endfacet
  facet normal 0.980776 0.195136 0
    outer loop
      vertex 3.84089 43.0637 1.4
      vertex 3.81027 43.2176 0
      vertex 3.81027 43.2176 1.4
    endloop
  endfacet
  facet normal 0.980776 0.195136 0
    outer loop
      vertex 3.81027 43.2176 0
      vertex 3.84089 43.0637 1.4
      vertex 3.84089 43.0637 0
    endloop
  endfacet
  facet normal -0.321117 0.94704 0
    outer loop
      vertex 5.45922 42.2656 0
      vertex 5.31058 42.2152 1.4
      vertex 5.45922 42.2656 1.4
    endloop
  endfacet
  facet normal -0.321117 0.94704 0
    outer loop
      vertex 5.31058 42.2152 1.4
      vertex 5.45922 42.2656 0
      vertex 5.31058 42.2152 0
    endloop
  endfacet
  facet normal -0.659343 -0.751842 0
    outer loop
      vertex 5.73051 44.3263 0
      vertex 5.84853 44.2228 1.4
      vertex 5.73051 44.3263 1.4
    endloop
  endfacet
  facet normal -0.659343 -0.751842 -0
    outer loop
      vertex 5.84853 44.2228 1.4
      vertex 5.73051 44.3263 0
      vertex 5.84853 44.2228 0
    endloop
  endfacet
  facet normal -0.195565 0.980691 0
    outer loop
      vertex 5.31058 42.2152 0
      vertex 5.15663 42.1845 1.4
      vertex 5.31058 42.2152 1.4
    endloop
  endfacet
  facet normal -0.195565 0.980691 0
    outer loop
      vertex 5.15663 42.1845 1.4
      vertex 5.31058 42.2152 0
      vertex 5.15663 42.1845 0
    endloop
  endfacet
  facet normal 0.946897 -0.321537 0
    outer loop
      vertex 3.84089 43.6849 1.4
      vertex 3.89135 43.8335 0
      vertex 3.89135 43.8335 1.4
    endloop
  endfacet
  facet normal 0.946897 -0.321537 0
    outer loop
      vertex 3.89135 43.8335 0
      vertex 3.84089 43.6849 1.4
      vertex 3.84089 43.6849 0
    endloop
  endfacet
  facet normal 0.194952 -0.980813 0
    outer loop
      vertex 4.68942 44.5334 0
      vertex 4.84337 44.564 1.4
      vertex 4.68942 44.5334 1.4
    endloop
  endfacet
  facet normal 0.194952 -0.980813 0
    outer loop
      vertex 4.84337 44.564 1.4
      vertex 4.68942 44.5334 0
      vertex 4.84337 44.564 0
    endloop
  endfacet
  facet normal 0.064984 0.997886 -0
    outer loop
      vertex 5 42.1743 0
      vertex 4.84337 42.1845 1.4
      vertex 5 42.1743 1.4
    endloop
  endfacet
  facet normal 0.064984 0.997886 0
    outer loop
      vertex 4.84337 42.1845 1.4
      vertex 5 42.1743 0
      vertex 4.84337 42.1845 0
    endloop
  endfacet
  facet normal 0.946897 0.321537 0
    outer loop
      vertex 3.89135 42.9151 1.4
      vertex 3.84089 43.0637 0
      vertex 3.84089 43.0637 1.4
    endloop
  endfacet
  facet normal 0.946897 0.321537 0
    outer loop
      vertex 3.84089 43.0637 0
      vertex 3.89135 42.9151 1.4
      vertex 3.89135 42.9151 0
    endloop
  endfacet
  facet normal 0.752095 0.659054 0
    outer loop
      vertex 4.15147 42.5257 1.4
      vertex 4.04798 42.6438 0
      vertex 4.04798 42.6438 1.4
    endloop
  endfacet
  facet normal 0.752095 0.659054 0
    outer loop
      vertex 4.04798 42.6438 0
      vertex 4.15147 42.5257 1.4
      vertex 4.15147 42.5257 0
    endloop
  endfacet
  facet normal 0.195565 0.980691 -0
    outer loop
      vertex 4.84337 42.1845 0
      vertex 4.68942 42.2152 1.4
      vertex 4.84337 42.1845 1.4
    endloop
  endfacet
  facet normal 0.195565 0.980691 0
    outer loop
      vertex 4.68942 42.2152 1.4
      vertex 4.84337 42.1845 0
      vertex 4.68942 42.2152 0
    endloop
  endfacet
  facet normal 0.555553 0.831481 -0
    outer loop
      vertex 4.4 42.335 0
      vertex 4.26949 42.4222 1.4
      vertex 4.4 42.335 1.4
    endloop
  endfacet
  facet normal 0.555553 0.831481 0
    outer loop
      vertex 4.26949 42.4222 1.4
      vertex 4.4 42.335 0
      vertex 4.26949 42.4222 0
    endloop
  endfacet
  facet normal 0.831432 -0.555626 0
    outer loop
      vertex 3.96077 43.9743 1.4
      vertex 4.04798 44.1048 0
      vertex 4.04798 44.1048 1.4
    endloop
  endfacet
  facet normal 0.831432 -0.555626 0
    outer loop
      vertex 4.04798 44.1048 0
      vertex 3.96077 43.9743 1.4
      vertex 3.96077 43.9743 0
    endloop
  endfacet
  facet normal -0.751954 0.659215 0
    outer loop
      vertex 6.48492 41.8893 1.4
      vertex 6.66604 42.0959 2.4
      vertex 6.66604 42.0959 1.4
    endloop
  endfacet
  facet normal -0.751954 0.659215 0
    outer loop
      vertex 6.66604 42.0959 2.4
      vertex 6.48492 41.8893 1.4
      vertex 6.48492 41.8893 2.4
    endloop
  endfacet
  facet normal -0.980783 -0.195101 0
    outer loop
      vertex 7.08203 43.6484 1.4
      vertex 7.02844 43.9178 2.4
      vertex 7.02844 43.9178 1.4
    endloop
  endfacet
  facet normal -0.980783 -0.195101 0
    outer loop
      vertex 7.02844 43.9178 2.4
      vertex 7.08203 43.6484 1.4
      vertex 7.08203 43.6484 2.4
    endloop
  endfacet
  facet normal -0.997858 -0.0654196 0
    outer loop
      vertex 7.1 43.3743 1.4
      vertex 7.08203 43.6484 2.4
      vertex 7.08203 43.6484 1.4
    endloop
  endfacet
  facet normal -0.997858 -0.0654196 0
    outer loop
      vertex 7.08203 43.6484 2.4
      vertex 7.1 43.3743 1.4
      vertex 7.1 43.3743 2.4
    endloop
  endfacet
  facet normal -0.946932 -0.321433 0
    outer loop
      vertex 7.02844 43.9178 1.4
      vertex 6.94015 44.1779 2.4
      vertex 6.94015 44.1779 1.4
    endloop
  endfacet
  facet normal -0.946932 -0.321433 0
    outer loop
      vertex 6.94015 44.1779 2.4
      vertex 7.02844 43.9178 1.4
      vertex 7.02844 43.9178 2.4
    endloop
  endfacet
  facet normal -0.831473 -0.555565 0
    outer loop
      vertex 6.81865 44.4243 1.4
      vertex 6.66604 44.6527 2.4
      vertex 6.66604 44.6527 1.4
    endloop
  endfacet
  facet normal -0.831473 -0.555565 0
    outer loop
      vertex 6.66604 44.6527 2.4
      vertex 6.81865 44.4243 1.4
      vertex 6.81865 44.4243 2.4
    endloop
  endfacet
  facet normal 0.55554 0.83149 -0
    outer loop
      vertex 3.95 41.5556 1.4
      vertex 3.7216 41.7082 2.4
      vertex 3.95 41.5556 2.4
    endloop
  endfacet
  facet normal 0.55554 0.83149 0
    outer loop
      vertex 3.7216 41.7082 2.4
      vertex 3.95 41.5556 1.4
      vertex 3.7216 41.7082 1.4
    endloop
  endfacet
  facet normal -0.195122 -0.980779 0
    outer loop
      vertex 5.2741 45.4563 1.4
      vertex 5.54352 45.4027 2.4
      vertex 5.2741 45.4563 2.4
    endloop
  endfacet
  facet normal -0.195122 -0.980779 -0
    outer loop
      vertex 5.54352 45.4027 2.4
      vertex 5.2741 45.4563 1.4
      vertex 5.54352 45.4027 1.4
    endloop
  endfacet
  facet normal -0.997858 0.0654196 0
    outer loop
      vertex 7.08203 43.1002 1.4
      vertex 7.1 43.3743 2.4
      vertex 7.1 43.3743 1.4
    endloop
  endfacet
  facet normal -0.997858 0.0654196 0
    outer loop
      vertex 7.1 43.3743 2.4
      vertex 7.08203 43.1002 1.4
      vertex 7.08203 43.1002 2.4
    endloop
  endfacet
  facet normal -0.896889 -0.442256 0
    outer loop
      vertex 6.94015 44.1779 1.4
      vertex 6.81865 44.4243 2.4
      vertex 6.81865 44.4243 1.4
    endloop
  endfacet
  facet normal -0.896889 -0.442256 0
    outer loop
      vertex 6.81865 44.4243 2.4
      vertex 6.94015 44.1779 1.4
      vertex 6.94015 44.1779 2.4
    endloop
  endfacet
  facet normal 0.946932 0.321433 0
    outer loop
      vertex 3.05985 42.5706 2.4
      vertex 2.97156 42.8307 1.4
      vertex 2.97156 42.8307 2.4
    endloop
  endfacet
  facet normal 0.946932 0.321433 0
    outer loop
      vertex 2.97156 42.8307 1.4
      vertex 3.05985 42.5706 2.4
      vertex 3.05985 42.5706 1.4
    endloop
  endfacet
  facet normal 0.980783 -0.195101 0
    outer loop
      vertex 2.91797 43.6484 2.4
      vertex 2.97156 43.9178 1.4
      vertex 2.97156 43.9178 2.4
    endloop
  endfacet
  facet normal 0.980783 -0.195101 0
    outer loop
      vertex 2.97156 43.9178 1.4
      vertex 2.91797 43.6484 2.4
      vertex 2.91797 43.6484 1.4
    endloop
  endfacet
  facet normal 0.659319 0.751864 -0
    outer loop
      vertex 3.7216 41.7082 1.4
      vertex 3.51508 41.8893 2.4
      vertex 3.7216 41.7082 2.4
    endloop
  endfacet
  facet normal 0.659319 0.751864 0
    outer loop
      vertex 3.51508 41.8893 2.4
      vertex 3.7216 41.7082 1.4
      vertex 3.51508 41.8893 1.4
    endloop
  endfacet
  facet normal 0.195122 -0.980779 0
    outer loop
      vertex 4.45648 45.4027 1.4
      vertex 4.7259 45.4563 2.4
      vertex 4.45648 45.4027 2.4
    endloop
  endfacet
  facet normal 0.195122 -0.980779 0
    outer loop
      vertex 4.7259 45.4563 2.4
      vertex 4.45648 45.4027 1.4
      vertex 4.7259 45.4563 1.4
    endloop
  endfacet
  facet normal -0.195122 0.980779 0
    outer loop
      vertex 5.54352 41.3458 1.4
      vertex 5.2741 41.2922 2.4
      vertex 5.54352 41.3458 2.4
    endloop
  endfacet
  facet normal -0.195122 0.980779 0
    outer loop
      vertex 5.2741 41.2922 2.4
      vertex 5.54352 41.3458 1.4
      vertex 5.2741 41.2922 1.4
    endloop
  endfacet
  facet normal -0.4423 0.896867 0
    outer loop
      vertex 6.05 41.5556 1.4
      vertex 5.80363 41.4341 2.4
      vertex 6.05 41.5556 2.4
    endloop
  endfacet
  facet normal -0.4423 0.896867 0
    outer loop
      vertex 5.80363 41.4341 2.4
      vertex 6.05 41.5556 1.4
      vertex 5.80363 41.4341 1.4
    endloop
  endfacet
  facet normal 0.831473 -0.555565 0
    outer loop
      vertex 3.18135 44.4243 2.4
      vertex 3.33396 44.6527 1.4
      vertex 3.33396 44.6527 2.4
    endloop
  endfacet
  facet normal 0.831473 -0.555565 0
    outer loop
      vertex 3.33396 44.6527 1.4
      vertex 3.18135 44.4243 2.4
      vertex 3.18135 44.4243 1.4
    endloop
  endfacet
  facet normal -0.55554 -0.83149 0
    outer loop
      vertex 6.05 45.1929 1.4
      vertex 6.2784 45.0403 2.4
      vertex 6.05 45.1929 2.4
    endloop
  endfacet
  facet normal -0.55554 -0.83149 -0
    outer loop
      vertex 6.2784 45.0403 2.4
      vertex 6.05 45.1929 1.4
      vertex 6.2784 45.0403 1.4
    endloop
  endfacet
  facet normal -0.831473 0.555565 0
    outer loop
      vertex 6.66604 42.0959 1.4
      vertex 6.81865 42.3243 2.4
      vertex 6.81865 42.3243 1.4
    endloop
  endfacet
  facet normal -0.831473 0.555565 0
    outer loop
      vertex 6.81865 42.3243 2.4
      vertex 6.66604 42.0959 1.4
      vertex 6.66604 42.0959 2.4
    endloop
  endfacet
  facet normal -0.4423 -0.896867 0
    outer loop
      vertex 5.80363 45.3144 1.4
      vertex 6.05 45.1929 2.4
      vertex 5.80363 45.3144 2.4
    endloop
  endfacet
  facet normal -0.4423 -0.896867 -0
    outer loop
      vertex 6.05 45.1929 2.4
      vertex 5.80363 45.3144 1.4
      vertex 6.05 45.1929 1.4
    endloop
  endfacet
  facet normal -0.980797 0.195031 0
    outer loop
      vertex 7.02844 42.8307 1.4
      vertex 7.08203 43.1002 2.4
      vertex 7.08203 43.1002 1.4
    endloop
  endfacet
  facet normal -0.980797 0.195031 0
    outer loop
      vertex 7.08203 43.1002 2.4
      vertex 7.02844 42.8307 1.4
      vertex 7.02844 42.8307 2.4
    endloop
  endfacet
  facet normal 0.321454 -0.946925 0
    outer loop
      vertex 4.19637 45.3144 1.4
      vertex 4.45648 45.4027 2.4
      vertex 4.19637 45.3144 2.4
    endloop
  endfacet
  facet normal 0.321454 -0.946925 0
    outer loop
      vertex 4.45648 45.4027 2.4
      vertex 4.19637 45.3144 1.4
      vertex 4.45648 45.4027 1.4
    endloop
  endfacet
  facet normal -0.659319 -0.751864 0
    outer loop
      vertex 6.2784 45.0403 1.4
      vertex 6.48492 44.8592 2.4
      vertex 6.2784 45.0403 2.4
    endloop
  endfacet
  facet normal -0.659319 -0.751864 -0
    outer loop
      vertex 6.48492 44.8592 2.4
      vertex 6.2784 45.0403 1.4
      vertex 6.48492 44.8592 1.4
    endloop
  endfacet
  facet normal 0.4423 -0.896867 0
    outer loop
      vertex 3.95 45.1929 1.4
      vertex 4.19637 45.3144 2.4
      vertex 3.95 45.1929 2.4
    endloop
  endfacet
  facet normal 0.4423 -0.896867 0
    outer loop
      vertex 4.19637 45.3144 2.4
      vertex 3.95 45.1929 1.4
      vertex 4.19637 45.3144 1.4
    endloop
  endfacet
  facet normal 0.55554 -0.83149 0
    outer loop
      vertex 3.7216 45.0403 1.4
      vertex 3.95 45.1929 2.4
      vertex 3.7216 45.0403 2.4
    endloop
  endfacet
  facet normal 0.55554 -0.83149 0
    outer loop
      vertex 3.95 45.1929 2.4
      vertex 3.7216 45.0403 1.4
      vertex 3.95 45.1929 1.4
    endloop
  endfacet
  facet normal -0.659319 0.751864 0
    outer loop
      vertex 6.48492 41.8893 1.4
      vertex 6.2784 41.7082 2.4
      vertex 6.48492 41.8893 2.4
    endloop
  endfacet
  facet normal -0.659319 0.751864 0
    outer loop
      vertex 6.2784 41.7082 2.4
      vertex 6.48492 41.8893 1.4
      vertex 6.2784 41.7082 1.4
    endloop
  endfacet
  facet normal 0.751796 -0.659396 0
    outer loop
      vertex 3.33396 44.6527 2.4
      vertex 3.51508 44.8592 1.4
      vertex 3.51508 44.8592 2.4
    endloop
  endfacet
  facet normal 0.751796 -0.659396 0
    outer loop
      vertex 3.51508 44.8592 1.4
      vertex 3.33396 44.6527 2.4
      vertex 3.33396 44.6527 1.4
    endloop
  endfacet
  facet normal -0.0655283 -0.997851 0
    outer loop
      vertex 5 45.4743 1.4
      vertex 5.2741 45.4563 2.4
      vertex 5 45.4743 2.4
    endloop
  endfacet
  facet normal -0.0655283 -0.997851 -0
    outer loop
      vertex 5.2741 45.4563 2.4
      vertex 5 45.4743 1.4
      vertex 5.2741 45.4563 1.4
    endloop
  endfacet
  facet normal -0.321454 0.946925 0
    outer loop
      vertex 5.80363 41.4341 1.4
      vertex 5.54352 41.3458 2.4
      vertex 5.80363 41.4341 2.4
    endloop
  endfacet
  facet normal -0.321454 0.946925 0
    outer loop
      vertex 5.54352 41.3458 2.4
      vertex 5.80363 41.4341 1.4
      vertex 5.54352 41.3458 1.4
    endloop
  endfacet
  facet normal 0.321454 0.946925 -0
    outer loop
      vertex 4.45648 41.3458 1.4
      vertex 4.19637 41.4341 2.4
      vertex 4.45648 41.3458 2.4
    endloop
  endfacet
  facet normal 0.321454 0.946925 0
    outer loop
      vertex 4.19637 41.4341 2.4
      vertex 4.45648 41.3458 1.4
      vertex 4.19637 41.4341 1.4
    endloop
  endfacet
  facet normal 0.751954 0.659215 0
    outer loop
      vertex 3.51508 41.8893 2.4
      vertex 3.33396 42.0959 1.4
      vertex 3.33396 42.0959 2.4
    endloop
  endfacet
  facet normal 0.751954 0.659215 0
    outer loop
      vertex 3.33396 42.0959 1.4
      vertex 3.51508 41.8893 2.4
      vertex 3.51508 41.8893 1.4
    endloop
  endfacet
  facet normal 0.896889 -0.442256 0
    outer loop
      vertex 3.05985 44.1779 2.4
      vertex 3.18135 44.4243 1.4
      vertex 3.18135 44.4243 2.4
    endloop
  endfacet
  facet normal 0.896889 -0.442256 0
    outer loop
      vertex 3.18135 44.4243 1.4
      vertex 3.05985 44.1779 2.4
      vertex 3.05985 44.1779 1.4
    endloop
  endfacet
  facet normal -0.896817 0.442401 0
    outer loop
      vertex 6.81865 42.3243 1.4
      vertex 6.94015 42.5706 2.4
      vertex 6.94015 42.5706 1.4
    endloop
  endfacet
  facet normal -0.896817 0.442401 0
    outer loop
      vertex 6.94015 42.5706 2.4
      vertex 6.81865 42.3243 1.4
      vertex 6.81865 42.3243 2.4
    endloop
  endfacet
  facet normal 0.0655283 -0.997851 0
    outer loop
      vertex 4.7259 45.4563 1.4
      vertex 5 45.4743 2.4
      vertex 4.7259 45.4563 2.4
    endloop
  endfacet
  facet normal 0.0655283 -0.997851 0
    outer loop
      vertex 5 45.4743 2.4
      vertex 4.7259 45.4563 1.4
      vertex 5 45.4743 1.4
    endloop
  endfacet
  facet normal 0.946932 -0.321433 0
    outer loop
      vertex 2.97156 43.9178 2.4
      vertex 3.05985 44.1779 1.4
      vertex 3.05985 44.1779 2.4
    endloop
  endfacet
  facet normal 0.946932 -0.321433 0
    outer loop
      vertex 3.05985 44.1779 1.4
      vertex 2.97156 43.9178 2.4
      vertex 2.97156 43.9178 1.4
    endloop
  endfacet
  facet normal -0.321454 -0.946925 0
    outer loop
      vertex 5.54352 45.4027 1.4
      vertex 5.80363 45.3144 2.4
      vertex 5.54352 45.4027 2.4
    endloop
  endfacet
  facet normal -0.321454 -0.946925 -0
    outer loop
      vertex 5.80363 45.3144 2.4
      vertex 5.54352 45.4027 1.4
      vertex 5.80363 45.3144 1.4
    endloop
  endfacet
  facet normal -0.946932 0.321433 0
    outer loop
      vertex 6.94015 42.5706 1.4
      vertex 7.02844 42.8307 2.4
      vertex 7.02844 42.8307 1.4
    endloop
  endfacet
  facet normal -0.946932 0.321433 0
    outer loop
      vertex 7.02844 42.8307 2.4
      vertex 6.94015 42.5706 1.4
      vertex 6.94015 42.5706 2.4
    endloop
  endfacet
  facet normal 0.980797 0.195031 0
    outer loop
      vertex 2.97156 42.8307 2.4
      vertex 2.91797 43.1002 1.4
      vertex 2.91797 43.1002 2.4
    endloop
  endfacet
  facet normal 0.980797 0.195031 0
    outer loop
      vertex 2.91797 43.1002 1.4
      vertex 2.97156 42.8307 2.4
      vertex 2.97156 42.8307 1.4
    endloop
  endfacet
  facet normal -0.751796 -0.659396 0
    outer loop
      vertex 6.66604 44.6527 1.4
      vertex 6.48492 44.8592 2.4
      vertex 6.48492 44.8592 1.4
    endloop
  endfacet
  facet normal -0.751796 -0.659396 0
    outer loop
      vertex 6.48492 44.8592 2.4
      vertex 6.66604 44.6527 1.4
      vertex 6.66604 44.6527 2.4
    endloop
  endfacet
  facet normal 0.659319 -0.751864 0
    outer loop
      vertex 3.51508 44.8592 1.4
      vertex 3.7216 45.0403 2.4
      vertex 3.51508 44.8592 2.4
    endloop
  endfacet
  facet normal 0.659319 -0.751864 0
    outer loop
      vertex 3.7216 45.0403 2.4
      vertex 3.51508 44.8592 1.4
      vertex 3.7216 45.0403 1.4
    endloop
  endfacet
  facet normal 0.896817 0.442401 0
    outer loop
      vertex 3.18135 42.3243 2.4
      vertex 3.05985 42.5706 1.4
      vertex 3.05985 42.5706 2.4
    endloop
  endfacet
  facet normal 0.896817 0.442401 0
    outer loop
      vertex 3.05985 42.5706 1.4
      vertex 3.18135 42.3243 2.4
      vertex 3.18135 42.3243 1.4
    endloop
  endfacet
  facet normal -0.0651658 0.997874 0
    outer loop
      vertex 5.2741 41.2922 1.4
      vertex 5 41.2743 2.4
      vertex 5.2741 41.2922 2.4
    endloop
  endfacet
  facet normal -0.0651658 0.997874 0
    outer loop
      vertex 5 41.2743 2.4
      vertex 5.2741 41.2922 1.4
      vertex 5 41.2743 1.4
    endloop
  endfacet
  facet normal 0.0651658 0.997874 -0
    outer loop
      vertex 5 41.2743 1.4
      vertex 4.7259 41.2922 2.4
      vertex 5 41.2743 2.4
    endloop
  endfacet
  facet normal 0.0651658 0.997874 0
    outer loop
      vertex 4.7259 41.2922 2.4
      vertex 5 41.2743 1.4
      vertex 4.7259 41.2922 1.4
    endloop
  endfacet
  facet normal 0.997858 -0.0654196 0
    outer loop
      vertex 2.9 43.3743 2.4
      vertex 2.91797 43.6484 1.4
      vertex 2.91797 43.6484 2.4
    endloop
  endfacet
  facet normal 0.997858 -0.0654196 0
    outer loop
      vertex 2.91797 43.6484 1.4
      vertex 2.9 43.3743 2.4
      vertex 2.9 43.3743 1.4
    endloop
  endfacet
  facet normal 0.831473 0.555565 0
    outer loop
      vertex 3.33396 42.0959 2.4
      vertex 3.18135 42.3243 1.4
      vertex 3.18135 42.3243 2.4
    endloop
  endfacet
  facet normal 0.831473 0.555565 0
    outer loop
      vertex 3.18135 42.3243 1.4
      vertex 3.33396 42.0959 2.4
      vertex 3.33396 42.0959 1.4
    endloop
  endfacet
  facet normal -0.55554 0.83149 0
    outer loop
      vertex 6.2784 41.7082 1.4
      vertex 6.05 41.5556 2.4
      vertex 6.2784 41.7082 2.4
    endloop
  endfacet
  facet normal -0.55554 0.83149 0
    outer loop
      vertex 6.05 41.5556 2.4
      vertex 6.2784 41.7082 1.4
      vertex 6.05 41.5556 1.4
    endloop
  endfacet
  facet normal 0.997858 0.0654196 0
    outer loop
      vertex 2.91797 43.1002 2.4
      vertex 2.9 43.3743 1.4
      vertex 2.9 43.3743 2.4
    endloop
  endfacet
  facet normal 0.997858 0.0654196 0
    outer loop
      vertex 2.9 43.3743 1.4
      vertex 2.91797 43.1002 2.4
      vertex 2.91797 43.1002 1.4
    endloop
  endfacet
  facet normal 0.195122 0.980779 -0
    outer loop
      vertex 4.7259 41.2922 1.4
      vertex 4.45648 41.3458 2.4
      vertex 4.7259 41.2922 2.4
    endloop
  endfacet
  facet normal 0.195122 0.980779 0
    outer loop
      vertex 4.45648 41.3458 2.4
      vertex 4.7259 41.2922 1.4
      vertex 4.45648 41.3458 1.4
    endloop
  endfacet
  facet normal 0 0 1
    outer loop
      vertex 6.2 43.3743 1.4
      vertex 7.1 43.3743 1.4
      vertex 7.08203 43.6484 1.4
    endloop
  endfacet
  facet normal 0 0 1
    outer loop
      vertex 6.18973 43.5309 1.4
      vertex 7.08203 43.6484 1.4
      vertex 7.02844 43.9178 1.4
    endloop
  endfacet
  facet normal 0 0 1
    outer loop
      vertex 7.1 43.3743 1.4
      vertex 6.2 43.3743 1.4
      vertex 7.08203 43.1002 1.4
    endloop
  endfacet
  facet normal 0 0 1
    outer loop
      vertex 6.15911 43.6849 1.4
      vertex 7.02844 43.9178 1.4
      vertex 6.94015 44.1779 1.4
    endloop
  endfacet
  facet normal -0 0 1
    outer loop
      vertex 6.18973 43.2176 1.4
      vertex 7.08203 43.1002 1.4
      vertex 6.2 43.3743 1.4
    endloop
  endfacet
  facet normal 0 0 1
    outer loop
      vertex 6.10865 43.8335 1.4
      vertex 6.94015 44.1779 1.4
      vertex 6.81865 44.4243 1.4
    endloop
  endfacet
  facet normal 0 0 1
    outer loop
      vertex 7.08203 43.1002 1.4
      vertex 6.18973 43.2176 1.4
      vertex 7.02844 42.8307 1.4
    endloop
  endfacet
  facet normal 0 0 1
    outer loop
      vertex 6.03923 43.9743 1.4
      vertex 6.81865 44.4243 1.4
      vertex 6.66604 44.6527 1.4
    endloop
  endfacet
  facet normal -0 0 1
    outer loop
      vertex 6.15911 43.0637 1.4
      vertex 7.02844 42.8307 1.4
      vertex 6.18973 43.2176 1.4
    endloop
  endfacet
  facet normal 0 0 1
    outer loop
      vertex 5.95202 44.1048 1.4
      vertex 6.66604 44.6527 1.4
      vertex 6.48492 44.8592 1.4
    endloop
  endfacet
  facet normal 0 0 1
    outer loop
      vertex 7.02844 42.8307 1.4
      vertex 6.15911 43.0637 1.4
      vertex 6.94015 42.5706 1.4
    endloop
  endfacet
  facet normal 0 0 1
    outer loop
      vertex 5.84853 44.2228 1.4
      vertex 6.48492 44.8592 1.4
      vertex 6.2784 45.0403 1.4
    endloop
  endfacet
  facet normal -0 0 1
    outer loop
      vertex 6.10865 42.9151 1.4
      vertex 6.94015 42.5706 1.4
      vertex 6.15911 43.0637 1.4
    endloop
  endfacet
  facet normal 0 0 1
    outer loop
      vertex 6.94015 42.5706 1.4
      vertex 6.10865 42.9151 1.4
      vertex 6.81865 42.3243 1.4
    endloop
  endfacet
  facet normal 0 0 1
    outer loop
      vertex 7.08203 43.6484 1.4
      vertex 6.18973 43.5309 1.4
      vertex 6.2 43.3743 1.4
    endloop
  endfacet
  facet normal 0 0 1
    outer loop
      vertex 7.02844 43.9178 1.4
      vertex 6.15911 43.6849 1.4
      vertex 6.18973 43.5309 1.4
    endloop
  endfacet
  facet normal 0 0 1
    outer loop
      vertex 6.94015 44.1779 1.4
      vertex 6.10865 43.8335 1.4
      vertex 6.15911 43.6849 1.4
    endloop
  endfacet
  facet normal 0 0 1
    outer loop
      vertex 5.73051 44.3263 1.4
      vertex 6.2784 45.0403 1.4
      vertex 6.05 45.1929 1.4
    endloop
  endfacet
  facet normal 0 0 1
    outer loop
      vertex 6.81865 44.4243 1.4
      vertex 6.03923 43.9743 1.4
      vertex 6.10865 43.8335 1.4
    endloop
  endfacet
  facet normal 0 0 1
    outer loop
      vertex 6.66604 44.6527 1.4
      vertex 5.95202 44.1048 1.4
      vertex 6.03923 43.9743 1.4
    endloop
  endfacet
  facet normal 0 0 1
    outer loop
      vertex 6.48492 44.8592 1.4
      vertex 5.84853 44.2228 1.4
      vertex 5.95202 44.1048 1.4
    endloop
  endfacet
  facet normal 0 0 1
    outer loop
      vertex 5.6 44.4135 1.4
      vertex 6.05 45.1929 1.4
      vertex 5.80363 45.3144 1.4
    endloop
  endfacet
  facet normal 0 0 1
    outer loop
      vertex 6.2784 45.0403 1.4
      vertex 5.73051 44.3263 1.4
      vertex 5.84853 44.2228 1.4
    endloop
  endfacet
  facet normal 0 0 1
    outer loop
      vertex 6.05 45.1929 1.4
      vertex 5.6 44.4135 1.4
      vertex 5.73051 44.3263 1.4
    endloop
  endfacet
  facet normal 0 0 1
    outer loop
      vertex 5.45922 44.4829 1.4
      vertex 5.80363 45.3144 1.4
      vertex 5.54352 45.4027 1.4
    endloop
  endfacet
  facet normal 0 0 1
    outer loop
      vertex 5.80363 45.3144 1.4
      vertex 5.45922 44.4829 1.4
      vertex 5.6 44.4135 1.4
    endloop
  endfacet
  facet normal 0 0 1
    outer loop
      vertex 5.54352 45.4027 1.4
      vertex 5.31058 44.5334 1.4
      vertex 5.45922 44.4829 1.4
    endloop
  endfacet
  facet normal 0 0 1
    outer loop
      vertex 5.2741 45.4563 1.4
      vertex 5.31058 44.5334 1.4
      vertex 5.54352 45.4027 1.4
    endloop
  endfacet
  facet normal 0 0 1
    outer loop
      vertex 5.2741 45.4563 1.4
      vertex 5.15663 44.564 1.4
      vertex 5.31058 44.5334 1.4
    endloop
  endfacet
  facet normal 0 0 1
    outer loop
      vertex 5 45.4743 1.4
      vertex 5.15663 44.564 1.4
      vertex 5.2741 45.4563 1.4
    endloop
  endfacet
  facet normal 0 0 1
    outer loop
      vertex 5 45.4743 1.4
      vertex 5 44.5743 1.4
      vertex 5.15663 44.564 1.4
    endloop
  endfacet
  facet normal 0 0 1
    outer loop
      vertex 5 45.4743 1.4
      vertex 4.84337 44.564 1.4
      vertex 5 44.5743 1.4
    endloop
  endfacet
  facet normal -0 0 1
    outer loop
      vertex 4.7259 45.4563 1.4
      vertex 4.84337 44.564 1.4
      vertex 5 45.4743 1.4
    endloop
  endfacet
  facet normal 0 0 1
    outer loop
      vertex 4.7259 45.4563 1.4
      vertex 4.68942 44.5334 1.4
      vertex 4.84337 44.564 1.4
    endloop
  endfacet
  facet normal -0 0 1
    outer loop
      vertex 4.45648 45.4027 1.4
      vertex 4.68942 44.5334 1.4
      vertex 4.7259 45.4563 1.4
    endloop
  endfacet
  facet normal 0 0 1
    outer loop
      vertex 4.68942 44.5334 1.4
      vertex 4.45648 45.4027 1.4
      vertex 4.54078 44.4829 1.4
    endloop
  endfacet
  facet normal -0 0 1
    outer loop
      vertex 4.19637 45.3144 1.4
      vertex 4.54078 44.4829 1.4
      vertex 4.45648 45.4027 1.4
    endloop
  endfacet
  facet normal 0 0 1
    outer loop
      vertex 4.54078 44.4829 1.4
      vertex 4.19637 45.3144 1.4
      vertex 4.4 44.4135 1.4
    endloop
  endfacet
  facet normal -0 0 1
    outer loop
      vertex 3.95 45.1929 1.4
      vertex 4.4 44.4135 1.4
      vertex 4.19637 45.3144 1.4
    endloop
  endfacet
  facet normal 0 0 1
    outer loop
      vertex 4.4 44.4135 1.4
      vertex 3.95 45.1929 1.4
      vertex 4.26949 44.3263 1.4
    endloop
  endfacet
  facet normal -0 0 1
    outer loop
      vertex 3.7216 45.0403 1.4
      vertex 4.26949 44.3263 1.4
      vertex 3.95 45.1929 1.4
    endloop
  endfacet
  facet normal 0 0 1
    outer loop
      vertex 4.26949 44.3263 1.4
      vertex 3.7216 45.0403 1.4
      vertex 4.15147 44.2228 1.4
    endloop
  endfacet
  facet normal -0 0 1
    outer loop
      vertex 3.51508 44.8592 1.4
      vertex 4.15147 44.2228 1.4
      vertex 3.7216 45.0403 1.4
    endloop
  endfacet
  facet normal 0 0 1
    outer loop
      vertex 4.15147 44.2228 1.4
      vertex 3.51508 44.8592 1.4
      vertex 4.04798 44.1048 1.4
    endloop
  endfacet
  facet normal -0 0 1
    outer loop
      vertex 3.33396 44.6527 1.4
      vertex 4.04798 44.1048 1.4
      vertex 3.51508 44.8592 1.4
    endloop
  endfacet
  facet normal 0 0 1
    outer loop
      vertex 4.04798 44.1048 1.4
      vertex 3.33396 44.6527 1.4
      vertex 3.96077 43.9743 1.4
    endloop
  endfacet
  facet normal 0 0 1
    outer loop
      vertex 3.96077 43.9743 1.4
      vertex 3.18135 44.4243 1.4
      vertex 3.89135 43.8335 1.4
    endloop
  endfacet
  facet normal -0 0 1
    outer loop
      vertex 3.18135 44.4243 1.4
      vertex 3.96077 43.9743 1.4
      vertex 3.33396 44.6527 1.4
    endloop
  endfacet
  facet normal -0 0 1
    outer loop
      vertex 6.03923 42.7743 1.4
      vertex 6.81865 42.3243 1.4
      vertex 6.10865 42.9151 1.4
    endloop
  endfacet
  facet normal 0 0 1
    outer loop
      vertex 6.81865 42.3243 1.4
      vertex 6.03923 42.7743 1.4
      vertex 6.66604 42.0959 1.4
    endloop
  endfacet
  facet normal -0 0 1
    outer loop
      vertex 5.95202 42.6438 1.4
      vertex 6.66604 42.0959 1.4
      vertex 6.03923 42.7743 1.4
    endloop
  endfacet
  facet normal 0 0 1
    outer loop
      vertex 6.66604 42.0959 1.4
      vertex 5.95202 42.6438 1.4
      vertex 6.48492 41.8893 1.4
    endloop
  endfacet
  facet normal -0 0 1
    outer loop
      vertex 5.84853 42.5257 1.4
      vertex 6.48492 41.8893 1.4
      vertex 5.95202 42.6438 1.4
    endloop
  endfacet
  facet normal 0 0 1
    outer loop
      vertex 6.48492 41.8893 1.4
      vertex 5.84853 42.5257 1.4
      vertex 6.2784 41.7082 1.4
    endloop
  endfacet
  facet normal -0 0 1
    outer loop
      vertex 5.73051 42.4222 1.4
      vertex 6.2784 41.7082 1.4
      vertex 5.84853 42.5257 1.4
    endloop
  endfacet
  facet normal 0 0 1
    outer loop
      vertex 6.2784 41.7082 1.4
      vertex 5.73051 42.4222 1.4
      vertex 6.05 41.5556 1.4
    endloop
  endfacet
  facet normal -0 0 1
    outer loop
      vertex 5.6 42.335 1.4
      vertex 6.05 41.5556 1.4
      vertex 5.73051 42.4222 1.4
    endloop
  endfacet
  facet normal 0 0 1
    outer loop
      vertex 6.05 41.5556 1.4
      vertex 5.6 42.335 1.4
      vertex 5.80363 41.4341 1.4
    endloop
  endfacet
  facet normal -0 0 1
    outer loop
      vertex 5.45922 42.2656 1.4
      vertex 5.80363 41.4341 1.4
      vertex 5.6 42.335 1.4
    endloop
  endfacet
  facet normal 0 0 1
    outer loop
      vertex 5.80363 41.4341 1.4
      vertex 5.45922 42.2656 1.4
      vertex 5.54352 41.3458 1.4
    endloop
  endfacet
  facet normal -0 0 1
    outer loop
      vertex 5.31058 42.2152 1.4
      vertex 5.54352 41.3458 1.4
      vertex 5.45922 42.2656 1.4
    endloop
  endfacet
  facet normal 0 0 1
    outer loop
      vertex 5.31058 42.2152 1.4
      vertex 5.2741 41.2922 1.4
      vertex 5.54352 41.3458 1.4
    endloop
  endfacet
  facet normal -0 0 1
    outer loop
      vertex 5.15663 42.1845 1.4
      vertex 5.2741 41.2922 1.4
      vertex 5.31058 42.2152 1.4
    endloop
  endfacet
  facet normal -0 0 1
    outer loop
      vertex 5 42.1743 1.4
      vertex 5.2741 41.2922 1.4
      vertex 5.15663 42.1845 1.4
    endloop
  endfacet
  facet normal 0 0 1
    outer loop
      vertex 5 42.1743 1.4
      vertex 5 41.2743 1.4
      vertex 5.2741 41.2922 1.4
    endloop
  endfacet
  facet normal 0 0 1
    outer loop
      vertex 4.84337 42.1845 1.4
      vertex 5 41.2743 1.4
      vertex 5 42.1743 1.4
    endloop
  endfacet
  facet normal 0 0 1
    outer loop
      vertex 4.84337 42.1845 1.4
      vertex 4.7259 41.2922 1.4
      vertex 5 41.2743 1.4
    endloop
  endfacet
  facet normal 0 0 1
    outer loop
      vertex 4.68942 42.2152 1.4
      vertex 4.7259 41.2922 1.4
      vertex 4.84337 42.1845 1.4
    endloop
  endfacet
  facet normal 0 0 1
    outer loop
      vertex 4.45648 41.3458 1.4
      vertex 4.68942 42.2152 1.4
      vertex 4.54078 42.2656 1.4
    endloop
  endfacet
  facet normal 0 0 1
    outer loop
      vertex 4.68942 42.2152 1.4
      vertex 4.45648 41.3458 1.4
      vertex 4.7259 41.2922 1.4
    endloop
  endfacet
  facet normal 0 0 1
    outer loop
      vertex 4.19637 41.4341 1.4
      vertex 4.54078 42.2656 1.4
      vertex 4.4 42.335 1.4
    endloop
  endfacet
  facet normal 0 0 1
    outer loop
      vertex 3.95 41.5556 1.4
      vertex 4.4 42.335 1.4
      vertex 4.26949 42.4222 1.4
    endloop
  endfacet
  facet normal 0 0 1
    outer loop
      vertex 4.54078 42.2656 1.4
      vertex 4.19637 41.4341 1.4
      vertex 4.45648 41.3458 1.4
    endloop
  endfacet
  facet normal 0 0 1
    outer loop
      vertex 3.7216 41.7082 1.4
      vertex 4.26949 42.4222 1.4
      vertex 4.15147 42.5257 1.4
    endloop
  endfacet
  facet normal 0 0 1
    outer loop
      vertex 3.51508 41.8893 1.4
      vertex 4.15147 42.5257 1.4
      vertex 4.04798 42.6438 1.4
    endloop
  endfacet
  facet normal 0 0 1
    outer loop
      vertex 3.33396 42.0959 1.4
      vertex 4.04798 42.6438 1.4
      vertex 3.96077 42.7743 1.4
    endloop
  endfacet
  facet normal 0 0 1
    outer loop
      vertex 4.4 42.335 1.4
      vertex 3.95 41.5556 1.4
      vertex 4.19637 41.4341 1.4
    endloop
  endfacet
  facet normal 0 0 1
    outer loop
      vertex 3.18135 42.3243 1.4
      vertex 3.96077 42.7743 1.4
      vertex 3.89135 42.9151 1.4
    endloop
  endfacet
  facet normal 0 0 1
    outer loop
      vertex 3.05985 42.5706 1.4
      vertex 3.89135 42.9151 1.4
      vertex 3.84089 43.0637 1.4
    endloop
  endfacet
  facet normal 0 0 1
    outer loop
      vertex 2.97156 42.8307 1.4
      vertex 3.84089 43.0637 1.4
      vertex 3.81027 43.2176 1.4
    endloop
  endfacet
  facet normal 0 0 1
    outer loop
      vertex 4.26949 42.4222 1.4
      vertex 3.7216 41.7082 1.4
      vertex 3.95 41.5556 1.4
    endloop
  endfacet
  facet normal 0 0 1
    outer loop
      vertex 2.91797 43.1002 1.4
      vertex 3.81027 43.2176 1.4
      vertex 3.8 43.3743 1.4
    endloop
  endfacet
  facet normal -0 0 1
    outer loop
      vertex 3.05985 44.1779 1.4
      vertex 3.89135 43.8335 1.4
      vertex 3.18135 44.4243 1.4
    endloop
  endfacet
  facet normal 0 0 1
    outer loop
      vertex 3.89135 43.8335 1.4
      vertex 3.05985 44.1779 1.4
      vertex 3.84089 43.6849 1.4
    endloop
  endfacet
  facet normal 0 0 1
    outer loop
      vertex 4.15147 42.5257 1.4
      vertex 3.51508 41.8893 1.4
      vertex 3.7216 41.7082 1.4
    endloop
  endfacet
  facet normal -0 0 1
    outer loop
      vertex 2.97156 43.9178 1.4
      vertex 3.84089 43.6849 1.4
      vertex 3.05985 44.1779 1.4
    endloop
  endfacet
  facet normal 0 0 1
    outer loop
      vertex 4.04798 42.6438 1.4
      vertex 3.33396 42.0959 1.4
      vertex 3.51508 41.8893 1.4
    endloop
  endfacet
  facet normal 0 0 1
    outer loop
      vertex 3.84089 43.6849 1.4
      vertex 2.97156 43.9178 1.4
      vertex 3.81027 43.5309 1.4
    endloop
  endfacet
  facet normal 0 0 1
    outer loop
      vertex 3.96077 42.7743 1.4
      vertex 3.18135 42.3243 1.4
      vertex 3.33396 42.0959 1.4
    endloop
  endfacet
  facet normal -0 0 1
    outer loop
      vertex 2.91797 43.6484 1.4
      vertex 3.81027 43.5309 1.4
      vertex 2.97156 43.9178 1.4
    endloop
  endfacet
  facet normal 0 0 1
    outer loop
      vertex 3.89135 42.9151 1.4
      vertex 3.05985 42.5706 1.4
      vertex 3.18135 42.3243 1.4
    endloop
  endfacet
  facet normal 0 0 1
    outer loop
      vertex 3.81027 43.5309 1.4
      vertex 2.91797 43.6484 1.4
      vertex 3.8 43.3743 1.4
    endloop
  endfacet
  facet normal 0 0 1
    outer loop
      vertex 3.84089 43.0637 1.4
      vertex 2.97156 42.8307 1.4
      vertex 3.05985 42.5706 1.4
    endloop
  endfacet
  facet normal 0 0 1
    outer loop
      vertex 2.9 43.3743 1.4
      vertex 3.8 43.3743 1.4
      vertex 2.91797 43.6484 1.4
    endloop
  endfacet
  facet normal 0 0 1
    outer loop
      vertex 3.81027 43.2176 1.4
      vertex 2.91797 43.1002 1.4
      vertex 2.97156 42.8307 1.4
    endloop
  endfacet
  facet normal 0 0 1
    outer loop
      vertex 3.8 43.3743 1.4
      vertex 2.9 43.3743 1.4
      vertex 2.91797 43.1002 1.4
    endloop
  endfacet
  facet normal 0.4423 0.896867 -0
    outer loop
      vertex 4.19637 41.4341 1.4
      vertex 3.95 41.5556 2.4
      vertex 4.19637 41.4341 2.4
    endloop
  endfacet
  facet normal 0.4423 0.896867 0
    outer loop
      vertex 3.95 41.5556 2.4
      vertex 4.19637 41.4341 1.4
      vertex 3.95 41.5556 1.4
    endloop
  endfacet
  facet normal 0 0 -1
    outer loop
      vertex 6.18973 9.10701 0
      vertex 20 -1.964 0
      vertex 20 -19.3304 0
    endloop
  endfacet
  facet normal 0 0 -1
    outer loop
      vertex 6.18973 9.42027 0
      vertex 20 -1.964 0
      vertex 6.2 9.26364 0
    endloop
  endfacet
  facet normal 0 0 -1
    outer loop
      vertex 6.15911 9.57422 0
      vertex 20 -1.964 0
      vertex 6.18973 9.42027 0
    endloop
  endfacet
  facet normal 0 0 -1
    outer loop
      vertex 20 -1.964 0
      vertex 6.18973 9.10701 0
      vertex 6.2 9.26364 0
    endloop
  endfacet
  facet normal 0 0 -1
    outer loop
      vertex 6.18973 9.10701 0
      vertex 20 -19.3304 0
      vertex 7.84331 -30.2766 0
    endloop
  endfacet
  facet normal 0 0 -1
    outer loop
      vertex 6.15911 43.6849 0
      vertex 20 36.8 0
      vertex 15.2277 35.7856 0
    endloop
  endfacet
  facet normal 0 0 -1
    outer loop
      vertex 6.18973 43.2176 0
      vertex 15.2277 35.7856 0
      vertex 15.0586 35.741 0
    endloop
  endfacet
  facet normal 0 0 -1
    outer loop
      vertex 6.18973 43.2176 0
      vertex 15.0586 35.741 0
      vertex 14.8156 35.664 0
    endloop
  endfacet
  facet normal 0 0 -1
    outer loop
      vertex 6.15911 43.0637 0
      vertex 14.8156 35.664 0
      vertex 14.5962 35.5784 0
    endloop
  endfacet
  facet normal 0 0 -1
    outer loop
      vertex 6.10865 42.9151 0
      vertex 14.5962 35.5784 0
      vertex 14.4899 35.5244 0
    endloop
  endfacet
  facet normal 0 0 -1
    outer loop
      vertex 6.10865 42.9151 0
      vertex 14.4899 35.5244 0
      vertex 14.2483 35.3912 0
    endloop
  endfacet
  facet normal 0 0 -1
    outer loop
      vertex 6.03923 42.7743 0
      vertex 14.2483 35.3912 0
      vertex 14.05 35.2643 0
    endloop
  endfacet
  facet normal 0 0 -1
    outer loop
      vertex 5.95202 42.6438 0
      vertex 14.05 35.2643 0
      vertex 13.9539 35.1884 0
    endloop
  endfacet
  facet normal 0 0 -1
    outer loop
      vertex 5.95202 42.6438 0
      vertex 13.9539 35.1884 0
      vertex 13.7438 35.0104 0
    endloop
  endfacet
  facet normal 0 0 -1
    outer loop
      vertex 5.84853 42.5257 0
      vertex 13.7438 35.0104 0
      vertex 13.5004 34.7599 0
    endloop
  endfacet
  facet normal 0 0 -1
    outer loop
      vertex 5.73051 42.4222 0
      vertex 13.5004 34.7599 0
      vertex 13.3297 34.546 0
    endloop
  endfacet
  facet normal 0 0 -1
    outer loop
      vertex 5.6 42.335 0
      vertex 13.3297 34.546 0
      vertex 13.1383 34.2513 0
    endloop
  endfacet
  facet normal 0 0 -1
    outer loop
      vertex 5.45922 42.2656 0
      vertex 13.1383 34.2513 0
      vertex 13.0124 34.0084 0
    endloop
  endfacet
  facet normal 0 0 -1
    outer loop
      vertex 5.31058 42.2152 0
      vertex 13.0124 34.0084 0
      vertex 12.8825 33.6841 0
    endloop
  endfacet
  facet normal 0 0 -1
    outer loop
      vertex 5.15663 42.1845 0
      vertex 12.8825 33.6841 0
      vertex 12.8054 33.4197 0
    endloop
  endfacet
  facet normal 0 0 -1
    outer loop
      vertex 6.10865 9.72286 0
      vertex 20 -1.964 0
      vertex 6.15911 9.57422 0
    endloop
  endfacet
  facet normal 0 0 -1
    outer loop
      vertex 5.31058 -26.0061 0
      vertex 7.84331 -30.2766 0
      vertex 7.72142 -30.3974 0
    endloop
  endfacet
  facet normal 0 0 -1
    outer loop
      vertex 5.15663 -26.0367 0
      vertex 7.72142 -30.3974 0
      vertex 7.54872 -30.5856 0
    endloop
  endfacet
  facet normal 0 0 -1
    outer loop
      vertex 5.15663 -26.0367 0
      vertex 7.54872 -30.5856 0
      vertex 7.40123 -30.7691 0
    endloop
  endfacet
  facet normal 0 0 -1
    outer loop
      vertex 5 -26.047 0
      vertex 7.40123 -30.7691 0
      vertex 7.33432 -30.8719 0
    endloop
  endfacet
  facet normal 0 0 -1
    outer loop
      vertex 4.84337 -26.0367 0
      vertex 7.33432 -30.8719 0
      vertex 7.19159 -31.1082 0
    endloop
  endfacet
  facet normal 0 0 -1
    outer loop
      vertex 7.84331 -30.2766 0
      vertex 6.18973 -24.6904 0
      vertex 6.15911 -24.5364 0
    endloop
  endfacet
  facet normal 0 0 -1
    outer loop
      vertex 4.68942 -26.0061 0
      vertex 7.19159 -31.1082 0
      vertex 7.0833 -31.3172 0
    endloop
  endfacet
  facet normal 0 0 -1
    outer loop
      vertex 4.54078 -25.9556 0
      vertex 7.0833 -31.3172 0
      vertex 7.03734 -31.433 0
    endloop
  endfacet
  facet normal 0 0 -1
    outer loop
      vertex 4.54078 -25.9556 0
      vertex 7.03734 -31.433 0
      vertex 6.94481 -31.6919 0
    endloop
  endfacet
  facet normal 0 0 -1
    outer loop
      vertex 4.4 -25.8862 0
      vertex 6.94481 -31.6919 0
      vertex 6.86031 -32.0267 0
    endloop
  endfacet
  facet normal 0 0 -1
    outer loop
      vertex 4.26949 -25.799 0
      vertex 6.86031 -32.0267 0
      vertex 6.81914 -32.2971 0
    endloop
  endfacet
  facet normal 0 0 -1
    outer loop
      vertex -6.81914 -32.2971 0
      vertex 6.81914 -32.2971 0
      vertex 6.80046 -32.6492 0
    endloop
  endfacet
  facet normal 0 0 -1
    outer loop
      vertex 7.84331 -30.2766 0
      vertex 6.2 -24.847 0
      vertex 6.18973 -24.6904 0
    endloop
  endfacet
  facet normal 0 0 -1
    outer loop
      vertex 20 -1.964 0
      vertex 6.10865 9.72286 0
      vertex 12.7779 32.0133 0
    endloop
  endfacet
  facet normal 0 0 -1
    outer loop
      vertex 5.84853 10.1122 0
      vertex 12.7779 32.0133 0
      vertex 5.95202 9.99415 0
    endloop
  endfacet
  facet normal 0 0 -1
    outer loop
      vertex 5.73051 10.2157 0
      vertex 12.7779 32.0133 0
      vertex 5.84853 10.1122 0
    endloop
  endfacet
  facet normal 0 0 -1
    outer loop
      vertex 5.6 10.3029 0
      vertex 12.7779 32.0133 0
      vertex 5.73051 10.2157 0
    endloop
  endfacet
  facet normal 0 0 -1
    outer loop
      vertex 5.45922 10.3723 0
      vertex 12.7779 32.0133 0
      vertex 5.6 10.3029 0
    endloop
  endfacet
  facet normal 0 0 -1
    outer loop
      vertex 15.2277 35.7856 0
      vertex 6.18973 43.5309 0
      vertex 6.15911 43.6849 0
    endloop
  endfacet
  facet normal 0 0 -1
    outer loop
      vertex 20 36.8 0
      vertex 6.15911 43.6849 0
      vertex 6.10865 43.8335 0
    endloop
  endfacet
  facet normal 0 0 -1
    outer loop
      vertex 6.03923 43.9743 0
      vertex 20 36.8 0
      vertex 6.10865 43.8335 0
    endloop
  endfacet
  facet normal 0 0 -1
    outer loop
      vertex 20 36.8 0
      vertex 6.03923 43.9743 0
      vertex 20 63.7147 0
    endloop
  endfacet
  facet normal 0 0 -1
    outer loop
      vertex 5.95202 44.1048 0
      vertex 20 63.7147 0
      vertex 6.03923 43.9743 0
    endloop
  endfacet
  facet normal 0 0 -1
    outer loop
      vertex 5.84853 44.2228 0
      vertex 20 63.7147 0
      vertex 5.95202 44.1048 0
    endloop
  endfacet
  facet normal 0 0 -1
    outer loop
      vertex 5.73051 44.3263 0
      vertex 20 63.7147 0
      vertex 5.84853 44.2228 0
    endloop
  endfacet
  facet normal 0 0 -1
    outer loop
      vertex 5.6 44.4135 0
      vertex 20 63.7147 0
      vertex 5.73051 44.3263 0
    endloop
  endfacet
  facet normal 0 0 -1
    outer loop
      vertex 5.45922 44.4829 0
      vertex 20 63.7147 0
      vertex 5.6 44.4135 0
    endloop
  endfacet
  facet normal 0 0 -1
    outer loop
      vertex 5.31058 44.5334 0
      vertex 20 63.7147 0
      vertex 5.45922 44.4829 0
    endloop
  endfacet
  facet normal 0 0 -1
    outer loop
      vertex 5.15663 44.564 0
      vertex 20 63.7147 0
      vertex 5.31058 44.5334 0
    endloop
  endfacet
  facet normal 0 0 -1
    outer loop
      vertex 5 44.5743 0
      vertex 20 63.7147 0
      vertex 5.15663 44.564 0
    endloop
  endfacet
  facet normal 0 0 -1
    outer loop
      vertex 4.84337 44.564 0
      vertex 20 63.7147 0
      vertex 5 44.5743 0
    endloop
  endfacet
  facet normal 0 0 -1
    outer loop
      vertex 4.68942 44.5334 0
      vertex 20 63.7147 0
      vertex 4.84337 44.564 0
    endloop
  endfacet
  facet normal 0 0 -1
    outer loop
      vertex -4.68942 44.5334 0
      vertex 4.68942 44.5334 0
      vertex 4.54078 44.4829 0
    endloop
  endfacet
  facet normal 0 0 -1
    outer loop
      vertex -4.54078 44.4829 0
      vertex 4.54078 44.4829 0
      vertex 4.4 44.4135 0
    endloop
  endfacet
  facet normal 0 0 -1
    outer loop
      vertex -4.4 44.4135 0
      vertex 4.4 44.4135 0
      vertex 4.26949 44.3263 0
    endloop
  endfacet
  facet normal 0 0 -1
    outer loop
      vertex -4.26949 44.3263 0
      vertex 4.26949 44.3263 0
      vertex 4.15147 44.2228 0
    endloop
  endfacet
  facet normal 0 0 -1
    outer loop
      vertex -4.15147 44.2228 0
      vertex 4.15147 44.2228 0
      vertex 4.04798 44.1048 0
    endloop
  endfacet
  facet normal 0 0 -1
    outer loop
      vertex 4.54078 10.3723 0
      vertex -4.54078 10.3723 0
      vertex 4.68942 10.4228 0
    endloop
  endfacet
  facet normal 0 0 -1
    outer loop
      vertex -4.68942 10.4228 0
      vertex 4.68942 10.4228 0
      vertex -4.54078 10.3723 0
    endloop
  endfacet
  facet normal -0 -0 -1
    outer loop
      vertex 5 42.1743 0
      vertex 12.7399 33.0685 0
      vertex 4.84337 42.1845 0
    endloop
  endfacet
  facet normal 0 0 -1
    outer loop
      vertex 12.7165 32.7935 0
      vertex 4.84337 42.1845 0
      vertex 12.7399 33.0685 0
    endloop
  endfacet
  facet normal 0 0 -1
    outer loop
      vertex 3.81027 43.5309 0
      vertex -3.81027 43.5309 0
      vertex 3.84089 43.6849 0
    endloop
  endfacet
  facet normal 0 0 -1
    outer loop
      vertex -3.84089 43.6849 0
      vertex 3.84089 43.6849 0
      vertex -3.81027 43.5309 0
    endloop
  endfacet
  facet normal 0 0 -1
    outer loop
      vertex 3.84089 43.6849 0
      vertex -3.84089 43.6849 0
      vertex 3.89135 43.8335 0
    endloop
  endfacet
  facet normal 0 0 -1
    outer loop
      vertex -3.89135 43.8335 0
      vertex 3.89135 43.8335 0
      vertex -3.84089 43.6849 0
    endloop
  endfacet
  facet normal 0 0 -1
    outer loop
      vertex 3.89135 43.8335 0
      vertex -3.89135 43.8335 0
      vertex 3.96077 43.9743 0
    endloop
  endfacet
  facet normal 0 0 -1
    outer loop
      vertex -3.96077 43.9743 0
      vertex 3.96077 43.9743 0
      vertex -3.89135 43.8335 0
    endloop
  endfacet
  facet normal 0 0 -1
    outer loop
      vertex 3.96077 43.9743 0
      vertex -3.96077 43.9743 0
      vertex 4.04798 44.1048 0
    endloop
  endfacet
  facet normal 0 0 -1
    outer loop
      vertex -4.04798 44.1048 0
      vertex 4.04798 44.1048 0
      vertex -3.96077 43.9743 0
    endloop
  endfacet
  facet normal 0 0 -1
    outer loop
      vertex -4.15147 44.2228 0
      vertex 4.04798 44.1048 0
      vertex -4.04798 44.1048 0
    endloop
  endfacet
  facet normal 0 0 -1
    outer loop
      vertex 4.15147 44.2228 0
      vertex -4.15147 44.2228 0
      vertex -4.26949 44.3263 0
    endloop
  endfacet
  facet normal 0 0 -1
    outer loop
      vertex 4.26949 44.3263 0
      vertex -4.26949 44.3263 0
      vertex -4.4 44.4135 0
    endloop
  endfacet
  facet normal 0 0 -1
    outer loop
      vertex 4.4 44.4135 0
      vertex -4.4 44.4135 0
      vertex -4.54078 44.4829 0
    endloop
  endfacet
  facet normal 0 0 -1
    outer loop
      vertex 4.54078 44.4829 0
      vertex -4.54078 44.4829 0
      vertex -4.68942 44.5334 0
    endloop
  endfacet
  facet normal 0 0 -1
    outer loop
      vertex 4.68942 44.5334 0
      vertex -4.68942 44.5334 0
      vertex 20 63.7147 0
    endloop
  endfacet
  facet normal 0 0 -1
    outer loop
      vertex -20 63.7147 0
      vertex -4.68942 44.5334 0
      vertex -4.84337 44.564 0
    endloop
  endfacet
  facet normal 0 0 -1
    outer loop
      vertex -20 63.7147 0
      vertex -4.84337 44.564 0
      vertex -5 44.5743 0
    endloop
  endfacet
  facet normal 0 0 -1
    outer loop
      vertex -20 63.7147 0
      vertex -5 44.5743 0
      vertex -5.15663 44.564 0
    endloop
  endfacet
  facet normal 0 0 -1
    outer loop
      vertex -20 63.7147 0
      vertex -5.15663 44.564 0
      vertex -5.31058 44.5334 0
    endloop
  endfacet
  facet normal 0 0 -1
    outer loop
      vertex -20 63.7147 0
      vertex -5.31058 44.5334 0
      vertex -5.45922 44.4829 0
    endloop
  endfacet
  facet normal 0 0 -1
    outer loop
      vertex -20 63.7147 0
      vertex -5.45922 44.4829 0
      vertex -5.6 44.4135 0
    endloop
  endfacet
  facet normal 0 0 -1
    outer loop
      vertex -20 63.7147 0
      vertex -5.6 44.4135 0
      vertex -5.73051 44.3263 0
    endloop
  endfacet
  facet normal -0 0 -1
    outer loop
      vertex -5.45922 -25.9556 0
      vertex -7.84331 -30.2766 0
      vertex -5.6 -25.8862 0
    endloop
  endfacet
  facet normal -0 0 -1
    outer loop
      vertex -5.6 -25.8862 0
      vertex -7.84331 -30.2766 0
      vertex -5.73051 -25.799 0
    endloop
  endfacet
  facet normal -0 0 -1
    outer loop
      vertex -5.73051 -25.799 0
      vertex -7.84331 -30.2766 0
      vertex -5.84853 -25.6955 0
    endloop
  endfacet
  facet normal -0 0 -1
    outer loop
      vertex -5.84853 -25.6955 0
      vertex -7.84331 -30.2766 0
      vertex -5.95202 -25.5775 0
    endloop
  endfacet
  facet normal -0 0 -1
    outer loop
      vertex -5.95202 -25.5775 0
      vertex -7.84331 -30.2766 0
      vertex -6.03923 -25.447 0
    endloop
  endfacet
  facet normal -0 0 -1
    outer loop
      vertex -6.03923 -25.447 0
      vertex -7.84331 -30.2766 0
      vertex -6.10865 -25.3062 0
    endloop
  endfacet
  facet normal -0 0 -1
    outer loop
      vertex -6.10865 -25.3062 0
      vertex -7.84331 -30.2766 0
      vertex -6.15911 -25.1576 0
    endloop
  endfacet
  facet normal -0 0 -1
    outer loop
      vertex -6.15911 -25.1576 0
      vertex -7.84331 -30.2766 0
      vertex -6.18973 -25.0036 0
    endloop
  endfacet
  facet normal -0 0 -1
    outer loop
      vertex -6.18973 -25.0036 0
      vertex -7.84331 -30.2766 0
      vertex -6.2 -24.847 0
    endloop
  endfacet
  facet normal 0 0 -1
    outer loop
      vertex -20 -19.3304 0
      vertex -6.2 -24.847 0
      vertex -7.84331 -30.2766 0
    endloop
  endfacet
  facet normal 0 0 -1
    outer loop
      vertex -6.2 -24.847 0
      vertex -20 -1.964 0
      vertex -6.2 9.26364 0
    endloop
  endfacet
  facet normal 0 0 -1
    outer loop
      vertex -6.2 9.26364 0
      vertex -12.7779 32.0133 0
      vertex -6.2 43.3743 0
    endloop
  endfacet
  facet normal 0 0 -1
    outer loop
      vertex -12.7165 32.7935 0
      vertex -6.2 43.3743 0
      vertex -12.7103 32.6743 0
    endloop
  endfacet
  facet normal 0 0 -1
    outer loop
      vertex -12.7399 33.0685 0
      vertex -6.2 43.3743 0
      vertex -12.7165 32.7935 0
    endloop
  endfacet
  facet normal 0 0 -1
    outer loop
      vertex -12.7752 33.3013 0
      vertex -6.2 43.3743 0
      vertex -12.7399 33.0685 0
    endloop
  endfacet
  facet normal 0 0 -1
    outer loop
      vertex -12.8054 33.4197 0
      vertex -6.2 43.3743 0
      vertex -12.7752 33.3013 0
    endloop
  endfacet
  facet normal 0 0 -1
    outer loop
      vertex -12.8825 33.6841 0
      vertex -6.2 43.3743 0
      vertex -12.8054 33.4197 0
    endloop
  endfacet
  facet normal 0 0 -1
    outer loop
      vertex -13.0124 34.0084 0
      vertex -6.2 43.3743 0
      vertex -12.8825 33.6841 0
    endloop
  endfacet
  facet normal 0 0 -1
    outer loop
      vertex -13.1383 34.2513 0
      vertex -6.2 43.3743 0
      vertex -13.0124 34.0084 0
    endloop
  endfacet
  facet normal 0 0 -1
    outer loop
      vertex -13.3297 34.546 0
      vertex -6.2 43.3743 0
      vertex -13.1383 34.2513 0
    endloop
  endfacet
  facet normal 0 0 -1
    outer loop
      vertex -13.5004 34.7599 0
      vertex -6.2 43.3743 0
      vertex -13.3297 34.546 0
    endloop
  endfacet
  facet normal 0 0 -1
    outer loop
      vertex -13.7438 35.0104 0
      vertex -6.2 43.3743 0
      vertex -13.5004 34.7599 0
    endloop
  endfacet
  facet normal 0 0 -1
    outer loop
      vertex -13.9539 35.1884 0
      vertex -6.2 43.3743 0
      vertex -13.7438 35.0104 0
    endloop
  endfacet
  facet normal 0 0 -1
    outer loop
      vertex -14.1432 35.3284 0
      vertex -6.2 43.3743 0
      vertex -13.9539 35.1884 0
    endloop
  endfacet
  facet normal 0 0 -1
    outer loop
      vertex -14.2483 35.3912 0
      vertex -6.2 43.3743 0
      vertex -14.1432 35.3284 0
    endloop
  endfacet
  facet normal 0 0 -1
    outer loop
      vertex -14.4899 35.5244 0
      vertex -6.2 43.3743 0
      vertex -14.2483 35.3912 0
    endloop
  endfacet
  facet normal 0 0 -1
    outer loop
      vertex -14.7031 35.6243 0
      vertex -6.2 43.3743 0
      vertex -14.4899 35.5244 0
    endloop
  endfacet
  facet normal 0 0 -1
    outer loop
      vertex -14.8156 35.664 0
      vertex -6.2 43.3743 0
      vertex -14.7031 35.6243 0
    endloop
  endfacet
  facet normal 0 0 -1
    outer loop
      vertex -15.0586 35.741 0
      vertex -6.2 43.3743 0
      vertex -14.8156 35.664 0
    endloop
  endfacet
  facet normal 0 0 -1
    outer loop
      vertex -15.2277 35.7856 0
      vertex -6.2 43.3743 0
      vertex -15.0586 35.741 0
    endloop
  endfacet
  facet normal -0 0 -1
    outer loop
      vertex -6.2 43.3743 0
      vertex -15.2277 35.7856 0
      vertex -6.18973 43.5309 0
    endloop
  endfacet
  facet normal -0 0 -1
    outer loop
      vertex -6.18973 43.5309 0
      vertex -15.2277 35.7856 0
      vertex -6.15911 43.6849 0
    endloop
  endfacet
  facet normal 0 0 -1
    outer loop
      vertex -20 36.8 0
      vertex -6.15911 43.6849 0
      vertex -15.2277 35.7856 0
    endloop
  endfacet
  facet normal -0 0 -1
    outer loop
      vertex -6.15911 43.6849 0
      vertex -20 36.8 0
      vertex -6.10865 43.8335 0
    endloop
  endfacet
  facet normal -0 0 -1
    outer loop
      vertex -6.10865 43.8335 0
      vertex -20 36.8 0
      vertex -6.03923 43.9743 0
    endloop
  endfacet
  facet normal 0 0 -1
    outer loop
      vertex -20 63.7147 0
      vertex -6.03923 43.9743 0
      vertex -20 36.8 0
    endloop
  endfacet
  facet normal 0 0 -1
    outer loop
      vertex -6.03923 43.9743 0
      vertex -20 63.7147 0
      vertex -5.95202 44.1048 0
    endloop
  endfacet
  facet normal 0 0 -1
    outer loop
      vertex -5.95202 44.1048 0
      vertex -20 63.7147 0
      vertex -5.84853 44.2228 0
    endloop
  endfacet
  facet normal 0 0 -1
    outer loop
      vertex -5.84853 44.2228 0
      vertex -20 63.7147 0
      vertex -5.73051 44.3263 0
    endloop
  endfacet
  facet normal 0 0 -1
    outer loop
      vertex -4.68942 44.5334 0
      vertex -20 63.7147 0
      vertex 20 63.7147 0
    endloop
  endfacet
  facet normal 0 0 -1
    outer loop
      vertex -6.2 43.3743 0
      vertex -12.7213 32.4391 0
      vertex -12.7103 32.6743 0
    endloop
  endfacet
  facet normal 0 0 -1
    outer loop
      vertex -6.2 43.3743 0
      vertex -12.7499 32.1858 0
      vertex -12.7213 32.4391 0
    endloop
  endfacet
  facet normal 0 0 -1
    outer loop
      vertex -6.2 43.3743 0
      vertex -12.7779 32.0133 0
      vertex -12.7499 32.1858 0
    endloop
  endfacet
  facet normal 0 0 -1
    outer loop
      vertex -6.2 -24.847 0
      vertex -20 -19.3304 0
      vertex -20 -1.964 0
    endloop
  endfacet
  facet normal -0 0 -1
    outer loop
      vertex -6.2 9.26364 0
      vertex -20 -1.964 0
      vertex -12.7779 32.0133 0
    endloop
  endfacet
  facet normal 0 0 -1
    outer loop
      vertex 4.54078 42.2656 0
      vertex -4.54078 42.2656 0
      vertex 4.4 42.335 0
    endloop
  endfacet
  facet normal 0 0 -1
    outer loop
      vertex -3.81027 43.5309 0
      vertex 3.81027 43.5309 0
      vertex -3.8 43.3743 0
    endloop
  endfacet
  facet normal 0 -0 -1
    outer loop
      vertex -4.4 42.335 0
      vertex 4.4 42.335 0
      vertex -4.54078 42.2656 0
    endloop
  endfacet
  facet normal 0 0 -1
    outer loop
      vertex 3.8 43.3743 0
      vertex -3.8 43.3743 0
      vertex 3.81027 43.5309 0
    endloop
  endfacet
  facet normal 0 0 -1
    outer loop
      vertex 4.26949 42.4222 0
      vertex -4.26949 42.4222 0
      vertex 4.15147 42.5257 0
    endloop
  endfacet
  facet normal 0 -0 -1
    outer loop
      vertex -3.8 43.3743 0
      vertex 3.8 43.3743 0
      vertex -3.81027 43.2176 0
    endloop
  endfacet
  facet normal 0 -0 -1
    outer loop
      vertex -4.15147 42.5257 0
      vertex 4.15147 42.5257 0
      vertex -4.26949 42.4222 0
    endloop
  endfacet
  facet normal 0 0 -1
    outer loop
      vertex 3.81027 43.2176 0
      vertex -3.81027 43.2176 0
      vertex 3.8 43.3743 0
    endloop
  endfacet
  facet normal 0 0 -1
    outer loop
      vertex 4.15147 42.5257 0
      vertex -4.15147 42.5257 0
      vertex 4.04798 42.6438 0
    endloop
  endfacet
  facet normal 0 -0 -1
    outer loop
      vertex -3.81027 43.2176 0
      vertex 3.81027 43.2176 0
      vertex -3.84089 43.0637 0
    endloop
  endfacet
  facet normal 0 -0 -1
    outer loop
      vertex -4.04798 42.6438 0
      vertex 4.04798 42.6438 0
      vertex -4.15147 42.5257 0
    endloop
  endfacet
  facet normal 0 0 -1
    outer loop
      vertex 3.84089 43.0637 0
      vertex -3.84089 43.0637 0
      vertex 3.81027 43.2176 0
    endloop
  endfacet
  facet normal 0 0 -1
    outer loop
      vertex 4.04798 42.6438 0
      vertex -4.04798 42.6438 0
      vertex 3.96077 42.7743 0
    endloop
  endfacet
  facet normal 0 -0 -1
    outer loop
      vertex -3.84089 43.0637 0
      vertex 3.84089 43.0637 0
      vertex -3.89135 42.9151 0
    endloop
  endfacet
  facet normal 0 -0 -1
    outer loop
      vertex -3.96077 42.7743 0
      vertex 3.96077 42.7743 0
      vertex -4.04798 42.6438 0
    endloop
  endfacet
  facet normal 0 0 -1
    outer loop
      vertex 3.89135 42.9151 0
      vertex -3.89135 42.9151 0
      vertex 3.84089 43.0637 0
    endloop
  endfacet
  facet normal 0 0 -1
    outer loop
      vertex 3.96077 42.7743 0
      vertex -3.96077 42.7743 0
      vertex 3.89135 42.9151 0
    endloop
  endfacet
  facet normal 0 -0 -1
    outer loop
      vertex -3.89135 42.9151 0
      vertex 3.89135 42.9151 0
      vertex -3.96077 42.7743 0
    endloop
  endfacet
  facet normal 0 0 -1
    outer loop
      vertex 4.4 42.335 0
      vertex -4.4 42.335 0
      vertex 4.26949 42.4222 0
    endloop
  endfacet
  facet normal 0 -0 -1
    outer loop
      vertex -4.26949 42.4222 0
      vertex 4.26949 42.4222 0
      vertex -4.4 42.335 0
    endloop
  endfacet
  facet normal 0 0 -1
    outer loop
      vertex 12.7499 32.1858 0
      vertex 4.68942 42.2152 0
      vertex 12.7213 32.4391 0
    endloop
  endfacet
  facet normal 0 0 -1
    outer loop
      vertex 12.7213 32.4391 0
      vertex 4.68942 42.2152 0
      vertex 12.7119 32.5581 0
    endloop
  endfacet
  facet normal 0 0 -1
    outer loop
      vertex -5 10.4636 0
      vertex -4.84337 42.1845 0
      vertex -4.84337 10.4534 0
    endloop
  endfacet
  facet normal 0 0 -1
    outer loop
      vertex -5 10.4636 0
      vertex -5 42.1743 0
      vertex -4.84337 42.1845 0
    endloop
  endfacet
  facet normal 0 0 -1
    outer loop
      vertex -5.15663 10.4534 0
      vertex -5 42.1743 0
      vertex -5 10.4636 0
    endloop
  endfacet
  facet normal 0 0 -1
    outer loop
      vertex -5.15663 10.4534 0
      vertex -5.15663 42.1845 0
      vertex -5 42.1743 0
    endloop
  endfacet
  facet normal 0 0 -1
    outer loop
      vertex -5.31058 10.4228 0
      vertex -5.15663 42.1845 0
      vertex -5.15663 10.4534 0
    endloop
  endfacet
  facet normal 0 0 -1
    outer loop
      vertex -5.31058 10.4228 0
      vertex -5.31058 42.2152 0
      vertex -5.15663 42.1845 0
    endloop
  endfacet
  facet normal 0 0 -1
    outer loop
      vertex -5.45922 10.3723 0
      vertex -5.31058 42.2152 0
      vertex -5.31058 10.4228 0
    endloop
  endfacet
  facet normal 0 0 -1
    outer loop
      vertex -5.45922 10.3723 0
      vertex -5.45922 42.2656 0
      vertex -5.31058 42.2152 0
    endloop
  endfacet
  facet normal 0 0 -1
    outer loop
      vertex -5.6 10.3029 0
      vertex -5.45922 42.2656 0
      vertex -5.45922 10.3723 0
    endloop
  endfacet
  facet normal 0 0 -1
    outer loop
      vertex -5.6 10.3029 0
      vertex -5.6 42.335 0
      vertex -5.45922 42.2656 0
    endloop
  endfacet
  facet normal 0 0 -1
    outer loop
      vertex -5.73051 10.2157 0
      vertex -5.6 42.335 0
      vertex -5.6 10.3029 0
    endloop
  endfacet
  facet normal 0 0 -1
    outer loop
      vertex -5.73051 10.2157 0
      vertex -5.73051 42.4222 0
      vertex -5.6 42.335 0
    endloop
  endfacet
  facet normal 0 0 -1
    outer loop
      vertex -5.84853 10.1122 0
      vertex -5.73051 42.4222 0
      vertex -5.73051 10.2157 0
    endloop
  endfacet
  facet normal 0 0 -1
    outer loop
      vertex -5.84853 10.1122 0
      vertex -5.84853 42.5257 0
      vertex -5.73051 42.4222 0
    endloop
  endfacet
  facet normal 0 0 -1
    outer loop
      vertex -5.95202 9.99415 0
      vertex -5.84853 42.5257 0
      vertex -5.84853 10.1122 0
    endloop
  endfacet
  facet normal 0 0 -1
    outer loop
      vertex -5.95202 9.99415 0
      vertex -5.95202 42.6438 0
      vertex -5.84853 42.5257 0
    endloop
  endfacet
  facet normal 0 0 -1
    outer loop
      vertex -6.03923 9.86364 0
      vertex -5.95202 42.6438 0
      vertex -5.95202 9.99415 0
    endloop
  endfacet
  facet normal 0 0 -1
    outer loop
      vertex -6.03923 9.86364 0
      vertex -6.03923 42.7743 0
      vertex -5.95202 42.6438 0
    endloop
  endfacet
  facet normal 0 0 -1
    outer loop
      vertex -6.10865 9.72286 0
      vertex -6.03923 42.7743 0
      vertex -6.03923 9.86364 0
    endloop
  endfacet
  facet normal 0 0 -1
    outer loop
      vertex -6.10865 9.72286 0
      vertex -6.10865 42.9151 0
      vertex -6.03923 42.7743 0
    endloop
  endfacet
  facet normal 0 0 -1
    outer loop
      vertex -6.15911 9.57422 0
      vertex -6.10865 42.9151 0
      vertex -6.10865 9.72286 0
    endloop
  endfacet
  facet normal 0 0 -1
    outer loop
      vertex -6.15911 9.57422 0
      vertex -6.15911 43.0637 0
      vertex -6.10865 42.9151 0
    endloop
  endfacet
  facet normal 0 0 -1
    outer loop
      vertex -6.18973 9.42027 0
      vertex -6.15911 43.0637 0
      vertex -6.15911 9.57422 0
    endloop
  endfacet
  facet normal 0 0 -1
    outer loop
      vertex -6.18973 9.42027 0
      vertex -6.18973 43.2176 0
      vertex -6.15911 43.0637 0
    endloop
  endfacet
  facet normal 0 0 -1
    outer loop
      vertex -6.2 9.26364 0
      vertex -6.18973 43.2176 0
      vertex -6.18973 9.42027 0
    endloop
  endfacet
  facet normal -0 0 -1
    outer loop
      vertex -6.18973 43.2176 0
      vertex -6.2 9.26364 0
      vertex -6.2 43.3743 0
    endloop
  endfacet
  facet normal -0 -0 -1
    outer loop
      vertex 4.84337 42.1845 0
      vertex 12.7119 32.5581 0
      vertex 4.68942 42.2152 0
    endloop
  endfacet
  facet normal 0 0 -1
    outer loop
      vertex 12.7119 32.5581 0
      vertex 4.84337 42.1845 0
      vertex 12.7165 32.7935 0
    endloop
  endfacet
  facet normal 0 0 -1
    outer loop
      vertex -3.84089 -24.5364 0
      vertex -3.81027 9.10701 0
      vertex -3.81027 -24.6904 0
    endloop
  endfacet
  facet normal 0 0 -1
    outer loop
      vertex -3.84089 -24.5364 0
      vertex -3.84089 8.95306 0
      vertex -3.81027 9.10701 0
    endloop
  endfacet
  facet normal 0 0 -1
    outer loop
      vertex -3.89135 -24.3878 0
      vertex -3.84089 8.95306 0
      vertex -3.84089 -24.5364 0
    endloop
  endfacet
  facet normal 0 0 -1
    outer loop
      vertex -3.89135 -24.3878 0
      vertex -3.89135 8.80442 0
      vertex -3.84089 8.95306 0
    endloop
  endfacet
  facet normal 0 0 -1
    outer loop
      vertex -3.96077 -24.247 0
      vertex -3.89135 8.80442 0
      vertex -3.89135 -24.3878 0
    endloop
  endfacet
  facet normal 0 0 -1
    outer loop
      vertex -3.96077 -24.247 0
      vertex -3.96077 8.66364 0
      vertex -3.89135 8.80442 0
    endloop
  endfacet
  facet normal 0 0 -1
    outer loop
      vertex -4.04798 -24.1165 0
      vertex -3.96077 8.66364 0
      vertex -3.96077 -24.247 0
    endloop
  endfacet
  facet normal 0 0 -1
    outer loop
      vertex -4.04798 -24.1165 0
      vertex -4.04798 8.53313 0
      vertex -3.96077 8.66364 0
    endloop
  endfacet
  facet normal 0 0 -1
    outer loop
      vertex -4.15147 -23.9985 0
      vertex -4.04798 8.53313 0
      vertex -4.04798 -24.1165 0
    endloop
  endfacet
  facet normal 0 0 -1
    outer loop
      vertex -4.15147 -23.9985 0
      vertex -4.15147 8.41511 0
      vertex -4.04798 8.53313 0
    endloop
  endfacet
  facet normal 0 0 -1
    outer loop
      vertex -4.26949 -23.895 0
      vertex -4.15147 8.41511 0
      vertex -4.15147 -23.9985 0
    endloop
  endfacet
  facet normal 0 0 -1
    outer loop
      vertex -4.26949 -23.895 0
      vertex -4.26949 8.31162 0
      vertex -4.15147 8.41511 0
    endloop
  endfacet
  facet normal 0 0 -1
    outer loop
      vertex -4.4 -23.8078 0
      vertex -4.26949 8.31162 0
      vertex -4.26949 -23.895 0
    endloop
  endfacet
  facet normal 0 0 -1
    outer loop
      vertex -4.4 -23.8078 0
      vertex -4.4 8.22441 0
      vertex -4.26949 8.31162 0
    endloop
  endfacet
  facet normal 0 0 -1
    outer loop
      vertex -4.54078 -23.7383 0
      vertex -4.4 8.22441 0
      vertex -4.4 -23.8078 0
    endloop
  endfacet
  facet normal 0 0 -1
    outer loop
      vertex -4.54078 -23.7383 0
      vertex -4.54078 8.15499 0
      vertex -4.4 8.22441 0
    endloop
  endfacet
  facet normal 0 0 -1
    outer loop
      vertex -4.68942 -23.6879 0
      vertex -4.54078 8.15499 0
      vertex -4.54078 -23.7383 0
    endloop
  endfacet
  facet normal 0 0 -1
    outer loop
      vertex -4.68942 -23.6879 0
      vertex -4.68942 8.10453 0
      vertex -4.54078 8.15499 0
    endloop
  endfacet
  facet normal 0 0 -1
    outer loop
      vertex -4.84337 -23.6573 0
      vertex -4.68942 8.10453 0
      vertex -4.68942 -23.6879 0
    endloop
  endfacet
  facet normal 0 0 -1
    outer loop
      vertex -4.84337 -23.6573 0
      vertex -4.84337 8.07391 0
      vertex -4.68942 8.10453 0
    endloop
  endfacet
  facet normal 0 0 -1
    outer loop
      vertex -5 -23.647 0
      vertex -4.84337 8.07391 0
      vertex -4.84337 -23.6573 0
    endloop
  endfacet
  facet normal 0 0 -1
    outer loop
      vertex -5 -23.647 0
      vertex -5 8.06364 0
      vertex -4.84337 8.07391 0
    endloop
  endfacet
  facet normal 0 0 -1
    outer loop
      vertex -5.15663 -23.6573 0
      vertex -5 8.06364 0
      vertex -5 -23.647 0
    endloop
  endfacet
  facet normal 0 0 -1
    outer loop
      vertex -5.15663 -23.6573 0
      vertex -5.15663 8.07391 0
      vertex -5 8.06364 0
    endloop
  endfacet
  facet normal 0 0 -1
    outer loop
      vertex -5.31058 -23.6879 0
      vertex -5.15663 8.07391 0
      vertex -5.15663 -23.6573 0
    endloop
  endfacet
  facet normal 0 0 -1
    outer loop
      vertex -5.31058 -23.6879 0
      vertex -5.31058 8.10453 0
      vertex -5.15663 8.07391 0
    endloop
  endfacet
  facet normal 0 0 -1
    outer loop
      vertex -5.45922 -23.7383 0
      vertex -5.31058 8.10453 0
      vertex -5.31058 -23.6879 0
    endloop
  endfacet
  facet normal 0 0 -1
    outer loop
      vertex -5.45922 -23.7383 0
      vertex -5.45922 8.15499 0
      vertex -5.31058 8.10453 0
    endloop
  endfacet
  facet normal 0 0 -1
    outer loop
      vertex -5.6 -23.8078 0
      vertex -5.45922 8.15499 0
      vertex -5.45922 -23.7383 0
    endloop
  endfacet
  facet normal 0 0 -1
    outer loop
      vertex -5.6 -23.8078 0
      vertex -5.6 8.22441 0
      vertex -5.45922 8.15499 0
    endloop
  endfacet
  facet normal 0 0 -1
    outer loop
      vertex -5.73051 -23.895 0
      vertex -5.6 8.22441 0
      vertex -5.6 -23.8078 0
    endloop
  endfacet
  facet normal 0 0 -1
    outer loop
      vertex -5.73051 -23.895 0
      vertex -5.73051 8.31162 0
      vertex -5.6 8.22441 0
    endloop
  endfacet
  facet normal 0 0 -1
    outer loop
      vertex -5.84853 -23.9985 0
      vertex -5.73051 8.31162 0
      vertex -5.73051 -23.895 0
    endloop
  endfacet
  facet normal 0 0 -1
    outer loop
      vertex -5.84853 -23.9985 0
      vertex -5.84853 8.41511 0
      vertex -5.73051 8.31162 0
    endloop
  endfacet
  facet normal 0 0 -1
    outer loop
      vertex -5.95202 -24.1165 0
      vertex -5.84853 8.41511 0
      vertex -5.84853 -23.9985 0
    endloop
  endfacet
  facet normal 0 0 -1
    outer loop
      vertex -5.95202 -24.1165 0
      vertex -5.95202 8.53313 0
      vertex -5.84853 8.41511 0
    endloop
  endfacet
  facet normal 0 0 -1
    outer loop
      vertex -6.03923 -24.247 0
      vertex -5.95202 8.53313 0
      vertex -5.95202 -24.1165 0
    endloop
  endfacet
  facet normal 0 0 -1
    outer loop
      vertex -6.03923 -24.247 0
      vertex -6.03923 8.66364 0
      vertex -5.95202 8.53313 0
    endloop
  endfacet
  facet normal 0 0 -1
    outer loop
      vertex -6.10865 -24.3878 0
      vertex -6.03923 8.66364 0
      vertex -6.03923 -24.247 0
    endloop
  endfacet
  facet normal 0 0 -1
    outer loop
      vertex -6.10865 -24.3878 0
      vertex -6.10865 8.80442 0
      vertex -6.03923 8.66364 0
    endloop
  endfacet
  facet normal 0 0 -1
    outer loop
      vertex -6.15911 -24.5364 0
      vertex -6.10865 8.80442 0
      vertex -6.10865 -24.3878 0
    endloop
  endfacet
  facet normal 0 0 -1
    outer loop
      vertex -6.15911 -24.5364 0
      vertex -6.15911 8.95306 0
      vertex -6.10865 8.80442 0
    endloop
  endfacet
  facet normal 0 0 -1
    outer loop
      vertex -6.18973 -24.6904 0
      vertex -6.15911 8.95306 0
      vertex -6.15911 -24.5364 0
    endloop
  endfacet
  facet normal 0 0 -1
    outer loop
      vertex -6.18973 -24.6904 0
      vertex -6.18973 9.10701 0
      vertex -6.15911 8.95306 0
    endloop
  endfacet
  facet normal 0 0 -1
    outer loop
      vertex -6.2 -24.847 0
      vertex -6.18973 9.10701 0
      vertex -6.18973 -24.6904 0
    endloop
  endfacet
  facet normal -0 0 -1
    outer loop
      vertex -6.18973 9.10701 0
      vertex -6.2 -24.847 0
      vertex -6.2 9.26364 0
    endloop
  endfacet
  facet normal 0 0 -1
    outer loop
      vertex 5.31058 10.4228 0
      vertex 12.7779 32.0133 0
      vertex 5.45922 10.3723 0
    endloop
  endfacet
  facet normal 0 0 -1
    outer loop
      vertex 15.2277 35.7856 0
      vertex 6.2 43.3743 0
      vertex 6.18973 43.5309 0
    endloop
  endfacet
  facet normal 0 0 -1
    outer loop
      vertex 5.15663 10.4534 0
      vertex 12.7779 32.0133 0
      vertex 5.31058 10.4228 0
    endloop
  endfacet
  facet normal 0 0 -1
    outer loop
      vertex 15.2277 35.7856 0
      vertex 6.18973 43.2176 0
      vertex 6.2 43.3743 0
    endloop
  endfacet
  facet normal 0 0 -1
    outer loop
      vertex 14.5962 35.5784 0
      vertex 6.10865 42.9151 0
      vertex 6.15911 43.0637 0
    endloop
  endfacet
  facet normal 0 0 -1
    outer loop
      vertex 14.8156 35.664 0
      vertex 6.15911 43.0637 0
      vertex 6.18973 43.2176 0
    endloop
  endfacet
  facet normal 0 0 -1
    outer loop
      vertex 5 10.4636 0
      vertex 12.7779 32.0133 0
      vertex 5.15663 10.4534 0
    endloop
  endfacet
  facet normal 0 0 -1
    outer loop
      vertex 14.2483 35.3912 0
      vertex 6.03923 42.7743 0
      vertex 6.10865 42.9151 0
    endloop
  endfacet
  facet normal 0 0 -1
    outer loop
      vertex 4.84337 10.4534 0
      vertex 12.7779 32.0133 0
      vertex 5 10.4636 0
    endloop
  endfacet
  facet normal 0 0 -1
    outer loop
      vertex 14.05 35.2643 0
      vertex 5.95202 42.6438 0
      vertex 6.03923 42.7743 0
    endloop
  endfacet
  facet normal 0 0 -1
    outer loop
      vertex 4.68942 10.4228 0
      vertex 12.7779 32.0133 0
      vertex 4.84337 10.4534 0
    endloop
  endfacet
  facet normal 0 0 -1
    outer loop
      vertex 13.7438 35.0104 0
      vertex 5.84853 42.5257 0
      vertex 5.95202 42.6438 0
    endloop
  endfacet
  facet normal 0 0 -1
    outer loop
      vertex -4.68942 10.4228 0
      vertex 12.7779 32.0133 0
      vertex 4.68942 10.4228 0
    endloop
  endfacet
  facet normal 0 0 -1
    outer loop
      vertex 13.5004 34.7599 0
      vertex 5.73051 42.4222 0
      vertex 5.84853 42.5257 0
    endloop
  endfacet
  facet normal 0 0 -1
    outer loop
      vertex -4.84337 10.4534 0
      vertex 12.7779 32.0133 0
      vertex -4.68942 10.4228 0
    endloop
  endfacet
  facet normal 0 0 -1
    outer loop
      vertex 13.3297 34.546 0
      vertex 5.6 42.335 0
      vertex 5.73051 42.4222 0
    endloop
  endfacet
  facet normal 0 0 -1
    outer loop
      vertex -4.84337 42.1845 0
      vertex 12.7779 32.0133 0
      vertex -4.84337 10.4534 0
    endloop
  endfacet
  facet normal 0 0 -1
    outer loop
      vertex 13.1383 34.2513 0
      vertex 5.45922 42.2656 0
      vertex 5.6 42.335 0
    endloop
  endfacet
  facet normal 0 -0 -1
    outer loop
      vertex -4.68942 42.2152 0
      vertex 12.7779 32.0133 0
      vertex -4.84337 42.1845 0
    endloop
  endfacet
  facet normal 0 0 -1
    outer loop
      vertex 13.0124 34.0084 0
      vertex 5.31058 42.2152 0
      vertex 5.45922 42.2656 0
    endloop
  endfacet
  facet normal 0 -0 -1
    outer loop
      vertex -4.54078 42.2656 0
      vertex 12.7779 32.0133 0
      vertex -4.68942 42.2152 0
    endloop
  endfacet
  facet normal 0 0 -1
    outer loop
      vertex 12.8825 33.6841 0
      vertex 5.15663 42.1845 0
      vertex 5.31058 42.2152 0
    endloop
  endfacet
  facet normal 0 0 -1
    outer loop
      vertex 12.7779 32.0133 0
      vertex -4.54078 42.2656 0
      vertex 12.7499 32.1858 0
    endloop
  endfacet
  facet normal 0 0 -1
    outer loop
      vertex 12.7544 33.1899 0
      vertex 5.15663 42.1845 0
      vertex 12.8054 33.4197 0
    endloop
  endfacet
  facet normal -0 -0 -1
    outer loop
      vertex 4.54078 42.2656 0
      vertex 12.7499 32.1858 0
      vertex -4.54078 42.2656 0
    endloop
  endfacet
  facet normal 0 -0 -1
    outer loop
      vertex 5.15663 42.1845 0
      vertex 12.7544 33.1899 0
      vertex 5 42.1743 0
    endloop
  endfacet
  facet normal -0 -0 -1
    outer loop
      vertex 4.68942 42.2152 0
      vertex 12.7499 32.1858 0
      vertex 4.54078 42.2656 0
    endloop
  endfacet
  facet normal 0 0 -1
    outer loop
      vertex 12.7399 33.0685 0
      vertex 5 42.1743 0
      vertex 12.7544 33.1899 0
    endloop
  endfacet
  facet normal 0 0 -1
    outer loop
      vertex 4.26949 10.2157 0
      vertex -4.26949 10.2157 0
      vertex 4.4 10.3029 0
    endloop
  endfacet
  facet normal 0 0 -1
    outer loop
      vertex -4.4 10.3029 0
      vertex 4.4 10.3029 0
      vertex -4.26949 10.2157 0
    endloop
  endfacet
  facet normal 0 0 -1
    outer loop
      vertex -3.96077 9.86364 0
      vertex 3.96077 9.86364 0
      vertex -3.89135 9.72286 0
    endloop
  endfacet
  facet normal 0 0 -1
    outer loop
      vertex 3.96077 9.86364 0
      vertex -3.96077 9.86364 0
      vertex 4.04798 9.99415 0
    endloop
  endfacet
  facet normal 0 0 -1
    outer loop
      vertex 3.89135 9.72286 0
      vertex -3.89135 9.72286 0
      vertex 3.96077 9.86364 0
    endloop
  endfacet
  facet normal 0 0 -1
    outer loop
      vertex -4.04798 9.99415 0
      vertex 4.04798 9.99415 0
      vertex -3.96077 9.86364 0
    endloop
  endfacet
  facet normal 0 0 -1
    outer loop
      vertex -3.89135 9.72286 0
      vertex 3.89135 9.72286 0
      vertex -3.84089 9.57422 0
    endloop
  endfacet
  facet normal 0 0 -1
    outer loop
      vertex 4.04798 9.99415 0
      vertex -4.04798 9.99415 0
      vertex 4.15147 10.1122 0
    endloop
  endfacet
  facet normal 0 0 -1
    outer loop
      vertex 3.84089 9.57422 0
      vertex -3.84089 9.57422 0
      vertex 3.89135 9.72286 0
    endloop
  endfacet
  facet normal 0 0 -1
    outer loop
      vertex -4.15147 10.1122 0
      vertex 4.15147 10.1122 0
      vertex -4.04798 9.99415 0
    endloop
  endfacet
  facet normal 0 0 -1
    outer loop
      vertex -3.84089 9.57422 0
      vertex 3.84089 9.57422 0
      vertex -3.81027 9.42027 0
    endloop
  endfacet
  facet normal 0 0 -1
    outer loop
      vertex 4.15147 10.1122 0
      vertex -4.15147 10.1122 0
      vertex 4.26949 10.2157 0
    endloop
  endfacet
  facet normal 0 0 -1
    outer loop
      vertex 3.81027 9.42027 0
      vertex -3.81027 9.42027 0
      vertex 3.84089 9.57422 0
    endloop
  endfacet
  facet normal 0 0 -1
    outer loop
      vertex -4.26949 10.2157 0
      vertex 4.26949 10.2157 0
      vertex -4.15147 10.1122 0
    endloop
  endfacet
  facet normal 0 0 -1
    outer loop
      vertex -3.81027 9.42027 0
      vertex 3.81027 9.42027 0
      vertex -3.8 9.26364 0
    endloop
  endfacet
  facet normal 0 0 -1
    outer loop
      vertex 4.4 10.3029 0
      vertex -4.4 10.3029 0
      vertex 4.54078 10.3723 0
    endloop
  endfacet
  facet normal 0 0 -1
    outer loop
      vertex 3.8 9.26364 0
      vertex -3.8 9.26364 0
      vertex 3.81027 9.42027 0
    endloop
  endfacet
  facet normal 0 0 -1
    outer loop
      vertex -4.54078 10.3723 0
      vertex 4.54078 10.3723 0
      vertex -4.4 10.3029 0
    endloop
  endfacet
  facet normal 0 0 -1
    outer loop
      vertex 3.84089 8.95306 0
      vertex -3.81027 9.10701 0
      vertex 3.81027 9.10701 0
    endloop
  endfacet
  facet normal 0 0 -1
    outer loop
      vertex 3.81027 9.10701 0
      vertex -3.81027 9.10701 0
      vertex 3.8 9.26364 0
    endloop
  endfacet
  facet normal 0 0 -1
    outer loop
      vertex 6.03923 9.86364 0
      vertex 12.7779 32.0133 0
      vertex 6.10865 9.72286 0
    endloop
  endfacet
  facet normal 0 0 -1
    outer loop
      vertex 5.95202 9.99415 0
      vertex 12.7779 32.0133 0
      vertex 6.03923 9.86364 0
    endloop
  endfacet
  facet normal 0 0 -1
    outer loop
      vertex 7.84331 -30.2766 0
      vertex 6.15911 -24.5364 0
      vertex 6.15911 8.95306 0
    endloop
  endfacet
  facet normal 0 0 -1
    outer loop
      vertex 7.84331 -30.2766 0
      vertex 6.15911 8.95306 0
      vertex 6.18973 9.10701 0
    endloop
  endfacet
  facet normal 0 0 -1
    outer loop
      vertex 6.10865 -24.3878 0
      vertex 6.15911 8.95306 0
      vertex 6.15911 -24.5364 0
    endloop
  endfacet
  facet normal 0 0 -1
    outer loop
      vertex 6.10865 -24.3878 0
      vertex 6.10865 8.80442 0
      vertex 6.15911 8.95306 0
    endloop
  endfacet
  facet normal 0 0 -1
    outer loop
      vertex 6.03923 -24.247 0
      vertex 6.10865 8.80442 0
      vertex 6.10865 -24.3878 0
    endloop
  endfacet
  facet normal 0 0 -1
    outer loop
      vertex 6.03923 -24.247 0
      vertex 6.03923 8.66364 0
      vertex 6.10865 8.80442 0
    endloop
  endfacet
  facet normal 0 0 -1
    outer loop
      vertex 5.95202 -24.1165 0
      vertex 6.03923 8.66364 0
      vertex 6.03923 -24.247 0
    endloop
  endfacet
  facet normal 0 0 -1
    outer loop
      vertex 5.95202 -24.1165 0
      vertex 5.95202 8.53313 0
      vertex 6.03923 8.66364 0
    endloop
  endfacet
  facet normal 0 0 -1
    outer loop
      vertex 5.84853 -23.9985 0
      vertex 5.95202 8.53313 0
      vertex 5.95202 -24.1165 0
    endloop
  endfacet
  facet normal 0 0 -1
    outer loop
      vertex 5.84853 -23.9985 0
      vertex 5.84853 8.41511 0
      vertex 5.95202 8.53313 0
    endloop
  endfacet
  facet normal 0 0 -1
    outer loop
      vertex 5.73051 -23.895 0
      vertex 5.84853 8.41511 0
      vertex 5.84853 -23.9985 0
    endloop
  endfacet
  facet normal 0 0 -1
    outer loop
      vertex 5.73051 -23.895 0
      vertex 5.73051 8.31162 0
      vertex 5.84853 8.41511 0
    endloop
  endfacet
  facet normal 0 0 -1
    outer loop
      vertex 5.6 -23.8078 0
      vertex 5.73051 8.31162 0
      vertex 5.73051 -23.895 0
    endloop
  endfacet
  facet normal 0 0 -1
    outer loop
      vertex 5.6 -23.8078 0
      vertex 5.6 8.22441 0
      vertex 5.73051 8.31162 0
    endloop
  endfacet
  facet normal 0 0 -1
    outer loop
      vertex 5.45922 -23.7383 0
      vertex 5.6 8.22441 0
      vertex 5.6 -23.8078 0
    endloop
  endfacet
  facet normal 0 0 -1
    outer loop
      vertex 5.45922 -23.7383 0
      vertex 5.45922 8.15499 0
      vertex 5.6 8.22441 0
    endloop
  endfacet
  facet normal 0 0 -1
    outer loop
      vertex 5.31058 -23.6879 0
      vertex 5.45922 8.15499 0
      vertex 5.45922 -23.7383 0
    endloop
  endfacet
  facet normal 0 0 -1
    outer loop
      vertex 5.31058 -23.6879 0
      vertex 5.31058 8.10453 0
      vertex 5.45922 8.15499 0
    endloop
  endfacet
  facet normal 0 0 -1
    outer loop
      vertex 5.15663 -23.6573 0
      vertex 5.31058 8.10453 0
      vertex 5.31058 -23.6879 0
    endloop
  endfacet
  facet normal 0 0 -1
    outer loop
      vertex 5.15663 -23.6573 0
      vertex 5.15663 8.07391 0
      vertex 5.31058 8.10453 0
    endloop
  endfacet
  facet normal 0 0 -1
    outer loop
      vertex 5 -23.647 0
      vertex 5.15663 8.07391 0
      vertex 5.15663 -23.6573 0
    endloop
  endfacet
  facet normal 0 0 -1
    outer loop
      vertex 5 -23.647 0
      vertex 5 8.06364 0
      vertex 5.15663 8.07391 0
    endloop
  endfacet
  facet normal 0 0 -1
    outer loop
      vertex 4.84337 -23.6573 0
      vertex 5 8.06364 0
      vertex 5 -23.647 0
    endloop
  endfacet
  facet normal 0 0 -1
    outer loop
      vertex 4.84337 -23.6573 0
      vertex 4.84337 8.07391 0
      vertex 5 8.06364 0
    endloop
  endfacet
  facet normal 0 0 -1
    outer loop
      vertex 4.68942 -23.6879 0
      vertex 4.84337 8.07391 0
      vertex 4.84337 -23.6573 0
    endloop
  endfacet
  facet normal 0 0 -1
    outer loop
      vertex 4.68942 -23.6879 0
      vertex 4.68942 8.10453 0
      vertex 4.84337 8.07391 0
    endloop
  endfacet
  facet normal 0 0 -1
    outer loop
      vertex 4.54078 -23.7383 0
      vertex 4.68942 8.10453 0
      vertex 4.68942 -23.6879 0
    endloop
  endfacet
  facet normal 0 0 -1
    outer loop
      vertex 4.54078 -23.7383 0
      vertex 4.54078 8.15499 0
      vertex 4.68942 8.10453 0
    endloop
  endfacet
  facet normal -0 0 -1
    outer loop
      vertex 4.26949 -23.895 0
      vertex -3.81027 -24.6904 0
      vertex 4.4 -23.8078 0
    endloop
  endfacet
  facet normal -0 0 -1
    outer loop
      vertex 4.4 -23.8078 0
      vertex -3.81027 -24.6904 0
      vertex 4.54078 -23.7383 0
    endloop
  endfacet
  facet normal -0 0 -1
    outer loop
      vertex 4.15147 -23.9985 0
      vertex -3.81027 -24.6904 0
      vertex 4.26949 -23.895 0
    endloop
  endfacet
  facet normal -0 0 -1
    outer loop
      vertex 4.54078 -23.7383 0
      vertex -3.81027 -24.6904 0
      vertex 4.54078 8.15499 0
    endloop
  endfacet
  facet normal -0 0 -1
    outer loop
      vertex 4.04798 -24.1165 0
      vertex -3.81027 -24.6904 0
      vertex 4.15147 -23.9985 0
    endloop
  endfacet
  facet normal 0 0 -1
    outer loop
      vertex -3.81027 9.10701 0
      vertex 4.54078 8.15499 0
      vertex -3.81027 -24.6904 0
    endloop
  endfacet
  facet normal -0 0 -1
    outer loop
      vertex 3.96077 -24.247 0
      vertex -3.81027 -24.6904 0
      vertex 4.04798 -24.1165 0
    endloop
  endfacet
  facet normal 0 0 -1
    outer loop
      vertex 4.54078 8.15499 0
      vertex -3.81027 9.10701 0
      vertex 4.4 8.22441 0
    endloop
  endfacet
  facet normal -0 0 -1
    outer loop
      vertex 3.89135 -24.3878 0
      vertex -3.81027 -24.6904 0
      vertex 3.96077 -24.247 0
    endloop
  endfacet
  facet normal 0 0 -1
    outer loop
      vertex 4.4 8.22441 0
      vertex -3.81027 9.10701 0
      vertex 4.26949 8.31162 0
    endloop
  endfacet
  facet normal -0 0 -1
    outer loop
      vertex 3.84089 -24.5364 0
      vertex -3.81027 -24.6904 0
      vertex 3.89135 -24.3878 0
    endloop
  endfacet
  facet normal 0 0 -1
    outer loop
      vertex 4.26949 8.31162 0
      vertex -3.81027 9.10701 0
      vertex 4.15147 8.41511 0
    endloop
  endfacet
  facet normal 0 0 -1
    outer loop
      vertex 3.81027 -24.6904 0
      vertex -3.81027 -24.6904 0
      vertex 3.84089 -24.5364 0
    endloop
  endfacet
  facet normal 0 0 -1
    outer loop
      vertex 4.15147 8.41511 0
      vertex -3.81027 9.10701 0
      vertex 4.04798 8.53313 0
    endloop
  endfacet
  facet normal 0 0 -1
    outer loop
      vertex -3.81027 -24.6904 0
      vertex 3.81027 -24.6904 0
      vertex -3.8 -24.847 0
    endloop
  endfacet
  facet normal 0 0 -1
    outer loop
      vertex 4.04798 8.53313 0
      vertex -3.81027 9.10701 0
      vertex 3.96077 8.66364 0
    endloop
  endfacet
  facet normal 0 0 -1
    outer loop
      vertex -3.8 -24.847 0
      vertex 3.81027 -24.6904 0
      vertex 3.8 -24.847 0
    endloop
  endfacet
  facet normal 0 0 -1
    outer loop
      vertex 3.96077 8.66364 0
      vertex -3.81027 9.10701 0
      vertex 3.89135 8.80442 0
    endloop
  endfacet
  facet normal 0 0 -1
    outer loop
      vertex -6.80046 -32.6492 0
      vertex 6.80046 -32.6492 0
      vertex 6.81282 -32.9231 0
    endloop
  endfacet
  facet normal 0 0 -1
    outer loop
      vertex 7.84331 -30.2766 0
      vertex 6.18973 -25.0036 0
      vertex 6.2 -24.847 0
    endloop
  endfacet
  facet normal 0 0 -1
    outer loop
      vertex 7.84331 -30.2766 0
      vertex 6.15911 -25.1576 0
      vertex 6.18973 -25.0036 0
    endloop
  endfacet
  facet normal 0 0 -1
    outer loop
      vertex 7.84331 -30.2766 0
      vertex 6.10865 -25.3062 0
      vertex 6.15911 -25.1576 0
    endloop
  endfacet
  facet normal 0 0 -1
    outer loop
      vertex 7.84331 -30.2766 0
      vertex 6.03923 -25.447 0
      vertex 6.10865 -25.3062 0
    endloop
  endfacet
  facet normal 0 0 -1
    outer loop
      vertex 7.84331 -30.2766 0
      vertex 5.95202 -25.5775 0
      vertex 6.03923 -25.447 0
    endloop
  endfacet
  facet normal 0 0 -1
    outer loop
      vertex 7.84331 -30.2766 0
      vertex 5.84853 -25.6955 0
      vertex 5.95202 -25.5775 0
    endloop
  endfacet
  facet normal 0 0 -1
    outer loop
      vertex 7.84331 -30.2766 0
      vertex 5.73051 -25.799 0
      vertex 5.84853 -25.6955 0
    endloop
  endfacet
  facet normal 0 0 -1
    outer loop
      vertex -6.81282 -32.9231 0
      vertex 6.81282 -32.9231 0
      vertex 6.86261 -33.2699 0
    endloop
  endfacet
  facet normal 0 0 -1
    outer loop
      vertex 7.84331 -30.2766 0
      vertex 5.6 -25.8862 0
      vertex 5.73051 -25.799 0
    endloop
  endfacet
  facet normal 0 0 -1
    outer loop
      vertex 7.84331 -30.2766 0
      vertex 5.45922 -25.9556 0
      vertex 5.6 -25.8862 0
    endloop
  endfacet
  facet normal 0 0 -1
    outer loop
      vertex 7.84331 -30.2766 0
      vertex 5.31058 -26.0061 0
      vertex 5.45922 -25.9556 0
    endloop
  endfacet
  facet normal 0 0 -1
    outer loop
      vertex 7.72142 -30.3974 0
      vertex 5.15663 -26.0367 0
      vertex 5.31058 -26.0061 0
    endloop
  endfacet
  facet normal 0 0 -1
    outer loop
      vertex 7.40123 -30.7691 0
      vertex 5 -26.047 0
      vertex 5.15663 -26.0367 0
    endloop
  endfacet
  facet normal 0 0 -1
    outer loop
      vertex -6.86261 -33.2699 0
      vertex 6.86261 -33.2699 0
      vertex 6.92812 -33.5375 0
    endloop
  endfacet
  facet normal 0 0 -1
    outer loop
      vertex 7.33432 -30.8719 0
      vertex 4.84337 -26.0367 0
      vertex 5 -26.047 0
    endloop
  endfacet
  facet normal 0 0 -1
    outer loop
      vertex 7.19159 -31.1082 0
      vertex 4.68942 -26.0061 0
      vertex 4.84337 -26.0367 0
    endloop
  endfacet
  facet normal 0 0 -1
    outer loop
      vertex 7.0833 -31.3172 0
      vertex 4.54078 -25.9556 0
      vertex 4.68942 -26.0061 0
    endloop
  endfacet
  facet normal 0 0 -1
    outer loop
      vertex 6.94481 -31.6919 0
      vertex 4.4 -25.8862 0
      vertex 4.54078 -25.9556 0
    endloop
  endfacet
  facet normal 0 0 -1
    outer loop
      vertex -6.96223 -33.6584 0
      vertex 6.92812 -33.5375 0
      vertex 6.99895 -33.762 0
    endloop
  endfacet
  facet normal 0 0 -1
    outer loop
      vertex 6.86031 -32.0267 0
      vertex 4.26949 -25.799 0
      vertex 4.4 -25.8862 0
    endloop
  endfacet
  facet normal 0 0 -1
    outer loop
      vertex -6.81914 -32.2971 0
      vertex 6.80046 -32.6492 0
      vertex -6.80046 -32.6492 0
    endloop
  endfacet
  facet normal 0 0 -1
    outer loop
      vertex 6.81914 -32.2971 0
      vertex -6.81914 -32.2971 0
      vertex 4.26949 -25.799 0
    endloop
  endfacet
  facet normal 0 0 -1
    outer loop
      vertex 4.26949 -25.799 0
      vertex -4.26949 -25.799 0
      vertex 4.15147 -25.6955 0
    endloop
  endfacet
  facet normal 0 -0 -1
    outer loop
      vertex -4.15147 -25.6955 0
      vertex 4.15147 -25.6955 0
      vertex -4.26949 -25.799 0
    endloop
  endfacet
  facet normal 0 0 -1
    outer loop
      vertex 3.89135 8.80442 0
      vertex -3.81027 9.10701 0
      vertex 3.84089 8.95306 0
    endloop
  endfacet
  facet normal 0 -0 -1
    outer loop
      vertex -3.8 9.26364 0
      vertex 3.8 9.26364 0
      vertex -3.81027 9.10701 0
    endloop
  endfacet
  facet normal 0 0 -1
    outer loop
      vertex 3.81027 -25.0036 0
      vertex -3.8 -24.847 0
      vertex 3.8 -24.847 0
    endloop
  endfacet
  facet normal 0 0 -1
    outer loop
      vertex -3.81027 -25.0036 0
      vertex 3.81027 -25.0036 0
      vertex 3.84089 -25.1576 0
    endloop
  endfacet
  facet normal 0 0 -1
    outer loop
      vertex -3.84089 -25.1576 0
      vertex 3.84089 -25.1576 0
      vertex 3.89135 -25.3062 0
    endloop
  endfacet
  facet normal 0 0 -1
    outer loop
      vertex 4.15147 -25.6955 0
      vertex -4.15147 -25.6955 0
      vertex 4.04798 -25.5775 0
    endloop
  endfacet
  facet normal 0 0 -1
    outer loop
      vertex -7.04855 -33.8775 0
      vertex 6.99895 -33.762 0
      vertex 7.04855 -33.8775 0
    endloop
  endfacet
  facet normal 0 0 -1
    outer loop
      vertex -7.04855 -33.8775 0
      vertex 7.04855 -33.8775 0
      vertex 7.16603 -34.1265 0
    endloop
  endfacet
  facet normal 0 0 -1
    outer loop
      vertex -7.16603 -34.1265 0
      vertex 7.16603 -34.1265 0
      vertex 7.34421 -34.4254 0
    endloop
  endfacet
  facet normal 0 0 -1
    outer loop
      vertex -7.34421 -34.4254 0
      vertex 7.34421 -34.4254 0
      vertex 7.49539 -34.6308 0
    endloop
  endfacet
  facet normal 0 0 -1
    outer loop
      vertex -7.49539 -34.6308 0
      vertex 7.49539 -34.6308 0
      vertex 7.60751 -34.7684 0
    endloop
  endfacet
  facet normal 0 0 -1
    outer loop
      vertex -7.60751 -34.7684 0
      vertex 7.60751 -34.7684 0
      vertex 16.989 -45.1874 0
    endloop
  endfacet
  facet normal 0 0 -1
    outer loop
      vertex 3.81027 -25.0036 0
      vertex -3.81027 -25.0036 0
      vertex -3.8 -24.847 0
    endloop
  endfacet
  facet normal 0 0 -1
    outer loop
      vertex 3.84089 -25.1576 0
      vertex -3.84089 -25.1576 0
      vertex -3.81027 -25.0036 0
    endloop
  endfacet
  facet normal 0 0 -1
    outer loop
      vertex 3.89135 -25.3062 0
      vertex -3.89135 -25.3062 0
      vertex -3.84089 -25.1576 0
    endloop
  endfacet
  facet normal -0 0 -1
    outer loop
      vertex 3.89135 -25.3062 0
      vertex -3.96077 -25.447 0
      vertex -3.89135 -25.3062 0
    endloop
  endfacet
  facet normal 0 0 -1
    outer loop
      vertex 3.96077 -25.447 0
      vertex -3.96077 -25.447 0
      vertex 3.89135 -25.3062 0
    endloop
  endfacet
  facet normal 0 0 -1
    outer loop
      vertex 6.81282 -32.9231 0
      vertex -6.81282 -32.9231 0
      vertex -6.80046 -32.6492 0
    endloop
  endfacet
  facet normal 0 -0 -1
    outer loop
      vertex -4.04798 -25.5775 0
      vertex 4.04798 -25.5775 0
      vertex -4.15147 -25.6955 0
    endloop
  endfacet
  facet normal 0 -0 -1
    outer loop
      vertex -3.96077 -25.447 0
      vertex 3.96077 -25.447 0
      vertex -4.04798 -25.5775 0
    endloop
  endfacet
  facet normal 0 0 -1
    outer loop
      vertex 4.04798 -25.5775 0
      vertex -4.04798 -25.5775 0
      vertex 3.96077 -25.447 0
    endloop
  endfacet
  facet normal -0 0 -1
    outer loop
      vertex 4.26949 -25.799 0
      vertex -6.81914 -32.2971 0
      vertex -4.26949 -25.799 0
    endloop
  endfacet
  facet normal 0 0 -1
    outer loop
      vertex -6.86031 -32.0267 0
      vertex -4.26949 -25.799 0
      vertex -6.81914 -32.2971 0
    endloop
  endfacet
  facet normal 0 0 -1
    outer loop
      vertex -6.94481 -31.6919 0
      vertex -4.4 -25.8862 0
      vertex -6.86031 -32.0267 0
    endloop
  endfacet
  facet normal 0 0 -1
    outer loop
      vertex -4.4 -25.8862 0
      vertex -6.94481 -31.6919 0
      vertex -4.54078 -25.9556 0
    endloop
  endfacet
  facet normal 0 0 -1
    outer loop
      vertex -7.03734 -31.433 0
      vertex -4.54078 -25.9556 0
      vertex -6.94481 -31.6919 0
    endloop
  endfacet
  facet normal 0 0 -1
    outer loop
      vertex -4.54078 -25.9556 0
      vertex -7.03734 -31.433 0
      vertex -4.68942 -26.0061 0
    endloop
  endfacet
  facet normal 0 0 -1
    outer loop
      vertex -7.13092 -31.2169 0
      vertex -4.68942 -26.0061 0
      vertex -7.03734 -31.433 0
    endloop
  endfacet
  facet normal 0 0 -1
    outer loop
      vertex -4.68942 -26.0061 0
      vertex -7.13092 -31.2169 0
      vertex -4.84337 -26.0367 0
    endloop
  endfacet
  facet normal 0 0 -1
    outer loop
      vertex -7.84331 -30.2766 0
      vertex -5.31058 -26.0061 0
      vertex -7.72142 -30.3974 0
    endloop
  endfacet
  facet normal -0 0 -1
    outer loop
      vertex -5.31058 -26.0061 0
      vertex -7.84331 -30.2766 0
      vertex -5.45922 -25.9556 0
    endloop
  endfacet
  facet normal -0 0 -1
    outer loop
      vertex -5.15663 -26.0367 0
      vertex -7.72142 -30.3974 0
      vertex -5.31058 -26.0061 0
    endloop
  endfacet
  facet normal 0 0 -1
    outer loop
      vertex -7.72142 -30.3974 0
      vertex -5.15663 -26.0367 0
      vertex -7.54872 -30.5856 0
    endloop
  endfacet
  facet normal 0 0 -1
    outer loop
      vertex -7.54872 -30.5856 0
      vertex -5.15663 -26.0367 0
      vertex -7.46898 -30.6787 0
    endloop
  endfacet
  facet normal -0 0 -1
    outer loop
      vertex -5 -26.047 0
      vertex -7.46898 -30.6787 0
      vertex -5.15663 -26.0367 0
    endloop
  endfacet
  facet normal 0 0 -1
    outer loop
      vertex -7.46898 -30.6787 0
      vertex -5 -26.047 0
      vertex -7.33432 -30.8719 0
    endloop
  endfacet
  facet normal 0 0 -1
    outer loop
      vertex -4.84337 -26.0367 0
      vertex -7.33432 -30.8719 0
      vertex -5 -26.047 0
    endloop
  endfacet
  facet normal 0 0 -1
    outer loop
      vertex -7.33432 -30.8719 0
      vertex -4.84337 -26.0367 0
      vertex -7.19159 -31.1082 0
    endloop
  endfacet
  facet normal 0 0 -1
    outer loop
      vertex -7.19159 -31.1082 0
      vertex -4.84337 -26.0367 0
      vertex -7.13092 -31.2169 0
    endloop
  endfacet
  facet normal 0 0 -1
    outer loop
      vertex -4.26949 -25.799 0
      vertex -6.86031 -32.0267 0
      vertex -4.4 -25.8862 0
    endloop
  endfacet
  facet normal 0 0 -1
    outer loop
      vertex 6.86261 -33.2699 0
      vertex -6.86261 -33.2699 0
      vertex -6.81282 -32.9231 0
    endloop
  endfacet
  facet normal 0 0 -1
    outer loop
      vertex 6.92812 -33.5375 0
      vertex -6.92812 -33.5375 0
      vertex -6.86261 -33.2699 0
    endloop
  endfacet
  facet normal -0 0 -1
    outer loop
      vertex 6.92812 -33.5375 0
      vertex -6.96223 -33.6584 0
      vertex -6.92812 -33.5375 0
    endloop
  endfacet
  facet normal -0 0 -1
    outer loop
      vertex 6.99895 -33.762 0
      vertex -7.04855 -33.8775 0
      vertex -6.96223 -33.6584 0
    endloop
  endfacet
  facet normal 0 0 -1
    outer loop
      vertex 7.16603 -34.1265 0
      vertex -7.16603 -34.1265 0
      vertex -7.04855 -33.8775 0
    endloop
  endfacet
  facet normal 0 0 -1
    outer loop
      vertex 7.34421 -34.4254 0
      vertex -7.34421 -34.4254 0
      vertex -7.16603 -34.1265 0
    endloop
  endfacet
  facet normal 0 0 -1
    outer loop
      vertex 7.49539 -34.6308 0
      vertex -7.49539 -34.6308 0
      vertex -7.34421 -34.4254 0
    endloop
  endfacet
  facet normal 0 0 -1
    outer loop
      vertex 7.60751 -34.7684 0
      vertex -7.60751 -34.7684 0
      vertex -7.49539 -34.6308 0
    endloop
  endfacet
  facet normal 0 -0 -1
    outer loop
      vertex -7.60751 -34.7684 0
      vertex 16.989 -45.1874 0
      vertex -16.989 -45.1874 0
    endloop
  endfacet
  facet normal 0 0 1
    outer loop
      vertex 7.08203 -24.5729 2.4
      vertex 12.7119 32.5581 2.4
      vertex 7.08203 8.98954 2.4
    endloop
  endfacet
  facet normal 0 0 1
    outer loop
      vertex 12.7119 32.5581 2.4
      vertex 7.08203 -24.5729 2.4
      vertex 7.1 -24.847 2.4
    endloop
  endfacet
  facet normal -0 0 1
    outer loop
      vertex 7.02844 8.72012 2.4
      vertex 7.08203 -24.5729 2.4
      vertex 7.08203 8.98954 2.4
    endloop
  endfacet
  facet normal 0 0 1
    outer loop
      vertex 7.02844 8.72012 2.4
      vertex 7.02844 -24.3035 2.4
      vertex 7.08203 -24.5729 2.4
    endloop
  endfacet
  facet normal -0 0 1
    outer loop
      vertex 6.94015 8.46001 2.4
      vertex 7.02844 -24.3035 2.4
      vertex 7.02844 8.72012 2.4
    endloop
  endfacet
  facet normal 0 0 1
    outer loop
      vertex 6.94015 8.46001 2.4
      vertex 6.94015 -24.0434 2.4
      vertex 7.02844 -24.3035 2.4
    endloop
  endfacet
  facet normal -0 0 1
    outer loop
      vertex 6.81865 8.21364 2.4
      vertex 6.94015 -24.0434 2.4
      vertex 6.94015 8.46001 2.4
    endloop
  endfacet
  facet normal 0 0 1
    outer loop
      vertex 6.81865 8.21364 2.4
      vertex 6.81865 -23.797 2.4
      vertex 6.94015 -24.0434 2.4
    endloop
  endfacet
  facet normal -0 0 1
    outer loop
      vertex 6.66604 7.98524 2.4
      vertex 6.81865 -23.797 2.4
      vertex 6.81865 8.21364 2.4
    endloop
  endfacet
  facet normal 0 0 1
    outer loop
      vertex 6.66604 7.98524 2.4
      vertex 6.66604 -23.5686 2.4
      vertex 6.81865 -23.797 2.4
    endloop
  endfacet
  facet normal -0 0 1
    outer loop
      vertex 6.48492 7.77872 2.4
      vertex 6.66604 -23.5686 2.4
      vertex 6.66604 7.98524 2.4
    endloop
  endfacet
  facet normal 0 0 1
    outer loop
      vertex 6.48492 7.77872 2.4
      vertex 6.48492 -23.3621 2.4
      vertex 6.66604 -23.5686 2.4
    endloop
  endfacet
  facet normal -0 0 1
    outer loop
      vertex 6.2784 7.5976 2.4
      vertex 6.48492 -23.3621 2.4
      vertex 6.48492 7.77872 2.4
    endloop
  endfacet
  facet normal 0 0 1
    outer loop
      vertex 6.2784 7.5976 2.4
      vertex 6.2784 -23.181 2.4
      vertex 6.48492 -23.3621 2.4
    endloop
  endfacet
  facet normal -0 0 1
    outer loop
      vertex 6.05 7.44499 2.4
      vertex 6.2784 -23.181 2.4
      vertex 6.2784 7.5976 2.4
    endloop
  endfacet
  facet normal 0 0 1
    outer loop
      vertex 6.05 7.44499 2.4
      vertex 6.05 -23.0283 2.4
      vertex 6.2784 -23.181 2.4
    endloop
  endfacet
  facet normal -0 0 1
    outer loop
      vertex 5.80363 7.32349 2.4
      vertex 6.05 -23.0283 2.4
      vertex 6.05 7.44499 2.4
    endloop
  endfacet
  facet normal 0 0 1
    outer loop
      vertex 5.80363 7.32349 2.4
      vertex 5.80363 -22.9068 2.4
      vertex 6.05 -23.0283 2.4
    endloop
  endfacet
  facet normal -0 0 1
    outer loop
      vertex 5.54352 7.2352 2.4
      vertex 5.80363 -22.9068 2.4
      vertex 5.80363 7.32349 2.4
    endloop
  endfacet
  facet normal 0 0 1
    outer loop
      vertex 5.54352 7.2352 2.4
      vertex 5.54352 -22.8185 2.4
      vertex 5.80363 -22.9068 2.4
    endloop
  endfacet
  facet normal -0 0 1
    outer loop
      vertex 5.2741 7.18161 2.4
      vertex 5.54352 -22.8185 2.4
      vertex 5.54352 7.2352 2.4
    endloop
  endfacet
  facet normal 0 0 1
    outer loop
      vertex 5.2741 7.18161 2.4
      vertex 5.2741 -22.765 2.4
      vertex 5.54352 -22.8185 2.4
    endloop
  endfacet
  facet normal -0 0 1
    outer loop
      vertex 5 7.16364 2.4
      vertex 5.2741 -22.765 2.4
      vertex 5.2741 7.18161 2.4
    endloop
  endfacet
  facet normal 0 0 1
    outer loop
      vertex 5 7.16364 2.4
      vertex 5 -22.747 2.4
      vertex 5.2741 -22.765 2.4
    endloop
  endfacet
  facet normal 0 0 1
    outer loop
      vertex 4.7259 7.18161 2.4
      vertex 5 -22.747 2.4
      vertex 5 7.16364 2.4
    endloop
  endfacet
  facet normal 0 0 1
    outer loop
      vertex 4.7259 7.18161 2.4
      vertex 4.7259 -22.765 2.4
      vertex 5 -22.747 2.4
    endloop
  endfacet
  facet normal 0 0 1
    outer loop
      vertex 4.45648 7.2352 2.4
      vertex 4.7259 -22.765 2.4
      vertex 4.7259 7.18161 2.4
    endloop
  endfacet
  facet normal 0 0 1
    outer loop
      vertex 4.45648 7.2352 2.4
      vertex 4.45648 -22.8185 2.4
      vertex 4.7259 -22.765 2.4
    endloop
  endfacet
  facet normal 0 0 1
    outer loop
      vertex -4.45648 7.2352 2.4
      vertex 4.45648 7.2352 2.4
      vertex 4.19637 7.32349 2.4
    endloop
  endfacet
  facet normal 0 0 1
    outer loop
      vertex 4.45648 7.2352 2.4
      vertex -4.45648 7.2352 2.4
      vertex 4.45648 -22.8185 2.4
    endloop
  endfacet
  facet normal 0 0 1
    outer loop
      vertex -4.19637 7.32349 2.4
      vertex 4.19637 7.32349 2.4
      vertex 3.95 7.44499 2.4
    endloop
  endfacet
  facet normal 0 0 1
    outer loop
      vertex -4.45648 -22.8185 2.4
      vertex 4.45648 -22.8185 2.4
      vertex -4.45648 7.2352 2.4
    endloop
  endfacet
  facet normal 0 0 1
    outer loop
      vertex -3.95 7.44499 2.4
      vertex 3.95 7.44499 2.4
      vertex 3.7216 7.5976 2.4
    endloop
  endfacet
  facet normal 0 0 1
    outer loop
      vertex 4.45648 -22.8185 2.4
      vertex -4.45648 -22.8185 2.4
      vertex 4.19637 -22.9068 2.4
    endloop
  endfacet
  facet normal 0 0 1
    outer loop
      vertex -3.7216 7.5976 2.4
      vertex 3.7216 7.5976 2.4
      vertex 3.51508 7.77872 2.4
    endloop
  endfacet
  facet normal 0 -0 1
    outer loop
      vertex -4.19637 -22.9068 2.4
      vertex 4.19637 -22.9068 2.4
      vertex -4.45648 -22.8185 2.4
    endloop
  endfacet
  facet normal 0 0 1
    outer loop
      vertex -3.51508 7.77872 2.4
      vertex 3.51508 7.77872 2.4
      vertex 3.33396 7.98524 2.4
    endloop
  endfacet
  facet normal 0 0 1
    outer loop
      vertex 4.19637 7.32349 2.4
      vertex -4.19637 7.32349 2.4
      vertex -4.45648 7.2352 2.4
    endloop
  endfacet
  facet normal 0 0 1
    outer loop
      vertex -3.33396 7.98524 2.4
      vertex 3.33396 7.98524 2.4
      vertex 3.18135 8.21364 2.4
    endloop
  endfacet
  facet normal 0 0 1
    outer loop
      vertex 4.19637 -22.9068 2.4
      vertex -4.19637 -22.9068 2.4
      vertex 3.95 -23.0283 2.4
    endloop
  endfacet
  facet normal 0 0 1
    outer loop
      vertex -3.18135 8.21364 2.4
      vertex 3.18135 8.21364 2.4
      vertex 3.05985 8.46001 2.4
    endloop
  endfacet
  facet normal 0 -0 1
    outer loop
      vertex -3.7216 -23.181 2.4
      vertex 3.7216 -23.181 2.4
      vertex -3.95 -23.0283 2.4
    endloop
  endfacet
  facet normal 0 0 1
    outer loop
      vertex -3.05985 8.46001 2.4
      vertex 3.05985 8.46001 2.4
      vertex 2.97156 8.72012 2.4
    endloop
  endfacet
  facet normal 0 0 1
    outer loop
      vertex 3.7216 -23.181 2.4
      vertex -3.7216 -23.181 2.4
      vertex 3.51508 -23.3621 2.4
    endloop
  endfacet
  facet normal 0 0 1
    outer loop
      vertex -2.97156 8.72012 2.4
      vertex 2.97156 8.72012 2.4
      vertex 2.91797 8.98954 2.4
    endloop
  endfacet
  facet normal 0 -0 1
    outer loop
      vertex -3.51508 -23.3621 2.4
      vertex 3.51508 -23.3621 2.4
      vertex -3.7216 -23.181 2.4
    endloop
  endfacet
  facet normal 0 0 1
    outer loop
      vertex -2.91797 8.98954 2.4
      vertex 2.91797 8.98954 2.4
      vertex 2.9 9.26364 2.4
    endloop
  endfacet
  facet normal 0 0 1
    outer loop
      vertex 3.95 7.44499 2.4
      vertex -3.95 7.44499 2.4
      vertex -4.19637 7.32349 2.4
    endloop
  endfacet
  facet normal 0 0 1
    outer loop
      vertex 13.1383 34.2513 2.4
      vertex 6.05 41.5556 2.4
      vertex 13.0124 34.0084 2.4
    endloop
  endfacet
  facet normal 0 0 1
    outer loop
      vertex 12.7119 32.5581 2.4
      vertex 7.08203 9.53774 2.4
      vertex 7.1 9.26364 2.4
    endloop
  endfacet
  facet normal -0 0 1
    outer loop
      vertex 5.80363 41.4341 2.4
      vertex 13.0124 34.0084 2.4
      vertex 6.05 41.5556 2.4
    endloop
  endfacet
  facet normal 0 0 1
    outer loop
      vertex 12.7119 32.5581 2.4
      vertex 7.02844 9.80716 2.4
      vertex 7.08203 9.53774 2.4
    endloop
  endfacet
  facet normal 0 0 1
    outer loop
      vertex 13.0124 34.0084 2.4
      vertex 5.80363 41.4341 2.4
      vertex 12.8825 33.6841 2.4
    endloop
  endfacet
  facet normal 0 0 1
    outer loop
      vertex 12.7119 32.5581 2.4
      vertex 6.94015 10.0673 2.4
      vertex 7.02844 9.80716 2.4
    endloop
  endfacet
  facet normal -0 0 1
    outer loop
      vertex 5.54352 41.3458 2.4
      vertex 12.8825 33.6841 2.4
      vertex 5.80363 41.4341 2.4
    endloop
  endfacet
  facet normal 0 0 1
    outer loop
      vertex 12.7119 32.5581 2.4
      vertex 6.81865 10.3136 2.4
      vertex 6.94015 10.0673 2.4
    endloop
  endfacet
  facet normal 0 0 1
    outer loop
      vertex 12.8825 33.6841 2.4
      vertex 5.54352 41.3458 2.4
      vertex 12.8054 33.4197 2.4
    endloop
  endfacet
  facet normal 0 0 1
    outer loop
      vertex 12.7119 32.5581 2.4
      vertex 6.66604 10.542 2.4
      vertex 6.81865 10.3136 2.4
    endloop
  endfacet
  facet normal -0 0 1
    outer loop
      vertex 5.2741 41.2922 2.4
      vertex 12.8054 33.4197 2.4
      vertex 5.54352 41.3458 2.4
    endloop
  endfacet
  facet normal 0 0 1
    outer loop
      vertex 12.7119 32.5581 2.4
      vertex 6.48492 10.7486 2.4
      vertex 6.66604 10.542 2.4
    endloop
  endfacet
  facet normal 0 0 1
    outer loop
      vertex 12.8054 33.4197 2.4
      vertex 5.2741 41.2922 2.4
      vertex 12.7544 33.1899 2.4
    endloop
  endfacet
  facet normal 0 0 1
    outer loop
      vertex 12.7119 32.5581 2.4
      vertex 6.2784 10.9297 2.4
      vertex 6.48492 10.7486 2.4
    endloop
  endfacet
  facet normal -0 0 1
    outer loop
      vertex 5 41.2743 2.4
      vertex 12.7544 33.1899 2.4
      vertex 5.2741 41.2922 2.4
    endloop
  endfacet
  facet normal 0 0 1
    outer loop
      vertex 12.7119 32.5581 2.4
      vertex 6.05 11.0823 2.4
      vertex 6.2784 10.9297 2.4
    endloop
  endfacet
  facet normal 0 0 1
    outer loop
      vertex 12.7544 33.1899 2.4
      vertex 5 41.2743 2.4
      vertex 12.7399 33.0685 2.4
    endloop
  endfacet
  facet normal 0 0 1
    outer loop
      vertex 12.7119 32.5581 2.4
      vertex 5.80363 11.2038 2.4
      vertex 6.05 11.0823 2.4
    endloop
  endfacet
  facet normal 0 0 1
    outer loop
      vertex 12.7399 33.0685 2.4
      vertex 5 41.2743 2.4
      vertex 12.7165 32.7935 2.4
    endloop
  endfacet
  facet normal 0 0 1
    outer loop
      vertex 12.7119 32.5581 2.4
      vertex 5.54352 11.2921 2.4
      vertex 5.80363 11.2038 2.4
    endloop
  endfacet
  facet normal 0 0 1
    outer loop
      vertex 12.7165 32.7935 2.4
      vertex 5 41.2743 2.4
      vertex 12.7119 32.5581 2.4
    endloop
  endfacet
  facet normal 0 0 1
    outer loop
      vertex 12.7119 32.5581 2.4
      vertex 5.2741 11.3457 2.4
      vertex 5.54352 11.2921 2.4
    endloop
  endfacet
  facet normal 0 0 1
    outer loop
      vertex 4.7259 41.2922 2.4
      vertex 12.7119 32.5581 2.4
      vertex 5 41.2743 2.4
    endloop
  endfacet
  facet normal 0 0 1
    outer loop
      vertex 12.7119 32.5581 2.4
      vertex 5 11.3636 2.4
      vertex 5.2741 11.3457 2.4
    endloop
  endfacet
  facet normal 0 0 1
    outer loop
      vertex 4.45648 41.3458 2.4
      vertex 12.7119 32.5581 2.4
      vertex 4.7259 41.2922 2.4
    endloop
  endfacet
  facet normal 0 0 1
    outer loop
      vertex 12.7119 32.5581 2.4
      vertex 4.7259 11.3457 2.4
      vertex 5 11.3636 2.4
    endloop
  endfacet
  facet normal 0 0 1
    outer loop
      vertex -12.7779 32.0133 2.4
      vertex 12.7119 32.5581 2.4
      vertex 4.45648 41.3458 2.4
    endloop
  endfacet
  facet normal 0 0 1
    outer loop
      vertex 12.7119 32.5581 2.4
      vertex 4.45648 11.2921 2.4
      vertex 4.7259 11.3457 2.4
    endloop
  endfacet
  facet normal 0 0 1
    outer loop
      vertex -12.7779 32.0133 2.4
      vertex 4.45648 41.3458 2.4
      vertex 4.19637 41.4341 2.4
    endloop
  endfacet
  facet normal 0 0 1
    outer loop
      vertex 12.7119 32.5581 2.4
      vertex -12.7779 32.0133 2.4
      vertex 4.45648 11.2921 2.4
    endloop
  endfacet
  facet normal 0 0 1
    outer loop
      vertex -4.19637 41.4341 2.4
      vertex 4.19637 41.4341 2.4
      vertex 3.95 41.5556 2.4
    endloop
  endfacet
  facet normal 0 -0 1
    outer loop
      vertex -4.45648 11.2921 2.4
      vertex 4.45648 11.2921 2.4
      vertex -12.7779 32.0133 2.4
    endloop
  endfacet
  facet normal 0 0 1
    outer loop
      vertex -3.95 41.5556 2.4
      vertex 3.95 41.5556 2.4
      vertex 3.7216 41.7082 2.4
    endloop
  endfacet
  facet normal 0 0 1
    outer loop
      vertex 4.45648 11.2921 2.4
      vertex -4.45648 11.2921 2.4
      vertex 4.19637 11.2038 2.4
    endloop
  endfacet
  facet normal 0 0 1
    outer loop
      vertex -3.7216 41.7082 2.4
      vertex 3.7216 41.7082 2.4
      vertex 3.51508 41.8893 2.4
    endloop
  endfacet
  facet normal 0 -0 1
    outer loop
      vertex -4.19637 11.2038 2.4
      vertex 4.19637 11.2038 2.4
      vertex -4.45648 11.2921 2.4
    endloop
  endfacet
  facet normal 0 0 1
    outer loop
      vertex -3.51508 41.8893 2.4
      vertex 3.51508 41.8893 2.4
      vertex 3.33396 42.0959 2.4
    endloop
  endfacet
  facet normal 0 0 1
    outer loop
      vertex 4.19637 11.2038 2.4
      vertex -4.19637 11.2038 2.4
      vertex 3.95 11.0823 2.4
    endloop
  endfacet
  facet normal 0 0 1
    outer loop
      vertex -3.33396 42.0959 2.4
      vertex 3.33396 42.0959 2.4
      vertex 3.18135 42.3243 2.4
    endloop
  endfacet
  facet normal 0 0 1
    outer loop
      vertex 3.95 11.0823 2.4
      vertex -3.95 11.0823 2.4
      vertex 3.7216 10.9297 2.4
    endloop
  endfacet
  facet normal 0 0 1
    outer loop
      vertex -3.18135 42.3243 2.4
      vertex 3.18135 42.3243 2.4
      vertex 3.05985 42.5706 2.4
    endloop
  endfacet
  facet normal 0 -0 1
    outer loop
      vertex -3.7216 10.9297 2.4
      vertex 3.7216 10.9297 2.4
      vertex -3.95 11.0823 2.4
    endloop
  endfacet
  facet normal 0 0 1
    outer loop
      vertex -3.05985 42.5706 2.4
      vertex 3.05985 42.5706 2.4
      vertex 2.97156 42.8307 2.4
    endloop
  endfacet
  facet normal 0 0 1
    outer loop
      vertex 3.7216 10.9297 2.4
      vertex -3.7216 10.9297 2.4
      vertex 3.51508 10.7486 2.4
    endloop
  endfacet
  facet normal 0 0 1
    outer loop
      vertex -2.97156 42.8307 2.4
      vertex 2.97156 42.8307 2.4
      vertex 2.91797 43.1002 2.4
    endloop
  endfacet
  facet normal 0 0 1
    outer loop
      vertex 4.19637 41.4341 2.4
      vertex -4.19637 41.4341 2.4
      vertex -12.7779 32.0133 2.4
    endloop
  endfacet
  facet normal 0 0 1
    outer loop
      vertex -2.91797 43.1002 2.4
      vertex 2.91797 43.1002 2.4
      vertex 2.9 43.3743 2.4
    endloop
  endfacet
  facet normal 0 0 1
    outer loop
      vertex 3.95 41.5556 2.4
      vertex -3.95 41.5556 2.4
      vertex -4.19637 41.4341 2.4
    endloop
  endfacet
  facet normal -0 0 1
    outer loop
      vertex 6.94015 44.1779 2.4
      vertex 20 36.8 2.4
      vertex 20 63.7147 2.4
    endloop
  endfacet
  facet normal -0 -0 1
    outer loop
      vertex 7.02844 43.9178 2.4
      vertex 20 36.8 2.4
      vertex 6.94015 44.1779 2.4
    endloop
  endfacet
  facet normal -0 -0 1
    outer loop
      vertex 7.08203 43.6484 2.4
      vertex 20 36.8 2.4
      vertex 7.02844 43.9178 2.4
    endloop
  endfacet
  facet normal 0 0 1
    outer loop
      vertex 20 36.8 2.4
      vertex 7.08203 43.6484 2.4
      vertex 15.2277 35.7856 2.4
    endloop
  endfacet
  facet normal -0 -0 1
    outer loop
      vertex 7.1 43.3743 2.4
      vertex 15.2277 35.7856 2.4
      vertex 7.08203 43.6484 2.4
    endloop
  endfacet
  facet normal 0 0 1
    outer loop
      vertex 15.2277 35.7856 2.4
      vertex 7.08203 43.1002 2.4
      vertex 15.0586 35.741 2.4
    endloop
  endfacet
  facet normal -0 0 1
    outer loop
      vertex 7.02844 42.8307 2.4
      vertex 15.0586 35.741 2.4
      vertex 7.08203 43.1002 2.4
    endloop
  endfacet
  facet normal 0 0 1
    outer loop
      vertex 15.0586 35.741 2.4
      vertex 7.02844 42.8307 2.4
      vertex 14.8156 35.664 2.4
    endloop
  endfacet
  facet normal 0 0 1
    outer loop
      vertex 14.8156 35.664 2.4
      vertex 7.02844 42.8307 2.4
      vertex 14.5962 35.5784 2.4
    endloop
  endfacet
  facet normal -0 0 1
    outer loop
      vertex 6.94015 42.5706 2.4
      vertex 14.5962 35.5784 2.4
      vertex 7.02844 42.8307 2.4
    endloop
  endfacet
  facet normal 0 0 1
    outer loop
      vertex 14.5962 35.5784 2.4
      vertex 6.94015 42.5706 2.4
      vertex 14.4899 35.5244 2.4
    endloop
  endfacet
  facet normal 0 0 1
    outer loop
      vertex 14.4899 35.5244 2.4
      vertex 6.94015 42.5706 2.4
      vertex 14.2483 35.3912 2.4
    endloop
  endfacet
  facet normal -0 0 1
    outer loop
      vertex 6.81865 42.3243 2.4
      vertex 14.2483 35.3912 2.4
      vertex 6.94015 42.5706 2.4
    endloop
  endfacet
  facet normal -0 0 1
    outer loop
      vertex 6.66604 42.0959 2.4
      vertex 14.05 35.2643 2.4
      vertex 6.81865 42.3243 2.4
    endloop
  endfacet
  facet normal 0 0 1
    outer loop
      vertex 14.05 35.2643 2.4
      vertex 6.66604 42.0959 2.4
      vertex 13.9539 35.1884 2.4
    endloop
  endfacet
  facet normal -0 0 1
    outer loop
      vertex 6.05 41.5556 2.4
      vertex 13.3297 34.546 2.4
      vertex 6.2784 41.7082 2.4
    endloop
  endfacet
  facet normal 0 0 1
    outer loop
      vertex 12.7119 32.5581 2.4
      vertex 7.1 -24.847 2.4
      vertex 7.84331 -30.2766 2.4
    endloop
  endfacet
  facet normal -0 0 1
    outer loop
      vertex 7.08203 -25.1211 2.4
      vertex 7.84331 -30.2766 2.4
      vertex 7.1 -24.847 2.4
    endloop
  endfacet
  facet normal -0 0 1
    outer loop
      vertex 7.02844 -25.3905 2.4
      vertex 7.84331 -30.2766 2.4
      vertex 7.08203 -25.1211 2.4
    endloop
  endfacet
  facet normal -0 0 1
    outer loop
      vertex 6.94015 -25.6506 2.4
      vertex 7.84331 -30.2766 2.4
      vertex 7.02844 -25.3905 2.4
    endloop
  endfacet
  facet normal -0 0 1
    outer loop
      vertex 6.81865 -25.897 2.4
      vertex 7.84331 -30.2766 2.4
      vertex 6.94015 -25.6506 2.4
    endloop
  endfacet
  facet normal 0 0 1
    outer loop
      vertex 13.5004 34.7599 2.4
      vertex 6.2784 41.7082 2.4
      vertex 13.3297 34.546 2.4
    endloop
  endfacet
  facet normal 0 0 1
    outer loop
      vertex 13.3297 34.546 2.4
      vertex 6.05 41.5556 2.4
      vertex 13.1383 34.2513 2.4
    endloop
  endfacet
  facet normal -0 0 1
    outer loop
      vertex 6.2784 41.7082 2.4
      vertex 13.5004 34.7599 2.4
      vertex 6.48492 41.8893 2.4
    endloop
  endfacet
  facet normal 0 0 1
    outer loop
      vertex 13.7438 35.0104 2.4
      vertex 6.48492 41.8893 2.4
      vertex 13.5004 34.7599 2.4
    endloop
  endfacet
  facet normal 0 0 1
    outer loop
      vertex 13.9539 35.1884 2.4
      vertex 6.66604 42.0959 2.4
      vertex 13.7438 35.0104 2.4
    endloop
  endfacet
  facet normal -0 0 1
    outer loop
      vertex 6.48492 41.8893 2.4
      vertex 13.7438 35.0104 2.4
      vertex 6.66604 42.0959 2.4
    endloop
  endfacet
  facet normal 0 0 1
    outer loop
      vertex 14.2483 35.3912 2.4
      vertex 6.81865 42.3243 2.4
      vertex 14.05 35.2643 2.4
    endloop
  endfacet
  facet normal -0 0 1
    outer loop
      vertex 7.08203 43.1002 2.4
      vertex 15.2277 35.7856 2.4
      vertex 7.1 43.3743 2.4
    endloop
  endfacet
  facet normal 0 0 1
    outer loop
      vertex 20 63.7147 2.4
      vertex 6.81865 44.4243 2.4
      vertex 6.94015 44.1779 2.4
    endloop
  endfacet
  facet normal 0 0 1
    outer loop
      vertex 20 63.7147 2.4
      vertex 6.66604 44.6527 2.4
      vertex 6.81865 44.4243 2.4
    endloop
  endfacet
  facet normal 0 0 1
    outer loop
      vertex 20 63.7147 2.4
      vertex 6.48492 44.8592 2.4
      vertex 6.66604 44.6527 2.4
    endloop
  endfacet
  facet normal 0 0 1
    outer loop
      vertex 20 63.7147 2.4
      vertex 6.2784 45.0403 2.4
      vertex 6.48492 44.8592 2.4
    endloop
  endfacet
  facet normal 0 0 1
    outer loop
      vertex 20 63.7147 2.4
      vertex 6.05 45.1929 2.4
      vertex 6.2784 45.0403 2.4
    endloop
  endfacet
  facet normal 0 0 1
    outer loop
      vertex 20 63.7147 2.4
      vertex 5.80363 45.3144 2.4
      vertex 6.05 45.1929 2.4
    endloop
  endfacet
  facet normal 0 0 1
    outer loop
      vertex 20 63.7147 2.4
      vertex 5.54352 45.4027 2.4
      vertex 5.80363 45.3144 2.4
    endloop
  endfacet
  facet normal 0 0 1
    outer loop
      vertex 20 63.7147 2.4
      vertex 5.2741 45.4563 2.4
      vertex 5.54352 45.4027 2.4
    endloop
  endfacet
  facet normal 0 0 1
    outer loop
      vertex 20 63.7147 2.4
      vertex 5 45.4743 2.4
      vertex 5.2741 45.4563 2.4
    endloop
  endfacet
  facet normal 0 0 1
    outer loop
      vertex 20 63.7147 2.4
      vertex 4.7259 45.4563 2.4
      vertex 5 45.4743 2.4
    endloop
  endfacet
  facet normal 0 0 1
    outer loop
      vertex 20 63.7147 2.4
      vertex 4.45648 45.4027 2.4
      vertex 4.7259 45.4563 2.4
    endloop
  endfacet
  facet normal 0 0 1
    outer loop
      vertex -4.45648 45.4027 2.4
      vertex 4.45648 45.4027 2.4
      vertex 20 63.7147 2.4
    endloop
  endfacet
  facet normal 0 0 1
    outer loop
      vertex 4.45648 45.4027 2.4
      vertex -4.45648 45.4027 2.4
      vertex 4.19637 45.3144 2.4
    endloop
  endfacet
  facet normal 0 -0 1
    outer loop
      vertex -4.19637 45.3144 2.4
      vertex 4.19637 45.3144 2.4
      vertex -4.45648 45.4027 2.4
    endloop
  endfacet
  facet normal 0 0 1
    outer loop
      vertex 4.19637 45.3144 2.4
      vertex -4.19637 45.3144 2.4
      vertex 3.95 45.1929 2.4
    endloop
  endfacet
  facet normal 0 -0 1
    outer loop
      vertex -3.95 45.1929 2.4
      vertex 3.95 45.1929 2.4
      vertex -4.19637 45.3144 2.4
    endloop
  endfacet
  facet normal 0 -0 1
    outer loop
      vertex -3.18135 10.3136 2.4
      vertex 3.18135 10.3136 2.4
      vertex -3.33396 10.542 2.4
    endloop
  endfacet
  facet normal 0 0 1
    outer loop
      vertex -2.91797 43.1002 2.4
      vertex 2.9 43.3743 2.4
      vertex -2.9 43.3743 2.4
    endloop
  endfacet
  facet normal 0 0 1
    outer loop
      vertex 2.91797 43.6484 2.4
      vertex -2.9 43.3743 2.4
      vertex 2.9 43.3743 2.4
    endloop
  endfacet
  facet normal 0 0 1
    outer loop
      vertex -2.91797 43.6484 2.4
      vertex 2.91797 43.6484 2.4
      vertex 2.97156 43.9178 2.4
    endloop
  endfacet
  facet normal 0 0 1
    outer loop
      vertex -2.97156 43.9178 2.4
      vertex 2.97156 43.9178 2.4
      vertex 3.05985 44.1779 2.4
    endloop
  endfacet
  facet normal 0 0 1
    outer loop
      vertex -3.05985 44.1779 2.4
      vertex 3.05985 44.1779 2.4
      vertex 3.18135 44.4243 2.4
    endloop
  endfacet
  facet normal 0 0 1
    outer loop
      vertex -3.18135 44.4243 2.4
      vertex 3.18135 44.4243 2.4
      vertex 3.33396 44.6527 2.4
    endloop
  endfacet
  facet normal 0 0 1
    outer loop
      vertex 3.95 45.1929 2.4
      vertex -3.95 45.1929 2.4
      vertex 3.7216 45.0403 2.4
    endloop
  endfacet
  facet normal 0 0 1
    outer loop
      vertex 2.91797 43.6484 2.4
      vertex -2.91797 43.6484 2.4
      vertex -2.9 43.3743 2.4
    endloop
  endfacet
  facet normal 0 0 1
    outer loop
      vertex 2.97156 43.9178 2.4
      vertex -2.97156 43.9178 2.4
      vertex -2.91797 43.6484 2.4
    endloop
  endfacet
  facet normal 0 0 1
    outer loop
      vertex 3.05985 44.1779 2.4
      vertex -3.05985 44.1779 2.4
      vertex -2.97156 43.9178 2.4
    endloop
  endfacet
  facet normal 0 0 1
    outer loop
      vertex 3.18135 44.4243 2.4
      vertex -3.18135 44.4243 2.4
      vertex -3.05985 44.1779 2.4
    endloop
  endfacet
  facet normal 0 0 1
    outer loop
      vertex 3.33396 44.6527 2.4
      vertex -3.33396 44.6527 2.4
      vertex -3.18135 44.4243 2.4
    endloop
  endfacet
  facet normal 0 0 1
    outer loop
      vertex 3.33396 44.6527 2.4
      vertex -3.51508 44.8592 2.4
      vertex -3.33396 44.6527 2.4
    endloop
  endfacet
  facet normal 0 0 1
    outer loop
      vertex 3.51508 44.8592 2.4
      vertex -3.51508 44.8592 2.4
      vertex 3.33396 44.6527 2.4
    endloop
  endfacet
  facet normal 0 -0 1
    outer loop
      vertex -3.51508 44.8592 2.4
      vertex 3.51508 44.8592 2.4
      vertex -3.7216 45.0403 2.4
    endloop
  endfacet
  facet normal 0 0 1
    outer loop
      vertex 3.7216 45.0403 2.4
      vertex -3.7216 45.0403 2.4
      vertex 3.51508 44.8592 2.4
    endloop
  endfacet
  facet normal 0 -0 1
    outer loop
      vertex -3.7216 45.0403 2.4
      vertex 3.7216 45.0403 2.4
      vertex -3.95 45.1929 2.4
    endloop
  endfacet
  facet normal -0 0 1
    outer loop
      vertex -20 63.7147 2.4
      vertex -4.45648 45.4027 2.4
      vertex 20 63.7147 2.4
    endloop
  endfacet
  facet normal 0 0 1
    outer loop
      vertex -4.45648 45.4027 2.4
      vertex -20 63.7147 2.4
      vertex -4.7259 45.4563 2.4
    endloop
  endfacet
  facet normal 0 0 1
    outer loop
      vertex -4.7259 45.4563 2.4
      vertex -20 63.7147 2.4
      vertex -5 45.4743 2.4
    endloop
  endfacet
  facet normal 0 0 1
    outer loop
      vertex -5 45.4743 2.4
      vertex -20 63.7147 2.4
      vertex -5.2741 45.4563 2.4
    endloop
  endfacet
  facet normal 0 0 1
    outer loop
      vertex -5.2741 45.4563 2.4
      vertex -20 63.7147 2.4
      vertex -5.54352 45.4027 2.4
    endloop
  endfacet
  facet normal 0 0 1
    outer loop
      vertex -5.54352 45.4027 2.4
      vertex -20 63.7147 2.4
      vertex -5.80363 45.3144 2.4
    endloop
  endfacet
  facet normal 0 0 1
    outer loop
      vertex -5.80363 45.3144 2.4
      vertex -20 63.7147 2.4
      vertex -6.05 45.1929 2.4
    endloop
  endfacet
  facet normal 0 0 1
    outer loop
      vertex -7.02844 9.80716 2.4
      vertex -20 -1.964 2.4
      vertex -7.08203 9.53774 2.4
    endloop
  endfacet
  facet normal 0 0 1
    outer loop
      vertex -7.08203 9.53774 2.4
      vertex -20 -1.964 2.4
      vertex -7.1 9.26364 2.4
    endloop
  endfacet
  facet normal 0 0 1
    outer loop
      vertex -7.1 -24.847 2.4
      vertex -7.19159 -31.1082 2.4
      vertex -7.13092 -31.2169 2.4
    endloop
  endfacet
  facet normal 0 0 1
    outer loop
      vertex -7.1 -24.847 2.4
      vertex -7.33432 -30.8719 2.4
      vertex -7.19159 -31.1082 2.4
    endloop
  endfacet
  facet normal 0 0 1
    outer loop
      vertex -7.1 9.26364 2.4
      vertex -20 -1.964 2.4
      vertex -7.1 -24.847 2.4
    endloop
  endfacet
  facet normal 0 0 1
    outer loop
      vertex -7.1 -24.847 2.4
      vertex -7.46898 -30.6787 2.4
      vertex -7.33432 -30.8719 2.4
    endloop
  endfacet
  facet normal 0 0 1
    outer loop
      vertex -7.1 -24.847 2.4
      vertex -7.54872 -30.5856 2.4
      vertex -7.46898 -30.6787 2.4
    endloop
  endfacet
  facet normal -0 0 1
    outer loop
      vertex -20 -19.3304 2.4
      vertex -7.1 -24.847 2.4
      vertex -20 -1.964 2.4
    endloop
  endfacet
  facet normal 0 0 1
    outer loop
      vertex -12.7213 32.4391 2.4
      vertex -7.1 43.3743 2.4
      vertex -12.7103 32.6743 2.4
    endloop
  endfacet
  facet normal 0 0 1
    outer loop
      vertex -15.2277 35.7856 2.4
      vertex -7.1 43.3743 2.4
      vertex -7.08203 43.6484 2.4
    endloop
  endfacet
  facet normal 0 0 1
    outer loop
      vertex -20 36.8 2.4
      vertex -7.08203 43.6484 2.4
      vertex -7.02844 43.9178 2.4
    endloop
  endfacet
  facet normal 0 0 1
    outer loop
      vertex -20 36.8 2.4
      vertex -7.02844 43.9178 2.4
      vertex -6.94015 44.1779 2.4
    endloop
  endfacet
  facet normal 0 0 1
    outer loop
      vertex -20 36.8 2.4
      vertex -6.94015 44.1779 2.4
      vertex -6.81865 44.4243 2.4
    endloop
  endfacet
  facet normal 0 0 1
    outer loop
      vertex -7.1 43.3743 2.4
      vertex -12.7165 32.7935 2.4
      vertex -12.7103 32.6743 2.4
    endloop
  endfacet
  facet normal 0 0 1
    outer loop
      vertex -7.1 43.3743 2.4
      vertex -12.7399 33.0685 2.4
      vertex -12.7165 32.7935 2.4
    endloop
  endfacet
  facet normal 0 0 1
    outer loop
      vertex -7.1 43.3743 2.4
      vertex -12.7752 33.3013 2.4
      vertex -12.7399 33.0685 2.4
    endloop
  endfacet
  facet normal 0 0 1
    outer loop
      vertex -7.1 43.3743 2.4
      vertex -12.8054 33.4197 2.4
      vertex -12.7752 33.3013 2.4
    endloop
  endfacet
  facet normal 0 0 1
    outer loop
      vertex -7.1 43.3743 2.4
      vertex -12.8825 33.6841 2.4
      vertex -12.8054 33.4197 2.4
    endloop
  endfacet
  facet normal 0 0 1
    outer loop
      vertex -7.1 43.3743 2.4
      vertex -13.0124 34.0084 2.4
      vertex -12.8825 33.6841 2.4
    endloop
  endfacet
  facet normal 0 0 1
    outer loop
      vertex -7.1 43.3743 2.4
      vertex -13.1383 34.2513 2.4
      vertex -13.0124 34.0084 2.4
    endloop
  endfacet
  facet normal 0 0 1
    outer loop
      vertex -7.1 43.3743 2.4
      vertex -13.3297 34.546 2.4
      vertex -13.1383 34.2513 2.4
    endloop
  endfacet
  facet normal 0 0 1
    outer loop
      vertex -7.1 43.3743 2.4
      vertex -13.5004 34.7599 2.4
      vertex -13.3297 34.546 2.4
    endloop
  endfacet
  facet normal 0 0 1
    outer loop
      vertex -20 63.7147 2.4
      vertex -6.81865 44.4243 2.4
      vertex -6.66604 44.6527 2.4
    endloop
  endfacet
  facet normal 0 0 1
    outer loop
      vertex -7.1 43.3743 2.4
      vertex -13.7438 35.0104 2.4
      vertex -13.5004 34.7599 2.4
    endloop
  endfacet
  facet normal 0 0 1
    outer loop
      vertex -7.1 43.3743 2.4
      vertex -13.9539 35.1884 2.4
      vertex -13.7438 35.0104 2.4
    endloop
  endfacet
  facet normal 0 0 1
    outer loop
      vertex -7.1 43.3743 2.4
      vertex -14.1432 35.3284 2.4
      vertex -13.9539 35.1884 2.4
    endloop
  endfacet
  facet normal 0 0 1
    outer loop
      vertex -7.1 43.3743 2.4
      vertex -14.2483 35.3912 2.4
      vertex -14.1432 35.3284 2.4
    endloop
  endfacet
  facet normal 0 0 1
    outer loop
      vertex -7.1 43.3743 2.4
      vertex -14.4899 35.5244 2.4
      vertex -14.2483 35.3912 2.4
    endloop
  endfacet
  facet normal 0 0 1
    outer loop
      vertex -7.1 43.3743 2.4
      vertex -14.7031 35.6243 2.4
      vertex -14.4899 35.5244 2.4
    endloop
  endfacet
  facet normal 0 0 1
    outer loop
      vertex -20 63.7147 2.4
      vertex -6.66604 44.6527 2.4
      vertex -6.48492 44.8592 2.4
    endloop
  endfacet
  facet normal 0 0 1
    outer loop
      vertex -7.1 43.3743 2.4
      vertex -14.8156 35.664 2.4
      vertex -14.7031 35.6243 2.4
    endloop
  endfacet
  facet normal 0 0 1
    outer loop
      vertex -7.1 43.3743 2.4
      vertex -15.0586 35.741 2.4
      vertex -14.8156 35.664 2.4
    endloop
  endfacet
  facet normal 0 0 1
    outer loop
      vertex -7.1 43.3743 2.4
      vertex -15.2277 35.7856 2.4
      vertex -15.0586 35.741 2.4
    endloop
  endfacet
  facet normal 0 0 1
    outer loop
      vertex -6.05 45.1929 2.4
      vertex -20 63.7147 2.4
      vertex -6.2784 45.0403 2.4
    endloop
  endfacet
  facet normal 0 0 1
    outer loop
      vertex -20 63.7147 2.4
      vertex -6.48492 44.8592 2.4
      vertex -6.2784 45.0403 2.4
    endloop
  endfacet
  facet normal 0 0 1
    outer loop
      vertex -6.81865 44.4243 2.4
      vertex -20 63.7147 2.4
      vertex -20 36.8 2.4
    endloop
  endfacet
  facet normal 0 0 1
    outer loop
      vertex -7.08203 43.6484 2.4
      vertex -20 36.8 2.4
      vertex -15.2277 35.7856 2.4
    endloop
  endfacet
  facet normal 0 0 1
    outer loop
      vertex 7.84331 -30.2766 2.4
      vertex 20 -1.964 2.4
      vertex 12.7779 32.0133 2.4
    endloop
  endfacet
  facet normal 0 0 1
    outer loop
      vertex 7.84331 -30.2766 2.4
      vertex 12.7779 32.0133 2.4
      vertex 12.7499 32.1858 2.4
    endloop
  endfacet
  facet normal 0 0 1
    outer loop
      vertex 20 -1.964 2.4
      vertex 7.84331 -30.2766 2.4
      vertex 20 -19.3304 2.4
    endloop
  endfacet
  facet normal 0 0 1
    outer loop
      vertex 12.7213 32.4391 2.4
      vertex 7.84331 -30.2766 2.4
      vertex 12.7499 32.1858 2.4
    endloop
  endfacet
  facet normal 0 0 1
    outer loop
      vertex 7.84331 -30.2766 2.4
      vertex 12.7213 32.4391 2.4
      vertex 12.7119 32.5581 2.4
    endloop
  endfacet
  facet normal 0 0 1
    outer loop
      vertex 7.08203 8.98954 2.4
      vertex 12.7119 32.5581 2.4
      vertex 7.1 9.26364 2.4
    endloop
  endfacet
  facet normal -0 0 1
    outer loop
      vertex 6.66604 -26.1254 2.4
      vertex 7.84331 -30.2766 2.4
      vertex 6.81865 -25.897 2.4
    endloop
  endfacet
  facet normal -0 0 1
    outer loop
      vertex 6.48492 -26.3319 2.4
      vertex 7.84331 -30.2766 2.4
      vertex 6.66604 -26.1254 2.4
    endloop
  endfacet
  facet normal -0 0 1
    outer loop
      vertex 6.2784 -26.513 2.4
      vertex 7.84331 -30.2766 2.4
      vertex 6.48492 -26.3319 2.4
    endloop
  endfacet
  facet normal -0 0 1
    outer loop
      vertex 6.05 -26.6656 2.4
      vertex 7.84331 -30.2766 2.4
      vertex 6.2784 -26.513 2.4
    endloop
  endfacet
  facet normal -0 0 1
    outer loop
      vertex 5.80363 -26.7871 2.4
      vertex 7.84331 -30.2766 2.4
      vertex 6.05 -26.6656 2.4
    endloop
  endfacet
  facet normal -0 0 1
    outer loop
      vertex 5.54352 -26.8754 2.4
      vertex 7.84331 -30.2766 2.4
      vertex 5.80363 -26.7871 2.4
    endloop
  endfacet
  facet normal 0 0 1
    outer loop
      vertex 7.84331 -30.2766 2.4
      vertex 5.54352 -26.8754 2.4
      vertex 7.72142 -30.3974 2.4
    endloop
  endfacet
  facet normal 0 0 1
    outer loop
      vertex 7.72142 -30.3974 2.4
      vertex 5.54352 -26.8754 2.4
      vertex 7.54872 -30.5856 2.4
    endloop
  endfacet
  facet normal -0 0 1
    outer loop
      vertex 5.2741 -26.929 2.4
      vertex 7.54872 -30.5856 2.4
      vertex 5.54352 -26.8754 2.4
    endloop
  endfacet
  facet normal 0 0 1
    outer loop
      vertex 7.54872 -30.5856 2.4
      vertex 5.2741 -26.929 2.4
      vertex 7.40123 -30.7691 2.4
    endloop
  endfacet
  facet normal -0 0 1
    outer loop
      vertex 5 -26.947 2.4
      vertex 7.40123 -30.7691 2.4
      vertex 5.2741 -26.929 2.4
    endloop
  endfacet
  facet normal 0 0 1
    outer loop
      vertex 7.40123 -30.7691 2.4
      vertex 5 -26.947 2.4
      vertex 7.33432 -30.8719 2.4
    endloop
  endfacet
  facet normal 0 0 1
    outer loop
      vertex 7.33432 -30.8719 2.4
      vertex 5 -26.947 2.4
      vertex 7.19159 -31.1082 2.4
    endloop
  endfacet
  facet normal 0 0 1
    outer loop
      vertex 4.7259 -26.929 2.4
      vertex 7.19159 -31.1082 2.4
      vertex 5 -26.947 2.4
    endloop
  endfacet
  facet normal 0 0 1
    outer loop
      vertex 7.19159 -31.1082 2.4
      vertex 4.7259 -26.929 2.4
      vertex 7.0833 -31.3172 2.4
    endloop
  endfacet
  facet normal 0 0 1
    outer loop
      vertex 7.0833 -31.3172 2.4
      vertex 4.7259 -26.929 2.4
      vertex 7.03734 -31.433 2.4
    endloop
  endfacet
  facet normal 0 0 1
    outer loop
      vertex 4.45648 -26.8754 2.4
      vertex 7.03734 -31.433 2.4
      vertex 4.7259 -26.929 2.4
    endloop
  endfacet
  facet normal 0 0 1
    outer loop
      vertex 7.03734 -31.433 2.4
      vertex 4.45648 -26.8754 2.4
      vertex 6.94481 -31.6919 2.4
    endloop
  endfacet
  facet normal 0 0 1
    outer loop
      vertex 4.19637 -26.7871 2.4
      vertex 6.94481 -31.6919 2.4
      vertex 4.45648 -26.8754 2.4
    endloop
  endfacet
  facet normal 0 0 1
    outer loop
      vertex 6.94481 -31.6919 2.4
      vertex 4.19637 -26.7871 2.4
      vertex 6.86031 -32.0267 2.4
    endloop
  endfacet
  facet normal 0 0 1
    outer loop
      vertex 3.95 -26.6656 2.4
      vertex 6.86031 -32.0267 2.4
      vertex 4.19637 -26.7871 2.4
    endloop
  endfacet
  facet normal 0 0 1
    outer loop
      vertex 6.86031 -32.0267 2.4
      vertex 3.95 -26.6656 2.4
      vertex 6.81914 -32.2971 2.4
    endloop
  endfacet
  facet normal 0 0 1
    outer loop
      vertex 6.81914 -32.2971 2.4
      vertex 3.95 -26.6656 2.4
      vertex 6.80046 -32.6492 2.4
    endloop
  endfacet
  facet normal 0 0 1
    outer loop
      vertex -6.80046 -32.6492 2.4
      vertex 6.80046 -32.6492 2.4
      vertex 3.95 -26.6656 2.4
    endloop
  endfacet
  facet normal 0 0 1
    outer loop
      vertex 6.80046 -32.6492 2.4
      vertex -6.80046 -32.6492 2.4
      vertex 6.81282 -32.9231 2.4
    endloop
  endfacet
  facet normal 0 0 1
    outer loop
      vertex -6.81282 -32.9231 2.4
      vertex 6.81282 -32.9231 2.4
      vertex -6.80046 -32.6492 2.4
    endloop
  endfacet
  facet normal 0 0 1
    outer loop
      vertex 6.81282 -32.9231 2.4
      vertex -6.81282 -32.9231 2.4
      vertex 6.86261 -33.2699 2.4
    endloop
  endfacet
  facet normal 0 0 1
    outer loop
      vertex -6.80046 -32.6492 2.4
      vertex 3.95 -26.6656 2.4
      vertex 3.7216 -26.513 2.4
    endloop
  endfacet
  facet normal 0 0 1
    outer loop
      vertex -6.86261 -33.2699 2.4
      vertex 6.86261 -33.2699 2.4
      vertex -6.81282 -32.9231 2.4
    endloop
  endfacet
  facet normal 0 0 1
    outer loop
      vertex -3.7216 -26.513 2.4
      vertex 3.7216 -26.513 2.4
      vertex 3.51508 -26.3319 2.4
    endloop
  endfacet
  facet normal 0 0 1
    outer loop
      vertex -3.51508 -26.3319 2.4
      vertex 3.51508 -26.3319 2.4
      vertex 3.33396 -26.1254 2.4
    endloop
  endfacet
  facet normal 0 0 1
    outer loop
      vertex 6.86261 -33.2699 2.4
      vertex -6.86261 -33.2699 2.4
      vertex 6.92812 -33.5375 2.4
    endloop
  endfacet
  facet normal 0 0 1
    outer loop
      vertex -3.33396 -26.1254 2.4
      vertex 3.33396 -26.1254 2.4
      vertex 3.18135 -25.897 2.4
    endloop
  endfacet
  facet normal 0 0 1
    outer loop
      vertex -3.18135 -25.897 2.4
      vertex 3.18135 -25.897 2.4
      vertex 3.05985 -25.6506 2.4
    endloop
  endfacet
  facet normal 0 0 1
    outer loop
      vertex 2.91797 43.1002 2.4
      vertex -2.91797 43.1002 2.4
      vertex -2.97156 42.8307 2.4
    endloop
  endfacet
  facet normal 0 0 1
    outer loop
      vertex 2.9 9.26364 2.4
      vertex -2.91797 9.53774 2.4
      vertex -2.9 9.26364 2.4
    endloop
  endfacet
  facet normal 0 0 1
    outer loop
      vertex 2.97156 8.72012 2.4
      vertex -2.97156 8.72012 2.4
      vertex -3.05985 8.46001 2.4
    endloop
  endfacet
  facet normal 0 0 1
    outer loop
      vertex -2.91797 -25.1211 2.4
      vertex 2.91797 -25.1211 2.4
      vertex -2.9 -24.847 2.4
    endloop
  endfacet
  facet normal 0 0 1
    outer loop
      vertex 2.91797 -25.1211 2.4
      vertex -2.91797 -25.1211 2.4
      vertex 2.97156 -25.3905 2.4
    endloop
  endfacet
  facet normal 0 0 1
    outer loop
      vertex -2.97156 -25.3905 2.4
      vertex 2.97156 -25.3905 2.4
      vertex -2.91797 -25.1211 2.4
    endloop
  endfacet
  facet normal 0 0 1
    outer loop
      vertex 2.97156 -25.3905 2.4
      vertex -2.97156 -25.3905 2.4
      vertex 3.05985 -25.6506 2.4
    endloop
  endfacet
  facet normal 0 0 1
    outer loop
      vertex -3.05985 -25.6506 2.4
      vertex 3.05985 -25.6506 2.4
      vertex -2.97156 -25.3905 2.4
    endloop
  endfacet
  facet normal 0 0 1
    outer loop
      vertex -3.18135 -25.897 2.4
      vertex 3.05985 -25.6506 2.4
      vertex -3.05985 -25.6506 2.4
    endloop
  endfacet
  facet normal 0 0 1
    outer loop
      vertex 3.18135 -25.897 2.4
      vertex -3.18135 -25.897 2.4
      vertex -3.33396 -26.1254 2.4
    endloop
  endfacet
  facet normal 0 0 1
    outer loop
      vertex 3.33396 -26.1254 2.4
      vertex -3.33396 -26.1254 2.4
      vertex -3.51508 -26.3319 2.4
    endloop
  endfacet
  facet normal 0 0 1
    outer loop
      vertex 3.51508 -26.3319 2.4
      vertex -3.51508 -26.3319 2.4
      vertex -3.7216 -26.513 2.4
    endloop
  endfacet
  facet normal 0 0 1
    outer loop
      vertex 3.7216 -26.513 2.4
      vertex -3.7216 -26.513 2.4
      vertex -6.80046 -32.6492 2.4
    endloop
  endfacet
  facet normal 0 0 1
    outer loop
      vertex -6.92812 -33.5375 2.4
      vertex 6.92812 -33.5375 2.4
      vertex -6.86261 -33.2699 2.4
    endloop
  endfacet
  facet normal 0 0 1
    outer loop
      vertex -6.96223 -33.6584 2.4
      vertex 6.92812 -33.5375 2.4
      vertex -6.92812 -33.5375 2.4
    endloop
  endfacet
  facet normal 0 0 1
    outer loop
      vertex 6.92812 -33.5375 2.4
      vertex -6.96223 -33.6584 2.4
      vertex 6.99895 -33.762 2.4
    endloop
  endfacet
  facet normal 0 0 1
    outer loop
      vertex -7.04855 -33.8775 2.4
      vertex 6.99895 -33.762 2.4
      vertex -6.96223 -33.6584 2.4
    endloop
  endfacet
  facet normal 0 0 1
    outer loop
      vertex -6.80046 -32.6492 2.4
      vertex -3.7216 -26.513 2.4
      vertex -3.95 -26.6656 2.4
    endloop
  endfacet
  facet normal 0 0 1
    outer loop
      vertex -6.81914 -32.2971 2.4
      vertex -3.95 -26.6656 2.4
      vertex -4.19637 -26.7871 2.4
    endloop
  endfacet
  facet normal 0 0 1
    outer loop
      vertex -6.81914 -32.2971 2.4
      vertex -4.19637 -26.7871 2.4
      vertex -4.45648 -26.8754 2.4
    endloop
  endfacet
  facet normal 0 0 1
    outer loop
      vertex -6.81914 -32.2971 2.4
      vertex -4.45648 -26.8754 2.4
      vertex -4.7259 -26.929 2.4
    endloop
  endfacet
  facet normal 0 0 1
    outer loop
      vertex -6.81914 -32.2971 2.4
      vertex -4.7259 -26.929 2.4
      vertex -5 -26.947 2.4
    endloop
  endfacet
  facet normal 0 0 1
    outer loop
      vertex -6.81914 -32.2971 2.4
      vertex -5 -26.947 2.4
      vertex -5.2741 -26.929 2.4
    endloop
  endfacet
  facet normal 0 0 1
    outer loop
      vertex -6.81914 -32.2971 2.4
      vertex -5.2741 -26.929 2.4
      vertex -5.54352 -26.8754 2.4
    endloop
  endfacet
  facet normal 0 0 1
    outer loop
      vertex -6.81914 -32.2971 2.4
      vertex -5.54352 -26.8754 2.4
      vertex -5.80363 -26.7871 2.4
    endloop
  endfacet
  facet normal 0 0 1
    outer loop
      vertex -6.81914 -32.2971 2.4
      vertex -5.80363 -26.7871 2.4
      vertex -6.05 -26.6656 2.4
    endloop
  endfacet
  facet normal 0 0 1
    outer loop
      vertex -6.81914 -32.2971 2.4
      vertex -6.05 -26.6656 2.4
      vertex -6.2784 -26.513 2.4
    endloop
  endfacet
  facet normal 0 0 1
    outer loop
      vertex -7.13092 -31.2169 2.4
      vertex -6.48492 -26.3319 2.4
      vertex -6.66604 -26.1254 2.4
    endloop
  endfacet
  facet normal 0 0 1
    outer loop
      vertex -6.81914 -32.2971 2.4
      vertex -6.2784 -26.513 2.4
      vertex -6.48492 -26.3319 2.4
    endloop
  endfacet
  facet normal 0 0 1
    outer loop
      vertex -3.95 -26.6656 2.4
      vertex -6.81914 -32.2971 2.4
      vertex -6.80046 -32.6492 2.4
    endloop
  endfacet
  facet normal 0 0 1
    outer loop
      vertex 7.04855 -33.8775 2.4
      vertex -7.04855 -33.8775 2.4
      vertex 7.16603 -34.1265 2.4
    endloop
  endfacet
  facet normal 0 0 1
    outer loop
      vertex -7.16603 -34.1265 2.4
      vertex 7.16603 -34.1265 2.4
      vertex -7.04855 -33.8775 2.4
    endloop
  endfacet
  facet normal 0 0 1
    outer loop
      vertex 7.16603 -34.1265 2.4
      vertex -7.16603 -34.1265 2.4
      vertex 7.34421 -34.4254 2.4
    endloop
  endfacet
  facet normal 0 0 1
    outer loop
      vertex -7.34421 -34.4254 2.4
      vertex 7.34421 -34.4254 2.4
      vertex -7.16603 -34.1265 2.4
    endloop
  endfacet
  facet normal 0 0 1
    outer loop
      vertex 7.34421 -34.4254 2.4
      vertex -7.34421 -34.4254 2.4
      vertex 7.49539 -34.6308 2.4
    endloop
  endfacet
  facet normal 0 0 1
    outer loop
      vertex -7.49539 -34.6308 2.4
      vertex 7.49539 -34.6308 2.4
      vertex -7.34421 -34.4254 2.4
    endloop
  endfacet
  facet normal 0 0 1
    outer loop
      vertex 7.49539 -34.6308 2.4
      vertex -7.49539 -34.6308 2.4
      vertex 7.60751 -34.7684 2.4
    endloop
  endfacet
  facet normal 0 0 1
    outer loop
      vertex -7.60751 -34.7684 2.4
      vertex 7.60751 -34.7684 2.4
      vertex -7.49539 -34.6308 2.4
    endloop
  endfacet
  facet normal 0 0 1
    outer loop
      vertex 7.60751 -34.7684 2.4
      vertex -7.60751 -34.7684 2.4
      vertex 16.989 -45.1874 2.4
    endloop
  endfacet
  facet normal 0 0 1
    outer loop
      vertex 16.989 -45.1874 2.4
      vertex -7.60751 -34.7684 2.4
      vertex -16.989 -45.1874 2.4
    endloop
  endfacet
  facet normal 0 0 1
    outer loop
      vertex -7.13092 -31.2169 2.4
      vertex -6.66604 -26.1254 2.4
      vertex -6.81865 -25.897 2.4
    endloop
  endfacet
  facet normal 0 0 1
    outer loop
      vertex 6.99895 -33.762 2.4
      vertex -7.04855 -33.8775 2.4
      vertex 7.04855 -33.8775 2.4
    endloop
  endfacet
  facet normal 0 0 1
    outer loop
      vertex -6.48492 -26.3319 2.4
      vertex -6.86031 -32.0267 2.4
      vertex -6.81914 -32.2971 2.4
    endloop
  endfacet
  facet normal 0 0 1
    outer loop
      vertex -7.13092 -31.2169 2.4
      vertex -6.81865 -25.897 2.4
      vertex -6.94015 -25.6506 2.4
    endloop
  endfacet
  facet normal 0 0 1
    outer loop
      vertex -6.48492 -26.3319 2.4
      vertex -6.94481 -31.6919 2.4
      vertex -6.86031 -32.0267 2.4
    endloop
  endfacet
  facet normal 0 0 1
    outer loop
      vertex -7.13092 -31.2169 2.4
      vertex -6.94015 -25.6506 2.4
      vertex -7.02844 -25.3905 2.4
    endloop
  endfacet
  facet normal 0 0 1
    outer loop
      vertex -6.48492 -26.3319 2.4
      vertex -7.03734 -31.433 2.4
      vertex -6.94481 -31.6919 2.4
    endloop
  endfacet
  facet normal 0 0 1
    outer loop
      vertex -7.13092 -31.2169 2.4
      vertex -7.02844 -25.3905 2.4
      vertex -7.08203 -25.1211 2.4
    endloop
  endfacet
  facet normal 0 0 1
    outer loop
      vertex -7.13092 -31.2169 2.4
      vertex -7.08203 -25.1211 2.4
      vertex -7.1 -24.847 2.4
    endloop
  endfacet
  facet normal 0 0 1
    outer loop
      vertex -6.48492 -26.3319 2.4
      vertex -7.13092 -31.2169 2.4
      vertex -7.03734 -31.433 2.4
    endloop
  endfacet
  facet normal 0 0 1
    outer loop
      vertex 3.05985 8.46001 2.4
      vertex -3.05985 8.46001 2.4
      vertex -3.18135 8.21364 2.4
    endloop
  endfacet
  facet normal 0 0 1
    outer loop
      vertex 2.9 -24.847 2.4
      vertex -2.9 -24.847 2.4
      vertex 2.91797 -25.1211 2.4
    endloop
  endfacet
  facet normal 0 0 1
    outer loop
      vertex 3.18135 8.21364 2.4
      vertex -3.18135 8.21364 2.4
      vertex -3.33396 7.98524 2.4
    endloop
  endfacet
  facet normal 0 -0 1
    outer loop
      vertex -2.9 -24.847 2.4
      vertex 2.9 -24.847 2.4
      vertex -2.91797 -24.5729 2.4
    endloop
  endfacet
  facet normal 0 0 1
    outer loop
      vertex 3.33396 7.98524 2.4
      vertex -3.33396 7.98524 2.4
      vertex -3.51508 7.77872 2.4
    endloop
  endfacet
  facet normal 0 0 1
    outer loop
      vertex 2.91797 -24.5729 2.4
      vertex -2.91797 -24.5729 2.4
      vertex 2.9 -24.847 2.4
    endloop
  endfacet
  facet normal 0 0 1
    outer loop
      vertex 3.51508 7.77872 2.4
      vertex -3.51508 7.77872 2.4
      vertex -3.7216 7.5976 2.4
    endloop
  endfacet
  facet normal 0 -0 1
    outer loop
      vertex -2.91797 -24.5729 2.4
      vertex 2.91797 -24.5729 2.4
      vertex -2.97156 -24.3035 2.4
    endloop
  endfacet
  facet normal 0 0 1
    outer loop
      vertex 3.7216 7.5976 2.4
      vertex -3.7216 7.5976 2.4
      vertex -3.95 7.44499 2.4
    endloop
  endfacet
  facet normal 0 0 1
    outer loop
      vertex 2.97156 -24.3035 2.4
      vertex -2.97156 -24.3035 2.4
      vertex 2.91797 -24.5729 2.4
    endloop
  endfacet
  facet normal 0 0 1
    outer loop
      vertex 3.51508 -23.3621 2.4
      vertex -3.51508 -23.3621 2.4
      vertex 3.33396 -23.5686 2.4
    endloop
  endfacet
  facet normal 0 -0 1
    outer loop
      vertex -2.97156 -24.3035 2.4
      vertex 2.97156 -24.3035 2.4
      vertex -3.05985 -24.0434 2.4
    endloop
  endfacet
  facet normal 0 -0 1
    outer loop
      vertex -3.18135 -23.797 2.4
      vertex 3.18135 -23.797 2.4
      vertex -3.33396 -23.5686 2.4
    endloop
  endfacet
  facet normal 0 0 1
    outer loop
      vertex 3.05985 -24.0434 2.4
      vertex -3.05985 -24.0434 2.4
      vertex 2.97156 -24.3035 2.4
    endloop
  endfacet
  facet normal 0 0 1
    outer loop
      vertex 3.18135 -23.797 2.4
      vertex -3.18135 -23.797 2.4
      vertex 3.05985 -24.0434 2.4
    endloop
  endfacet
  facet normal 0 -0 1
    outer loop
      vertex -3.05985 -24.0434 2.4
      vertex 3.05985 -24.0434 2.4
      vertex -3.18135 -23.797 2.4
    endloop
  endfacet
  facet normal 0 -0 1
    outer loop
      vertex -3.33396 -23.5686 2.4
      vertex 3.33396 -23.5686 2.4
      vertex -3.51508 -23.3621 2.4
    endloop
  endfacet
  facet normal 0 0 1
    outer loop
      vertex 3.33396 -23.5686 2.4
      vertex -3.33396 -23.5686 2.4
      vertex 3.18135 -23.797 2.4
    endloop
  endfacet
  facet normal 0 -0 1
    outer loop
      vertex -3.95 -23.0283 2.4
      vertex 3.95 -23.0283 2.4
      vertex -4.19637 -22.9068 2.4
    endloop
  endfacet
  facet normal 0 0 1
    outer loop
      vertex 3.95 -23.0283 2.4
      vertex -3.95 -23.0283 2.4
      vertex 3.7216 -23.181 2.4
    endloop
  endfacet
  facet normal -0 0 1
    outer loop
      vertex -4.7259 7.18161 2.4
      vertex -4.45648 -22.8185 2.4
      vertex -4.45648 7.2352 2.4
    endloop
  endfacet
  facet normal 0 0 1
    outer loop
      vertex -4.7259 7.18161 2.4
      vertex -4.7259 -22.765 2.4
      vertex -4.45648 -22.8185 2.4
    endloop
  endfacet
  facet normal -0 0 1
    outer loop
      vertex -5 7.16364 2.4
      vertex -4.7259 -22.765 2.4
      vertex -4.7259 7.18161 2.4
    endloop
  endfacet
  facet normal 0 0 1
    outer loop
      vertex -5 7.16364 2.4
      vertex -5 -22.747 2.4
      vertex -4.7259 -22.765 2.4
    endloop
  endfacet
  facet normal 0 0 1
    outer loop
      vertex -5.2741 7.18161 2.4
      vertex -5 -22.747 2.4
      vertex -5 7.16364 2.4
    endloop
  endfacet
  facet normal 0 0 1
    outer loop
      vertex -5.2741 7.18161 2.4
      vertex -5.2741 -22.765 2.4
      vertex -5 -22.747 2.4
    endloop
  endfacet
  facet normal 0 0 1
    outer loop
      vertex -5.54352 7.2352 2.4
      vertex -5.2741 -22.765 2.4
      vertex -5.2741 7.18161 2.4
    endloop
  endfacet
  facet normal 0 0 1
    outer loop
      vertex -5.54352 7.2352 2.4
      vertex -5.54352 -22.8185 2.4
      vertex -5.2741 -22.765 2.4
    endloop
  endfacet
  facet normal 0 0 1
    outer loop
      vertex -5.80363 7.32349 2.4
      vertex -5.54352 -22.8185 2.4
      vertex -5.54352 7.2352 2.4
    endloop
  endfacet
  facet normal 0 0 1
    outer loop
      vertex -5.80363 7.32349 2.4
      vertex -5.80363 -22.9068 2.4
      vertex -5.54352 -22.8185 2.4
    endloop
  endfacet
  facet normal 0 0 1
    outer loop
      vertex -6.05 7.44499 2.4
      vertex -5.80363 -22.9068 2.4
      vertex -5.80363 7.32349 2.4
    endloop
  endfacet
  facet normal 0 0 1
    outer loop
      vertex -6.05 7.44499 2.4
      vertex -6.05 -23.0283 2.4
      vertex -5.80363 -22.9068 2.4
    endloop
  endfacet
  facet normal 0 0 1
    outer loop
      vertex -6.2784 7.5976 2.4
      vertex -6.05 -23.0283 2.4
      vertex -6.05 7.44499 2.4
    endloop
  endfacet
  facet normal 0 0 1
    outer loop
      vertex -6.2784 7.5976 2.4
      vertex -6.2784 -23.181 2.4
      vertex -6.05 -23.0283 2.4
    endloop
  endfacet
  facet normal 0 0 1
    outer loop
      vertex -6.48492 7.77872 2.4
      vertex -6.2784 -23.181 2.4
      vertex -6.2784 7.5976 2.4
    endloop
  endfacet
  facet normal 0 0 1
    outer loop
      vertex -6.48492 7.77872 2.4
      vertex -6.48492 -23.3621 2.4
      vertex -6.2784 -23.181 2.4
    endloop
  endfacet
  facet normal 0 0 1
    outer loop
      vertex -6.66604 7.98524 2.4
      vertex -6.48492 -23.3621 2.4
      vertex -6.48492 7.77872 2.4
    endloop
  endfacet
  facet normal 0 0 1
    outer loop
      vertex -6.66604 7.98524 2.4
      vertex -6.66604 -23.5686 2.4
      vertex -6.48492 -23.3621 2.4
    endloop
  endfacet
  facet normal 0 0 1
    outer loop
      vertex -6.81865 8.21364 2.4
      vertex -6.66604 -23.5686 2.4
      vertex -6.66604 7.98524 2.4
    endloop
  endfacet
  facet normal 0 0 1
    outer loop
      vertex -6.81865 8.21364 2.4
      vertex -6.81865 -23.797 2.4
      vertex -6.66604 -23.5686 2.4
    endloop
  endfacet
  facet normal 0 0 1
    outer loop
      vertex -6.94015 8.46001 2.4
      vertex -6.81865 -23.797 2.4
      vertex -6.81865 8.21364 2.4
    endloop
  endfacet
  facet normal 0 0 1
    outer loop
      vertex -6.94015 8.46001 2.4
      vertex -6.94015 -24.0434 2.4
      vertex -6.81865 -23.797 2.4
    endloop
  endfacet
  facet normal 0 0 1
    outer loop
      vertex -7.02844 8.72012 2.4
      vertex -6.94015 -24.0434 2.4
      vertex -6.94015 8.46001 2.4
    endloop
  endfacet
  facet normal 0 0 1
    outer loop
      vertex -7.02844 8.72012 2.4
      vertex -7.02844 -24.3035 2.4
      vertex -6.94015 -24.0434 2.4
    endloop
  endfacet
  facet normal 0 0 1
    outer loop
      vertex -7.08203 8.98954 2.4
      vertex -7.02844 -24.3035 2.4
      vertex -7.02844 8.72012 2.4
    endloop
  endfacet
  facet normal 0 0 1
    outer loop
      vertex -7.08203 8.98954 2.4
      vertex -7.08203 -24.5729 2.4
      vertex -7.02844 -24.3035 2.4
    endloop
  endfacet
  facet normal 0 0 1
    outer loop
      vertex -7.1 9.26364 2.4
      vertex -7.08203 -24.5729 2.4
      vertex -7.08203 8.98954 2.4
    endloop
  endfacet
  facet normal 0 0 1
    outer loop
      vertex -7.08203 -24.5729 2.4
      vertex -7.1 9.26364 2.4
      vertex -7.1 -24.847 2.4
    endloop
  endfacet
  facet normal 0 0 1
    outer loop
      vertex -2.91797 8.98954 2.4
      vertex 2.9 9.26364 2.4
      vertex -2.9 9.26364 2.4
    endloop
  endfacet
  facet normal 0 0 1
    outer loop
      vertex 2.91797 8.98954 2.4
      vertex -2.91797 8.98954 2.4
      vertex -2.97156 8.72012 2.4
    endloop
  endfacet
  facet normal 0 0 1
    outer loop
      vertex 2.97156 42.8307 2.4
      vertex -2.97156 42.8307 2.4
      vertex -3.05985 42.5706 2.4
    endloop
  endfacet
  facet normal 0 0 1
    outer loop
      vertex 2.91797 9.53774 2.4
      vertex -2.91797 9.53774 2.4
      vertex 2.9 9.26364 2.4
    endloop
  endfacet
  facet normal 0 0 1
    outer loop
      vertex 3.05985 42.5706 2.4
      vertex -3.05985 42.5706 2.4
      vertex -3.18135 42.3243 2.4
    endloop
  endfacet
  facet normal 0 -0 1
    outer loop
      vertex -2.91797 9.53774 2.4
      vertex 2.91797 9.53774 2.4
      vertex -2.97156 9.80716 2.4
    endloop
  endfacet
  facet normal 0 0 1
    outer loop
      vertex 3.18135 42.3243 2.4
      vertex -3.18135 42.3243 2.4
      vertex -3.33396 42.0959 2.4
    endloop
  endfacet
  facet normal 0 0 1
    outer loop
      vertex 2.97156 9.80716 2.4
      vertex -2.97156 9.80716 2.4
      vertex 2.91797 9.53774 2.4
    endloop
  endfacet
  facet normal 0 0 1
    outer loop
      vertex 3.33396 42.0959 2.4
      vertex -3.33396 42.0959 2.4
      vertex -3.51508 41.8893 2.4
    endloop
  endfacet
  facet normal 0 -0 1
    outer loop
      vertex -2.97156 9.80716 2.4
      vertex 2.97156 9.80716 2.4
      vertex -3.05985 10.0673 2.4
    endloop
  endfacet
  facet normal 0 0 1
    outer loop
      vertex 3.51508 41.8893 2.4
      vertex -3.51508 41.8893 2.4
      vertex -3.7216 41.7082 2.4
    endloop
  endfacet
  facet normal 0 0 1
    outer loop
      vertex 3.05985 10.0673 2.4
      vertex -3.05985 10.0673 2.4
      vertex 2.97156 9.80716 2.4
    endloop
  endfacet
  facet normal 0 0 1
    outer loop
      vertex 3.7216 41.7082 2.4
      vertex -3.7216 41.7082 2.4
      vertex -3.95 41.5556 2.4
    endloop
  endfacet
  facet normal 0 -0 1
    outer loop
      vertex -3.05985 10.0673 2.4
      vertex 3.05985 10.0673 2.4
      vertex -3.18135 10.3136 2.4
    endloop
  endfacet
  facet normal 0 -0 1
    outer loop
      vertex -3.51508 10.7486 2.4
      vertex 3.51508 10.7486 2.4
      vertex -3.7216 10.9297 2.4
    endloop
  endfacet
  facet normal 0 0 1
    outer loop
      vertex 3.18135 10.3136 2.4
      vertex -3.18135 10.3136 2.4
      vertex 3.05985 10.0673 2.4
    endloop
  endfacet
  facet normal 0 -0 1
    outer loop
      vertex -3.33396 10.542 2.4
      vertex 3.33396 10.542 2.4
      vertex -3.51508 10.7486 2.4
    endloop
  endfacet
  facet normal 0 0 1
    outer loop
      vertex 3.33396 10.542 2.4
      vertex -3.33396 10.542 2.4
      vertex 3.18135 10.3136 2.4
    endloop
  endfacet
  facet normal 0 0 1
    outer loop
      vertex -12.7779 32.0133 2.4
      vertex -4.19637 41.4341 2.4
      vertex -4.45648 41.3458 2.4
    endloop
  endfacet
  facet normal 0 0 1
    outer loop
      vertex 3.51508 10.7486 2.4
      vertex -3.51508 10.7486 2.4
      vertex 3.33396 10.542 2.4
    endloop
  endfacet
  facet normal 0 0 1
    outer loop
      vertex -12.7779 32.0133 2.4
      vertex -4.45648 41.3458 2.4
      vertex -4.7259 41.2922 2.4
    endloop
  endfacet
  facet normal 0 -0 1
    outer loop
      vertex -3.95 11.0823 2.4
      vertex 3.95 11.0823 2.4
      vertex -4.19637 11.2038 2.4
    endloop
  endfacet
  facet normal 0 0 1
    outer loop
      vertex -12.7779 32.0133 2.4
      vertex -4.7259 41.2922 2.4
      vertex -5 41.2743 2.4
    endloop
  endfacet
  facet normal 0 0 1
    outer loop
      vertex -4.45648 11.2921 2.4
      vertex -12.7779 32.0133 2.4
      vertex -4.7259 11.3457 2.4
    endloop
  endfacet
  facet normal 0 0 1
    outer loop
      vertex -12.7779 32.0133 2.4
      vertex -5 41.2743 2.4
      vertex -5.2741 41.2922 2.4
    endloop
  endfacet
  facet normal 0 0 1
    outer loop
      vertex -4.7259 11.3457 2.4
      vertex -12.7779 32.0133 2.4
      vertex -5 11.3636 2.4
    endloop
  endfacet
  facet normal 0 0 1
    outer loop
      vertex -12.7779 32.0133 2.4
      vertex -5.2741 41.2922 2.4
      vertex -5.54352 41.3458 2.4
    endloop
  endfacet
  facet normal 0 0 1
    outer loop
      vertex -5 11.3636 2.4
      vertex -12.7779 32.0133 2.4
      vertex -5.2741 11.3457 2.4
    endloop
  endfacet
  facet normal 0 0 1
    outer loop
      vertex -12.7779 32.0133 2.4
      vertex -5.54352 41.3458 2.4
      vertex -5.80363 41.4341 2.4
    endloop
  endfacet
  facet normal 0 0 1
    outer loop
      vertex -5.2741 11.3457 2.4
      vertex -12.7779 32.0133 2.4
      vertex -5.54352 11.2921 2.4
    endloop
  endfacet
  facet normal 0 0 1
    outer loop
      vertex -12.7779 32.0133 2.4
      vertex -5.80363 41.4341 2.4
      vertex -6.05 41.5556 2.4
    endloop
  endfacet
  facet normal 0 0 1
    outer loop
      vertex -5.54352 11.2921 2.4
      vertex -12.7779 32.0133 2.4
      vertex -5.80363 11.2038 2.4
    endloop
  endfacet
  facet normal 0 0 1
    outer loop
      vertex -12.7779 32.0133 2.4
      vertex -6.05 41.5556 2.4
      vertex -6.2784 41.7082 2.4
    endloop
  endfacet
  facet normal 0 0 1
    outer loop
      vertex -5.80363 11.2038 2.4
      vertex -12.7779 32.0133 2.4
      vertex -6.05 11.0823 2.4
    endloop
  endfacet
  facet normal 0 0 1
    outer loop
      vertex -12.7779 32.0133 2.4
      vertex -6.2784 41.7082 2.4
      vertex -6.48492 41.8893 2.4
    endloop
  endfacet
  facet normal 0 0 1
    outer loop
      vertex -6.05 11.0823 2.4
      vertex -12.7779 32.0133 2.4
      vertex -6.2784 10.9297 2.4
    endloop
  endfacet
  facet normal 0 0 1
    outer loop
      vertex -12.7779 32.0133 2.4
      vertex -6.48492 41.8893 2.4
      vertex -6.66604 42.0959 2.4
    endloop
  endfacet
  facet normal 0 0 1
    outer loop
      vertex -6.2784 10.9297 2.4
      vertex -12.7779 32.0133 2.4
      vertex -6.48492 10.7486 2.4
    endloop
  endfacet
  facet normal 0 0 1
    outer loop
      vertex -12.7779 32.0133 2.4
      vertex -6.66604 42.0959 2.4
      vertex -6.81865 42.3243 2.4
    endloop
  endfacet
  facet normal 0 0 1
    outer loop
      vertex -6.48492 10.7486 2.4
      vertex -12.7779 32.0133 2.4
      vertex -6.66604 10.542 2.4
    endloop
  endfacet
  facet normal 0 0 1
    outer loop
      vertex -12.7779 32.0133 2.4
      vertex -6.81865 42.3243 2.4
      vertex -6.94015 42.5706 2.4
    endloop
  endfacet
  facet normal 0 0 1
    outer loop
      vertex -6.66604 10.542 2.4
      vertex -12.7779 32.0133 2.4
      vertex -6.81865 10.3136 2.4
    endloop
  endfacet
  facet normal 0 0 1
    outer loop
      vertex -12.7779 32.0133 2.4
      vertex -6.94015 42.5706 2.4
      vertex -7.02844 42.8307 2.4
    endloop
  endfacet
  facet normal 0 0 1
    outer loop
      vertex -6.81865 10.3136 2.4
      vertex -12.7779 32.0133 2.4
      vertex -6.94015 10.0673 2.4
    endloop
  endfacet
  facet normal 0 0 1
    outer loop
      vertex -12.7779 32.0133 2.4
      vertex -7.02844 42.8307 2.4
      vertex -7.08203 43.1002 2.4
    endloop
  endfacet
  facet normal 0 0 1
    outer loop
      vertex -20 -1.964 2.4
      vertex -6.94015 10.0673 2.4
      vertex -12.7779 32.0133 2.4
    endloop
  endfacet
  facet normal 0 0 1
    outer loop
      vertex -12.7779 32.0133 2.4
      vertex -7.08203 43.1002 2.4
      vertex -7.1 43.3743 2.4
    endloop
  endfacet
  facet normal 0 0 1
    outer loop
      vertex -6.94015 10.0673 2.4
      vertex -20 -1.964 2.4
      vertex -7.02844 9.80716 2.4
    endloop
  endfacet
  facet normal 0 0 1
    outer loop
      vertex -12.7499 32.1858 2.4
      vertex -7.1 43.3743 2.4
      vertex -12.7213 32.4391 2.4
    endloop
  endfacet
  facet normal 0 0 1
    outer loop
      vertex -12.7779 32.0133 2.4
      vertex -7.1 43.3743 2.4
      vertex -12.7499 32.1858 2.4
    endloop
  endfacet
  facet normal 0 0 1
    outer loop
      vertex -7.1 -24.847 2.4
      vertex -7.72142 -30.3974 2.4
      vertex -7.54872 -30.5856 2.4
    endloop
  endfacet
  facet normal 0 0 1
    outer loop
      vertex -7.1 -24.847 2.4
      vertex -7.84331 -30.2766 2.4
      vertex -7.72142 -30.3974 2.4
    endloop
  endfacet
  facet normal 0 0 1
    outer loop
      vertex -7.1 -24.847 2.4
      vertex -20 -19.3304 2.4
      vertex -7.84331 -30.2766 2.4
    endloop
  endfacet
  facet normal 0.775231 0.631678 0
    outer loop
      vertex 7.60751 -34.7684 2.4
      vertex 7.49539 -34.6308 0
      vertex 7.49539 -34.6308 2.4
    endloop
  endfacet
  facet normal 0.775231 0.631678 0
    outer loop
      vertex 7.49539 -34.6308 0
      vertex 7.60751 -34.7684 2.4
      vertex 7.60751 -34.7684 0
    endloop
  endfacet
  facet normal 0.805369 0.592774 0
    outer loop
      vertex 7.49539 -34.6308 2.4
      vertex 7.34421 -34.4254 0
      vertex 7.34421 -34.4254 2.4
    endloop
  endfacet
  facet normal 0.805369 0.592774 0
    outer loop
      vertex 7.34421 -34.4254 0
      vertex 7.49539 -34.6308 2.4
      vertex 7.49539 -34.6308 0
    endloop
  endfacet
  facet normal 0.85896 0.512043 0
    outer loop
      vertex 7.34421 -34.4254 2.4
      vertex 7.16603 -34.1265 0
      vertex 7.16603 -34.1265 2.4
    endloop
  endfacet
  facet normal 0.85896 0.512043 0
    outer loop
      vertex 7.16603 -34.1265 0
      vertex 7.34421 -34.4254 2.4
      vertex 7.34421 -34.4254 0
    endloop
  endfacet
  facet normal 0.904394 0.426699 0
    outer loop
      vertex 7.16603 -34.1265 2.4
      vertex 7.04855 -33.8775 0
      vertex 7.04855 -33.8775 2.4
    endloop
  endfacet
  facet normal 0.904394 0.426699 0
    outer loop
      vertex 7.04855 -33.8775 0
      vertex 7.16603 -34.1265 2.4
      vertex 7.16603 -34.1265 0
    endloop
  endfacet
  facet normal 0.918857 0.394591 0
    outer loop
      vertex 7.04855 -33.8775 2.4
      vertex 6.99895 -33.762 0
      vertex 6.99895 -33.762 2.4
    endloop
  endfacet
  facet normal 0.918857 0.394591 0
    outer loop
      vertex 6.99895 -33.762 0
      vertex 7.04855 -33.8775 2.4
      vertex 7.04855 -33.8775 0
    endloop
  endfacet
  facet normal 0.953662 0.300881 0
    outer loop
      vertex 6.99895 -33.762 2.4
      vertex 6.92812 -33.5375 0
      vertex 6.92812 -33.5375 2.4
    endloop
  endfacet
  facet normal 0.953662 0.300881 0
    outer loop
      vertex 6.92812 -33.5375 0
      vertex 6.99895 -33.762 2.4
      vertex 6.99895 -33.762 0
    endloop
  endfacet
  facet normal 0.971318 0.237784 0
    outer loop
      vertex 6.92812 -33.5375 2.4
      vertex 6.86261 -33.2699 0
      vertex 6.86261 -33.2699 2.4
    endloop
  endfacet
  facet normal 0.971318 0.237784 0
    outer loop
      vertex 6.86261 -33.2699 0
      vertex 6.92812 -33.5375 2.4
      vertex 6.92812 -33.5375 0
    endloop
  endfacet
  facet normal 0.98985 0.142113 0
    outer loop
      vertex 6.86261 -33.2699 2.4
      vertex 6.81282 -32.9231 0
      vertex 6.81282 -32.9231 2.4
    endloop
  endfacet
  facet normal 0.98985 0.142113 0
    outer loop
      vertex 6.81282 -32.9231 0
      vertex 6.86261 -33.2699 2.4
      vertex 6.86261 -33.2699 0
    endloop
  endfacet
  facet normal 0.998983 0.0450801 0
    outer loop
      vertex 6.81282 -32.9231 2.4
      vertex 6.80046 -32.6492 0
      vertex 6.80046 -32.6492 2.4
    endloop
  endfacet
  facet normal 0.998983 0.0450801 0
    outer loop
      vertex 6.80046 -32.6492 0
      vertex 6.81282 -32.9231 2.4
      vertex 6.81282 -32.9231 0
    endloop
  endfacet
  facet normal 0.998596 -0.0529786 0
    outer loop
      vertex 6.80046 -32.6492 2.4
      vertex 6.81914 -32.2971 0
      vertex 6.81914 -32.2971 2.4
    endloop
  endfacet
  facet normal 0.998596 -0.0529786 0
    outer loop
      vertex 6.81914 -32.2971 0
      vertex 6.80046 -32.6492 2.4
      vertex 6.80046 -32.6492 0
    endloop
  endfacet
  facet normal 0.988607 -0.150521 0
    outer loop
      vertex 6.81914 -32.2971 2.4
      vertex 6.86031 -32.0267 0
      vertex 6.86031 -32.0267 2.4
    endloop
  endfacet
  facet normal 0.988607 -0.150521 0
    outer loop
      vertex 6.86031 -32.0267 0
      vertex 6.81914 -32.2971 2.4
      vertex 6.81914 -32.2971 0
    endloop
  endfacet
  facet normal 0.969595 -0.244716 0
    outer loop
      vertex 6.86031 -32.0267 2.4
      vertex 6.94481 -31.6919 0
      vertex 6.94481 -31.6919 2.4
    endloop
  endfacet
  facet normal 0.969595 -0.244716 0
    outer loop
      vertex 6.94481 -31.6919 0
      vertex 6.86031 -32.0267 2.4
      vertex 6.86031 -32.0267 0
    endloop
  endfacet
  facet normal 0.941666 -0.336548 0
    outer loop
      vertex 6.94481 -31.6919 2.4
      vertex 7.03734 -31.433 0
      vertex 7.03734 -31.433 2.4
    endloop
  endfacet
  facet normal 0.941666 -0.336548 0
    outer loop
      vertex 7.03734 -31.433 0
      vertex 6.94481 -31.6919 2.4
      vertex 6.94481 -31.6919 0
    endloop
  endfacet
  facet normal 0.92947 -0.368898 0
    outer loop
      vertex 7.03734 -31.433 2.4
      vertex 7.0833 -31.3172 0
      vertex 7.0833 -31.3172 2.4
    endloop
  endfacet
  facet normal 0.92947 -0.368898 0
    outer loop
      vertex 7.0833 -31.3172 0
      vertex 7.03734 -31.433 2.4
      vertex 7.03734 -31.433 0
    endloop
  endfacet
  facet normal 0.887894 -0.460048 0
    outer loop
      vertex 7.0833 -31.3172 2.4
      vertex 7.19159 -31.1082 0
      vertex 7.19159 -31.1082 2.4
    endloop
  endfacet
  facet normal 0.887894 -0.460048 0
    outer loop
      vertex 7.19159 -31.1082 0
      vertex 7.0833 -31.3172 2.4
      vertex 7.0833 -31.3172 0
    endloop
  endfacet
  facet normal 0.855971 -0.517024 0
    outer loop
      vertex 7.19159 -31.1082 2.4
      vertex 7.33432 -30.8719 0
      vertex 7.33432 -30.8719 2.4
    endloop
  endfacet
  facet normal 0.855971 -0.517024 0
    outer loop
      vertex 7.33432 -30.8719 0
      vertex 7.19159 -31.1082 2.4
      vertex 7.19159 -31.1082 0
    endloop
  endfacet
  facet normal 0.838108 -0.545504 0
    outer loop
      vertex 7.33432 -30.8719 2.4
      vertex 7.40123 -30.7691 0
      vertex 7.40123 -30.7691 2.4
    endloop
  endfacet
  facet normal 0.838108 -0.545504 0
    outer loop
      vertex 7.40123 -30.7691 0
      vertex 7.33432 -30.8719 2.4
      vertex 7.33432 -30.8719 0
    endloop
  endfacet
  facet normal 0.779437 -0.626481 0
    outer loop
      vertex 7.40123 -30.7691 2.4
      vertex 7.54872 -30.5856 0
      vertex 7.54872 -30.5856 2.4
    endloop
  endfacet
  facet normal 0.779437 -0.626481 0
    outer loop
      vertex 7.54872 -30.5856 0
      vertex 7.40123 -30.7691 2.4
      vertex 7.40123 -30.7691 0
    endloop
  endfacet
  facet normal 0.736797 -0.676115 0
    outer loop
      vertex 7.54872 -30.5856 2.4
      vertex 7.72142 -30.3974 0
      vertex 7.72142 -30.3974 2.4
    endloop
  endfacet
  facet normal 0.736797 -0.676115 0
    outer loop
      vertex 7.72142 -30.3974 0
      vertex 7.54872 -30.5856 2.4
      vertex 7.54872 -30.5856 0
    endloop
  endfacet
  facet normal 0.703924 -0.710275 0
    outer loop
      vertex 7.72142 -30.3974 0
      vertex 7.84331 -30.2766 2.4
      vertex 7.72142 -30.3974 2.4
    endloop
  endfacet
  facet normal 0.703924 -0.710275 0
    outer loop
      vertex 7.84331 -30.2766 2.4
      vertex 7.72142 -30.3974 0
      vertex 7.84331 -30.2766 0
    endloop
  endfacet
  facet normal 0.66914 -0.743137 0
    outer loop
      vertex 7.84331 -30.2766 0
      vertex 20 -19.3304 2.4
      vertex 7.84331 -30.2766 2.4
    endloop
  endfacet
  facet normal 0.66914 -0.743137 0
    outer loop
      vertex 20 -19.3304 2.4
      vertex 7.84331 -30.2766 0
      vertex 20 -19.3304 0
    endloop
  endfacet
  facet normal 1 -0 0
    outer loop
      vertex 20 -19.3304 2.4
      vertex 20 -1.964 0
      vertex 20 -1.964 2.4
    endloop
  endfacet
  facet normal 1 0 0
    outer loop
      vertex 20 -1.964 0
      vertex 20 -19.3304 2.4
      vertex 20 -19.3304 0
    endloop
  endfacet
  facet normal 0.978148 0.207912 0
    outer loop
      vertex 20 -1.964 2.4
      vertex 12.7779 32.0133 0
      vertex 12.7779 32.0133 2.4
    endloop
  endfacet
  facet normal 0.978148 0.207912 0
    outer loop
      vertex 12.7779 32.0133 0
      vertex 20 -1.964 2.4
      vertex 20 -1.964 0
    endloop
  endfacet
  facet normal 0.987081 0.160222 0
    outer loop
      vertex 12.7779 32.0133 2.4
      vertex 12.7499 32.1858 0
      vertex 12.7499 32.1858 2.4
    endloop
  endfacet
  facet normal 0.987081 0.160222 0
    outer loop
      vertex 12.7499 32.1858 0
      vertex 12.7779 32.0133 2.4
      vertex 12.7779 32.0133 0
    endloop
  endfacet
  facet normal 0.993686 0.112197 0
    outer loop
      vertex 12.7499 32.1858 2.4
      vertex 12.7213 32.4391 0
      vertex 12.7213 32.4391 2.4
    endloop
  endfacet
  facet normal 0.993686 0.112197 0
    outer loop
      vertex 12.7213 32.4391 0
      vertex 12.7499 32.1858 2.4
      vertex 12.7499 32.1858 0
    endloop
  endfacet
  facet normal 0.996895 0.0787463 0
    outer loop
      vertex 12.7213 32.4391 2.4
      vertex 12.7119 32.5581 0
      vertex 12.7119 32.5581 2.4
    endloop
  endfacet
  facet normal 0.996895 0.0787463 0
    outer loop
      vertex 12.7119 32.5581 0
      vertex 12.7213 32.4391 2.4
      vertex 12.7213 32.4391 0
    endloop
  endfacet
  facet normal 0.999809 -0.0195375 0
    outer loop
      vertex 12.7119 32.5581 2.4
      vertex 12.7165 32.7935 0
      vertex 12.7165 32.7935 2.4
    endloop
  endfacet
  facet normal 0.999809 -0.0195375 0
    outer loop
      vertex 12.7165 32.7935 0
      vertex 12.7119 32.5581 2.4
      vertex 12.7119 32.5581 0
    endloop
  endfacet
  facet normal 0.996399 -0.0847845 0
    outer loop
      vertex 12.7165 32.7935 2.4
      vertex 12.7399 33.0685 0
      vertex 12.7399 33.0685 2.4
    endloop
  endfacet
  facet normal 0.996399 -0.0847845 0
    outer loop
      vertex 12.7399 33.0685 0
      vertex 12.7165 32.7935 2.4
      vertex 12.7165 32.7935 0
    endloop
  endfacet
  facet normal 0.992942 -0.118597 0
    outer loop
      vertex 12.7399 33.0685 2.4
      vertex 12.7544 33.1899 0
      vertex 12.7544 33.1899 2.4
    endloop
  endfacet
  facet normal 0.992942 -0.118597 0
    outer loop
      vertex 12.7544 33.1899 0
      vertex 12.7399 33.0685 2.4
      vertex 12.7399 33.0685 0
    endloop
  endfacet
  facet normal 0.976247 -0.216661 0
    outer loop
      vertex 12.7544 33.1899 2.4
      vertex 12.8054 33.4197 0
      vertex 12.8054 33.4197 2.4
    endloop
  endfacet
  facet normal 0.976247 -0.216661 0
    outer loop
      vertex 12.8054 33.4197 0
      vertex 12.7544 33.1899 2.4
      vertex 12.7544 33.1899 0
    endloop
  endfacet
  facet normal 0.960016 -0.279944 0
    outer loop
      vertex 12.8054 33.4197 2.4
      vertex 12.8825 33.6841 0
      vertex 12.8825 33.6841 2.4
    endloop
  endfacet
  facet normal 0.960016 -0.279944 0
    outer loop
      vertex 12.8825 33.6841 0
      vertex 12.8054 33.4197 2.4
      vertex 12.8054 33.4197 0
    endloop
  endfacet
  facet normal 0.928299 -0.371835 0
    outer loop
      vertex 12.8825 33.6841 2.4
      vertex 13.0124 34.0084 0
      vertex 13.0124 34.0084 2.4
    endloop
  endfacet
  facet normal 0.928299 -0.371835 0
    outer loop
      vertex 13.0124 34.0084 0
      vertex 12.8825 33.6841 2.4
      vertex 12.8825 33.6841 0
    endloop
  endfacet
  facet normal 0.887826 -0.460178 0
    outer loop
      vertex 13.0124 34.0084 2.4
      vertex 13.1383 34.2513 0
      vertex 13.1383 34.2513 2.4
    endloop
  endfacet
  facet normal 0.887826 -0.460178 0
    outer loop
      vertex 13.1383 34.2513 0
      vertex 13.0124 34.0084 2.4
      vertex 13.0124 34.0084 0
    endloop
  endfacet
  facet normal 0.838645 -0.544678 0
    outer loop
      vertex 13.1383 34.2513 2.4
      vertex 13.3297 34.546 0
      vertex 13.3297 34.546 2.4
    endloop
  endfacet
  facet normal 0.838645 -0.544678 0
    outer loop
      vertex 13.3297 34.546 0
      vertex 13.1383 34.2513 2.4
      vertex 13.1383 34.2513 0
    endloop
  endfacet
  facet normal 0.781617 -0.623759 0
    outer loop
      vertex 13.3297 34.546 2.4
      vertex 13.5004 34.7599 0
      vertex 13.5004 34.7599 2.4
    endloop
  endfacet
  facet normal 0.781617 -0.623759 0
    outer loop
      vertex 13.5004 34.7599 0
      vertex 13.3297 34.546 2.4
      vertex 13.3297 34.546 0
    endloop
  endfacet
  facet normal 0.717198 -0.69687 0
    outer loop
      vertex 13.5004 34.7599 2.4
      vertex 13.7438 35.0104 0
      vertex 13.7438 35.0104 2.4
    endloop
  endfacet
  facet normal 0.717198 -0.69687 0
    outer loop
      vertex 13.7438 35.0104 0
      vertex 13.5004 34.7599 2.4
      vertex 13.5004 34.7599 0
    endloop
  endfacet
  facet normal 0.646414 -0.762987 0
    outer loop
      vertex 13.7438 35.0104 0
      vertex 13.9539 35.1884 2.4
      vertex 13.7438 35.0104 2.4
    endloop
  endfacet
  facet normal 0.646414 -0.762987 0
    outer loop
      vertex 13.9539 35.1884 2.4
      vertex 13.7438 35.0104 0
      vertex 13.9539 35.1884 0
    endloop
  endfacet
  facet normal 0.619803 -0.784757 0
    outer loop
      vertex 13.9539 35.1884 0
      vertex 14.05 35.2643 2.4
      vertex 13.9539 35.1884 2.4
    endloop
  endfacet
  facet normal 0.619803 -0.784757 0
    outer loop
      vertex 14.05 35.2643 2.4
      vertex 13.9539 35.1884 0
      vertex 14.05 35.2643 0
    endloop
  endfacet
  facet normal 0.539018 -0.842295 0
    outer loop
      vertex 14.05 35.2643 0
      vertex 14.2483 35.3912 2.4
      vertex 14.05 35.2643 2.4
    endloop
  endfacet
  facet normal 0.539018 -0.842295 0
    outer loop
      vertex 14.2483 35.3912 2.4
      vertex 14.05 35.2643 0
      vertex 14.2483 35.3912 0
    endloop
  endfacet
  facet normal 0.482809 -0.875726 0
    outer loop
      vertex 14.2483 35.3912 0
      vertex 14.4899 35.5244 2.4
      vertex 14.2483 35.3912 2.4
    endloop
  endfacet
  facet normal 0.482809 -0.875726 0
    outer loop
      vertex 14.4899 35.5244 2.4
      vertex 14.2483 35.3912 0
      vertex 14.4899 35.5244 0
    endloop
  endfacet
  facet normal 0.452908 -0.891557 0
    outer loop
      vertex 14.4899 35.5244 0
      vertex 14.5962 35.5784 2.4
      vertex 14.4899 35.5244 2.4
    endloop
  endfacet
  facet normal 0.452908 -0.891557 0
    outer loop
      vertex 14.5962 35.5784 2.4
      vertex 14.4899 35.5244 0
      vertex 14.5962 35.5784 0
    endloop
  endfacet
  facet normal 0.363471 -0.931606 0
    outer loop
      vertex 14.5962 35.5784 0
      vertex 14.8156 35.664 2.4
      vertex 14.5962 35.5784 2.4
    endloop
  endfacet
  facet normal 0.363471 -0.931606 0
    outer loop
      vertex 14.8156 35.664 2.4
      vertex 14.5962 35.5784 0
      vertex 14.8156 35.664 0
    endloop
  endfacet
  facet normal 0.30207 -0.953286 0
    outer loop
      vertex 14.8156 35.664 0
      vertex 15.0586 35.741 2.4
      vertex 14.8156 35.664 2.4
    endloop
  endfacet
  facet normal 0.30207 -0.953286 0
    outer loop
      vertex 15.0586 35.741 2.4
      vertex 14.8156 35.664 0
      vertex 15.0586 35.741 0
    endloop
  endfacet
  facet normal 0.255028 -0.966934 0
    outer loop
      vertex 15.0586 35.741 0
      vertex 15.2277 35.7856 2.4
      vertex 15.0586 35.741 2.4
    endloop
  endfacet
  facet normal 0.255028 -0.966934 0
    outer loop
      vertex 15.2277 35.7856 2.4
      vertex 15.0586 35.741 0
      vertex 15.2277 35.7856 0
    endloop
  endfacet
  facet normal 0.207915 -0.978147 0
    outer loop
      vertex 15.2277 35.7856 0
      vertex 20 36.8 2.4
      vertex 15.2277 35.7856 2.4
    endloop
  endfacet
  facet normal 0.207915 -0.978147 0
    outer loop
      vertex 20 36.8 2.4
      vertex 15.2277 35.7856 0
      vertex 20 36.8 0
    endloop
  endfacet
  facet normal 1 -0 0
    outer loop
      vertex 20 36.8 2.4
      vertex 20 63.7147 0
      vertex 20 63.7147 2.4
    endloop
  endfacet
  facet normal 1 0 0
    outer loop
      vertex 20 63.7147 0
      vertex 20 36.8 2.4
      vertex 20 36.8 0
    endloop
  endfacet
  facet normal 0 1 -0
    outer loop
      vertex 20 63.7147 0
      vertex -20 63.7147 2.4
      vertex 20 63.7147 2.4
    endloop
  endfacet
  facet normal 0 1 0
    outer loop
      vertex -20 63.7147 2.4
      vertex 20 63.7147 0
      vertex -20 63.7147 0
    endloop
  endfacet
  facet normal -1 0 0
    outer loop
      vertex -20 36.8 0
      vertex -20 63.7147 2.4
      vertex -20 63.7147 0
    endloop
  endfacet
  facet normal -1 -0 0
    outer loop
      vertex -20 63.7147 2.4
      vertex -20 36.8 0
      vertex -20 36.8 2.4
    endloop
  endfacet
  facet normal -0.207915 -0.978147 0
    outer loop
      vertex -20 36.8 0
      vertex -15.2277 35.7856 2.4
      vertex -20 36.8 2.4
    endloop
  endfacet
  facet normal -0.207915 -0.978147 -0
    outer loop
      vertex -15.2277 35.7856 2.4
      vertex -20 36.8 0
      vertex -15.2277 35.7856 0
    endloop
  endfacet
  facet normal -0.255028 -0.966934 0
    outer loop
      vertex -15.2277 35.7856 0
      vertex -15.0586 35.741 2.4
      vertex -15.2277 35.7856 2.4
    endloop
  endfacet
  facet normal -0.255028 -0.966934 -0
    outer loop
      vertex -15.0586 35.741 2.4
      vertex -15.2277 35.7856 0
      vertex -15.0586 35.741 0
    endloop
  endfacet
  facet normal -0.30207 -0.953286 0
    outer loop
      vertex -15.0586 35.741 0
      vertex -14.8156 35.664 2.4
      vertex -15.0586 35.741 2.4
    endloop
  endfacet
  facet normal -0.30207 -0.953286 -0
    outer loop
      vertex -14.8156 35.664 2.4
      vertex -15.0586 35.741 0
      vertex -14.8156 35.664 0
    endloop
  endfacet
  facet normal -0.332776 -0.943006 0
    outer loop
      vertex -14.8156 35.664 0
      vertex -14.7031 35.6243 2.4
      vertex -14.8156 35.664 2.4
    endloop
  endfacet
  facet normal -0.332776 -0.943006 -0
    outer loop
      vertex -14.7031 35.6243 2.4
      vertex -14.8156 35.664 0
      vertex -14.7031 35.6243 0
    endloop
  endfacet
  facet normal -0.424303 -0.90552 0
    outer loop
      vertex -14.7031 35.6243 0
      vertex -14.4899 35.5244 2.4
      vertex -14.7031 35.6243 2.4
    endloop
  endfacet
  facet normal -0.424303 -0.90552 -0
    outer loop
      vertex -14.4899 35.5244 2.4
      vertex -14.7031 35.6243 0
      vertex -14.4899 35.5244 0
    endloop
  endfacet
  facet normal -0.482809 -0.875726 0
    outer loop
      vertex -14.4899 35.5244 0
      vertex -14.2483 35.3912 2.4
      vertex -14.4899 35.5244 2.4
    endloop
  endfacet
  facet normal -0.482809 -0.875726 -0
    outer loop
      vertex -14.2483 35.3912 2.4
      vertex -14.4899 35.5244 0
      vertex -14.2483 35.3912 0
    endloop
  endfacet
  facet normal -0.512933 -0.858428 0
    outer loop
      vertex -14.2483 35.3912 0
      vertex -14.1432 35.3284 2.4
      vertex -14.2483 35.3912 2.4
    endloop
  endfacet
  facet normal -0.512933 -0.858428 -0
    outer loop
      vertex -14.1432 35.3284 2.4
      vertex -14.2483 35.3912 0
      vertex -14.1432 35.3284 0
    endloop
  endfacet
  facet normal -0.594618 -0.804008 0
    outer loop
      vertex -14.1432 35.3284 0
      vertex -13.9539 35.1884 2.4
      vertex -14.1432 35.3284 2.4
    endloop
  endfacet
  facet normal -0.594618 -0.804008 -0
    outer loop
      vertex -13.9539 35.1884 2.4
      vertex -14.1432 35.3284 0
      vertex -13.9539 35.1884 0
    endloop
  endfacet
  facet normal -0.646414 -0.762987 0
    outer loop
      vertex -13.9539 35.1884 0
      vertex -13.7438 35.0104 2.4
      vertex -13.9539 35.1884 2.4
    endloop
  endfacet
  facet normal -0.646414 -0.762987 -0
    outer loop
      vertex -13.7438 35.0104 2.4
      vertex -13.9539 35.1884 0
      vertex -13.7438 35.0104 0
    endloop
  endfacet
  facet normal -0.717198 -0.69687 0
    outer loop
      vertex -13.5004 34.7599 0
      vertex -13.7438 35.0104 2.4
      vertex -13.7438 35.0104 0
    endloop
  endfacet
  facet normal -0.717198 -0.69687 0
    outer loop
      vertex -13.7438 35.0104 2.4
      vertex -13.5004 34.7599 0
      vertex -13.5004 34.7599 2.4
    endloop
  endfacet
  facet normal -0.781617 -0.623759 0
    outer loop
      vertex -13.3297 34.546 0
      vertex -13.5004 34.7599 2.4
      vertex -13.5004 34.7599 0
    endloop
  endfacet
  facet normal -0.781617 -0.623759 0
    outer loop
      vertex -13.5004 34.7599 2.4
      vertex -13.3297 34.546 0
      vertex -13.3297 34.546 2.4
    endloop
  endfacet
  facet normal -0.838645 -0.544678 0
    outer loop
      vertex -13.1383 34.2513 0
      vertex -13.3297 34.546 2.4
      vertex -13.3297 34.546 0
    endloop
  endfacet
  facet normal -0.838645 -0.544678 0
    outer loop
      vertex -13.3297 34.546 2.4
      vertex -13.1383 34.2513 0
      vertex -13.1383 34.2513 2.4
    endloop
  endfacet
  facet normal -0.887826 -0.460178 0
    outer loop
      vertex -13.0124 34.0084 0
      vertex -13.1383 34.2513 2.4
      vertex -13.1383 34.2513 0
    endloop
  endfacet
  facet normal -0.887826 -0.460178 0
    outer loop
      vertex -13.1383 34.2513 2.4
      vertex -13.0124 34.0084 0
      vertex -13.0124 34.0084 2.4
    endloop
  endfacet
  facet normal -0.928299 -0.371835 0
    outer loop
      vertex -12.8825 33.6841 0
      vertex -13.0124 34.0084 2.4
      vertex -13.0124 34.0084 0
    endloop
  endfacet
  facet normal -0.928299 -0.371835 0
    outer loop
      vertex -13.0124 34.0084 2.4
      vertex -12.8825 33.6841 0
      vertex -12.8825 33.6841 2.4
    endloop
  endfacet
  facet normal -0.960016 -0.279944 0
    outer loop
      vertex -12.8054 33.4197 0
      vertex -12.8825 33.6841 2.4
      vertex -12.8825 33.6841 0
    endloop
  endfacet
  facet normal -0.960016 -0.279944 0
    outer loop
      vertex -12.8825 33.6841 2.4
      vertex -12.8054 33.4197 0
      vertex -12.8054 33.4197 2.4
    endloop
  endfacet
  facet normal -0.968976 -0.247154 0
    outer loop
      vertex -12.7752 33.3013 0
      vertex -12.8054 33.4197 2.4
      vertex -12.8054 33.4197 0
    endloop
  endfacet
  facet normal -0.968976 -0.247154 0
    outer loop
      vertex -12.8054 33.4197 2.4
      vertex -12.7752 33.3013 0
      vertex -12.7752 33.3013 2.4
    endloop
  endfacet
  facet normal -0.988698 -0.149919 0
    outer loop
      vertex -12.7399 33.0685 0
      vertex -12.7752 33.3013 2.4
      vertex -12.7752 33.3013 0
    endloop
  endfacet
  facet normal -0.988698 -0.149919 0
    outer loop
      vertex -12.7752 33.3013 2.4
      vertex -12.7399 33.0685 0
      vertex -12.7399 33.0685 2.4
    endloop
  endfacet
  facet normal -0.996399 -0.0847845 0
    outer loop
      vertex -12.7165 32.7935 0
      vertex -12.7399 33.0685 2.4
      vertex -12.7399 33.0685 0
    endloop
  endfacet
  facet normal -0.996399 -0.0847845 0
    outer loop
      vertex -12.7399 33.0685 2.4
      vertex -12.7165 32.7935 0
      vertex -12.7165 32.7935 2.4
    endloop
  endfacet
  facet normal -0.99865 -0.0519432 0
    outer loop
      vertex -12.7103 32.6743 0
      vertex -12.7165 32.7935 2.4
      vertex -12.7165 32.7935 0
    endloop
  endfacet
  facet normal -0.99865 -0.0519432 0
    outer loop
      vertex -12.7165 32.7935 2.4
      vertex -12.7103 32.6743 0
      vertex -12.7103 32.6743 2.4
    endloop
  endfacet
  facet normal -0.998908 0.0467176 0
    outer loop
      vertex -12.7213 32.4391 0
      vertex -12.7103 32.6743 2.4
      vertex -12.7103 32.6743 0
    endloop
  endfacet
  facet normal -0.998908 0.0467176 0
    outer loop
      vertex -12.7103 32.6743 2.4
      vertex -12.7213 32.4391 0
      vertex -12.7213 32.4391 2.4
    endloop
  endfacet
  facet normal -0.993686 0.112197 0
    outer loop
      vertex -12.7499 32.1858 0
      vertex -12.7213 32.4391 2.4
      vertex -12.7213 32.4391 0
    endloop
  endfacet
  facet normal -0.993686 0.112197 0
    outer loop
      vertex -12.7213 32.4391 2.4
      vertex -12.7499 32.1858 0
      vertex -12.7499 32.1858 2.4
    endloop
  endfacet
  facet normal -0.987081 0.160222 0
    outer loop
      vertex -12.7779 32.0133 0
      vertex -12.7499 32.1858 2.4
      vertex -12.7499 32.1858 0
    endloop
  endfacet
  facet normal -0.987081 0.160222 0
    outer loop
      vertex -12.7499 32.1858 2.4
      vertex -12.7779 32.0133 0
      vertex -12.7779 32.0133 2.4
    endloop
  endfacet
  facet normal -0.978148 0.207912 0
    outer loop
      vertex -20 -1.964 0
      vertex -12.7779 32.0133 2.4
      vertex -12.7779 32.0133 0
    endloop
  endfacet
  facet normal -0.978148 0.207912 0
    outer loop
      vertex -12.7779 32.0133 2.4
      vertex -20 -1.964 0
      vertex -20 -1.964 2.4
    endloop
  endfacet
  facet normal -1 0 0
    outer loop
      vertex -20 -19.3304 0
      vertex -20 -1.964 2.4
      vertex -20 -1.964 0
    endloop
  endfacet
  facet normal -1 -0 0
    outer loop
      vertex -20 -1.964 2.4
      vertex -20 -19.3304 0
      vertex -20 -19.3304 2.4
    endloop
  endfacet
  facet normal -0.66914 -0.743137 0
    outer loop
      vertex -20 -19.3304 0
      vertex -7.84331 -30.2766 2.4
      vertex -20 -19.3304 2.4
    endloop
  endfacet
  facet normal -0.66914 -0.743137 -0
    outer loop
      vertex -7.84331 -30.2766 2.4
      vertex -20 -19.3304 0
      vertex -7.84331 -30.2766 0
    endloop
  endfacet
  facet normal -0.703924 -0.710275 0
    outer loop
      vertex -7.84331 -30.2766 0
      vertex -7.72142 -30.3974 2.4
      vertex -7.84331 -30.2766 2.4
    endloop
  endfacet
  facet normal -0.703924 -0.710275 -0
    outer loop
      vertex -7.72142 -30.3974 2.4
      vertex -7.84331 -30.2766 0
      vertex -7.72142 -30.3974 0
    endloop
  endfacet
  facet normal -0.736797 -0.676115 0
    outer loop
      vertex -7.54872 -30.5856 0
      vertex -7.72142 -30.3974 2.4
      vertex -7.72142 -30.3974 0
    endloop
  endfacet
  facet normal -0.736797 -0.676115 0
    outer loop
      vertex -7.72142 -30.3974 2.4
      vertex -7.54872 -30.5856 0
      vertex -7.54872 -30.5856 2.4
    endloop
  endfacet
  facet normal -0.759498 -0.650509 0
    outer loop
      vertex -7.46898 -30.6787 0
      vertex -7.54872 -30.5856 2.4
      vertex -7.54872 -30.5856 0
    endloop
  endfacet
  facet normal -0.759498 -0.650509 0
    outer loop
      vertex -7.54872 -30.5856 2.4
      vertex -7.46898 -30.6787 0
      vertex -7.46898 -30.6787 2.4
    endloop
  endfacet
  facet normal -0.820387 -0.571808 0
    outer loop
      vertex -7.33432 -30.8719 0
      vertex -7.46898 -30.6787 2.4
      vertex -7.46898 -30.6787 0
    endloop
  endfacet
  facet normal -0.820387 -0.571808 0
    outer loop
      vertex -7.46898 -30.6787 2.4
      vertex -7.33432 -30.8719 0
      vertex -7.33432 -30.8719 2.4
    endloop
  endfacet
  facet normal -0.855971 -0.517024 0
    outer loop
      vertex -7.19159 -31.1082 0
      vertex -7.33432 -30.8719 2.4
      vertex -7.33432 -30.8719 0
    endloop
  endfacet
  facet normal -0.855971 -0.517024 0
    outer loop
      vertex -7.33432 -30.8719 2.4
      vertex -7.19159 -31.1082 0
      vertex -7.19159 -31.1082 2.4
    endloop
  endfacet
  facet normal -0.873197 -0.487368 0
    outer loop
      vertex -7.13092 -31.2169 0
      vertex -7.19159 -31.1082 2.4
      vertex -7.19159 -31.1082 0
    endloop
  endfacet
  facet normal -0.873197 -0.487368 0
    outer loop
      vertex -7.19159 -31.1082 2.4
      vertex -7.13092 -31.2169 0
      vertex -7.13092 -31.2169 2.4
    endloop
  endfacet
  facet normal -0.917654 -0.397381 0
    outer loop
      vertex -7.03734 -31.433 0
      vertex -7.13092 -31.2169 2.4
      vertex -7.13092 -31.2169 0
    endloop
  endfacet
  facet normal -0.917654 -0.397381 0
    outer loop
      vertex -7.13092 -31.2169 2.4
      vertex -7.03734 -31.433 0
      vertex -7.03734 -31.433 2.4
    endloop
  endfacet
  facet normal -0.941666 -0.336548 0
    outer loop
      vertex -6.94481 -31.6919 0
      vertex -7.03734 -31.433 2.4
      vertex -7.03734 -31.433 0
    endloop
  endfacet
  facet normal -0.941666 -0.336548 0
    outer loop
      vertex -7.03734 -31.433 2.4
      vertex -6.94481 -31.6919 0
      vertex -6.94481 -31.6919 2.4
    endloop
  endfacet
  facet normal -0.969595 -0.244716 0
    outer loop
      vertex -6.86031 -32.0267 0
      vertex -6.94481 -31.6919 2.4
      vertex -6.94481 -31.6919 0
    endloop
  endfacet
  facet normal -0.969595 -0.244716 0
    outer loop
      vertex -6.94481 -31.6919 2.4
      vertex -6.86031 -32.0267 0
      vertex -6.86031 -32.0267 2.4
    endloop
  endfacet
  facet normal -0.988607 -0.150521 0
    outer loop
      vertex -6.81914 -32.2971 0
      vertex -6.86031 -32.0267 2.4
      vertex -6.86031 -32.0267 0
    endloop
  endfacet
  facet normal -0.988607 -0.150521 0
    outer loop
      vertex -6.86031 -32.0267 2.4
      vertex -6.81914 -32.2971 0
      vertex -6.81914 -32.2971 2.4
    endloop
  endfacet
  facet normal -0.998596 -0.0529786 0
    outer loop
      vertex -6.80046 -32.6492 0
      vertex -6.81914 -32.2971 2.4
      vertex -6.81914 -32.2971 0
    endloop
  endfacet
  facet normal -0.998596 -0.0529786 0
    outer loop
      vertex -6.81914 -32.2971 2.4
      vertex -6.80046 -32.6492 0
      vertex -6.80046 -32.6492 2.4
    endloop
  endfacet
  facet normal -0.998983 0.0450801 0
    outer loop
      vertex -6.81282 -32.9231 0
      vertex -6.80046 -32.6492 2.4
      vertex -6.80046 -32.6492 0
    endloop
  endfacet
  facet normal -0.998983 0.0450801 0
    outer loop
      vertex -6.80046 -32.6492 2.4
      vertex -6.81282 -32.9231 0
      vertex -6.81282 -32.9231 2.4
    endloop
  endfacet
  facet normal -0.98985 0.142113 0
    outer loop
      vertex -6.86261 -33.2699 0
      vertex -6.81282 -32.9231 2.4
      vertex -6.81282 -32.9231 0
    endloop
  endfacet
  facet normal -0.98985 0.142113 0
    outer loop
      vertex -6.81282 -32.9231 2.4
      vertex -6.86261 -33.2699 0
      vertex -6.86261 -33.2699 2.4
    endloop
  endfacet
  facet normal -0.971318 0.237784 0
    outer loop
      vertex -6.92812 -33.5375 0
      vertex -6.86261 -33.2699 2.4
      vertex -6.86261 -33.2699 0
    endloop
  endfacet
  facet normal -0.971318 0.237784 0
    outer loop
      vertex -6.86261 -33.2699 2.4
      vertex -6.92812 -33.5375 0
      vertex -6.92812 -33.5375 2.4
    endloop
  endfacet
  facet normal -0.962429 0.271534 0
    outer loop
      vertex -6.96223 -33.6584 0
      vertex -6.92812 -33.5375 2.4
      vertex -6.92812 -33.5375 0
    endloop
  endfacet
  facet normal -0.962429 0.271534 0
    outer loop
      vertex -6.92812 -33.5375 2.4
      vertex -6.96223 -33.6584 0
      vertex -6.96223 -33.6584 2.4
    endloop
  endfacet
  facet normal -0.930397 0.366553 0
    outer loop
      vertex -7.04855 -33.8775 0
      vertex -6.96223 -33.6584 2.4
      vertex -6.96223 -33.6584 0
    endloop
  endfacet
  facet normal -0.930397 0.366553 0
    outer loop
      vertex -6.96223 -33.6584 2.4
      vertex -7.04855 -33.8775 0
      vertex -7.04855 -33.8775 2.4
    endloop
  endfacet
  facet normal -0.904394 0.426699 0
    outer loop
      vertex -7.16603 -34.1265 0
      vertex -7.04855 -33.8775 2.4
      vertex -7.04855 -33.8775 0
    endloop
  endfacet
  facet normal -0.904394 0.426699 0
    outer loop
      vertex -7.04855 -33.8775 2.4
      vertex -7.16603 -34.1265 0
      vertex -7.16603 -34.1265 2.4
    endloop
  endfacet
  facet normal -0.85896 0.512043 0
    outer loop
      vertex -7.34421 -34.4254 0
      vertex -7.16603 -34.1265 2.4
      vertex -7.16603 -34.1265 0
    endloop
  endfacet
  facet normal -0.85896 0.512043 0
    outer loop
      vertex -7.16603 -34.1265 2.4
      vertex -7.34421 -34.4254 0
      vertex -7.34421 -34.4254 2.4
    endloop
  endfacet
  facet normal -0.805369 0.592774 0
    outer loop
      vertex -7.49539 -34.6308 0
      vertex -7.34421 -34.4254 2.4
      vertex -7.34421 -34.4254 0
    endloop
  endfacet
  facet normal -0.805369 0.592774 0
    outer loop
      vertex -7.34421 -34.4254 2.4
      vertex -7.49539 -34.6308 0
      vertex -7.49539 -34.6308 2.4
    endloop
  endfacet
  facet normal -0.775231 0.631678 0
    outer loop
      vertex -7.60751 -34.7684 0
      vertex -7.49539 -34.6308 2.4
      vertex -7.49539 -34.6308 0
    endloop
  endfacet
  facet normal -0.775231 0.631678 0
    outer loop
      vertex -7.49539 -34.6308 2.4
      vertex -7.60751 -34.7684 0
      vertex -7.60751 -34.7684 2.4
    endloop
  endfacet
  facet normal -0.743138 0.669138 0
    outer loop
      vertex -16.989 -45.1874 0
      vertex -7.60751 -34.7684 2.4
      vertex -7.60751 -34.7684 0
    endloop
  endfacet
  facet normal -0.743138 0.669138 0
    outer loop
      vertex -7.60751 -34.7684 2.4
      vertex -16.989 -45.1874 0
      vertex -16.989 -45.1874 2.4
    endloop
  endfacet
  facet normal 0 -1 0
    outer loop
      vertex -16.989 -45.1874 0
      vertex 16.989 -45.1874 2.4
      vertex -16.989 -45.1874 2.4
    endloop
  endfacet
  facet normal 0 -1 -0
    outer loop
      vertex 16.989 -45.1874 2.4
      vertex -16.989 -45.1874 0
      vertex 16.989 -45.1874 0
    endloop
  endfacet
  facet normal 0.743138 0.669138 0
    outer loop
      vertex 16.989 -45.1874 2.4
      vertex 7.60751 -34.7684 0
      vertex 7.60751 -34.7684 2.4
    endloop
  endfacet
  facet normal 0.743138 0.669138 0
    outer loop
      vertex 7.60751 -34.7684 0
      vertex 16.989 -45.1874 2.4
      vertex 16.989 -45.1874 0
    endloop
  endfacet
endsolid OpenSCAD_Model
