solid OpenSCAD_Model
  facet normal 0.962636 0.270798 0
    outer loop
      vertex 68.0158 52.8222 3
      vertex 67.9857 52.9292 0.4
      vertex 67.9857 52.9292 3
    endloop
  endfacet
  facet normal 0.962636 0.270798 0
    outer loop
      vertex 67.9857 52.9292 0.4
      vertex 68.0158 52.8222 3
      vertex 68.0158 52.8222 0.4
    endloop
  endfacet
  facet normal -0.928848 0.37046 0
    outer loop
      vertex 69.5843 52.74 0.4
      vertex 69.6255 52.8433 3
      vertex 69.6255 52.8433 0.4
    endloop
  endfacet
  facet normal -0.928848 0.37046 0
    outer loop
      vertex 69.6255 52.8433 3
      vertex 69.5843 52.74 0.4
      vertex 69.5843 52.74 3
    endloop
  endfacet
  facet normal 0.598559 0.801079 -0
    outer loop
      vertex 68.3541 52.3931 0.4
      vertex 68.2651 52.4596 3
      vertex 68.3541 52.3931 3
    endloop
  endfacet
  facet normal 0.598559 0.801079 0
    outer loop
      vertex 68.2651 52.4596 3
      vertex 68.3541 52.3931 0.4
      vertex 68.2651 52.4596 0.4
    endloop
  endfacet
  facet normal 0.969183 -0.246342 0
    outer loop
      vertex 67.9813 53.2608 3
      vertex 68.0087 53.3686 0.4
      vertex 68.0087 53.3686 3
    endloop
  endfacet
  facet normal 0.969183 -0.246342 0
    outer loop
      vertex 68.0087 53.3686 0.4
      vertex 67.9813 53.2608 3
      vertex 67.9813 53.2608 0.4
    endloop
  endfacet
  facet normal -0.013488 0.999909 0
    outer loop
      vertex 68.8838 52.2586 0.4
      vertex 68.7726 52.2571 3
      vertex 68.8838 52.2586 3
    endloop
  endfacet
  facet normal -0.013488 0.999909 0
    outer loop
      vertex 68.7726 52.2571 3
      vertex 68.8838 52.2586 0.4
      vertex 68.7726 52.2571 0.4
    endloop
  endfacet
  facet normal -0.969128 0.246556 0
    outer loop
      vertex 69.6255 52.8433 0.4
      vertex 69.6529 52.951 3
      vertex 69.6529 52.951 0.4
    endloop
  endfacet
  facet normal -0.969128 0.246556 0
    outer loop
      vertex 69.6529 52.951 3
      vertex 69.6255 52.8433 0.4
      vertex 69.6255 52.8433 3
    endloop
  endfacet
  facet normal -0.143059 0.989714 0
    outer loop
      vertex 68.9938 52.2745 0.4
      vertex 68.8838 52.2586 3
      vertex 68.9938 52.2745 3
    endloop
  endfacet
  facet normal -0.143059 0.989714 0
    outer loop
      vertex 68.8838 52.2586 3
      vertex 68.9938 52.2745 0.4
      vertex 68.8838 52.2586 0.4
    endloop
  endfacet
  facet normal 0.271631 -0.962401 0
    outer loop
      vertex 68.5334 53.9072 0.4
      vertex 68.6404 53.9374 3
      vertex 68.5334 53.9072 3
    endloop
  endfacet
  facet normal 0.271631 -0.962401 0
    outer loop
      vertex 68.6404 53.9374 3
      vertex 68.5334 53.9072 0.4
      vertex 68.6404 53.9374 0.4
    endloop
  endfacet
  facet normal 0.801401 -0.598128 0
    outer loop
      vertex 68.1042 53.5689 3
      vertex 68.1707 53.658 0.4
      vertex 68.1707 53.658 3
    endloop
  endfacet
  facet normal 0.801401 -0.598128 0
    outer loop
      vertex 68.1707 53.658 0.4
      vertex 68.1042 53.5689 3
      vertex 68.1042 53.5689 0.4
    endloop
  endfacet
  facet normal -0.511183 0.859472 0
    outer loop
      vertex 69.2985 52.4054 0.4
      vertex 69.203 52.3486 3
      vertex 69.2985 52.4054 3
    endloop
  endfacet
  facet normal -0.511183 0.859472 0
    outer loop
      vertex 69.203 52.3486 3
      vertex 69.2985 52.4054 0.4
      vertex 69.203 52.3486 0.4
    endloop
  endfacet
  facet normal -0.716045 0.698054 0
    outer loop
      vertex 69.3858 52.4743 0.4
      vertex 69.4634 52.5539 3
      vertex 69.4634 52.5539 0.4
    endloop
  endfacet
  facet normal -0.716045 0.698054 0
    outer loop
      vertex 69.4634 52.5539 3
      vertex 69.3858 52.4743 0.4
      vertex 69.3858 52.4743 3
    endloop
  endfacet
  facet normal -0.993151 0.116841 0
    outer loop
      vertex 69.6529 52.951 0.4
      vertex 69.6659 53.0615 3
      vertex 69.6659 53.0615 0.4
    endloop
  endfacet
  facet normal -0.993151 0.116841 0
    outer loop
      vertex 69.6659 53.0615 3
      vertex 69.6529 52.951 0.4
      vertex 69.6529 52.951 3
    endloop
  endfacet
  facet normal 0.872583 -0.488466 0
    outer loop
      vertex 68.0499 53.4719 3
      vertex 68.1042 53.5689 0.4
      vertex 68.1042 53.5689 3
    endloop
  endfacet
  facet normal 0.872583 -0.488466 0
    outer loop
      vertex 68.1042 53.5689 0.4
      vertex 68.0499 53.4719 3
      vertex 68.0499 53.4719 0.4
    endloop
  endfacet
  facet normal 0.859312 0.511452 0
    outer loop
      vertex 68.1166 52.6245 3
      vertex 68.0597 52.7201 0.4
      vertex 68.0597 52.7201 3
    endloop
  endfacet
  facet normal 0.859312 0.511452 0
    outer loop
      vertex 68.0597 52.7201 0.4
      vertex 68.1166 52.6245 3
      vertex 68.1166 52.6245 0.4
    endloop
  endfacet
  facet normal -0.80097 0.598705 0
    outer loop
      vertex 69.4634 52.5539 0.4
      vertex 69.53 52.643 3
      vertex 69.53 52.643 0.4
    endloop
  endfacet
  facet normal -0.80097 0.598705 0
    outer loop
      vertex 69.53 52.643 3
      vertex 69.4634 52.5539 0.4
      vertex 69.4634 52.5539 3
    endloop
  endfacet
  facet normal -0.989605 -0.143812 0
    outer loop
      vertex 69.6645 53.1726 0.4
      vertex 69.6485 53.2827 3
      vertex 69.6485 53.2827 0.4
    endloop
  endfacet
  facet normal -0.989605 -0.143812 0
    outer loop
      vertex 69.6485 53.2827 3
      vertex 69.6645 53.1726 0.4
      vertex 69.6645 53.1726 3
    endloop
  endfacet
  facet normal -0.117833 -0.993033 0
    outer loop
      vertex 68.8616 53.9548 0.4
      vertex 68.972 53.9417 3
      vertex 68.8616 53.9548 3
    endloop
  endfacet
  facet normal -0.117833 -0.993033 -0
    outer loop
      vertex 68.972 53.9417 3
      vertex 68.8616 53.9548 0.4
      vertex 68.972 53.9417 0.4
    endloop
  endfacet
  facet normal 0.245497 0.969397 -0
    outer loop
      vertex 68.6622 52.2702 0.4
      vertex 68.5544 52.2975 3
      vertex 68.6622 52.2702 3
    endloop
  endfacet
  facet normal 0.245497 0.969397 0
    outer loop
      vertex 68.5544 52.2975 3
      vertex 68.6622 52.2702 0.4
      vertex 68.5544 52.2975 0.4
    endloop
  endfacet
  facet normal 0.697605 0.716483 -0
    outer loop
      vertex 68.2651 52.4596 0.4
      vertex 68.1854 52.5372 3
      vertex 68.2651 52.4596 3
    endloop
  endfacet
  facet normal 0.697605 0.716483 0
    outer loop
      vertex 68.1854 52.5372 3
      vertex 68.2651 52.4596 0.4
      vertex 68.1854 52.5372 0.4
    endloop
  endfacet
  facet normal 0.989605 0.143812 0
    outer loop
      vertex 67.9857 52.9292 3
      vertex 67.9697 53.0393 0.4
      vertex 67.9697 53.0393 3
    endloop
  endfacet
  facet normal 0.989605 0.143812 0
    outer loop
      vertex 67.9697 53.0393 0.4
      vertex 67.9857 52.9292 3
      vertex 67.9857 52.9292 0.4
    endloop
  endfacet
  facet normal 0.488768 0.872414 -0
    outer loop
      vertex 68.4512 52.3387 0.4
      vertex 68.3541 52.3931 3
      vertex 68.4512 52.3387 3
    endloop
  endfacet
  facet normal 0.488768 0.872414 0
    outer loop
      vertex 68.3541 52.3931 3
      vertex 68.4512 52.3387 0.4
      vertex 68.3541 52.3931 0.4
    endloop
  endfacet
  facet normal -0.999921 -0.0126003 0
    outer loop
      vertex 69.6659 53.0615 0.4
      vertex 69.6645 53.1726 3
      vertex 69.6645 53.1726 0.4
    endloop
  endfacet
  facet normal -0.999921 -0.0126003 0
    outer loop
      vertex 69.6645 53.1726 3
      vertex 69.6659 53.0615 0.4
      vertex 69.6659 53.0615 3
    endloop
  endfacet
  facet normal -0.785412 -0.618973 0
    outer loop
      vertex 69.5176 53.5874 0.4
      vertex 69.4488 53.6747 3
      vertex 69.4488 53.6747 0.4
    endloop
  endfacet
  facet normal -0.785412 -0.618973 0
    outer loop
      vertex 69.4488 53.6747 3
      vertex 69.5176 53.5874 0.4
      vertex 69.5176 53.5874 3
    endloop
  endfacet
  facet normal 0.785412 0.618973 0
    outer loop
      vertex 68.1854 52.5372 3
      vertex 68.1166 52.6245 0.4
      vertex 68.1166 52.6245 3
    endloop
  endfacet
  facet normal 0.785412 0.618973 0
    outer loop
      vertex 68.1166 52.6245 0.4
      vertex 68.1854 52.5372 3
      vertex 68.1854 52.5372 0.4
    endloop
  endfacet
  facet normal -0.697605 -0.716483 0
    outer loop
      vertex 69.3691 53.7523 0.4
      vertex 69.4488 53.6747 3
      vertex 69.3691 53.7523 3
    endloop
  endfacet
  facet normal -0.697605 -0.716483 -0
    outer loop
      vertex 69.4488 53.6747 3
      vertex 69.3691 53.7523 0.4
      vertex 69.4488 53.6747 0.4
    endloop
  endfacet
  facet normal -0.872583 0.488466 0
    outer loop
      vertex 69.53 52.643 0.4
      vertex 69.5843 52.74 3
      vertex 69.5843 52.74 0.4
    endloop
  endfacet
  facet normal -0.872583 0.488466 0
    outer loop
      vertex 69.5843 52.74 3
      vertex 69.53 52.643 0.4
      vertex 69.53 52.643 3
    endloop
  endfacet
  facet normal 0.394679 -0.918819 0
    outer loop
      vertex 68.4312 53.8633 0.4
      vertex 68.5334 53.9072 3
      vertex 68.4312 53.8633 3
    endloop
  endfacet
  facet normal 0.394679 -0.918819 0
    outer loop
      vertex 68.5334 53.9072 3
      vertex 68.4312 53.8633 0.4
      vertex 68.5334 53.9072 0.4
    endloop
  endfacet
  facet normal -0.271631 0.962401 0
    outer loop
      vertex 69.1008 52.3047 0.4
      vertex 68.9938 52.2745 3
      vertex 69.1008 52.3047 3
    endloop
  endfacet
  facet normal -0.271631 0.962401 0
    outer loop
      vertex 68.9938 52.2745 3
      vertex 69.1008 52.3047 0.4
      vertex 68.9938 52.2745 0.4
    endloop
  endfacet
  facet normal -0.37077 -0.928725 0
    outer loop
      vertex 69.0798 53.9143 0.4
      vertex 69.183 53.8731 3
      vertex 69.0798 53.9143 3
    endloop
  endfacet
  facet normal -0.37077 -0.928725 -0
    outer loop
      vertex 69.183 53.8731 3
      vertex 69.0798 53.9143 0.4
      vertex 69.183 53.8731 0.4
    endloop
  endfacet
  facet normal 0.117833 0.993033 -0
    outer loop
      vertex 68.7726 52.2571 0.4
      vertex 68.6622 52.2702 3
      vertex 68.7726 52.2571 3
    endloop
  endfacet
  facet normal 0.117833 0.993033 0
    outer loop
      vertex 68.6622 52.2702 3
      vertex 68.7726 52.2571 0.4
      vertex 68.6622 52.2702 0.4
    endloop
  endfacet
  facet normal -0.962401 -0.271631 0
    outer loop
      vertex 69.6485 53.2827 0.4
      vertex 69.6183 53.3897 3
      vertex 69.6183 53.3897 0.4
    endloop
  endfacet
  facet normal -0.962401 -0.271631 0
    outer loop
      vertex 69.6183 53.3897 3
      vertex 69.6485 53.2827 0.4
      vertex 69.6485 53.2827 3
    endloop
  endfacet
  facet normal -0.246342 -0.969183 0
    outer loop
      vertex 68.972 53.9417 0.4
      vertex 69.0798 53.9143 3
      vertex 68.972 53.9417 3
    endloop
  endfacet
  facet normal -0.246342 -0.969183 -0
    outer loop
      vertex 69.0798 53.9143 3
      vertex 68.972 53.9417 0.4
      vertex 69.0798 53.9143 0.4
    endloop
  endfacet
  facet normal 0.510788 -0.859707 0
    outer loop
      vertex 68.3356 53.8065 0.4
      vertex 68.4312 53.8633 3
      vertex 68.3356 53.8065 3
    endloop
  endfacet
  facet normal 0.510788 -0.859707 0
    outer loop
      vertex 68.4312 53.8633 3
      vertex 68.3356 53.8065 0.4
      vertex 68.4312 53.8633 0.4
    endloop
  endfacet
  facet normal -0.598128 -0.801401 0
    outer loop
      vertex 69.28 53.8188 0.4
      vertex 69.3691 53.7523 3
      vertex 69.28 53.8188 3
    endloop
  endfacet
  facet normal -0.598128 -0.801401 -0
    outer loop
      vertex 69.3691 53.7523 3
      vertex 69.28 53.8188 0.4
      vertex 69.3691 53.7523 0.4
    endloop
  endfacet
  facet normal 0.918679 0.395005 0
    outer loop
      vertex 68.0597 52.7201 3
      vertex 68.0158 52.8222 0.4
      vertex 68.0158 52.8222 3
    endloop
  endfacet
  facet normal 0.918679 0.395005 0
    outer loop
      vertex 68.0158 52.8222 0.4
      vertex 68.0597 52.7201 3
      vertex 68.0597 52.7201 0.4
    endloop
  endfacet
  facet normal -0.859707 -0.510788 0
    outer loop
      vertex 69.5744 53.4918 0.4
      vertex 69.5176 53.5874 3
      vertex 69.5176 53.5874 0.4
    endloop
  endfacet
  facet normal -0.859707 -0.510788 0
    outer loop
      vertex 69.5176 53.5874 3
      vertex 69.5744 53.4918 0.4
      vertex 69.5744 53.4918 3
    endloop
  endfacet
  facet normal 0.928848 -0.37046 0
    outer loop
      vertex 68.0087 53.3686 3
      vertex 68.0499 53.4719 0.4
      vertex 68.0499 53.4719 3
    endloop
  endfacet
  facet normal 0.928848 -0.37046 0
    outer loop
      vertex 68.0499 53.4719 0.4
      vertex 68.0087 53.3686 3
      vertex 68.0087 53.3686 0.4
    endloop
  endfacet
  facet normal -0.619528 0.784975 0
    outer loop
      vertex 69.3858 52.4743 0.4
      vertex 69.2985 52.4054 3
      vertex 69.3858 52.4743 3
    endloop
  endfacet
  facet normal -0.619528 0.784975 0
    outer loop
      vertex 69.2985 52.4054 3
      vertex 69.3858 52.4743 0.4
      vertex 69.2985 52.4054 0.4
    endloop
  endfacet
  facet normal 0.013488 -0.999909 0
    outer loop
      vertex 68.7504 53.9533 0.4
      vertex 68.8616 53.9548 3
      vertex 68.7504 53.9533 3
    endloop
  endfacet
  facet normal 0.013488 -0.999909 0
    outer loop
      vertex 68.8616 53.9548 3
      vertex 68.7504 53.9533 0.4
      vertex 68.8616 53.9548 0.4
    endloop
  endfacet
  facet normal -0.488466 -0.872583 0
    outer loop
      vertex 69.183 53.8731 0.4
      vertex 69.28 53.8188 3
      vertex 69.183 53.8731 3
    endloop
  endfacet
  facet normal -0.488466 -0.872583 -0
    outer loop
      vertex 69.28 53.8188 3
      vertex 69.183 53.8731 0.4
      vertex 69.28 53.8188 0.4
    endloop
  endfacet
  facet normal -0.918679 -0.395005 0
    outer loop
      vertex 69.6183 53.3897 0.4
      vertex 69.5744 53.4918 3
      vertex 69.5744 53.4918 0.4
    endloop
  endfacet
  facet normal -0.918679 -0.395005 0
    outer loop
      vertex 69.5744 53.4918 3
      vertex 69.6183 53.3897 0.4
      vertex 69.6183 53.3897 3
    endloop
  endfacet
  facet normal 0.999921 0.0126003 0
    outer loop
      vertex 67.9697 53.0393 3
      vertex 67.9683 53.1504 0.4
      vertex 67.9683 53.1504 3
    endloop
  endfacet
  facet normal 0.999921 0.0126003 0
    outer loop
      vertex 67.9683 53.1504 0.4
      vertex 67.9697 53.0393 3
      vertex 67.9697 53.0393 0.4
    endloop
  endfacet
  facet normal 0.993138 -0.116946 0
    outer loop
      vertex 67.9683 53.1504 3
      vertex 67.9813 53.2608 0.4
      vertex 67.9813 53.2608 3
    endloop
  endfacet
  facet normal 0.993138 -0.116946 0
    outer loop
      vertex 67.9813 53.2608 0.4
      vertex 67.9683 53.1504 3
      vertex 67.9683 53.1504 0.4
    endloop
  endfacet
  facet normal 0.716045 -0.698054 0
    outer loop
      vertex 68.1707 53.658 3
      vertex 68.2483 53.7376 0.4
      vertex 68.2483 53.7376 3
    endloop
  endfacet
  facet normal 0.716045 -0.698054 0
    outer loop
      vertex 68.2483 53.7376 0.4
      vertex 68.1707 53.658 3
      vertex 68.1707 53.658 0.4
    endloop
  endfacet
  facet normal 0.619528 -0.784975 0
    outer loop
      vertex 68.2483 53.7376 0.4
      vertex 68.3356 53.8065 3
      vertex 68.2483 53.7376 3
    endloop
  endfacet
  facet normal 0.619528 -0.784975 0
    outer loop
      vertex 68.3356 53.8065 3
      vertex 68.2483 53.7376 0.4
      vertex 68.3356 53.8065 0.4
    endloop
  endfacet
  facet normal 0.143059 -0.989714 0
    outer loop
      vertex 68.6404 53.9374 0.4
      vertex 68.7504 53.9533 3
      vertex 68.6404 53.9374 3
    endloop
  endfacet
  facet normal 0.143059 -0.989714 0
    outer loop
      vertex 68.7504 53.9533 3
      vertex 68.6404 53.9374 0.4
      vertex 68.7504 53.9533 0.4
    endloop
  endfacet
  facet normal 0 0 1
    outer loop
      vertex 69.6645 53.1726 0.4
      vertex 69.6529 52.951 0.4
      vertex 69.6659 53.0615 0.4
    endloop
  endfacet
  facet normal 0 0 1
    outer loop
      vertex 69.6485 53.2827 0.4
      vertex 69.6529 52.951 0.4
      vertex 69.6645 53.1726 0.4
    endloop
  endfacet
  facet normal 0 0 1
    outer loop
      vertex 69.6485 53.2827 0.4
      vertex 69.6255 52.8433 0.4
      vertex 69.6529 52.951 0.4
    endloop
  endfacet
  facet normal 0 0 1
    outer loop
      vertex 69.6183 53.3897 0.4
      vertex 69.6255 52.8433 0.4
      vertex 69.6485 53.2827 0.4
    endloop
  endfacet
  facet normal 0 0 1
    outer loop
      vertex 69.6183 53.3897 0.4
      vertex 69.5843 52.74 0.4
      vertex 69.6255 52.8433 0.4
    endloop
  endfacet
  facet normal 0 0 1
    outer loop
      vertex 69.5744 53.4918 0.4
      vertex 69.5843 52.74 0.4
      vertex 69.6183 53.3897 0.4
    endloop
  endfacet
  facet normal 0 0 1
    outer loop
      vertex 69.5744 53.4918 0.4
      vertex 69.53 52.643 0.4
      vertex 69.5843 52.74 0.4
    endloop
  endfacet
  facet normal 0 0 1
    outer loop
      vertex 69.5176 53.5874 0.4
      vertex 69.53 52.643 0.4
      vertex 69.5744 53.4918 0.4
    endloop
  endfacet
  facet normal 0 0 1
    outer loop
      vertex 69.5176 53.5874 0.4
      vertex 69.4634 52.5539 0.4
      vertex 69.53 52.643 0.4
    endloop
  endfacet
  facet normal 0 0 1
    outer loop
      vertex 69.4488 53.6747 0.4
      vertex 69.4634 52.5539 0.4
      vertex 69.5176 53.5874 0.4
    endloop
  endfacet
  facet normal 0 0 1
    outer loop
      vertex 69.4488 53.6747 0.4
      vertex 69.3858 52.4743 0.4
      vertex 69.4634 52.5539 0.4
    endloop
  endfacet
  facet normal 0 0 1
    outer loop
      vertex 69.3691 53.7523 0.4
      vertex 69.3858 52.4743 0.4
      vertex 69.4488 53.6747 0.4
    endloop
  endfacet
  facet normal 0 0 1
    outer loop
      vertex 69.3691 53.7523 0.4
      vertex 69.2985 52.4054 0.4
      vertex 69.3858 52.4743 0.4
    endloop
  endfacet
  facet normal 0 0 1
    outer loop
      vertex 69.28 53.8188 0.4
      vertex 69.2985 52.4054 0.4
      vertex 69.3691 53.7523 0.4
    endloop
  endfacet
  facet normal 0 0 1
    outer loop
      vertex 69.28 53.8188 0.4
      vertex 69.203 52.3486 0.4
      vertex 69.2985 52.4054 0.4
    endloop
  endfacet
  facet normal 0 0 1
    outer loop
      vertex 69.183 53.8731 0.4
      vertex 69.203 52.3486 0.4
      vertex 69.28 53.8188 0.4
    endloop
  endfacet
  facet normal 0 0 1
    outer loop
      vertex 69.183 53.8731 0.4
      vertex 69.1008 52.3047 0.4
      vertex 69.203 52.3486 0.4
    endloop
  endfacet
  facet normal 0 0 1
    outer loop
      vertex 69.0798 53.9143 0.4
      vertex 69.1008 52.3047 0.4
      vertex 69.183 53.8731 0.4
    endloop
  endfacet
  facet normal 0 0 1
    outer loop
      vertex 69.0798 53.9143 0.4
      vertex 68.9938 52.2745 0.4
      vertex 69.1008 52.3047 0.4
    endloop
  endfacet
  facet normal 0 0 1
    outer loop
      vertex 68.972 53.9417 0.4
      vertex 68.9938 52.2745 0.4
      vertex 69.0798 53.9143 0.4
    endloop
  endfacet
  facet normal 0 0 1
    outer loop
      vertex 68.972 53.9417 0.4
      vertex 68.8838 52.2586 0.4
      vertex 68.9938 52.2745 0.4
    endloop
  endfacet
  facet normal 0 0 1
    outer loop
      vertex 68.8616 53.9548 0.4
      vertex 68.8838 52.2586 0.4
      vertex 68.972 53.9417 0.4
    endloop
  endfacet
  facet normal 0 0 1
    outer loop
      vertex 68.8616 53.9548 0.4
      vertex 68.7726 52.2571 0.4
      vertex 68.8838 52.2586 0.4
    endloop
  endfacet
  facet normal -0 0 1
    outer loop
      vertex 68.7504 53.9533 0.4
      vertex 68.7726 52.2571 0.4
      vertex 68.8616 53.9548 0.4
    endloop
  endfacet
  facet normal 0 0 1
    outer loop
      vertex 68.7504 53.9533 0.4
      vertex 68.6622 52.2702 0.4
      vertex 68.7726 52.2571 0.4
    endloop
  endfacet
  facet normal -0 0 1
    outer loop
      vertex 68.6404 53.9374 0.4
      vertex 68.6622 52.2702 0.4
      vertex 68.7504 53.9533 0.4
    endloop
  endfacet
  facet normal 0 0 1
    outer loop
      vertex 68.6404 53.9374 0.4
      vertex 68.5544 52.2975 0.4
      vertex 68.6622 52.2702 0.4
    endloop
  endfacet
  facet normal -0 0 1
    outer loop
      vertex 68.5334 53.9072 0.4
      vertex 68.5544 52.2975 0.4
      vertex 68.6404 53.9374 0.4
    endloop
  endfacet
  facet normal 0 0 1
    outer loop
      vertex 68.5334 53.9072 0.4
      vertex 68.4512 52.3387 0.4
      vertex 68.5544 52.2975 0.4
    endloop
  endfacet
  facet normal -0 0 1
    outer loop
      vertex 68.4312 53.8633 0.4
      vertex 68.4512 52.3387 0.4
      vertex 68.5334 53.9072 0.4
    endloop
  endfacet
  facet normal 0 0 1
    outer loop
      vertex 68.4312 53.8633 0.4
      vertex 68.3541 52.3931 0.4
      vertex 68.4512 52.3387 0.4
    endloop
  endfacet
  facet normal -0 0 1
    outer loop
      vertex 68.3356 53.8065 0.4
      vertex 68.3541 52.3931 0.4
      vertex 68.4312 53.8633 0.4
    endloop
  endfacet
  facet normal 0 0 1
    outer loop
      vertex 68.3356 53.8065 0.4
      vertex 68.2651 52.4596 0.4
      vertex 68.3541 52.3931 0.4
    endloop
  endfacet
  facet normal -0 0 1
    outer loop
      vertex 68.2483 53.7376 0.4
      vertex 68.2651 52.4596 0.4
      vertex 68.3356 53.8065 0.4
    endloop
  endfacet
  facet normal 0 0 1
    outer loop
      vertex 68.2483 53.7376 0.4
      vertex 68.1854 52.5372 0.4
      vertex 68.2651 52.4596 0.4
    endloop
  endfacet
  facet normal -0 0 1
    outer loop
      vertex 68.1707 53.658 0.4
      vertex 68.1854 52.5372 0.4
      vertex 68.2483 53.7376 0.4
    endloop
  endfacet
  facet normal 0 0 1
    outer loop
      vertex 68.1707 53.658 0.4
      vertex 68.1166 52.6245 0.4
      vertex 68.1854 52.5372 0.4
    endloop
  endfacet
  facet normal -0 0 1
    outer loop
      vertex 68.1042 53.5689 0.4
      vertex 68.1166 52.6245 0.4
      vertex 68.1707 53.658 0.4
    endloop
  endfacet
  facet normal 0 0 1
    outer loop
      vertex 68.1042 53.5689 0.4
      vertex 68.0597 52.7201 0.4
      vertex 68.1166 52.6245 0.4
    endloop
  endfacet
  facet normal -0 0 1
    outer loop
      vertex 68.0499 53.4719 0.4
      vertex 68.0597 52.7201 0.4
      vertex 68.1042 53.5689 0.4
    endloop
  endfacet
  facet normal 0 0 1
    outer loop
      vertex 68.0499 53.4719 0.4
      vertex 68.0158 52.8222 0.4
      vertex 68.0597 52.7201 0.4
    endloop
  endfacet
  facet normal -0 0 1
    outer loop
      vertex 68.0087 53.3686 0.4
      vertex 68.0158 52.8222 0.4
      vertex 68.0499 53.4719 0.4
    endloop
  endfacet
  facet normal 0 0 1
    outer loop
      vertex 68.0087 53.3686 0.4
      vertex 67.9857 52.9292 0.4
      vertex 68.0158 52.8222 0.4
    endloop
  endfacet
  facet normal -0 0 1
    outer loop
      vertex 67.9813 53.2608 0.4
      vertex 67.9857 52.9292 0.4
      vertex 68.0087 53.3686 0.4
    endloop
  endfacet
  facet normal 0 0 1
    outer loop
      vertex 67.9813 53.2608 0.4
      vertex 67.9697 53.0393 0.4
      vertex 67.9857 52.9292 0.4
    endloop
  endfacet
  facet normal 0 -0 1
    outer loop
      vertex 67.9697 53.0393 0.4
      vertex 67.9813 53.2608 0.4
      vertex 67.9683 53.1504 0.4
    endloop
  endfacet
  facet normal 0.37077 0.928725 -0
    outer loop
      vertex 68.5544 52.2975 0.4
      vertex 68.4512 52.3387 3
      vertex 68.5544 52.2975 3
    endloop
  endfacet
  facet normal 0.37077 0.928725 0
    outer loop
      vertex 68.4512 52.3387 3
      vertex 68.5544 52.2975 0.4
      vertex 68.4512 52.3387 0.4
    endloop
  endfacet
  facet normal -0.394679 0.918819 0
    outer loop
      vertex 69.203 52.3486 0.4
      vertex 69.1008 52.3047 3
      vertex 69.203 52.3486 3
    endloop
  endfacet
  facet normal -0.394679 0.918819 0
    outer loop
      vertex 69.1008 52.3047 3
      vertex 69.203 52.3486 0.4
      vertex 69.1008 52.3047 0.4
    endloop
  endfacet
  facet normal 0.962936 0.26973 0
    outer loop
      vertex 104.64 -11.2636 3
      vertex 104.61 -11.1565 0.4
      vertex 104.61 -11.1565 3
    endloop
  endfacet
  facet normal 0.962936 0.26973 0
    outer loop
      vertex 104.61 -11.1565 0.4
      vertex 104.64 -11.2636 3
      vertex 104.64 -11.2636 0.4
    endloop
  endfacet
  facet normal -0.599136 -0.800647 0
    outer loop
      vertex 105.905 -10.2669 0.4
      vertex 105.994 -10.3335 3
      vertex 105.905 -10.2669 3
    endloop
  endfacet
  facet normal -0.599136 -0.800647 -0
    outer loop
      vertex 105.994 -10.3335 3
      vertex 105.905 -10.2669 0.4
      vertex 105.994 -10.3335 0.4
    endloop
  endfacet
  facet normal -0.929466 0.368907 0
    outer loop
      vertex 106.209 -11.3458 0.4
      vertex 106.25 -11.2425 3
      vertex 106.25 -11.2425 0.4
    endloop
  endfacet
  facet normal -0.929466 0.368907 0
    outer loop
      vertex 106.25 -11.2425 3
      vertex 106.209 -11.3458 0.4
      vertex 106.209 -11.3458 3
    endloop
  endfacet
  facet normal -0.803237 0.595659 0
    outer loop
      vertex 106.088 -11.5318 0.4
      vertex 106.154 -11.4428 3
      vertex 106.154 -11.4428 0.4
    endloop
  endfacet
  facet normal -0.803237 0.595659 0
    outer loop
      vertex 106.154 -11.4428 3
      vertex 106.088 -11.5318 0.4
      vertex 106.088 -11.5318 3
    endloop
  endfacet
  facet normal 0.371391 0.928477 -0
    outer loop
      vertex 105.179 -11.7882 0.4
      vertex 105.076 -11.747 3
      vertex 105.179 -11.7882 3
    endloop
  endfacet
  facet normal 0.371391 0.928477 0
    outer loop
      vertex 105.076 -11.747 3
      vertex 105.179 -11.7882 0.4
      vertex 105.076 -11.747 0.4
    endloop
  endfacet
  facet normal -0.784538 -0.620081 0
    outer loop
      vertex 106.142 -10.4984 0.4
      vertex 106.073 -10.4111 3
      vertex 106.073 -10.4111 0.4
    endloop
  endfacet
  facet normal -0.784538 -0.620081 0
    outer loop
      vertex 106.073 -10.4111 3
      vertex 106.142 -10.4984 0.4
      vertex 106.142 -10.4984 3
    endloop
  endfacet
  facet normal -0.0135123 0.999909 0
    outer loop
      vertex 105.508 -11.8272 0.4
      vertex 105.397 -11.8287 3
      vertex 105.508 -11.8272 3
    endloop
  endfacet
  facet normal -0.0135123 0.999909 0
    outer loop
      vertex 105.397 -11.8287 3
      vertex 105.508 -11.8272 0.4
      vertex 105.397 -11.8287 0.4
    endloop
  endfacet
  facet normal -0.970037 0.242959 0
    outer loop
      vertex 106.25 -11.2425 0.4
      vertex 106.277 -11.1347 3
      vertex 106.277 -11.1347 0.4
    endloop
  endfacet
  facet normal -0.970037 0.242959 0
    outer loop
      vertex 106.277 -11.1347 3
      vertex 106.25 -11.2425 0.4
      vertex 106.25 -11.2425 3
    endloop
  endfacet
  facet normal 0.395332 -0.918538 0
    outer loop
      vertex 105.056 -10.2225 0.4
      vertex 105.158 -10.1786 3
      vertex 105.056 -10.2225 3
    endloop
  endfacet
  facet normal 0.395332 -0.918538 0
    outer loop
      vertex 105.158 -10.1786 3
      vertex 105.056 -10.2225 0.4
      vertex 105.158 -10.1786 0.4
    endloop
  endfacet
  facet normal 0.598559 0.801079 -0
    outer loop
      vertex 104.979 -11.6927 0.4
      vertex 104.89 -11.6262 3
      vertex 104.979 -11.6927 3
    endloop
  endfacet
  facet normal 0.598559 0.801079 0
    outer loop
      vertex 104.89 -11.6262 3
      vertex 104.979 -11.6927 0.4
      vertex 104.89 -11.6262 0.4
    endloop
  endfacet
  facet normal -0.714688 0.699444 0
    outer loop
      vertex 106.01 -11.6115 0.4
      vertex 106.088 -11.5318 3
      vertex 106.088 -11.5318 0.4
    endloop
  endfacet
  facet normal -0.714688 0.699444 0
    outer loop
      vertex 106.088 -11.5318 3
      vertex 106.01 -11.6115 0.4
      vertex 106.01 -11.6115 3
    endloop
  endfacet
  facet normal 0.714688 -0.699444 0
    outer loop
      vertex 104.795 -10.4278 3
      vertex 104.873 -10.3481 0.4
      vertex 104.873 -10.3481 3
    endloop
  endfacet
  facet normal 0.714688 -0.699444 0
    outer loop
      vertex 104.873 -10.3481 0.4
      vertex 104.795 -10.4278 3
      vertex 104.795 -10.4278 0.4
    endloop
  endfacet
  facet normal -0.858681 -0.512511 0
    outer loop
      vertex 106.199 -10.5939 0.4
      vertex 106.142 -10.4984 3
      vertex 106.142 -10.4984 0.4
    endloop
  endfacet
  facet normal -0.858681 -0.512511 0
    outer loop
      vertex 106.142 -10.4984 3
      vertex 106.199 -10.5939 0.4
      vertex 106.199 -10.5939 3
    endloop
  endfacet
  facet normal -0.989586 -0.14394 0
    outer loop
      vertex 106.289 -10.9131 0.4
      vertex 106.273 -10.8031 3
      vertex 106.273 -10.8031 0.4
    endloop
  endfacet
  facet normal -0.989586 -0.14394 0
    outer loop
      vertex 106.273 -10.8031 3
      vertex 106.289 -10.9131 0.4
      vertex 106.289 -10.9131 3
    endloop
  endfacet
  facet normal 0.803557 -0.595228 0
    outer loop
      vertex 104.729 -10.5169 3
      vertex 104.795 -10.4278 0.4
      vertex 104.795 -10.4278 3
    endloop
  endfacet
  facet normal 0.803557 -0.595228 0
    outer loop
      vertex 104.795 -10.4278 0.4
      vertex 104.729 -10.5169 3
      vertex 104.729 -10.5169 0.4
    endloop
  endfacet
  facet normal -0.117205 -0.993108 0
    outer loop
      vertex 105.486 -10.131 0.4
      vertex 105.597 -10.1441 3
      vertex 105.486 -10.131 3
    endloop
  endfacet
  facet normal -0.117205 -0.993108 -0
    outer loop
      vertex 105.597 -10.1441 3
      vertex 105.486 -10.131 0.4
      vertex 105.597 -10.1441 0.4
    endloop
  endfacet
  facet normal 0.696258 0.717792 -0
    outer loop
      vertex 104.89 -11.6262 0.4
      vertex 104.81 -11.5486 3
      vertex 104.89 -11.6262 3
    endloop
  endfacet
  facet normal 0.696258 0.717792 0
    outer loop
      vertex 104.81 -11.5486 3
      vertex 104.89 -11.6262 0.4
      vertex 104.81 -11.5486 0.4
    endloop
  endfacet
  facet normal -0.14394 0.989586 0
    outer loop
      vertex 105.618 -11.8112 0.4
      vertex 105.508 -11.8272 3
      vertex 105.618 -11.8112 3
    endloop
  endfacet
  facet normal -0.14394 0.989586 0
    outer loop
      vertex 105.508 -11.8272 3
      vertex 105.618 -11.8112 0.4
      vertex 105.508 -11.8272 0.4
    endloop
  endfacet
  facet normal 0.989586 0.14394 0
    outer loop
      vertex 104.61 -11.1565 3
      vertex 104.594 -11.0465 0.4
      vertex 104.594 -11.0465 3
    endloop
  endfacet
  facet normal 0.989586 0.14394 0
    outer loop
      vertex 104.594 -11.0465 0.4
      vertex 104.61 -11.1565 3
      vertex 104.61 -11.1565 0.4
    endloop
  endfacet
  facet normal 0.271631 -0.962401 0
    outer loop
      vertex 105.158 -10.1786 0.4
      vertex 105.265 -10.1484 3
      vertex 105.158 -10.1786 3
    endloop
  endfacet
  facet normal 0.271631 -0.962401 0
    outer loop
      vertex 105.265 -10.1484 3
      vertex 105.158 -10.1786 0.4
      vertex 105.265 -10.1484 0.4
    endloop
  endfacet
  facet normal 0.784538 0.620081 0
    outer loop
      vertex 104.81 -11.5486 3
      vertex 104.741 -11.4613 0.4
      vertex 104.741 -11.4613 3
    endloop
  endfacet
  facet normal 0.784538 0.620081 0
    outer loop
      vertex 104.741 -11.4613 0.4
      vertex 104.81 -11.5486 3
      vertex 104.81 -11.5486 0.4
    endloop
  endfacet
  facet normal 0.969983 -0.243171 0
    outer loop
      vertex 104.606 -10.8249 3
      vertex 104.633 -10.7172 0.4
      vertex 104.633 -10.7172 3
    endloop
  endfacet
  facet normal 0.969983 -0.243171 0
    outer loop
      vertex 104.633 -10.7172 0.4
      vertex 104.606 -10.8249 3
      vertex 104.606 -10.8249 0.4
    endloop
  endfacet
  facet normal -0.993138 0.116946 0
    outer loop
      vertex 106.277 -11.1347 0.4
      vertex 106.29 -11.0243 3
      vertex 106.29 -11.0243 0.4
    endloop
  endfacet
  facet normal -0.993138 0.116946 0
    outer loop
      vertex 106.29 -11.0243 3
      vertex 106.277 -11.1347 0.4
      vertex 106.277 -11.1347 3
    endloop
  endfacet
  facet normal -0.395332 0.918538 0
    outer loop
      vertex 105.827 -11.7372 0.4
      vertex 105.725 -11.7811 3
      vertex 105.827 -11.7372 3
    endloop
  endfacet
  facet normal -0.395332 0.918538 0
    outer loop
      vertex 105.725 -11.7811 3
      vertex 105.827 -11.7372 0.4
      vertex 105.725 -11.7811 0.4
    endloop
  endfacet
  facet normal -0.620287 0.784375 0
    outer loop
      vertex 106.01 -11.6115 0.4
      vertex 105.923 -11.6803 3
      vertex 106.01 -11.6115 3
    endloop
  endfacet
  facet normal -0.620287 0.784375 0
    outer loop
      vertex 105.923 -11.6803 3
      vertex 106.01 -11.6115 0.4
      vertex 105.923 -11.6803 0.4
    endloop
  endfacet
  facet normal -0.488466 -0.872583 0
    outer loop
      vertex 105.808 -10.2126 0.4
      vertex 105.905 -10.2669 3
      vertex 105.808 -10.2126 3
    endloop
  endfacet
  facet normal -0.488466 -0.872583 -0
    outer loop
      vertex 105.905 -10.2669 3
      vertex 105.808 -10.2126 0.4
      vertex 105.905 -10.2669 0.4
    endloop
  endfacet
  facet normal 0.929466 -0.368907 0
    outer loop
      vertex 104.633 -10.7172 3
      vertex 104.674 -10.6139 0.4
      vertex 104.674 -10.6139 3
    endloop
  endfacet
  facet normal 0.929466 -0.368907 0
    outer loop
      vertex 104.674 -10.6139 0.4
      vertex 104.633 -10.7172 3
      vertex 104.633 -10.7172 0.4
    endloop
  endfacet
  facet normal 0.858917 0.512116 0
    outer loop
      vertex 104.741 -11.4613 3
      vertex 104.684 -11.3657 0.4
      vertex 104.684 -11.3657 3
    endloop
  endfacet
  facet normal 0.858917 0.512116 0
    outer loop
      vertex 104.684 -11.3657 0.4
      vertex 104.741 -11.4613 3
      vertex 104.741 -11.4613 0.4
    endloop
  endfacet
  facet normal 0.488466 0.872583 -0
    outer loop
      vertex 105.076 -11.747 0.4
      vertex 104.979 -11.6927 3
      vertex 105.076 -11.747 3
    endloop
  endfacet
  facet normal 0.488466 0.872583 0
    outer loop
      vertex 104.979 -11.6927 3
      vertex 105.076 -11.747 0.4
      vertex 104.979 -11.6927 0.4
    endloop
  endfacet
  facet normal -0.270798 0.962636 0
    outer loop
      vertex 105.725 -11.7811 0.4
      vertex 105.618 -11.8112 3
      vertex 105.725 -11.7811 3
    endloop
  endfacet
  facet normal -0.270798 0.962636 0
    outer loop
      vertex 105.618 -11.8112 3
      vertex 105.725 -11.7811 0.4
      vertex 105.618 -11.8112 0.4
    endloop
  endfacet
  facet normal 0.14394 -0.989586 0
    outer loop
      vertex 105.265 -10.1484 0.4
      vertex 105.375 -10.1324 3
      vertex 105.265 -10.1484 3
    endloop
  endfacet
  facet normal 0.14394 -0.989586 0
    outer loop
      vertex 105.375 -10.1324 3
      vertex 105.265 -10.1484 0.4
      vertex 105.375 -10.1324 0.4
    endloop
  endfacet
  facet normal 0.245913 0.969292 -0
    outer loop
      vertex 105.287 -11.8156 0.4
      vertex 105.179 -11.7882 3
      vertex 105.287 -11.8156 3
    endloop
  endfacet
  facet normal 0.245913 0.969292 0
    outer loop
      vertex 105.179 -11.7882 3
      vertex 105.287 -11.8156 0.4
      vertex 105.179 -11.7882 0.4
    endloop
  endfacet
  facet normal 0.118255 0.992983 -0
    outer loop
      vertex 105.397 -11.8287 0.4
      vertex 105.287 -11.8156 3
      vertex 105.397 -11.8287 3
    endloop
  endfacet
  facet normal 0.118255 0.992983 0
    outer loop
      vertex 105.287 -11.8156 3
      vertex 105.397 -11.8287 0.4
      vertex 105.287 -11.8156 0.4
    endloop
  endfacet
  facet normal 0.509212 -0.860641 0
    outer loop
      vertex 104.96 -10.2793 0.4
      vertex 105.056 -10.2225 3
      vertex 104.96 -10.2793 3
    endloop
  endfacet
  facet normal 0.509212 -0.860641 0
    outer loop
      vertex 105.056 -10.2225 3
      vertex 104.96 -10.2793 0.4
      vertex 105.056 -10.2225 0.4
    endloop
  endfacet
  facet normal -0.99996 -0.00899244 0
    outer loop
      vertex 106.29 -11.0243 0.4
      vertex 106.289 -10.9131 3
      vertex 106.289 -10.9131 0.4
    endloop
  endfacet
  facet normal -0.99996 -0.00899244 0
    outer loop
      vertex 106.289 -10.9131 3
      vertex 106.29 -11.0243 0.4
      vertex 106.29 -11.0243 3
    endloop
  endfacet
  facet normal -0.869894 0.493239 0
    outer loop
      vertex 106.154 -11.4428 0.4
      vertex 106.209 -11.3458 3
      vertex 106.209 -11.3458 0.4
    endloop
  endfacet
  facet normal -0.869894 0.493239 0
    outer loop
      vertex 106.209 -11.3458 3
      vertex 106.154 -11.4428 0.4
      vertex 106.154 -11.4428 3
    endloop
  endfacet
  facet normal -0.700757 -0.7134 0
    outer loop
      vertex 105.994 -10.3335 0.4
      vertex 106.073 -10.4111 3
      vertex 105.994 -10.3335 3
    endloop
  endfacet
  facet normal -0.700757 -0.7134 -0
    outer loop
      vertex 106.073 -10.4111 3
      vertex 105.994 -10.3335 0.4
      vertex 106.073 -10.4111 0.4
    endloop
  endfacet
  facet normal 0.918352 0.395764 0
    outer loop
      vertex 104.684 -11.3657 3
      vertex 104.64 -11.2636 0.4
      vertex 104.64 -11.2636 3
    endloop
  endfacet
  facet normal 0.918352 0.395764 0
    outer loop
      vertex 104.64 -11.2636 0.4
      vertex 104.684 -11.3657 3
      vertex 104.684 -11.3657 0.4
    endloop
  endfacet
  facet normal -0.962871 -0.269964 0
    outer loop
      vertex 106.273 -10.8031 0.4
      vertex 106.243 -10.6961 3
      vertex 106.243 -10.6961 0.4
    endloop
  endfacet
  facet normal -0.962871 -0.269964 0
    outer loop
      vertex 106.243 -10.6961 3
      vertex 106.273 -10.8031 0.4
      vertex 106.273 -10.8031 3
    endloop
  endfacet
  facet normal 0.0126116 -0.99992 0
    outer loop
      vertex 105.375 -10.1324 0.4
      vertex 105.486 -10.131 3
      vertex 105.375 -10.1324 3
    endloop
  endfacet
  facet normal 0.0126116 -0.99992 0
    outer loop
      vertex 105.486 -10.131 3
      vertex 105.375 -10.1324 0.4
      vertex 105.486 -10.131 0.4
    endloop
  endfacet
  facet normal 0.620287 -0.784375 0
    outer loop
      vertex 104.873 -10.3481 0.4
      vertex 104.96 -10.2793 3
      vertex 104.873 -10.3481 3
    endloop
  endfacet
  facet normal 0.620287 -0.784375 0
    outer loop
      vertex 104.96 -10.2793 3
      vertex 104.873 -10.3481 0.4
      vertex 104.96 -10.2793 0.4
    endloop
  endfacet
  facet normal -0.509876 0.860248 0
    outer loop
      vertex 105.923 -11.6803 0.4
      vertex 105.827 -11.7372 3
      vertex 105.923 -11.6803 3
    endloop
  endfacet
  facet normal -0.509876 0.860248 0
    outer loop
      vertex 105.827 -11.7372 3
      vertex 105.923 -11.6803 0.4
      vertex 105.827 -11.7372 0.4
    endloop
  endfacet
  facet normal -0.918493 -0.395437 0
    outer loop
      vertex 106.243 -10.6961 0.4
      vertex 106.199 -10.5939 3
      vertex 106.199 -10.5939 0.4
    endloop
  endfacet
  facet normal -0.918493 -0.395437 0
    outer loop
      vertex 106.199 -10.5939 3
      vertex 106.243 -10.6961 0.4
      vertex 106.243 -10.6961 3
    endloop
  endfacet
  facet normal 0.99996 0.00899244 0
    outer loop
      vertex 104.594 -11.0465 3
      vertex 104.593 -10.9353 0.4
      vertex 104.593 -10.9353 3
    endloop
  endfacet
  facet normal 0.99996 0.00899244 0
    outer loop
      vertex 104.593 -10.9353 0.4
      vertex 104.594 -11.0465 3
      vertex 104.594 -11.0465 0.4
    endloop
  endfacet
  facet normal 0.993138 -0.116946 0
    outer loop
      vertex 104.593 -10.9353 3
      vertex 104.606 -10.8249 0.4
      vertex 104.606 -10.8249 3
    endloop
  endfacet
  facet normal 0.993138 -0.116946 0
    outer loop
      vertex 104.606 -10.8249 0.4
      vertex 104.593 -10.9353 3
      vertex 104.593 -10.9353 0.4
    endloop
  endfacet
  facet normal 0.869894 -0.493239 0
    outer loop
      vertex 104.674 -10.6139 3
      vertex 104.729 -10.5169 0.4
      vertex 104.729 -10.5169 3
    endloop
  endfacet
  facet normal 0.869894 -0.493239 0
    outer loop
      vertex 104.729 -10.5169 0.4
      vertex 104.674 -10.6139 3
      vertex 104.674 -10.6139 0.4
    endloop
  endfacet
  facet normal 0 0 1
    outer loop
      vertex 106.289 -10.9131 0.4
      vertex 106.277 -11.1347 0.4
      vertex 106.29 -11.0243 0.4
    endloop
  endfacet
  facet normal 0 0 1
    outer loop
      vertex 106.273 -10.8031 0.4
      vertex 106.277 -11.1347 0.4
      vertex 106.289 -10.9131 0.4
    endloop
  endfacet
  facet normal 0 0 1
    outer loop
      vertex 106.273 -10.8031 0.4
      vertex 106.25 -11.2425 0.4
      vertex 106.277 -11.1347 0.4
    endloop
  endfacet
  facet normal 0 0 1
    outer loop
      vertex 106.243 -10.6961 0.4
      vertex 106.25 -11.2425 0.4
      vertex 106.273 -10.8031 0.4
    endloop
  endfacet
  facet normal 0 0 1
    outer loop
      vertex 106.243 -10.6961 0.4
      vertex 106.209 -11.3458 0.4
      vertex 106.25 -11.2425 0.4
    endloop
  endfacet
  facet normal 0 0 1
    outer loop
      vertex 106.199 -10.5939 0.4
      vertex 106.209 -11.3458 0.4
      vertex 106.243 -10.6961 0.4
    endloop
  endfacet
  facet normal 0 0 1
    outer loop
      vertex 106.199 -10.5939 0.4
      vertex 106.154 -11.4428 0.4
      vertex 106.209 -11.3458 0.4
    endloop
  endfacet
  facet normal 0 0 1
    outer loop
      vertex 106.142 -10.4984 0.4
      vertex 106.154 -11.4428 0.4
      vertex 106.199 -10.5939 0.4
    endloop
  endfacet
  facet normal 0 0 1
    outer loop
      vertex 106.142 -10.4984 0.4
      vertex 106.088 -11.5318 0.4
      vertex 106.154 -11.4428 0.4
    endloop
  endfacet
  facet normal 0 0 1
    outer loop
      vertex 106.073 -10.4111 0.4
      vertex 106.088 -11.5318 0.4
      vertex 106.142 -10.4984 0.4
    endloop
  endfacet
  facet normal 0 0 1
    outer loop
      vertex 106.073 -10.4111 0.4
      vertex 106.01 -11.6115 0.4
      vertex 106.088 -11.5318 0.4
    endloop
  endfacet
  facet normal 0 0 1
    outer loop
      vertex 105.994 -10.3335 0.4
      vertex 106.01 -11.6115 0.4
      vertex 106.073 -10.4111 0.4
    endloop
  endfacet
  facet normal 0 0 1
    outer loop
      vertex 105.994 -10.3335 0.4
      vertex 105.923 -11.6803 0.4
      vertex 106.01 -11.6115 0.4
    endloop
  endfacet
  facet normal 0 0 1
    outer loop
      vertex 105.905 -10.2669 0.4
      vertex 105.923 -11.6803 0.4
      vertex 105.994 -10.3335 0.4
    endloop
  endfacet
  facet normal 0 0 1
    outer loop
      vertex 105.905 -10.2669 0.4
      vertex 105.827 -11.7372 0.4
      vertex 105.923 -11.6803 0.4
    endloop
  endfacet
  facet normal 0 0 1
    outer loop
      vertex 105.808 -10.2126 0.4
      vertex 105.827 -11.7372 0.4
      vertex 105.905 -10.2669 0.4
    endloop
  endfacet
  facet normal 0 0 1
    outer loop
      vertex 105.808 -10.2126 0.4
      vertex 105.725 -11.7811 0.4
      vertex 105.827 -11.7372 0.4
    endloop
  endfacet
  facet normal 0 0 1
    outer loop
      vertex 105.704 -10.1714 0.4
      vertex 105.725 -11.7811 0.4
      vertex 105.808 -10.2126 0.4
    endloop
  endfacet
  facet normal 0 0 1
    outer loop
      vertex 105.704 -10.1714 0.4
      vertex 105.618 -11.8112 0.4
      vertex 105.725 -11.7811 0.4
    endloop
  endfacet
  facet normal 0 0 1
    outer loop
      vertex 105.597 -10.1441 0.4
      vertex 105.618 -11.8112 0.4
      vertex 105.704 -10.1714 0.4
    endloop
  endfacet
  facet normal 0 0 1
    outer loop
      vertex 105.597 -10.1441 0.4
      vertex 105.508 -11.8272 0.4
      vertex 105.618 -11.8112 0.4
    endloop
  endfacet
  facet normal 0 0 1
    outer loop
      vertex 105.486 -10.131 0.4
      vertex 105.508 -11.8272 0.4
      vertex 105.597 -10.1441 0.4
    endloop
  endfacet
  facet normal 0 0 1
    outer loop
      vertex 105.486 -10.131 0.4
      vertex 105.397 -11.8287 0.4
      vertex 105.508 -11.8272 0.4
    endloop
  endfacet
  facet normal -0 0 1
    outer loop
      vertex 105.375 -10.1324 0.4
      vertex 105.397 -11.8287 0.4
      vertex 105.486 -10.131 0.4
    endloop
  endfacet
  facet normal 0 0 1
    outer loop
      vertex 105.375 -10.1324 0.4
      vertex 105.287 -11.8156 0.4
      vertex 105.397 -11.8287 0.4
    endloop
  endfacet
  facet normal -0 0 1
    outer loop
      vertex 105.265 -10.1484 0.4
      vertex 105.287 -11.8156 0.4
      vertex 105.375 -10.1324 0.4
    endloop
  endfacet
  facet normal 0 0 1
    outer loop
      vertex 105.265 -10.1484 0.4
      vertex 105.179 -11.7882 0.4
      vertex 105.287 -11.8156 0.4
    endloop
  endfacet
  facet normal -0 0 1
    outer loop
      vertex 105.158 -10.1786 0.4
      vertex 105.179 -11.7882 0.4
      vertex 105.265 -10.1484 0.4
    endloop
  endfacet
  facet normal 0 0 1
    outer loop
      vertex 105.158 -10.1786 0.4
      vertex 105.076 -11.747 0.4
      vertex 105.179 -11.7882 0.4
    endloop
  endfacet
  facet normal -0 0 1
    outer loop
      vertex 105.056 -10.2225 0.4
      vertex 105.076 -11.747 0.4
      vertex 105.158 -10.1786 0.4
    endloop
  endfacet
  facet normal 0 0 1
    outer loop
      vertex 105.056 -10.2225 0.4
      vertex 104.979 -11.6927 0.4
      vertex 105.076 -11.747 0.4
    endloop
  endfacet
  facet normal -0 0 1
    outer loop
      vertex 104.96 -10.2793 0.4
      vertex 104.979 -11.6927 0.4
      vertex 105.056 -10.2225 0.4
    endloop
  endfacet
  facet normal 0 0 1
    outer loop
      vertex 104.96 -10.2793 0.4
      vertex 104.89 -11.6262 0.4
      vertex 104.979 -11.6927 0.4
    endloop
  endfacet
  facet normal -0 0 1
    outer loop
      vertex 104.873 -10.3481 0.4
      vertex 104.89 -11.6262 0.4
      vertex 104.96 -10.2793 0.4
    endloop
  endfacet
  facet normal 0 0 1
    outer loop
      vertex 104.873 -10.3481 0.4
      vertex 104.81 -11.5486 0.4
      vertex 104.89 -11.6262 0.4
    endloop
  endfacet
  facet normal -0 0 1
    outer loop
      vertex 104.795 -10.4278 0.4
      vertex 104.81 -11.5486 0.4
      vertex 104.873 -10.3481 0.4
    endloop
  endfacet
  facet normal 0 0 1
    outer loop
      vertex 104.795 -10.4278 0.4
      vertex 104.741 -11.4613 0.4
      vertex 104.81 -11.5486 0.4
    endloop
  endfacet
  facet normal -0 0 1
    outer loop
      vertex 104.729 -10.5169 0.4
      vertex 104.741 -11.4613 0.4
      vertex 104.795 -10.4278 0.4
    endloop
  endfacet
  facet normal 0 0 1
    outer loop
      vertex 104.729 -10.5169 0.4
      vertex 104.684 -11.3657 0.4
      vertex 104.741 -11.4613 0.4
    endloop
  endfacet
  facet normal -0 0 1
    outer loop
      vertex 104.674 -10.6139 0.4
      vertex 104.684 -11.3657 0.4
      vertex 104.729 -10.5169 0.4
    endloop
  endfacet
  facet normal 0 0 1
    outer loop
      vertex 104.674 -10.6139 0.4
      vertex 104.64 -11.2636 0.4
      vertex 104.684 -11.3657 0.4
    endloop
  endfacet
  facet normal -0 0 1
    outer loop
      vertex 104.633 -10.7172 0.4
      vertex 104.64 -11.2636 0.4
      vertex 104.674 -10.6139 0.4
    endloop
  endfacet
  facet normal 0 0 1
    outer loop
      vertex 104.633 -10.7172 0.4
      vertex 104.61 -11.1565 0.4
      vertex 104.64 -11.2636 0.4
    endloop
  endfacet
  facet normal -0 0 1
    outer loop
      vertex 104.606 -10.8249 0.4
      vertex 104.61 -11.1565 0.4
      vertex 104.633 -10.7172 0.4
    endloop
  endfacet
  facet normal 0 0 1
    outer loop
      vertex 104.606 -10.8249 0.4
      vertex 104.594 -11.0465 0.4
      vertex 104.61 -11.1565 0.4
    endloop
  endfacet
  facet normal 0 -0 1
    outer loop
      vertex 104.594 -11.0465 0.4
      vertex 104.606 -10.8249 0.4
      vertex 104.593 -10.9353 0.4
    endloop
  endfacet
  facet normal -0.24722 -0.968959 0
    outer loop
      vertex 105.597 -10.1441 0.4
      vertex 105.704 -10.1714 3
      vertex 105.597 -10.1441 3
    endloop
  endfacet
  facet normal -0.24722 -0.968959 -0
    outer loop
      vertex 105.704 -10.1714 3
      vertex 105.597 -10.1441 0.4
      vertex 105.704 -10.1714 0.4
    endloop
  endfacet
  facet normal -0.368306 -0.929705 0
    outer loop
      vertex 105.704 -10.1714 0.4
      vertex 105.808 -10.2126 3
      vertex 105.704 -10.1714 3
    endloop
  endfacet
  facet normal -0.368306 -0.929705 -0
    outer loop
      vertex 105.808 -10.2126 3
      vertex 105.704 -10.1714 0.4
      vertex 105.808 -10.2126 0.4
    endloop
  endfacet
  facet normal 0.0125889 -0.999921 0
    outer loop
      vertex 30.7772 -17.5032 0.4
      vertex 30.8884 -17.5018 3
      vertex 30.7772 -17.5032 3
    endloop
  endfacet
  facet normal 0.0125889 -0.999921 0
    outer loop
      vertex 30.8884 -17.5018 3
      vertex 30.7772 -17.5032 0.4
      vertex 30.8884 -17.5018 0.4
    endloop
  endfacet
  facet normal 0.784975 0.619528 0
    outer loop
      vertex 30.2123 -18.9194 3
      vertex 30.1434 -18.8321 0.4
      vertex 30.1434 -18.8321 3
    endloop
  endfacet
  facet normal 0.784975 0.619528 0
    outer loop
      vertex 30.1434 -18.8321 0.4
      vertex 30.2123 -18.9194 3
      vertex 30.2123 -18.9194 0.4
    endloop
  endfacet
  facet normal 0.962401 0.271631 0
    outer loop
      vertex 30.0427 -18.6343 3
      vertex 30.0125 -18.5273 0.4
      vertex 30.0125 -18.5273 3
    endloop
  endfacet
  facet normal 0.962401 0.271631 0
    outer loop
      vertex 30.0125 -18.5273 0.4
      vertex 30.0427 -18.6343 3
      vertex 30.0427 -18.6343 0.4
    endloop
  endfacet
  facet normal 0.872199 -0.489151 0
    outer loop
      vertex 30.0767 -17.9847 3
      vertex 30.1311 -17.8877 0.4
      vertex 30.1311 -17.8877 3
    endloop
  endfacet
  facet normal 0.872199 -0.489151 0
    outer loop
      vertex 30.1311 -17.8877 0.4
      vertex 30.0767 -17.9847 3
      vertex 30.0767 -17.9847 0.4
    endloop
  endfacet
  facet normal -0.270798 0.962636 0
    outer loop
      vertex 31.1277 -19.1519 0.4
      vertex 31.0207 -19.182 3
      vertex 31.1277 -19.1519 3
    endloop
  endfacet
  facet normal -0.270798 0.962636 0
    outer loop
      vertex 31.0207 -19.182 3
      vertex 31.1277 -19.1519 0.4
      vertex 31.0207 -19.182 0.4
    endloop
  endfacet
  facet normal 0.618973 -0.785412 0
    outer loop
      vertex 30.2752 -17.7189 0.4
      vertex 30.3625 -17.6501 3
      vertex 30.2752 -17.7189 3
    endloop
  endfacet
  facet normal 0.618973 -0.785412 0
    outer loop
      vertex 30.3625 -17.6501 3
      vertex 30.2752 -17.7189 0.4
      vertex 30.3625 -17.6501 0.4
    endloop
  endfacet
  facet normal -0.989714 -0.143059 0
    outer loop
      vertex 31.6913 -18.2839 0.4
      vertex 31.6754 -18.1739 3
      vertex 31.6754 -18.1739 0.4
    endloop
  endfacet
  facet normal -0.989714 -0.143059 0
    outer loop
      vertex 31.6754 -18.1739 3
      vertex 31.6913 -18.2839 0.4
      vertex 31.6913 -18.2839 3
    endloop
  endfacet
  facet normal -0.969183 0.246342 0
    outer loop
      vertex 31.6523 -18.6133 0.4
      vertex 31.6797 -18.5055 3
      vertex 31.6797 -18.5055 0.4
    endloop
  endfacet
  facet normal -0.969183 0.246342 0
    outer loop
      vertex 31.6797 -18.5055 3
      vertex 31.6523 -18.6133 0.4
      vertex 31.6523 -18.6133 3
    endloop
  endfacet
  facet normal -0.488466 -0.872583 0
    outer loop
      vertex 31.2099 -17.5834 0.4
      vertex 31.3069 -17.6377 3
      vertex 31.2099 -17.5834 3
    endloop
  endfacet
  facet normal -0.488466 -0.872583 -0
    outer loop
      vertex 31.3069 -17.6377 3
      vertex 31.2099 -17.5834 0.4
      vertex 31.3069 -17.6377 0.4
    endloop
  endfacet
  facet normal 0.598128 0.801401 -0
    outer loop
      vertex 30.381 -19.0635 0.4
      vertex 30.2919 -18.997 3
      vertex 30.381 -19.0635 3
    endloop
  endfacet
  facet normal 0.598128 0.801401 0
    outer loop
      vertex 30.2919 -18.997 3
      vertex 30.381 -19.0635 0.4
      vertex 30.2919 -18.997 0.4
    endloop
  endfacet
  facet normal -0.918819 -0.394679 0
    outer loop
      vertex 31.6452 -18.0669 0.4
      vertex 31.6013 -17.9647 3
      vertex 31.6013 -17.9647 0.4
    endloop
  endfacet
  facet normal -0.918819 -0.394679 0
    outer loop
      vertex 31.6013 -17.9647 3
      vertex 31.6452 -18.0669 0.4
      vertex 31.6452 -18.0669 3
    endloop
  endfacet
  facet normal 0.116841 0.993151 -0
    outer loop
      vertex 30.7995 -19.1994 0.4
      vertex 30.689 -19.1864 3
      vertex 30.7995 -19.1994 3
    endloop
  endfacet
  facet normal 0.116841 0.993151 0
    outer loop
      vertex 30.689 -19.1864 3
      vertex 30.7995 -19.1994 0.4
      vertex 30.689 -19.1864 0.4
    endloop
  endfacet
  facet normal 0.918819 0.394679 0
    outer loop
      vertex 30.0866 -18.7365 3
      vertex 30.0427 -18.6343 0.4
      vertex 30.0427 -18.6343 3
    endloop
  endfacet
  facet normal 0.918819 0.394679 0
    outer loop
      vertex 30.0427 -18.6343 0.4
      vertex 30.0866 -18.7365 3
      vertex 30.0866 -18.7365 0.4
    endloop
  endfacet
  facet normal -0.143812 0.989605 0
    outer loop
      vertex 31.0207 -19.182 0.4
      vertex 30.9106 -19.198 3
      vertex 31.0207 -19.182 3
    endloop
  endfacet
  facet normal -0.143812 0.989605 0
    outer loop
      vertex 30.9106 -19.198 3
      vertex 31.0207 -19.182 0.4
      vertex 30.9106 -19.198 0.4
    endloop
  endfacet
  facet normal -0.999909 -0.013488 0
    outer loop
      vertex 31.6928 -18.3951 0.4
      vertex 31.6913 -18.2839 3
      vertex 31.6913 -18.2839 0.4
    endloop
  endfacet
  facet normal -0.999909 -0.013488 0
    outer loop
      vertex 31.6913 -18.2839 3
      vertex 31.6928 -18.3951 0.4
      vertex 31.6928 -18.3951 3
    endloop
  endfacet
  facet normal 0.488466 0.872583 -0
    outer loop
      vertex 30.478 -19.1178 0.4
      vertex 30.381 -19.0635 3
      vertex 30.478 -19.1178 3
    endloop
  endfacet
  facet normal 0.488466 0.872583 0
    outer loop
      vertex 30.381 -19.0635 3
      vertex 30.478 -19.1178 0.4
      vertex 30.381 -19.0635 0.4
    endloop
  endfacet
  facet normal -0.116946 -0.993138 0
    outer loop
      vertex 30.8884 -17.5018 0.4
      vertex 30.9988 -17.5148 3
      vertex 30.8884 -17.5018 3
    endloop
  endfacet
  facet normal -0.116946 -0.993138 -0
    outer loop
      vertex 30.9988 -17.5148 3
      vertex 30.8884 -17.5018 0.4
      vertex 30.9988 -17.5148 0.4
    endloop
  endfacet
  facet normal -0.698054 -0.716045 0
    outer loop
      vertex 31.396 -17.7043 0.4
      vertex 31.4756 -17.7819 3
      vertex 31.396 -17.7043 3
    endloop
  endfacet
  facet normal -0.698054 -0.716045 -0
    outer loop
      vertex 31.4756 -17.7819 3
      vertex 31.396 -17.7043 0.4
      vertex 31.4756 -17.7819 0.4
    endloop
  endfacet
  facet normal -0.618973 0.785412 0
    outer loop
      vertex 31.4127 -18.9823 0.4
      vertex 31.3254 -19.0511 3
      vertex 31.4127 -18.9823 3
    endloop
  endfacet
  facet normal -0.618973 0.785412 0
    outer loop
      vertex 31.3254 -19.0511 3
      vertex 31.4127 -18.9823 0.4
      vertex 31.3254 -19.0511 0.4
    endloop
  endfacet
  facet normal -0.962401 -0.271631 0
    outer loop
      vertex 31.6754 -18.1739 0.4
      vertex 31.6452 -18.0669 3
      vertex 31.6452 -18.0669 0.4
    endloop
  endfacet
  facet normal -0.962401 -0.271631 0
    outer loop
      vertex 31.6452 -18.0669 3
      vertex 31.6754 -18.1739 0.4
      vertex 31.6754 -18.1739 3
    endloop
  endfacet
  facet normal 0.698054 0.716045 -0
    outer loop
      vertex 30.2919 -18.997 0.4
      vertex 30.2123 -18.9194 3
      vertex 30.2919 -18.997 3
    endloop
  endfacet
  facet normal 0.698054 0.716045 0
    outer loop
      vertex 30.2123 -18.9194 3
      vertex 30.2919 -18.997 0.4
      vertex 30.2123 -18.9194 0.4
    endloop
  endfacet
  facet normal -0.395005 0.918679 0
    outer loop
      vertex 31.2298 -19.108 0.4
      vertex 31.1277 -19.1519 3
      vertex 31.2298 -19.108 3
    endloop
  endfacet
  facet normal -0.395005 0.918679 0
    outer loop
      vertex 31.1277 -19.1519 3
      vertex 31.2298 -19.108 0.4
      vertex 31.1277 -19.1519 0.4
    endloop
  endfacet
  facet normal -0.993033 0.117833 0
    outer loop
      vertex 31.6797 -18.5055 0.4
      vertex 31.6928 -18.3951 3
      vertex 31.6928 -18.3951 0.4
    endloop
  endfacet
  facet normal -0.993033 0.117833 0
    outer loop
      vertex 31.6928 -18.3951 3
      vertex 31.6797 -18.5055 0.4
      vertex 31.6797 -18.5055 3
    endloop
  endfacet
  facet normal -0.37046 -0.928848 0
    outer loop
      vertex 31.1066 -17.5422 0.4
      vertex 31.2099 -17.5834 3
      vertex 31.1066 -17.5422 3
    endloop
  endfacet
  facet normal -0.37046 -0.928848 -0
    outer loop
      vertex 31.2099 -17.5834 3
      vertex 31.1066 -17.5422 0.4
      vertex 31.2099 -17.5834 0.4
    endloop
  endfacet
  facet normal 0.928725 -0.37077 0
    outer loop
      vertex 30.0355 -18.0879 3
      vertex 30.0767 -17.9847 0.4
      vertex 30.0767 -17.9847 3
    endloop
  endfacet
  facet normal 0.928725 -0.37077 0
    outer loop
      vertex 30.0767 -17.9847 0.4
      vertex 30.0355 -18.0879 3
      vertex 30.0355 -18.0879 0.4
    endloop
  endfacet
  facet normal -0.0126003 0.999921 0
    outer loop
      vertex 30.9106 -19.198 0.4
      vertex 30.7995 -19.1994 3
      vertex 30.9106 -19.198 3
    endloop
  endfacet
  facet normal -0.0126003 0.999921 0
    outer loop
      vertex 30.7995 -19.1994 3
      vertex 30.9106 -19.198 0.4
      vertex 30.7995 -19.1994 0.4
    endloop
  endfacet
  facet normal 0.859707 0.510788 0
    outer loop
      vertex 30.1434 -18.8321 3
      vertex 30.0866 -18.7365 0.4
      vertex 30.0866 -18.7365 3
    endloop
  endfacet
  facet normal 0.859707 0.510788 0
    outer loop
      vertex 30.0866 -18.7365 0.4
      vertex 30.1434 -18.8321 3
      vertex 30.1434 -18.8321 0.4
    endloop
  endfacet
  facet normal -0.859076 -0.511848 0
    outer loop
      vertex 31.6013 -17.9647 0.4
      vertex 31.5444 -17.8692 3
      vertex 31.5444 -17.8692 0.4
    endloop
  endfacet
  facet normal -0.859076 -0.511848 0
    outer loop
      vertex 31.5444 -17.8692 3
      vertex 31.6013 -17.9647 0.4
      vertex 31.6013 -17.9647 3
    endloop
  endfacet
  facet normal -0.785412 -0.618973 0
    outer loop
      vertex 31.5444 -17.8692 0.4
      vertex 31.4756 -17.7819 3
      vertex 31.4756 -17.7819 0.4
    endloop
  endfacet
  facet normal -0.785412 -0.618973 0
    outer loop
      vertex 31.4756 -17.7819 3
      vertex 31.5444 -17.8692 0.4
      vertex 31.5444 -17.8692 3
    endloop
  endfacet
  facet normal 0.246556 0.969128 -0
    outer loop
      vertex 30.689 -19.1864 0.4
      vertex 30.5813 -19.159 3
      vertex 30.689 -19.1864 3
    endloop
  endfacet
  facet normal 0.246556 0.969128 0
    outer loop
      vertex 30.5813 -19.159 3
      vertex 30.689 -19.1864 0.4
      vertex 30.5813 -19.159 0.4
    endloop
  endfacet
  facet normal 0.989714 0.143059 0
    outer loop
      vertex 30.0125 -18.5273 3
      vertex 29.9966 -18.4173 0.4
      vertex 29.9966 -18.4173 3
    endloop
  endfacet
  facet normal 0.989714 0.143059 0
    outer loop
      vertex 29.9966 -18.4173 0.4
      vertex 30.0125 -18.5273 3
      vertex 30.0125 -18.5273 0.4
    endloop
  endfacet
  facet normal -0.511452 0.859312 0
    outer loop
      vertex 31.3254 -19.0511 0.4
      vertex 31.2298 -19.108 3
      vertex 31.3254 -19.0511 3
    endloop
  endfacet
  facet normal -0.511452 0.859312 0
    outer loop
      vertex 31.2298 -19.108 3
      vertex 31.3254 -19.0511 0.4
      vertex 31.2298 -19.108 0.4
    endloop
  endfacet
  facet normal -0.928725 0.37077 0
    outer loop
      vertex 31.6111 -18.7165 0.4
      vertex 31.6523 -18.6133 3
      vertex 31.6523 -18.6133 0.4
    endloop
  endfacet
  facet normal -0.928725 0.37077 0
    outer loop
      vertex 31.6523 -18.6133 3
      vertex 31.6111 -18.7165 0.4
      vertex 31.6111 -18.7165 3
    endloop
  endfacet
  facet normal 0.37046 0.928848 -0
    outer loop
      vertex 30.5813 -19.159 0.4
      vertex 30.478 -19.1178 3
      vertex 30.5813 -19.159 3
    endloop
  endfacet
  facet normal 0.37046 0.928848 0
    outer loop
      vertex 30.478 -19.1178 3
      vertex 30.5813 -19.159 0.4
      vertex 30.478 -19.1178 0.4
    endloop
  endfacet
  facet normal -0.801079 0.598559 0
    outer loop
      vertex 31.4903 -18.9026 0.4
      vertex 31.5568 -18.8136 3
      vertex 31.5568 -18.8136 0.4
    endloop
  endfacet
  facet normal -0.801079 0.598559 0
    outer loop
      vertex 31.5568 -18.8136 3
      vertex 31.4903 -18.9026 0.4
      vertex 31.4903 -18.9026 3
    endloop
  endfacet
  facet normal 0.271631 -0.962401 0
    outer loop
      vertex 30.5602 -17.5494 0.4
      vertex 30.6672 -17.5192 3
      vertex 30.5602 -17.5494 3
    endloop
  endfacet
  facet normal 0.271631 -0.962401 0
    outer loop
      vertex 30.6672 -17.5192 3
      vertex 30.5602 -17.5494 0.4
      vertex 30.6672 -17.5192 0.4
    endloop
  endfacet
  facet normal 0 0 1
    outer loop
      vertex 31.6913 -18.2839 0.4
      vertex 31.6797 -18.5055 0.4
      vertex 31.6928 -18.3951 0.4
    endloop
  endfacet
  facet normal 0 0 1
    outer loop
      vertex 31.6754 -18.1739 0.4
      vertex 31.6797 -18.5055 0.4
      vertex 31.6913 -18.2839 0.4
    endloop
  endfacet
  facet normal 0 0 1
    outer loop
      vertex 31.6754 -18.1739 0.4
      vertex 31.6523 -18.6133 0.4
      vertex 31.6797 -18.5055 0.4
    endloop
  endfacet
  facet normal 0 0 1
    outer loop
      vertex 31.6452 -18.0669 0.4
      vertex 31.6523 -18.6133 0.4
      vertex 31.6754 -18.1739 0.4
    endloop
  endfacet
  facet normal 0 0 1
    outer loop
      vertex 31.6452 -18.0669 0.4
      vertex 31.6111 -18.7165 0.4
      vertex 31.6523 -18.6133 0.4
    endloop
  endfacet
  facet normal 0 0 1
    outer loop
      vertex 31.6013 -17.9647 0.4
      vertex 31.6111 -18.7165 0.4
      vertex 31.6452 -18.0669 0.4
    endloop
  endfacet
  facet normal 0 0 1
    outer loop
      vertex 31.6013 -17.9647 0.4
      vertex 31.5568 -18.8136 0.4
      vertex 31.6111 -18.7165 0.4
    endloop
  endfacet
  facet normal 0 0 1
    outer loop
      vertex 31.5444 -17.8692 0.4
      vertex 31.5568 -18.8136 0.4
      vertex 31.6013 -17.9647 0.4
    endloop
  endfacet
  facet normal 0 0 1
    outer loop
      vertex 31.5444 -17.8692 0.4
      vertex 31.4903 -18.9026 0.4
      vertex 31.5568 -18.8136 0.4
    endloop
  endfacet
  facet normal 0 0 1
    outer loop
      vertex 31.4756 -17.7819 0.4
      vertex 31.4903 -18.9026 0.4
      vertex 31.5444 -17.8692 0.4
    endloop
  endfacet
  facet normal 0 0 1
    outer loop
      vertex 31.4756 -17.7819 0.4
      vertex 31.4127 -18.9823 0.4
      vertex 31.4903 -18.9026 0.4
    endloop
  endfacet
  facet normal 0 0 1
    outer loop
      vertex 31.396 -17.7043 0.4
      vertex 31.4127 -18.9823 0.4
      vertex 31.4756 -17.7819 0.4
    endloop
  endfacet
  facet normal 0 0 1
    outer loop
      vertex 31.396 -17.7043 0.4
      vertex 31.3254 -19.0511 0.4
      vertex 31.4127 -18.9823 0.4
    endloop
  endfacet
  facet normal 0 0 1
    outer loop
      vertex 31.3069 -17.6377 0.4
      vertex 31.3254 -19.0511 0.4
      vertex 31.396 -17.7043 0.4
    endloop
  endfacet
  facet normal 0 0 1
    outer loop
      vertex 31.3069 -17.6377 0.4
      vertex 31.2298 -19.108 0.4
      vertex 31.3254 -19.0511 0.4
    endloop
  endfacet
  facet normal 0 0 1
    outer loop
      vertex 31.2099 -17.5834 0.4
      vertex 31.2298 -19.108 0.4
      vertex 31.3069 -17.6377 0.4
    endloop
  endfacet
  facet normal 0 0 1
    outer loop
      vertex 31.2099 -17.5834 0.4
      vertex 31.1277 -19.1519 0.4
      vertex 31.2298 -19.108 0.4
    endloop
  endfacet
  facet normal 0 0 1
    outer loop
      vertex 31.1066 -17.5422 0.4
      vertex 31.1277 -19.1519 0.4
      vertex 31.2099 -17.5834 0.4
    endloop
  endfacet
  facet normal 0 0 1
    outer loop
      vertex 31.1066 -17.5422 0.4
      vertex 31.0207 -19.182 0.4
      vertex 31.1277 -19.1519 0.4
    endloop
  endfacet
  facet normal 0 0 1
    outer loop
      vertex 30.9988 -17.5148 0.4
      vertex 31.0207 -19.182 0.4
      vertex 31.1066 -17.5422 0.4
    endloop
  endfacet
  facet normal 0 0 1
    outer loop
      vertex 30.9988 -17.5148 0.4
      vertex 30.9106 -19.198 0.4
      vertex 31.0207 -19.182 0.4
    endloop
  endfacet
  facet normal 0 0 1
    outer loop
      vertex 30.8884 -17.5018 0.4
      vertex 30.9106 -19.198 0.4
      vertex 30.9988 -17.5148 0.4
    endloop
  endfacet
  facet normal 0 0 1
    outer loop
      vertex 30.8884 -17.5018 0.4
      vertex 30.7995 -19.1994 0.4
      vertex 30.9106 -19.198 0.4
    endloop
  endfacet
  facet normal -0 0 1
    outer loop
      vertex 30.7772 -17.5032 0.4
      vertex 30.7995 -19.1994 0.4
      vertex 30.8884 -17.5018 0.4
    endloop
  endfacet
  facet normal 0 0 1
    outer loop
      vertex 30.7772 -17.5032 0.4
      vertex 30.689 -19.1864 0.4
      vertex 30.7995 -19.1994 0.4
    endloop
  endfacet
  facet normal -0 0 1
    outer loop
      vertex 30.6672 -17.5192 0.4
      vertex 30.689 -19.1864 0.4
      vertex 30.7772 -17.5032 0.4
    endloop
  endfacet
  facet normal 0 0 1
    outer loop
      vertex 30.6672 -17.5192 0.4
      vertex 30.5813 -19.159 0.4
      vertex 30.689 -19.1864 0.4
    endloop
  endfacet
  facet normal -0 0 1
    outer loop
      vertex 30.5602 -17.5494 0.4
      vertex 30.5813 -19.159 0.4
      vertex 30.6672 -17.5192 0.4
    endloop
  endfacet
  facet normal 0 0 1
    outer loop
      vertex 30.5602 -17.5494 0.4
      vertex 30.478 -19.1178 0.4
      vertex 30.5813 -19.159 0.4
    endloop
  endfacet
  facet normal -0 0 1
    outer loop
      vertex 30.458 -17.5933 0.4
      vertex 30.478 -19.1178 0.4
      vertex 30.5602 -17.5494 0.4
    endloop
  endfacet
  facet normal 0 0 1
    outer loop
      vertex 30.458 -17.5933 0.4
      vertex 30.381 -19.0635 0.4
      vertex 30.478 -19.1178 0.4
    endloop
  endfacet
  facet normal -0 0 1
    outer loop
      vertex 30.3625 -17.6501 0.4
      vertex 30.381 -19.0635 0.4
      vertex 30.458 -17.5933 0.4
    endloop
  endfacet
  facet normal 0 0 1
    outer loop
      vertex 30.3625 -17.6501 0.4
      vertex 30.2919 -18.997 0.4
      vertex 30.381 -19.0635 0.4
    endloop
  endfacet
  facet normal -0 0 1
    outer loop
      vertex 30.2752 -17.7189 0.4
      vertex 30.2919 -18.997 0.4
      vertex 30.3625 -17.6501 0.4
    endloop
  endfacet
  facet normal 0 0 1
    outer loop
      vertex 30.2752 -17.7189 0.4
      vertex 30.2123 -18.9194 0.4
      vertex 30.2919 -18.997 0.4
    endloop
  endfacet
  facet normal -0 0 1
    outer loop
      vertex 30.1976 -17.7986 0.4
      vertex 30.2123 -18.9194 0.4
      vertex 30.2752 -17.7189 0.4
    endloop
  endfacet
  facet normal 0 0 1
    outer loop
      vertex 30.1976 -17.7986 0.4
      vertex 30.1434 -18.8321 0.4
      vertex 30.2123 -18.9194 0.4
    endloop
  endfacet
  facet normal -0 0 1
    outer loop
      vertex 30.1311 -17.8877 0.4
      vertex 30.1434 -18.8321 0.4
      vertex 30.1976 -17.7986 0.4
    endloop
  endfacet
  facet normal 0 0 1
    outer loop
      vertex 30.1311 -17.8877 0.4
      vertex 30.0866 -18.7365 0.4
      vertex 30.1434 -18.8321 0.4
    endloop
  endfacet
  facet normal -0 0 1
    outer loop
      vertex 30.0767 -17.9847 0.4
      vertex 30.0866 -18.7365 0.4
      vertex 30.1311 -17.8877 0.4
    endloop
  endfacet
  facet normal 0 0 1
    outer loop
      vertex 30.0767 -17.9847 0.4
      vertex 30.0427 -18.6343 0.4
      vertex 30.0866 -18.7365 0.4
    endloop
  endfacet
  facet normal -0 0 1
    outer loop
      vertex 30.0355 -18.0879 0.4
      vertex 30.0427 -18.6343 0.4
      vertex 30.0767 -17.9847 0.4
    endloop
  endfacet
  facet normal 0 0 1
    outer loop
      vertex 30.0355 -18.0879 0.4
      vertex 30.0125 -18.5273 0.4
      vertex 30.0427 -18.6343 0.4
    endloop
  endfacet
  facet normal -0 0 1
    outer loop
      vertex 30.0082 -18.1957 0.4
      vertex 30.0125 -18.5273 0.4
      vertex 30.0355 -18.0879 0.4
    endloop
  endfacet
  facet normal 0 0 1
    outer loop
      vertex 30.0082 -18.1957 0.4
      vertex 29.9966 -18.4173 0.4
      vertex 30.0125 -18.5273 0.4
    endloop
  endfacet
  facet normal 0 -0 1
    outer loop
      vertex 29.9966 -18.4173 0.4
      vertex 30.0082 -18.1957 0.4
      vertex 29.9951 -18.3061 0.4
    endloop
  endfacet
  facet normal -0.716483 0.697605 0
    outer loop
      vertex 31.4127 -18.9823 0.4
      vertex 31.4903 -18.9026 3
      vertex 31.4903 -18.9026 0.4
    endloop
  endfacet
  facet normal -0.716483 0.697605 0
    outer loop
      vertex 31.4903 -18.9026 3
      vertex 31.4127 -18.9823 0.4
      vertex 31.4127 -18.9823 3
    endloop
  endfacet
  facet normal -0.872797 0.488083 0
    outer loop
      vertex 31.5568 -18.8136 0.4
      vertex 31.6111 -18.7165 3
      vertex 31.6111 -18.7165 0.4
    endloop
  endfacet
  facet normal -0.872797 0.488083 0
    outer loop
      vertex 31.6111 -18.7165 3
      vertex 31.5568 -18.8136 0.4
      vertex 31.5568 -18.8136 3
    endloop
  endfacet
  facet normal 0.969397 -0.245497 0
    outer loop
      vertex 30.0082 -18.1957 3
      vertex 30.0355 -18.0879 0.4
      vertex 30.0355 -18.0879 3
    endloop
  endfacet
  facet normal 0.969397 -0.245497 0
    outer loop
      vertex 30.0355 -18.0879 0.4
      vertex 30.0082 -18.1957 3
      vertex 30.0082 -18.1957 0.4
    endloop
  endfacet
  facet normal -0.598705 -0.80097 0
    outer loop
      vertex 31.3069 -17.6377 0.4
      vertex 31.396 -17.7043 3
      vertex 31.3069 -17.6377 3
    endloop
  endfacet
  facet normal -0.598705 -0.80097 -0
    outer loop
      vertex 31.396 -17.7043 3
      vertex 31.3069 -17.6377 0.4
      vertex 31.396 -17.7043 0.4
    endloop
  endfacet
  facet normal 0.716483 -0.697605 0
    outer loop
      vertex 30.1976 -17.7986 3
      vertex 30.2752 -17.7189 0.4
      vertex 30.2752 -17.7189 3
    endloop
  endfacet
  facet normal 0.716483 -0.697605 0
    outer loop
      vertex 30.2752 -17.7189 0.4
      vertex 30.1976 -17.7986 3
      vertex 30.1976 -17.7986 0.4
    endloop
  endfacet
  facet normal -0.246342 -0.969183 0
    outer loop
      vertex 30.9988 -17.5148 0.4
      vertex 31.1066 -17.5422 3
      vertex 30.9988 -17.5148 3
    endloop
  endfacet
  facet normal -0.246342 -0.969183 -0
    outer loop
      vertex 31.1066 -17.5422 3
      vertex 30.9988 -17.5148 0.4
      vertex 31.1066 -17.5422 0.4
    endloop
  endfacet
  facet normal 0.999909 0.013488 0
    outer loop
      vertex 29.9966 -18.4173 3
      vertex 29.9951 -18.3061 0.4
      vertex 29.9951 -18.3061 3
    endloop
  endfacet
  facet normal 0.999909 0.013488 0
    outer loop
      vertex 29.9951 -18.3061 0.4
      vertex 29.9966 -18.4173 3
      vertex 29.9966 -18.4173 0.4
    endloop
  endfacet
  facet normal 0.14394 -0.989586 0
    outer loop
      vertex 30.6672 -17.5192 0.4
      vertex 30.7772 -17.5032 3
      vertex 30.6672 -17.5192 3
    endloop
  endfacet
  facet normal 0.14394 -0.989586 0
    outer loop
      vertex 30.7772 -17.5032 3
      vertex 30.6672 -17.5192 0.4
      vertex 30.7772 -17.5032 0.4
    endloop
  endfacet
  facet normal 0.511183 -0.859472 0
    outer loop
      vertex 30.3625 -17.6501 0.4
      vertex 30.458 -17.5933 3
      vertex 30.3625 -17.6501 3
    endloop
  endfacet
  facet normal 0.511183 -0.859472 0
    outer loop
      vertex 30.458 -17.5933 3
      vertex 30.3625 -17.6501 0.4
      vertex 30.458 -17.5933 0.4
    endloop
  endfacet
  facet normal 0.801401 -0.598128 0
    outer loop
      vertex 30.1311 -17.8877 3
      vertex 30.1976 -17.7986 0.4
      vertex 30.1976 -17.7986 3
    endloop
  endfacet
  facet normal 0.801401 -0.598128 0
    outer loop
      vertex 30.1976 -17.7986 0.4
      vertex 30.1311 -17.8877 3
      vertex 30.1311 -17.8877 0.4
    endloop
  endfacet
  facet normal 0.993033 -0.117833 0
    outer loop
      vertex 29.9951 -18.3061 3
      vertex 30.0082 -18.1957 0.4
      vertex 30.0082 -18.1957 3
    endloop
  endfacet
  facet normal 0.993033 -0.117833 0
    outer loop
      vertex 30.0082 -18.1957 0.4
      vertex 29.9951 -18.3061 3
      vertex 29.9951 -18.3061 0.4
    endloop
  endfacet
  facet normal 0.394679 -0.918819 0
    outer loop
      vertex 30.458 -17.5933 0.4
      vertex 30.5602 -17.5494 3
      vertex 30.458 -17.5933 3
    endloop
  endfacet
  facet normal 0.394679 -0.918819 0
    outer loop
      vertex 30.5602 -17.5494 3
      vertex 30.458 -17.5933 0.4
      vertex 30.5602 -17.5494 0.4
    endloop
  endfacet
  facet normal 0 -1 0
    outer loop
      vertex 0.0499992 -47.5874 3.2
      vertex 0.0499992 -47.5874 0
      vertex 8.90596 -47.5874 3.2
    endloop
  endfacet
  facet normal 0 -1 0
    outer loop
      vertex 8.6845 -47.5874 3.86725
      vertex 19.9831 -47.5874 5.6
      vertex 8.10065 -47.5874 5.6
    endloop
  endfacet
  facet normal 0 -1 0
    outer loop
      vertex 8.90596 -47.5874 3.21
      vertex 19.9831 -47.5874 5.6
      vertex 8.6845 -47.5874 3.86725
    endloop
  endfacet
  facet normal 0 -1 0
    outer loop
      vertex 8.90596 -47.5874 3.2
      vertex 19.9831 -47.5874 5.6
      vertex 8.90596 -47.5874 3.21
    endloop
  endfacet
  facet normal 0 -1 0
    outer loop
      vertex 19.9831 -47.5874 0
      vertex 8.90596 -47.5874 3.2
      vertex 0.0499992 -47.5874 0
    endloop
  endfacet
  facet normal 0 -1 0
    outer loop
      vertex 8.90596 -47.5874 3.2
      vertex 19.9831 -47.5874 0
      vertex 19.9831 -47.5874 5.6
    endloop
  endfacet
  facet normal 0.978148 0.207911 0
    outer loop
      vertex 118.743 -4.77878 5.6
      vertex 104.314 63.1046 0
      vertex 104.314 63.1046 5.6
    endloop
  endfacet
  facet normal 0.978148 0.207911 0
    outer loop
      vertex 104.314 63.1046 0
      vertex 118.743 -4.77878 5.6
      vertex 118.743 -4.77878 0
    endloop
  endfacet
  facet normal 0.953567 0.30118 0
    outer loop
      vertex 104.244 63.3678 5.6
      vertex 104.185 63.5546 0
      vertex 104.185 63.5546 5.6
    endloop
  endfacet
  facet normal 0.953567 0.30118 0
    outer loop
      vertex 104.185 63.5546 0
      vertex 104.244 63.3678 5.6
      vertex 104.244 63.3678 0
    endloop
  endfacet
  facet normal 0.23384 -0.972275 0
    outer loop
      vertex 48.3813 -41.123 0
      vertex 90.0764 -31.095 5.6
      vertex 48.3813 -41.123 5.6
    endloop
  endfacet
  facet normal 0.23384 -0.972275 0
    outer loop
      vertex 90.0764 -31.095 5.6
      vertex 48.3813 -41.123 0
      vertex 90.0764 -31.095 0
    endloop
  endfacet
  facet normal 0.609572 -0.792731 0
    outer loop
      vertex 95.9496 -28.3007 0
      vertex 96.5577 -27.8331 5.6
      vertex 95.9496 -28.3007 5.6
    endloop
  endfacet
  facet normal 0.609572 -0.792731 0
    outer loop
      vertex 96.5577 -27.8331 5.6
      vertex 95.9496 -28.3007 0
      vertex 96.5577 -27.8331 0
    endloop
  endfacet
  facet normal 0.696542 0.717516 -0
    outer loop
      vertex 103.431 64.8407 0
      vertex 103.041 65.2193 5.6
      vertex 103.431 64.8407 5.6
    endloop
  endfacet
  facet normal 0.696542 0.717516 0
    outer loop
      vertex 103.041 65.2193 5.6
      vertex 103.431 64.8407 0
      vertex 103.041 65.2193 0
    endloop
  endfacet
  facet normal 0.0449902 -0.998987 0
    outer loop
      vertex 20.1096 -47.5845 0
      vertex 20.305 -47.5757 5.6
      vertex 20.1096 -47.5845 5.6
    endloop
  endfacet
  facet normal 0.0449902 -0.998987 0
    outer loop
      vertex 20.305 -47.5757 5.6
      vertex 20.1096 -47.5845 0
      vertex 20.305 -47.5757 0
    endloop
  endfacet
  facet normal 0.257708 -0.966223 0
    outer loop
      vertex 90.0764 -31.095 0
      vertex 90.2095 -31.0595 5.6
      vertex 90.0764 -31.095 5.6
    endloop
  endfacet
  facet normal 0.257708 -0.966223 0
    outer loop
      vertex 90.2095 -31.0595 5.6
      vertex 90.0764 -31.095 0
      vertex 90.2095 -31.0595 0
    endloop
  endfacet
  facet normal 0.331047 -0.943614 0
    outer loop
      vertex 91.0842 -30.799 0
      vertex 91.8082 -30.545 5.6
      vertex 91.0842 -30.799 5.6
    endloop
  endfacet
  facet normal 0.331047 -0.943614 0
    outer loop
      vertex 91.8082 -30.545 5.6
      vertex 91.0842 -30.799 0
      vertex 91.8082 -30.545 0
    endloop
  endfacet
  facet normal 0.993675 0.112291 0
    outer loop
      vertex 118.809 -5.24203 5.6
      vertex 118.787 -5.04735 0
      vertex 118.787 -5.04735 5.6
    endloop
  endfacet
  facet normal 0.993675 0.112291 0
    outer loop
      vertex 118.787 -5.04735 0
      vertex 118.809 -5.24203 5.6
      vertex 118.809 -5.24203 0
    endloop
  endfacet
  facet normal 0.279415 0.960171 -0
    outer loop
      vertex 101.752 65.931 0
      vertex 101.563 65.986 5.6
      vertex 101.752 65.931 5.6
    endloop
  endfacet
  facet normal 0.279415 0.960171 0
    outer loop
      vertex 101.563 65.986 5.6
      vertex 101.752 65.931 0
      vertex 101.563 65.986 0
    endloop
  endfacet
  facet normal 0.643499 -0.765447 0
    outer loop
      vertex 96.6525 -27.7568 0
      vertex 117.061 -10.5997 5.6
      vertex 96.6525 -27.7568 5.6
    endloop
  endfacet
  facet normal 0.643499 -0.765447 0
    outer loop
      vertex 117.061 -10.5997 5.6
      vertex 96.6525 -27.7568 0
      vertex 117.061 -10.5997 0
    endloop
  endfacet
  facet normal 0.566152 -0.824301 0
    outer loop
      vertex 95.1962 -28.8231 0
      vertex 95.8278 -28.3893 5.6
      vertex 95.1962 -28.8231 5.6
    endloop
  endfacet
  facet normal 0.566152 -0.824301 0
    outer loop
      vertex 95.8278 -28.3893 5.6
      vertex 95.1962 -28.8231 0
      vertex 95.8278 -28.3893 0
    endloop
  endfacet
  facet normal 0 1 0
    outer loop
      vertex 100.584 66.1147 3
      vertex 100.584 66.1147 0
      vertex 68.6078 66.1147 3
    endloop
  endfacet
  facet normal 0 1 0
    outer loop
      vertex 68.6078 66.1147 5.6
      vertex 11.803 66.1147 3.50576
      vertex 11.1002 66.1147 5.6
    endloop
  endfacet
  facet normal 0 1 0
    outer loop
      vertex 68.6078 66.1147 5.6
      vertex 11.9023 66.1147 3.21
      vertex 11.803 66.1147 3.50576
    endloop
  endfacet
  facet normal 0 1 -0
    outer loop
      vertex 68.6078 66.1147 3
      vertex 11.9023 66.1147 3.21
      vertex 68.6078 66.1147 5.6
    endloop
  endfacet
  facet normal 0 1 0
    outer loop
      vertex 11.9023 66.1147 3.21
      vertex 68.6078 66.1147 3
      vertex 11.9023 66.1147 3.2
    endloop
  endfacet
  facet normal 0 1 0
    outer loop
      vertex 0.0499992 66.1147 0
      vertex 11.9023 66.1147 3.2
      vertex 68.6078 66.1147 3
    endloop
  endfacet
  facet normal 0 1 0
    outer loop
      vertex 0.0499992 66.1147 0
      vertex 68.6078 66.1147 3
      vertex 100.584 66.1147 0
    endloop
  endfacet
  facet normal 0 1 0
    outer loop
      vertex 11.9023 66.1147 3.2
      vertex 0.0499992 66.1147 0
      vertex 0.0499992 66.1147 3.2
    endloop
  endfacet
  facet normal 0.281403 -0.95959 0
    outer loop
      vertex 90.2095 -31.0595 0
      vertex 90.9447 -30.8439 5.6
      vertex 90.2095 -31.0595 5.6
    endloop
  endfacet
  facet normal 0.281403 -0.95959 0
    outer loop
      vertex 90.9447 -30.8439 5.6
      vertex 90.2095 -31.0595 0
      vertex 90.9447 -30.8439 0
    endloop
  endfacet
  facet normal 0.626997 -0.779021 0
    outer loop
      vertex 96.5577 -27.8331 0
      vertex 96.6525 -27.7568 5.6
      vertex 96.5577 -27.8331 5.6
    endloop
  endfacet
  facet normal 0.626997 -0.779021 0
    outer loop
      vertex 96.6525 -27.7568 5.6
      vertex 96.5577 -27.8331 0
      vertex 96.6525 -27.7568 0
    endloop
  endfacet
  facet normal 0.689826 -0.723975 0
    outer loop
      vertex 117.266 -10.4196 0
      vertex 117.425 -10.2681 5.6
      vertex 117.266 -10.4196 5.6
    endloop
  endfacet
  facet normal 0.689826 -0.723975 0
    outer loop
      vertex 117.425 -10.2681 5.6
      vertex 117.266 -10.4196 0
      vertex 117.425 -10.2681 0
    endloop
  endfacet
  facet normal 0.46111 0.887343 -0
    outer loop
      vertex 102.43 65.639 0
      vertex 102.257 65.7289 5.6
      vertex 102.43 65.639 5.6
    endloop
  endfacet
  facet normal 0.46111 0.887343 0
    outer loop
      vertex 102.257 65.7289 5.6
      vertex 102.43 65.639 0
      vertex 102.257 65.7289 0
    endloop
  endfacet
  facet normal 0.405391 -0.914143 0
    outer loop
      vertex 92.6555 -30.2005 0
      vertex 92.7917 -30.1401 5.6
      vertex 92.6555 -30.2005 5.6
    endloop
  endfacet
  facet normal 0.405391 -0.914143 0
    outer loop
      vertex 92.7917 -30.1401 5.6
      vertex 92.6555 -30.2005 0
      vertex 92.7917 -30.1401 0
    endloop
  endfacet
  facet normal 0.135927 -0.990719 0
    outer loop
      vertex 20.305 -47.5757 0
      vertex 20.8101 -47.5064 5.6
      vertex 20.305 -47.5757 5.6
    endloop
  endfacet
  facet normal 0.135927 -0.990719 0
    outer loop
      vertex 20.8101 -47.5064 5.6
      vertex 20.305 -47.5757 0
      vertex 20.8101 -47.5064 0
    endloop
  endfacet
  facet normal 0.229738 -0.973253 0
    outer loop
      vertex 48.358 -41.1285 0
      vertex 48.3813 -41.123 5.6
      vertex 48.358 -41.1285 5.6
    endloop
  endfacet
  facet normal 0.229738 -0.973253 0
    outer loop
      vertex 48.3813 -41.123 5.6
      vertex 48.358 -41.1285 0
      vertex 48.3813 -41.123 0
    endloop
  endfacet
  facet normal 0.998542 -0.0539753 0
    outer loop
      vertex 118.816 -5.79288 5.6
      vertex 118.826 -5.60788 0
      vertex 118.826 -5.60788 5.6
    endloop
  endfacet
  facet normal 0.998542 -0.0539753 0
    outer loop
      vertex 118.826 -5.60788 0
      vertex 118.816 -5.79288 5.6
      vertex 118.816 -5.79288 0
    endloop
  endfacet
  facet normal 0.0229189 -0.999737 0
    outer loop
      vertex 19.9831 -47.5874 0
      vertex 20.1096 -47.5845 5.6
      vertex 19.9831 -47.5874 5.6
    endloop
  endfacet
  facet normal 0.0229189 -0.999737 0
    outer loop
      vertex 20.1096 -47.5845 5.6
      vertex 19.9831 -47.5874 0
      vertex 20.1096 -47.5845 0
    endloop
  endfacet
  facet normal 0.0425774 0.999093 -0
    outer loop
      vertex 100.821 66.1046 0
      vertex 100.584 66.1147 3
      vertex 100.821 66.1046 3
    endloop
  endfacet
  facet normal 0.0425774 0.999093 0
    outer loop
      vertex 100.584 66.1147 3
      vertex 100.821 66.1046 0
      vertex 100.584 66.1147 0
    endloop
  endfacet
  facet normal 0.954747 -0.29742 0
    outer loop
      vertex 118.236 -8.97115 5.6
      vertex 118.345 -8.62125 0
      vertex 118.345 -8.62125 5.6
    endloop
  endfacet
  facet normal 0.954747 -0.29742 0
    outer loop
      vertex 118.345 -8.62125 0
      vertex 118.236 -8.97115 5.6
      vertex 118.236 -8.97115 0
    endloop
  endfacet
  facet normal 0.0848965 0.99639 -0
    outer loop
      vertex 101.017 66.0879 0
      vertex 100.821 66.1046 3
      vertex 101.017 66.0879 3
    endloop
  endfacet
  facet normal 0.0848965 0.99639 0
    outer loop
      vertex 100.821 66.1046 3
      vertex 101.017 66.0879 0
      vertex 100.821 66.1046 0
    endloop
  endfacet
  facet normal 0.973289 -0.229584 0
    outer loop
      vertex 118.345 -8.62125 5.6
      vertex 118.392 -8.422 0
      vertex 118.392 -8.422 5.6
    endloop
  endfacet
  facet normal 0.973289 -0.229584 0
    outer loop
      vertex 118.392 -8.422 0
      vertex 118.345 -8.62125 5.6
      vertex 118.345 -8.62125 0
    endloop
  endfacet
  facet normal 0.544281 0.838903 -0
    outer loop
      vertex 102.889 65.3412 0
      vertex 102.43 65.639 5.6
      vertex 102.889 65.3412 5.6
    endloop
  endfacet
  facet normal 0.544281 0.838903 0
    outer loop
      vertex 102.43 65.639 5.6
      vertex 102.889 65.3412 0
      vertex 102.43 65.639 0
    endloop
  endfacet
  facet normal 0.150781 0.988567 0
    outer loop
      vertex 101.379 66.033 1
      vertex 101.379 66.033 0
      vertex 101.28 66.0481 1
    endloop
  endfacet
  facet normal 0.149627 0.988742 -0
    outer loop
      vertex 101.28 66.0481 1
      vertex 101.017 66.0879 3
      vertex 101.28 66.0481 3
    endloop
  endfacet
  facet normal 0.149943 0.988695 -8.49403e-05
    outer loop
      vertex 101.017 66.0879 0
      vertex 101.28 66.0481 1
      vertex 101.379 66.033 0
    endloop
  endfacet
  facet normal 0.149627 0.988742 0
    outer loop
      vertex 101.28 66.0481 1
      vertex 101.017 66.0879 0
      vertex 101.017 66.0879 3
    endloop
  endfacet
  facet normal 0.654083 -0.756423 0
    outer loop
      vertex 117.061 -10.5997 0
      vertex 117.112 -10.5556 5.6
      vertex 117.061 -10.5997 5.6
    endloop
  endfacet
  facet normal 0.654083 -0.756423 0
    outer loop
      vertex 117.112 -10.5556 5.6
      vertex 117.061 -10.5997 0
      vertex 117.112 -10.5556 0
    endloop
  endfacet
  facet normal 0.661944 -0.749554 0
    outer loop
      vertex 117.112 -10.5556 0
      vertex 117.266 -10.4196 5.6
      vertex 117.112 -10.5556 5.6
    endloop
  endfacet
  facet normal 0.661944 -0.749554 0
    outer loop
      vertex 117.266 -10.4196 5.6
      vertex 117.112 -10.5556 0
      vertex 117.266 -10.4196 0
    endloop
  endfacet
  facet normal 0.762359 -0.647154 0
    outer loop
      vertex 117.425 -10.2681 5.6
      vertex 117.662 -9.98891 0
      vertex 117.662 -9.98891 5.6
    endloop
  endfacet
  facet normal 0.762359 -0.647154 0
    outer loop
      vertex 117.662 -9.98891 0
      vertex 117.425 -10.2681 5.6
      vertex 117.425 -10.2681 0
    endloop
  endfacet
  facet normal 0.625633 0.780117 -0
    outer loop
      vertex 103.041 65.2193 0
      vertex 102.889 65.3412 5.6
      vertex 103.041 65.2193 5.6
    endloop
  endfacet
  facet normal 0.625633 0.780117 0
    outer loop
      vertex 102.889 65.3412 5.6
      vertex 103.041 65.2193 0
      vertex 102.889 65.3412 0
    endloop
  endfacet
  facet normal 0.225554 -0.974231 0
    outer loop
      vertex 20.8101 -47.5064 0
      vertex 48.358 -41.1285 5.6
      vertex 20.8101 -47.5064 5.6
    endloop
  endfacet
  facet normal 0.225554 -0.974231 0
    outer loop
      vertex 48.358 -41.1285 5.6
      vertex 20.8101 -47.5064 0
      vertex 48.358 -41.1285 0
    endloop
  endfacet
  facet normal 0.306385 -0.951908 0
    outer loop
      vertex 90.9447 -30.8439 0
      vertex 91.0842 -30.799 5.6
      vertex 90.9447 -30.8439 5.6
    endloop
  endfacet
  facet normal 0.306385 -0.951908 0
    outer loop
      vertex 91.0842 -30.799 5.6
      vertex 90.9447 -30.8439 0
      vertex 91.0842 -30.799 0
    endloop
  endfacet
  facet normal 0.998922 0.046417 0
    outer loop
      vertex 118.826 -5.60788 5.6
      vertex 118.809 -5.24203 0
      vertex 118.809 -5.24203 5.6
    endloop
  endfacet
  facet normal 0.998922 0.046417 0
    outer loop
      vertex 118.809 -5.24203 0
      vertex 118.826 -5.60788 5.6
      vertex 118.826 -5.60788 0
    endloop
  endfacet
  facet normal 0.824952 -0.565203 0
    outer loop
      vertex 117.784 -9.82506 5.6
      vertex 117.9 -9.65575 0
      vertex 117.9 -9.65575 5.6
    endloop
  endfacet
  facet normal 0.824952 -0.565203 0
    outer loop
      vertex 117.9 -9.65575 0
      vertex 117.784 -9.82506 5.6
      vertex 117.784 -9.82506 0
    endloop
  endfacet
  facet normal 0.875474 0.483266 0
    outer loop
      vertex 103.968 64.0609 5.6
      vertex 103.873 64.233 0
      vertex 103.873 64.233 5.6
    endloop
  endfacet
  facet normal 0.875474 0.483266 0
    outer loop
      vertex 103.873 64.233 0
      vertex 103.968 64.0609 5.6
      vertex 103.968 64.0609 0
    endloop
  endfacet
  facet normal 0.24869 0.968583 0
    outer loop
      vertex 101.563 65.986 5.6
      vertex 101.489 66.005 3
      vertex 101.489 66.005 5.6
    endloop
  endfacet
  facet normal 0.24869 0.968583 -0
    outer loop
      vertex 101.563 65.986 0
      vertex 101.489 66.005 3
      vertex 101.563 65.986 5.6
    endloop
  endfacet
  facet normal 0.24869 0.968583 0
    outer loop
      vertex 101.489 66.005 3
      vertex 101.563 65.986 0
      vertex 101.489 66.005 1
    endloop
  endfacet
  facet normal 0.247488 0.968891 -9.47828e-05
    outer loop
      vertex 101.379 66.033 0
      vertex 101.489 66.005 1
      vertex 101.563 65.986 0
    endloop
  endfacet
  facet normal 0.246679 0.969097 0
    outer loop
      vertex 101.489 66.005 1
      vertex 101.379 66.033 0
      vertex 101.379 66.033 1
    endloop
  endfacet
  facet normal 0.522583 -0.852588 0
    outer loop
      vertex 94.42 -29.3032 0
      vertex 95.0739 -28.9024 5.6
      vertex 94.42 -29.3032 5.6
    endloop
  endfacet
  facet normal 0.522583 -0.852588 0
    outer loop
      vertex 95.0739 -28.9024 5.6
      vertex 94.42 -29.3032 0
      vertex 95.0739 -28.9024 0
    endloop
  endfacet
  facet normal 0.979611 -0.200903 0
    outer loop
      vertex 118.392 -8.422 5.6
      vertex 118.43 -8.23671 0
      vertex 118.43 -8.23671 5.6
    endloop
  endfacet
  facet normal 0.979611 -0.200903 0
    outer loop
      vertex 118.43 -8.23671 0
      vertex 118.392 -8.422 5.6
      vertex 118.392 -8.422 0
    endloop
  endfacet
  facet normal 0.905801 -0.423704 0
    outer loop
      vertex 118.075 -9.33424 5.6
      vertex 118.162 -9.14825 0
      vertex 118.162 -9.14825 5.6
    endloop
  endfacet
  facet normal 0.905801 -0.423704 0
    outer loop
      vertex 118.162 -9.14825 0
      vertex 118.075 -9.33424 5.6
      vertex 118.075 -9.33424 0
    endloop
  endfacet
  facet normal 0.904868 0.425692 0
    outer loop
      vertex 104.124 63.7293 5.6
      vertex 103.968 64.0609 0
      vertex 103.968 64.0609 5.6
    endloop
  endfacet
  facet normal 0.904868 0.425692 0
    outer loop
      vertex 103.968 64.0609 0
      vertex 104.124 63.7293 5.6
      vertex 104.124 63.7293 0
    endloop
  endfacet
  facet normal 0.99625 -0.0865198 0
    outer loop
      vertex 118.799 -5.98863 5.6
      vertex 118.816 -5.79288 0
      vertex 118.816 -5.79288 5.6
    endloop
  endfacet
  facet normal 0.99625 -0.0865198 0
    outer loop
      vertex 118.816 -5.79288 0
      vertex 118.799 -5.98863 5.6
      vertex 118.799 -5.98863 0
    endloop
  endfacet
  facet normal 0.986048 -0.166462 0
    outer loop
      vertex 118.43 -8.23671 5.6
      vertex 118.771 -6.21678 0
      vertex 118.771 -6.21678 5.6
    endloop
  endfacet
  facet normal 0.986048 -0.166462 0
    outer loop
      vertex 118.771 -6.21678 0
      vertex 118.43 -8.23671 5.6
      vertex 118.43 -8.23671 0
    endloop
  endfacet
  facet normal 0 0 1
    outer loop
      vertex 68.6078 66.1147 5.6
      vertex 57.7375 54.6358 5.6
      vertex 70.4724 57.3427 5.6
    endloop
  endfacet
  facet normal 0 0 1
    outer loop
      vertex 68.6078 66.1147 5.6
      vertex 57.4944 54.5588 5.6
      vertex 57.7375 54.6358 5.6
    endloop
  endfacet
  facet normal 0 0 1
    outer loop
      vertex 68.6078 66.1147 5.6
      vertex 57.2527 54.4256 5.6
      vertex 57.4944 54.5588 5.6
    endloop
  endfacet
  facet normal -0 0 1
    outer loop
      vertex 11.1002 66.1147 5.6
      vertex 57.2527 54.4256 5.6
      vertex 68.6078 66.1147 5.6
    endloop
  endfacet
  facet normal 0 0 1
    outer loop
      vertex 56.7572 52.6072 5.6
      vertex 56.5131 51.9702 5.6
      vertex 56.6028 52.0461 5.6
    endloop
  endfacet
  facet normal 0 0 1
    outer loop
      vertex 48.944 50.3131 5.6
      vertex 56.6455 53.2517 5.6
      vertex 56.6689 53.5266 5.6
    endloop
  endfacet
  facet normal 0 0 1
    outer loop
      vertex 56.6741 52.9984 5.6
      vertex 56.2801 51.8724 5.6
      vertex 56.5131 51.9702 5.6
    endloop
  endfacet
  facet normal 0 0 1
    outer loop
      vertex 56.5131 51.9702 5.6
      vertex 56.2801 51.8724 5.6
      vertex 56.4107 51.9137 5.6
    endloop
  endfacet
  facet normal 0 0 1
    outer loop
      vertex 56.6455 53.2517 5.6
      vertex 48.944 50.3131 5.6
      vertex 56.2801 51.8724 5.6
    endloop
  endfacet
  facet normal 0 0 1
    outer loop
      vertex 56.746 53.7909 5.6
      vertex 48.944 50.3131 5.6
      vertex 56.6689 53.5266 5.6
    endloop
  endfacet
  facet normal 0 0 1
    outer loop
      vertex 56.8719 54.0339 5.6
      vertex 48.944 50.3131 5.6
      vertex 56.746 53.7909 5.6
    endloop
  endfacet
  facet normal 0 0 1
    outer loop
      vertex 57.0427 54.2477 5.6
      vertex 48.944 50.3131 5.6
      vertex 56.8719 54.0339 5.6
    endloop
  endfacet
  facet normal 0 -0 1
    outer loop
      vertex 48.944 50.3131 5.6
      vertex 57.2527 54.4256 5.6
      vertex 11.1002 66.1147 5.6
    endloop
  endfacet
  facet normal 0 0 1
    outer loop
      vertex 57.2527 54.4256 5.6
      vertex 48.944 50.3131 5.6
      vertex 57.0427 54.2477 5.6
    endloop
  endfacet
  facet normal 0 0 1
    outer loop
      vertex 48.944 50.3131 5.6
      vertex 11.1002 66.1147 5.6
      vertex 48.701 50.2361 5.6
    endloop
  endfacet
  facet normal 0 0 1
    outer loop
      vertex 47.8755 49.2039 5.6
      vertex 32.7148 40.0904 5.6
      vertex 47.8521 48.929 5.6
    endloop
  endfacet
  facet normal 0 0 1
    outer loop
      vertex 47.9526 49.4682 5.6
      vertex 32.7148 40.0904 5.6
      vertex 47.8755 49.2039 5.6
    endloop
  endfacet
  facet normal 0 0 1
    outer loop
      vertex 48.0785 49.7112 5.6
      vertex 32.7148 40.0904 5.6
      vertex 47.9526 49.4682 5.6
    endloop
  endfacet
  facet normal 0 0 1
    outer loop
      vertex 11.1002 66.1147 5.6
      vertex 48.0785 49.7112 5.6
      vertex 48.2492 49.925 5.6
    endloop
  endfacet
  facet normal 0 0 1
    outer loop
      vertex 11.1002 66.1147 5.6
      vertex 48.2492 49.925 5.6
      vertex 48.4594 50.1029 5.6
    endloop
  endfacet
  facet normal 0 0 1
    outer loop
      vertex 48.701 50.2361 5.6
      vertex 11.1002 66.1147 5.6
      vertex 48.4594 50.1029 5.6
    endloop
  endfacet
  facet normal 0 0 1
    outer loop
      vertex 48.0785 49.7112 5.6
      vertex 11.1002 66.1147 5.6
      vertex 32.7148 40.0904 5.6
    endloop
  endfacet
  facet normal 0 0 1
    outer loop
      vertex 32.7148 40.0904 5.6
      vertex 11.1002 66.1147 5.6
      vertex 32.4717 40.0135 5.6
    endloop
  endfacet
  facet normal 0 0 1
    outer loop
      vertex 31.7294 38.0863 5.6
      vertex 31.4852 37.4493 5.6
      vertex 31.5749 37.5252 5.6
    endloop
  endfacet
  facet normal 0 0 1
    outer loop
      vertex 31.2522 37.3515 5.6
      vertex 31.6229 38.7063 5.6
      vertex 31.6463 38.9813 5.6
    endloop
  endfacet
  facet normal 0 0 1
    outer loop
      vertex 31.6514 38.453 5.6
      vertex 31.2522 37.3515 5.6
      vertex 31.4852 37.4493 5.6
    endloop
  endfacet
  facet normal 0 0 1
    outer loop
      vertex 31.4852 37.4493 5.6
      vertex 31.2522 37.3515 5.6
      vertex 31.3828 37.3928 5.6
    endloop
  endfacet
  facet normal 0 0 1
    outer loop
      vertex 31.6463 38.9813 5.6
      vertex 15.6019 34.0249 5.6
      vertex 31.2522 37.3515 5.6
    endloop
  endfacet
  facet normal 0 0 1
    outer loop
      vertex 31.7234 39.2456 5.6
      vertex 15.6019 34.0249 5.6
      vertex 31.6463 38.9813 5.6
    endloop
  endfacet
  facet normal 0 0 1
    outer loop
      vertex 31.8493 39.4885 5.6
      vertex 15.6019 34.0249 5.6
      vertex 31.7234 39.2456 5.6
    endloop
  endfacet
  facet normal 0 0 1
    outer loop
      vertex 32.02 39.7023 5.6
      vertex 15.6019 34.0249 5.6
      vertex 31.8493 39.4885 5.6
    endloop
  endfacet
  facet normal 0 0 1
    outer loop
      vertex 11.1002 66.1147 5.6
      vertex 32.02 39.7023 5.6
      vertex 32.2301 39.8803 5.6
    endloop
  endfacet
  facet normal 0 0 1
    outer loop
      vertex 32.4717 40.0135 5.6
      vertex 11.1002 66.1147 5.6
      vertex 32.2301 39.8803 5.6
    endloop
  endfacet
  facet normal 0 0 1
    outer loop
      vertex 32.02 39.7023 5.6
      vertex 11.1002 66.1147 5.6
      vertex 15.6019 34.0249 5.6
    endloop
  endfacet
  facet normal 0 0 1
    outer loop
      vertex 15.6019 34.0249 5.6
      vertex 11.1002 66.1147 5.6
      vertex 15.3589 33.948 5.6
    endloop
  endfacet
  facet normal 0 0 1
    outer loop
      vertex 14.5334 32.9158 5.6
      vertex 11.1002 66.1147 5.6
      vertex 14.51 32.6408 5.6
    endloop
  endfacet
  facet normal 0 0 1
    outer loop
      vertex 14.6105 33.1801 5.6
      vertex 11.1002 66.1147 5.6
      vertex 14.5334 32.9158 5.6
    endloop
  endfacet
  facet normal 0 0 1
    outer loop
      vertex 14.7364 33.423 5.6
      vertex 11.1002 66.1147 5.6
      vertex 14.6105 33.1801 5.6
    endloop
  endfacet
  facet normal 0 0 1
    outer loop
      vertex 14.9071 33.6368 5.6
      vertex 11.1002 66.1147 5.6
      vertex 14.7364 33.423 5.6
    endloop
  endfacet
  facet normal 0 0 1
    outer loop
      vertex 15.1172 33.8148 5.6
      vertex 11.1002 66.1147 5.6
      vertex 14.9071 33.6368 5.6
    endloop
  endfacet
  facet normal 0 0 1
    outer loop
      vertex 15.3589 33.948 5.6
      vertex 11.1002 66.1147 5.6
      vertex 15.1172 33.8148 5.6
    endloop
  endfacet
  facet normal 0 0 1
    outer loop
      vertex 56.7298 52.2417 5.6
      vertex 56.7726 52.471 5.6
      vertex 56.7572 52.6072 5.6
    endloop
  endfacet
  facet normal 0 0 1
    outer loop
      vertex 56.7726 52.471 5.6
      vertex 56.7298 52.2417 5.6
      vertex 56.7627 52.3545 5.6
    endloop
  endfacet
  facet normal 0 0 1
    outer loop
      vertex 56.7572 52.6072 5.6
      vertex 56.6759 52.1377 5.6
      vertex 56.7298 52.2417 5.6
    endloop
  endfacet
  facet normal 0 0 1
    outer loop
      vertex 56.5131 51.9702 5.6
      vertex 56.7572 52.6072 5.6
      vertex 56.6741 52.9984 5.6
    endloop
  endfacet
  facet normal 0 0 1
    outer loop
      vertex 56.2801 51.8724 5.6
      vertex 56.6741 52.9984 5.6
      vertex 56.6455 53.2517 5.6
    endloop
  endfacet
  facet normal 0 0 1
    outer loop
      vertex 56.7572 52.6072 5.6
      vertex 56.6028 52.0461 5.6
      vertex 56.6759 52.1377 5.6
    endloop
  endfacet
  facet normal 0 0 1
    outer loop
      vertex 48.8148 43.7863 5.6
      vertex 48.8576 44.0156 5.6
      vertex 48.8423 44.1518 5.6
    endloop
  endfacet
  facet normal 0 0 1
    outer loop
      vertex 48.8576 44.0156 5.6
      vertex 48.8148 43.7863 5.6
      vertex 48.8477 43.8991 5.6
    endloop
  endfacet
  facet normal 0 0 1
    outer loop
      vertex 48.8423 44.1518 5.6
      vertex 48.7609 43.6823 5.6
      vertex 48.8148 43.7863 5.6
    endloop
  endfacet
  facet normal 0 0 1
    outer loop
      vertex 48.8423 44.1518 5.6
      vertex 48.6878 43.5907 5.6
      vertex 48.7609 43.6823 5.6
    endloop
  endfacet
  facet normal 0 0 1
    outer loop
      vertex 48.8423 44.1518 5.6
      vertex 48.5981 43.5148 5.6
      vertex 48.6878 43.5907 5.6
    endloop
  endfacet
  facet normal 0 0 1
    outer loop
      vertex 48.8423 44.1518 5.6
      vertex 48.4957 43.4583 5.6
      vertex 48.5981 43.5148 5.6
    endloop
  endfacet
  facet normal 0 0 1
    outer loop
      vertex 48.8423 44.1518 5.6
      vertex 48.3651 43.417 5.6
      vertex 48.4957 43.4583 5.6
    endloop
  endfacet
  facet normal 0 0 1
    outer loop
      vertex 47.8807 48.6757 5.6
      vertex 48.3651 43.417 5.6
      vertex 48.8423 44.1518 5.6
    endloop
  endfacet
  facet normal 0 0 1
    outer loop
      vertex 32.7148 40.0904 5.6
      vertex 47.8807 48.6757 5.6
      vertex 47.8521 48.929 5.6
    endloop
  endfacet
  facet normal 0 0 1
    outer loop
      vertex 47.8807 48.6757 5.6
      vertex 32.7148 40.0904 5.6
      vertex 48.3651 43.417 5.6
    endloop
  endfacet
  facet normal 0 0 1
    outer loop
      vertex 31.5749 37.5252 5.6
      vertex 31.7448 37.9501 5.6
      vertex 31.7294 38.0863 5.6
    endloop
  endfacet
  facet normal 0 0 1
    outer loop
      vertex 31.7448 37.9501 5.6
      vertex 31.7019 37.7208 5.6
      vertex 31.7348 37.8336 5.6
    endloop
  endfacet
  facet normal 0 0 1
    outer loop
      vertex 31.4852 37.4493 5.6
      vertex 31.7294 38.0863 5.6
      vertex 31.6514 38.453 5.6
    endloop
  endfacet
  facet normal 0 0 1
    outer loop
      vertex 31.7448 37.9501 5.6
      vertex 31.5749 37.5252 5.6
      vertex 31.7019 37.7208 5.6
    endloop
  endfacet
  facet normal 0 0 1
    outer loop
      vertex 31.2522 37.3515 5.6
      vertex 31.6514 38.453 5.6
      vertex 31.6229 38.7063 5.6
    endloop
  endfacet
  facet normal 0 0 1
    outer loop
      vertex 31.7019 37.7208 5.6
      vertex 31.5749 37.5252 5.6
      vertex 31.648 37.6168 5.6
    endloop
  endfacet
  facet normal 0 0 1
    outer loop
      vertex 26.3418 -17.2489 5.6
      vertex 26.3509 -17.4784 5.6
      vertex 26.3576 -17.3638 5.6
    endloop
  endfacet
  facet normal 0 0 1
    outer loop
      vertex 26.3418 -17.2489 5.6
      vertex 26.3173 -17.6093 5.6
      vertex 26.3509 -17.4784 5.6
    endloop
  endfacet
  facet normal 0 0 1
    outer loop
      vertex 26.3045 -17.1396 5.6
      vertex 26.3173 -17.6093 5.6
      vertex 26.3418 -17.2489 5.6
    endloop
  endfacet
  facet normal 0 0 1
    outer loop
      vertex 26.2461 -17.0387 5.6
      vertex 26.3173 -17.6093 5.6
      vertex 26.3045 -17.1396 5.6
    endloop
  endfacet
  facet normal 0 0 1
    outer loop
      vertex 26.08 -16.8817 5.6
      vertex 26.2461 -17.0387 5.6
      vertex 26.1711 -16.9519 5.6
    endloop
  endfacet
  facet normal 0 0 1
    outer loop
      vertex 26.2461 -17.0387 5.6
      vertex 26.08 -16.8817 5.6
      vertex 26.3173 -17.6093 5.6
    endloop
  endfacet
  facet normal 0 0 1
    outer loop
      vertex 25.9765 -16.8292 5.6
      vertex 26.3173 -17.6093 5.6
      vertex 26.08 -16.8817 5.6
    endloop
  endfacet
  facet normal 0 0 1
    outer loop
      vertex 25.8658 -16.798 5.6
      vertex 26.3173 -17.6093 5.6
      vertex 25.9765 -16.8292 5.6
    endloop
  endfacet
  facet normal 0 0 1
    outer loop
      vertex 25.7506 -16.7888 5.6
      vertex 26.3173 -17.6093 5.6
      vertex 25.8658 -16.798 5.6
    endloop
  endfacet
  facet normal -0 0 1
    outer loop
      vertex 25.6154 -16.8039 5.6
      vertex 26.3173 -17.6093 5.6
      vertex 25.7506 -16.7888 5.6
    endloop
  endfacet
  facet normal -0 0 1
    outer loop
      vertex 25.0214 -16.9301 5.6
      vertex 26.3173 -17.6093 5.6
      vertex 25.6154 -16.8039 5.6
    endloop
  endfacet
  facet normal 0 0 1
    outer loop
      vertex 26.3173 -17.6093 5.6
      vertex 25.0214 -16.9301 5.6
      vertex 25.2034 -20.6825 5.6
    endloop
  endfacet
  facet normal -0 0 1
    outer loop
      vertex 23.4711 -20.1431 5.6
      vertex 25.2034 -20.6825 5.6
      vertex 25.0214 -16.9301 5.6
    endloop
  endfacet
  facet normal 0 -0 1
    outer loop
      vertex 24.1724 -20.8848 5.6
      vertex 25.2034 -20.6825 5.6
      vertex 23.6593 -20.3157 5.6
    endloop
  endfacet
  facet normal 0 0 1
    outer loop
      vertex 25.2034 -20.6825 5.6
      vertex 24.1724 -20.8848 5.6
      vertex 25.1397 -20.8126 5.6
    endloop
  endfacet
  facet normal 0 0 1
    outer loop
      vertex 25.1397 -20.8126 5.6
      vertex 24.1724 -20.8848 5.6
      vertex 25.0648 -20.9108 5.6
    endloop
  endfacet
  facet normal 0 0 1
    outer loop
      vertex 25.0648 -20.9108 5.6
      vertex 24.1724 -20.8848 5.6
      vertex 24.9721 -20.9897 5.6
    endloop
  endfacet
  facet normal 0 0 1
    outer loop
      vertex 24.9721 -20.9897 5.6
      vertex 24.1724 -20.8848 5.6
      vertex 24.8636 -21.049 5.6
    endloop
  endfacet
  facet normal 0 0 1
    outer loop
      vertex 24.8636 -21.049 5.6
      vertex 24.1724 -20.8848 5.6
      vertex 24.7461 -21.085 5.6
    endloop
  endfacet
  facet normal 0 0 1
    outer loop
      vertex 24.7461 -21.085 5.6
      vertex 24.1724 -20.8848 5.6
      vertex 24.6241 -21.0957 5.6
    endloop
  endfacet
  facet normal 0 0 1
    outer loop
      vertex 24.5013 -21.0813 5.6
      vertex 24.1724 -20.8848 5.6
      vertex 24.3841 -21.0422 5.6
    endloop
  endfacet
  facet normal 0 0 1
    outer loop
      vertex 24.3841 -21.0422 5.6
      vertex 24.1724 -20.8848 5.6
      vertex 24.2781 -20.9809 5.6
    endloop
  endfacet
  facet normal 0 0 1
    outer loop
      vertex 24.6241 -21.0957 5.6
      vertex 24.1724 -20.8848 5.6
      vertex 24.5013 -21.0813 5.6
    endloop
  endfacet
  facet normal 0 0 1
    outer loop
      vertex 25.2034 -20.6825 5.6
      vertex 23.4711 -20.1431 5.6
      vertex 23.6593 -20.3157 5.6
    endloop
  endfacet
  facet normal 0 0 1
    outer loop
      vertex 25.0214 -16.9301 5.6
      vertex 23.2348 -20.0003 5.6
      vertex 23.4711 -20.1431 5.6
    endloop
  endfacet
  facet normal 0 0 1
    outer loop
      vertex 25.0214 -16.9301 5.6
      vertex 22.976 -19.9078 5.6
      vertex 23.2348 -20.0003 5.6
    endloop
  endfacet
  facet normal 0 0 1
    outer loop
      vertex 25.0214 -16.9301 5.6
      vertex 22.7056 -19.8666 5.6
      vertex 22.976 -19.9078 5.6
    endloop
  endfacet
  facet normal 0 0 1
    outer loop
      vertex 25.0214 -16.9301 5.6
      vertex 22.4317 -19.879 5.6
      vertex 22.7056 -19.8666 5.6
    endloop
  endfacet
  facet normal 0 0 1
    outer loop
      vertex 25.0214 -16.9301 5.6
      vertex 22.1641 -19.9445 5.6
      vertex 22.4317 -19.879 5.6
    endloop
  endfacet
  facet normal 0 0 1
    outer loop
      vertex 25.0214 -16.9301 5.6
      vertex 21.9151 -20.062 5.6
      vertex 22.1641 -19.9445 5.6
    endloop
  endfacet
  facet normal 0 0 1
    outer loop
      vertex 6.09311 -3.98531 5.6
      vertex 21.9151 -20.062 5.6
      vertex 25.0214 -16.9301 5.6
    endloop
  endfacet
  facet normal -0 0 1
    outer loop
      vertex 6.09311 -3.98531 5.6
      vertex 25.0214 -16.9301 5.6
      vertex 14.5386 32.3875 5.6
    endloop
  endfacet
  facet normal 0 0 1
    outer loop
      vertex 21.9151 -20.062 5.6
      vertex 6.09311 -3.98531 5.6
      vertex 21.7097 -20.2131 5.6
    endloop
  endfacet
  facet normal 0 0 1
    outer loop
      vertex 6.09311 -3.98531 5.6
      vertex 14.5386 32.3875 5.6
      vertex 14.51 32.6408 5.6
    endloop
  endfacet
  facet normal 0 0 1
    outer loop
      vertex 6.09311 -3.98531 5.6
      vertex 14.51 32.6408 5.6
      vertex 11.1002 66.1147 5.6
    endloop
  endfacet
  facet normal 0 0 1
    outer loop
      vertex 5.08913 -21.4874 5.6
      vertex 21.7097 -20.2131 5.6
      vertex 6.09311 -3.98531 5.6
    endloop
  endfacet
  facet normal 0 0 1
    outer loop
      vertex 21.7097 -20.2131 5.6
      vertex 5.08913 -21.4874 5.6
      vertex 9.04776 -31.6143 5.6
    endloop
  endfacet
  facet normal 0 0 1
    outer loop
      vertex 9.04776 -31.6143 5.6
      vertex 5.08913 -21.4874 5.6
      vertex 8.87506 -31.8025 5.6
    endloop
  endfacet
  facet normal 0 0 1
    outer loop
      vertex 8.87506 -31.8025 5.6
      vertex 5.08913 -21.4874 5.6
      vertex 8.73233 -32.0388 5.6
    endloop
  endfacet
  facet normal 0 0 1
    outer loop
      vertex 8.73233 -32.0388 5.6
      vertex 5.08913 -21.4874 5.6
      vertex 8.6398 -32.2977 5.6
    endloop
  endfacet
  facet normal 0 0 1
    outer loop
      vertex 8.6398 -32.2977 5.6
      vertex 5.08913 -21.4874 5.6
      vertex 8.59863 -32.5681 5.6
    endloop
  endfacet
  facet normal 0 0 1
    outer loop
      vertex 8.59863 -32.5681 5.6
      vertex 5.08913 -21.4874 5.6
      vertex 8.10065 -47.5874 5.6
    endloop
  endfacet
  facet normal -0 0 1
    outer loop
      vertex 0.0499992 -3.98531 5.6
      vertex 5.08913 -21.4874 5.6
      vertex 6.09311 -3.98531 5.6
    endloop
  endfacet
  facet normal 0 0 1
    outer loop
      vertex 5.08913 -21.4874 5.6
      vertex 0.0499992 -3.98531 5.6
      vertex 0.0499992 -21.4874 5.6
    endloop
  endfacet
  facet normal 0 0 1
    outer loop
      vertex 116.023 -7.25281 5.6
      vertex 116.202 -6.33229 5.6
      vertex 116.031 -6.54613 5.6
    endloop
  endfacet
  facet normal 0 0 1
    outer loop
      vertex 116.202 -6.33229 5.6
      vertex 116.023 -7.25281 5.6
      vertex 116.074 -7.53522 5.6
    endloop
  endfacet
  facet normal 0 0 1
    outer loop
      vertex 116.031 -6.54613 5.6
      vertex 115.915 -6.98651 5.6
      vertex 116.023 -7.25281 5.6
    endloop
  endfacet
  facet normal -0 0 1
    outer loop
      vertex 115.821 -6.72406 5.6
      vertex 115.915 -6.98651 5.6
      vertex 116.031 -6.54613 5.6
    endloop
  endfacet
  facet normal 0 0 1
    outer loop
      vertex 115.915 -6.98651 5.6
      vertex 115.821 -6.72406 5.6
      vertex 115.761 -6.75696 5.6
    endloop
  endfacet
  facet normal -0 0 1
    outer loop
      vertex 116.428 -5.55013 5.6
      vertex 118.826 -5.60788 5.6
      vertex 118.809 -5.24203 5.6
    endloop
  endfacet
  facet normal 0 0 1
    outer loop
      vertex 118.826 -5.60788 5.6
      vertex 116.428 -5.55013 5.6
      vertex 118.816 -5.79288 5.6
    endloop
  endfacet
  facet normal 0 0 1
    outer loop
      vertex 116.428 -5.55013 5.6
      vertex 118.809 -5.24203 5.6
      vertex 118.787 -5.04735 5.6
    endloop
  endfacet
  facet normal 0 0 1
    outer loop
      vertex 118.816 -5.79288 5.6
      vertex 116.428 -5.55013 5.6
      vertex 118.799 -5.98863 5.6
    endloop
  endfacet
  facet normal 0 0 1
    outer loop
      vertex 116.399 -5.2968 5.6
      vertex 118.787 -5.04735 5.6
      vertex 118.743 -4.77878 5.6
    endloop
  endfacet
  facet normal -0 0 1
    outer loop
      vertex 116.405 -5.82506 5.6
      vertex 118.799 -5.98863 5.6
      vertex 116.428 -5.55013 5.6
    endloop
  endfacet
  facet normal 0 0 1
    outer loop
      vertex 116.202 -6.33229 5.6
      vertex 118.771 -6.21678 5.6
      vertex 116.328 -6.08936 5.6
    endloop
  endfacet
  facet normal 0 0 1
    outer loop
      vertex 118.771 -6.21678 5.6
      vertex 116.202 -6.33229 5.6
      vertex 118.43 -8.23671 5.6
    endloop
  endfacet
  facet normal -0 0 1
    outer loop
      vertex 116.074 -7.53522 5.6
      vertex 118.43 -8.23671 5.6
      vertex 116.202 -6.33229 5.6
    endloop
  endfacet
  facet normal -0 0 1
    outer loop
      vertex 116.068 -7.82286 5.6
      vertex 118.43 -8.23671 5.6
      vertex 116.074 -7.53522 5.6
    endloop
  endfacet
  facet normal 0 0 1
    outer loop
      vertex 118.43 -8.23671 5.6
      vertex 116.068 -7.82286 5.6
      vertex 118.392 -8.422 5.6
    endloop
  endfacet
  facet normal -0 0 1
    outer loop
      vertex 116.001 -8.10245 5.6
      vertex 118.345 -8.62125 5.6
      vertex 116.068 -7.82286 5.6
    endloop
  endfacet
  facet normal 0 0 1
    outer loop
      vertex 118.236 -8.97115 5.6
      vertex 116.001 -8.10245 5.6
      vertex 118.162 -9.14825 5.6
    endloop
  endfacet
  facet normal 0 0 1
    outer loop
      vertex 118.162 -9.14825 5.6
      vertex 116.001 -8.10245 5.6
      vertex 118.075 -9.33424 5.6
    endloop
  endfacet
  facet normal -0 0 1
    outer loop
      vertex 115.881 -8.36197 5.6
      vertex 118.075 -9.33424 5.6
      vertex 116.001 -8.10245 5.6
    endloop
  endfacet
  facet normal 0 0 1
    outer loop
      vertex 117.9 -9.65575 5.6
      vertex 115.881 -8.36197 5.6
      vertex 117.784 -9.82506 5.6
    endloop
  endfacet
  facet normal 0 0 1
    outer loop
      vertex 117.784 -9.82506 5.6
      vertex 115.881 -8.36197 5.6
      vertex 117.662 -9.98891 5.6
    endloop
  endfacet
  facet normal -0 0 1
    outer loop
      vertex 115.71 -8.59248 5.6
      vertex 117.662 -9.98891 5.6
      vertex 115.881 -8.36197 5.6
    endloop
  endfacet
  facet normal 0 0 1
    outer loop
      vertex 118.799 -5.98863 5.6
      vertex 116.405 -5.82506 5.6
      vertex 118.771 -6.21678 5.6
    endloop
  endfacet
  facet normal 0 0 1
    outer loop
      vertex 118.787 -5.04735 5.6
      vertex 116.399 -5.2968 5.6
      vertex 116.428 -5.55013 5.6
    endloop
  endfacet
  facet normal 0 0 1
    outer loop
      vertex 118.743 -4.77878 5.6
      vertex 106.391 42.9459 5.6
      vertex 116.399 -5.2968 5.6
    endloop
  endfacet
  facet normal 0 0 1
    outer loop
      vertex 104.314 63.1046 5.6
      vertex 106.391 42.9459 5.6
      vertex 118.743 -4.77878 5.6
    endloop
  endfacet
  facet normal 0 0 1
    outer loop
      vertex 102.409 61.6774 5.6
      vertex 104.314 63.1046 5.6
      vertex 104.244 63.3678 5.6
    endloop
  endfacet
  facet normal 0 0 1
    outer loop
      vertex 102.409 61.6774 5.6
      vertex 104.244 63.3678 5.6
      vertex 104.185 63.5546 5.6
    endloop
  endfacet
  facet normal 0 0 1
    outer loop
      vertex 102.409 61.6774 5.6
      vertex 104.185 63.5546 5.6
      vertex 104.124 63.7293 5.6
    endloop
  endfacet
  facet normal 0 0 1
    outer loop
      vertex 102.409 61.6774 5.6
      vertex 104.124 63.7293 5.6
      vertex 103.968 64.0609 5.6
    endloop
  endfacet
  facet normal 0 0 1
    outer loop
      vertex 102.409 61.6774 5.6
      vertex 103.968 64.0609 5.6
      vertex 103.873 64.233 5.6
    endloop
  endfacet
  facet normal 0 0 1
    outer loop
      vertex 102.409 61.6774 5.6
      vertex 103.873 64.233 5.6
      vertex 103.776 64.3965 5.6
    endloop
  endfacet
  facet normal 0 0 1
    outer loop
      vertex 102.409 61.6774 5.6
      vertex 103.776 64.3965 5.6
      vertex 103.558 64.6909 5.6
    endloop
  endfacet
  facet normal 0 0 1
    outer loop
      vertex 102.409 61.6774 5.6
      vertex 103.558 64.6909 5.6
      vertex 103.431 64.8407 5.6
    endloop
  endfacet
  facet normal 0 0 1
    outer loop
      vertex 102.409 61.6774 5.6
      vertex 103.431 64.8407 5.6
      vertex 103.041 65.2193 5.6
    endloop
  endfacet
  facet normal 0 0 1
    outer loop
      vertex 102.409 61.6774 5.6
      vertex 103.041 65.2193 5.6
      vertex 102.889 65.3412 5.6
    endloop
  endfacet
  facet normal 0 0 1
    outer loop
      vertex 102.409 61.6774 5.6
      vertex 102.889 65.3412 5.6
      vertex 102.43 65.639 5.6
    endloop
  endfacet
  facet normal 0 0 1
    outer loop
      vertex 104.314 63.1046 5.6
      vertex 102.409 61.6774 5.6
      vertex 106.391 42.9459 5.6
    endloop
  endfacet
  facet normal 0 0 1
    outer loop
      vertex 102.257 65.7289 5.6
      vertex 102.409 61.6774 5.6
      vertex 102.43 65.639 5.6
    endloop
  endfacet
  facet normal 0 0 1
    outer loop
      vertex 101.752 65.931 5.6
      vertex 102.409 61.6774 5.6
      vertex 102.257 65.7289 5.6
    endloop
  endfacet
  facet normal 0 0 1
    outer loop
      vertex 101.563 65.986 5.6
      vertex 102.409 61.6774 5.6
      vertex 101.752 65.931 5.6
    endloop
  endfacet
  facet normal 0 0 1
    outer loop
      vertex 102.409 61.6774 5.6
      vertex 101.563 65.986 5.6
      vertex 101.489 66.005 5.6
    endloop
  endfacet
  facet normal 0 0 1
    outer loop
      vertex 118.771 -6.21678 5.6
      vertex 116.405 -5.82506 5.6
      vertex 116.328 -6.08936 5.6
    endloop
  endfacet
  facet normal 0 0 1
    outer loop
      vertex 118.345 -8.62125 5.6
      vertex 116.001 -8.10245 5.6
      vertex 118.236 -8.97115 5.6
    endloop
  endfacet
  facet normal 0 0 1
    outer loop
      vertex 118.392 -8.422 5.6
      vertex 116.068 -7.82286 5.6
      vertex 118.345 -8.62125 5.6
    endloop
  endfacet
  facet normal 0 0 1
    outer loop
      vertex 118.075 -9.33424 5.6
      vertex 115.881 -8.36197 5.6
      vertex 117.9 -9.65575 5.6
    endloop
  endfacet
  facet normal 0 0 1
    outer loop
      vertex 117.662 -9.98891 5.6
      vertex 115.71 -8.59248 5.6
      vertex 117.425 -10.2681 5.6
    endloop
  endfacet
  facet normal 0 0 1
    outer loop
      vertex 117.425 -10.2681 5.6
      vertex 115.71 -8.59248 5.6
      vertex 117.266 -10.4196 5.6
    endloop
  endfacet
  facet normal 0 0 1
    outer loop
      vertex 117.266 -10.4196 5.6
      vertex 115.71 -8.59248 5.6
      vertex 117.112 -10.5556 5.6
    endloop
  endfacet
  facet normal -0 0 1
    outer loop
      vertex 115.494 -8.783 5.6
      vertex 117.112 -10.5556 5.6
      vertex 115.71 -8.59248 5.6
    endloop
  endfacet
  facet normal 0 0 1
    outer loop
      vertex 117.112 -10.5556 5.6
      vertex 115.494 -8.783 5.6
      vertex 117.061 -10.5997 5.6
    endloop
  endfacet
  facet normal -0 0 1
    outer loop
      vertex 115.263 -8.91574 5.6
      vertex 117.061 -10.5997 5.6
      vertex 115.494 -8.783 5.6
    endloop
  endfacet
  facet normal 0 0 1
    outer loop
      vertex 100.917 -15.2775 5.6
      vertex 117.061 -10.5997 5.6
      vertex 115.263 -8.91574 5.6
    endloop
  endfacet
  facet normal 0 0 1
    outer loop
      vertex 100.541 -15.8029 5.6
      vertex 100.917 -15.2775 5.6
      vertex 100.79 -15.3508 5.6
    endloop
  endfacet
  facet normal 0 0 1
    outer loop
      vertex 100.541 -15.8029 5.6
      vertex 100.79 -15.3508 5.6
      vertex 100.697 -15.4353 5.6
    endloop
  endfacet
  facet normal 0 0 1
    outer loop
      vertex 100.572 -15.653 5.6
      vertex 100.697 -15.4353 5.6
      vertex 100.622 -15.5386 5.6
    endloop
  endfacet
  facet normal 0 0 1
    outer loop
      vertex 100.697 -15.4353 5.6
      vertex 100.572 -15.653 5.6
      vertex 100.541 -15.8029 5.6
    endloop
  endfacet
  facet normal 0 0 1
    outer loop
      vertex 100.917 -15.2775 5.6
      vertex 100.541 -15.8029 5.6
      vertex 100.448 -16.5591 5.6
    endloop
  endfacet
  facet normal 0 0 1
    outer loop
      vertex 100.312 -17.3349 5.6
      vertex 100.917 -15.2775 5.6
      vertex 100.448 -16.5591 5.6
    endloop
  endfacet
  facet normal -0 0 1
    outer loop
      vertex 100.917 -15.2775 5.6
      vertex 100.312 -17.3349 5.6
      vertex 117.061 -10.5997 5.6
    endloop
  endfacet
  facet normal 0 0 1
    outer loop
      vertex 100.133 -18.1031 5.6
      vertex 117.061 -10.5997 5.6
      vertex 100.312 -17.3349 5.6
    endloop
  endfacet
  facet normal 0 0 1
    outer loop
      vertex 99.9151 -18.8596 5.6
      vertex 117.061 -10.5997 5.6
      vertex 100.133 -18.1031 5.6
    endloop
  endfacet
  facet normal 0 0 1
    outer loop
      vertex 99.6575 -19.6044 5.6
      vertex 117.061 -10.5997 5.6
      vertex 99.9151 -18.8596 5.6
    endloop
  endfacet
  facet normal 0 0 1
    outer loop
      vertex 99.3609 -20.3348 5.6
      vertex 117.061 -10.5997 5.6
      vertex 99.6575 -19.6044 5.6
    endloop
  endfacet
  facet normal 0 0 1
    outer loop
      vertex 99.0249 -21.0482 5.6
      vertex 117.061 -10.5997 5.6
      vertex 99.3609 -20.3348 5.6
    endloop
  endfacet
  facet normal 0 0 1
    outer loop
      vertex 98.6525 -21.7418 5.6
      vertex 117.061 -10.5997 5.6
      vertex 99.0249 -21.0482 5.6
    endloop
  endfacet
  facet normal 0 0 1
    outer loop
      vertex 96.6525 -27.7568 5.6
      vertex 98.6525 -21.7418 5.6
      vertex 98.2442 -22.4158 5.6
    endloop
  endfacet
  facet normal 0 0 1
    outer loop
      vertex 96.6525 -27.7568 5.6
      vertex 98.2442 -22.4158 5.6
      vertex 97.8005 -23.067 5.6
    endloop
  endfacet
  facet normal 0 0 1
    outer loop
      vertex 96.6525 -27.7568 5.6
      vertex 97.8005 -23.067 5.6
      vertex 97.3224 -23.6939 5.6
    endloop
  endfacet
  facet normal 0 0 1
    outer loop
      vertex 96.6525 -27.7568 5.6
      vertex 97.3224 -23.6939 5.6
      vertex 96.8125 -24.2949 5.6
    endloop
  endfacet
  facet normal -0 0 1
    outer loop
      vertex 98.6525 -21.7418 5.6
      vertex 96.6525 -27.7568 5.6
      vertex 117.061 -10.5997 5.6
    endloop
  endfacet
  facet normal -0 0 1
    outer loop
      vertex 96.2714 -24.868 5.6
      vertex 96.6525 -27.7568 5.6
      vertex 96.8125 -24.2949 5.6
    endloop
  endfacet
  facet normal -0 0 1
    outer loop
      vertex 95.701 -25.4115 5.6
      vertex 96.6525 -27.7568 5.6
      vertex 96.2714 -24.868 5.6
    endloop
  endfacet
  facet normal -0 0 1
    outer loop
      vertex 95.103 -25.9241 5.6
      vertex 96.6525 -27.7568 5.6
      vertex 95.701 -25.4115 5.6
    endloop
  endfacet
  facet normal 0 0 1
    outer loop
      vertex 96.6525 -27.7568 5.6
      vertex 95.103 -25.9241 5.6
      vertex 96.5577 -27.8331 5.6
    endloop
  endfacet
  facet normal 0 0 1
    outer loop
      vertex 96.5577 -27.8331 5.6
      vertex 95.103 -25.9241 5.6
      vertex 95.9496 -28.3007 5.6
    endloop
  endfacet
  facet normal -0 0 1
    outer loop
      vertex 94.478 -26.4048 5.6
      vertex 95.9496 -28.3007 5.6
      vertex 95.103 -25.9241 5.6
    endloop
  endfacet
  facet normal 0 0 1
    outer loop
      vertex 95.9496 -28.3007 5.6
      vertex 94.478 -26.4048 5.6
      vertex 95.8278 -28.3893 5.6
    endloop
  endfacet
  facet normal 0 0 1
    outer loop
      vertex 95.8278 -28.3893 5.6
      vertex 94.478 -26.4048 5.6
      vertex 95.1962 -28.8231 5.6
    endloop
  endfacet
  facet normal -0 0 1
    outer loop
      vertex 93.8289 -26.8506 5.6
      vertex 95.1962 -28.8231 5.6
      vertex 94.478 -26.4048 5.6
    endloop
  endfacet
  facet normal 0 0 1
    outer loop
      vertex 95.1962 -28.8231 5.6
      vertex 93.8289 -26.8506 5.6
      vertex 95.0739 -28.9024 5.6
    endloop
  endfacet
  facet normal 0 0 1
    outer loop
      vertex 95.0739 -28.9024 5.6
      vertex 93.8289 -26.8506 5.6
      vertex 94.42 -29.3032 5.6
    endloop
  endfacet
  facet normal -0 0 1
    outer loop
      vertex 93.1571 -27.2623 5.6
      vertex 94.42 -29.3032 5.6
      vertex 93.8289 -26.8506 5.6
    endloop
  endfacet
  facet normal 0 0 1
    outer loop
      vertex 94.42 -29.3032 5.6
      vertex 93.1571 -27.2623 5.6
      vertex 94.293 -29.3764 5.6
    endloop
  endfacet
  facet normal 0 0 1
    outer loop
      vertex 94.293 -29.3764 5.6
      vertex 93.1571 -27.2623 5.6
      vertex 93.6185 -29.7427 5.6
    endloop
  endfacet
  facet normal -0 0 1
    outer loop
      vertex 92.4639 -27.6386 5.6
      vertex 93.6185 -29.7427 5.6
      vertex 93.1571 -27.2623 5.6
    endloop
  endfacet
  facet normal 0 0 1
    outer loop
      vertex 93.6185 -29.7427 5.6
      vertex 92.4639 -27.6386 5.6
      vertex 93.4844 -29.8109 5.6
    endloop
  endfacet
  facet normal 0 0 1
    outer loop
      vertex 93.4844 -29.8109 5.6
      vertex 92.4639 -27.6386 5.6
      vertex 92.7917 -30.1401 5.6
    endloop
  endfacet
  facet normal -0 0 1
    outer loop
      vertex 91.7519 -27.977 5.6
      vertex 92.7917 -30.1401 5.6
      vertex 92.4639 -27.6386 5.6
    endloop
  endfacet
  facet normal 0 0 1
    outer loop
      vertex 92.7917 -30.1401 5.6
      vertex 91.7519 -27.977 5.6
      vertex 92.6555 -30.2005 5.6
    endloop
  endfacet
  facet normal 0 0 1
    outer loop
      vertex 92.6555 -30.2005 5.6
      vertex 91.7519 -27.977 5.6
      vertex 91.9467 -30.4922 5.6
    endloop
  endfacet
  facet normal -0 0 1
    outer loop
      vertex 91.0234 -28.2769 5.6
      vertex 91.9467 -30.4922 5.6
      vertex 91.7519 -27.977 5.6
    endloop
  endfacet
  facet normal 0 0 1
    outer loop
      vertex 91.9467 -30.4922 5.6
      vertex 91.0234 -28.2769 5.6
      vertex 91.8082 -30.545 5.6
    endloop
  endfacet
  facet normal 0 0 1
    outer loop
      vertex 91.8082 -30.545 5.6
      vertex 91.0234 -28.2769 5.6
      vertex 91.0842 -30.799 5.6
    endloop
  endfacet
  facet normal -0 0 1
    outer loop
      vertex 90.2795 -28.5379 5.6
      vertex 91.0842 -30.799 5.6
      vertex 91.0234 -28.2769 5.6
    endloop
  endfacet
  facet normal 0 0 1
    outer loop
      vertex 91.0842 -30.799 5.6
      vertex 90.2795 -28.5379 5.6
      vertex 90.9447 -30.8439 5.6
    endloop
  endfacet
  facet normal 0 0 1
    outer loop
      vertex 90.2795 -28.5379 5.6
      vertex 90.2095 -31.0595 5.6
      vertex 90.9447 -30.8439 5.6
    endloop
  endfacet
  facet normal -0 0 1
    outer loop
      vertex 89.5242 -28.7594 5.6
      vertex 90.2095 -31.0595 5.6
      vertex 90.2795 -28.5379 5.6
    endloop
  endfacet
  facet normal 0 0 1
    outer loop
      vertex 90.2095 -31.0595 5.6
      vertex 89.5242 -28.7594 5.6
      vertex 90.0764 -31.095 5.6
    endloop
  endfacet
  facet normal -0 0 1
    outer loop
      vertex 88.7571 -28.9414 5.6
      vertex 90.0764 -31.095 5.6
      vertex 89.5242 -28.7594 5.6
    endloop
  endfacet
  facet normal -0 0 1
    outer loop
      vertex 87.982 -29.0819 5.6
      vertex 90.0764 -31.095 5.6
      vertex 88.7571 -28.9414 5.6
    endloop
  endfacet
  facet normal -0 0 1
    outer loop
      vertex 87.1994 -29.181 5.6
      vertex 90.0764 -31.095 5.6
      vertex 87.982 -29.0819 5.6
    endloop
  endfacet
  facet normal -0 0 1
    outer loop
      vertex 86.4133 -29.2389 5.6
      vertex 90.0764 -31.095 5.6
      vertex 87.1994 -29.181 5.6
    endloop
  endfacet
  facet normal -0 0 1
    outer loop
      vertex 85.6258 -29.255 5.6
      vertex 90.0764 -31.095 5.6
      vertex 86.4133 -29.2389 5.6
    endloop
  endfacet
  facet normal 0 0 1
    outer loop
      vertex 84.8388 -29.23 5.6
      vertex 90.0764 -31.095 5.6
      vertex 85.6258 -29.255 5.6
    endloop
  endfacet
  facet normal 0 0 1
    outer loop
      vertex 84.0533 -29.1627 5.6
      vertex 90.0764 -31.095 5.6
      vertex 84.8388 -29.23 5.6
    endloop
  endfacet
  facet normal 0 0 1
    outer loop
      vertex 83.273 -29.0544 5.6
      vertex 90.0764 -31.095 5.6
      vertex 84.0533 -29.1627 5.6
    endloop
  endfacet
  facet normal 0 0 1
    outer loop
      vertex 82.4984 -28.9049 5.6
      vertex 90.0764 -31.095 5.6
      vertex 83.273 -29.0544 5.6
    endloop
  endfacet
  facet normal 0 0 1
    outer loop
      vertex 48.3813 -41.123 5.6
      vertex 82.4984 -28.9049 5.6
      vertex 81.7342 -28.7144 5.6
    endloop
  endfacet
  facet normal -0 0 1
    outer loop
      vertex 76.1871 -26.2434 5.6
      vertex 76.8298 -26.3174 5.6
      vertex 76.698 -26.2398 5.6
    endloop
  endfacet
  facet normal 0 0 1
    outer loop
      vertex 76.1871 -26.2434 5.6
      vertex 76.698 -26.2398 5.6
      vertex 76.5776 -26.1996 5.6
    endloop
  endfacet
  facet normal -0 0 1
    outer loop
      vertex 76.3274 -26.1978 5.6
      vertex 76.5776 -26.1996 5.6
      vertex 76.4522 -26.1853 5.6
    endloop
  endfacet
  facet normal 0 0 1
    outer loop
      vertex 76.8298 -26.3174 5.6
      vertex 76.1871 -26.2434 5.6
      vertex 77.4518 -26.7565 5.6
    endloop
  endfacet
  facet normal 0 0 1
    outer loop
      vertex 76.5776 -26.1996 5.6
      vertex 76.3274 -26.1978 5.6
      vertex 76.1871 -26.2434 5.6
    endloop
  endfacet
  facet normal 0 0 1
    outer loop
      vertex 77.4518 -26.7565 5.6
      vertex 76.1871 -26.2434 5.6
      vertex 78.1189 -27.1759 5.6
    endloop
  endfacet
  facet normal 0 0 1
    outer loop
      vertex 48.3813 -41.123 5.6
      vertex 78.1189 -27.1759 5.6
      vertex 76.1871 -26.2434 5.6
    endloop
  endfacet
  facet normal 0 0 1
    outer loop
      vertex 82.4984 -28.9049 5.6
      vertex 48.3813 -41.123 5.6
      vertex 90.0764 -31.095 5.6
    endloop
  endfacet
  facet normal 0 0 1
    outer loop
      vertex 80.9805 -28.4849 5.6
      vertex 48.3813 -41.123 5.6
      vertex 81.7342 -28.7144 5.6
    endloop
  endfacet
  facet normal 0 0 1
    outer loop
      vertex 80.24 -28.2146 5.6
      vertex 48.3813 -41.123 5.6
      vertex 80.9805 -28.4849 5.6
    endloop
  endfacet
  facet normal 0 0 1
    outer loop
      vertex 79.5145 -27.9055 5.6
      vertex 48.3813 -41.123 5.6
      vertex 80.24 -28.2146 5.6
    endloop
  endfacet
  facet normal 0 0 1
    outer loop
      vertex 78.8075 -27.5589 5.6
      vertex 48.3813 -41.123 5.6
      vertex 79.5145 -27.9055 5.6
    endloop
  endfacet
  facet normal 0 0 1
    outer loop
      vertex 78.1189 -27.1759 5.6
      vertex 48.3813 -41.123 5.6
      vertex 78.8075 -27.5589 5.6
    endloop
  endfacet
  facet normal -0 0 1
    outer loop
      vertex 48.0708 -38.7107 5.6
      vertex 48.3813 -41.123 5.6
      vertex 76.1871 -26.2434 5.6
    endloop
  endfacet
  facet normal -0 0 1
    outer loop
      vertex 47.8075 -38.7947 5.6
      vertex 48.3813 -41.123 5.6
      vertex 48.0708 -38.7107 5.6
    endloop
  endfacet
  facet normal 0 0 1
    outer loop
      vertex 48.3813 -41.123 5.6
      vertex 47.8075 -38.7947 5.6
      vertex 48.358 -41.1285 5.6
    endloop
  endfacet
  facet normal -0 0 1
    outer loop
      vertex 47.5104 -38.8235 5.6
      vertex 48.358 -41.1285 5.6
      vertex 47.8075 -38.7947 5.6
    endloop
  endfacet
  facet normal 0 0 1
    outer loop
      vertex 47.2351 -38.7916 5.6
      vertex 48.358 -41.1285 5.6
      vertex 47.5104 -38.8235 5.6
    endloop
  endfacet
  facet normal 0 0 1
    outer loop
      vertex 37.9951 -36.703 5.6
      vertex 48.358 -41.1285 5.6
      vertex 47.2351 -38.7916 5.6
    endloop
  endfacet
  facet normal 0 0 1
    outer loop
      vertex 37.547 -36.7596 5.6
      vertex 37.9951 -36.703 5.6
      vertex 37.8349 -36.6863 5.6
    endloop
  endfacet
  facet normal 0 0 1
    outer loop
      vertex 37.547 -36.7596 5.6
      vertex 37.8349 -36.6863 5.6
      vertex 37.6978 -36.7032 5.6
    endloop
  endfacet
  facet normal 0 0 1
    outer loop
      vertex 37.9951 -36.703 5.6
      vertex 37.547 -36.7596 5.6
      vertex 37.2656 -36.9024 5.6
    endloop
  endfacet
  facet normal 0 0 1
    outer loop
      vertex 37.0282 -36.9953 5.6
      vertex 37.9951 -36.703 5.6
      vertex 37.2656 -36.9024 5.6
    endloop
  endfacet
  facet normal 0 0 1
    outer loop
      vertex 37.9951 -36.703 5.6
      vertex 37.0282 -36.9953 5.6
      vertex 48.358 -41.1285 5.6
    endloop
  endfacet
  facet normal -0 0 1
    outer loop
      vertex 36.7573 -37.0442 5.6
      vertex 48.358 -41.1285 5.6
      vertex 37.0282 -36.9953 5.6
    endloop
  endfacet
  facet normal 0 0 1
    outer loop
      vertex 20.8101 -47.5064 5.6
      vertex 36.7573 -37.0442 5.6
      vertex 36.4816 -37.0382 5.6
    endloop
  endfacet
  facet normal 0 0 1
    outer loop
      vertex 20.8101 -47.5064 5.6
      vertex 36.4816 -37.0382 5.6
      vertex 36.2146 -36.9792 5.6
    endloop
  endfacet
  facet normal 0 0 1
    outer loop
      vertex 31.9229 -35.3316 5.6
      vertex 35.4091 -36.2991 5.6
      vertex 35.3052 -36.0957 5.6
    endloop
  endfacet
  facet normal 0 0 1
    outer loop
      vertex 31.9229 -35.3316 5.6
      vertex 35.5464 -36.5142 5.6
      vertex 35.4091 -36.2991 5.6
    endloop
  endfacet
  facet normal -0 0 1
    outer loop
      vertex 31.357 -35.4791 5.6
      vertex 35.5464 -36.5142 5.6
      vertex 31.9229 -35.3316 5.6
    endloop
  endfacet
  facet normal 0 0 1
    outer loop
      vertex 35.5464 -36.5142 5.6
      vertex 31.357 -35.4791 5.6
      vertex 35.7365 -36.7122 5.6
    endloop
  endfacet
  facet normal 0 0 1
    outer loop
      vertex 35.7365 -36.7122 5.6
      vertex 31.357 -35.4791 5.6
      vertex 35.9625 -36.8697 5.6
    endloop
  endfacet
  facet normal 0 0 1
    outer loop
      vertex 31.357 -35.4791 5.6
      vertex 31.9229 -35.3316 5.6
      vertex 31.7904 -35.3146 5.6
    endloop
  endfacet
  facet normal 0 0 1
    outer loop
      vertex 31.357 -35.4791 5.6
      vertex 31.7904 -35.3146 5.6
      vertex 31.6766 -35.3217 5.6
    endloop
  endfacet
  facet normal 0 0 1
    outer loop
      vertex 31.357 -35.4791 5.6
      vertex 31.6766 -35.3217 5.6
      vertex 31.5672 -35.3505 5.6
    endloop
  endfacet
  facet normal 0 0 1
    outer loop
      vertex 31.357 -35.4791 5.6
      vertex 31.5672 -35.3505 5.6
      vertex 31.4636 -35.4001 5.6
    endloop
  endfacet
  facet normal 0 0 1
    outer loop
      vertex 20.9577 -44.8423 5.6
      vertex 35.9625 -36.8697 5.6
      vertex 31.357 -35.4791 5.6
    endloop
  endfacet
  facet normal 0 0 1
    outer loop
      vertex 20.8101 -47.5064 5.6
      vertex 35.9625 -36.8697 5.6
      vertex 20.9577 -44.8423 5.6
    endloop
  endfacet
  facet normal 0 0 1
    outer loop
      vertex 35.9625 -36.8697 5.6
      vertex 20.8101 -47.5064 5.6
      vertex 36.2146 -36.9792 5.6
    endloop
  endfacet
  facet normal 0 0 1
    outer loop
      vertex 36.7573 -37.0442 5.6
      vertex 20.8101 -47.5064 5.6
      vertex 48.358 -41.1285 5.6
    endloop
  endfacet
  facet normal -0 0 1
    outer loop
      vertex 20.7523 -44.9934 5.6
      vertex 20.8101 -47.5064 5.6
      vertex 20.9577 -44.8423 5.6
    endloop
  endfacet
  facet normal -0 0 1
    outer loop
      vertex 20.5033 -45.1109 5.6
      vertex 20.8101 -47.5064 5.6
      vertex 20.7523 -44.9934 5.6
    endloop
  endfacet
  facet normal -0 0 1
    outer loop
      vertex 20.2357 -45.1764 5.6
      vertex 20.8101 -47.5064 5.6
      vertex 20.5033 -45.1109 5.6
    endloop
  endfacet
  facet normal 0 0 1
    outer loop
      vertex 20.8101 -47.5064 5.6
      vertex 20.2357 -45.1764 5.6
      vertex 20.305 -47.5757 5.6
    endloop
  endfacet
  facet normal 0 0 1
    outer loop
      vertex 20.2357 -45.1764 5.6
      vertex 20.1096 -47.5845 5.6
      vertex 20.305 -47.5757 5.6
    endloop
  endfacet
  facet normal -0 0 1
    outer loop
      vertex 19.9618 -45.1888 5.6
      vertex 20.1096 -47.5845 5.6
      vertex 20.2357 -45.1764 5.6
    endloop
  endfacet
  facet normal 0 0 1
    outer loop
      vertex 20.1096 -47.5845 5.6
      vertex 19.9618 -45.1888 5.6
      vertex 19.9831 -47.5874 5.6
    endloop
  endfacet
  facet normal 0 0 1
    outer loop
      vertex 19.6914 -45.1476 5.6
      vertex 19.9831 -47.5874 5.6
      vertex 19.9618 -45.1888 5.6
    endloop
  endfacet
  facet normal 0 0 1
    outer loop
      vertex 19.4326 -45.0551 5.6
      vertex 19.9831 -47.5874 5.6
      vertex 19.6914 -45.1476 5.6
    endloop
  endfacet
  facet normal 0 0 1
    outer loop
      vertex 19.1963 -44.9123 5.6
      vertex 19.9831 -47.5874 5.6
      vertex 19.4326 -45.0551 5.6
    endloop
  endfacet
  facet normal 0 0 1
    outer loop
      vertex 19.008 -44.7396 5.6
      vertex 19.9831 -47.5874 5.6
      vertex 19.1963 -44.9123 5.6
    endloop
  endfacet
  facet normal 0 0 1
    outer loop
      vertex 8.10065 -47.5874 5.6
      vertex 19.008 -44.7396 5.6
      vertex 8.94516 -33.564 5.6
    endloop
  endfacet
  facet normal 0 0 1
    outer loop
      vertex 19.008 -44.7396 5.6
      vertex 8.10065 -47.5874 5.6
      vertex 19.9831 -47.5874 5.6
    endloop
  endfacet
  facet normal 0 0 1
    outer loop
      vertex 8.79398 -33.3585 5.6
      vertex 8.10065 -47.5874 5.6
      vertex 8.94516 -33.564 5.6
    endloop
  endfacet
  facet normal 0 0 1
    outer loop
      vertex 8.6765 -33.1095 5.6
      vertex 8.10065 -47.5874 5.6
      vertex 8.79398 -33.3585 5.6
    endloop
  endfacet
  facet normal 0 0 1
    outer loop
      vertex 8.61099 -32.8419 5.6
      vertex 8.10065 -47.5874 5.6
      vertex 8.6765 -33.1095 5.6
    endloop
  endfacet
  facet normal 0 0 1
    outer loop
      vertex 8.10065 -47.5874 5.6
      vertex 8.61099 -32.8419 5.6
      vertex 8.59863 -32.5681 5.6
    endloop
  endfacet
  facet normal 0 0 1
    outer loop
      vertex 116.399 -5.2968 5.6
      vertex 106.391 42.9459 5.6
      vertex 106.156 42.896 5.6
    endloop
  endfacet
  facet normal 0.453318 -0.891349 0
    outer loop
      vertex 93.4844 -29.8109 0
      vertex 93.6185 -29.7427 5.6
      vertex 93.4844 -29.8109 5.6
    endloop
  endfacet
  facet normal 0.453318 -0.891349 0
    outer loop
      vertex 93.6185 -29.7427 5.6
      vertex 93.4844 -29.8109 0
      vertex 93.6185 -29.7427 0
    endloop
  endfacet
  facet normal 0.944102 0.329652 0
    outer loop
      vertex 104.185 63.5546 5.6
      vertex 104.124 63.7293 0
      vertex 104.124 63.7293 5.6
    endloop
  endfacet
  facet normal 0.944102 0.329652 0
    outer loop
      vertex 104.124 63.7293 0
      vertex 104.185 63.5546 5.6
      vertex 104.185 63.5546 0
    endloop
  endfacet
  facet normal 0.992553 -0.121812 0
    outer loop
      vertex 118.771 -6.21678 5.6
      vertex 118.799 -5.98863 0
      vertex 118.799 -5.98863 5.6
    endloop
  endfacet
  facet normal 0.992553 -0.121812 0
    outer loop
      vertex 118.799 -5.98863 0
      vertex 118.771 -6.21678 5.6
      vertex 118.771 -6.21678 0
    endloop
  endfacet
  facet normal 0.371549 0.928413 -0
    outer loop
      vertex 102.257 65.7289 0
      vertex 101.752 65.931 5.6
      vertex 102.257 65.7289 5.6
    endloop
  endfacet
  facet normal 0.371549 0.928413 0
    outer loop
      vertex 101.752 65.931 5.6
      vertex 102.257 65.7289 0
      vertex 101.752 65.931 0
    endloop
  endfacet
  facet normal 0.986844 0.161675 0
    outer loop
      vertex 118.787 -5.04735 5.6
      vertex 118.743 -4.77878 0
      vertex 118.743 -4.77878 5.6
    endloop
  endfacet
  facet normal 0.986844 0.161675 0
    outer loop
      vertex 118.743 -4.77878 0
      vertex 118.787 -5.04735 5.6
      vertex 118.787 -5.04735 0
    endloop
  endfacet
  facet normal 0.544048 -0.839054 0
    outer loop
      vertex 95.0739 -28.9024 0
      vertex 95.1962 -28.8231 5.6
      vertex 95.0739 -28.9024 5.6
    endloop
  endfacet
  facet normal 0.544048 -0.839054 0
    outer loop
      vertex 95.1962 -28.8231 5.6
      vertex 95.0739 -28.9024 0
      vertex 95.1962 -28.8231 0
    endloop
  endfacet
  facet normal 0.802081 -0.597216 0
    outer loop
      vertex 117.662 -9.98891 5.6
      vertex 117.784 -9.82506 0
      vertex 117.784 -9.82506 5.6
    endloop
  endfacet
  facet normal 0.802081 -0.597216 0
    outer loop
      vertex 117.784 -9.82506 0
      vertex 117.662 -9.98891 5.6
      vertex 117.662 -9.98891 0
    endloop
  endfacet
  facet normal 0.803654 0.595097 0
    outer loop
      vertex 103.776 64.3965 5.6
      vertex 103.558 64.6909 0
      vertex 103.558 64.6909 5.6
    endloop
  endfacet
  facet normal 0.803654 0.595097 0
    outer loop
      vertex 103.558 64.6909 0
      vertex 103.776 64.3965 5.6
      vertex 103.776 64.3965 0
    endloop
  endfacet
  facet normal 0.762768 0.646672 0
    outer loop
      vertex 103.558 64.6909 5.6
      vertex 103.431 64.8407 0
      vertex 103.431 64.8407 5.6
    endloop
  endfacet
  facet normal 0.762768 0.646672 0
    outer loop
      vertex 103.431 64.8407 0
      vertex 103.558 64.6909 5.6
      vertex 103.558 64.6909 0
    endloop
  endfacet
  facet normal 0.499368 -0.86639 0
    outer loop
      vertex 94.293 -29.3764 0
      vertex 94.42 -29.3032 5.6
      vertex 94.293 -29.3764 5.6
    endloop
  endfacet
  facet normal 0.499368 -0.86639 0
    outer loop
      vertex 94.42 -29.3032 5.6
      vertex 94.293 -29.3764 0
      vertex 94.42 -29.3032 0
    endloop
  endfacet
  facet normal 0.477236 -0.878775 0
    outer loop
      vertex 93.6185 -29.7427 0
      vertex 94.293 -29.3764 5.6
      vertex 93.6185 -29.7427 5.6
    endloop
  endfacet
  facet normal 0.477236 -0.878775 0
    outer loop
      vertex 94.293 -29.3764 5.6
      vertex 93.6185 -29.7427 0
      vertex 94.293 -29.3764 0
    endloop
  endfacet
  facet normal 0.588251 -0.808679 0
    outer loop
      vertex 95.8278 -28.3893 0
      vertex 95.9496 -28.3007 5.6
      vertex 95.8278 -28.3893 5.6
    endloop
  endfacet
  facet normal 0.588251 -0.808679 0
    outer loop
      vertex 95.9496 -28.3007 5.6
      vertex 95.8278 -28.3893 0
      vertex 95.9496 -28.3007 0
    endloop
  endfacet
  facet normal 0.429235 -0.903193 0
    outer loop
      vertex 92.7917 -30.1401 0
      vertex 93.4844 -29.8109 5.6
      vertex 92.7917 -30.1401 5.6
    endloop
  endfacet
  facet normal 0.429235 -0.903193 0
    outer loop
      vertex 93.4844 -29.8109 5.6
      vertex 92.7917 -30.1401 0
      vertex 93.4844 -29.8109 0
    endloop
  endfacet
  facet normal 0.380573 -0.924751 0
    outer loop
      vertex 91.9467 -30.4922 0
      vertex 92.6555 -30.2005 5.6
      vertex 91.9467 -30.4922 5.6
    endloop
  endfacet
  facet normal 0.380573 -0.924751 0
    outer loop
      vertex 92.6555 -30.2005 5.6
      vertex 91.9467 -30.4922 0
      vertex 92.6555 -30.2005 0
    endloop
  endfacet
  facet normal 0.922691 -0.38554 0
    outer loop
      vertex 118.162 -9.14825 5.6
      vertex 118.236 -8.97115 0
      vertex 118.236 -8.97115 5.6
    endloop
  endfacet
  facet normal 0.922691 -0.38554 0
    outer loop
      vertex 118.236 -8.97115 0
      vertex 118.162 -9.14825 5.6
      vertex 118.162 -9.14825 0
    endloop
  endfacet
  facet normal 0.966405 0.257023 0
    outer loop
      vertex 104.314 63.1046 5.6
      vertex 104.244 63.3678 0
      vertex 104.244 63.3678 5.6
    endloop
  endfacet
  facet normal 0.966405 0.257023 0
    outer loop
      vertex 104.244 63.3678 0
      vertex 104.314 63.1046 5.6
      vertex 104.314 63.1046 0
    endloop
  endfacet
  facet normal 0.35622 -0.934402 0
    outer loop
      vertex 91.8082 -30.545 0
      vertex 91.9467 -30.4922 5.6
      vertex 91.8082 -30.545 5.6
    endloop
  endfacet
  facet normal 0.35622 -0.934402 0
    outer loop
      vertex 91.9467 -30.4922 5.6
      vertex 91.8082 -30.545 0
      vertex 91.9467 -30.4922 0
    endloop
  endfacet
  facet normal 0 0 -1
    outer loop
      vertex 118.816 -5.79288 0
      vertex 118.809 -5.24203 0
      vertex 118.826 -5.60788 0
    endloop
  endfacet
  facet normal 0 0 -1
    outer loop
      vertex 118.799 -5.98863 0
      vertex 118.809 -5.24203 0
      vertex 118.816 -5.79288 0
    endloop
  endfacet
  facet normal 0 0 -1
    outer loop
      vertex 118.799 -5.98863 0
      vertex 118.787 -5.04735 0
      vertex 118.809 -5.24203 0
    endloop
  endfacet
  facet normal 0 0 -1
    outer loop
      vertex 118.771 -6.21678 0
      vertex 118.787 -5.04735 0
      vertex 118.799 -5.98863 0
    endloop
  endfacet
  facet normal 0 0 -1
    outer loop
      vertex 118.771 -6.21678 0
      vertex 118.743 -4.77878 0
      vertex 118.787 -5.04735 0
    endloop
  endfacet
  facet normal 0 0 -1
    outer loop
      vertex 117.061 -10.5997 0
      vertex 118.771 -6.21678 0
      vertex 118.43 -8.23671 0
    endloop
  endfacet
  facet normal 0 0 -1
    outer loop
      vertex 117.061 -10.5997 0
      vertex 118.43 -8.23671 0
      vertex 118.392 -8.422 0
    endloop
  endfacet
  facet normal 0 0 -1
    outer loop
      vertex 117.112 -10.5556 0
      vertex 118.392 -8.422 0
      vertex 118.345 -8.62125 0
    endloop
  endfacet
  facet normal 0 0 -1
    outer loop
      vertex 118.162 -9.14825 0
      vertex 118.345 -8.62125 0
      vertex 118.236 -8.97115 0
    endloop
  endfacet
  facet normal 0 0 -1
    outer loop
      vertex 117.112 -10.5556 0
      vertex 118.345 -8.62125 0
      vertex 118.162 -9.14825 0
    endloop
  endfacet
  facet normal 0 0 -1
    outer loop
      vertex 117.112 -10.5556 0
      vertex 118.162 -9.14825 0
      vertex 118.075 -9.33424 0
    endloop
  endfacet
  facet normal 0 0 -1
    outer loop
      vertex 117.784 -9.82506 0
      vertex 118.075 -9.33424 0
      vertex 117.9 -9.65575 0
    endloop
  endfacet
  facet normal 0 0 -1
    outer loop
      vertex 117.112 -10.5556 0
      vertex 118.075 -9.33424 0
      vertex 117.784 -9.82506 0
    endloop
  endfacet
  facet normal 0 0 -1
    outer loop
      vertex 117.112 -10.5556 0
      vertex 117.784 -9.82506 0
      vertex 117.662 -9.98891 0
    endloop
  endfacet
  facet normal 0 0 -1
    outer loop
      vertex 117.266 -10.4196 0
      vertex 117.662 -9.98891 0
      vertex 117.425 -10.2681 0
    endloop
  endfacet
  facet normal 0 0 -1
    outer loop
      vertex 117.112 -10.5556 0
      vertex 117.662 -9.98891 0
      vertex 117.266 -10.4196 0
    endloop
  endfacet
  facet normal 0 0 -1
    outer loop
      vertex 118.392 -8.422 0
      vertex 117.112 -10.5556 0
      vertex 117.061 -10.5997 0
    endloop
  endfacet
  facet normal -0 0 -1
    outer loop
      vertex 118.771 -6.21678 0
      vertex 117.061 -10.5997 0
      vertex 118.743 -4.77878 0
    endloop
  endfacet
  facet normal 0 0 -1
    outer loop
      vertex 96.6525 -27.7568 0
      vertex 118.743 -4.77878 0
      vertex 117.061 -10.5997 0
    endloop
  endfacet
  facet normal -0 0 -1
    outer loop
      vertex 118.743 -4.77878 0
      vertex 96.6525 -27.7568 0
      vertex 104.314 63.1046 0
    endloop
  endfacet
  facet normal 0 0 -1
    outer loop
      vertex 90.0764 -31.095 0
      vertex 104.314 63.1046 0
      vertex 96.6525 -27.7568 0
    endloop
  endfacet
  facet normal 0 0 -1
    outer loop
      vertex 104.314 63.1046 0
      vertex 100.584 66.1147 0
      vertex 104.244 63.3678 0
    endloop
  endfacet
  facet normal -0 -0 -1
    outer loop
      vertex 100.821 66.1046 0
      vertex 104.244 63.3678 0
      vertex 100.584 66.1147 0
    endloop
  endfacet
  facet normal 0 0 -1
    outer loop
      vertex 104.185 63.5546 0
      vertex 103.968 64.0609 0
      vertex 104.124 63.7293 0
    endloop
  endfacet
  facet normal 0 0 -1
    outer loop
      vertex 104.185 63.5546 0
      vertex 100.821 66.1046 0
      vertex 103.968 64.0609 0
    endloop
  endfacet
  facet normal 0 0 -1
    outer loop
      vertex 103.968 64.0609 0
      vertex 100.821 66.1046 0
      vertex 103.873 64.233 0
    endloop
  endfacet
  facet normal 0 0 -1
    outer loop
      vertex 103.873 64.233 0
      vertex 103.558 64.6909 0
      vertex 103.776 64.3965 0
    endloop
  endfacet
  facet normal 0 0 -1
    outer loop
      vertex 103.873 64.233 0
      vertex 100.821 66.1046 0
      vertex 103.558 64.6909 0
    endloop
  endfacet
  facet normal 0 0 -1
    outer loop
      vertex 103.558 64.6909 0
      vertex 100.821 66.1046 0
      vertex 103.431 64.8407 0
    endloop
  endfacet
  facet normal 0 0 -1
    outer loop
      vertex 103.431 64.8407 0
      vertex 100.821 66.1046 0
      vertex 103.041 65.2193 0
    endloop
  endfacet
  facet normal 0 0 -1
    outer loop
      vertex 103.041 65.2193 0
      vertex 100.821 66.1046 0
      vertex 102.889 65.3412 0
    endloop
  endfacet
  facet normal 0 0 -1
    outer loop
      vertex 102.889 65.3412 0
      vertex 100.821 66.1046 0
      vertex 102.43 65.639 0
    endloop
  endfacet
  facet normal 0 0 -1
    outer loop
      vertex 102.43 65.639 0
      vertex 100.821 66.1046 0
      vertex 102.257 65.7289 0
    endloop
  endfacet
  facet normal 0 0 -1
    outer loop
      vertex 102.257 65.7289 0
      vertex 100.821 66.1046 0
      vertex 101.752 65.931 0
    endloop
  endfacet
  facet normal 0 0 -1
    outer loop
      vertex 101.752 65.931 0
      vertex 100.821 66.1046 0
      vertex 101.563 65.986 0
    endloop
  endfacet
  facet normal 0 0 -1
    outer loop
      vertex 101.563 65.986 0
      vertex 101.017 66.0879 0
      vertex 101.379 66.033 0
    endloop
  endfacet
  facet normal 0 0 -1
    outer loop
      vertex 101.563 65.986 0
      vertex 100.821 66.1046 0
      vertex 101.017 66.0879 0
    endloop
  endfacet
  facet normal 0 0 -1
    outer loop
      vertex 104.244 63.3678 0
      vertex 100.821 66.1046 0
      vertex 104.185 63.5546 0
    endloop
  endfacet
  facet normal 0 0 -1
    outer loop
      vertex 90.0764 -31.095 0
      vertex 96.6525 -27.7568 0
      vertex 96.5577 -27.8331 0
    endloop
  endfacet
  facet normal 0 0 -1
    outer loop
      vertex 90.0764 -31.095 0
      vertex 96.5577 -27.8331 0
      vertex 95.9496 -28.3007 0
    endloop
  endfacet
  facet normal 0 0 -1
    outer loop
      vertex 90.0764 -31.095 0
      vertex 95.9496 -28.3007 0
      vertex 95.8278 -28.3893 0
    endloop
  endfacet
  facet normal 0 0 -1
    outer loop
      vertex 90.0764 -31.095 0
      vertex 95.8278 -28.3893 0
      vertex 95.1962 -28.8231 0
    endloop
  endfacet
  facet normal 0 0 -1
    outer loop
      vertex 90.0764 -31.095 0
      vertex 95.1962 -28.8231 0
      vertex 95.0739 -28.9024 0
    endloop
  endfacet
  facet normal 0 0 -1
    outer loop
      vertex 90.0764 -31.095 0
      vertex 95.0739 -28.9024 0
      vertex 94.42 -29.3032 0
    endloop
  endfacet
  facet normal 0 0 -1
    outer loop
      vertex 90.0764 -31.095 0
      vertex 94.42 -29.3032 0
      vertex 94.293 -29.3764 0
    endloop
  endfacet
  facet normal 0 0 -1
    outer loop
      vertex 90.0764 -31.095 0
      vertex 94.293 -29.3764 0
      vertex 93.6185 -29.7427 0
    endloop
  endfacet
  facet normal 0 0 -1
    outer loop
      vertex 90.0764 -31.095 0
      vertex 93.6185 -29.7427 0
      vertex 93.4844 -29.8109 0
    endloop
  endfacet
  facet normal 0 0 -1
    outer loop
      vertex 90.0764 -31.095 0
      vertex 93.4844 -29.8109 0
      vertex 92.7917 -30.1401 0
    endloop
  endfacet
  facet normal 0 0 -1
    outer loop
      vertex 90.0764 -31.095 0
      vertex 92.7917 -30.1401 0
      vertex 92.6555 -30.2005 0
    endloop
  endfacet
  facet normal 0 0 -1
    outer loop
      vertex 90.0764 -31.095 0
      vertex 92.6555 -30.2005 0
      vertex 91.9467 -30.4922 0
    endloop
  endfacet
  facet normal 0 0 -1
    outer loop
      vertex 90.0764 -31.095 0
      vertex 91.9467 -30.4922 0
      vertex 91.8082 -30.545 0
    endloop
  endfacet
  facet normal 0 0 -1
    outer loop
      vertex 90.0764 -31.095 0
      vertex 91.8082 -30.545 0
      vertex 91.0842 -30.799 0
    endloop
  endfacet
  facet normal 0 0 -1
    outer loop
      vertex 90.0764 -31.095 0
      vertex 91.0842 -30.799 0
      vertex 90.9447 -30.8439 0
    endloop
  endfacet
  facet normal 0 0 -1
    outer loop
      vertex 90.0764 -31.095 0
      vertex 90.9447 -30.8439 0
      vertex 90.2095 -31.0595 0
    endloop
  endfacet
  facet normal -0 0 -1
    outer loop
      vertex 104.314 63.1046 0
      vertex 90.0764 -31.095 0
      vertex 100.584 66.1147 0
    endloop
  endfacet
  facet normal 0 0 -1
    outer loop
      vertex 48.3813 -41.123 0
      vertex 100.584 66.1147 0
      vertex 90.0764 -31.095 0
    endloop
  endfacet
  facet normal 0 0 -1
    outer loop
      vertex 0.0499992 66.1147 0
      vertex 48.3813 -41.123 0
      vertex 48.358 -41.1285 0
    endloop
  endfacet
  facet normal 0 0 -1
    outer loop
      vertex 0.0499992 66.1147 0
      vertex 48.358 -41.1285 0
      vertex 20.8101 -47.5064 0
    endloop
  endfacet
  facet normal 0 0 -1
    outer loop
      vertex 20.1096 -47.5845 0
      vertex 20.8101 -47.5064 0
      vertex 20.305 -47.5757 0
    endloop
  endfacet
  facet normal 0 0 -1
    outer loop
      vertex 20.8101 -47.5064 0
      vertex 20.1096 -47.5845 0
      vertex 19.9831 -47.5874 0
    endloop
  endfacet
  facet normal -0 0 -1
    outer loop
      vertex 20.8101 -47.5064 0
      vertex 19.9831 -47.5874 0
      vertex 0.0499992 66.1147 0
    endloop
  endfacet
  facet normal 0 0 -1
    outer loop
      vertex 0.0499992 66.1147 0
      vertex 19.9831 -47.5874 0
      vertex 0.0499992 -47.5874 0
    endloop
  endfacet
  facet normal 0 0 -1
    outer loop
      vertex 48.3813 -41.123 0
      vertex 0.0499992 66.1147 0
      vertex 100.584 66.1147 0
    endloop
  endfacet
  facet normal 0.860035 0.510235 0
    outer loop
      vertex 103.873 64.233 5.6
      vertex 103.776 64.3965 0
      vertex 103.776 64.3965 5.6
    endloop
  endfacet
  facet normal 0.860035 0.510235 0
    outer loop
      vertex 103.776 64.3965 0
      vertex 103.873 64.233 5.6
      vertex 103.873 64.233 0
    endloop
  endfacet
  facet normal 0.878319 -0.478075 0
    outer loop
      vertex 117.9 -9.65575 5.6
      vertex 118.075 -9.33424 0
      vertex 118.075 -9.33424 5.6
    endloop
  endfacet
  facet normal 0.878319 -0.478075 0
    outer loop
      vertex 118.075 -9.33424 0
      vertex 117.9 -9.65575 5.6
      vertex 117.9 -9.65575 0
    endloop
  endfacet
  facet normal 0 0 1
    outer loop
      vertex 48.0708 -38.7107 3
      vertex 31.6913 -18.2839 3
      vertex 31.6928 -18.3951 3
    endloop
  endfacet
  facet normal 0 0 1
    outer loop
      vertex 31.7348 37.8336 3
      vertex 31.6754 -18.1739 3
      vertex 31.6913 -18.2839 3
    endloop
  endfacet
  facet normal 0 0 1
    outer loop
      vertex 31.6013 -17.9647 3
      vertex 31.7019 37.7208 3
      vertex 31.648 37.6168 3
    endloop
  endfacet
  facet normal 0 0 1
    outer loop
      vertex 31.7019 37.7208 3
      vertex 31.6452 -18.0669 3
      vertex 31.6754 -18.1739 3
    endloop
  endfacet
  facet normal 0 0 1
    outer loop
      vertex 31.7019 37.7208 3
      vertex 31.6013 -17.9647 3
      vertex 31.6452 -18.0669 3
    endloop
  endfacet
  facet normal 0 0 1
    outer loop
      vertex 31.5444 -17.8692 3
      vertex 31.648 37.6168 3
      vertex 31.5749 37.5252 3
    endloop
  endfacet
  facet normal 0 0 1
    outer loop
      vertex 31.648 37.6168 3
      vertex 31.5444 -17.8692 3
      vertex 31.6013 -17.9647 3
    endloop
  endfacet
  facet normal 0 0 1
    outer loop
      vertex 31.396 -17.7043 3
      vertex 31.5749 37.5252 3
      vertex 31.4852 37.4493 3
    endloop
  endfacet
  facet normal 0 0 1
    outer loop
      vertex 31.5749 37.5252 3
      vertex 31.4756 -17.7819 3
      vertex 31.5444 -17.8692 3
    endloop
  endfacet
  facet normal 0 0 1
    outer loop
      vertex 31.5749 37.5252 3
      vertex 31.396 -17.7043 3
      vertex 31.4756 -17.7819 3
    endloop
  endfacet
  facet normal 0 0 1
    outer loop
      vertex 31.3069 -17.6377 3
      vertex 31.4852 37.4493 3
      vertex 31.3828 37.3928 3
    endloop
  endfacet
  facet normal 0 0 1
    outer loop
      vertex 31.4852 37.4493 3
      vertex 31.3069 -17.6377 3
      vertex 31.396 -17.7043 3
    endloop
  endfacet
  facet normal 0 0 1
    outer loop
      vertex 31.1066 -17.5422 3
      vertex 31.3828 37.3928 3
      vertex 31.2522 37.3515 3
    endloop
  endfacet
  facet normal 0 0 1
    outer loop
      vertex 31.3828 37.3928 3
      vertex 31.2099 -17.5834 3
      vertex 31.3069 -17.6377 3
    endloop
  endfacet
  facet normal 0 0 1
    outer loop
      vertex 31.3828 37.3928 3
      vertex 31.1066 -17.5422 3
      vertex 31.2099 -17.5834 3
    endloop
  endfacet
  facet normal 0 0 1
    outer loop
      vertex 31.2522 37.3515 3
      vertex 30.9988 -17.5148 3
      vertex 31.1066 -17.5422 3
    endloop
  endfacet
  facet normal 0 0 1
    outer loop
      vertex 31.2522 37.3515 3
      vertex 30.8884 -17.5018 3
      vertex 30.9988 -17.5148 3
    endloop
  endfacet
  facet normal -0 0 1
    outer loop
      vertex 25.8658 -16.798 3
      vertex 30.8884 -17.5018 3
      vertex 31.2522 37.3515 3
    endloop
  endfacet
  facet normal -0 -0 1
    outer loop
      vertex 25.9765 -16.8292 3
      vertex 30.8884 -17.5018 3
      vertex 25.8658 -16.798 3
    endloop
  endfacet
  facet normal 0 0 1
    outer loop
      vertex 30.8884 -17.5018 3
      vertex 25.9765 -16.8292 3
      vertex 30.7772 -17.5032 3
    endloop
  endfacet
  facet normal 0 0 1
    outer loop
      vertex 30.7772 -17.5032 3
      vertex 25.9765 -16.8292 3
      vertex 30.6672 -17.5192 3
    endloop
  endfacet
  facet normal -0 -0 1
    outer loop
      vertex 26.08 -16.8817 3
      vertex 30.6672 -17.5192 3
      vertex 25.9765 -16.8292 3
    endloop
  endfacet
  facet normal -0 -0 1
    outer loop
      vertex 26.1711 -16.9519 3
      vertex 30.5602 -17.5494 3
      vertex 26.08 -16.8817 3
    endloop
  endfacet
  facet normal 0 0 1
    outer loop
      vertex 30.5602 -17.5494 3
      vertex 26.1711 -16.9519 3
      vertex 30.458 -17.5933 3
    endloop
  endfacet
  facet normal 0 0 1
    outer loop
      vertex 30.458 -17.5933 3
      vertex 26.1711 -16.9519 3
      vertex 30.3625 -17.6501 3
    endloop
  endfacet
  facet normal -0 -0 1
    outer loop
      vertex 26.2461 -17.0387 3
      vertex 30.3625 -17.6501 3
      vertex 26.1711 -16.9519 3
    endloop
  endfacet
  facet normal 0 0 1
    outer loop
      vertex 30.3625 -17.6501 3
      vertex 26.2461 -17.0387 3
      vertex 30.2752 -17.7189 3
    endloop
  endfacet
  facet normal -0 -0 1
    outer loop
      vertex 26.3045 -17.1396 3
      vertex 30.2752 -17.7189 3
      vertex 26.2461 -17.0387 3
    endloop
  endfacet
  facet normal 0 0 1
    outer loop
      vertex 30.2752 -17.7189 3
      vertex 26.3045 -17.1396 3
      vertex 30.1976 -17.7986 3
    endloop
  endfacet
  facet normal -0 -0 1
    outer loop
      vertex 26.3418 -17.2489 3
      vertex 30.1976 -17.7986 3
      vertex 26.3045 -17.1396 3
    endloop
  endfacet
  facet normal 0 0 1
    outer loop
      vertex 30.0355 -18.0879 3
      vertex 26.3509 -17.4784 3
      vertex 30.0082 -18.1957 3
    endloop
  endfacet
  facet normal -0 0 1
    outer loop
      vertex 26.3509 -17.4784 3
      vertex 30.0355 -18.0879 3
      vertex 26.3576 -17.3638 3
    endloop
  endfacet
  facet normal 0 0 1
    outer loop
      vertex 30.0767 -17.9847 3
      vertex 26.3576 -17.3638 3
      vertex 30.0355 -18.0879 3
    endloop
  endfacet
  facet normal -0 -0 1
    outer loop
      vertex 26.3576 -17.3638 3
      vertex 30.0767 -17.9847 3
      vertex 26.3418 -17.2489 3
    endloop
  endfacet
  facet normal 0 0 1
    outer loop
      vertex 30.1311 -17.8877 3
      vertex 26.3418 -17.2489 3
      vertex 30.0767 -17.9847 3
    endloop
  endfacet
  facet normal 0 0 1
    outer loop
      vertex 30.1976 -17.7986 3
      vertex 26.3418 -17.2489 3
      vertex 30.1311 -17.8877 3
    endloop
  endfacet
  facet normal 0 0 1
    outer loop
      vertex 30.6672 -17.5192 3
      vertex 26.08 -16.8817 3
      vertex 30.5602 -17.5494 3
    endloop
  endfacet
  facet normal -0 0 1
    outer loop
      vertex 14.5386 32.3875 3
      vertex 25.8658 -16.798 3
      vertex 31.2522 37.3515 3
    endloop
  endfacet
  facet normal 0 0 1
    outer loop
      vertex 25.8658 -16.798 3
      vertex 14.5386 32.3875 3
      vertex 25.7506 -16.7888 3
    endloop
  endfacet
  facet normal 0 0 1
    outer loop
      vertex 25.7506 -16.7888 3
      vertex 14.5386 32.3875 3
      vertex 25.6154 -16.8039 3
    endloop
  endfacet
  facet normal 0 0 1
    outer loop
      vertex 14.5386 32.3875 3
      vertex 31.2522 37.3515 3
      vertex 15.6019 34.0249 3
    endloop
  endfacet
  facet normal 0 0 1
    outer loop
      vertex 14.5386 32.3875 3
      vertex 15.6019 34.0249 3
      vertex 15.3589 33.948 3
    endloop
  endfacet
  facet normal 0 0 1
    outer loop
      vertex 14.5386 32.3875 3
      vertex 15.3589 33.948 3
      vertex 15.1172 33.8148 3
    endloop
  endfacet
  facet normal 0 0 1
    outer loop
      vertex 14.5386 32.3875 3
      vertex 15.1172 33.8148 3
      vertex 14.9071 33.6368 3
    endloop
  endfacet
  facet normal 0 0 1
    outer loop
      vertex 14.5386 32.3875 3
      vertex 14.9071 33.6368 3
      vertex 14.7364 33.423 3
    endloop
  endfacet
  facet normal 0 0 1
    outer loop
      vertex 14.5386 32.3875 3
      vertex 14.7364 33.423 3
      vertex 14.6105 33.1801 3
    endloop
  endfacet
  facet normal 0 0 1
    outer loop
      vertex 25.6154 -16.8039 3
      vertex 14.5386 32.3875 3
      vertex 25.0214 -16.9301 3
    endloop
  endfacet
  facet normal -0 0 1
    outer loop
      vertex 14.5334 32.9158 3
      vertex 14.5386 32.3875 3
      vertex 14.6105 33.1801 3
    endloop
  endfacet
  facet normal 0 0 1
    outer loop
      vertex 14.5386 32.3875 3
      vertex 14.5334 32.9158 3
      vertex 14.51 32.6408 3
    endloop
  endfacet
  facet normal 0 0 1
    outer loop
      vertex 56.2801 51.8724 3
      vertex 48.8423 44.1518 3
      vertex 48.8576 44.0156 3
    endloop
  endfacet
  facet normal 0 0 1
    outer loop
      vertex 47.8807 48.6757 3
      vertex 48.944 50.3131 3
      vertex 48.701 50.2361 3
    endloop
  endfacet
  facet normal 0 0 1
    outer loop
      vertex 47.8807 48.6757 3
      vertex 48.701 50.2361 3
      vertex 48.4594 50.1029 3
    endloop
  endfacet
  facet normal 0 0 1
    outer loop
      vertex 47.8807 48.6757 3
      vertex 48.4594 50.1029 3
      vertex 48.2492 49.925 3
    endloop
  endfacet
  facet normal 0 0 1
    outer loop
      vertex 47.8807 48.6757 3
      vertex 48.2492 49.925 3
      vertex 48.0785 49.7112 3
    endloop
  endfacet
  facet normal 0 0 1
    outer loop
      vertex 47.8807 48.6757 3
      vertex 48.0785 49.7112 3
      vertex 47.9526 49.4682 3
    endloop
  endfacet
  facet normal 0 0 1
    outer loop
      vertex 48.944 50.3131 3
      vertex 47.8807 48.6757 3
      vertex 48.8423 44.1518 3
    endloop
  endfacet
  facet normal -0 0 1
    outer loop
      vertex 47.8755 49.2039 3
      vertex 47.8807 48.6757 3
      vertex 47.9526 49.4682 3
    endloop
  endfacet
  facet normal 0 0 1
    outer loop
      vertex 47.8807 48.6757 3
      vertex 47.8755 49.2039 3
      vertex 47.8521 48.929 3
    endloop
  endfacet
  facet normal 0 0 1
    outer loop
      vertex 57.7375 54.6358 3
      vertex 56.7572 52.6072 3
      vertex 56.7726 52.471 3
    endloop
  endfacet
  facet normal 0 0 1
    outer loop
      vertex 56.6741 52.9984 3
      vertex 56.8719 54.0339 3
      vertex 56.746 53.7909 3
    endloop
  endfacet
  facet normal 0 0 1
    outer loop
      vertex 57.7375 54.6358 3
      vertex 56.6741 52.9984 3
      vertex 56.7572 52.6072 3
    endloop
  endfacet
  facet normal -0 0 1
    outer loop
      vertex 56.6689 53.5266 3
      vertex 56.6741 52.9984 3
      vertex 56.746 53.7909 3
    endloop
  endfacet
  facet normal 0 0 1
    outer loop
      vertex 56.6741 52.9984 3
      vertex 56.6689 53.5266 3
      vertex 56.6455 53.2517 3
    endloop
  endfacet
  facet normal 0 0 1
    outer loop
      vertex 47.2351 -38.7916 3
      vertex 31.6523 -18.6133 3
      vertex 37.9951 -36.703 3
    endloop
  endfacet
  facet normal 0 0 1
    outer loop
      vertex 31.6754 -18.1739 3
      vertex 31.7348 37.8336 3
      vertex 31.7019 37.7208 3
    endloop
  endfacet
  facet normal -0 0 1
    outer loop
      vertex 31.6111 -18.7165 3
      vertex 37.9951 -36.703 3
      vertex 31.6523 -18.6133 3
    endloop
  endfacet
  facet normal -0 0 1
    outer loop
      vertex 31.5568 -18.8136 3
      vertex 37.9951 -36.703 3
      vertex 31.6111 -18.7165 3
    endloop
  endfacet
  facet normal -0 0 1
    outer loop
      vertex 31.4903 -18.9026 3
      vertex 37.9951 -36.703 3
      vertex 31.5568 -18.8136 3
    endloop
  endfacet
  facet normal 0 0 1
    outer loop
      vertex 37.9951 -36.703 3
      vertex 31.4903 -18.9026 3
      vertex 35.3052 -36.0957 3
    endloop
  endfacet
  facet normal -0 0 1
    outer loop
      vertex 31.4127 -18.9823 3
      vertex 35.3052 -36.0957 3
      vertex 31.4903 -18.9026 3
    endloop
  endfacet
  facet normal -0 0 1
    outer loop
      vertex 31.3254 -19.0511 3
      vertex 35.3052 -36.0957 3
      vertex 31.4127 -18.9823 3
    endloop
  endfacet
  facet normal -0 0 1
    outer loop
      vertex 31.2298 -19.108 3
      vertex 35.3052 -36.0957 3
      vertex 31.3254 -19.0511 3
    endloop
  endfacet
  facet normal 0 0 1
    outer loop
      vertex 35.3052 -36.0957 3
      vertex 31.2298 -19.108 3
      vertex 31.9229 -35.3316 3
    endloop
  endfacet
  facet normal -0 0 1
    outer loop
      vertex 31.1277 -19.1519 3
      vertex 31.9229 -35.3316 3
      vertex 31.2298 -19.108 3
    endloop
  endfacet
  facet normal -0 0 1
    outer loop
      vertex 31.0207 -19.182 3
      vertex 31.9229 -35.3316 3
      vertex 31.1277 -19.1519 3
    endloop
  endfacet
  facet normal 0 0 1
    outer loop
      vertex 31.9229 -35.3316 3
      vertex 31.0207 -19.182 3
      vertex 31.7904 -35.3146 3
    endloop
  endfacet
  facet normal -0 0 1
    outer loop
      vertex 30.9106 -19.198 3
      vertex 31.7904 -35.3146 3
      vertex 31.0207 -19.182 3
    endloop
  endfacet
  facet normal 0 0 1
    outer loop
      vertex 31.7904 -35.3146 3
      vertex 30.9106 -19.198 3
      vertex 31.6766 -35.3217 3
    endloop
  endfacet
  facet normal -0 0 1
    outer loop
      vertex 30.7995 -19.1994 3
      vertex 31.6766 -35.3217 3
      vertex 30.9106 -19.198 3
    endloop
  endfacet
  facet normal -0 0 1
    outer loop
      vertex 24.9721 -20.9897 3
      vertex 31.6766 -35.3217 3
      vertex 30.7995 -19.1994 3
    endloop
  endfacet
  facet normal 0 0 1
    outer loop
      vertex 31.6766 -35.3217 3
      vertex 24.9721 -20.9897 3
      vertex 31.5672 -35.3505 3
    endloop
  endfacet
  facet normal -0 0 1
    outer loop
      vertex 24.8636 -21.049 3
      vertex 31.5672 -35.3505 3
      vertex 24.9721 -20.9897 3
    endloop
  endfacet
  facet normal 0 0 1
    outer loop
      vertex 24.9721 -20.9897 3
      vertex 30.7995 -19.1994 3
      vertex 30.689 -19.1864 3
    endloop
  endfacet
  facet normal 0 0 1
    outer loop
      vertex 25.0648 -20.9108 3
      vertex 30.689 -19.1864 3
      vertex 30.5813 -19.159 3
    endloop
  endfacet
  facet normal 0 0 1
    outer loop
      vertex 25.1397 -20.8126 3
      vertex 30.5813 -19.159 3
      vertex 30.478 -19.1178 3
    endloop
  endfacet
  facet normal 0 0 1
    outer loop
      vertex 25.1397 -20.8126 3
      vertex 30.478 -19.1178 3
      vertex 30.381 -19.0635 3
    endloop
  endfacet
  facet normal 0 0 1
    outer loop
      vertex 25.2034 -20.6825 3
      vertex 30.381 -19.0635 3
      vertex 30.2919 -18.997 3
    endloop
  endfacet
  facet normal 0 0 1
    outer loop
      vertex 25.2034 -20.6825 3
      vertex 30.2919 -18.997 3
      vertex 30.2123 -18.9194 3
    endloop
  endfacet
  facet normal 0 0 1
    outer loop
      vertex 25.2034 -20.6825 3
      vertex 30.2123 -18.9194 3
      vertex 30.1434 -18.8321 3
    endloop
  endfacet
  facet normal 0 0 1
    outer loop
      vertex 25.2034 -20.6825 3
      vertex 30.1434 -18.8321 3
      vertex 30.0866 -18.7365 3
    endloop
  endfacet
  facet normal 0 0 1
    outer loop
      vertex 26.3173 -17.6093 3
      vertex 30.0866 -18.7365 3
      vertex 30.0427 -18.6343 3
    endloop
  endfacet
  facet normal 0 0 1
    outer loop
      vertex 26.3173 -17.6093 3
      vertex 30.0427 -18.6343 3
      vertex 30.0125 -18.5273 3
    endloop
  endfacet
  facet normal 0 0 1
    outer loop
      vertex 26.3173 -17.6093 3
      vertex 30.0125 -18.5273 3
      vertex 29.9966 -18.4173 3
    endloop
  endfacet
  facet normal -0 0 1
    outer loop
      vertex 26.3173 -17.6093 3
      vertex 30.0082 -18.1957 3
      vertex 26.3509 -17.4784 3
    endloop
  endfacet
  facet normal 0 0 1
    outer loop
      vertex 30.0082 -18.1957 3
      vertex 26.3173 -17.6093 3
      vertex 29.9951 -18.3061 3
    endloop
  endfacet
  facet normal 0 0 1
    outer loop
      vertex 29.9951 -18.3061 3
      vertex 26.3173 -17.6093 3
      vertex 29.9966 -18.4173 3
    endloop
  endfacet
  facet normal 0 0 1
    outer loop
      vertex 30.0866 -18.7365 3
      vertex 26.3173 -17.6093 3
      vertex 25.2034 -20.6825 3
    endloop
  endfacet
  facet normal 0 0 1
    outer loop
      vertex 30.381 -19.0635 3
      vertex 25.2034 -20.6825 3
      vertex 25.1397 -20.8126 3
    endloop
  endfacet
  facet normal 0 0 1
    outer loop
      vertex 30.5813 -19.159 3
      vertex 25.1397 -20.8126 3
      vertex 25.0648 -20.9108 3
    endloop
  endfacet
  facet normal 0 0 1
    outer loop
      vertex 30.689 -19.1864 3
      vertex 25.0648 -20.9108 3
      vertex 24.9721 -20.9897 3
    endloop
  endfacet
  facet normal 0 0 1
    outer loop
      vertex 31.5672 -35.3505 3
      vertex 24.8636 -21.049 3
      vertex 31.4636 -35.4001 3
    endloop
  endfacet
  facet normal -0 0 1
    outer loop
      vertex 24.7461 -21.085 3
      vertex 31.4636 -35.4001 3
      vertex 24.8636 -21.049 3
    endloop
  endfacet
  facet normal 0 0 1
    outer loop
      vertex 31.4636 -35.4001 3
      vertex 24.7461 -21.085 3
      vertex 31.357 -35.4791 3
    endloop
  endfacet
  facet normal -0 0 1
    outer loop
      vertex 24.6241 -21.0957 3
      vertex 31.357 -35.4791 3
      vertex 24.7461 -21.085 3
    endloop
  endfacet
  facet normal 0 0 1
    outer loop
      vertex 24.5013 -21.0813 3
      vertex 31.357 -35.4791 3
      vertex 24.6241 -21.0957 3
    endloop
  endfacet
  facet normal 0 0 1
    outer loop
      vertex 24.3841 -21.0422 3
      vertex 31.357 -35.4791 3
      vertex 24.5013 -21.0813 3
    endloop
  endfacet
  facet normal 0 0 1
    outer loop
      vertex 21.7097 -20.2131 3
      vertex 24.3841 -21.0422 3
      vertex 24.2781 -20.9809 3
    endloop
  endfacet
  facet normal 0 0 1
    outer loop
      vertex 21.7097 -20.2131 3
      vertex 24.2781 -20.9809 3
      vertex 24.1724 -20.8848 3
    endloop
  endfacet
  facet normal 0 0 1
    outer loop
      vertex 21.7097 -20.2131 3
      vertex 24.1724 -20.8848 3
      vertex 23.6593 -20.3157 3
    endloop
  endfacet
  facet normal -0 0 1
    outer loop
      vertex 21.7097 -20.2131 3
      vertex 23.6593 -20.3157 3
      vertex 23.4711 -20.1431 3
    endloop
  endfacet
  facet normal 0 0 1
    outer loop
      vertex 21.7097 -20.2131 3
      vertex 23.4711 -20.1431 3
      vertex 23.2348 -20.0003 3
    endloop
  endfacet
  facet normal 0 0 1
    outer loop
      vertex 21.7097 -20.2131 3
      vertex 23.2348 -20.0003 3
      vertex 22.976 -19.9078 3
    endloop
  endfacet
  facet normal 0 0 1
    outer loop
      vertex 21.7097 -20.2131 3
      vertex 22.976 -19.9078 3
      vertex 22.7056 -19.8666 3
    endloop
  endfacet
  facet normal 0 0 1
    outer loop
      vertex 21.7097 -20.2131 3
      vertex 22.7056 -19.8666 3
      vertex 22.4317 -19.879 3
    endloop
  endfacet
  facet normal 0 0 1
    outer loop
      vertex 21.7097 -20.2131 3
      vertex 22.4317 -19.879 3
      vertex 22.1641 -19.9445 3
    endloop
  endfacet
  facet normal 0 0 1
    outer loop
      vertex 21.7097 -20.2131 3
      vertex 22.1641 -19.9445 3
      vertex 21.9151 -20.062 3
    endloop
  endfacet
  facet normal 0 0 1
    outer loop
      vertex 24.3841 -21.0422 3
      vertex 21.7097 -20.2131 3
      vertex 9.04776 -31.6143 3
    endloop
  endfacet
  facet normal 0 0 1
    outer loop
      vertex 24.3841 -21.0422 3
      vertex 9.04776 -31.6143 3
      vertex 31.357 -35.4791 3
    endloop
  endfacet
  facet normal -0 0 1
    outer loop
      vertex 8.94516 -33.564 3
      vertex 31.357 -35.4791 3
      vertex 9.04776 -31.6143 3
    endloop
  endfacet
  facet normal 0 0 1
    outer loop
      vertex 20.9577 -44.8423 3
      vertex 19.008 -44.7396 3
      vertex 20.7523 -44.9934 3
    endloop
  endfacet
  facet normal 0 0 1
    outer loop
      vertex 20.7523 -44.9934 3
      vertex 19.008 -44.7396 3
      vertex 20.5033 -45.1109 3
    endloop
  endfacet
  facet normal 0 0 1
    outer loop
      vertex 20.5033 -45.1109 3
      vertex 19.008 -44.7396 3
      vertex 20.2357 -45.1764 3
    endloop
  endfacet
  facet normal 0 0 1
    outer loop
      vertex 20.2357 -45.1764 3
      vertex 19.008 -44.7396 3
      vertex 19.9618 -45.1888 3
    endloop
  endfacet
  facet normal 0 0 1
    outer loop
      vertex 19.9618 -45.1888 3
      vertex 19.008 -44.7396 3
      vertex 19.6914 -45.1476 3
    endloop
  endfacet
  facet normal 0 0 1
    outer loop
      vertex 19.6914 -45.1476 3
      vertex 19.008 -44.7396 3
      vertex 19.4326 -45.0551 3
    endloop
  endfacet
  facet normal 0 0 1
    outer loop
      vertex 19.4326 -45.0551 3
      vertex 19.008 -44.7396 3
      vertex 19.1963 -44.9123 3
    endloop
  endfacet
  facet normal 0 0 1
    outer loop
      vertex 31.357 -35.4791 3
      vertex 19.008 -44.7396 3
      vertex 20.9577 -44.8423 3
    endloop
  endfacet
  facet normal 0 0 1
    outer loop
      vertex 31.357 -35.4791 3
      vertex 8.94516 -33.564 3
      vertex 19.008 -44.7396 3
    endloop
  endfacet
  facet normal -0 0 1
    outer loop
      vertex 8.87506 -31.8025 3
      vertex 8.94516 -33.564 3
      vertex 9.04776 -31.6143 3
    endloop
  endfacet
  facet normal 0 0 1
    outer loop
      vertex 8.87506 -31.8025 3
      vertex 8.79398 -33.3585 3
      vertex 8.94516 -33.564 3
    endloop
  endfacet
  facet normal -0 0 1
    outer loop
      vertex 8.73233 -32.0388 3
      vertex 8.79398 -33.3585 3
      vertex 8.87506 -31.8025 3
    endloop
  endfacet
  facet normal 0 0 1
    outer loop
      vertex 8.73233 -32.0388 3
      vertex 8.6765 -33.1095 3
      vertex 8.79398 -33.3585 3
    endloop
  endfacet
  facet normal -0 0 1
    outer loop
      vertex 8.6398 -32.2977 3
      vertex 8.6765 -33.1095 3
      vertex 8.73233 -32.0388 3
    endloop
  endfacet
  facet normal 0 0 1
    outer loop
      vertex 8.6398 -32.2977 3
      vertex 8.61099 -32.8419 3
      vertex 8.6765 -33.1095 3
    endloop
  endfacet
  facet normal 0 -0 1
    outer loop
      vertex 8.61099 -32.8419 3
      vertex 8.6398 -32.2977 3
      vertex 8.59863 -32.5681 3
    endloop
  endfacet
  facet normal 0 0 1
    outer loop
      vertex 81.8204 61.9119 3
      vertex 69.6645 53.1726 3
      vertex 69.6659 53.0615 3
    endloop
  endfacet
  facet normal 0 0 1
    outer loop
      vertex 70.4724 57.3427 3
      vertex 69.6485 53.2827 3
      vertex 69.6645 53.1726 3
    endloop
  endfacet
  facet normal 0 0 1
    outer loop
      vertex 70.4724 57.3427 3
      vertex 69.6183 53.3897 3
      vertex 69.6485 53.2827 3
    endloop
  endfacet
  facet normal 0 0 1
    outer loop
      vertex 70.4724 57.3427 3
      vertex 69.5744 53.4918 3
      vertex 69.6183 53.3897 3
    endloop
  endfacet
  facet normal 0 0 1
    outer loop
      vertex 70.4724 57.3427 3
      vertex 69.5176 53.5874 3
      vertex 69.5744 53.4918 3
    endloop
  endfacet
  facet normal 0 0 1
    outer loop
      vertex 70.4724 57.3427 3
      vertex 69.4488 53.6747 3
      vertex 69.5176 53.5874 3
    endloop
  endfacet
  facet normal 0 0 1
    outer loop
      vertex 70.4724 57.3427 3
      vertex 69.3691 53.7523 3
      vertex 69.4488 53.6747 3
    endloop
  endfacet
  facet normal 0 0 1
    outer loop
      vertex 70.4724 57.3427 3
      vertex 69.28 53.8188 3
      vertex 69.3691 53.7523 3
    endloop
  endfacet
  facet normal 0 0 1
    outer loop
      vertex 70.4724 57.3427 3
      vertex 69.183 53.8731 3
      vertex 69.28 53.8188 3
    endloop
  endfacet
  facet normal 0 0 1
    outer loop
      vertex 70.4724 57.3427 3
      vertex 69.0798 53.9143 3
      vertex 69.183 53.8731 3
    endloop
  endfacet
  facet normal 0 0 1
    outer loop
      vertex 70.4724 57.3427 3
      vertex 68.972 53.9417 3
      vertex 69.0798 53.9143 3
    endloop
  endfacet
  facet normal 0 0 1
    outer loop
      vertex 70.4724 57.3427 3
      vertex 68.8616 53.9548 3
      vertex 68.972 53.9417 3
    endloop
  endfacet
  facet normal 0 0 1
    outer loop
      vertex 70.4724 57.3427 3
      vertex 68.7504 53.9533 3
      vertex 68.8616 53.9548 3
    endloop
  endfacet
  facet normal 0 0 1
    outer loop
      vertex 70.4724 57.3427 3
      vertex 68.6404 53.9374 3
      vertex 68.7504 53.9533 3
    endloop
  endfacet
  facet normal 0 0 1
    outer loop
      vertex 70.4724 57.3427 3
      vertex 68.5334 53.9072 3
      vertex 68.6404 53.9374 3
    endloop
  endfacet
  facet normal 0 0 1
    outer loop
      vertex 70.4724 57.3427 3
      vertex 68.4312 53.8633 3
      vertex 68.5334 53.9072 3
    endloop
  endfacet
  facet normal 0 0 1
    outer loop
      vertex 70.4724 57.3427 3
      vertex 68.3356 53.8065 3
      vertex 68.4312 53.8633 3
    endloop
  endfacet
  facet normal 0 0 1
    outer loop
      vertex 70.4724 57.3427 3
      vertex 68.2483 53.7376 3
      vertex 68.3356 53.8065 3
    endloop
  endfacet
  facet normal -0 0 1
    outer loop
      vertex 57.7375 54.6358 3
      vertex 68.2483 53.7376 3
      vertex 70.4724 57.3427 3
    endloop
  endfacet
  facet normal 0 0 1
    outer loop
      vertex 68.2483 53.7376 3
      vertex 57.7375 54.6358 3
      vertex 68.1707 53.658 3
    endloop
  endfacet
  facet normal 0 0 1
    outer loop
      vertex 67.9813 53.2608 3
      vertex 57.7375 54.6358 3
      vertex 67.9683 53.1504 3
    endloop
  endfacet
  facet normal 0 0 1
    outer loop
      vertex 68.0087 53.3686 3
      vertex 57.7375 54.6358 3
      vertex 67.9813 53.2608 3
    endloop
  endfacet
  facet normal 0 0 1
    outer loop
      vertex 68.0499 53.4719 3
      vertex 57.7375 54.6358 3
      vertex 68.0087 53.3686 3
    endloop
  endfacet
  facet normal 0 0 1
    outer loop
      vertex 68.1042 53.5689 3
      vertex 57.7375 54.6358 3
      vertex 68.0499 53.4719 3
    endloop
  endfacet
  facet normal 0 0 1
    outer loop
      vertex 68.1707 53.658 3
      vertex 57.7375 54.6358 3
      vertex 68.1042 53.5689 3
    endloop
  endfacet
  facet normal 0 0 1
    outer loop
      vertex 100.821 66.1046 3
      vertex 101.28 66.0481 3
      vertex 101.017 66.0879 3
    endloop
  endfacet
  facet normal 0 0 1
    outer loop
      vertex 100.584 66.1147 3
      vertex 101.28 66.0481 3
      vertex 100.821 66.1046 3
    endloop
  endfacet
  facet normal 0 0 1
    outer loop
      vertex 100.584 66.1147 3
      vertex 81.8204 61.9119 3
      vertex 101.28 66.0481 3
    endloop
  endfacet
  facet normal 0 0 1
    outer loop
      vertex 100.541 -15.8029 3
      vertex 80.9805 -28.4849 3
      vertex 81.7342 -28.7144 3
    endloop
  endfacet
  facet normal -0 0 1
    outer loop
      vertex 69.3858 52.4743 3
      vertex 86.7396 38.7689 3
      vertex 69.4634 52.5539 3
    endloop
  endfacet
  facet normal -0 0 1
    outer loop
      vertex 69.2985 52.4054 3
      vertex 86.7396 38.7689 3
      vertex 69.3858 52.4743 3
    endloop
  endfacet
  facet normal 0 0 1
    outer loop
      vertex 86.7396 38.7689 3
      vertex 76.8298 -26.3174 3
      vertex 80.9805 -28.4849 3
    endloop
  endfacet
  facet normal 0 0 1
    outer loop
      vertex 80.9805 -28.4849 3
      vertex 76.8298 -26.3174 3
      vertex 80.24 -28.2146 3
    endloop
  endfacet
  facet normal 0 0 1
    outer loop
      vertex 78.8075 -27.5589 3
      vertex 76.8298 -26.3174 3
      vertex 78.1189 -27.1759 3
    endloop
  endfacet
  facet normal 0 0 1
    outer loop
      vertex 78.1189 -27.1759 3
      vertex 76.8298 -26.3174 3
      vertex 77.4518 -26.7565 3
    endloop
  endfacet
  facet normal 0 0 1
    outer loop
      vertex 80.24 -28.2146 3
      vertex 76.8298 -26.3174 3
      vertex 79.5145 -27.9055 3
    endloop
  endfacet
  facet normal 0 0 1
    outer loop
      vertex 79.5145 -27.9055 3
      vertex 76.8298 -26.3174 3
      vertex 78.8075 -27.5589 3
    endloop
  endfacet
  facet normal 0 0 1
    outer loop
      vertex 86.7396 38.7689 3
      vertex 76.698 -26.2398 3
      vertex 76.8298 -26.3174 3
    endloop
  endfacet
  facet normal -0 0 1
    outer loop
      vertex 69.203 52.3486 3
      vertex 86.7396 38.7689 3
      vertex 69.2985 52.4054 3
    endloop
  endfacet
  facet normal -0 0 1
    outer loop
      vertex 69.1008 52.3047 3
      vertex 86.7396 38.7689 3
      vertex 69.203 52.3486 3
    endloop
  endfacet
  facet normal 0 0 1
    outer loop
      vertex 69.6645 53.1726 3
      vertex 81.8204 61.9119 3
      vertex 70.4724 57.3427 3
    endloop
  endfacet
  facet normal 0 0 1
    outer loop
      vertex 81.8204 61.9119 3
      vertex 68.6078 66.1147 3
      vertex 70.4724 57.3427 3
    endloop
  endfacet
  facet normal -0 0 1
    outer loop
      vertex 68.6078 66.1147 3
      vertex 81.8204 61.9119 3
      vertex 100.584 66.1147 3
    endloop
  endfacet
  facet normal 0 0 1
    outer loop
      vertex 116.399 -5.2968 3
      vertex 116.405 -5.82506 3
      vertex 116.428 -5.55013 3
    endloop
  endfacet
  facet normal 0 0 1
    outer loop
      vertex 116.399 -5.2968 3
      vertex 116.328 -6.08936 3
      vertex 116.405 -5.82506 3
    endloop
  endfacet
  facet normal 0 0 1
    outer loop
      vertex 116.399 -5.2968 3
      vertex 116.202 -6.33229 3
      vertex 116.328 -6.08936 3
    endloop
  endfacet
  facet normal 0 0 1
    outer loop
      vertex 115.761 -6.75696 3
      vertex 116.202 -6.33229 3
      vertex 116.399 -5.2968 3
    endloop
  endfacet
  facet normal 0 0 1
    outer loop
      vertex 116.202 -6.33229 3
      vertex 115.761 -6.75696 3
      vertex 116.031 -6.54613 3
    endloop
  endfacet
  facet normal 0 0 1
    outer loop
      vertex 116.031 -6.54613 3
      vertex 115.761 -6.75696 3
      vertex 115.821 -6.72406 3
    endloop
  endfacet
  facet normal 0 0 1
    outer loop
      vertex 115.761 -6.75696 3
      vertex 115.494 -8.783 3
      vertex 115.71 -8.59248 3
    endloop
  endfacet
  facet normal 0 0 1
    outer loop
      vertex 115.761 -6.75696 3
      vertex 115.263 -8.91574 3
      vertex 115.494 -8.783 3
    endloop
  endfacet
  facet normal 0 0 1
    outer loop
      vertex 106.073 -10.4111 3
      vertex 115.263 -8.91574 3
      vertex 115.761 -6.75696 3
    endloop
  endfacet
  facet normal 0 0 1
    outer loop
      vertex 105.808 -10.2126 3
      vertex 115.761 -6.75696 3
      vertex 116.399 -5.2968 3
    endloop
  endfacet
  facet normal 0 0 1
    outer loop
      vertex 115.263 -8.91574 3
      vertex 106.289 -10.9131 3
      vertex 106.29 -11.0243 3
    endloop
  endfacet
  facet normal 0 0 1
    outer loop
      vertex 115.263 -8.91574 3
      vertex 106.273 -10.8031 3
      vertex 106.289 -10.9131 3
    endloop
  endfacet
  facet normal 0 0 1
    outer loop
      vertex 115.263 -8.91574 3
      vertex 106.243 -10.6961 3
      vertex 106.273 -10.8031 3
    endloop
  endfacet
  facet normal 0 0 1
    outer loop
      vertex 115.263 -8.91574 3
      vertex 106.199 -10.5939 3
      vertex 106.243 -10.6961 3
    endloop
  endfacet
  facet normal -0 0 1
    outer loop
      vertex 86.7396 38.7689 3
      vertex 116.399 -5.2968 3
      vertex 106.156 42.896 3
    endloop
  endfacet
  facet normal 0 0 1
    outer loop
      vertex 115.263 -8.91574 3
      vertex 106.142 -10.4984 3
      vertex 106.199 -10.5939 3
    endloop
  endfacet
  facet normal 0 0 1
    outer loop
      vertex 115.263 -8.91574 3
      vertex 106.073 -10.4111 3
      vertex 106.142 -10.4984 3
    endloop
  endfacet
  facet normal 0 0 1
    outer loop
      vertex 115.761 -6.75696 3
      vertex 105.994 -10.3335 3
      vertex 106.073 -10.4111 3
    endloop
  endfacet
  facet normal 0 0 1
    outer loop
      vertex 115.761 -6.75696 3
      vertex 105.905 -10.2669 3
      vertex 105.994 -10.3335 3
    endloop
  endfacet
  facet normal 0 0 1
    outer loop
      vertex 115.761 -6.75696 3
      vertex 105.808 -10.2126 3
      vertex 105.905 -10.2669 3
    endloop
  endfacet
  facet normal 0 0 1
    outer loop
      vertex 116.399 -5.2968 3
      vertex 105.704 -10.1714 3
      vertex 105.808 -10.2126 3
    endloop
  endfacet
  facet normal 0 0 1
    outer loop
      vertex 116.399 -5.2968 3
      vertex 105.597 -10.1441 3
      vertex 105.704 -10.1714 3
    endloop
  endfacet
  facet normal 0 0 1
    outer loop
      vertex 116.399 -5.2968 3
      vertex 105.486 -10.131 3
      vertex 105.597 -10.1441 3
    endloop
  endfacet
  facet normal 0 0 1
    outer loop
      vertex 116.399 -5.2968 3
      vertex 105.375 -10.1324 3
      vertex 105.486 -10.131 3
    endloop
  endfacet
  facet normal 0 0 1
    outer loop
      vertex 116.399 -5.2968 3
      vertex 105.265 -10.1484 3
      vertex 105.375 -10.1324 3
    endloop
  endfacet
  facet normal 0 0 1
    outer loop
      vertex 116.399 -5.2968 3
      vertex 86.7396 38.7689 3
      vertex 105.265 -10.1484 3
    endloop
  endfacet
  facet normal 0 0 1
    outer loop
      vertex 105.265 -10.1484 3
      vertex 86.7396 38.7689 3
      vertex 105.158 -10.1786 3
    endloop
  endfacet
  facet normal 0 0 1
    outer loop
      vertex 105.158 -10.1786 3
      vertex 86.7396 38.7689 3
      vertex 105.056 -10.2225 3
    endloop
  endfacet
  facet normal 0 0 1
    outer loop
      vertex 105.056 -10.2225 3
      vertex 86.7396 38.7689 3
      vertex 104.96 -10.2793 3
    endloop
  endfacet
  facet normal 0 0 1
    outer loop
      vertex 104.96 -10.2793 3
      vertex 86.7396 38.7689 3
      vertex 104.873 -10.3481 3
    endloop
  endfacet
  facet normal 0 0 1
    outer loop
      vertex 104.873 -10.3481 3
      vertex 86.7396 38.7689 3
      vertex 104.795 -10.4278 3
    endloop
  endfacet
  facet normal 0 0 1
    outer loop
      vertex 104.795 -10.4278 3
      vertex 86.7396 38.7689 3
      vertex 104.729 -10.5169 3
    endloop
  endfacet
  facet normal 0 -0 1
    outer loop
      vertex 100.697 -15.4353 3
      vertex 104.729 -10.5169 3
      vertex 86.7396 38.7689 3
    endloop
  endfacet
  facet normal 0 -0 1
    outer loop
      vertex 100.79 -15.3508 3
      vertex 104.729 -10.5169 3
      vertex 100.697 -15.4353 3
    endloop
  endfacet
  facet normal 0 0 1
    outer loop
      vertex 104.729 -10.5169 3
      vertex 100.79 -15.3508 3
      vertex 104.674 -10.6139 3
    endloop
  endfacet
  facet normal 0 0 1
    outer loop
      vertex 104.674 -10.6139 3
      vertex 100.79 -15.3508 3
      vertex 104.633 -10.7172 3
    endloop
  endfacet
  facet normal 0 -0 1
    outer loop
      vertex 100.917 -15.2775 3
      vertex 104.633 -10.7172 3
      vertex 100.79 -15.3508 3
    endloop
  endfacet
  facet normal 0 0 1
    outer loop
      vertex 104.606 -10.8249 3
      vertex 100.917 -15.2775 3
      vertex 104.593 -10.9353 3
    endloop
  endfacet
  facet normal 0 0 1
    outer loop
      vertex 104.633 -10.7172 3
      vertex 100.917 -15.2775 3
      vertex 104.606 -10.8249 3
    endloop
  endfacet
  facet normal 0 0 1
    outer loop
      vertex 80.9805 -28.4849 3
      vertex 100.697 -15.4353 3
      vertex 86.7396 38.7689 3
    endloop
  endfacet
  facet normal 0 0 1
    outer loop
      vertex 100.697 -15.4353 3
      vertex 80.9805 -28.4849 3
      vertex 100.622 -15.5386 3
    endloop
  endfacet
  facet normal 0 0 1
    outer loop
      vertex 80.9805 -28.4849 3
      vertex 100.572 -15.653 3
      vertex 100.622 -15.5386 3
    endloop
  endfacet
  facet normal 0 0 1
    outer loop
      vertex 80.9805 -28.4849 3
      vertex 100.541 -15.8029 3
      vertex 100.572 -15.653 3
    endloop
  endfacet
  facet normal 0 0 1
    outer loop
      vertex 100.541 -15.8029 3
      vertex 81.7342 -28.7144 3
      vertex 100.448 -16.5591 3
    endloop
  endfacet
  facet normal 0 0 1
    outer loop
      vertex 100.448 -16.5591 3
      vertex 81.7342 -28.7144 3
      vertex 100.312 -17.3349 3
    endloop
  endfacet
  facet normal 0 0 1
    outer loop
      vertex 100.312 -17.3349 3
      vertex 81.7342 -28.7144 3
      vertex 100.133 -18.1031 3
    endloop
  endfacet
  facet normal 0 0 1
    outer loop
      vertex 100.133 -18.1031 3
      vertex 81.7342 -28.7144 3
      vertex 99.9151 -18.8596 3
    endloop
  endfacet
  facet normal 0 0 1
    outer loop
      vertex 99.9151 -18.8596 3
      vertex 81.7342 -28.7144 3
      vertex 99.6575 -19.6044 3
    endloop
  endfacet
  facet normal 0 0 1
    outer loop
      vertex 99.6575 -19.6044 3
      vertex 81.7342 -28.7144 3
      vertex 99.3609 -20.3348 3
    endloop
  endfacet
  facet normal 0 0 1
    outer loop
      vertex 99.3609 -20.3348 3
      vertex 81.7342 -28.7144 3
      vertex 99.0249 -21.0482 3
    endloop
  endfacet
  facet normal 0 0 1
    outer loop
      vertex 99.0249 -21.0482 3
      vertex 81.7342 -28.7144 3
      vertex 98.6525 -21.7418 3
    endloop
  endfacet
  facet normal 0 0 1
    outer loop
      vertex 98.6525 -21.7418 3
      vertex 81.7342 -28.7144 3
      vertex 98.2442 -22.4158 3
    endloop
  endfacet
  facet normal 0 0 1
    outer loop
      vertex 98.2442 -22.4158 3
      vertex 81.7342 -28.7144 3
      vertex 97.8005 -23.067 3
    endloop
  endfacet
  facet normal 0 0 1
    outer loop
      vertex 97.8005 -23.067 3
      vertex 81.7342 -28.7144 3
      vertex 97.3224 -23.6939 3
    endloop
  endfacet
  facet normal 0 0 1
    outer loop
      vertex 97.3224 -23.6939 3
      vertex 81.7342 -28.7144 3
      vertex 96.8125 -24.2949 3
    endloop
  endfacet
  facet normal 0 0 1
    outer loop
      vertex 96.8125 -24.2949 3
      vertex 81.7342 -28.7144 3
      vertex 96.2714 -24.868 3
    endloop
  endfacet
  facet normal 0 0 1
    outer loop
      vertex 96.2714 -24.868 3
      vertex 81.7342 -28.7144 3
      vertex 95.701 -25.4115 3
    endloop
  endfacet
  facet normal 0 0 1
    outer loop
      vertex 95.701 -25.4115 3
      vertex 81.7342 -28.7144 3
      vertex 95.103 -25.9241 3
    endloop
  endfacet
  facet normal 0 0 1
    outer loop
      vertex 95.103 -25.9241 3
      vertex 81.7342 -28.7144 3
      vertex 94.478 -26.4048 3
    endloop
  endfacet
  facet normal 0 0 1
    outer loop
      vertex 94.478 -26.4048 3
      vertex 81.7342 -28.7144 3
      vertex 93.8289 -26.8506 3
    endloop
  endfacet
  facet normal 0 0 1
    outer loop
      vertex 93.8289 -26.8506 3
      vertex 81.7342 -28.7144 3
      vertex 93.1571 -27.2623 3
    endloop
  endfacet
  facet normal 0 0 1
    outer loop
      vertex 93.1571 -27.2623 3
      vertex 81.7342 -28.7144 3
      vertex 92.4639 -27.6386 3
    endloop
  endfacet
  facet normal 0 0 1
    outer loop
      vertex 92.4639 -27.6386 3
      vertex 81.7342 -28.7144 3
      vertex 91.7519 -27.977 3
    endloop
  endfacet
  facet normal 0 0 1
    outer loop
      vertex 91.7519 -27.977 3
      vertex 81.7342 -28.7144 3
      vertex 91.0234 -28.2769 3
    endloop
  endfacet
  facet normal 0 0 1
    outer loop
      vertex 91.0234 -28.2769 3
      vertex 81.7342 -28.7144 3
      vertex 90.2795 -28.5379 3
    endloop
  endfacet
  facet normal 0 0 1
    outer loop
      vertex 90.2795 -28.5379 3
      vertex 81.7342 -28.7144 3
      vertex 89.5242 -28.7594 3
    endloop
  endfacet
  facet normal 0 0 1
    outer loop
      vertex 89.5242 -28.7594 3
      vertex 81.7342 -28.7144 3
      vertex 88.7571 -28.9414 3
    endloop
  endfacet
  facet normal 0 0 1
    outer loop
      vertex 88.7571 -28.9414 3
      vertex 81.7342 -28.7144 3
      vertex 87.982 -29.0819 3
    endloop
  endfacet
  facet normal 0 0 1
    outer loop
      vertex 87.982 -29.0819 3
      vertex 81.7342 -28.7144 3
      vertex 87.1994 -29.181 3
    endloop
  endfacet
  facet normal 0 0 1
    outer loop
      vertex 87.1994 -29.181 3
      vertex 81.7342 -28.7144 3
      vertex 86.4133 -29.2389 3
    endloop
  endfacet
  facet normal 0 0 1
    outer loop
      vertex 86.4133 -29.2389 3
      vertex 81.7342 -28.7144 3
      vertex 85.6258 -29.255 3
    endloop
  endfacet
  facet normal 0 0 1
    outer loop
      vertex 85.6258 -29.255 3
      vertex 81.7342 -28.7144 3
      vertex 84.8388 -29.23 3
    endloop
  endfacet
  facet normal 0 0 1
    outer loop
      vertex 84.8388 -29.23 3
      vertex 81.7342 -28.7144 3
      vertex 84.0533 -29.1627 3
    endloop
  endfacet
  facet normal 0 0 1
    outer loop
      vertex 84.0533 -29.1627 3
      vertex 81.7342 -28.7144 3
      vertex 83.273 -29.0544 3
    endloop
  endfacet
  facet normal -0 0 1
    outer loop
      vertex 69.6255 52.8433 3
      vertex 86.7396 38.7689 3
      vertex 81.8204 61.9119 3
    endloop
  endfacet
  facet normal 0 0 1
    outer loop
      vertex 83.273 -29.0544 3
      vertex 81.7342 -28.7144 3
      vertex 82.4984 -28.9049 3
    endloop
  endfacet
  facet normal 0 0 1
    outer loop
      vertex 116.023 -7.25281 3
      vertex 116.068 -7.82286 3
      vertex 116.074 -7.53522 3
    endloop
  endfacet
  facet normal 0 0 1
    outer loop
      vertex 116.023 -7.25281 3
      vertex 116.001 -8.10245 3
      vertex 116.068 -7.82286 3
    endloop
  endfacet
  facet normal 0 0 1
    outer loop
      vertex 115.915 -6.98651 3
      vertex 116.001 -8.10245 3
      vertex 116.023 -7.25281 3
    endloop
  endfacet
  facet normal 0 0 1
    outer loop
      vertex 115.915 -6.98651 3
      vertex 115.881 -8.36197 3
      vertex 116.001 -8.10245 3
    endloop
  endfacet
  facet normal 0 0 1
    outer loop
      vertex 115.761 -6.75696 3
      vertex 115.881 -8.36197 3
      vertex 115.915 -6.98651 3
    endloop
  endfacet
  facet normal 0 0 1
    outer loop
      vertex 115.881 -8.36197 3
      vertex 115.761 -6.75696 3
      vertex 115.71 -8.59248 3
    endloop
  endfacet
  facet normal 0 0 1
    outer loop
      vertex 106.277 -11.1347 3
      vertex 115.263 -8.91574 3
      vertex 106.29 -11.0243 3
    endloop
  endfacet
  facet normal 0 0 1
    outer loop
      vertex 106.25 -11.2425 3
      vertex 115.263 -8.91574 3
      vertex 106.277 -11.1347 3
    endloop
  endfacet
  facet normal 0 0 1
    outer loop
      vertex 106.209 -11.3458 3
      vertex 115.263 -8.91574 3
      vertex 106.25 -11.2425 3
    endloop
  endfacet
  facet normal 0 0 1
    outer loop
      vertex 106.154 -11.4428 3
      vertex 115.263 -8.91574 3
      vertex 106.209 -11.3458 3
    endloop
  endfacet
  facet normal 0 0 1
    outer loop
      vertex 106.088 -11.5318 3
      vertex 115.263 -8.91574 3
      vertex 106.154 -11.4428 3
    endloop
  endfacet
  facet normal 0 0 1
    outer loop
      vertex 106.01 -11.6115 3
      vertex 115.263 -8.91574 3
      vertex 106.088 -11.5318 3
    endloop
  endfacet
  facet normal 0 0 1
    outer loop
      vertex 105.923 -11.6803 3
      vertex 115.263 -8.91574 3
      vertex 106.01 -11.6115 3
    endloop
  endfacet
  facet normal 0 0 1
    outer loop
      vertex 105.827 -11.7372 3
      vertex 115.263 -8.91574 3
      vertex 105.923 -11.6803 3
    endloop
  endfacet
  facet normal 0 0 1
    outer loop
      vertex 100.917 -15.2775 3
      vertex 105.827 -11.7372 3
      vertex 105.725 -11.7811 3
    endloop
  endfacet
  facet normal -0 0 1
    outer loop
      vertex 105.827 -11.7372 3
      vertex 100.917 -15.2775 3
      vertex 115.263 -8.91574 3
    endloop
  endfacet
  facet normal -0 0 1
    outer loop
      vertex 105.618 -11.8112 3
      vertex 100.917 -15.2775 3
      vertex 105.725 -11.7811 3
    endloop
  endfacet
  facet normal -0 0 1
    outer loop
      vertex 105.508 -11.8272 3
      vertex 100.917 -15.2775 3
      vertex 105.618 -11.8112 3
    endloop
  endfacet
  facet normal -0 0 1
    outer loop
      vertex 105.397 -11.8287 3
      vertex 100.917 -15.2775 3
      vertex 105.508 -11.8272 3
    endloop
  endfacet
  facet normal 0 0 1
    outer loop
      vertex 105.287 -11.8156 3
      vertex 100.917 -15.2775 3
      vertex 105.397 -11.8287 3
    endloop
  endfacet
  facet normal 0 0 1
    outer loop
      vertex 105.179 -11.7882 3
      vertex 100.917 -15.2775 3
      vertex 105.287 -11.8156 3
    endloop
  endfacet
  facet normal 0 0 1
    outer loop
      vertex 105.076 -11.747 3
      vertex 100.917 -15.2775 3
      vertex 105.179 -11.7882 3
    endloop
  endfacet
  facet normal 0 0 1
    outer loop
      vertex 104.979 -11.6927 3
      vertex 100.917 -15.2775 3
      vertex 105.076 -11.747 3
    endloop
  endfacet
  facet normal 0 0 1
    outer loop
      vertex 104.89 -11.6262 3
      vertex 100.917 -15.2775 3
      vertex 104.979 -11.6927 3
    endloop
  endfacet
  facet normal 0 0 1
    outer loop
      vertex 104.81 -11.5486 3
      vertex 100.917 -15.2775 3
      vertex 104.89 -11.6262 3
    endloop
  endfacet
  facet normal 0 0 1
    outer loop
      vertex 104.741 -11.4613 3
      vertex 100.917 -15.2775 3
      vertex 104.81 -11.5486 3
    endloop
  endfacet
  facet normal 0 0 1
    outer loop
      vertex 104.684 -11.3657 3
      vertex 100.917 -15.2775 3
      vertex 104.741 -11.4613 3
    endloop
  endfacet
  facet normal 0 0 1
    outer loop
      vertex 104.64 -11.2636 3
      vertex 100.917 -15.2775 3
      vertex 104.684 -11.3657 3
    endloop
  endfacet
  facet normal 0 0 1
    outer loop
      vertex 104.61 -11.1565 3
      vertex 100.917 -15.2775 3
      vertex 104.64 -11.2636 3
    endloop
  endfacet
  facet normal 0 0 1
    outer loop
      vertex 104.594 -11.0465 3
      vertex 100.917 -15.2775 3
      vertex 104.61 -11.1565 3
    endloop
  endfacet
  facet normal 0 0 1
    outer loop
      vertex 100.917 -15.2775 3
      vertex 104.594 -11.0465 3
      vertex 104.593 -10.9353 3
    endloop
  endfacet
  facet normal 0 0 1
    outer loop
      vertex 81.8204 61.9119 3
      vertex 69.6659 53.0615 3
      vertex 69.6529 52.951 3
    endloop
  endfacet
  facet normal 0 0 1
    outer loop
      vertex 69.6255 52.8433 3
      vertex 81.8204 61.9119 3
      vertex 69.6529 52.951 3
    endloop
  endfacet
  facet normal 0 0 1
    outer loop
      vertex 86.7396 38.7689 3
      vertex 69.6255 52.8433 3
      vertex 69.5843 52.74 3
    endloop
  endfacet
  facet normal 0 0 1
    outer loop
      vertex 86.7396 38.7689 3
      vertex 69.5843 52.74 3
      vertex 69.53 52.643 3
    endloop
  endfacet
  facet normal 0 0 1
    outer loop
      vertex 86.7396 38.7689 3
      vertex 69.53 52.643 3
      vertex 69.4634 52.5539 3
    endloop
  endfacet
  facet normal 0 0 1
    outer loop
      vertex 86.7396 38.7689 3
      vertex 76.5776 -26.1996 3
      vertex 76.698 -26.2398 3
    endloop
  endfacet
  facet normal -0 0 1
    outer loop
      vertex 68.9938 52.2745 3
      vertex 86.7396 38.7689 3
      vertex 69.1008 52.3047 3
    endloop
  endfacet
  facet normal 0 0 1
    outer loop
      vertex 86.7396 38.7689 3
      vertex 76.4522 -26.1853 3
      vertex 76.5776 -26.1996 3
    endloop
  endfacet
  facet normal -0 0 1
    outer loop
      vertex 68.8838 52.2586 3
      vertex 86.7396 38.7689 3
      vertex 68.9938 52.2745 3
    endloop
  endfacet
  facet normal -0 0 1
    outer loop
      vertex 68.7726 52.2571 3
      vertex 86.7396 38.7689 3
      vertex 68.8838 52.2586 3
    endloop
  endfacet
  facet normal -0 0 1
    outer loop
      vertex 48.4957 43.4583 3
      vertex 86.7396 38.7689 3
      vertex 48.5981 43.5148 3
    endloop
  endfacet
  facet normal 0 0 1
    outer loop
      vertex 86.7396 38.7689 3
      vertex 76.3274 -26.1978 3
      vertex 76.4522 -26.1853 3
    endloop
  endfacet
  facet normal -0 0 1
    outer loop
      vertex 48.7609 43.6823 3
      vertex 86.7396 38.7689 3
      vertex 68.7726 52.2571 3
    endloop
  endfacet
  facet normal 0 0 1
    outer loop
      vertex 48.7609 43.6823 3
      vertex 68.7726 52.2571 3
      vertex 68.6622 52.2702 3
    endloop
  endfacet
  facet normal 0 0 1
    outer loop
      vertex 48.7609 43.6823 3
      vertex 68.6622 52.2702 3
      vertex 68.5544 52.2975 3
    endloop
  endfacet
  facet normal 0 0 1
    outer loop
      vertex 48.8148 43.7863 3
      vertex 68.5544 52.2975 3
      vertex 68.4512 52.3387 3
    endloop
  endfacet
  facet normal 0 0 1
    outer loop
      vertex 56.5131 51.9702 3
      vertex 68.4512 52.3387 3
      vertex 68.3541 52.3931 3
    endloop
  endfacet
  facet normal 0 0 1
    outer loop
      vertex 56.5131 51.9702 3
      vertex 68.3541 52.3931 3
      vertex 68.2651 52.4596 3
    endloop
  endfacet
  facet normal 0 0 1
    outer loop
      vertex 56.6028 52.0461 3
      vertex 68.2651 52.4596 3
      vertex 68.1854 52.5372 3
    endloop
  endfacet
  facet normal 0 0 1
    outer loop
      vertex 56.6759 52.1377 3
      vertex 68.1854 52.5372 3
      vertex 68.1166 52.6245 3
    endloop
  endfacet
  facet normal 0 0 1
    outer loop
      vertex 56.7298 52.2417 3
      vertex 68.1166 52.6245 3
      vertex 68.0597 52.7201 3
    endloop
  endfacet
  facet normal 0 0 1
    outer loop
      vertex 56.7298 52.2417 3
      vertex 68.0597 52.7201 3
      vertex 68.0158 52.8222 3
    endloop
  endfacet
  facet normal 0 0 1
    outer loop
      vertex 56.7627 52.3545 3
      vertex 68.0158 52.8222 3
      vertex 67.9857 52.9292 3
    endloop
  endfacet
  facet normal 0 0 1
    outer loop
      vertex 57.7375 54.6358 3
      vertex 67.9857 52.9292 3
      vertex 67.9697 53.0393 3
    endloop
  endfacet
  facet normal 0 0 1
    outer loop
      vertex 57.7375 54.6358 3
      vertex 67.9697 53.0393 3
      vertex 67.9683 53.1504 3
    endloop
  endfacet
  facet normal 0 0 1
    outer loop
      vertex 67.9857 52.9292 3
      vertex 57.7375 54.6358 3
      vertex 56.7627 52.3545 3
    endloop
  endfacet
  facet normal 0 0 1
    outer loop
      vertex 56.8719 54.0339 3
      vertex 57.7375 54.6358 3
      vertex 57.4944 54.5588 3
    endloop
  endfacet
  facet normal 0 0 1
    outer loop
      vertex 56.8719 54.0339 3
      vertex 57.4944 54.5588 3
      vertex 57.2527 54.4256 3
    endloop
  endfacet
  facet normal 0 0 1
    outer loop
      vertex 56.8719 54.0339 3
      vertex 57.2527 54.4256 3
      vertex 57.0427 54.2477 3
    endloop
  endfacet
  facet normal 0 0 1
    outer loop
      vertex 56.6741 52.9984 3
      vertex 57.7375 54.6358 3
      vertex 56.8719 54.0339 3
    endloop
  endfacet
  facet normal 0 0 1
    outer loop
      vertex 57.7375 54.6358 3
      vertex 56.7726 52.471 3
      vertex 56.7627 52.3545 3
    endloop
  endfacet
  facet normal 0 0 1
    outer loop
      vertex 68.0158 52.8222 3
      vertex 56.7627 52.3545 3
      vertex 56.7298 52.2417 3
    endloop
  endfacet
  facet normal 0 0 1
    outer loop
      vertex 68.1166 52.6245 3
      vertex 56.7298 52.2417 3
      vertex 56.6759 52.1377 3
    endloop
  endfacet
  facet normal 0 0 1
    outer loop
      vertex 68.1854 52.5372 3
      vertex 56.6759 52.1377 3
      vertex 56.6028 52.0461 3
    endloop
  endfacet
  facet normal 0 0 1
    outer loop
      vertex 68.2651 52.4596 3
      vertex 56.6028 52.0461 3
      vertex 56.5131 51.9702 3
    endloop
  endfacet
  facet normal 0 0 1
    outer loop
      vertex 68.4512 52.3387 3
      vertex 56.5131 51.9702 3
      vertex 56.4107 51.9137 3
    endloop
  endfacet
  facet normal 0 0 1
    outer loop
      vertex 68.4512 52.3387 3
      vertex 56.4107 51.9137 3
      vertex 48.8148 43.7863 3
    endloop
  endfacet
  facet normal 0 0 1
    outer loop
      vertex 48.8477 43.8991 3
      vertex 56.4107 51.9137 3
      vertex 56.2801 51.8724 3
    endloop
  endfacet
  facet normal 0 0 1
    outer loop
      vertex 48.8423 44.1518 3
      vertex 56.2801 51.8724 3
      vertex 48.944 50.3131 3
    endloop
  endfacet
  facet normal 0 0 1
    outer loop
      vertex 48.8477 43.8991 3
      vertex 56.2801 51.8724 3
      vertex 48.8576 44.0156 3
    endloop
  endfacet
  facet normal 0 0 1
    outer loop
      vertex 56.4107 51.9137 3
      vertex 48.8477 43.8991 3
      vertex 48.8148 43.7863 3
    endloop
  endfacet
  facet normal 0 0 1
    outer loop
      vertex 68.5544 52.2975 3
      vertex 48.8148 43.7863 3
      vertex 48.7609 43.6823 3
    endloop
  endfacet
  facet normal 0 0 1
    outer loop
      vertex 86.7396 38.7689 3
      vertex 48.7609 43.6823 3
      vertex 48.6878 43.5907 3
    endloop
  endfacet
  facet normal 0 0 1
    outer loop
      vertex 86.7396 38.7689 3
      vertex 48.6878 43.5907 3
      vertex 48.5981 43.5148 3
    endloop
  endfacet
  facet normal 0 -0 1
    outer loop
      vertex 76.1871 -26.2434 3
      vertex 86.7396 38.7689 3
      vertex 48.4957 43.4583 3
    endloop
  endfacet
  facet normal 0 0 1
    outer loop
      vertex 86.7396 38.7689 3
      vertex 76.1871 -26.2434 3
      vertex 76.3274 -26.1978 3
    endloop
  endfacet
  facet normal -0 0 1
    outer loop
      vertex 48.3651 43.417 3
      vertex 76.1871 -26.2434 3
      vertex 48.4957 43.4583 3
    endloop
  endfacet
  facet normal -0 0 1
    outer loop
      vertex 32.7148 40.0904 3
      vertex 31.7348 37.8336 3
      vertex 48.3651 43.417 3
    endloop
  endfacet
  facet normal 0 0 1
    outer loop
      vertex 31.6913 -18.2839 3
      vertex 48.3651 43.417 3
      vertex 31.7348 37.8336 3
    endloop
  endfacet
  facet normal 0 0 1
    outer loop
      vertex 31.6913 -18.2839 3
      vertex 48.0708 -38.7107 3
      vertex 76.1871 -26.2434 3
    endloop
  endfacet
  facet normal -0 0 1
    outer loop
      vertex 31.6797 -18.5055 3
      vertex 48.0708 -38.7107 3
      vertex 31.6928 -18.3951 3
    endloop
  endfacet
  facet normal 0 0 1
    outer loop
      vertex 47.8075 -38.7947 3
      vertex 47.2351 -38.7916 3
      vertex 47.5104 -38.8235 3
    endloop
  endfacet
  facet normal 0 0 1
    outer loop
      vertex 48.0708 -38.7107 3
      vertex 47.2351 -38.7916 3
      vertex 47.8075 -38.7947 3
    endloop
  endfacet
  facet normal -0 0 1
    outer loop
      vertex 31.6913 -18.2839 3
      vertex 76.1871 -26.2434 3
      vertex 48.3651 43.417 3
    endloop
  endfacet
  facet normal 0 0 1
    outer loop
      vertex 37.9951 -36.703 3
      vertex 35.3052 -36.0957 3
      vertex 37.8349 -36.6863 3
    endloop
  endfacet
  facet normal 0 0 1
    outer loop
      vertex 37.8349 -36.6863 3
      vertex 35.3052 -36.0957 3
      vertex 37.6978 -36.7032 3
    endloop
  endfacet
  facet normal 0 0 1
    outer loop
      vertex 37.6978 -36.7032 3
      vertex 35.3052 -36.0957 3
      vertex 37.547 -36.7596 3
    endloop
  endfacet
  facet normal -0 -0 1
    outer loop
      vertex 35.4091 -36.2991 3
      vertex 37.2656 -36.9024 3
      vertex 35.3052 -36.0957 3
    endloop
  endfacet
  facet normal 0 0 1
    outer loop
      vertex 37.2656 -36.9024 3
      vertex 35.4091 -36.2991 3
      vertex 37.0282 -36.9953 3
    endloop
  endfacet
  facet normal 0 0 1
    outer loop
      vertex 37.0282 -36.9953 3
      vertex 35.4091 -36.2991 3
      vertex 36.7573 -37.0442 3
    endloop
  endfacet
  facet normal 0 0 1
    outer loop
      vertex 36.7573 -37.0442 3
      vertex 35.4091 -36.2991 3
      vertex 36.4816 -37.0382 3
    endloop
  endfacet
  facet normal 0 0 1
    outer loop
      vertex 36.4816 -37.0382 3
      vertex 35.4091 -36.2991 3
      vertex 36.2146 -36.9792 3
    endloop
  endfacet
  facet normal 0 0 1
    outer loop
      vertex 36.2146 -36.9792 3
      vertex 35.4091 -36.2991 3
      vertex 35.9625 -36.8697 3
    endloop
  endfacet
  facet normal 0 0 1
    outer loop
      vertex 35.9625 -36.8697 3
      vertex 35.4091 -36.2991 3
      vertex 35.7365 -36.7122 3
    endloop
  endfacet
  facet normal 0 0 1
    outer loop
      vertex 35.7365 -36.7122 3
      vertex 35.4091 -36.2991 3
      vertex 35.5464 -36.5142 3
    endloop
  endfacet
  facet normal 0 0 1
    outer loop
      vertex 31.7348 37.8336 3
      vertex 32.7148 40.0904 3
      vertex 31.7448 37.9501 3
    endloop
  endfacet
  facet normal 0 0 1
    outer loop
      vertex 31.6514 38.453 3
      vertex 32.7148 40.0904 3
      vertex 32.4717 40.0135 3
    endloop
  endfacet
  facet normal 0 0 1
    outer loop
      vertex 31.6514 38.453 3
      vertex 32.4717 40.0135 3
      vertex 32.2301 39.8803 3
    endloop
  endfacet
  facet normal 0 0 1
    outer loop
      vertex 31.6514 38.453 3
      vertex 32.2301 39.8803 3
      vertex 32.02 39.7023 3
    endloop
  endfacet
  facet normal 0 0 1
    outer loop
      vertex 37.547 -36.7596 3
      vertex 35.3052 -36.0957 3
      vertex 37.2656 -36.9024 3
    endloop
  endfacet
  facet normal 0 0 1
    outer loop
      vertex 31.6514 38.453 3
      vertex 32.02 39.7023 3
      vertex 31.8493 39.4885 3
    endloop
  endfacet
  facet normal -0 0 1
    outer loop
      vertex 31.6523 -18.6133 3
      vertex 48.0708 -38.7107 3
      vertex 31.6797 -18.5055 3
    endloop
  endfacet
  facet normal 0 0 1
    outer loop
      vertex 48.0708 -38.7107 3
      vertex 31.6523 -18.6133 3
      vertex 47.2351 -38.7916 3
    endloop
  endfacet
  facet normal 0 0 1
    outer loop
      vertex 32.7148 40.0904 3
      vertex 31.7294 38.0863 3
      vertex 31.7448 37.9501 3
    endloop
  endfacet
  facet normal 0 0 1
    outer loop
      vertex 31.6514 38.453 3
      vertex 31.8493 39.4885 3
      vertex 31.7234 39.2456 3
    endloop
  endfacet
  facet normal 0 0 1
    outer loop
      vertex 32.7148 40.0904 3
      vertex 31.6514 38.453 3
      vertex 31.7294 38.0863 3
    endloop
  endfacet
  facet normal -0 0 1
    outer loop
      vertex 31.6463 38.9813 3
      vertex 31.6514 38.453 3
      vertex 31.7234 39.2456 3
    endloop
  endfacet
  facet normal 0 0 1
    outer loop
      vertex 31.6514 38.453 3
      vertex 31.6463 38.9813 3
      vertex 31.6229 38.7063 3
    endloop
  endfacet
  facet normal 0.336567 0.94166 -0
    outer loop
      vertex 19.6914 -45.1476 3
      vertex 19.4326 -45.0551 5.6
      vertex 19.6914 -45.1476 5.6
    endloop
  endfacet
  facet normal 0.336567 0.94166 0
    outer loop
      vertex 19.4326 -45.0551 5.6
      vertex 19.6914 -45.1476 3
      vertex 19.4326 -45.0551 3
    endloop
  endfacet
  facet normal 0.51721 0.855859 -0
    outer loop
      vertex 19.4326 -45.0551 3
      vertex 19.1963 -44.9123 5.6
      vertex 19.4326 -45.0551 5.6
    endloop
  endfacet
  facet normal 0.51721 0.855859 0
    outer loop
      vertex 19.1963 -44.9123 5.6
      vertex 19.4326 -45.0551 3
      vertex 19.1963 -44.9123 3
    endloop
  endfacet
  facet normal 0.67592 0.736975 -0
    outer loop
      vertex 19.1963 -44.9123 3
      vertex 19.008 -44.7396 5.6
      vertex 19.1963 -44.9123 5.6
    endloop
  endfacet
  facet normal 0.67592 0.736975 0
    outer loop
      vertex 19.008 -44.7396 5.6
      vertex 19.1963 -44.9123 3
      vertex 19.008 -44.7396 3
    endloop
  endfacet
  facet normal 0.743135 0.669141 0
    outer loop
      vertex 19.008 -44.7396 5.6
      vertex 8.94516 -33.564 3
      vertex 8.94516 -33.564 5.6
    endloop
  endfacet
  facet normal 0.743135 0.669141 0
    outer loop
      vertex 8.94516 -33.564 3
      vertex 19.008 -44.7396 5.6
      vertex 19.008 -44.7396 3
    endloop
  endfacet
  facet normal 0.805507 0.592586 0
    outer loop
      vertex 8.94516 -33.564 5.6
      vertex 8.79398 -33.3585 3
      vertex 8.79398 -33.3585 5.6
    endloop
  endfacet
  facet normal 0.805507 0.592586 0
    outer loop
      vertex 8.79398 -33.3585 3
      vertex 8.94516 -33.564 5.6
      vertex 8.94516 -33.564 3
    endloop
  endfacet
  facet normal 0.904394 0.426699 0
    outer loop
      vertex 8.79398 -33.3585 5.6
      vertex 8.6765 -33.1095 3
      vertex 8.6765 -33.1095 5.6
    endloop
  endfacet
  facet normal 0.904394 0.426699 0
    outer loop
      vertex 8.6765 -33.1095 3
      vertex 8.79398 -33.3585 5.6
      vertex 8.79398 -33.3585 3
    endloop
  endfacet
  facet normal 0.971318 0.237784 0
    outer loop
      vertex 8.6765 -33.1095 5.6
      vertex 8.61099 -32.8419 3
      vertex 8.61099 -32.8419 5.6
    endloop
  endfacet
  facet normal 0.971318 0.237784 0
    outer loop
      vertex 8.61099 -32.8419 3
      vertex 8.6765 -33.1095 5.6
      vertex 8.6765 -33.1095 3
    endloop
  endfacet
  facet normal 0.998983 0.0450965 0
    outer loop
      vertex 8.61099 -32.8419 5.6
      vertex 8.59863 -32.5681 3
      vertex 8.59863 -32.5681 5.6
    endloop
  endfacet
  facet normal 0.998983 0.0450965 0
    outer loop
      vertex 8.59863 -32.5681 3
      vertex 8.61099 -32.8419 5.6
      vertex 8.61099 -32.8419 3
    endloop
  endfacet
  facet normal 0.988607 -0.150521 0
    outer loop
      vertex 8.59863 -32.5681 5.6
      vertex 8.6398 -32.2977 3
      vertex 8.6398 -32.2977 5.6
    endloop
  endfacet
  facet normal 0.988607 -0.150521 0
    outer loop
      vertex 8.6398 -32.2977 3
      vertex 8.59863 -32.5681 5.6
      vertex 8.59863 -32.5681 3
    endloop
  endfacet
  facet normal 0.941666 -0.336548 0
    outer loop
      vertex 8.6398 -32.2977 5.6
      vertex 8.73233 -32.0388 3
      vertex 8.73233 -32.0388 5.6
    endloop
  endfacet
  facet normal 0.941666 -0.336548 0
    outer loop
      vertex 8.73233 -32.0388 3
      vertex 8.6398 -32.2977 5.6
      vertex 8.6398 -32.2977 3
    endloop
  endfacet
  facet normal 0.855971 -0.517024 0
    outer loop
      vertex 8.73233 -32.0388 5.6
      vertex 8.87506 -31.8025 3
      vertex 8.87506 -31.8025 5.6
    endloop
  endfacet
  facet normal 0.855971 -0.517024 0
    outer loop
      vertex 8.87506 -31.8025 3
      vertex 8.73233 -32.0388 5.6
      vertex 8.73233 -32.0388 3
    endloop
  endfacet
  facet normal 0.736797 -0.676115 0
    outer loop
      vertex 8.87506 -31.8025 5.6
      vertex 9.04776 -31.6143 3
      vertex 9.04776 -31.6143 5.6
    endloop
  endfacet
  facet normal 0.736797 -0.676115 0
    outer loop
      vertex 9.04776 -31.6143 3
      vertex 8.87506 -31.8025 5.6
      vertex 8.87506 -31.8025 3
    endloop
  endfacet
  facet normal 0.669142 -0.743135 0
    outer loop
      vertex 9.04776 -31.6143 3
      vertex 21.7097 -20.2131 5.6
      vertex 9.04776 -31.6143 5.6
    endloop
  endfacet
  facet normal 0.669142 -0.743135 0
    outer loop
      vertex 21.7097 -20.2131 5.6
      vertex 9.04776 -31.6143 3
      vertex 21.7097 -20.2131 3
    endloop
  endfacet
  facet normal 0.59257 -0.805519 0
    outer loop
      vertex 21.7097 -20.2131 3
      vertex 21.9151 -20.062 5.6
      vertex 21.7097 -20.2131 5.6
    endloop
  endfacet
  facet normal 0.59257 -0.805519 0
    outer loop
      vertex 21.9151 -20.062 5.6
      vertex 21.7097 -20.2131 3
      vertex 21.9151 -20.062 3
    endloop
  endfacet
  facet normal 0.426759 -0.904365 0
    outer loop
      vertex 21.9151 -20.062 3
      vertex 22.1641 -19.9445 5.6
      vertex 21.9151 -20.062 5.6
    endloop
  endfacet
  facet normal 0.426759 -0.904365 0
    outer loop
      vertex 22.1641 -19.9445 5.6
      vertex 21.9151 -20.062 3
      vertex 22.1641 -19.9445 3
    endloop
  endfacet
  facet normal 0.23775 -0.971326 0
    outer loop
      vertex 22.1641 -19.9445 3
      vertex 22.4317 -19.879 5.6
      vertex 22.1641 -19.9445 5.6
    endloop
  endfacet
  facet normal 0.23775 -0.971326 0
    outer loop
      vertex 22.4317 -19.879 5.6
      vertex 22.1641 -19.9445 3
      vertex 22.4317 -19.879 3
    endloop
  endfacet
  facet normal 0.0452257 -0.998977 0
    outer loop
      vertex 22.4317 -19.879 3
      vertex 22.7056 -19.8666 5.6
      vertex 22.4317 -19.879 5.6
    endloop
  endfacet
  facet normal 0.0452257 -0.998977 0
    outer loop
      vertex 22.7056 -19.8666 5.6
      vertex 22.4317 -19.879 3
      vertex 22.7056 -19.8666 3
    endloop
  endfacet
  facet normal -0.150628 -0.98859 0
    outer loop
      vertex 22.7056 -19.8666 3
      vertex 22.976 -19.9078 5.6
      vertex 22.7056 -19.8666 5.6
    endloop
  endfacet
  facet normal -0.150628 -0.98859 -0
    outer loop
      vertex 22.976 -19.9078 5.6
      vertex 22.7056 -19.8666 3
      vertex 22.976 -19.9078 3
    endloop
  endfacet
  facet normal -0.336567 -0.94166 0
    outer loop
      vertex 22.976 -19.9078 3
      vertex 23.2348 -20.0003 5.6
      vertex 22.976 -19.9078 5.6
    endloop
  endfacet
  facet normal -0.336567 -0.94166 -0
    outer loop
      vertex 23.2348 -20.0003 5.6
      vertex 22.976 -19.9078 3
      vertex 23.2348 -20.0003 3
    endloop
  endfacet
  facet normal -0.51721 -0.855859 0
    outer loop
      vertex 23.2348 -20.0003 3
      vertex 23.4711 -20.1431 5.6
      vertex 23.2348 -20.0003 5.6
    endloop
  endfacet
  facet normal -0.51721 -0.855859 -0
    outer loop
      vertex 23.4711 -20.1431 5.6
      vertex 23.2348 -20.0003 3
      vertex 23.4711 -20.1431 3
    endloop
  endfacet
  facet normal -0.675902 -0.736992 0
    outer loop
      vertex 23.4711 -20.1431 3
      vertex 23.6593 -20.3157 5.6
      vertex 23.4711 -20.1431 5.6
    endloop
  endfacet
  facet normal -0.675902 -0.736992 -0
    outer loop
      vertex 23.6593 -20.3157 5.6
      vertex 23.4711 -20.1431 3
      vertex 23.6593 -20.3157 3
    endloop
  endfacet
  facet normal -0.742703 -0.669621 0
    outer loop
      vertex 24.1724 -20.8848 3
      vertex 23.6593 -20.3157 5.6
      vertex 23.6593 -20.3157 3
    endloop
  endfacet
  facet normal -0.742703 -0.669621 0
    outer loop
      vertex 23.6593 -20.3157 5.6
      vertex 24.1724 -20.8848 3
      vertex 24.1724 -20.8848 5.6
    endloop
  endfacet
  facet normal -0.672708 -0.739908 0
    outer loop
      vertex 24.1724 -20.8848 3
      vertex 24.2781 -20.9809 5.6
      vertex 24.1724 -20.8848 5.6
    endloop
  endfacet
  facet normal -0.672708 -0.739908 -0
    outer loop
      vertex 24.2781 -20.9809 5.6
      vertex 24.1724 -20.8848 3
      vertex 24.2781 -20.9809 3
    endloop
  endfacet
  facet normal -0.500618 -0.865668 0
    outer loop
      vertex 24.2781 -20.9809 3
      vertex 24.3841 -21.0422 5.6
      vertex 24.2781 -20.9809 5.6
    endloop
  endfacet
  facet normal -0.500618 -0.865668 -0
    outer loop
      vertex 24.3841 -21.0422 5.6
      vertex 24.2781 -20.9809 3
      vertex 24.3841 -21.0422 3
    endloop
  endfacet
  facet normal -0.316471 -0.948602 0
    outer loop
      vertex 24.3841 -21.0422 3
      vertex 24.5013 -21.0813 5.6
      vertex 24.3841 -21.0422 5.6
    endloop
  endfacet
  facet normal -0.316471 -0.948602 -0
    outer loop
      vertex 24.5013 -21.0813 5.6
      vertex 24.3841 -21.0422 3
      vertex 24.5013 -21.0813 3
    endloop
  endfacet
  facet normal -0.116466 -0.993195 0
    outer loop
      vertex 24.5013 -21.0813 3
      vertex 24.6241 -21.0957 5.6
      vertex 24.5013 -21.0813 5.6
    endloop
  endfacet
  facet normal -0.116466 -0.993195 -0
    outer loop
      vertex 24.6241 -21.0957 5.6
      vertex 24.5013 -21.0813 3
      vertex 24.6241 -21.0957 3
    endloop
  endfacet
  facet normal 0.0873695 -0.996176 0
    outer loop
      vertex 24.6241 -21.0957 3
      vertex 24.7461 -21.085 5.6
      vertex 24.6241 -21.0957 5.6
    endloop
  endfacet
  facet normal 0.0873695 -0.996176 0
    outer loop
      vertex 24.7461 -21.085 5.6
      vertex 24.6241 -21.0957 3
      vertex 24.7461 -21.085 3
    endloop
  endfacet
  facet normal 0.292942 -0.95613 0
    outer loop
      vertex 24.7461 -21.085 3
      vertex 24.8636 -21.049 5.6
      vertex 24.7461 -21.085 5.6
    endloop
  endfacet
  facet normal 0.292942 -0.95613 0
    outer loop
      vertex 24.8636 -21.049 5.6
      vertex 24.7461 -21.085 3
      vertex 24.8636 -21.049 3
    endloop
  endfacet
  facet normal 0.479589 -0.877493 0
    outer loop
      vertex 24.8636 -21.049 3
      vertex 24.9721 -20.9897 5.6
      vertex 24.8636 -21.049 5.6
    endloop
  endfacet
  facet normal 0.479589 -0.877493 0
    outer loop
      vertex 24.9721 -20.9897 5.6
      vertex 24.8636 -21.049 3
      vertex 24.9721 -20.9897 3
    endloop
  endfacet
  facet normal 0.648149 -0.761514 0
    outer loop
      vertex 24.9721 -20.9897 3
      vertex 25.0648 -20.9108 5.6
      vertex 24.9721 -20.9897 5.6
    endloop
  endfacet
  facet normal 0.648149 -0.761514 0
    outer loop
      vertex 25.0648 -20.9108 5.6
      vertex 24.9721 -20.9897 3
      vertex 25.0648 -20.9108 3
    endloop
  endfacet
  facet normal 0.795116 -0.606458 0
    outer loop
      vertex 25.0648 -20.9108 5.6
      vertex 25.1397 -20.8126 3
      vertex 25.1397 -20.8126 5.6
    endloop
  endfacet
  facet normal 0.795116 -0.606458 0
    outer loop
      vertex 25.1397 -20.8126 3
      vertex 25.0648 -20.9108 5.6
      vertex 25.0648 -20.9108 3
    endloop
  endfacet
  facet normal 0.898124 -0.439742 0
    outer loop
      vertex 25.1397 -20.8126 5.6
      vertex 25.2034 -20.6825 3
      vertex 25.2034 -20.6825 5.6
    endloop
  endfacet
  facet normal 0.898124 -0.439742 0
    outer loop
      vertex 25.2034 -20.6825 3
      vertex 25.1397 -20.8126 5.6
      vertex 25.1397 -20.8126 3
    endloop
  endfacet
  facet normal 0.940149 -0.340763 0
    outer loop
      vertex 25.2034 -20.6825 5.6
      vertex 26.3173 -17.6093 3
      vertex 26.3173 -17.6093 5.6
    endloop
  endfacet
  facet normal 0.940149 -0.340763 0
    outer loop
      vertex 26.3173 -17.6093 3
      vertex 25.2034 -20.6825 5.6
      vertex 25.2034 -20.6825 3
    endloop
  endfacet
  facet normal 0.9686 -0.248625 0
    outer loop
      vertex 26.3173 -17.6093 5.6
      vertex 26.3509 -17.4784 3
      vertex 26.3509 -17.4784 5.6
    endloop
  endfacet
  facet normal 0.9686 -0.248625 0
    outer loop
      vertex 26.3509 -17.4784 3
      vertex 26.3173 -17.6093 5.6
      vertex 26.3173 -17.6093 3
    endloop
  endfacet
  facet normal 0.998295 -0.0583646 0
    outer loop
      vertex 26.3509 -17.4784 5.6
      vertex 26.3576 -17.3638 3
      vertex 26.3576 -17.3638 5.6
    endloop
  endfacet
  facet normal 0.998295 -0.0583646 0
    outer loop
      vertex 26.3576 -17.3638 3
      vertex 26.3509 -17.4784 5.6
      vertex 26.3509 -17.4784 3
    endloop
  endfacet
  facet normal 0.990677 0.136229 0
    outer loop
      vertex 26.3576 -17.3638 5.6
      vertex 26.3418 -17.2489 3
      vertex 26.3418 -17.2489 5.6
    endloop
  endfacet
  facet normal 0.990677 0.136229 0
    outer loop
      vertex 26.3418 -17.2489 3
      vertex 26.3576 -17.3638 5.6
      vertex 26.3576 -17.3638 3
    endloop
  endfacet
  facet normal 0.946408 0.322974 0
    outer loop
      vertex 26.3418 -17.2489 5.6
      vertex 26.3045 -17.1396 3
      vertex 26.3045 -17.1396 5.6
    endloop
  endfacet
  facet normal 0.946408 0.322974 0
    outer loop
      vertex 26.3045 -17.1396 3
      vertex 26.3418 -17.2489 5.6
      vertex 26.3418 -17.2489 3
    endloop
  endfacet
  facet normal 0.865485 0.500935 0
    outer loop
      vertex 26.3045 -17.1396 5.6
      vertex 26.2461 -17.0387 3
      vertex 26.2461 -17.0387 5.6
    endloop
  endfacet
  facet normal 0.865485 0.500935 0
    outer loop
      vertex 26.2461 -17.0387 3
      vertex 26.3045 -17.1396 5.6
      vertex 26.3045 -17.1396 3
    endloop
  endfacet
  facet normal 0.756666 0.653801 0
    outer loop
      vertex 26.2461 -17.0387 5.6
      vertex 26.1711 -16.9519 3
      vertex 26.1711 -16.9519 5.6
    endloop
  endfacet
  facet normal 0.756666 0.653801 0
    outer loop
      vertex 26.1711 -16.9519 3
      vertex 26.2461 -17.0387 5.6
      vertex 26.2461 -17.0387 3
    endloop
  endfacet
  facet normal 0.610383 0.792107 -0
    outer loop
      vertex 26.1711 -16.9519 3
      vertex 26.08 -16.8817 5.6
      vertex 26.1711 -16.9519 5.6
    endloop
  endfacet
  facet normal 0.610383 0.792107 0
    outer loop
      vertex 26.08 -16.8817 5.6
      vertex 26.1711 -16.9519 3
      vertex 26.08 -16.8817 3
    endloop
  endfacet
  facet normal 0.452376 0.891827 -0
    outer loop
      vertex 26.08 -16.8817 3
      vertex 25.9765 -16.8292 5.6
      vertex 26.08 -16.8817 5.6
    endloop
  endfacet
  facet normal 0.452376 0.891827 0
    outer loop
      vertex 25.9765 -16.8292 5.6
      vertex 26.08 -16.8817 3
      vertex 25.9765 -16.8292 3
    endloop
  endfacet
  facet normal 0.271274 0.962502 -0
    outer loop
      vertex 25.9765 -16.8292 3
      vertex 25.8658 -16.798 5.6
      vertex 25.9765 -16.8292 5.6
    endloop
  endfacet
  facet normal 0.271274 0.962502 0
    outer loop
      vertex 25.8658 -16.798 5.6
      vertex 25.9765 -16.8292 3
      vertex 25.8658 -16.798 3
    endloop
  endfacet
  facet normal 0.0796077 0.996826 -0
    outer loop
      vertex 25.8658 -16.798 3
      vertex 25.7506 -16.7888 5.6
      vertex 25.8658 -16.798 5.6
    endloop
  endfacet
  facet normal 0.0796077 0.996826 0
    outer loop
      vertex 25.7506 -16.7888 5.6
      vertex 25.8658 -16.798 3
      vertex 25.7506 -16.7888 3
    endloop
  endfacet
  facet normal -0.110996 0.993821 0
    outer loop
      vertex 25.7506 -16.7888 3
      vertex 25.6154 -16.8039 5.6
      vertex 25.7506 -16.7888 5.6
    endloop
  endfacet
  facet normal -0.110996 0.993821 0
    outer loop
      vertex 25.6154 -16.8039 5.6
      vertex 25.7506 -16.7888 3
      vertex 25.6154 -16.8039 3
    endloop
  endfacet
  facet normal -0.207819 0.978167 0
    outer loop
      vertex 25.6154 -16.8039 3
      vertex 25.0214 -16.9301 5.6
      vertex 25.6154 -16.8039 5.6
    endloop
  endfacet
  facet normal -0.207819 0.978167 0
    outer loop
      vertex 25.0214 -16.9301 5.6
      vertex 25.6154 -16.8039 3
      vertex 25.0214 -16.9301 3
    endloop
  endfacet
  facet normal 0.978148 0.207912 0
    outer loop
      vertex 25.0214 -16.9301 5.6
      vertex 14.5386 32.3875 3
      vertex 14.5386 32.3875 5.6
    endloop
  endfacet
  facet normal 0.978148 0.207912 0
    outer loop
      vertex 14.5386 32.3875 3
      vertex 25.0214 -16.9301 5.6
      vertex 25.0214 -16.9301 3
    endloop
  endfacet
  facet normal 0.993686 0.112197 0
    outer loop
      vertex 14.5386 32.3875 5.6
      vertex 14.51 32.6408 3
      vertex 14.51 32.6408 5.6
    endloop
  endfacet
  facet normal 0.993686 0.112197 0
    outer loop
      vertex 14.51 32.6408 3
      vertex 14.5386 32.3875 5.6
      vertex 14.5386 32.3875 3
    endloop
  endfacet
  facet normal 0.996399 -0.0847845 0
    outer loop
      vertex 14.51 32.6408 5.6
      vertex 14.5334 32.9158 3
      vertex 14.5334 32.9158 5.6
    endloop
  endfacet
  facet normal 0.996399 -0.0847845 0
    outer loop
      vertex 14.5334 32.9158 3
      vertex 14.51 32.6408 5.6
      vertex 14.51 32.6408 3
    endloop
  endfacet
  facet normal 0.959988 -0.280042 0
    outer loop
      vertex 14.5334 32.9158 5.6
      vertex 14.6105 33.1801 3
      vertex 14.6105 33.1801 5.6
    endloop
  endfacet
  facet normal 0.959988 -0.280042 0
    outer loop
      vertex 14.6105 33.1801 3
      vertex 14.5334 32.9158 5.6
      vertex 14.5334 32.9158 3
    endloop
  endfacet
  facet normal 0.887826 -0.460178 0
    outer loop
      vertex 14.6105 33.1801 5.6
      vertex 14.7364 33.423 3
      vertex 14.7364 33.423 5.6
    endloop
  endfacet
  facet normal 0.887826 -0.460178 0
    outer loop
      vertex 14.7364 33.423 3
      vertex 14.6105 33.1801 5.6
      vertex 14.6105 33.1801 3
    endloop
  endfacet
  facet normal 0.781475 -0.623937 0
    outer loop
      vertex 14.7364 33.423 5.6
      vertex 14.9071 33.6368 3
      vertex 14.9071 33.6368 5.6
    endloop
  endfacet
  facet normal 0.781475 -0.623937 0
    outer loop
      vertex 14.9071 33.6368 3
      vertex 14.7364 33.423 5.6
      vertex 14.7364 33.423 3
    endloop
  endfacet
  facet normal 0.646414 -0.762987 0
    outer loop
      vertex 14.9071 33.6368 3
      vertex 15.1172 33.8148 5.6
      vertex 14.9071 33.6368 5.6
    endloop
  endfacet
  facet normal 0.646414 -0.762987 0
    outer loop
      vertex 15.1172 33.8148 5.6
      vertex 14.9071 33.6368 3
      vertex 15.1172 33.8148 3
    endloop
  endfacet
  facet normal 0.482656 -0.87581 0
    outer loop
      vertex 15.1172 33.8148 3
      vertex 15.3589 33.948 5.6
      vertex 15.1172 33.8148 5.6
    endloop
  endfacet
  facet normal 0.482656 -0.87581 0
    outer loop
      vertex 15.3589 33.948 5.6
      vertex 15.1172 33.8148 3
      vertex 15.3589 33.948 3
    endloop
  endfacet
  facet normal 0.301713 -0.953399 0
    outer loop
      vertex 15.3589 33.948 3
      vertex 15.6019 34.0249 5.6
      vertex 15.3589 33.948 5.6
    endloop
  endfacet
  facet normal 0.301713 -0.953399 0
    outer loop
      vertex 15.6019 34.0249 5.6
      vertex 15.3589 33.948 3
      vertex 15.6019 34.0249 3
    endloop
  endfacet
  facet normal 0.207913 -0.978147 0
    outer loop
      vertex 15.6019 34.0249 3
      vertex 31.2522 37.3515 5.6
      vertex 15.6019 34.0249 5.6
    endloop
  endfacet
  facet normal 0.207913 -0.978147 0
    outer loop
      vertex 31.2522 37.3515 5.6
      vertex 15.6019 34.0249 3
      vertex 31.2522 37.3515 3
    endloop
  endfacet
  facet normal 0.301516 -0.953461 0
    outer loop
      vertex 31.2522 37.3515 3
      vertex 31.3828 37.3928 5.6
      vertex 31.2522 37.3515 5.6
    endloop
  endfacet
  facet normal 0.301516 -0.953461 0
    outer loop
      vertex 31.3828 37.3928 5.6
      vertex 31.2522 37.3515 3
      vertex 31.3828 37.3928 3
    endloop
  endfacet
  facet normal 0.4831 -0.875565 0
    outer loop
      vertex 31.3828 37.3928 3
      vertex 31.4852 37.4493 5.6
      vertex 31.3828 37.3928 5.6
    endloop
  endfacet
  facet normal 0.4831 -0.875565 0
    outer loop
      vertex 31.4852 37.4493 5.6
      vertex 31.3828 37.3928 3
      vertex 31.4852 37.4493 3
    endloop
  endfacet
  facet normal 0.645942 -0.763386 0
    outer loop
      vertex 31.4852 37.4493 3
      vertex 31.5749 37.5252 5.6
      vertex 31.4852 37.4493 5.6
    endloop
  endfacet
  facet normal 0.645942 -0.763386 0
    outer loop
      vertex 31.5749 37.5252 5.6
      vertex 31.4852 37.4493 3
      vertex 31.5749 37.5252 3
    endloop
  endfacet
  facet normal 0.781617 -0.623758 0
    outer loop
      vertex 31.5749 37.5252 5.6
      vertex 31.648 37.6168 3
      vertex 31.648 37.6168 5.6
    endloop
  endfacet
  facet normal 0.781617 -0.623758 0
    outer loop
      vertex 31.648 37.6168 3
      vertex 31.5749 37.5252 5.6
      vertex 31.5749 37.5252 3
    endloop
  endfacet
  facet normal 0.887845 -0.460143 0
    outer loop
      vertex 31.648 37.6168 5.6
      vertex 31.7019 37.7208 3
      vertex 31.7019 37.7208 5.6
    endloop
  endfacet
  facet normal 0.887845 -0.460143 0
    outer loop
      vertex 31.7019 37.7208 3
      vertex 31.648 37.6168 5.6
      vertex 31.648 37.6168 3
    endloop
  endfacet
  facet normal 0.96 -0.28 0
    outer loop
      vertex 31.7019 37.7208 5.6
      vertex 31.7348 37.8336 3
      vertex 31.7348 37.8336 5.6
    endloop
  endfacet
  facet normal 0.96 -0.28 0
    outer loop
      vertex 31.7348 37.8336 3
      vertex 31.7019 37.7208 5.6
      vertex 31.7019 37.7208 3
    endloop
  endfacet
  facet normal 0.996336 -0.0855224 0
    outer loop
      vertex 31.7348 37.8336 5.6
      vertex 31.7448 37.9501 3
      vertex 31.7448 37.9501 5.6
    endloop
  endfacet
  facet normal 0.996336 -0.0855224 0
    outer loop
      vertex 31.7448 37.9501 3
      vertex 31.7348 37.8336 5.6
      vertex 31.7348 37.8336 3
    endloop
  endfacet
  facet normal 0.993668 0.112353 0
    outer loop
      vertex 31.7448 37.9501 5.6
      vertex 31.7294 38.0863 3
      vertex 31.7294 38.0863 5.6
    endloop
  endfacet
  facet normal 0.993668 0.112353 0
    outer loop
      vertex 31.7294 38.0863 3
      vertex 31.7448 37.9501 5.6
      vertex 31.7448 37.9501 3
    endloop
  endfacet
  facet normal 0.978117 0.208053 0
    outer loop
      vertex 31.7294 38.0863 5.6
      vertex 31.6514 38.453 3
      vertex 31.6514 38.453 5.6
    endloop
  endfacet
  facet normal 0.978117 0.208053 0
    outer loop
      vertex 31.6514 38.453 3
      vertex 31.7294 38.0863 5.6
      vertex 31.7294 38.0863 3
    endloop
  endfacet
  facet normal 0.99373 0.111809 0
    outer loop
      vertex 31.6514 38.453 5.6
      vertex 31.6229 38.7063 3
      vertex 31.6229 38.7063 5.6
    endloop
  endfacet
  facet normal 0.99373 0.111809 0
    outer loop
      vertex 31.6229 38.7063 3
      vertex 31.6514 38.453 5.6
      vertex 31.6514 38.453 3
    endloop
  endfacet
  facet normal 0.996399 -0.0847845 0
    outer loop
      vertex 31.6229 38.7063 5.6
      vertex 31.6463 38.9813 3
      vertex 31.6463 38.9813 5.6
    endloop
  endfacet
  facet normal 0.996399 -0.0847845 0
    outer loop
      vertex 31.6463 38.9813 3
      vertex 31.6229 38.7063 5.6
      vertex 31.6229 38.7063 3
    endloop
  endfacet
  facet normal 0.959988 -0.280042 0
    outer loop
      vertex 31.6463 38.9813 5.6
      vertex 31.7234 39.2456 3
      vertex 31.7234 39.2456 5.6
    endloop
  endfacet
  facet normal 0.959988 -0.280042 0
    outer loop
      vertex 31.7234 39.2456 3
      vertex 31.6463 38.9813 5.6
      vertex 31.6463 38.9813 3
    endloop
  endfacet
  facet normal 0.887826 -0.460178 0
    outer loop
      vertex 31.7234 39.2456 5.6
      vertex 31.8493 39.4885 3
      vertex 31.8493 39.4885 5.6
    endloop
  endfacet
  facet normal 0.887826 -0.460178 0
    outer loop
      vertex 31.8493 39.4885 3
      vertex 31.7234 39.2456 5.6
      vertex 31.7234 39.2456 3
    endloop
  endfacet
  facet normal 0.781475 -0.623937 0
    outer loop
      vertex 31.8493 39.4885 5.6
      vertex 32.02 39.7023 3
      vertex 32.02 39.7023 5.6
    endloop
  endfacet
  facet normal 0.781475 -0.623937 0
    outer loop
      vertex 32.02 39.7023 3
      vertex 31.8493 39.4885 5.6
      vertex 31.8493 39.4885 3
    endloop
  endfacet
  facet normal 0.646414 -0.762987 0
    outer loop
      vertex 32.02 39.7023 3
      vertex 32.2301 39.8803 5.6
      vertex 32.02 39.7023 5.6
    endloop
  endfacet
  facet normal 0.646414 -0.762987 0
    outer loop
      vertex 32.2301 39.8803 5.6
      vertex 32.02 39.7023 3
      vertex 32.2301 39.8803 3
    endloop
  endfacet
  facet normal 0.482809 -0.875726 0
    outer loop
      vertex 32.2301 39.8803 3
      vertex 32.4717 40.0135 5.6
      vertex 32.2301 39.8803 5.6
    endloop
  endfacet
  facet normal 0.482809 -0.875726 0
    outer loop
      vertex 32.4717 40.0135 5.6
      vertex 32.2301 39.8803 3
      vertex 32.4717 40.0135 3
    endloop
  endfacet
  facet normal 0.301601 -0.953434 0
    outer loop
      vertex 32.4717 40.0135 3
      vertex 32.7148 40.0904 5.6
      vertex 32.4717 40.0135 5.6
    endloop
  endfacet
  facet normal 0.301601 -0.953434 0
    outer loop
      vertex 32.7148 40.0904 5.6
      vertex 32.4717 40.0135 3
      vertex 32.7148 40.0904 3
    endloop
  endfacet
  facet normal 0.207913 -0.978147 0
    outer loop
      vertex 32.7148 40.0904 3
      vertex 48.3651 43.417 5.6
      vertex 32.7148 40.0904 5.6
    endloop
  endfacet
  facet normal 0.207913 -0.978147 0
    outer loop
      vertex 48.3651 43.417 5.6
      vertex 32.7148 40.0904 3
      vertex 48.3651 43.417 3
    endloop
  endfacet
  facet normal 0.301516 -0.953461 0
    outer loop
      vertex 48.3651 43.417 3
      vertex 48.4957 43.4583 5.6
      vertex 48.3651 43.417 5.6
    endloop
  endfacet
  facet normal 0.301516 -0.953461 0
    outer loop
      vertex 48.4957 43.4583 5.6
      vertex 48.3651 43.417 3
      vertex 48.4957 43.4583 3
    endloop
  endfacet
  facet normal 0.4831 -0.875565 0
    outer loop
      vertex 48.4957 43.4583 3
      vertex 48.5981 43.5148 5.6
      vertex 48.4957 43.4583 5.6
    endloop
  endfacet
  facet normal 0.4831 -0.875565 0
    outer loop
      vertex 48.5981 43.5148 5.6
      vertex 48.4957 43.4583 3
      vertex 48.5981 43.5148 3
    endloop
  endfacet
  facet normal 0.645942 -0.763386 0
    outer loop
      vertex 48.5981 43.5148 3
      vertex 48.6878 43.5907 5.6
      vertex 48.5981 43.5148 5.6
    endloop
  endfacet
  facet normal 0.645942 -0.763386 0
    outer loop
      vertex 48.6878 43.5907 5.6
      vertex 48.5981 43.5148 3
      vertex 48.6878 43.5907 3
    endloop
  endfacet
  facet normal 0.781617 -0.623758 0
    outer loop
      vertex 48.6878 43.5907 5.6
      vertex 48.7609 43.6823 3
      vertex 48.7609 43.6823 5.6
    endloop
  endfacet
  facet normal 0.781617 -0.623758 0
    outer loop
      vertex 48.7609 43.6823 3
      vertex 48.6878 43.5907 5.6
      vertex 48.6878 43.5907 3
    endloop
  endfacet
  facet normal 0.887845 -0.460143 0
    outer loop
      vertex 48.7609 43.6823 5.6
      vertex 48.8148 43.7863 3
      vertex 48.8148 43.7863 5.6
    endloop
  endfacet
  facet normal 0.887845 -0.460143 0
    outer loop
      vertex 48.8148 43.7863 3
      vertex 48.7609 43.6823 5.6
      vertex 48.7609 43.6823 3
    endloop
  endfacet
  facet normal 0.96 -0.28 0
    outer loop
      vertex 48.8148 43.7863 5.6
      vertex 48.8477 43.8991 3
      vertex 48.8477 43.8991 5.6
    endloop
  endfacet
  facet normal 0.96 -0.28 0
    outer loop
      vertex 48.8477 43.8991 3
      vertex 48.8148 43.7863 5.6
      vertex 48.8148 43.7863 3
    endloop
  endfacet
  facet normal 0.996409 -0.0846734 0
    outer loop
      vertex 48.8477 43.8991 5.6
      vertex 48.8576 44.0156 3
      vertex 48.8576 44.0156 5.6
    endloop
  endfacet
  facet normal 0.996409 -0.0846734 0
    outer loop
      vertex 48.8576 44.0156 3
      vertex 48.8477 43.8991 5.6
      vertex 48.8477 43.8991 3
    endloop
  endfacet
  facet normal 0.99375 0.111633 0
    outer loop
      vertex 48.8576 44.0156 5.6
      vertex 48.8423 44.1518 3
      vertex 48.8423 44.1518 5.6
    endloop
  endfacet
  facet normal 0.99375 0.111633 0
    outer loop
      vertex 48.8423 44.1518 3
      vertex 48.8576 44.0156 5.6
      vertex 48.8576 44.0156 3
    endloop
  endfacet
  facet normal 0.978147 0.207915 0
    outer loop
      vertex 48.8423 44.1518 5.6
      vertex 47.8807 48.6757 3
      vertex 47.8807 48.6757 5.6
    endloop
  endfacet
  facet normal 0.978147 0.207915 0
    outer loop
      vertex 47.8807 48.6757 3
      vertex 48.8423 44.1518 5.6
      vertex 48.8423 44.1518 3
    endloop
  endfacet
  facet normal 0.993686 0.112197 0
    outer loop
      vertex 47.8807 48.6757 5.6
      vertex 47.8521 48.929 3
      vertex 47.8521 48.929 5.6
    endloop
  endfacet
  facet normal 0.993686 0.112197 0
    outer loop
      vertex 47.8521 48.929 3
      vertex 47.8807 48.6757 5.6
      vertex 47.8807 48.6757 3
    endloop
  endfacet
  facet normal 0.996397 -0.0848151 0
    outer loop
      vertex 47.8521 48.929 5.6
      vertex 47.8755 49.2039 3
      vertex 47.8755 49.2039 5.6
    endloop
  endfacet
  facet normal 0.996397 -0.0848151 0
    outer loop
      vertex 47.8755 49.2039 3
      vertex 47.8521 48.929 5.6
      vertex 47.8521 48.929 3
    endloop
  endfacet
  facet normal 0.959988 -0.280042 0
    outer loop
      vertex 47.8755 49.2039 5.6
      vertex 47.9526 49.4682 3
      vertex 47.9526 49.4682 5.6
    endloop
  endfacet
  facet normal 0.959988 -0.280042 0
    outer loop
      vertex 47.9526 49.4682 3
      vertex 47.8755 49.2039 5.6
      vertex 47.8755 49.2039 3
    endloop
  endfacet
  facet normal 0.887904 -0.460029 0
    outer loop
      vertex 47.9526 49.4682 5.6
      vertex 48.0785 49.7112 3
      vertex 48.0785 49.7112 5.6
    endloop
  endfacet
  facet normal 0.887904 -0.460029 0
    outer loop
      vertex 48.0785 49.7112 3
      vertex 47.9526 49.4682 5.6
      vertex 47.9526 49.4682 3
    endloop
  endfacet
  facet normal 0.781475 -0.623937 0
    outer loop
      vertex 48.0785 49.7112 5.6
      vertex 48.2492 49.925 3
      vertex 48.2492 49.925 5.6
    endloop
  endfacet
  facet normal 0.781475 -0.623937 0
    outer loop
      vertex 48.2492 49.925 3
      vertex 48.0785 49.7112 5.6
      vertex 48.0785 49.7112 3
    endloop
  endfacet
  facet normal 0.646024 -0.763317 0
    outer loop
      vertex 48.2492 49.925 3
      vertex 48.4594 50.1029 5.6
      vertex 48.2492 49.925 5.6
    endloop
  endfacet
  facet normal 0.646024 -0.763317 0
    outer loop
      vertex 48.4594 50.1029 5.6
      vertex 48.2492 49.925 3
      vertex 48.4594 50.1029 3
    endloop
  endfacet
  facet normal 0.482809 -0.875726 0
    outer loop
      vertex 48.4594 50.1029 3
      vertex 48.701 50.2361 5.6
      vertex 48.4594 50.1029 5.6
    endloop
  endfacet
  facet normal 0.482809 -0.875726 0
    outer loop
      vertex 48.701 50.2361 5.6
      vertex 48.4594 50.1029 3
      vertex 48.701 50.2361 3
    endloop
  endfacet
  facet normal 0.30207 -0.953286 0
    outer loop
      vertex 48.701 50.2361 3
      vertex 48.944 50.3131 5.6
      vertex 48.701 50.2361 5.6
    endloop
  endfacet
  facet normal 0.30207 -0.953286 0
    outer loop
      vertex 48.944 50.3131 5.6
      vertex 48.701 50.2361 3
      vertex 48.944 50.3131 3
    endloop
  endfacet
  facet normal 0.207907 -0.978149 0
    outer loop
      vertex 48.944 50.3131 3
      vertex 56.2801 51.8724 5.6
      vertex 48.944 50.3131 5.6
    endloop
  endfacet
  facet normal 0.207907 -0.978149 0
    outer loop
      vertex 56.2801 51.8724 5.6
      vertex 48.944 50.3131 3
      vertex 56.2801 51.8724 3
    endloop
  endfacet
  facet normal 0.301516 -0.953461 0
    outer loop
      vertex 56.2801 51.8724 3
      vertex 56.4107 51.9137 5.6
      vertex 56.2801 51.8724 5.6
    endloop
  endfacet
  facet normal 0.301516 -0.953461 0
    outer loop
      vertex 56.4107 51.9137 5.6
      vertex 56.2801 51.8724 3
      vertex 56.4107 51.9137 3
    endloop
  endfacet
  facet normal 0.4831 -0.875565 0
    outer loop
      vertex 56.4107 51.9137 3
      vertex 56.5131 51.9702 5.6
      vertex 56.4107 51.9137 5.6
    endloop
  endfacet
  facet normal 0.4831 -0.875565 0
    outer loop
      vertex 56.5131 51.9702 5.6
      vertex 56.4107 51.9137 3
      vertex 56.5131 51.9702 3
    endloop
  endfacet
  facet normal 0.645942 -0.763386 0
    outer loop
      vertex 56.5131 51.9702 3
      vertex 56.6028 52.0461 5.6
      vertex 56.5131 51.9702 5.6
    endloop
  endfacet
  facet normal 0.645942 -0.763386 0
    outer loop
      vertex 56.6028 52.0461 5.6
      vertex 56.5131 51.9702 3
      vertex 56.6028 52.0461 3
    endloop
  endfacet
  facet normal 0.781617 -0.623758 0
    outer loop
      vertex 56.6028 52.0461 5.6
      vertex 56.6759 52.1377 3
      vertex 56.6759 52.1377 5.6
    endloop
  endfacet
  facet normal 0.781617 -0.623758 0
    outer loop
      vertex 56.6759 52.1377 3
      vertex 56.6028 52.0461 5.6
      vertex 56.6028 52.0461 3
    endloop
  endfacet
  facet normal 0.887845 -0.460143 0
    outer loop
      vertex 56.6759 52.1377 5.6
      vertex 56.7298 52.2417 3
      vertex 56.7298 52.2417 5.6
    endloop
  endfacet
  facet normal 0.887845 -0.460143 0
    outer loop
      vertex 56.7298 52.2417 3
      vertex 56.6759 52.1377 5.6
      vertex 56.6759 52.1377 3
    endloop
  endfacet
  facet normal 0.96 -0.28 0
    outer loop
      vertex 56.7298 52.2417 5.6
      vertex 56.7627 52.3545 3
      vertex 56.7627 52.3545 5.6
    endloop
  endfacet
  facet normal 0.96 -0.28 0
    outer loop
      vertex 56.7627 52.3545 3
      vertex 56.7298 52.2417 5.6
      vertex 56.7298 52.2417 3
    endloop
  endfacet
  facet normal 0.996409 -0.0846734 0
    outer loop
      vertex 56.7627 52.3545 5.6
      vertex 56.7726 52.471 3
      vertex 56.7726 52.471 5.6
    endloop
  endfacet
  facet normal 0.996409 -0.0846734 0
    outer loop
      vertex 56.7726 52.471 3
      vertex 56.7627 52.3545 5.6
      vertex 56.7627 52.3545 3
    endloop
  endfacet
  facet normal 0.993668 0.112353 0
    outer loop
      vertex 56.7726 52.471 5.6
      vertex 56.7572 52.6072 3
      vertex 56.7572 52.6072 5.6
    endloop
  endfacet
  facet normal 0.993668 0.112353 0
    outer loop
      vertex 56.7572 52.6072 3
      vertex 56.7726 52.471 5.6
      vertex 56.7726 52.471 3
    endloop
  endfacet
  facet normal 0.978174 0.207787 0
    outer loop
      vertex 56.7572 52.6072 5.6
      vertex 56.6741 52.9984 3
      vertex 56.6741 52.9984 5.6
    endloop
  endfacet
  facet normal 0.978174 0.207787 0
    outer loop
      vertex 56.6741 52.9984 3
      vertex 56.7572 52.6072 5.6
      vertex 56.7572 52.6072 3
    endloop
  endfacet
  facet normal 0.993686 0.112197 0
    outer loop
      vertex 56.6741 52.9984 5.6
      vertex 56.6455 53.2517 3
      vertex 56.6455 53.2517 5.6
    endloop
  endfacet
  facet normal 0.993686 0.112197 0
    outer loop
      vertex 56.6455 53.2517 3
      vertex 56.6741 52.9984 5.6
      vertex 56.6741 52.9984 3
    endloop
  endfacet
  facet normal 0.996397 -0.0848151 0
    outer loop
      vertex 56.6455 53.2517 5.6
      vertex 56.6689 53.5266 3
      vertex 56.6689 53.5266 5.6
    endloop
  endfacet
  facet normal 0.996397 -0.0848151 0
    outer loop
      vertex 56.6689 53.5266 3
      vertex 56.6455 53.2517 5.6
      vertex 56.6455 53.2517 3
    endloop
  endfacet
  facet normal 0.959988 -0.280042 0
    outer loop
      vertex 56.6689 53.5266 5.6
      vertex 56.746 53.7909 3
      vertex 56.746 53.7909 5.6
    endloop
  endfacet
  facet normal 0.959988 -0.280042 0
    outer loop
      vertex 56.746 53.7909 3
      vertex 56.6689 53.5266 5.6
      vertex 56.6689 53.5266 3
    endloop
  endfacet
  facet normal 0.887904 -0.460029 0
    outer loop
      vertex 56.746 53.7909 5.6
      vertex 56.8719 54.0339 3
      vertex 56.8719 54.0339 5.6
    endloop
  endfacet
  facet normal 0.887904 -0.460029 0
    outer loop
      vertex 56.8719 54.0339 3
      vertex 56.746 53.7909 5.6
      vertex 56.746 53.7909 3
    endloop
  endfacet
  facet normal 0.781296 -0.62416 0
    outer loop
      vertex 56.8719 54.0339 5.6
      vertex 57.0427 54.2477 3
      vertex 57.0427 54.2477 5.6
    endloop
  endfacet
  facet normal 0.781296 -0.62416 0
    outer loop
      vertex 57.0427 54.2477 3
      vertex 56.8719 54.0339 5.6
      vertex 56.8719 54.0339 3
    endloop
  endfacet
  facet normal 0.646382 -0.763014 0
    outer loop
      vertex 57.0427 54.2477 3
      vertex 57.2527 54.4256 5.6
      vertex 57.0427 54.2477 5.6
    endloop
  endfacet
  facet normal 0.646382 -0.763014 0
    outer loop
      vertex 57.2527 54.4256 5.6
      vertex 57.0427 54.2477 3
      vertex 57.2527 54.4256 3
    endloop
  endfacet
  facet normal 0.482656 -0.87581 0
    outer loop
      vertex 57.2527 54.4256 3
      vertex 57.4944 54.5588 5.6
      vertex 57.2527 54.4256 5.6
    endloop
  endfacet
  facet normal 0.482656 -0.87581 0
    outer loop
      vertex 57.4944 54.5588 5.6
      vertex 57.2527 54.4256 3
      vertex 57.4944 54.5588 3
    endloop
  endfacet
  facet normal 0.301957 -0.953322 0
    outer loop
      vertex 57.4944 54.5588 3
      vertex 57.7375 54.6358 5.6
      vertex 57.4944 54.5588 5.6
    endloop
  endfacet
  facet normal 0.301957 -0.953322 0
    outer loop
      vertex 57.7375 54.6358 5.6
      vertex 57.4944 54.5588 3
      vertex 57.7375 54.6358 3
    endloop
  endfacet
  facet normal 0.207913 -0.978147 0
    outer loop
      vertex 57.7375 54.6358 3
      vertex 70.4724 57.3427 5.6
      vertex 57.7375 54.6358 5.6
    endloop
  endfacet
  facet normal 0.207913 -0.978147 0
    outer loop
      vertex 70.4724 57.3427 5.6
      vertex 57.7375 54.6358 3
      vertex 70.4724 57.3427 3
    endloop
  endfacet
  facet normal -0.97815 -0.207898 0
    outer loop
      vertex 116.399 -5.2968 3
      vertex 106.156 42.896 5.6
      vertex 106.156 42.896 3
    endloop
  endfacet
  facet normal -0.97815 -0.207898 0
    outer loop
      vertex 106.156 42.896 5.6
      vertex 116.399 -5.2968 3
      vertex 116.399 -5.2968 5.6
    endloop
  endfacet
  facet normal -0.993511 -0.113732 0
    outer loop
      vertex 116.428 -5.55013 3
      vertex 116.399 -5.2968 5.6
      vertex 116.399 -5.2968 3
    endloop
  endfacet
  facet normal -0.993511 -0.113732 0
    outer loop
      vertex 116.399 -5.2968 5.6
      vertex 116.428 -5.55013 3
      vertex 116.428 -5.55013 5.6
    endloop
  endfacet
  facet normal -0.996519 0.0833664 0
    outer loop
      vertex 116.405 -5.82506 3
      vertex 116.428 -5.55013 5.6
      vertex 116.428 -5.55013 3
    endloop
  endfacet
  facet normal -0.996519 0.0833664 0
    outer loop
      vertex 116.428 -5.55013 5.6
      vertex 116.405 -5.82506 3
      vertex 116.405 -5.82506 5.6
    endloop
  endfacet
  facet normal -0.960085 0.279707 0
    outer loop
      vertex 116.328 -6.08936 3
      vertex 116.405 -5.82506 5.6
      vertex 116.405 -5.82506 3
    endloop
  endfacet
  facet normal -0.960085 0.279707 0
    outer loop
      vertex 116.405 -5.82506 5.6
      vertex 116.328 -6.08936 3
      vertex 116.328 -6.08936 5.6
    endloop
  endfacet
  facet normal -0.8877 0.460422 0
    outer loop
      vertex 116.202 -6.33229 3
      vertex 116.328 -6.08936 5.6
      vertex 116.328 -6.08936 3
    endloop
  endfacet
  facet normal -0.8877 0.460422 0
    outer loop
      vertex 116.328 -6.08936 5.6
      vertex 116.202 -6.33229 3
      vertex 116.202 -6.33229 5.6
    endloop
  endfacet
  facet normal -0.780997 0.624535 0
    outer loop
      vertex 116.031 -6.54613 3
      vertex 116.202 -6.33229 5.6
      vertex 116.202 -6.33229 3
    endloop
  endfacet
  facet normal -0.780997 0.624535 0
    outer loop
      vertex 116.202 -6.33229 5.6
      vertex 116.031 -6.54613 3
      vertex 116.031 -6.54613 5.6
    endloop
  endfacet
  facet normal -0.646445 0.76296 0
    outer loop
      vertex 116.031 -6.54613 3
      vertex 115.821 -6.72406 5.6
      vertex 116.031 -6.54613 5.6
    endloop
  endfacet
  facet normal -0.646445 0.76296 0
    outer loop
      vertex 115.821 -6.72406 5.6
      vertex 116.031 -6.54613 3
      vertex 115.821 -6.72406 3
    endloop
  endfacet
  facet normal -0.480796 0.876832 0
    outer loop
      vertex 115.821 -6.72406 3
      vertex 115.761 -6.75696 5.6
      vertex 115.821 -6.72406 5.6
    endloop
  endfacet
  facet normal -0.480796 0.876832 0
    outer loop
      vertex 115.761 -6.75696 5.6
      vertex 115.821 -6.72406 3
      vertex 115.761 -6.75696 3
    endloop
  endfacet
  facet normal -0.830433 -0.557119 0
    outer loop
      vertex 115.915 -6.98651 3
      vertex 115.761 -6.75696 5.6
      vertex 115.761 -6.75696 3
    endloop
  endfacet
  facet normal -0.830433 -0.557119 0
    outer loop
      vertex 115.761 -6.75696 5.6
      vertex 115.915 -6.98651 3
      vertex 115.915 -6.98651 5.6
    endloop
  endfacet
  facet normal -0.92669 -0.375826 0
    outer loop
      vertex 116.023 -7.25281 3
      vertex 115.915 -6.98651 5.6
      vertex 115.915 -6.98651 3
    endloop
  endfacet
  facet normal -0.92669 -0.375826 0
    outer loop
      vertex 115.915 -6.98651 5.6
      vertex 116.023 -7.25281 3
      vertex 116.023 -7.25281 5.6
    endloop
  endfacet
  facet normal -0.984082 -0.177714 0
    outer loop
      vertex 116.074 -7.53522 3
      vertex 116.023 -7.25281 5.6
      vertex 116.023 -7.25281 3
    endloop
  endfacet
  facet normal -0.984082 -0.177714 0
    outer loop
      vertex 116.023 -7.25281 5.6
      vertex 116.074 -7.53522 3
      vertex 116.074 -7.53522 5.6
    endloop
  endfacet
  facet normal -0.999783 0.0208549 0
    outer loop
      vertex 116.068 -7.82286 3
      vertex 116.074 -7.53522 5.6
      vertex 116.074 -7.53522 3
    endloop
  endfacet
  facet normal -0.999783 0.0208549 0
    outer loop
      vertex 116.074 -7.53522 5.6
      vertex 116.068 -7.82286 3
      vertex 116.068 -7.82286 5.6
    endloop
  endfacet
  facet normal -0.972467 0.233039 0
    outer loop
      vertex 116.001 -8.10245 3
      vertex 116.068 -7.82286 5.6
      vertex 116.068 -7.82286 3
    endloop
  endfacet
  facet normal -0.972467 0.233039 0
    outer loop
      vertex 116.068 -7.82286 5.6
      vertex 116.001 -8.10245 3
      vertex 116.001 -8.10245 5.6
    endloop
  endfacet
  facet normal -0.907664 0.419697 0
    outer loop
      vertex 115.881 -8.36197 3
      vertex 116.001 -8.10245 5.6
      vertex 116.001 -8.10245 3
    endloop
  endfacet
  facet normal -0.907664 0.419697 0
    outer loop
      vertex 116.001 -8.10245 5.6
      vertex 115.881 -8.36197 3
      vertex 115.881 -8.36197 5.6
    endloop
  endfacet
  facet normal -0.803137 0.595794 0
    outer loop
      vertex 115.71 -8.59248 3
      vertex 115.881 -8.36197 5.6
      vertex 115.881 -8.36197 3
    endloop
  endfacet
  facet normal -0.803137 0.595794 0
    outer loop
      vertex 115.881 -8.36197 5.6
      vertex 115.71 -8.59248 3
      vertex 115.71 -8.59248 5.6
    endloop
  endfacet
  facet normal -0.661488 0.749955 0
    outer loop
      vertex 115.71 -8.59248 3
      vertex 115.494 -8.783 5.6
      vertex 115.71 -8.59248 5.6
    endloop
  endfacet
  facet normal -0.661488 0.749955 0
    outer loop
      vertex 115.494 -8.783 5.6
      vertex 115.71 -8.59248 3
      vertex 115.494 -8.783 3
    endloop
  endfacet
  facet normal -0.498231 0.867044 0
    outer loop
      vertex 115.494 -8.783 3
      vertex 115.263 -8.91574 5.6
      vertex 115.494 -8.783 5.6
    endloop
  endfacet
  facet normal -0.498231 0.867044 0
    outer loop
      vertex 115.263 -8.91574 5.6
      vertex 115.494 -8.783 3
      vertex 115.263 -8.91574 3
    endloop
  endfacet
  facet normal -0.405381 0.914148 0
    outer loop
      vertex 115.263 -8.91574 3
      vertex 100.917 -15.2775 5.6
      vertex 115.263 -8.91574 5.6
    endloop
  endfacet
  facet normal -0.405381 0.914148 0
    outer loop
      vertex 100.917 -15.2775 5.6
      vertex 115.263 -8.91574 3
      vertex 100.917 -15.2775 3
    endloop
  endfacet
  facet normal -0.49988 0.866095 0
    outer loop
      vertex 100.917 -15.2775 3
      vertex 100.79 -15.3508 5.6
      vertex 100.917 -15.2775 5.6
    endloop
  endfacet
  facet normal -0.49988 0.866095 0
    outer loop
      vertex 100.79 -15.3508 5.6
      vertex 100.917 -15.2775 3
      vertex 100.79 -15.3508 3
    endloop
  endfacet
  facet normal -0.672475 0.74012 0
    outer loop
      vertex 100.79 -15.3508 3
      vertex 100.697 -15.4353 5.6
      vertex 100.79 -15.3508 5.6
    endloop
  endfacet
  facet normal -0.672475 0.74012 0
    outer loop
      vertex 100.697 -15.4353 5.6
      vertex 100.79 -15.3508 3
      vertex 100.697 -15.4353 3
    endloop
  endfacet
  facet normal -0.80921 0.587519 0
    outer loop
      vertex 100.622 -15.5386 3
      vertex 100.697 -15.4353 5.6
      vertex 100.697 -15.4353 3
    endloop
  endfacet
  facet normal -0.80921 0.587519 0
    outer loop
      vertex 100.697 -15.4353 5.6
      vertex 100.622 -15.5386 3
      vertex 100.622 -15.5386 5.6
    endloop
  endfacet
  facet normal -0.916304 0.400483 0
    outer loop
      vertex 100.572 -15.653 3
      vertex 100.622 -15.5386 5.6
      vertex 100.622 -15.5386 3
    endloop
  endfacet
  facet normal -0.916304 0.400483 0
    outer loop
      vertex 100.622 -15.5386 5.6
      vertex 100.572 -15.653 3
      vertex 100.572 -15.653 5.6
    endloop
  endfacet
  facet normal -0.979278 0.202519 0
    outer loop
      vertex 100.541 -15.8029 3
      vertex 100.572 -15.653 5.6
      vertex 100.572 -15.653 3
    endloop
  endfacet
  facet normal -0.979278 0.202519 0
    outer loop
      vertex 100.572 -15.653 5.6
      vertex 100.541 -15.8029 3
      vertex 100.541 -15.8029 5.6
    endloop
  endfacet
  facet normal -0.992522 0.122064 0
    outer loop
      vertex 100.448 -16.5591 3
      vertex 100.541 -15.8029 5.6
      vertex 100.541 -15.8029 3
    endloop
  endfacet
  facet normal -0.992522 0.122064 0
    outer loop
      vertex 100.541 -15.8029 5.6
      vertex 100.448 -16.5591 3
      vertex 100.448 -16.5591 5.6
    endloop
  endfacet
  facet normal -0.98498 0.17267 0
    outer loop
      vertex 100.312 -17.3349 3
      vertex 100.448 -16.5591 5.6
      vertex 100.448 -16.5591 3
    endloop
  endfacet
  facet normal -0.98498 0.17267 0
    outer loop
      vertex 100.448 -16.5591 5.6
      vertex 100.312 -17.3349 3
      vertex 100.312 -17.3349 5.6
    endloop
  endfacet
  facet normal -0.97391 0.226933 0
    outer loop
      vertex 100.133 -18.1031 3
      vertex 100.312 -17.3349 5.6
      vertex 100.312 -17.3349 3
    endloop
  endfacet
  facet normal -0.97391 0.226933 0
    outer loop
      vertex 100.312 -17.3349 5.6
      vertex 100.133 -18.1031 3
      vertex 100.133 -18.1031 5.6
    endloop
  endfacet
  facet normal -0.960932 0.276784 0
    outer loop
      vertex 99.9151 -18.8596 3
      vertex 100.133 -18.1031 5.6
      vertex 100.133 -18.1031 3
    endloop
  endfacet
  facet normal -0.960932 0.276784 0
    outer loop
      vertex 100.133 -18.1031 5.6
      vertex 99.9151 -18.8596 3
      vertex 99.9151 -18.8596 5.6
    endloop
  endfacet
  facet normal -0.945071 0.326866 0
    outer loop
      vertex 99.6575 -19.6044 3
      vertex 99.9151 -18.8596 5.6
      vertex 99.9151 -18.8596 3
    endloop
  endfacet
  facet normal -0.945071 0.326866 0
    outer loop
      vertex 99.9151 -18.8596 5.6
      vertex 99.6575 -19.6044 3
      vertex 99.6575 -19.6044 5.6
    endloop
  endfacet
  facet normal -0.926522 0.376241 0
    outer loop
      vertex 99.3609 -20.3348 3
      vertex 99.6575 -19.6044 5.6
      vertex 99.6575 -19.6044 3
    endloop
  endfacet
  facet normal -0.926522 0.376241 0
    outer loop
      vertex 99.6575 -19.6044 5.6
      vertex 99.3609 -20.3348 3
      vertex 99.3609 -20.3348 5.6
    endloop
  endfacet
  facet normal -0.904681 0.42609 0
    outer loop
      vertex 99.0249 -21.0482 3
      vertex 99.3609 -20.3348 5.6
      vertex 99.3609 -20.3348 3
    endloop
  endfacet
  facet normal -0.904681 0.42609 0
    outer loop
      vertex 99.3609 -20.3348 5.6
      vertex 99.0249 -21.0482 3
      vertex 99.0249 -21.0482 5.6
    endloop
  endfacet
  facet normal -0.881041 0.473039 0
    outer loop
      vertex 98.6525 -21.7418 3
      vertex 99.0249 -21.0482 5.6
      vertex 99.0249 -21.0482 3
    endloop
  endfacet
  facet normal -0.881041 0.473039 0
    outer loop
      vertex 99.0249 -21.0482 5.6
      vertex 98.6525 -21.7418 3
      vertex 98.6525 -21.7418 5.6
    endloop
  endfacet
  facet normal -0.855302 0.51813 0
    outer loop
      vertex 98.2442 -22.4158 3
      vertex 98.6525 -21.7418 5.6
      vertex 98.6525 -21.7418 3
    endloop
  endfacet
  facet normal -0.855302 0.51813 0
    outer loop
      vertex 98.6525 -21.7418 5.6
      vertex 98.2442 -22.4158 3
      vertex 98.2442 -22.4158 5.6
    endloop
  endfacet
  facet normal -0.826405 0.563077 0
    outer loop
      vertex 97.8005 -23.067 3
      vertex 98.2442 -22.4158 5.6
      vertex 98.2442 -22.4158 3
    endloop
  endfacet
  facet normal -0.826405 0.563077 0
    outer loop
      vertex 98.2442 -22.4158 5.6
      vertex 97.8005 -23.067 3
      vertex 97.8005 -23.067 5.6
    endloop
  endfacet
  facet normal -0.795149 0.606414 0
    outer loop
      vertex 97.3224 -23.6939 3
      vertex 97.8005 -23.067 5.6
      vertex 97.8005 -23.067 3
    endloop
  endfacet
  facet normal -0.795149 0.606414 0
    outer loop
      vertex 97.8005 -23.067 5.6
      vertex 97.3224 -23.6939 3
      vertex 97.3224 -23.6939 5.6
    endloop
  endfacet
  facet normal -0.762534 0.646948 0
    outer loop
      vertex 96.8125 -24.2949 3
      vertex 97.3224 -23.6939 5.6
      vertex 97.3224 -23.6939 3
    endloop
  endfacet
  facet normal -0.762534 0.646948 0
    outer loop
      vertex 97.3224 -23.6939 5.6
      vertex 96.8125 -24.2949 3
      vertex 96.8125 -24.2949 5.6
    endloop
  endfacet
  facet normal -0.727115 0.686515 0
    outer loop
      vertex 96.2714 -24.868 3
      vertex 96.8125 -24.2949 5.6
      vertex 96.8125 -24.2949 3
    endloop
  endfacet
  facet normal -0.727115 0.686515 0
    outer loop
      vertex 96.8125 -24.2949 5.6
      vertex 96.2714 -24.868 3
      vertex 96.2714 -24.868 5.6
    endloop
  endfacet
  facet normal -0.689829 0.723972 0
    outer loop
      vertex 96.2714 -24.868 3
      vertex 95.701 -25.4115 5.6
      vertex 96.2714 -24.868 5.6
    endloop
  endfacet
  facet normal -0.689829 0.723972 0
    outer loop
      vertex 95.701 -25.4115 5.6
      vertex 96.2714 -24.868 3
      vertex 95.701 -25.4115 3
    endloop
  endfacet
  facet normal -0.650812 0.759239 0
    outer loop
      vertex 95.701 -25.4115 3
      vertex 95.103 -25.9241 5.6
      vertex 95.701 -25.4115 5.6
    endloop
  endfacet
  facet normal -0.650812 0.759239 0
    outer loop
      vertex 95.103 -25.9241 5.6
      vertex 95.701 -25.4115 3
      vertex 95.103 -25.9241 3
    endloop
  endfacet
  facet normal -0.609656 0.792666 0
    outer loop
      vertex 95.103 -25.9241 3
      vertex 94.478 -26.4048 5.6
      vertex 95.103 -25.9241 5.6
    endloop
  endfacet
  facet normal -0.609656 0.792666 0
    outer loop
      vertex 94.478 -26.4048 5.6
      vertex 95.103 -25.9241 3
      vertex 94.478 -26.4048 3
    endloop
  endfacet
  facet normal -0.566135 0.824312 0
    outer loop
      vertex 94.478 -26.4048 3
      vertex 93.8289 -26.8506 5.6
      vertex 94.478 -26.4048 5.6
    endloop
  endfacet
  facet normal -0.566135 0.824312 0
    outer loop
      vertex 93.8289 -26.8506 5.6
      vertex 94.478 -26.4048 3
      vertex 93.8289 -26.8506 3
    endloop
  endfacet
  facet normal -0.522517 0.852629 0
    outer loop
      vertex 93.8289 -26.8506 3
      vertex 93.1571 -27.2623 5.6
      vertex 93.8289 -26.8506 5.6
    endloop
  endfacet
  facet normal -0.522517 0.852629 0
    outer loop
      vertex 93.1571 -27.2623 5.6
      vertex 93.8289 -26.8506 3
      vertex 93.1571 -27.2623 3
    endloop
  endfacet
  facet normal -0.477083 0.878858 0
    outer loop
      vertex 93.1571 -27.2623 3
      vertex 92.4639 -27.6386 5.6
      vertex 93.1571 -27.2623 5.6
    endloop
  endfacet
  facet normal -0.477083 0.878858 0
    outer loop
      vertex 92.4639 -27.6386 5.6
      vertex 93.1571 -27.2623 3
      vertex 92.4639 -27.6386 3
    endloop
  endfacet
  facet normal -0.429264 0.903179 0
    outer loop
      vertex 92.4639 -27.6386 3
      vertex 91.7519 -27.977 5.6
      vertex 92.4639 -27.6386 5.6
    endloop
  endfacet
  facet normal -0.429264 0.903179 0
    outer loop
      vertex 91.7519 -27.977 5.6
      vertex 92.4639 -27.6386 3
      vertex 91.7519 -27.977 3
    endloop
  endfacet
  facet normal -0.380673 0.92471 0
    outer loop
      vertex 91.7519 -27.977 3
      vertex 91.0234 -28.2769 5.6
      vertex 91.7519 -27.977 5.6
    endloop
  endfacet
  facet normal -0.380673 0.92471 0
    outer loop
      vertex 91.0234 -28.2769 5.6
      vertex 91.7519 -27.977 3
      vertex 91.0234 -28.2769 3
    endloop
  endfacet
  facet normal -0.331068 0.943607 0
    outer loop
      vertex 91.0234 -28.2769 3
      vertex 90.2795 -28.5379 5.6
      vertex 91.0234 -28.2769 5.6
    endloop
  endfacet
  facet normal -0.331068 0.943607 0
    outer loop
      vertex 90.2795 -28.5379 5.6
      vertex 91.0234 -28.2769 3
      vertex 90.2795 -28.5379 3
    endloop
  endfacet
  facet normal -0.28141 0.959588 0
    outer loop
      vertex 90.2795 -28.5379 3
      vertex 89.5242 -28.7594 5.6
      vertex 90.2795 -28.5379 5.6
    endloop
  endfacet
  facet normal -0.28141 0.959588 0
    outer loop
      vertex 89.5242 -28.7594 5.6
      vertex 90.2795 -28.5379 3
      vertex 89.5242 -28.7594 3
    endloop
  endfacet
  facet normal -0.230849 0.97299 0
    outer loop
      vertex 89.5242 -28.7594 3
      vertex 88.7571 -28.9414 5.6
      vertex 89.5242 -28.7594 5.6
    endloop
  endfacet
  facet normal -0.230849 0.97299 0
    outer loop
      vertex 88.7571 -28.9414 5.6
      vertex 89.5242 -28.7594 3
      vertex 88.7571 -28.9414 3
    endloop
  endfacet
  facet normal -0.17836 0.983965 0
    outer loop
      vertex 88.7571 -28.9414 3
      vertex 87.982 -29.0819 5.6
      vertex 88.7571 -28.9414 5.6
    endloop
  endfacet
  facet normal -0.17836 0.983965 0
    outer loop
      vertex 87.982 -29.0819 5.6
      vertex 88.7571 -28.9414 3
      vertex 87.982 -29.0819 3
    endloop
  endfacet
  facet normal -0.125626 0.992078 0
    outer loop
      vertex 87.982 -29.0819 3
      vertex 87.1994 -29.181 5.6
      vertex 87.982 -29.0819 5.6
    endloop
  endfacet
  facet normal -0.125626 0.992078 0
    outer loop
      vertex 87.1994 -29.181 5.6
      vertex 87.982 -29.0819 3
      vertex 87.1994 -29.181 3
    endloop
  endfacet
  facet normal -0.0734558 0.997298 0
    outer loop
      vertex 87.1994 -29.181 3
      vertex 86.4133 -29.2389 5.6
      vertex 87.1994 -29.181 5.6
    endloop
  endfacet
  facet normal -0.0734558 0.997298 0
    outer loop
      vertex 86.4133 -29.2389 5.6
      vertex 87.1994 -29.181 3
      vertex 86.4133 -29.2389 3
    endloop
  endfacet
  facet normal -0.0204402 0.999791 0
    outer loop
      vertex 86.4133 -29.2389 3
      vertex 85.6258 -29.255 5.6
      vertex 86.4133 -29.2389 5.6
    endloop
  endfacet
  facet normal -0.0204402 0.999791 0
    outer loop
      vertex 85.6258 -29.255 5.6
      vertex 86.4133 -29.2389 3
      vertex 85.6258 -29.255 3
    endloop
  endfacet
  facet normal 0.0317502 0.999496 -0
    outer loop
      vertex 85.6258 -29.255 3
      vertex 84.8388 -29.23 5.6
      vertex 85.6258 -29.255 5.6
    endloop
  endfacet
  facet normal 0.0317502 0.999496 0
    outer loop
      vertex 84.8388 -29.23 5.6
      vertex 85.6258 -29.255 3
      vertex 84.8388 -29.23 3
    endloop
  endfacet
  facet normal 0.0853652 0.99635 -0
    outer loop
      vertex 84.8388 -29.23 3
      vertex 84.0533 -29.1627 5.6
      vertex 84.8388 -29.23 5.6
    endloop
  endfacet
  facet normal 0.0853652 0.99635 0
    outer loop
      vertex 84.0533 -29.1627 5.6
      vertex 84.8388 -29.23 3
      vertex 84.0533 -29.1627 3
    endloop
  endfacet
  facet normal 0.137475 0.990505 -0
    outer loop
      vertex 84.0533 -29.1627 3
      vertex 83.273 -29.0544 5.6
      vertex 84.0533 -29.1627 5.6
    endloop
  endfacet
  facet normal 0.137475 0.990505 0
    outer loop
      vertex 83.273 -29.0544 5.6
      vertex 84.0533 -29.1627 3
      vertex 83.273 -29.0544 3
    endloop
  endfacet
  facet normal 0.189506 0.98188 -0
    outer loop
      vertex 83.273 -29.0544 3
      vertex 82.4984 -28.9049 5.6
      vertex 83.273 -29.0544 5.6
    endloop
  endfacet
  facet normal 0.189506 0.98188 0
    outer loop
      vertex 82.4984 -28.9049 5.6
      vertex 83.273 -29.0544 3
      vertex 82.4984 -28.9049 3
    endloop
  endfacet
  facet normal 0.241878 0.970307 -0
    outer loop
      vertex 82.4984 -28.9049 3
      vertex 81.7342 -28.7144 5.6
      vertex 82.4984 -28.9049 5.6
    endloop
  endfacet
  facet normal 0.241878 0.970307 0
    outer loop
      vertex 81.7342 -28.7144 5.6
      vertex 82.4984 -28.9049 3
      vertex 81.7342 -28.7144 3
    endloop
  endfacet
  facet normal 0.291293 0.956634 -0
    outer loop
      vertex 81.7342 -28.7144 3
      vertex 80.9805 -28.4849 5.6
      vertex 81.7342 -28.7144 5.6
    endloop
  endfacet
  facet normal 0.291293 0.956634 0
    outer loop
      vertex 80.9805 -28.4849 5.6
      vertex 81.7342 -28.7144 3
      vertex 80.9805 -28.4849 3
    endloop
  endfacet
  facet normal 0.342894 0.939374 -0
    outer loop
      vertex 80.9805 -28.4849 3
      vertex 80.24 -28.2146 5.6
      vertex 80.9805 -28.4849 5.6
    endloop
  endfacet
  facet normal 0.342894 0.939374 0
    outer loop
      vertex 80.24 -28.2146 5.6
      vertex 80.9805 -28.4849 3
      vertex 80.24 -28.2146 3
    endloop
  endfacet
  facet normal 0.391959 0.919982 -0
    outer loop
      vertex 80.24 -28.2146 3
      vertex 79.5145 -27.9055 5.6
      vertex 80.24 -28.2146 5.6
    endloop
  endfacet
  facet normal 0.391959 0.919982 0
    outer loop
      vertex 79.5145 -27.9055 5.6
      vertex 80.24 -28.2146 3
      vertex 79.5145 -27.9055 3
    endloop
  endfacet
  facet normal 0.440189 0.897905 -0
    outer loop
      vertex 79.5145 -27.9055 3
      vertex 78.8075 -27.5589 5.6
      vertex 79.5145 -27.9055 5.6
    endloop
  endfacet
  facet normal 0.440189 0.897905 0
    outer loop
      vertex 78.8075 -27.5589 5.6
      vertex 79.5145 -27.9055 3
      vertex 78.8075 -27.5589 3
    endloop
  endfacet
  facet normal 0.486074 0.873918 -0
    outer loop
      vertex 78.8075 -27.5589 3
      vertex 78.1189 -27.1759 5.6
      vertex 78.8075 -27.5589 5.6
    endloop
  endfacet
  facet normal 0.486074 0.873918 0
    outer loop
      vertex 78.1189 -27.1759 5.6
      vertex 78.8075 -27.5589 3
      vertex 78.1189 -27.1759 3
    endloop
  endfacet
  facet normal 0.532244 0.846591 -0
    outer loop
      vertex 78.1189 -27.1759 3
      vertex 77.4518 -26.7565 5.6
      vertex 78.1189 -27.1759 5.6
    endloop
  endfacet
  facet normal 0.532244 0.846591 0
    outer loop
      vertex 77.4518 -26.7565 5.6
      vertex 78.1189 -27.1759 3
      vertex 77.4518 -26.7565 3
    endloop
  endfacet
  facet normal 0.576719 0.816942 -0
    outer loop
      vertex 77.4518 -26.7565 3
      vertex 76.8298 -26.3174 5.6
      vertex 77.4518 -26.7565 5.6
    endloop
  endfacet
  facet normal 0.576719 0.816942 0
    outer loop
      vertex 76.8298 -26.3174 5.6
      vertex 77.4518 -26.7565 3
      vertex 76.8298 -26.3174 3
    endloop
  endfacet
  facet normal 0.507363 0.861732 -0
    outer loop
      vertex 76.8298 -26.3174 3
      vertex 76.698 -26.2398 5.6
      vertex 76.8298 -26.3174 5.6
    endloop
  endfacet
  facet normal 0.507363 0.861732 0
    outer loop
      vertex 76.698 -26.2398 5.6
      vertex 76.8298 -26.3174 3
      vertex 76.698 -26.2398 3
    endloop
  endfacet
  facet normal 0.3167 0.948526 -0
    outer loop
      vertex 76.698 -26.2398 3
      vertex 76.5776 -26.1996 5.6
      vertex 76.698 -26.2398 5.6
    endloop
  endfacet
  facet normal 0.3167 0.948526 0
    outer loop
      vertex 76.5776 -26.1996 5.6
      vertex 76.698 -26.2398 3
      vertex 76.5776 -26.1996 3
    endloop
  endfacet
  facet normal 0.113301 0.993561 -0
    outer loop
      vertex 76.5776 -26.1996 3
      vertex 76.4522 -26.1853 5.6
      vertex 76.5776 -26.1996 5.6
    endloop
  endfacet
  facet normal 0.113301 0.993561 0
    outer loop
      vertex 76.4522 -26.1853 5.6
      vertex 76.5776 -26.1996 3
      vertex 76.4522 -26.1853 3
    endloop
  endfacet
  facet normal -0.0996616 0.995021 0
    outer loop
      vertex 76.4522 -26.1853 3
      vertex 76.3274 -26.1978 5.6
      vertex 76.4522 -26.1853 5.6
    endloop
  endfacet
  facet normal -0.0996616 0.995021 0
    outer loop
      vertex 76.3274 -26.1978 5.6
      vertex 76.4522 -26.1853 3
      vertex 76.3274 -26.1978 3
    endloop
  endfacet
  facet normal -0.309101 0.951029 0
    outer loop
      vertex 76.3274 -26.1978 3
      vertex 76.1871 -26.2434 5.6
      vertex 76.3274 -26.1978 5.6
    endloop
  endfacet
  facet normal -0.309101 0.951029 0
    outer loop
      vertex 76.1871 -26.2434 5.6
      vertex 76.3274 -26.1978 3
      vertex 76.1871 -26.2434 3
    endloop
  endfacet
  facet normal -0.405355 0.914159 0
    outer loop
      vertex 76.1871 -26.2434 3
      vertex 48.0708 -38.7107 5.6
      vertex 76.1871 -26.2434 5.6
    endloop
  endfacet
  facet normal -0.405355 0.914159 0
    outer loop
      vertex 48.0708 -38.7107 5.6
      vertex 76.1871 -26.2434 3
      vertex 48.0708 -38.7107 3
    endloop
  endfacet
  facet normal -0.303935 0.952693 0
    outer loop
      vertex 48.0708 -38.7107 3
      vertex 47.8075 -38.7947 5.6
      vertex 48.0708 -38.7107 5.6
    endloop
  endfacet
  facet normal -0.303935 0.952693 0
    outer loop
      vertex 47.8075 -38.7947 5.6
      vertex 48.0708 -38.7107 3
      vertex 47.8075 -38.7947 3
    endloop
  endfacet
  facet normal -0.0964848 0.995334 0
    outer loop
      vertex 47.8075 -38.7947 3
      vertex 47.5104 -38.8235 5.6
      vertex 47.8075 -38.7947 5.6
    endloop
  endfacet
  facet normal -0.0964848 0.995334 0
    outer loop
      vertex 47.5104 -38.8235 5.6
      vertex 47.8075 -38.7947 3
      vertex 47.5104 -38.8235 3
    endloop
  endfacet
  facet normal 0.115103 0.993354 -0
    outer loop
      vertex 47.5104 -38.8235 3
      vertex 47.2351 -38.7916 5.6
      vertex 47.5104 -38.8235 5.6
    endloop
  endfacet
  facet normal 0.115103 0.993354 0
    outer loop
      vertex 47.2351 -38.7916 5.6
      vertex 47.5104 -38.8235 3
      vertex 47.2351 -38.7916 3
    endloop
  endfacet
  facet normal 0.220477 0.975392 -0
    outer loop
      vertex 47.2351 -38.7916 3
      vertex 37.9951 -36.703 5.6
      vertex 47.2351 -38.7916 5.6
    endloop
  endfacet
  facet normal 0.220477 0.975392 0
    outer loop
      vertex 37.9951 -36.703 5.6
      vertex 47.2351 -38.7916 3
      vertex 37.9951 -36.703 3
    endloop
  endfacet
  facet normal 0.103683 0.99461 -0
    outer loop
      vertex 37.9951 -36.703 3
      vertex 37.8349 -36.6863 5.6
      vertex 37.9951 -36.703 5.6
    endloop
  endfacet
  facet normal 0.103683 0.99461 0
    outer loop
      vertex 37.8349 -36.6863 5.6
      vertex 37.9951 -36.703 3
      vertex 37.8349 -36.6863 3
    endloop
  endfacet
  facet normal -0.122342 0.992488 0
    outer loop
      vertex 37.8349 -36.6863 3
      vertex 37.6978 -36.7032 5.6
      vertex 37.8349 -36.6863 5.6
    endloop
  endfacet
  facet normal -0.122342 0.992488 0
    outer loop
      vertex 37.6978 -36.7032 5.6
      vertex 37.8349 -36.6863 3
      vertex 37.6978 -36.7032 3
    endloop
  endfacet
  facet normal -0.350307 0.936635 0
    outer loop
      vertex 37.6978 -36.7032 3
      vertex 37.547 -36.7596 5.6
      vertex 37.6978 -36.7032 5.6
    endloop
  endfacet
  facet normal -0.350307 0.936635 0
    outer loop
      vertex 37.547 -36.7596 5.6
      vertex 37.6978 -36.7032 3
      vertex 37.547 -36.7596 3
    endloop
  endfacet
  facet normal -0.45253 0.891749 0
    outer loop
      vertex 37.547 -36.7596 3
      vertex 37.2656 -36.9024 5.6
      vertex 37.547 -36.7596 5.6
    endloop
  endfacet
  facet normal -0.45253 0.891749 0
    outer loop
      vertex 37.2656 -36.9024 5.6
      vertex 37.547 -36.7596 3
      vertex 37.2656 -36.9024 3
    endloop
  endfacet
  facet normal -0.364414 0.931237 0
    outer loop
      vertex 37.2656 -36.9024 3
      vertex 37.0282 -36.9953 5.6
      vertex 37.2656 -36.9024 5.6
    endloop
  endfacet
  facet normal -0.364414 0.931237 0
    outer loop
      vertex 37.0282 -36.9953 5.6
      vertex 37.2656 -36.9024 3
      vertex 37.0282 -36.9953 3
    endloop
  endfacet
  facet normal -0.177639 0.984096 0
    outer loop
      vertex 37.0282 -36.9953 3
      vertex 36.7573 -37.0442 5.6
      vertex 37.0282 -36.9953 5.6
    endloop
  endfacet
  facet normal -0.177639 0.984096 0
    outer loop
      vertex 36.7573 -37.0442 5.6
      vertex 37.0282 -36.9953 3
      vertex 36.7573 -37.0442 3
    endloop
  endfacet
  facet normal 0.0217576 0.999763 -0
    outer loop
      vertex 36.7573 -37.0442 3
      vertex 36.4816 -37.0382 5.6
      vertex 36.7573 -37.0442 5.6
    endloop
  endfacet
  facet normal 0.0217576 0.999763 0
    outer loop
      vertex 36.4816 -37.0382 5.6
      vertex 36.7573 -37.0442 3
      vertex 36.4816 -37.0382 3
    endloop
  endfacet
  facet normal 0.215769 0.976445 -0
    outer loop
      vertex 36.4816 -37.0382 3
      vertex 36.2146 -36.9792 5.6
      vertex 36.4816 -37.0382 5.6
    endloop
  endfacet
  facet normal 0.215769 0.976445 0
    outer loop
      vertex 36.2146 -36.9792 5.6
      vertex 36.4816 -37.0382 3
      vertex 36.2146 -36.9792 3
    endloop
  endfacet
  facet normal 0.398393 0.917215 -0
    outer loop
      vertex 36.2146 -36.9792 3
      vertex 35.9625 -36.8697 5.6
      vertex 36.2146 -36.9792 5.6
    endloop
  endfacet
  facet normal 0.398393 0.917215 0
    outer loop
      vertex 35.9625 -36.8697 5.6
      vertex 36.2146 -36.9792 3
      vertex 35.9625 -36.8697 3
    endloop
  endfacet
  facet normal 0.571756 0.820424 -0
    outer loop
      vertex 35.9625 -36.8697 3
      vertex 35.7365 -36.7122 5.6
      vertex 35.9625 -36.8697 5.6
    endloop
  endfacet
  facet normal 0.571756 0.820424 0
    outer loop
      vertex 35.7365 -36.7122 5.6
      vertex 35.9625 -36.8697 3
      vertex 35.7365 -36.7122 3
    endloop
  endfacet
  facet normal 0.721351 0.69257 0
    outer loop
      vertex 35.7365 -36.7122 5.6
      vertex 35.5464 -36.5142 3
      vertex 35.5464 -36.5142 5.6
    endloop
  endfacet
  facet normal 0.721351 0.69257 0
    outer loop
      vertex 35.5464 -36.5142 3
      vertex 35.7365 -36.7122 5.6
      vertex 35.7365 -36.7122 3
    endloop
  endfacet
  facet normal 0.842918 0.538041 0
    outer loop
      vertex 35.5464 -36.5142 5.6
      vertex 35.4091 -36.2991 3
      vertex 35.4091 -36.2991 5.6
    endloop
  endfacet
  facet normal 0.842918 0.538041 0
    outer loop
      vertex 35.4091 -36.2991 3
      vertex 35.5464 -36.5142 5.6
      vertex 35.5464 -36.5142 3
    endloop
  endfacet
  facet normal 0.890541 0.454903 0
    outer loop
      vertex 35.4091 -36.2991 5.6
      vertex 35.3052 -36.0957 3
      vertex 35.3052 -36.0957 5.6
    endloop
  endfacet
  facet normal 0.890541 0.454903 0
    outer loop
      vertex 35.3052 -36.0957 3
      vertex 35.4091 -36.2991 5.6
      vertex 35.4091 -36.2991 3
    endloop
  endfacet
  facet normal 0.220358 0.975419 -0
    outer loop
      vertex 35.3052 -36.0957 3
      vertex 31.9229 -35.3316 5.6
      vertex 35.3052 -36.0957 5.6
    endloop
  endfacet
  facet normal 0.220358 0.975419 0
    outer loop
      vertex 31.9229 -35.3316 5.6
      vertex 35.3052 -36.0957 3
      vertex 31.9229 -35.3316 3
    endloop
  endfacet
  facet normal 0.127259 0.99187 -0
    outer loop
      vertex 31.9229 -35.3316 3
      vertex 31.7904 -35.3146 5.6
      vertex 31.9229 -35.3316 5.6
    endloop
  endfacet
  facet normal 0.127259 0.99187 0
    outer loop
      vertex 31.7904 -35.3146 5.6
      vertex 31.9229 -35.3316 3
      vertex 31.7904 -35.3146 3
    endloop
  endfacet
  facet normal -0.0622691 0.998059 0
    outer loop
      vertex 31.7904 -35.3146 3
      vertex 31.6766 -35.3217 5.6
      vertex 31.7904 -35.3146 5.6
    endloop
  endfacet
  facet normal -0.0622691 0.998059 0
    outer loop
      vertex 31.6766 -35.3217 5.6
      vertex 31.7904 -35.3146 3
      vertex 31.6766 -35.3217 3
    endloop
  endfacet
  facet normal -0.25458 0.967052 0
    outer loop
      vertex 31.6766 -35.3217 3
      vertex 31.5672 -35.3505 5.6
      vertex 31.6766 -35.3217 5.6
    endloop
  endfacet
  facet normal -0.25458 0.967052 0
    outer loop
      vertex 31.5672 -35.3505 5.6
      vertex 31.6766 -35.3217 3
      vertex 31.5672 -35.3505 3
    endloop
  endfacet
  facet normal -0.431825 0.901957 0
    outer loop
      vertex 31.5672 -35.3505 3
      vertex 31.4636 -35.4001 5.6
      vertex 31.5672 -35.3505 5.6
    endloop
  endfacet
  facet normal -0.431825 0.901957 0
    outer loop
      vertex 31.4636 -35.4001 5.6
      vertex 31.5672 -35.3505 3
      vertex 31.4636 -35.4001 3
    endloop
  endfacet
  facet normal -0.595408 0.803424 0
    outer loop
      vertex 31.4636 -35.4001 3
      vertex 31.357 -35.4791 5.6
      vertex 31.4636 -35.4001 5.6
    endloop
  endfacet
  facet normal -0.595408 0.803424 0
    outer loop
      vertex 31.357 -35.4791 5.6
      vertex 31.4636 -35.4001 3
      vertex 31.357 -35.4791 3
    endloop
  endfacet
  facet normal -0.669116 0.743158 0
    outer loop
      vertex 31.357 -35.4791 3
      vertex 20.9577 -44.8423 5.6
      vertex 31.357 -35.4791 5.6
    endloop
  endfacet
  facet normal -0.669116 0.743158 0
    outer loop
      vertex 20.9577 -44.8423 5.6
      vertex 31.357 -35.4791 3
      vertex 20.9577 -44.8423 3
    endloop
  endfacet
  facet normal -0.59257 0.805519 0
    outer loop
      vertex 20.9577 -44.8423 3
      vertex 20.7523 -44.9934 5.6
      vertex 20.9577 -44.8423 5.6
    endloop
  endfacet
  facet normal -0.59257 0.805519 0
    outer loop
      vertex 20.7523 -44.9934 5.6
      vertex 20.9577 -44.8423 3
      vertex 20.7523 -44.9934 3
    endloop
  endfacet
  facet normal -0.426759 0.904365 0
    outer loop
      vertex 20.7523 -44.9934 3
      vertex 20.5033 -45.1109 5.6
      vertex 20.7523 -44.9934 5.6
    endloop
  endfacet
  facet normal -0.426759 0.904365 0
    outer loop
      vertex 20.5033 -45.1109 5.6
      vertex 20.7523 -44.9934 3
      vertex 20.5033 -45.1109 3
    endloop
  endfacet
  facet normal -0.23775 0.971326 0
    outer loop
      vertex 20.5033 -45.1109 3
      vertex 20.2357 -45.1764 5.6
      vertex 20.5033 -45.1109 5.6
    endloop
  endfacet
  facet normal -0.23775 0.971326 0
    outer loop
      vertex 20.2357 -45.1764 5.6
      vertex 20.5033 -45.1109 3
      vertex 20.2357 -45.1764 3
    endloop
  endfacet
  facet normal -0.0452257 0.998977 0
    outer loop
      vertex 20.2357 -45.1764 3
      vertex 19.9618 -45.1888 5.6
      vertex 20.2357 -45.1764 5.6
    endloop
  endfacet
  facet normal -0.0452257 0.998977 0
    outer loop
      vertex 19.9618 -45.1888 5.6
      vertex 20.2357 -45.1764 3
      vertex 19.9618 -45.1888 3
    endloop
  endfacet
  facet normal 0.150628 0.98859 -0
    outer loop
      vertex 19.9618 -45.1888 3
      vertex 19.6914 -45.1476 5.6
      vertex 19.9618 -45.1888 5.6
    endloop
  endfacet
  facet normal 0.150628 0.98859 0
    outer loop
      vertex 19.6914 -45.1476 5.6
      vertex 19.9618 -45.1888 3
      vertex 19.6914 -45.1476 3
    endloop
  endfacet
  facet normal 0 0 1
    outer loop
      vertex 101.28 66.0481 1
      vertex 101.489 66.005 1
      vertex 101.379 66.033 1
    endloop
  endfacet
  facet normal 0 0 1
    outer loop
      vertex 101.489 66.005 1
      vertex 101.28 66.0481 1
      vertex 106.391 42.9459 1
    endloop
  endfacet
  facet normal 0 0 1
    outer loop
      vertex 101.28 66.0481 1
      vertex 86.7396 38.7689 1
      vertex 106.391 42.9459 1
    endloop
  endfacet
  facet normal 0 -0 1
    outer loop
      vertex 86.7396 38.7689 1
      vertex 101.28 66.0481 1
      vertex 81.8204 61.9119 1
    endloop
  endfacet
  facet normal 0.207909 -0.978148 0
    outer loop
      vertex 81.8204 61.9119 1
      vertex 101.28 66.0481 3
      vertex 81.8204 61.9119 3
    endloop
  endfacet
  facet normal 0.207909 -0.978148 0
    outer loop
      vertex 101.28 66.0481 3
      vertex 81.8204 61.9119 1
      vertex 101.28 66.0481 1
    endloop
  endfacet
  facet normal -0.978141 -0.207942 0
    outer loop
      vertex 101.489 66.005 1
      vertex 102.409 61.6774 3
      vertex 101.489 66.005 3
    endloop
  endfacet
  facet normal -0.978142 -0.207938 1.01127e-05
    outer loop
      vertex 106.391 42.9459 1
      vertex 102.409 61.6774 3
      vertex 101.489 66.005 1
    endloop
  endfacet
  facet normal -0.978142 -0.207937 -0
    outer loop
      vertex 106.391 42.9459 5.6
      vertex 102.409 61.6774 3
      vertex 106.391 42.9459 1
    endloop
  endfacet
  facet normal -0.978142 -0.207937 0
    outer loop
      vertex 102.409 61.6774 3
      vertex 106.391 42.9459 5.6
      vertex 102.409 61.6774 5.6
    endloop
  endfacet
  facet normal -0.207709 0.978191 0
    outer loop
      vertex 106.391 42.9459 5.6
      vertex 106.156 42.896 3
      vertex 106.156 42.896 5.6
    endloop
  endfacet
  facet normal -0.207709 0.978191 0
    outer loop
      vertex 106.391 42.9459 1
      vertex 106.156 42.896 3
      vertex 106.391 42.9459 5.6
    endloop
  endfacet
  facet normal -0.20791 0.978148 -2.46421e-05
    outer loop
      vertex 86.7396 38.7689 1
      vertex 106.156 42.896 3
      vertex 106.391 42.9459 1
    endloop
  endfacet
  facet normal -0.207912 0.978147 0
    outer loop
      vertex 106.156 42.896 3
      vertex 86.7396 38.7689 1
      vertex 86.7396 38.7689 3
    endloop
  endfacet
  facet normal 0.978148 0.207912 0
    outer loop
      vertex 86.7396 38.7689 3
      vertex 81.8204 61.9119 1
      vertex 81.8204 61.9119 3
    endloop
  endfacet
  facet normal 0.978148 0.207912 0
    outer loop
      vertex 81.8204 61.9119 1
      vertex 86.7396 38.7689 3
      vertex 86.7396 38.7689 1
    endloop
  endfacet
  facet normal -0.978141 -0.207942 0
    outer loop
      vertex 102.409 61.6774 3
      vertex 101.489 66.005 5.6
      vertex 101.489 66.005 3
    endloop
  endfacet
  facet normal -0.978141 -0.207942 0
    outer loop
      vertex 101.489 66.005 5.6
      vertex 102.409 61.6774 3
      vertex 102.409 61.6774 5.6
    endloop
  endfacet
  facet normal 0.978146 0.207917 0
    outer loop
      vertex 70.4724 57.3427 5.6
      vertex 68.6078 66.1147 3
      vertex 68.6078 66.1147 5.6
    endloop
  endfacet
  facet normal 0.978146 0.207917 0
    outer loop
      vertex 68.6078 66.1147 3
      vertex 70.4724 57.3427 5.6
      vertex 70.4724 57.3427 3
    endloop
  endfacet
  facet normal -1 0 0
    outer loop
      vertex 0.0499992 66.1147 0
      vertex 0.0499992 -4.78529 3.2
      vertex 0.0499992 66.1147 3.2
    endloop
  endfacet
  facet normal -1 0 0
    outer loop
      vertex 0.0499992 -4.78529 3.2
      vertex 0.0499992 -20.6874 3.2
      vertex 0.0499992 -4.78529 3.21
    endloop
  endfacet
  facet normal -1 0 0
    outer loop
      vertex 0.0499992 -47.5874 0
      vertex 0.0499992 -4.78529 3.2
      vertex 0.0499992 66.1147 0
    endloop
  endfacet
  facet normal -1 -0 0
    outer loop
      vertex 0.0499992 -4.78529 3.2
      vertex 0.0499992 -47.5874 0
      vertex 0.0499992 -20.6874 3.2
    endloop
  endfacet
  facet normal -1 -0 0
    outer loop
      vertex 0.0499992 -20.6874 3.2
      vertex 0.0499992 -47.5874 0
      vertex 0.0499992 -47.5874 3.2
    endloop
  endfacet
  facet normal -1 0 0
    outer loop
      vertex 0.0499992 -20.6874 3.21
      vertex 0.0499992 -4.78529 3.21
      vertex 0.0499992 -20.6874 3.2
    endloop
  endfacet
  facet normal -1 0 0
    outer loop
      vertex 0.0499992 -4.78529 3.21
      vertex 0.0499992 -20.6874 3.21
      vertex 0.0499992 -3.98531 5.6
    endloop
  endfacet
  facet normal -1 -0 0
    outer loop
      vertex 0.0499992 -3.98531 5.6
      vertex 0.0499992 -20.6874 3.21
      vertex 0.0499992 -21.4874 5.6
    endloop
  endfacet
  facet normal -0 0 1
    outer loop
      vertex 0.0499992 66.1147 3.2
      vertex 6.83801 -4.78529 3.2
      vertex 11.9023 66.1147 3.2
    endloop
  endfacet
  facet normal 0 0 1
    outer loop
      vertex 6.83801 -4.78529 3.2
      vertex 0.0499992 66.1147 3.2
      vertex 0.0499992 -4.78529 3.2
    endloop
  endfacet
  facet normal -0.945874 0.0675617 -0.317423
    outer loop
      vertex 6.09311 -3.98531 5.6
      vertex 11.1002 66.1147 5.6
      vertex 11.803 66.1147 3.50576
    endloop
  endfacet
  facet normal 0 0.948288 -0.317411
    outer loop
      vertex 0.0499992 -4.78529 3.21
      vertex 6.09311 -3.98531 5.6
      vertex 6.83801 -4.78529 3.21
    endloop
  endfacet
  facet normal 0 0.948288 -0.317411
    outer loop
      vertex 6.09311 -3.98531 5.6
      vertex 0.0499992 -4.78529 3.21
      vertex 0.0499992 -3.98531 5.6
    endloop
  endfacet
  facet normal -0.94583 0.0675541 -0.317558
    outer loop
      vertex 11.9023 66.1147 3.21
      vertex 6.09311 -3.98531 5.6
      vertex 11.803 66.1147 3.50576
    endloop
  endfacet
  facet normal -0.945876 0.0675626 -0.317419
    outer loop
      vertex 6.09311 -3.98531 5.6
      vertex 11.9023 66.1147 3.21
      vertex 6.83801 -4.78529 3.21
    endloop
  endfacet
  facet normal -0.997459 0.0712471 0
    outer loop
      vertex 6.83801 -4.78529 3.2
      vertex 11.9023 66.1147 3.21
      vertex 11.9023 66.1147 3.2
    endloop
  endfacet
  facet normal -0.997459 0.0712471 0
    outer loop
      vertex 11.9023 66.1147 3.21
      vertex 6.83801 -4.78529 3.2
      vertex 6.83801 -4.78529 3.21
    endloop
  endfacet
  facet normal 0 1 -0
    outer loop
      vertex 6.83801 -4.78529 3.2
      vertex 0.0499992 -4.78529 3.21
      vertex 6.83801 -4.78529 3.21
    endloop
  endfacet
  facet normal 0 1 0
    outer loop
      vertex 0.0499992 -4.78529 3.21
      vertex 6.83801 -4.78529 3.2
      vertex 0.0499992 -4.78529 3.2
    endloop
  endfacet
  facet normal 0 0 1
    outer loop
      vertex 0.0499992 -47.5874 3.2
      vertex 5.80212 -20.6874 3.2
      vertex 0.0499992 -20.6874 3.2
    endloop
  endfacet
  facet normal 0 0 1
    outer loop
      vertex 5.80212 -20.6874 3.2
      vertex 0.0499992 -47.5874 3.2
      vertex 8.90596 -47.5874 3.2
    endloop
  endfacet
  facet normal -0.993409 -0.114624 0
    outer loop
      vertex 8.90596 -47.5874 3.2
      vertex 5.80212 -20.6874 3.21
      vertex 5.80212 -20.6874 3.2
    endloop
  endfacet
  facet normal -0.993409 -0.114624 0
    outer loop
      vertex 5.80212 -20.6874 3.21
      vertex 8.90596 -47.5874 3.2
      vertex 8.90596 -47.5874 3.21
    endloop
  endfacet
  facet normal -0.942037 -0.108696 -0.317414
    outer loop
      vertex 8.90596 -47.5874 3.21
      vertex 5.08913 -21.4874 5.6
      vertex 5.80212 -20.6874 3.21
    endloop
  endfacet
  facet normal -0.942035 -0.108696 -0.317418
    outer loop
      vertex 5.08913 -21.4874 5.6
      vertex 8.90596 -47.5874 3.21
      vertex 8.6845 -47.5874 3.86725
    endloop
  endfacet
  facet normal -0.942035 -0.108696 -0.317419
    outer loop
      vertex 5.08913 -21.4874 5.6
      vertex 8.6845 -47.5874 3.86725
      vertex 8.10065 -47.5874 5.6
    endloop
  endfacet
  facet normal 0 -1 0
    outer loop
      vertex 0.0499992 -20.6874 3.2
      vertex 5.80212 -20.6874 3.21
      vertex 0.0499992 -20.6874 3.21
    endloop
  endfacet
  facet normal 0 -1 -0
    outer loop
      vertex 5.80212 -20.6874 3.21
      vertex 0.0499992 -20.6874 3.2
      vertex 5.80212 -20.6874 3.2
    endloop
  endfacet
  facet normal 0 -0.948286 -0.317418
    outer loop
      vertex 0.0499992 -20.6874 3.21
      vertex 5.08913 -21.4874 5.6
      vertex 0.0499992 -21.4874 5.6
    endloop
  endfacet
  facet normal 0 -0.948286 -0.317418
    outer loop
      vertex 5.08913 -21.4874 5.6
      vertex 0.0499992 -20.6874 3.21
      vertex 5.80212 -20.6874 3.21
    endloop
  endfacet
endsolid OpenSCAD_Model
