solid OpenSCAD_Model
  facet normal -0.962401 0.271631 0
    outer loop
      vertex -67.9182 52.8222 0.4
      vertex -67.888 52.9292 3
      vertex -67.888 52.9292 0.4
    endloop
  endfacet
  facet normal -0.962401 0.271631 0
    outer loop
      vertex -67.888 52.9292 3
      vertex -67.9182 52.8222 0.4
      vertex -67.9182 52.8222 3
    endloop
  endfacet
  facet normal 0.928848 0.37046 0
    outer loop
      vertex -69.4866 52.74 3
      vertex -69.5278 52.8433 0.4
      vertex -69.5278 52.8433 3
    endloop
  endfacet
  facet normal 0.928848 0.37046 0
    outer loop
      vertex -69.5278 52.8433 0.4
      vertex -69.4866 52.74 3
      vertex -69.4866 52.74 0.4
    endloop
  endfacet
  facet normal -0.598128 0.801401 0
    outer loop
      vertex -68.1674 52.4596 0.4
      vertex -68.2565 52.3931 3
      vertex -68.1674 52.4596 3
    endloop
  endfacet
  facet normal -0.598128 0.801401 0
    outer loop
      vertex -68.2565 52.3931 3
      vertex -68.1674 52.4596 0.4
      vertex -68.2565 52.3931 0.4
    endloop
  endfacet
  facet normal -0.969397 -0.245497 0
    outer loop
      vertex -67.8837 53.2608 0.4
      vertex -67.911 53.3686 3
      vertex -67.911 53.3686 0.4
    endloop
  endfacet
  facet normal -0.969397 -0.245497 0
    outer loop
      vertex -67.911 53.3686 3
      vertex -67.8837 53.2608 0.4
      vertex -67.8837 53.2608 3
    endloop
  endfacet
  facet normal 0.0135001 0.999909 -0
    outer loop
      vertex -68.675 52.2571 0.4
      vertex -68.7861 52.2586 3
      vertex -68.675 52.2571 3
    endloop
  endfacet
  facet normal 0.0135001 0.999909 0
    outer loop
      vertex -68.7861 52.2586 3
      vertex -68.675 52.2571 0.4
      vertex -68.7861 52.2586 0.4
    endloop
  endfacet
  facet normal 0.969128 0.246556 0
    outer loop
      vertex -69.5278 52.8433 3
      vertex -69.5552 52.951 0.4
      vertex -69.5552 52.951 3
    endloop
  endfacet
  facet normal 0.969128 0.246556 0
    outer loop
      vertex -69.5552 52.951 0.4
      vertex -69.5278 52.8433 3
      vertex -69.5278 52.8433 0.4
    endloop
  endfacet
  facet normal 0.142931 0.989733 -0
    outer loop
      vertex -68.7861 52.2586 0.4
      vertex -68.8962 52.2745 3
      vertex -68.7861 52.2586 3
    endloop
  endfacet
  facet normal 0.142931 0.989733 0
    outer loop
      vertex -68.8962 52.2745 3
      vertex -68.7861 52.2586 0.4
      vertex -68.8962 52.2745 0.4
    endloop
  endfacet
  facet normal -0.271631 -0.962401 0
    outer loop
      vertex -68.5427 53.9374 0.4
      vertex -68.4357 53.9072 3
      vertex -68.5427 53.9374 3
    endloop
  endfacet
  facet normal -0.271631 -0.962401 -0
    outer loop
      vertex -68.4357 53.9072 3
      vertex -68.5427 53.9374 0.4
      vertex -68.4357 53.9072 0.4
    endloop
  endfacet
  facet normal -0.801401 -0.598128 0
    outer loop
      vertex -68.0066 53.5689 0.4
      vertex -68.0731 53.658 3
      vertex -68.0731 53.658 0.4
    endloop
  endfacet
  facet normal -0.801401 -0.598128 0
    outer loop
      vertex -68.0731 53.658 3
      vertex -68.0066 53.5689 0.4
      vertex -68.0066 53.5689 3
    endloop
  endfacet
  facet normal 0.510788 0.859707 -0
    outer loop
      vertex -69.1053 52.3486 0.4
      vertex -69.2009 52.4054 3
      vertex -69.1053 52.3486 3
    endloop
  endfacet
  facet normal 0.510788 0.859707 0
    outer loop
      vertex -69.2009 52.4054 3
      vertex -69.1053 52.3486 0.4
      vertex -69.2009 52.4054 0.4
    endloop
  endfacet
  facet normal 0.716045 0.698054 0
    outer loop
      vertex -69.2882 52.4743 3
      vertex -69.3658 52.5539 0.4
      vertex -69.3658 52.5539 3
    endloop
  endfacet
  facet normal 0.716045 0.698054 0
    outer loop
      vertex -69.3658 52.5539 0.4
      vertex -69.2882 52.4743 3
      vertex -69.2882 52.4743 0.4
    endloop
  endfacet
  facet normal 0.993046 0.117728 0
    outer loop
      vertex -69.5552 52.951 3
      vertex -69.5683 53.0615 0.4
      vertex -69.5683 53.0615 3
    endloop
  endfacet
  facet normal 0.993046 0.117728 0
    outer loop
      vertex -69.5683 53.0615 0.4
      vertex -69.5552 52.951 3
      vertex -69.5552 52.951 0.4
    endloop
  endfacet
  facet normal -0.872199 -0.489151 0
    outer loop
      vertex -67.9522 53.4719 0.4
      vertex -68.0066 53.5689 3
      vertex -68.0066 53.5689 0.4
    endloop
  endfacet
  facet normal -0.872199 -0.489151 0
    outer loop
      vertex -68.0066 53.5689 3
      vertex -67.9522 53.4719 0.4
      vertex -67.9522 53.4719 3
    endloop
  endfacet
  facet normal -0.859707 0.510788 0
    outer loop
      vertex -68.0189 52.6245 0.4
      vertex -67.9621 52.7201 3
      vertex -67.9621 52.7201 0.4
    endloop
  endfacet
  facet normal -0.859707 0.510788 0
    outer loop
      vertex -67.9621 52.7201 3
      vertex -68.0189 52.6245 0.4
      vertex -68.0189 52.6245 3
    endloop
  endfacet
  facet normal 0.801401 0.598128 0
    outer loop
      vertex -69.3658 52.5539 3
      vertex -69.4323 52.643 0.4
      vertex -69.4323 52.643 3
    endloop
  endfacet
  facet normal 0.801401 0.598128 0
    outer loop
      vertex -69.4323 52.643 0.4
      vertex -69.3658 52.5539 3
      vertex -69.3658 52.5539 0.4
    endloop
  endfacet
  facet normal 0.989733 -0.142931 0
    outer loop
      vertex -69.5668 53.1726 3
      vertex -69.5509 53.2827 0.4
      vertex -69.5509 53.2827 3
    endloop
  endfacet
  facet normal 0.989733 -0.142931 0
    outer loop
      vertex -69.5509 53.2827 0.4
      vertex -69.5668 53.1726 3
      vertex -69.5668 53.1726 0.4
    endloop
  endfacet
  facet normal 0.117833 -0.993033 0
    outer loop
      vertex -68.8743 53.9417 0.4
      vertex -68.7639 53.9548 3
      vertex -68.8743 53.9417 3
    endloop
  endfacet
  facet normal 0.117833 -0.993033 0
    outer loop
      vertex -68.7639 53.9548 3
      vertex -68.8743 53.9417 0.4
      vertex -68.7639 53.9548 0.4
    endloop
  endfacet
  facet normal -0.245711 0.969343 0
    outer loop
      vertex -68.4568 52.2975 0.4
      vertex -68.5645 52.2702 3
      vertex -68.4568 52.2975 3
    endloop
  endfacet
  facet normal -0.245711 0.969343 0
    outer loop
      vertex -68.5645 52.2702 3
      vertex -68.4568 52.2975 0.4
      vertex -68.5645 52.2702 0.4
    endloop
  endfacet
  facet normal -0.698054 0.716045 0
    outer loop
      vertex -68.0878 52.5372 0.4
      vertex -68.1674 52.4596 3
      vertex -68.0878 52.5372 3
    endloop
  endfacet
  facet normal -0.698054 0.716045 0
    outer loop
      vertex -68.1674 52.4596 3
      vertex -68.0878 52.5372 0.4
      vertex -68.1674 52.4596 0.4
    endloop
  endfacet
  facet normal -0.989733 0.142931 0
    outer loop
      vertex -67.888 52.9292 0.4
      vertex -67.8721 53.0393 3
      vertex -67.8721 53.0393 0.4
    endloop
  endfacet
  facet normal -0.989733 0.142931 0
    outer loop
      vertex -67.8721 53.0393 3
      vertex -67.888 52.9292 0.4
      vertex -67.888 52.9292 3
    endloop
  endfacet
  facet normal -0.489151 0.872199 0
    outer loop
      vertex -68.2565 52.3931 0.4
      vertex -68.3535 52.3387 3
      vertex -68.2565 52.3931 3
    endloop
  endfacet
  facet normal -0.489151 0.872199 0
    outer loop
      vertex -68.3535 52.3387 3
      vertex -68.2565 52.3931 0.4
      vertex -68.3535 52.3387 0.4
    endloop
  endfacet
  facet normal 0.999909 -0.0135001 0
    outer loop
      vertex -69.5683 53.0615 3
      vertex -69.5668 53.1726 0.4
      vertex -69.5668 53.1726 3
    endloop
  endfacet
  facet normal 0.999909 -0.0135001 0
    outer loop
      vertex -69.5668 53.1726 0.4
      vertex -69.5683 53.0615 3
      vertex -69.5683 53.0615 0.4
    endloop
  endfacet
  facet normal 0.784975 -0.619528 0
    outer loop
      vertex -69.42 53.5874 3
      vertex -69.3511 53.6747 0.4
      vertex -69.3511 53.6747 3
    endloop
  endfacet
  facet normal 0.784975 -0.619528 0
    outer loop
      vertex -69.3511 53.6747 0.4
      vertex -69.42 53.5874 3
      vertex -69.42 53.5874 0.4
    endloop
  endfacet
  facet normal -0.784975 0.619528 0
    outer loop
      vertex -68.0878 52.5372 0.4
      vertex -68.0189 52.6245 3
      vertex -68.0189 52.6245 0.4
    endloop
  endfacet
  facet normal -0.784975 0.619528 0
    outer loop
      vertex -68.0189 52.6245 3
      vertex -68.0878 52.5372 0.4
      vertex -68.0878 52.5372 3
    endloop
  endfacet
  facet normal 0.698054 -0.716045 0
    outer loop
      vertex -69.3511 53.6747 0.4
      vertex -69.2715 53.7523 3
      vertex -69.3511 53.6747 3
    endloop
  endfacet
  facet normal 0.698054 -0.716045 0
    outer loop
      vertex -69.2715 53.7523 3
      vertex -69.3511 53.6747 0.4
      vertex -69.2715 53.7523 0.4
    endloop
  endfacet
  facet normal 0.872583 0.488466 0
    outer loop
      vertex -69.4323 52.643 3
      vertex -69.4866 52.74 0.4
      vertex -69.4866 52.74 3
    endloop
  endfacet
  facet normal 0.872583 0.488466 0
    outer loop
      vertex -69.4866 52.74 0.4
      vertex -69.4323 52.643 3
      vertex -69.4323 52.643 0.4
    endloop
  endfacet
  facet normal -0.394679 -0.918819 0
    outer loop
      vertex -68.4357 53.9072 0.4
      vertex -68.3335 53.8633 3
      vertex -68.4357 53.9072 3
    endloop
  endfacet
  facet normal -0.394679 -0.918819 -0
    outer loop
      vertex -68.3335 53.8633 3
      vertex -68.4357 53.9072 0.4
      vertex -68.3335 53.8633 0.4
    endloop
  endfacet
  facet normal 0.271631 0.962401 -0
    outer loop
      vertex -68.8962 52.2745 0.4
      vertex -69.0032 52.3047 3
      vertex -68.8962 52.2745 3
    endloop
  endfacet
  facet normal 0.271631 0.962401 0
    outer loop
      vertex -69.0032 52.3047 3
      vertex -68.8962 52.2745 0.4
      vertex -69.0032 52.3047 0.4
    endloop
  endfacet
  facet normal 0.37046 -0.928848 0
    outer loop
      vertex -69.0854 53.8731 0.4
      vertex -68.9821 53.9143 3
      vertex -69.0854 53.8731 3
    endloop
  endfacet
  facet normal 0.37046 -0.928848 0
    outer loop
      vertex -68.9821 53.9143 3
      vertex -69.0854 53.8731 0.4
      vertex -68.9821 53.9143 0.4
    endloop
  endfacet
  facet normal -0.117728 0.993046 0
    outer loop
      vertex -68.5645 52.2702 0.4
      vertex -68.675 52.2571 3
      vertex -68.5645 52.2702 3
    endloop
  endfacet
  facet normal -0.117728 0.993046 0
    outer loop
      vertex -68.675 52.2571 3
      vertex -68.5645 52.2702 0.4
      vertex -68.675 52.2571 0.4
    endloop
  endfacet
  facet normal 0.962401 -0.271631 0
    outer loop
      vertex -69.5509 53.2827 3
      vertex -69.5207 53.3897 0.4
      vertex -69.5207 53.3897 3
    endloop
  endfacet
  facet normal 0.962401 -0.271631 0
    outer loop
      vertex -69.5207 53.3897 0.4
      vertex -69.5509 53.2827 3
      vertex -69.5509 53.2827 0.4
    endloop
  endfacet
  facet normal 0.246342 -0.969183 0
    outer loop
      vertex -68.9821 53.9143 0.4
      vertex -68.8743 53.9417 3
      vertex -68.9821 53.9143 3
    endloop
  endfacet
  facet normal 0.246342 -0.969183 0
    outer loop
      vertex -68.8743 53.9417 3
      vertex -68.9821 53.9143 0.4
      vertex -68.8743 53.9417 0.4
    endloop
  endfacet
  facet normal -0.511183 -0.859472 0
    outer loop
      vertex -68.3335 53.8633 0.4
      vertex -68.238 53.8065 3
      vertex -68.3335 53.8633 3
    endloop
  endfacet
  facet normal -0.511183 -0.859472 -0
    outer loop
      vertex -68.238 53.8065 3
      vertex -68.3335 53.8633 0.4
      vertex -68.238 53.8065 0.4
    endloop
  endfacet
  facet normal 0.598128 -0.801401 0
    outer loop
      vertex -69.2715 53.7523 0.4
      vertex -69.1824 53.8188 3
      vertex -69.2715 53.7523 3
    endloop
  endfacet
  facet normal 0.598128 -0.801401 0
    outer loop
      vertex -69.1824 53.8188 3
      vertex -69.2715 53.7523 0.4
      vertex -69.1824 53.8188 0.4
    endloop
  endfacet
  facet normal -0.918679 0.395005 0
    outer loop
      vertex -67.9621 52.7201 0.4
      vertex -67.9182 52.8222 3
      vertex -67.9182 52.8222 0.4
    endloop
  endfacet
  facet normal -0.918679 0.395005 0
    outer loop
      vertex -67.9182 52.8222 3
      vertex -67.9621 52.7201 0.4
      vertex -67.9621 52.7201 3
    endloop
  endfacet
  facet normal 0.859707 -0.510788 0
    outer loop
      vertex -69.4768 53.4918 3
      vertex -69.42 53.5874 0.4
      vertex -69.42 53.5874 3
    endloop
  endfacet
  facet normal 0.859707 -0.510788 0
    outer loop
      vertex -69.42 53.5874 0.4
      vertex -69.4768 53.4918 3
      vertex -69.4768 53.4918 0.4
    endloop
  endfacet
  facet normal -0.928848 -0.37046 0
    outer loop
      vertex -67.911 53.3686 0.4
      vertex -67.9522 53.4719 3
      vertex -67.9522 53.4719 0.4
    endloop
  endfacet
  facet normal -0.928848 -0.37046 0
    outer loop
      vertex -67.9522 53.4719 3
      vertex -67.911 53.3686 0.4
      vertex -67.911 53.3686 3
    endloop
  endfacet
  facet normal 0.619528 0.784975 -0
    outer loop
      vertex -69.2009 52.4054 0.4
      vertex -69.2882 52.4743 3
      vertex -69.2009 52.4054 3
    endloop
  endfacet
  facet normal 0.619528 0.784975 0
    outer loop
      vertex -69.2882 52.4743 3
      vertex -69.2009 52.4054 0.4
      vertex -69.2882 52.4743 0.4
    endloop
  endfacet
  facet normal -0.0135001 -0.999909 0
    outer loop
      vertex -68.7639 53.9548 0.4
      vertex -68.6528 53.9533 3
      vertex -68.7639 53.9548 3
    endloop
  endfacet
  facet normal -0.0135001 -0.999909 -0
    outer loop
      vertex -68.6528 53.9533 3
      vertex -68.7639 53.9548 0.4
      vertex -68.6528 53.9533 0.4
    endloop
  endfacet
  facet normal 0.488466 -0.872583 0
    outer loop
      vertex -69.1824 53.8188 0.4
      vertex -69.0854 53.8731 3
      vertex -69.1824 53.8188 3
    endloop
  endfacet
  facet normal 0.488466 -0.872583 0
    outer loop
      vertex -69.0854 53.8731 3
      vertex -69.1824 53.8188 0.4
      vertex -69.0854 53.8731 0.4
    endloop
  endfacet
  facet normal 0.918679 -0.395005 0
    outer loop
      vertex -69.5207 53.3897 3
      vertex -69.4768 53.4918 0.4
      vertex -69.4768 53.4918 3
    endloop
  endfacet
  facet normal 0.918679 -0.395005 0
    outer loop
      vertex -69.4768 53.4918 0.4
      vertex -69.5207 53.3897 3
      vertex -69.5207 53.3897 0.4
    endloop
  endfacet
  facet normal -0.999909 0.0135001 0
    outer loop
      vertex -67.8721 53.0393 0.4
      vertex -67.8706 53.1504 3
      vertex -67.8706 53.1504 0.4
    endloop
  endfacet
  facet normal -0.999909 0.0135001 0
    outer loop
      vertex -67.8706 53.1504 3
      vertex -67.8721 53.0393 0.4
      vertex -67.8721 53.0393 3
    endloop
  endfacet
  facet normal -0.993033 -0.117833 0
    outer loop
      vertex -67.8706 53.1504 0.4
      vertex -67.8837 53.2608 3
      vertex -67.8837 53.2608 0.4
    endloop
  endfacet
  facet normal -0.993033 -0.117833 0
    outer loop
      vertex -67.8837 53.2608 3
      vertex -67.8706 53.1504 0.4
      vertex -67.8706 53.1504 3
    endloop
  endfacet
  facet normal -0.716045 -0.698054 0
    outer loop
      vertex -68.0731 53.658 0.4
      vertex -68.1507 53.7376 3
      vertex -68.1507 53.7376 0.4
    endloop
  endfacet
  facet normal -0.716045 -0.698054 0
    outer loop
      vertex -68.1507 53.7376 3
      vertex -68.0731 53.658 0.4
      vertex -68.0731 53.658 3
    endloop
  endfacet
  facet normal -0.619528 -0.784975 0
    outer loop
      vertex -68.238 53.8065 0.4
      vertex -68.1507 53.7376 3
      vertex -68.238 53.8065 3
    endloop
  endfacet
  facet normal -0.619528 -0.784975 -0
    outer loop
      vertex -68.1507 53.7376 3
      vertex -68.238 53.8065 0.4
      vertex -68.1507 53.7376 0.4
    endloop
  endfacet
  facet normal -0.142931 -0.989733 0
    outer loop
      vertex -68.6528 53.9533 0.4
      vertex -68.5427 53.9374 3
      vertex -68.6528 53.9533 3
    endloop
  endfacet
  facet normal -0.142931 -0.989733 -0
    outer loop
      vertex -68.5427 53.9374 3
      vertex -68.6528 53.9533 0.4
      vertex -68.5427 53.9374 0.4
    endloop
  endfacet
  facet normal 0 0 1
    outer loop
      vertex -67.8837 53.2608 0.4
      vertex -67.8721 53.0393 0.4
      vertex -67.8706 53.1504 0.4
    endloop
  endfacet
  facet normal 0 0 1
    outer loop
      vertex -67.8837 53.2608 0.4
      vertex -67.888 52.9292 0.4
      vertex -67.8721 53.0393 0.4
    endloop
  endfacet
  facet normal 0 0 1
    outer loop
      vertex -67.911 53.3686 0.4
      vertex -67.888 52.9292 0.4
      vertex -67.8837 53.2608 0.4
    endloop
  endfacet
  facet normal 0 0 1
    outer loop
      vertex -67.911 53.3686 0.4
      vertex -67.9182 52.8222 0.4
      vertex -67.888 52.9292 0.4
    endloop
  endfacet
  facet normal 0 0 1
    outer loop
      vertex -67.9522 53.4719 0.4
      vertex -67.9182 52.8222 0.4
      vertex -67.911 53.3686 0.4
    endloop
  endfacet
  facet normal 0 0 1
    outer loop
      vertex -67.9522 53.4719 0.4
      vertex -67.9621 52.7201 0.4
      vertex -67.9182 52.8222 0.4
    endloop
  endfacet
  facet normal 0 0 1
    outer loop
      vertex -68.0066 53.5689 0.4
      vertex -67.9621 52.7201 0.4
      vertex -67.9522 53.4719 0.4
    endloop
  endfacet
  facet normal 0 0 1
    outer loop
      vertex -68.0066 53.5689 0.4
      vertex -68.0189 52.6245 0.4
      vertex -67.9621 52.7201 0.4
    endloop
  endfacet
  facet normal 0 0 1
    outer loop
      vertex -68.0731 53.658 0.4
      vertex -68.0189 52.6245 0.4
      vertex -68.0066 53.5689 0.4
    endloop
  endfacet
  facet normal 0 0 1
    outer loop
      vertex -68.0731 53.658 0.4
      vertex -68.0878 52.5372 0.4
      vertex -68.0189 52.6245 0.4
    endloop
  endfacet
  facet normal 0 0 1
    outer loop
      vertex -68.1507 53.7376 0.4
      vertex -68.0878 52.5372 0.4
      vertex -68.0731 53.658 0.4
    endloop
  endfacet
  facet normal 0 0 1
    outer loop
      vertex -68.1507 53.7376 0.4
      vertex -68.1674 52.4596 0.4
      vertex -68.0878 52.5372 0.4
    endloop
  endfacet
  facet normal 0 0 1
    outer loop
      vertex -68.238 53.8065 0.4
      vertex -68.1674 52.4596 0.4
      vertex -68.1507 53.7376 0.4
    endloop
  endfacet
  facet normal 0 0 1
    outer loop
      vertex -68.238 53.8065 0.4
      vertex -68.2565 52.3931 0.4
      vertex -68.1674 52.4596 0.4
    endloop
  endfacet
  facet normal 0 0 1
    outer loop
      vertex -68.3335 53.8633 0.4
      vertex -68.2565 52.3931 0.4
      vertex -68.238 53.8065 0.4
    endloop
  endfacet
  facet normal 0 0 1
    outer loop
      vertex -68.3335 53.8633 0.4
      vertex -68.3535 52.3387 0.4
      vertex -68.2565 52.3931 0.4
    endloop
  endfacet
  facet normal 0 0 1
    outer loop
      vertex -68.4357 53.9072 0.4
      vertex -68.3535 52.3387 0.4
      vertex -68.3335 53.8633 0.4
    endloop
  endfacet
  facet normal 0 0 1
    outer loop
      vertex -68.4357 53.9072 0.4
      vertex -68.4568 52.2975 0.4
      vertex -68.3535 52.3387 0.4
    endloop
  endfacet
  facet normal 0 0 1
    outer loop
      vertex -68.5427 53.9374 0.4
      vertex -68.4568 52.2975 0.4
      vertex -68.4357 53.9072 0.4
    endloop
  endfacet
  facet normal 0 0 1
    outer loop
      vertex -68.5427 53.9374 0.4
      vertex -68.5645 52.2702 0.4
      vertex -68.4568 52.2975 0.4
    endloop
  endfacet
  facet normal 0 0 1
    outer loop
      vertex -68.6528 53.9533 0.4
      vertex -68.5645 52.2702 0.4
      vertex -68.5427 53.9374 0.4
    endloop
  endfacet
  facet normal 0 0 1
    outer loop
      vertex -68.6528 53.9533 0.4
      vertex -68.675 52.2571 0.4
      vertex -68.5645 52.2702 0.4
    endloop
  endfacet
  facet normal 0 0 1
    outer loop
      vertex -68.7639 53.9548 0.4
      vertex -68.675 52.2571 0.4
      vertex -68.6528 53.9533 0.4
    endloop
  endfacet
  facet normal 0 0 1
    outer loop
      vertex -68.7639 53.9548 0.4
      vertex -68.7861 52.2586 0.4
      vertex -68.675 52.2571 0.4
    endloop
  endfacet
  facet normal -0 0 1
    outer loop
      vertex -68.8743 53.9417 0.4
      vertex -68.7861 52.2586 0.4
      vertex -68.7639 53.9548 0.4
    endloop
  endfacet
  facet normal 0 0 1
    outer loop
      vertex -68.8743 53.9417 0.4
      vertex -68.8962 52.2745 0.4
      vertex -68.7861 52.2586 0.4
    endloop
  endfacet
  facet normal -0 0 1
    outer loop
      vertex -68.9821 53.9143 0.4
      vertex -68.8962 52.2745 0.4
      vertex -68.8743 53.9417 0.4
    endloop
  endfacet
  facet normal 0 0 1
    outer loop
      vertex -68.9821 53.9143 0.4
      vertex -69.0032 52.3047 0.4
      vertex -68.8962 52.2745 0.4
    endloop
  endfacet
  facet normal -0 0 1
    outer loop
      vertex -69.0854 53.8731 0.4
      vertex -69.0032 52.3047 0.4
      vertex -68.9821 53.9143 0.4
    endloop
  endfacet
  facet normal 0 0 1
    outer loop
      vertex -69.0854 53.8731 0.4
      vertex -69.1053 52.3486 0.4
      vertex -69.0032 52.3047 0.4
    endloop
  endfacet
  facet normal -0 0 1
    outer loop
      vertex -69.1824 53.8188 0.4
      vertex -69.1053 52.3486 0.4
      vertex -69.0854 53.8731 0.4
    endloop
  endfacet
  facet normal 0 0 1
    outer loop
      vertex -69.1824 53.8188 0.4
      vertex -69.2009 52.4054 0.4
      vertex -69.1053 52.3486 0.4
    endloop
  endfacet
  facet normal -0 0 1
    outer loop
      vertex -69.2715 53.7523 0.4
      vertex -69.2009 52.4054 0.4
      vertex -69.1824 53.8188 0.4
    endloop
  endfacet
  facet normal 0 0 1
    outer loop
      vertex -69.2715 53.7523 0.4
      vertex -69.2882 52.4743 0.4
      vertex -69.2009 52.4054 0.4
    endloop
  endfacet
  facet normal -0 0 1
    outer loop
      vertex -69.3511 53.6747 0.4
      vertex -69.2882 52.4743 0.4
      vertex -69.2715 53.7523 0.4
    endloop
  endfacet
  facet normal 0 0 1
    outer loop
      vertex -69.3511 53.6747 0.4
      vertex -69.3658 52.5539 0.4
      vertex -69.2882 52.4743 0.4
    endloop
  endfacet
  facet normal -0 0 1
    outer loop
      vertex -69.42 53.5874 0.4
      vertex -69.3658 52.5539 0.4
      vertex -69.3511 53.6747 0.4
    endloop
  endfacet
  facet normal 0 0 1
    outer loop
      vertex -69.42 53.5874 0.4
      vertex -69.4323 52.643 0.4
      vertex -69.3658 52.5539 0.4
    endloop
  endfacet
  facet normal -0 0 1
    outer loop
      vertex -69.4768 53.4918 0.4
      vertex -69.4323 52.643 0.4
      vertex -69.42 53.5874 0.4
    endloop
  endfacet
  facet normal 0 0 1
    outer loop
      vertex -69.4768 53.4918 0.4
      vertex -69.4866 52.74 0.4
      vertex -69.4323 52.643 0.4
    endloop
  endfacet
  facet normal -0 0 1
    outer loop
      vertex -69.5207 53.3897 0.4
      vertex -69.4866 52.74 0.4
      vertex -69.4768 53.4918 0.4
    endloop
  endfacet
  facet normal 0 0 1
    outer loop
      vertex -69.5207 53.3897 0.4
      vertex -69.5278 52.8433 0.4
      vertex -69.4866 52.74 0.4
    endloop
  endfacet
  facet normal -0 0 1
    outer loop
      vertex -69.5509 53.2827 0.4
      vertex -69.5278 52.8433 0.4
      vertex -69.5207 53.3897 0.4
    endloop
  endfacet
  facet normal 0 0 1
    outer loop
      vertex -69.5509 53.2827 0.4
      vertex -69.5552 52.951 0.4
      vertex -69.5278 52.8433 0.4
    endloop
  endfacet
  facet normal -0 0 1
    outer loop
      vertex -69.5668 53.1726 0.4
      vertex -69.5552 52.951 0.4
      vertex -69.5509 53.2827 0.4
    endloop
  endfacet
  facet normal 0 0 1
    outer loop
      vertex -69.5552 52.951 0.4
      vertex -69.5668 53.1726 0.4
      vertex -69.5683 53.0615 0.4
    endloop
  endfacet
  facet normal -0.37046 0.928848 0
    outer loop
      vertex -68.3535 52.3387 0.4
      vertex -68.4568 52.2975 3
      vertex -68.3535 52.3387 3
    endloop
  endfacet
  facet normal -0.37046 0.928848 0
    outer loop
      vertex -68.4568 52.2975 3
      vertex -68.3535 52.3387 0.4
      vertex -68.4568 52.2975 0.4
    endloop
  endfacet
  facet normal 0.395005 0.918679 -0
    outer loop
      vertex -69.0032 52.3047 0.4
      vertex -69.1053 52.3486 3
      vertex -69.0032 52.3047 3
    endloop
  endfacet
  facet normal 0.395005 0.918679 0
    outer loop
      vertex -69.1053 52.3486 3
      vertex -69.0032 52.3047 0.4
      vertex -69.1053 52.3486 0.4
    endloop
  endfacet
  facet normal -0.962936 0.26973 0
    outer loop
      vertex -104.543 -11.2636 0.4
      vertex -104.513 -11.1565 3
      vertex -104.513 -11.1565 0.4
    endloop
  endfacet
  facet normal -0.962936 0.26973 0
    outer loop
      vertex -104.513 -11.1565 3
      vertex -104.543 -11.2636 0.4
      vertex -104.543 -11.2636 3
    endloop
  endfacet
  facet normal 0.599136 -0.800647 0
    outer loop
      vertex -105.896 -10.3335 0.4
      vertex -105.807 -10.2669 3
      vertex -105.896 -10.3335 3
    endloop
  endfacet
  facet normal 0.599136 -0.800647 0
    outer loop
      vertex -105.807 -10.2669 3
      vertex -105.896 -10.3335 0.4
      vertex -105.807 -10.2669 0.4
    endloop
  endfacet
  facet normal 0.929466 0.368907 0
    outer loop
      vertex -106.111 -11.3458 3
      vertex -106.152 -11.2425 0.4
      vertex -106.152 -11.2425 3
    endloop
  endfacet
  facet normal 0.929466 0.368907 0
    outer loop
      vertex -106.152 -11.2425 0.4
      vertex -106.111 -11.3458 3
      vertex -106.111 -11.3458 0.4
    endloop
  endfacet
  facet normal 0.798922 0.601435 0
    outer loop
      vertex -105.99 -11.5318 3
      vertex -106.057 -11.4428 0.4
      vertex -106.057 -11.4428 3
    endloop
  endfacet
  facet normal 0.798922 0.601435 0
    outer loop
      vertex -106.057 -11.4428 0.4
      vertex -105.99 -11.5318 3
      vertex -105.99 -11.5318 0.4
    endloop
  endfacet
  facet normal -0.371391 0.928477 0
    outer loop
      vertex -104.978 -11.747 0.4
      vertex -105.081 -11.7882 3
      vertex -104.978 -11.747 3
    endloop
  endfacet
  facet normal -0.371391 0.928477 0
    outer loop
      vertex -105.081 -11.7882 3
      vertex -104.978 -11.747 0.4
      vertex -105.081 -11.7882 0.4
    endloop
  endfacet
  facet normal 0.788914 -0.614504 0
    outer loop
      vertex -106.044 -10.4984 3
      vertex -105.976 -10.4111 0.4
      vertex -105.976 -10.4111 3
    endloop
  endfacet
  facet normal 0.788914 -0.614504 0
    outer loop
      vertex -105.976 -10.4111 0.4
      vertex -106.044 -10.4984 3
      vertex -106.044 -10.4984 0.4
    endloop
  endfacet
  facet normal 0.0133917 0.99991 -0
    outer loop
      vertex -105.299 -11.8287 0.4
      vertex -105.411 -11.8272 3
      vertex -105.299 -11.8287 3
    endloop
  endfacet
  facet normal 0.0133917 0.99991 0
    outer loop
      vertex -105.411 -11.8272 3
      vertex -105.299 -11.8287 0.4
      vertex -105.411 -11.8272 0.4
    endloop
  endfacet
  facet normal 0.967884 0.251398 0
    outer loop
      vertex -106.152 -11.2425 3
      vertex -106.18 -11.1347 0.4
      vertex -106.18 -11.1347 3
    endloop
  endfacet
  facet normal 0.967884 0.251398 0
    outer loop
      vertex -106.18 -11.1347 0.4
      vertex -106.152 -11.2425 3
      vertex -106.152 -11.2425 0.4
    endloop
  endfacet
  facet normal -0.395332 -0.918538 0
    outer loop
      vertex -105.06 -10.1786 0.4
      vertex -104.958 -10.2225 3
      vertex -105.06 -10.1786 3
    endloop
  endfacet
  facet normal -0.395332 -0.918538 -0
    outer loop
      vertex -104.958 -10.2225 3
      vertex -105.06 -10.1786 0.4
      vertex -104.958 -10.2225 0.4
    endloop
  endfacet
  facet normal -0.598559 0.801079 0
    outer loop
      vertex -104.792 -11.6262 0.4
      vertex -104.881 -11.6927 3
      vertex -104.792 -11.6262 3
    endloop
  endfacet
  facet normal -0.598559 0.801079 0
    outer loop
      vertex -104.881 -11.6927 3
      vertex -104.792 -11.6262 0.4
      vertex -104.881 -11.6927 0.4
    endloop
  endfacet
  facet normal 0.719184 0.69482 0
    outer loop
      vertex -105.913 -11.6115 3
      vertex -105.99 -11.5318 0.4
      vertex -105.99 -11.5318 3
    endloop
  endfacet
  facet normal 0.719184 0.69482 0
    outer loop
      vertex -105.99 -11.5318 0.4
      vertex -105.913 -11.6115 3
      vertex -105.913 -11.6115 0.4
    endloop
  endfacet
  facet normal -0.719184 -0.69482 0
    outer loop
      vertex -104.698 -10.4278 0.4
      vertex -104.775 -10.3481 3
      vertex -104.775 -10.3481 0.4
    endloop
  endfacet
  facet normal -0.719184 -0.69482 0
    outer loop
      vertex -104.775 -10.3481 3
      vertex -104.698 -10.4278 0.4
      vertex -104.698 -10.4278 3
    endloop
  endfacet
  facet normal 0.858681 -0.512511 0
    outer loop
      vertex -106.101 -10.5939 3
      vertex -106.044 -10.4984 0.4
      vertex -106.044 -10.4984 3
    endloop
  endfacet
  facet normal 0.858681 -0.512511 0
    outer loop
      vertex -106.044 -10.4984 0.4
      vertex -106.101 -10.5939 3
      vertex -106.101 -10.5939 0.4
    endloop
  endfacet
  facet normal 0.989586 -0.14394 0
    outer loop
      vertex -106.191 -10.9131 3
      vertex -106.175 -10.8031 0.4
      vertex -106.175 -10.8031 3
    endloop
  endfacet
  facet normal 0.989586 -0.14394 0
    outer loop
      vertex -106.175 -10.8031 0.4
      vertex -106.191 -10.9131 3
      vertex -106.191 -10.9131 0.4
    endloop
  endfacet
  facet normal -0.799246 -0.601004 0
    outer loop
      vertex -104.631 -10.5169 0.4
      vertex -104.698 -10.4278 3
      vertex -104.698 -10.4278 0.4
    endloop
  endfacet
  facet normal -0.799246 -0.601004 0
    outer loop
      vertex -104.698 -10.4278 3
      vertex -104.631 -10.5169 0.4
      vertex -104.631 -10.5169 3
    endloop
  endfacet
  facet normal 0.117205 -0.993108 0
    outer loop
      vertex -105.499 -10.1441 0.4
      vertex -105.388 -10.131 3
      vertex -105.499 -10.1441 3
    endloop
  endfacet
  facet normal 0.117205 -0.993108 0
    outer loop
      vertex -105.388 -10.131 3
      vertex -105.499 -10.1441 0.4
      vertex -105.388 -10.131 0.4
    endloop
  endfacet
  facet normal -0.696258 0.717792 0
    outer loop
      vertex -104.712 -11.5486 0.4
      vertex -104.792 -11.6262 3
      vertex -104.712 -11.5486 3
    endloop
  endfacet
  facet normal -0.696258 0.717792 0
    outer loop
      vertex -104.792 -11.6262 3
      vertex -104.712 -11.5486 0.4
      vertex -104.792 -11.6262 0.4
    endloop
  endfacet
  facet normal 0.14394 0.989586 -0
    outer loop
      vertex -105.411 -11.8272 0.4
      vertex -105.521 -11.8112 3
      vertex -105.411 -11.8272 3
    endloop
  endfacet
  facet normal 0.14394 0.989586 0
    outer loop
      vertex -105.521 -11.8112 3
      vertex -105.411 -11.8272 0.4
      vertex -105.521 -11.8112 0.4
    endloop
  endfacet
  facet normal -0.989586 0.14394 0
    outer loop
      vertex -104.513 -11.1565 0.4
      vertex -104.497 -11.0465 3
      vertex -104.497 -11.0465 0.4
    endloop
  endfacet
  facet normal -0.989586 0.14394 0
    outer loop
      vertex -104.497 -11.0465 3
      vertex -104.513 -11.1565 0.4
      vertex -104.513 -11.1565 3
    endloop
  endfacet
  facet normal -0.271631 -0.962401 0
    outer loop
      vertex -105.167 -10.1484 0.4
      vertex -105.06 -10.1786 3
      vertex -105.167 -10.1484 3
    endloop
  endfacet
  facet normal -0.271631 -0.962401 -0
    outer loop
      vertex -105.06 -10.1786 3
      vertex -105.167 -10.1484 0.4
      vertex -105.06 -10.1786 0.4
    endloop
  endfacet
  facet normal -0.784538 0.620081 0
    outer loop
      vertex -104.712 -11.5486 0.4
      vertex -104.643 -11.4613 3
      vertex -104.643 -11.4613 0.4
    endloop
  endfacet
  facet normal -0.784538 0.620081 0
    outer loop
      vertex -104.643 -11.4613 3
      vertex -104.712 -11.5486 0.4
      vertex -104.712 -11.5486 3
    endloop
  endfacet
  facet normal -0.967827 -0.251617 0
    outer loop
      vertex -104.508 -10.8249 0.4
      vertex -104.536 -10.7172 3
      vertex -104.536 -10.7172 0.4
    endloop
  endfacet
  facet normal -0.967827 -0.251617 0
    outer loop
      vertex -104.536 -10.7172 3
      vertex -104.508 -10.8249 0.4
      vertex -104.508 -10.8249 3
    endloop
  endfacet
  facet normal 0.993138 0.116946 0
    outer loop
      vertex -106.18 -11.1347 3
      vertex -106.193 -11.0243 0.4
      vertex -106.193 -11.0243 3
    endloop
  endfacet
  facet normal 0.993138 0.116946 0
    outer loop
      vertex -106.193 -11.0243 0.4
      vertex -106.18 -11.1347 3
      vertex -106.18 -11.1347 0.4
    endloop
  endfacet
  facet normal 0.395332 0.918538 -0
    outer loop
      vertex -105.628 -11.7811 0.4
      vertex -105.73 -11.7372 3
      vertex -105.628 -11.7811 3
    endloop
  endfacet
  facet normal 0.395332 0.918538 0
    outer loop
      vertex -105.73 -11.7372 3
      vertex -105.628 -11.7811 0.4
      vertex -105.73 -11.7372 0.4
    endloop
  endfacet
  facet normal 0.615922 0.787807 -0
    outer loop
      vertex -105.825 -11.6803 0.4
      vertex -105.913 -11.6115 3
      vertex -105.825 -11.6803 3
    endloop
  endfacet
  facet normal 0.615922 0.787807 0
    outer loop
      vertex -105.913 -11.6115 3
      vertex -105.825 -11.6803 0.4
      vertex -105.913 -11.6115 0.4
    endloop
  endfacet
  facet normal 0.488466 -0.872583 0
    outer loop
      vertex -105.807 -10.2669 0.4
      vertex -105.71 -10.2126 3
      vertex -105.807 -10.2669 3
    endloop
  endfacet
  facet normal 0.488466 -0.872583 0
    outer loop
      vertex -105.71 -10.2126 3
      vertex -105.807 -10.2669 0.4
      vertex -105.71 -10.2126 0.4
    endloop
  endfacet
  facet normal -0.929466 -0.368907 0
    outer loop
      vertex -104.536 -10.7172 0.4
      vertex -104.577 -10.6139 3
      vertex -104.577 -10.6139 0.4
    endloop
  endfacet
  facet normal -0.929466 -0.368907 0
    outer loop
      vertex -104.577 -10.6139 3
      vertex -104.536 -10.7172 0.4
      vertex -104.536 -10.7172 3
    endloop
  endfacet
  facet normal -0.862861 0.505442 0
    outer loop
      vertex -104.643 -11.4613 0.4
      vertex -104.587 -11.3657 3
      vertex -104.587 -11.3657 0.4
    endloop
  endfacet
  facet normal -0.862861 0.505442 0
    outer loop
      vertex -104.587 -11.3657 3
      vertex -104.643 -11.4613 0.4
      vertex -104.643 -11.4613 3
    endloop
  endfacet
  facet normal -0.488466 0.872583 0
    outer loop
      vertex -104.881 -11.6927 0.4
      vertex -104.978 -11.747 3
      vertex -104.881 -11.6927 3
    endloop
  endfacet
  facet normal -0.488466 0.872583 0
    outer loop
      vertex -104.978 -11.747 3
      vertex -104.881 -11.6927 0.4
      vertex -104.978 -11.747 0.4
    endloop
  endfacet
  facet normal 0.270798 0.962636 -0
    outer loop
      vertex -105.521 -11.8112 0.4
      vertex -105.628 -11.7811 3
      vertex -105.521 -11.8112 3
    endloop
  endfacet
  facet normal 0.270798 0.962636 0
    outer loop
      vertex -105.628 -11.7811 3
      vertex -105.521 -11.8112 0.4
      vertex -105.628 -11.7811 0.4
    endloop
  endfacet
  facet normal -0.14394 -0.989586 0
    outer loop
      vertex -105.277 -10.1324 0.4
      vertex -105.167 -10.1484 3
      vertex -105.277 -10.1324 3
    endloop
  endfacet
  facet normal -0.14394 -0.989586 -0
    outer loop
      vertex -105.167 -10.1484 3
      vertex -105.277 -10.1324 0.4
      vertex -105.167 -10.1484 0.4
    endloop
  endfacet
  facet normal -0.245913 0.969292 0
    outer loop
      vertex -105.081 -11.7882 0.4
      vertex -105.189 -11.8156 3
      vertex -105.081 -11.7882 3
    endloop
  endfacet
  facet normal -0.245913 0.969292 0
    outer loop
      vertex -105.189 -11.8156 3
      vertex -105.081 -11.7882 0.4
      vertex -105.189 -11.8156 0.4
    endloop
  endfacet
  facet normal -0.118255 0.992983 0
    outer loop
      vertex -105.189 -11.8156 0.4
      vertex -105.299 -11.8287 3
      vertex -105.189 -11.8156 3
    endloop
  endfacet
  facet normal -0.118255 0.992983 0
    outer loop
      vertex -105.299 -11.8287 3
      vertex -105.189 -11.8156 0.4
      vertex -105.299 -11.8287 0.4
    endloop
  endfacet
  facet normal -0.513167 -0.858289 0
    outer loop
      vertex -104.958 -10.2225 0.4
      vertex -104.863 -10.2793 3
      vertex -104.958 -10.2225 3
    endloop
  endfacet
  facet normal -0.513167 -0.858289 -0
    outer loop
      vertex -104.863 -10.2793 3
      vertex -104.958 -10.2225 0.4
      vertex -104.863 -10.2793 0.4
    endloop
  endfacet
  facet normal 0.999838 -0.0179827 0
    outer loop
      vertex -106.193 -11.0243 3
      vertex -106.191 -10.9131 0.4
      vertex -106.191 -10.9131 3
    endloop
  endfacet
  facet normal 0.999838 -0.0179827 0
    outer loop
      vertex -106.191 -10.9131 0.4
      vertex -106.193 -11.0243 3
      vertex -106.193 -11.0243 0.4
    endloop
  endfacet
  facet normal 0.873732 0.486408 0
    outer loop
      vertex -106.057 -11.4428 3
      vertex -106.111 -11.3458 0.4
      vertex -106.111 -11.3458 3
    endloop
  endfacet
  facet normal 0.873732 0.486408 0
    outer loop
      vertex -106.111 -11.3458 0.4
      vertex -106.057 -11.4428 3
      vertex -106.057 -11.4428 0.4
    endloop
  endfacet
  facet normal -0.918352 0.395764 0
    outer loop
      vertex -104.587 -11.3657 0.4
      vertex -104.543 -11.2636 3
      vertex -104.543 -11.2636 0.4
    endloop
  endfacet
  facet normal -0.918352 0.395764 0
    outer loop
      vertex -104.543 -11.2636 3
      vertex -104.587 -11.3657 0.4
      vertex -104.587 -11.3657 3
    endloop
  endfacet
  facet normal 0.962871 -0.269964 0
    outer loop
      vertex -106.175 -10.8031 3
      vertex -106.145 -10.6961 0.4
      vertex -106.145 -10.6961 3
    endloop
  endfacet
  facet normal 0.962871 -0.269964 0
    outer loop
      vertex -106.145 -10.6961 0.4
      vertex -106.175 -10.8031 3
      vertex -106.175 -10.8031 0.4
    endloop
  endfacet
  facet normal -0.0126116 -0.99992 0
    outer loop
      vertex -105.388 -10.131 0.4
      vertex -105.277 -10.1324 3
      vertex -105.388 -10.131 3
    endloop
  endfacet
  facet normal -0.0126116 -0.99992 -0
    outer loop
      vertex -105.277 -10.1324 3
      vertex -105.388 -10.131 0.4
      vertex -105.277 -10.1324 0.4
    endloop
  endfacet
  facet normal 0.696258 -0.717792 0
    outer loop
      vertex -105.976 -10.4111 0.4
      vertex -105.896 -10.3335 3
      vertex -105.976 -10.4111 3
    endloop
  endfacet
  facet normal 0.696258 -0.717792 0
    outer loop
      vertex -105.896 -10.3335 3
      vertex -105.976 -10.4111 0.4
      vertex -105.896 -10.3335 0.4
    endloop
  endfacet
  facet normal -0.615922 -0.787807 0
    outer loop
      vertex -104.863 -10.2793 0.4
      vertex -104.775 -10.3481 3
      vertex -104.863 -10.2793 3
    endloop
  endfacet
  facet normal -0.615922 -0.787807 -0
    outer loop
      vertex -104.775 -10.3481 3
      vertex -104.863 -10.2793 0.4
      vertex -104.775 -10.3481 0.4
    endloop
  endfacet
  facet normal 0.513832 0.857891 -0
    outer loop
      vertex -105.73 -11.7372 0.4
      vertex -105.825 -11.6803 3
      vertex -105.73 -11.7372 3
    endloop
  endfacet
  facet normal 0.513832 0.857891 0
    outer loop
      vertex -105.825 -11.6803 3
      vertex -105.73 -11.7372 0.4
      vertex -105.825 -11.6803 0.4
    endloop
  endfacet
  facet normal 0.918493 -0.395437 0
    outer loop
      vertex -106.145 -10.6961 3
      vertex -106.101 -10.5939 0.4
      vertex -106.101 -10.5939 3
    endloop
  endfacet
  facet normal 0.918493 -0.395437 0
    outer loop
      vertex -106.101 -10.5939 0.4
      vertex -106.145 -10.6961 3
      vertex -106.145 -10.6961 0.4
    endloop
  endfacet
  facet normal -0.999838 0.0179827 0
    outer loop
      vertex -104.497 -11.0465 0.4
      vertex -104.495 -10.9353 3
      vertex -104.495 -10.9353 0.4
    endloop
  endfacet
  facet normal -0.999838 0.0179827 0
    outer loop
      vertex -104.495 -10.9353 3
      vertex -104.497 -11.0465 0.4
      vertex -104.497 -11.0465 3
    endloop
  endfacet
  facet normal -0.993138 -0.116946 0
    outer loop
      vertex -104.495 -10.9353 0.4
      vertex -104.508 -10.8249 3
      vertex -104.508 -10.8249 0.4
    endloop
  endfacet
  facet normal -0.993138 -0.116946 0
    outer loop
      vertex -104.508 -10.8249 3
      vertex -104.495 -10.9353 0.4
      vertex -104.495 -10.9353 3
    endloop
  endfacet
  facet normal -0.873732 -0.486408 0
    outer loop
      vertex -104.577 -10.6139 0.4
      vertex -104.631 -10.5169 3
      vertex -104.631 -10.5169 0.4
    endloop
  endfacet
  facet normal -0.873732 -0.486408 0
    outer loop
      vertex -104.631 -10.5169 3
      vertex -104.577 -10.6139 0.4
      vertex -104.577 -10.6139 3
    endloop
  endfacet
  facet normal 0 0 1
    outer loop
      vertex -104.508 -10.8249 0.4
      vertex -104.497 -11.0465 0.4
      vertex -104.495 -10.9353 0.4
    endloop
  endfacet
  facet normal 0 0 1
    outer loop
      vertex -104.508 -10.8249 0.4
      vertex -104.513 -11.1565 0.4
      vertex -104.497 -11.0465 0.4
    endloop
  endfacet
  facet normal 0 0 1
    outer loop
      vertex -104.536 -10.7172 0.4
      vertex -104.513 -11.1565 0.4
      vertex -104.508 -10.8249 0.4
    endloop
  endfacet
  facet normal 0 0 1
    outer loop
      vertex -104.536 -10.7172 0.4
      vertex -104.543 -11.2636 0.4
      vertex -104.513 -11.1565 0.4
    endloop
  endfacet
  facet normal 0 0 1
    outer loop
      vertex -104.577 -10.6139 0.4
      vertex -104.543 -11.2636 0.4
      vertex -104.536 -10.7172 0.4
    endloop
  endfacet
  facet normal 0 0 1
    outer loop
      vertex -104.577 -10.6139 0.4
      vertex -104.587 -11.3657 0.4
      vertex -104.543 -11.2636 0.4
    endloop
  endfacet
  facet normal 0 0 1
    outer loop
      vertex -104.631 -10.5169 0.4
      vertex -104.587 -11.3657 0.4
      vertex -104.577 -10.6139 0.4
    endloop
  endfacet
  facet normal 0 0 1
    outer loop
      vertex -104.631 -10.5169 0.4
      vertex -104.643 -11.4613 0.4
      vertex -104.587 -11.3657 0.4
    endloop
  endfacet
  facet normal 0 0 1
    outer loop
      vertex -104.698 -10.4278 0.4
      vertex -104.643 -11.4613 0.4
      vertex -104.631 -10.5169 0.4
    endloop
  endfacet
  facet normal 0 0 1
    outer loop
      vertex -104.698 -10.4278 0.4
      vertex -104.712 -11.5486 0.4
      vertex -104.643 -11.4613 0.4
    endloop
  endfacet
  facet normal 0 0 1
    outer loop
      vertex -104.775 -10.3481 0.4
      vertex -104.712 -11.5486 0.4
      vertex -104.698 -10.4278 0.4
    endloop
  endfacet
  facet normal 0 0 1
    outer loop
      vertex -104.775 -10.3481 0.4
      vertex -104.792 -11.6262 0.4
      vertex -104.712 -11.5486 0.4
    endloop
  endfacet
  facet normal 0 0 1
    outer loop
      vertex -104.863 -10.2793 0.4
      vertex -104.792 -11.6262 0.4
      vertex -104.775 -10.3481 0.4
    endloop
  endfacet
  facet normal 0 0 1
    outer loop
      vertex -104.863 -10.2793 0.4
      vertex -104.881 -11.6927 0.4
      vertex -104.792 -11.6262 0.4
    endloop
  endfacet
  facet normal 0 0 1
    outer loop
      vertex -104.958 -10.2225 0.4
      vertex -104.881 -11.6927 0.4
      vertex -104.863 -10.2793 0.4
    endloop
  endfacet
  facet normal 0 0 1
    outer loop
      vertex -104.958 -10.2225 0.4
      vertex -104.978 -11.747 0.4
      vertex -104.881 -11.6927 0.4
    endloop
  endfacet
  facet normal 0 0 1
    outer loop
      vertex -105.06 -10.1786 0.4
      vertex -104.978 -11.747 0.4
      vertex -104.958 -10.2225 0.4
    endloop
  endfacet
  facet normal 0 0 1
    outer loop
      vertex -105.06 -10.1786 0.4
      vertex -105.081 -11.7882 0.4
      vertex -104.978 -11.747 0.4
    endloop
  endfacet
  facet normal 0 0 1
    outer loop
      vertex -105.167 -10.1484 0.4
      vertex -105.081 -11.7882 0.4
      vertex -105.06 -10.1786 0.4
    endloop
  endfacet
  facet normal 0 0 1
    outer loop
      vertex -105.167 -10.1484 0.4
      vertex -105.189 -11.8156 0.4
      vertex -105.081 -11.7882 0.4
    endloop
  endfacet
  facet normal 0 0 1
    outer loop
      vertex -105.277 -10.1324 0.4
      vertex -105.189 -11.8156 0.4
      vertex -105.167 -10.1484 0.4
    endloop
  endfacet
  facet normal 0 0 1
    outer loop
      vertex -105.277 -10.1324 0.4
      vertex -105.299 -11.8287 0.4
      vertex -105.189 -11.8156 0.4
    endloop
  endfacet
  facet normal 0 0 1
    outer loop
      vertex -105.388 -10.131 0.4
      vertex -105.299 -11.8287 0.4
      vertex -105.277 -10.1324 0.4
    endloop
  endfacet
  facet normal 0 0 1
    outer loop
      vertex -105.388 -10.131 0.4
      vertex -105.411 -11.8272 0.4
      vertex -105.299 -11.8287 0.4
    endloop
  endfacet
  facet normal -0 0 1
    outer loop
      vertex -105.499 -10.1441 0.4
      vertex -105.411 -11.8272 0.4
      vertex -105.388 -10.131 0.4
    endloop
  endfacet
  facet normal 0 0 1
    outer loop
      vertex -105.499 -10.1441 0.4
      vertex -105.521 -11.8112 0.4
      vertex -105.411 -11.8272 0.4
    endloop
  endfacet
  facet normal -0 0 1
    outer loop
      vertex -105.607 -10.1714 0.4
      vertex -105.521 -11.8112 0.4
      vertex -105.499 -10.1441 0.4
    endloop
  endfacet
  facet normal 0 0 1
    outer loop
      vertex -105.607 -10.1714 0.4
      vertex -105.628 -11.7811 0.4
      vertex -105.521 -11.8112 0.4
    endloop
  endfacet
  facet normal -0 0 1
    outer loop
      vertex -105.71 -10.2126 0.4
      vertex -105.628 -11.7811 0.4
      vertex -105.607 -10.1714 0.4
    endloop
  endfacet
  facet normal 0 0 1
    outer loop
      vertex -105.71 -10.2126 0.4
      vertex -105.73 -11.7372 0.4
      vertex -105.628 -11.7811 0.4
    endloop
  endfacet
  facet normal -0 0 1
    outer loop
      vertex -105.807 -10.2669 0.4
      vertex -105.73 -11.7372 0.4
      vertex -105.71 -10.2126 0.4
    endloop
  endfacet
  facet normal 0 0 1
    outer loop
      vertex -105.807 -10.2669 0.4
      vertex -105.825 -11.6803 0.4
      vertex -105.73 -11.7372 0.4
    endloop
  endfacet
  facet normal -0 0 1
    outer loop
      vertex -105.896 -10.3335 0.4
      vertex -105.825 -11.6803 0.4
      vertex -105.807 -10.2669 0.4
    endloop
  endfacet
  facet normal 0 0 1
    outer loop
      vertex -105.896 -10.3335 0.4
      vertex -105.913 -11.6115 0.4
      vertex -105.825 -11.6803 0.4
    endloop
  endfacet
  facet normal -0 0 1
    outer loop
      vertex -105.976 -10.4111 0.4
      vertex -105.913 -11.6115 0.4
      vertex -105.896 -10.3335 0.4
    endloop
  endfacet
  facet normal 0 0 1
    outer loop
      vertex -105.976 -10.4111 0.4
      vertex -105.99 -11.5318 0.4
      vertex -105.913 -11.6115 0.4
    endloop
  endfacet
  facet normal -0 0 1
    outer loop
      vertex -106.044 -10.4984 0.4
      vertex -105.99 -11.5318 0.4
      vertex -105.976 -10.4111 0.4
    endloop
  endfacet
  facet normal 0 0 1
    outer loop
      vertex -106.044 -10.4984 0.4
      vertex -106.057 -11.4428 0.4
      vertex -105.99 -11.5318 0.4
    endloop
  endfacet
  facet normal -0 0 1
    outer loop
      vertex -106.101 -10.5939 0.4
      vertex -106.057 -11.4428 0.4
      vertex -106.044 -10.4984 0.4
    endloop
  endfacet
  facet normal 0 0 1
    outer loop
      vertex -106.101 -10.5939 0.4
      vertex -106.111 -11.3458 0.4
      vertex -106.057 -11.4428 0.4
    endloop
  endfacet
  facet normal -0 0 1
    outer loop
      vertex -106.145 -10.6961 0.4
      vertex -106.111 -11.3458 0.4
      vertex -106.101 -10.5939 0.4
    endloop
  endfacet
  facet normal 0 0 1
    outer loop
      vertex -106.145 -10.6961 0.4
      vertex -106.152 -11.2425 0.4
      vertex -106.111 -11.3458 0.4
    endloop
  endfacet
  facet normal -0 0 1
    outer loop
      vertex -106.175 -10.8031 0.4
      vertex -106.152 -11.2425 0.4
      vertex -106.145 -10.6961 0.4
    endloop
  endfacet
  facet normal 0 0 1
    outer loop
      vertex -106.175 -10.8031 0.4
      vertex -106.18 -11.1347 0.4
      vertex -106.152 -11.2425 0.4
    endloop
  endfacet
  facet normal -0 0 1
    outer loop
      vertex -106.191 -10.9131 0.4
      vertex -106.18 -11.1347 0.4
      vertex -106.175 -10.8031 0.4
    endloop
  endfacet
  facet normal 0 0 1
    outer loop
      vertex -106.18 -11.1347 0.4
      vertex -106.191 -10.9131 0.4
      vertex -106.193 -11.0243 0.4
    endloop
  endfacet
  facet normal 0.245069 -0.969506 0
    outer loop
      vertex -105.607 -10.1714 0.4
      vertex -105.499 -10.1441 3
      vertex -105.607 -10.1714 3
    endloop
  endfacet
  facet normal 0.245069 -0.969506 0
    outer loop
      vertex -105.499 -10.1441 3
      vertex -105.607 -10.1714 0.4
      vertex -105.499 -10.1441 0.4
    endloop
  endfacet
  facet normal 0.371391 -0.928477 0
    outer loop
      vertex -105.71 -10.2126 0.4
      vertex -105.607 -10.1714 3
      vertex -105.71 -10.2126 3
    endloop
  endfacet
  facet normal 0.371391 -0.928477 0
    outer loop
      vertex -105.607 -10.1714 3
      vertex -105.71 -10.2126 0.4
      vertex -105.607 -10.1714 0.4
    endloop
  endfacet
  facet normal 0.989586 -0.14394 0
    outer loop
      vertex -31.5937 -18.2839 3
      vertex -31.5777 -18.1739 0.4
      vertex -31.5777 -18.1739 3
    endloop
  endfacet
  facet normal 0.989586 -0.14394 0
    outer loop
      vertex -31.5777 -18.1739 0.4
      vertex -31.5937 -18.2839 3
      vertex -31.5937 -18.2839 0.4
    endloop
  endfacet
  facet normal -0.962636 0.270798 0
    outer loop
      vertex -29.945 -18.6343 0.4
      vertex -29.9149 -18.5273 3
      vertex -29.9149 -18.5273 0.4
    endloop
  endfacet
  facet normal -0.962636 0.270798 0
    outer loop
      vertex -29.9149 -18.5273 3
      vertex -29.945 -18.6343 0.4
      vertex -29.945 -18.6343 3
    endloop
  endfacet
  facet normal 0.872797 0.488083 0
    outer loop
      vertex -31.4592 -18.8136 3
      vertex -31.5135 -18.7165 0.4
      vertex -31.5135 -18.7165 3
    endloop
  endfacet
  facet normal 0.872797 0.488083 0
    outer loop
      vertex -31.5135 -18.7165 0.4
      vertex -31.4592 -18.8136 3
      vertex -31.4592 -18.8136 0.4
    endloop
  endfacet
  facet normal 0.697605 -0.716483 0
    outer loop
      vertex -31.378 -17.7819 0.4
      vertex -31.2983 -17.7043 3
      vertex -31.378 -17.7819 3
    endloop
  endfacet
  facet normal 0.697605 -0.716483 0
    outer loop
      vertex -31.2983 -17.7043 3
      vertex -31.378 -17.7819 0.4
      vertex -31.2983 -17.7043 0.4
    endloop
  endfacet
  facet normal 0.918819 -0.394679 0
    outer loop
      vertex -31.5475 -18.0669 3
      vertex -31.5036 -17.9647 0.4
      vertex -31.5036 -17.9647 3
    endloop
  endfacet
  facet normal 0.918819 -0.394679 0
    outer loop
      vertex -31.5036 -17.9647 0.4
      vertex -31.5475 -18.0669 3
      vertex -31.5475 -18.0669 0.4
    endloop
  endfacet
  facet normal 0.598705 -0.80097 0
    outer loop
      vertex -31.2983 -17.7043 0.4
      vertex -31.2092 -17.6377 3
      vertex -31.2983 -17.7043 3
    endloop
  endfacet
  facet normal 0.598705 -0.80097 0
    outer loop
      vertex -31.2092 -17.6377 3
      vertex -31.2983 -17.7043 0.4
      vertex -31.2092 -17.6377 0.4
    endloop
  endfacet
  facet normal 0.488466 -0.872583 0
    outer loop
      vertex -31.2092 -17.6377 0.4
      vertex -31.1122 -17.5834 3
      vertex -31.2092 -17.6377 3
    endloop
  endfacet
  facet normal 0.488466 -0.872583 0
    outer loop
      vertex -31.1122 -17.5834 3
      vertex -31.2092 -17.6377 0.4
      vertex -31.1122 -17.5834 0.4
    endloop
  endfacet
  facet normal -0.859312 0.511452 0
    outer loop
      vertex -30.0458 -18.8321 0.4
      vertex -29.9889 -18.7365 3
      vertex -29.9889 -18.7365 0.4
    endloop
  endfacet
  facet normal -0.859312 0.511452 0
    outer loop
      vertex -29.9889 -18.7365 3
      vertex -30.0458 -18.8321 0.4
      vertex -30.0458 -18.8321 3
    endloop
  endfacet
  facet normal -0.271631 -0.962401 0
    outer loop
      vertex -30.5696 -17.5192 0.4
      vertex -30.4626 -17.5494 3
      vertex -30.5696 -17.5192 3
    endloop
  endfacet
  facet normal -0.271631 -0.962401 -0
    outer loop
      vertex -30.4626 -17.5494 3
      vertex -30.5696 -17.5192 0.4
      vertex -30.4626 -17.5494 0.4
    endloop
  endfacet
  facet normal 0.800647 0.599136 0
    outer loop
      vertex -31.3926 -18.9026 3
      vertex -31.4592 -18.8136 0.4
      vertex -31.4592 -18.8136 3
    endloop
  endfacet
  facet normal 0.800647 0.599136 0
    outer loop
      vertex -31.4592 -18.8136 0.4
      vertex -31.3926 -18.9026 3
      vertex -31.3926 -18.9026 0.4
    endloop
  endfacet
  facet normal 0.37077 -0.928725 0
    outer loop
      vertex -31.1122 -17.5834 0.4
      vertex -31.009 -17.5422 3
      vertex -31.1122 -17.5834 3
    endloop
  endfacet
  facet normal 0.37077 -0.928725 0
    outer loop
      vertex -31.009 -17.5422 3
      vertex -31.1122 -17.5834 0.4
      vertex -31.009 -17.5422 0.4
    endloop
  endfacet
  facet normal -0.116946 0.993138 0
    outer loop
      vertex -30.5914 -19.1864 0.4
      vertex -30.7018 -19.1994 3
      vertex -30.5914 -19.1864 3
    endloop
  endfacet
  facet normal -0.116946 0.993138 0
    outer loop
      vertex -30.7018 -19.1994 3
      vertex -30.5914 -19.1864 0.4
      vertex -30.7018 -19.1994 0.4
    endloop
  endfacet
  facet normal 0.394679 0.918819 -0
    outer loop
      vertex -31.03 -19.1519 0.4
      vertex -31.1322 -19.108 3
      vertex -31.03 -19.1519 3
    endloop
  endfacet
  facet normal 0.394679 0.918819 0
    outer loop
      vertex -31.1322 -19.108 3
      vertex -31.03 -19.1519 0.4
      vertex -31.1322 -19.108 0.4
    endloop
  endfacet
  facet normal 0.993138 0.116946 0
    outer loop
      vertex -31.5821 -18.5055 3
      vertex -31.5951 -18.3951 0.4
      vertex -31.5951 -18.3951 3
    endloop
  endfacet
  facet normal 0.993138 0.116946 0
    outer loop
      vertex -31.5951 -18.3951 0.4
      vertex -31.5821 -18.5055 3
      vertex -31.5821 -18.5055 0.4
    endloop
  endfacet
  facet normal 0.511848 0.859076 -0
    outer loop
      vertex -31.1322 -19.108 0.4
      vertex -31.2277 -19.0511 3
      vertex -31.1322 -19.108 3
    endloop
  endfacet
  facet normal 0.511848 0.859076 0
    outer loop
      vertex -31.2277 -19.0511 3
      vertex -31.1322 -19.108 0.4
      vertex -31.2277 -19.0511 0.4
    endloop
  endfacet
  facet normal -0.37077 0.928725 0
    outer loop
      vertex -30.3804 -19.1178 0.4
      vertex -30.4836 -19.159 3
      vertex -30.3804 -19.1178 3
    endloop
  endfacet
  facet normal -0.37077 0.928725 0
    outer loop
      vertex -30.4836 -19.159 3
      vertex -30.3804 -19.1178 0.4
      vertex -30.4836 -19.159 0.4
    endloop
  endfacet
  facet normal -0.697605 0.716483 0
    outer loop
      vertex -30.1146 -18.9194 0.4
      vertex -30.1943 -18.997 3
      vertex -30.1146 -18.9194 3
    endloop
  endfacet
  facet normal -0.697605 0.716483 0
    outer loop
      vertex -30.1943 -18.997 3
      vertex -30.1146 -18.9194 0.4
      vertex -30.1943 -18.997 0.4
    endloop
  endfacet
  facet normal 0.962401 -0.271631 0
    outer loop
      vertex -31.5777 -18.1739 3
      vertex -31.5475 -18.0669 0.4
      vertex -31.5475 -18.0669 3
    endloop
  endfacet
  facet normal 0.962401 -0.271631 0
    outer loop
      vertex -31.5475 -18.0669 0.4
      vertex -31.5777 -18.1739 3
      vertex -31.5777 -18.1739 0.4
    endloop
  endfacet
  facet normal 0.270798 0.962636 -0
    outer loop
      vertex -30.923 -19.182 0.4
      vertex -31.03 -19.1519 3
      vertex -30.923 -19.182 3
    endloop
  endfacet
  facet normal 0.270798 0.962636 0
    outer loop
      vertex -31.03 -19.1519 3
      vertex -30.923 -19.182 0.4
      vertex -31.03 -19.1519 0.4
    endloop
  endfacet
  facet normal -0.785412 0.618973 0
    outer loop
      vertex -30.1146 -18.9194 0.4
      vertex -30.0458 -18.8321 3
      vertex -30.0458 -18.8321 0.4
    endloop
  endfacet
  facet normal -0.785412 0.618973 0
    outer loop
      vertex -30.0458 -18.8321 3
      vertex -30.1146 -18.9194 0.4
      vertex -30.1146 -18.9194 3
    endloop
  endfacet
  facet normal -0.246342 0.969183 0
    outer loop
      vertex -30.4836 -19.159 0.4
      vertex -30.5914 -19.1864 3
      vertex -30.4836 -19.159 3
    endloop
  endfacet
  facet normal -0.246342 0.969183 0
    outer loop
      vertex -30.5914 -19.1864 3
      vertex -30.4836 -19.159 0.4
      vertex -30.5914 -19.1864 0.4
    endloop
  endfacet
  facet normal -0.394679 -0.918819 0
    outer loop
      vertex -30.4626 -17.5494 0.4
      vertex -30.3604 -17.5933 3
      vertex -30.4626 -17.5494 3
    endloop
  endfacet
  facet normal -0.394679 -0.918819 -0
    outer loop
      vertex -30.3604 -17.5933 3
      vertex -30.4626 -17.5494 0.4
      vertex -30.3604 -17.5933 0.4
    endloop
  endfacet
  facet normal 0.999921 -0.0125889 0
    outer loop
      vertex -31.5951 -18.3951 3
      vertex -31.5937 -18.2839 0.4
      vertex -31.5937 -18.2839 3
    endloop
  endfacet
  facet normal 0.999921 -0.0125889 0
    outer loop
      vertex -31.5937 -18.2839 0.4
      vertex -31.5951 -18.3951 3
      vertex -31.5951 -18.3951 0.4
    endloop
  endfacet
  facet normal 0.716932 0.697143 0
    outer loop
      vertex -31.3151 -18.9823 3
      vertex -31.3926 -18.9026 0.4
      vertex -31.3926 -18.9026 3
    endloop
  endfacet
  facet normal 0.716932 0.697143 0
    outer loop
      vertex -31.3926 -18.9026 0.4
      vertex -31.3151 -18.9823 3
      vertex -31.3151 -18.9823 0.4
    endloop
  endfacet
  facet normal -0.918819 0.394679 0
    outer loop
      vertex -29.9889 -18.7365 0.4
      vertex -29.945 -18.6343 3
      vertex -29.945 -18.6343 0.4
    endloop
  endfacet
  facet normal -0.918819 0.394679 0
    outer loop
      vertex -29.945 -18.6343 3
      vertex -29.9889 -18.7365 0.4
      vertex -29.9889 -18.7365 3
    endloop
  endfacet
  facet normal 0.0125889 0.999921 -0
    outer loop
      vertex -30.7018 -19.1994 0.4
      vertex -30.813 -19.198 3
      vertex -30.7018 -19.1994 3
    endloop
  endfacet
  facet normal 0.0125889 0.999921 0
    outer loop
      vertex -30.813 -19.198 3
      vertex -30.7018 -19.1994 0.4
      vertex -30.813 -19.198 0.4
    endloop
  endfacet
  facet normal 0.618536 0.785756 -0
    outer loop
      vertex -31.2277 -19.0511 0.4
      vertex -31.3151 -18.9823 3
      vertex -31.2277 -19.0511 3
    endloop
  endfacet
  facet normal 0.618536 0.785756 0
    outer loop
      vertex -31.3151 -18.9823 3
      vertex -31.2277 -19.0511 0.4
      vertex -31.3151 -18.9823 0.4
    endloop
  endfacet
  facet normal -0.488083 0.872797 0
    outer loop
      vertex -30.2833 -19.0635 0.4
      vertex -30.3804 -19.1178 3
      vertex -30.2833 -19.0635 3
    endloop
  endfacet
  facet normal -0.488083 0.872797 0
    outer loop
      vertex -30.3804 -19.1178 3
      vertex -30.2833 -19.0635 0.4
      vertex -30.3804 -19.1178 0.4
    endloop
  endfacet
  facet normal 0.928725 0.37077 0
    outer loop
      vertex -31.5135 -18.7165 3
      vertex -31.5547 -18.6133 0.4
      vertex -31.5547 -18.6133 3
    endloop
  endfacet
  facet normal 0.928725 0.37077 0
    outer loop
      vertex -31.5547 -18.6133 0.4
      vertex -31.5135 -18.7165 3
      vertex -31.5135 -18.7165 0.4
    endloop
  endfacet
  facet normal 0.969183 0.246342 0
    outer loop
      vertex -31.5547 -18.6133 3
      vertex -31.5821 -18.5055 0.4
      vertex -31.5821 -18.5055 3
    endloop
  endfacet
  facet normal 0.969183 0.246342 0
    outer loop
      vertex -31.5821 -18.5055 0.4
      vertex -31.5547 -18.6133 3
      vertex -31.5547 -18.6133 0.4
    endloop
  endfacet
  facet normal -0.0125889 -0.999921 0
    outer loop
      vertex -30.7908 -17.5018 0.4
      vertex -30.6796 -17.5032 3
      vertex -30.7908 -17.5018 3
    endloop
  endfacet
  facet normal -0.0125889 -0.999921 -0
    outer loop
      vertex -30.6796 -17.5032 3
      vertex -30.7908 -17.5018 0.4
      vertex -30.6796 -17.5032 0.4
    endloop
  endfacet
  facet normal -0.510788 -0.859707 0
    outer loop
      vertex -30.3604 -17.5933 0.4
      vertex -30.2648 -17.6501 3
      vertex -30.3604 -17.5933 3
    endloop
  endfacet
  facet normal -0.510788 -0.859707 -0
    outer loop
      vertex -30.2648 -17.6501 3
      vertex -30.3604 -17.5933 0.4
      vertex -30.2648 -17.6501 0.4
    endloop
  endfacet
  facet normal -0.618973 -0.785412 0
    outer loop
      vertex -30.2648 -17.6501 0.4
      vertex -30.1775 -17.7189 3
      vertex -30.2648 -17.6501 3
    endloop
  endfacet
  facet normal -0.618973 -0.785412 -0
    outer loop
      vertex -30.1775 -17.7189 3
      vertex -30.2648 -17.6501 0.4
      vertex -30.1775 -17.7189 0.4
    endloop
  endfacet
  facet normal -0.14394 -0.989586 0
    outer loop
      vertex -30.6796 -17.5032 0.4
      vertex -30.5696 -17.5192 3
      vertex -30.6796 -17.5032 3
    endloop
  endfacet
  facet normal -0.14394 -0.989586 -0
    outer loop
      vertex -30.5696 -17.5192 3
      vertex -30.6796 -17.5032 0.4
      vertex -30.5696 -17.5192 0.4
    endloop
  endfacet
  facet normal 0.14394 0.989586 -0
    outer loop
      vertex -30.813 -19.198 0.4
      vertex -30.923 -19.182 3
      vertex -30.813 -19.198 3
    endloop
  endfacet
  facet normal 0.14394 0.989586 0
    outer loop
      vertex -30.923 -19.182 3
      vertex -30.813 -19.198 0.4
      vertex -30.923 -19.182 0.4
    endloop
  endfacet
  facet normal -0.969183 -0.246342 0
    outer loop
      vertex -29.9105 -18.1957 0.4
      vertex -29.9379 -18.0879 3
      vertex -29.9379 -18.0879 0.4
    endloop
  endfacet
  facet normal -0.969183 -0.246342 0
    outer loop
      vertex -29.9379 -18.0879 3
      vertex -29.9105 -18.1957 0.4
      vertex -29.9105 -18.1957 3
    endloop
  endfacet
  facet normal -0.993138 -0.116946 0
    outer loop
      vertex -29.8975 -18.3061 0.4
      vertex -29.9105 -18.1957 3
      vertex -29.9105 -18.1957 0.4
    endloop
  endfacet
  facet normal -0.993138 -0.116946 0
    outer loop
      vertex -29.9105 -18.1957 3
      vertex -29.8975 -18.3061 0.4
      vertex -29.8975 -18.3061 3
    endloop
  endfacet
  facet normal -0.801401 -0.598128 0
    outer loop
      vertex -30.0334 -17.8877 0.4
      vertex -30.0999 -17.7986 3
      vertex -30.0999 -17.7986 0.4
    endloop
  endfacet
  facet normal -0.801401 -0.598128 0
    outer loop
      vertex -30.0999 -17.7986 3
      vertex -30.0334 -17.8877 0.4
      vertex -30.0334 -17.8877 3
    endloop
  endfacet
  facet normal 0.859472 -0.511183 0
    outer loop
      vertex -31.5036 -17.9647 3
      vertex -31.4468 -17.8692 0.4
      vertex -31.4468 -17.8692 3
    endloop
  endfacet
  facet normal 0.859472 -0.511183 0
    outer loop
      vertex -31.4468 -17.8692 0.4
      vertex -31.5036 -17.9647 3
      vertex -31.5036 -17.9647 0.4
    endloop
  endfacet
  facet normal 0.116946 -0.993138 0
    outer loop
      vertex -30.9012 -17.5148 0.4
      vertex -30.7908 -17.5018 3
      vertex -30.9012 -17.5148 3
    endloop
  endfacet
  facet normal 0.116946 -0.993138 0
    outer loop
      vertex -30.7908 -17.5018 3
      vertex -30.9012 -17.5148 0.4
      vertex -30.7908 -17.5018 0.4
    endloop
  endfacet
  facet normal -0.928725 -0.37077 0
    outer loop
      vertex -29.9379 -18.0879 0.4
      vertex -29.9791 -17.9847 3
      vertex -29.9791 -17.9847 0.4
    endloop
  endfacet
  facet normal -0.928725 -0.37077 0
    outer loop
      vertex -29.9791 -17.9847 3
      vertex -29.9379 -18.0879 0.4
      vertex -29.9379 -18.0879 3
    endloop
  endfacet
  facet normal 0.785412 -0.618973 0
    outer loop
      vertex -31.4468 -17.8692 3
      vertex -31.378 -17.7819 0.4
      vertex -31.378 -17.7819 3
    endloop
  endfacet
  facet normal 0.785412 -0.618973 0
    outer loop
      vertex -31.378 -17.7819 0.4
      vertex -31.4468 -17.8692 3
      vertex -31.4468 -17.8692 0.4
    endloop
  endfacet
  facet normal -0.598559 0.801079 0
    outer loop
      vertex -30.1943 -18.997 0.4
      vertex -30.2833 -19.0635 3
      vertex -30.1943 -18.997 3
    endloop
  endfacet
  facet normal -0.598559 0.801079 0
    outer loop
      vertex -30.2833 -19.0635 3
      vertex -30.1943 -18.997 0.4
      vertex -30.2833 -19.0635 0.4
    endloop
  endfacet
  facet normal 0.246342 -0.969183 0
    outer loop
      vertex -31.009 -17.5422 0.4
      vertex -30.9012 -17.5148 3
      vertex -31.009 -17.5422 3
    endloop
  endfacet
  facet normal 0.246342 -0.969183 0
    outer loop
      vertex -30.9012 -17.5148 3
      vertex -31.009 -17.5422 0.4
      vertex -30.9012 -17.5148 0.4
    endloop
  endfacet
  facet normal -0.872583 -0.488466 0
    outer loop
      vertex -29.9791 -17.9847 0.4
      vertex -30.0334 -17.8877 3
      vertex -30.0334 -17.8877 0.4
    endloop
  endfacet
  facet normal -0.872583 -0.488466 0
    outer loop
      vertex -30.0334 -17.8877 3
      vertex -29.9791 -17.9847 0.4
      vertex -29.9791 -17.9847 3
    endloop
  endfacet
  facet normal -0.989586 0.14394 0
    outer loop
      vertex -29.9149 -18.5273 0.4
      vertex -29.8989 -18.4173 3
      vertex -29.8989 -18.4173 0.4
    endloop
  endfacet
  facet normal -0.989586 0.14394 0
    outer loop
      vertex -29.8989 -18.4173 3
      vertex -29.9149 -18.5273 0.4
      vertex -29.9149 -18.5273 3
    endloop
  endfacet
  facet normal 0 0 1
    outer loop
      vertex -29.9105 -18.1957 0.4
      vertex -29.8989 -18.4173 0.4
      vertex -29.8975 -18.3061 0.4
    endloop
  endfacet
  facet normal 0 0 1
    outer loop
      vertex -29.9105 -18.1957 0.4
      vertex -29.9149 -18.5273 0.4
      vertex -29.8989 -18.4173 0.4
    endloop
  endfacet
  facet normal 0 0 1
    outer loop
      vertex -29.9379 -18.0879 0.4
      vertex -29.9149 -18.5273 0.4
      vertex -29.9105 -18.1957 0.4
    endloop
  endfacet
  facet normal 0 0 1
    outer loop
      vertex -29.9379 -18.0879 0.4
      vertex -29.945 -18.6343 0.4
      vertex -29.9149 -18.5273 0.4
    endloop
  endfacet
  facet normal 0 0 1
    outer loop
      vertex -29.9791 -17.9847 0.4
      vertex -29.945 -18.6343 0.4
      vertex -29.9379 -18.0879 0.4
    endloop
  endfacet
  facet normal 0 0 1
    outer loop
      vertex -29.9791 -17.9847 0.4
      vertex -29.9889 -18.7365 0.4
      vertex -29.945 -18.6343 0.4
    endloop
  endfacet
  facet normal 0 0 1
    outer loop
      vertex -30.0334 -17.8877 0.4
      vertex -29.9889 -18.7365 0.4
      vertex -29.9791 -17.9847 0.4
    endloop
  endfacet
  facet normal 0 0 1
    outer loop
      vertex -30.0334 -17.8877 0.4
      vertex -30.0458 -18.8321 0.4
      vertex -29.9889 -18.7365 0.4
    endloop
  endfacet
  facet normal 0 0 1
    outer loop
      vertex -30.0999 -17.7986 0.4
      vertex -30.0458 -18.8321 0.4
      vertex -30.0334 -17.8877 0.4
    endloop
  endfacet
  facet normal 0 0 1
    outer loop
      vertex -30.0999 -17.7986 0.4
      vertex -30.1146 -18.9194 0.4
      vertex -30.0458 -18.8321 0.4
    endloop
  endfacet
  facet normal 0 0 1
    outer loop
      vertex -30.1775 -17.7189 0.4
      vertex -30.1146 -18.9194 0.4
      vertex -30.0999 -17.7986 0.4
    endloop
  endfacet
  facet normal 0 0 1
    outer loop
      vertex -30.1775 -17.7189 0.4
      vertex -30.1943 -18.997 0.4
      vertex -30.1146 -18.9194 0.4
    endloop
  endfacet
  facet normal 0 0 1
    outer loop
      vertex -30.2648 -17.6501 0.4
      vertex -30.1943 -18.997 0.4
      vertex -30.1775 -17.7189 0.4
    endloop
  endfacet
  facet normal 0 0 1
    outer loop
      vertex -30.2648 -17.6501 0.4
      vertex -30.2833 -19.0635 0.4
      vertex -30.1943 -18.997 0.4
    endloop
  endfacet
  facet normal 0 0 1
    outer loop
      vertex -30.3604 -17.5933 0.4
      vertex -30.2833 -19.0635 0.4
      vertex -30.2648 -17.6501 0.4
    endloop
  endfacet
  facet normal 0 0 1
    outer loop
      vertex -30.3604 -17.5933 0.4
      vertex -30.3804 -19.1178 0.4
      vertex -30.2833 -19.0635 0.4
    endloop
  endfacet
  facet normal 0 0 1
    outer loop
      vertex -30.4626 -17.5494 0.4
      vertex -30.3804 -19.1178 0.4
      vertex -30.3604 -17.5933 0.4
    endloop
  endfacet
  facet normal 0 0 1
    outer loop
      vertex -30.4626 -17.5494 0.4
      vertex -30.4836 -19.159 0.4
      vertex -30.3804 -19.1178 0.4
    endloop
  endfacet
  facet normal 0 0 1
    outer loop
      vertex -30.5696 -17.5192 0.4
      vertex -30.4836 -19.159 0.4
      vertex -30.4626 -17.5494 0.4
    endloop
  endfacet
  facet normal 0 0 1
    outer loop
      vertex -30.5696 -17.5192 0.4
      vertex -30.5914 -19.1864 0.4
      vertex -30.4836 -19.159 0.4
    endloop
  endfacet
  facet normal 0 0 1
    outer loop
      vertex -30.6796 -17.5032 0.4
      vertex -30.5914 -19.1864 0.4
      vertex -30.5696 -17.5192 0.4
    endloop
  endfacet
  facet normal 0 0 1
    outer loop
      vertex -30.6796 -17.5032 0.4
      vertex -30.7018 -19.1994 0.4
      vertex -30.5914 -19.1864 0.4
    endloop
  endfacet
  facet normal 0 0 1
    outer loop
      vertex -30.7908 -17.5018 0.4
      vertex -30.7018 -19.1994 0.4
      vertex -30.6796 -17.5032 0.4
    endloop
  endfacet
  facet normal 0 0 1
    outer loop
      vertex -30.7908 -17.5018 0.4
      vertex -30.813 -19.198 0.4
      vertex -30.7018 -19.1994 0.4
    endloop
  endfacet
  facet normal -0 0 1
    outer loop
      vertex -30.9012 -17.5148 0.4
      vertex -30.813 -19.198 0.4
      vertex -30.7908 -17.5018 0.4
    endloop
  endfacet
  facet normal 0 0 1
    outer loop
      vertex -30.9012 -17.5148 0.4
      vertex -30.923 -19.182 0.4
      vertex -30.813 -19.198 0.4
    endloop
  endfacet
  facet normal -0 0 1
    outer loop
      vertex -31.009 -17.5422 0.4
      vertex -30.923 -19.182 0.4
      vertex -30.9012 -17.5148 0.4
    endloop
  endfacet
  facet normal 0 0 1
    outer loop
      vertex -31.009 -17.5422 0.4
      vertex -31.03 -19.1519 0.4
      vertex -30.923 -19.182 0.4
    endloop
  endfacet
  facet normal -0 0 1
    outer loop
      vertex -31.1122 -17.5834 0.4
      vertex -31.03 -19.1519 0.4
      vertex -31.009 -17.5422 0.4
    endloop
  endfacet
  facet normal 0 0 1
    outer loop
      vertex -31.1122 -17.5834 0.4
      vertex -31.1322 -19.108 0.4
      vertex -31.03 -19.1519 0.4
    endloop
  endfacet
  facet normal -0 0 1
    outer loop
      vertex -31.2092 -17.6377 0.4
      vertex -31.1322 -19.108 0.4
      vertex -31.1122 -17.5834 0.4
    endloop
  endfacet
  facet normal 0 0 1
    outer loop
      vertex -31.2092 -17.6377 0.4
      vertex -31.2277 -19.0511 0.4
      vertex -31.1322 -19.108 0.4
    endloop
  endfacet
  facet normal -0 0 1
    outer loop
      vertex -31.2983 -17.7043 0.4
      vertex -31.2277 -19.0511 0.4
      vertex -31.2092 -17.6377 0.4
    endloop
  endfacet
  facet normal 0 0 1
    outer loop
      vertex -31.2983 -17.7043 0.4
      vertex -31.3151 -18.9823 0.4
      vertex -31.2277 -19.0511 0.4
    endloop
  endfacet
  facet normal -0 0 1
    outer loop
      vertex -31.378 -17.7819 0.4
      vertex -31.3151 -18.9823 0.4
      vertex -31.2983 -17.7043 0.4
    endloop
  endfacet
  facet normal 0 0 1
    outer loop
      vertex -31.378 -17.7819 0.4
      vertex -31.3926 -18.9026 0.4
      vertex -31.3151 -18.9823 0.4
    endloop
  endfacet
  facet normal -0 0 1
    outer loop
      vertex -31.4468 -17.8692 0.4
      vertex -31.3926 -18.9026 0.4
      vertex -31.378 -17.7819 0.4
    endloop
  endfacet
  facet normal 0 0 1
    outer loop
      vertex -31.4468 -17.8692 0.4
      vertex -31.4592 -18.8136 0.4
      vertex -31.3926 -18.9026 0.4
    endloop
  endfacet
  facet normal -0 0 1
    outer loop
      vertex -31.5036 -17.9647 0.4
      vertex -31.4592 -18.8136 0.4
      vertex -31.4468 -17.8692 0.4
    endloop
  endfacet
  facet normal 0 0 1
    outer loop
      vertex -31.5036 -17.9647 0.4
      vertex -31.5135 -18.7165 0.4
      vertex -31.4592 -18.8136 0.4
    endloop
  endfacet
  facet normal -0 0 1
    outer loop
      vertex -31.5475 -18.0669 0.4
      vertex -31.5135 -18.7165 0.4
      vertex -31.5036 -17.9647 0.4
    endloop
  endfacet
  facet normal 0 0 1
    outer loop
      vertex -31.5475 -18.0669 0.4
      vertex -31.5547 -18.6133 0.4
      vertex -31.5135 -18.7165 0.4
    endloop
  endfacet
  facet normal -0 0 1
    outer loop
      vertex -31.5777 -18.1739 0.4
      vertex -31.5547 -18.6133 0.4
      vertex -31.5475 -18.0669 0.4
    endloop
  endfacet
  facet normal 0 0 1
    outer loop
      vertex -31.5777 -18.1739 0.4
      vertex -31.5821 -18.5055 0.4
      vertex -31.5547 -18.6133 0.4
    endloop
  endfacet
  facet normal -0 0 1
    outer loop
      vertex -31.5937 -18.2839 0.4
      vertex -31.5821 -18.5055 0.4
      vertex -31.5777 -18.1739 0.4
    endloop
  endfacet
  facet normal 0 0 1
    outer loop
      vertex -31.5821 -18.5055 0.4
      vertex -31.5937 -18.2839 0.4
      vertex -31.5951 -18.3951 0.4
    endloop
  endfacet
  facet normal -0.716483 -0.697605 0
    outer loop
      vertex -30.0999 -17.7986 0.4
      vertex -30.1775 -17.7189 3
      vertex -30.1775 -17.7189 0.4
    endloop
  endfacet
  facet normal -0.716483 -0.697605 0
    outer loop
      vertex -30.1775 -17.7189 3
      vertex -30.0999 -17.7986 0.4
      vertex -30.0999 -17.7986 3
    endloop
  endfacet
  facet normal -0.999921 0.0125889 0
    outer loop
      vertex -29.8989 -18.4173 0.4
      vertex -29.8975 -18.3061 3
      vertex -29.8975 -18.3061 0.4
    endloop
  endfacet
  facet normal -0.999921 0.0125889 0
    outer loop
      vertex -29.8975 -18.3061 3
      vertex -29.8989 -18.4173 0.4
      vertex -29.8989 -18.4173 3
    endloop
  endfacet
  facet normal -0.648292 -0.761392 0
    outer loop
      vertex -116.88 -11.0977 0
      vertex -92.4057 -31.9365 5.6
      vertex -116.88 -11.0977 5.6
    endloop
  endfacet
  facet normal -0.648292 -0.761392 -0
    outer loop
      vertex -92.4057 -31.9365 5.6
      vertex -116.88 -11.0977 0
      vertex -92.4057 -31.9365 0
    endloop
  endfacet
  facet normal -0.92559 -0.378528 0
    outer loop
      vertex -118.422 -9.02686 0
      vertex -118.55 -8.71387 5.6
      vertex -118.55 -8.71387 0
    endloop
  endfacet
  facet normal -0.92559 -0.378528 0
    outer loop
      vertex -118.55 -8.71387 5.6
      vertex -118.422 -9.02686 0
      vertex -118.422 -9.02686 5.6
    endloop
  endfacet
  facet normal -0.978148 0.207908 0
    outer loop
      vertex -118.793 -5.47522 0
      vertex -104.632 61.1483 5.6
      vertex -104.632 61.1483 0
    endloop
  endfacet
  facet normal -0.978148 0.207908 0
    outer loop
      vertex -104.632 61.1483 5.6
      vertex -118.793 -5.47522 0
      vertex -118.793 -5.47522 5.6
    endloop
  endfacet
  facet normal -0.854431 0.519565 0
    outer loop
      vertex -103.994 62.8179 0
      vertex -103.83 63.0876 5.6
      vertex -103.83 63.0876 0
    endloop
  endfacet
  facet normal -0.854431 0.519565 0
    outer loop
      vertex -103.83 63.0876 5.6
      vertex -103.994 62.8179 0
      vertex -103.994 62.8179 5.6
    endloop
  endfacet
  facet normal -0.446788 0.89464 0
    outer loop
      vertex -101.414 65.194 1
      vertex -101.414 65.194 0
      vertex -101.582 65.1101 1
    endloop
  endfacet
  facet normal -0.447876 0.894096 0
    outer loop
      vertex -101.582 65.1101 1
      vertex -101.69 65.056 5.6
      vertex -101.582 65.1101 5.6
    endloop
  endfacet
  facet normal -0.447876 0.894096 0
    outer loop
      vertex -101.582 65.1101 1
      vertex -101.69 65.056 0
      vertex -101.69 65.056 5.6
    endloop
  endfacet
  facet normal -0.447214 0.894427 -8.94427e-05
    outer loop
      vertex -101.69 65.056 0
      vertex -101.582 65.1101 1
      vertex -101.414 65.194 0
    endloop
  endfacet
  facet normal -0.10077 -0.99491 0
    outer loop
      vertex -21.6299 -48.3479 0
      vertex -21.311 -48.3802 5.6
      vertex -21.6299 -48.3479 5.6
    endloop
  endfacet
  facet normal -0.10077 -0.99491 -0
    outer loop
      vertex -21.311 -48.3802 5.6
      vertex -21.6299 -48.3479 0
      vertex -21.311 -48.3802 0
    endloop
  endfacet
  facet normal -0.671311 -0.741176 0
    outer loop
      vertex -117.002 -10.9872 0
      vertex -116.88 -11.0977 5.6
      vertex -117.002 -10.9872 5.6
    endloop
  endfacet
  facet normal -0.671311 -0.741176 -0
    outer loop
      vertex -116.88 -11.0977 5.6
      vertex -117.002 -10.9872 0
      vertex -116.88 -11.0977 0
    endloop
  endfacet
  facet normal -0.983175 0.182667 0
    outer loop
      vertex -118.823 -5.63669 0
      vertex -118.793 -5.47522 5.6
      vertex -118.793 -5.47522 0
    endloop
  endfacet
  facet normal -0.983175 0.182667 0
    outer loop
      vertex -118.793 -5.47522 5.6
      vertex -118.823 -5.63669 0
      vertex -118.823 -5.63669 5.6
    endloop
  endfacet
  facet normal 0 -1 0
    outer loop
      vertex -20.8369 -48.3983 0
      vertex -4.21215 -48.3983 5.6
      vertex -20.8369 -48.3983 5.6
    endloop
  endfacet
  facet normal 0 -1 0
    outer loop
      vertex -1.15 -48.3983 0
      vertex -4.21215 -48.3983 5.6
      vertex -20.8369 -48.3983 0
    endloop
  endfacet
  facet normal 0 -1 0
    outer loop
      vertex -4.21215 -48.3983 5.6
      vertex -1.15 -48.3983 0
      vertex -1.15 -48.3983 2.53786
    endloop
  endfacet
  facet normal -0.498353 -0.866974 0
    outer loop
      vertex -91.6939 -32.4517 0
      vertex -91.3778 -32.6334 5.6
      vertex -91.6939 -32.4517 5.6
    endloop
  endfacet
  facet normal -0.498353 -0.866974 -0
    outer loop
      vertex -91.3778 -32.6334 5.6
      vertex -91.6939 -32.4517 0
      vertex -91.3778 -32.6334 0
    endloop
  endfacet
  facet normal -0.964427 0.264349 0
    outer loop
      vertex -104.595 61.3022 0
      vertex -104.506 61.6269 5.6
      vertex -104.506 61.6269 0
    endloop
  endfacet
  facet normal -0.964427 0.264349 0
    outer loop
      vertex -104.506 61.6269 5.6
      vertex -104.595 61.3022 0
      vertex -104.595 61.3022 5.6
    endloop
  endfacet
  facet normal -0.217217 -0.976123 0
    outer loop
      vertex -89.9053 -33.1817 0
      vertex -22.1446 -48.2605 5.6
      vertex -89.9053 -33.1817 5.6
    endloop
  endfacet
  facet normal -0.217217 -0.976123 -0
    outer loop
      vertex -22.1446 -48.2605 5.6
      vertex -89.9053 -33.1817 0
      vertex -22.1446 -48.2605 0
    endloop
  endfacet
  facet normal 0 1 0
    outer loop
      vertex -4.21215 65.7424 5.6
      vertex -68.5893 65.7424 3
      vertex -68.5893 65.7424 5.6
    endloop
  endfacet
  facet normal 0 1 -0
    outer loop
      vertex -1.15 65.7424 0
      vertex -4.21215 65.7424 5.6
      vertex -1.15 65.7424 2.53786
    endloop
  endfacet
  facet normal 0 1 0
    outer loop
      vertex -4.21215 65.7424 5.6
      vertex -1.15 65.7424 0
      vertex -68.5893 65.7424 3
    endloop
  endfacet
  facet normal 0 1 0
    outer loop
      vertex -99.0041 65.7424 0
      vertex -68.5893 65.7424 3
      vertex -1.15 65.7424 0
    endloop
  endfacet
  facet normal 0 1 0
    outer loop
      vertex -68.5893 65.7424 3
      vertex -99.0041 65.7424 0
      vertex -99.0041 65.7424 3
    endloop
  endfacet
  facet normal -0.790151 0.612912 0
    outer loop
      vertex -103.639 63.365 0
      vertex -103.445 63.6151 5.6
      vertex -103.445 63.6151 0
    endloop
  endfacet
  facet normal -0.790151 0.612912 0
    outer loop
      vertex -103.445 63.6151 5.6
      vertex -103.639 63.365 0
      vertex -103.639 63.365 5.6
    endloop
  endfacet
  facet normal -0.734871 -0.678207 0
    outer loop
      vertex -117.261 -10.7389 0
      vertex -117.492 -10.4886 5.6
      vertex -117.492 -10.4886 0
    endloop
  endfacet
  facet normal -0.734871 -0.678207 0
    outer loop
      vertex -117.492 -10.4886 5.6
      vertex -117.261 -10.7389 0
      vertex -117.261 -10.7389 5.6
    endloop
  endfacet
  facet normal -0.247418 -0.968909 0
    outer loop
      vertex -90.0733 -33.1388 0
      vertex -89.9053 -33.1817 5.6
      vertex -90.0733 -33.1388 5.6
    endloop
  endfacet
  facet normal -0.247418 -0.968909 -0
    outer loop
      vertex -89.9053 -33.1817 5.6
      vertex -90.0733 -33.1388 0
      vertex -89.9053 -33.1817 0
    endloop
  endfacet
  facet normal -0.0708031 0.99749 0
    outer loop
      vertex -99.2025 65.7354 0
      vertex -99.5378 65.7116 3
      vertex -99.2025 65.7354 3
    endloop
  endfacet
  facet normal -0.0708031 0.99749 0
    outer loop
      vertex -99.5378 65.7116 3
      vertex -99.2025 65.7354 0
      vertex -99.5378 65.7116 0
    endloop
  endfacet
  facet normal -0.34575 0.938327 0
    outer loop
      vertex -100.811 65.4364 0
      vertex -101.106 65.3277 1
      vertex -100.811 65.4364 1
    endloop
  endfacet
  facet normal -0.34575 0.938327 0
    outer loop
      vertex -101.106 65.3277 1
      vertex -100.811 65.4364 0
      vertex -101.106 65.3277 0
    endloop
  endfacet
  facet normal -0.182961 0.98312 0
    outer loop
      vertex -99.851 65.6715 0
      vertex -100.182 65.6099 1
      vertex -99.851 65.6715 1
    endloop
  endfacet
  facet normal -0.182961 0.98312 0
    outer loop
      vertex -100.182 65.6099 1
      vertex -99.851 65.6715 0
      vertex -100.182 65.6099 0
    endloop
  endfacet
  facet normal -0.291977 0.956425 0
    outer loop
      vertex -100.489 65.5347 0
      vertex -100.811 65.4364 1
      vertex -100.489 65.5347 1
    endloop
  endfacet
  facet normal -0.291977 0.956425 0
    outer loop
      vertex -100.811 65.4364 1
      vertex -100.489 65.5347 0
      vertex -100.811 65.4364 0
    endloop
  endfacet
  facet normal -0.496235 0.868188 0
    outer loop
      vertex -101.69 65.056 0
      vertex -101.982 64.8891 5.6
      vertex -101.69 65.056 5.6
    endloop
  endfacet
  facet normal -0.496235 0.868188 0
    outer loop
      vertex -101.982 64.8891 5.6
      vertex -101.69 65.056 0
      vertex -101.982 64.8891 0
    endloop
  endfacet
  facet normal -0.187383 -0.982287 0
    outer loop
      vertex -22.1446 -48.2605 0
      vertex -21.9779 -48.2923 5.6
      vertex -22.1446 -48.2605 5.6
    endloop
  endfacet
  facet normal -0.187383 -0.982287 -0
    outer loop
      vertex -21.9779 -48.2923 5.6
      vertex -22.1446 -48.2605 0
      vertex -21.9779 -48.2923 0
    endloop
  endfacet
  facet normal -0.810919 -0.585158 0
    outer loop
      vertex -117.719 -10.2115 0
      vertex -117.91 -9.94681 5.6
      vertex -117.91 -9.94681 0
    endloop
  endfacet
  facet normal -0.810919 -0.585158 0
    outer loop
      vertex -117.91 -9.94681 5.6
      vertex -117.719 -10.2115 0
      vertex -117.719 -10.2115 5.6
    endloop
  endfacet
  facet normal -0.99608 0.0884592 0
    outer loop
      vertex -118.907 -6.32904 0
      vertex -118.877 -5.99123 5.6
      vertex -118.877 -5.99123 0
    endloop
  endfacet
  facet normal -0.99608 0.0884592 0
    outer loop
      vertex -118.877 -5.99123 5.6
      vertex -118.907 -6.32904 0
      vertex -118.907 -6.32904 5.6
    endloop
  endfacet
  facet normal -0.0352603 0.999378 0
    outer loop
      vertex -99.0041 65.7424 0
      vertex -99.2025 65.7354 3
      vertex -99.0041 65.7424 3
    endloop
  endfacet
  facet normal -0.0352603 0.999378 0
    outer loop
      vertex -99.2025 65.7354 3
      vertex -99.0041 65.7424 0
      vertex -99.2025 65.7354 0
    endloop
  endfacet
  facet normal -0.965043 -0.262093 0
    outer loop
      vertex -118.665 -8.37454 0
      vertex -118.752 -8.0542 5.6
      vertex -118.752 -8.0542 0
    endloop
  endfacet
  facet normal -0.965043 -0.262093 0
    outer loop
      vertex -118.752 -8.0542 5.6
      vertex -118.665 -8.37454 0
      vertex -118.665 -8.37454 5.6
    endloop
  endfacet
  facet normal -0.237917 0.971285 0
    outer loop
      vertex -100.182 65.6099 0
      vertex -100.489 65.5347 1
      vertex -100.182 65.6099 1
    endloop
  endfacet
  facet normal -0.237917 0.971285 0
    outer loop
      vertex -100.489 65.5347 1
      vertex -100.182 65.6099 0
      vertex -100.489 65.5347 0
    endloop
  endfacet
  facet normal -0.157769 -0.987476 0
    outer loop
      vertex -21.9779 -48.2923 0
      vertex -21.6299 -48.3479 5.6
      vertex -21.9779 -48.2923 5.6
    endloop
  endfacet
  facet normal -0.157769 -0.987476 -0
    outer loop
      vertex -21.6299 -48.3479 5.6
      vertex -21.9779 -48.2923 0
      vertex -21.6299 -48.3479 0
    endloop
  endfacet
  facet normal -0.624839 -0.780754 0
    outer loop
      vertex -92.4057 -31.9365 0
      vertex -92.2735 -32.0423 5.6
      vertex -92.4057 -31.9365 5.6
    endloop
  endfacet
  facet normal -0.624839 -0.780754 -0
    outer loop
      vertex -92.2735 -32.0423 5.6
      vertex -92.4057 -31.9365 0
      vertex -92.2735 -32.0423 0
    endloop
  endfacet
  facet normal -0.550814 -0.834628 0
    outer loop
      vertex -91.9818 -32.2617 0
      vertex -91.6939 -32.4517 5.6
      vertex -91.9818 -32.2617 5.6
    endloop
  endfacet
  facet normal -0.550814 -0.834628 -0
    outer loop
      vertex -91.6939 -32.4517 5.6
      vertex -91.9818 -32.2617 0
      vertex -91.6939 -32.4517 0
    endloop
  endfacet
  facet normal -0.947089 -0.320971 0
    outer loop
      vertex -118.55 -8.71387 0
      vertex -118.665 -8.37454 5.6
      vertex -118.665 -8.37454 0
    endloop
  endfacet
  facet normal -0.947089 -0.320971 0
    outer loop
      vertex -118.665 -8.37454 5.6
      vertex -118.55 -8.71387 0
      vertex -118.55 -8.71387 5.6
    endloop
  endfacet
  facet normal -0.988599 0.150574 0
    outer loop
      vertex -118.877 -5.99123 0
      vertex -118.823 -5.63669 5.6
      vertex -118.823 -5.63669 0
    endloop
  endfacet
  facet normal -0.988599 0.150574 0
    outer loop
      vertex -118.823 -5.63669 5.6
      vertex -118.877 -5.99123 0
      vertex -118.877 -5.99123 5.6
    endloop
  endfacet
  facet normal 0 0 1
    outer loop
      vertex -101.982 64.8891 5.6
      vertex -101.582 65.1101 5.6
      vertex -101.69 65.056 5.6
    endloop
  endfacet
  facet normal 0 0 1
    outer loop
      vertex -102.248 64.7161 5.6
      vertex -101.582 65.1101 5.6
      vertex -101.982 64.8891 5.6
    endloop
  endfacet
  facet normal 0 0 1
    outer loop
      vertex -102.52 64.5171 5.6
      vertex -101.582 65.1101 5.6
      vertex -102.248 64.7161 5.6
    endloop
  endfacet
  facet normal 0 0 1
    outer loop
      vertex -102.758 64.3215 5.6
      vertex -101.582 65.1101 5.6
      vertex -102.52 64.5171 5.6
    endloop
  endfacet
  facet normal 0 0 1
    outer loop
      vertex -103.005 64.094 5.6
      vertex -101.582 65.1101 5.6
      vertex -102.758 64.3215 5.6
    endloop
  endfacet
  facet normal 0 0 1
    outer loop
      vertex -103.225 63.8688 5.6
      vertex -101.582 65.1101 5.6
      vertex -103.005 64.094 5.6
    endloop
  endfacet
  facet normal 0 0 1
    outer loop
      vertex -103.445 63.6151 5.6
      vertex -101.582 65.1101 5.6
      vertex -103.225 63.8688 5.6
    endloop
  endfacet
  facet normal 0 0 1
    outer loop
      vertex -103.639 63.365 5.6
      vertex -101.582 65.1101 5.6
      vertex -103.445 63.6151 5.6
    endloop
  endfacet
  facet normal 0 0 1
    outer loop
      vertex -103.83 63.0876 5.6
      vertex -101.582 65.1101 5.6
      vertex -103.639 63.365 5.6
    endloop
  endfacet
  facet normal 0 0 1
    outer loop
      vertex -103.994 62.8179 5.6
      vertex -101.582 65.1101 5.6
      vertex -103.83 63.0876 5.6
    endloop
  endfacet
  facet normal 0 0 1
    outer loop
      vertex -104.152 62.5213 5.6
      vertex -101.582 65.1101 5.6
      vertex -103.994 62.8179 5.6
    endloop
  endfacet
  facet normal 0 0 1
    outer loop
      vertex -104.285 62.2336 5.6
      vertex -101.582 65.1101 5.6
      vertex -104.152 62.5213 5.6
    endloop
  endfacet
  facet normal 0 0 1
    outer loop
      vertex -104.409 61.9205 5.6
      vertex -101.582 65.1101 5.6
      vertex -104.285 62.2336 5.6
    endloop
  endfacet
  facet normal 0 0 1
    outer loop
      vertex -104.506 61.6269 5.6
      vertex -101.582 65.1101 5.6
      vertex -104.409 61.9205 5.6
    endloop
  endfacet
  facet normal 0 0 1
    outer loop
      vertex -104.595 61.3022 5.6
      vertex -101.582 65.1101 5.6
      vertex -104.506 61.6269 5.6
    endloop
  endfacet
  facet normal 0 0 1
    outer loop
      vertex -104.632 61.1483 5.6
      vertex -101.582 65.1101 5.6
      vertex -104.595 61.3022 5.6
    endloop
  endfacet
  facet normal -0 0 1
    outer loop
      vertex -104.632 61.1483 5.6
      vertex -106.293 42.9459 5.6
      vertex -101.582 65.1101 5.6
    endloop
  endfacet
  facet normal 0 0 1
    outer loop
      vertex -118.793 -5.47522 5.6
      vertex -106.293 42.9459 5.6
      vertex -104.632 61.1483 5.6
    endloop
  endfacet
  facet normal -0 0 1
    outer loop
      vertex -118.918 -6.68666 5.6
      vertex -116.52 -6.78186 5.6
      vertex -116.508 -6.37582 5.6
    endloop
  endfacet
  facet normal 0 0 1
    outer loop
      vertex -116.52 -6.78186 5.6
      vertex -117.002 -10.9872 5.6
      vertex -116.88 -11.0977 5.6
    endloop
  endfacet
  facet normal 0 0 1
    outer loop
      vertex -116.52 -6.78186 5.6
      vertex -117.261 -10.7389 5.6
      vertex -117.002 -10.9872 5.6
    endloop
  endfacet
  facet normal -0 0 1
    outer loop
      vertex -118.877 -5.99123 5.6
      vertex -116.508 -6.37582 5.6
      vertex -116.448 -5.98569 5.6
    endloop
  endfacet
  facet normal 0 0 1
    outer loop
      vertex -116.52 -6.78186 5.6
      vertex -117.492 -10.4886 5.6
      vertex -117.261 -10.7389 5.6
    endloop
  endfacet
  facet normal 0 0 1
    outer loop
      vertex -106.293 42.9459 5.6
      vertex -118.793 -5.47522 5.6
      vertex -116.448 -5.98569 5.6
    endloop
  endfacet
  facet normal -0 0 1
    outer loop
      vertex -118.823 -5.63669 5.6
      vertex -116.448 -5.98569 5.6
      vertex -118.793 -5.47522 5.6
    endloop
  endfacet
  facet normal 0 0 1
    outer loop
      vertex -118.877 -5.99123 5.6
      vertex -116.448 -5.98569 5.6
      vertex -118.823 -5.63669 5.6
    endloop
  endfacet
  facet normal 0 0 1
    outer loop
      vertex -116.52 -6.78186 5.6
      vertex -117.719 -10.2115 5.6
      vertex -117.492 -10.4886 5.6
    endloop
  endfacet
  facet normal 0 0 1
    outer loop
      vertex -116.52 -6.78186 5.6
      vertex -117.91 -9.94681 5.6
      vertex -117.719 -10.2115 5.6
    endloop
  endfacet
  facet normal 0 0 1
    outer loop
      vertex -116.52 -6.78186 5.6
      vertex -118.103 -9.6452 5.6
      vertex -117.91 -9.94681 5.6
    endloop
  endfacet
  facet normal 0 0 1
    outer loop
      vertex -116.52 -6.78186 5.6
      vertex -118.267 -9.35019 5.6
      vertex -118.103 -9.6452 5.6
    endloop
  endfacet
  facet normal 0 0 1
    outer loop
      vertex -116.52 -6.78186 5.6
      vertex -118.422 -9.02686 5.6
      vertex -118.267 -9.35019 5.6
    endloop
  endfacet
  facet normal 0 0 1
    outer loop
      vertex -116.52 -6.78186 5.6
      vertex -118.55 -8.71387 5.6
      vertex -118.422 -9.02686 5.6
    endloop
  endfacet
  facet normal 0 0 1
    outer loop
      vertex -116.52 -6.78186 5.6
      vertex -118.665 -8.37454 5.6
      vertex -118.55 -8.71387 5.6
    endloop
  endfacet
  facet normal 0 0 1
    outer loop
      vertex -116.52 -6.78186 5.6
      vertex -118.752 -8.0542 5.6
      vertex -118.665 -8.37454 5.6
    endloop
  endfacet
  facet normal 0 0 1
    outer loop
      vertex -116.52 -6.78186 5.6
      vertex -118.826 -7.70421 5.6
      vertex -118.752 -8.0542 5.6
    endloop
  endfacet
  facet normal 0 0 1
    outer loop
      vertex -116.52 -6.78186 5.6
      vertex -118.875 -7.38086 5.6
      vertex -118.826 -7.70421 5.6
    endloop
  endfacet
  facet normal 0 0 1
    outer loop
      vertex -116.508 -6.37582 5.6
      vertex -118.877 -5.99123 5.6
      vertex -118.907 -6.32904 5.6
    endloop
  endfacet
  facet normal 0 0 1
    outer loop
      vertex -116.508 -6.37582 5.6
      vertex -118.907 -6.32904 5.6
      vertex -118.918 -6.68666 5.6
    endloop
  endfacet
  facet normal 0 0 1
    outer loop
      vertex -116.52 -6.78186 5.6
      vertex -118.907 -7.02429 5.6
      vertex -118.875 -7.38086 5.6
    endloop
  endfacet
  facet normal 0 0 1
    outer loop
      vertex -116.52 -6.78186 5.6
      vertex -118.918 -6.68666 5.6
      vertex -118.907 -7.02429 5.6
    endloop
  endfacet
  facet normal 0 0 1
    outer loop
      vertex -106.058 42.896 5.6
      vertex -106.293 42.9459 5.6
      vertex -116.448 -5.98569 5.6
    endloop
  endfacet
  facet normal -0 0 1
    outer loop
      vertex -8.63818 -32.193 5.6
      vertex -4.21215 -48.3983 5.6
      vertex -4.21215 65.7424 5.6
    endloop
  endfacet
  facet normal 0 0 1
    outer loop
      vertex -4.21215 -48.3983 5.6
      vertex -8.63818 -32.193 5.6
      vertex -8.59984 -32.5682 5.6
    endloop
  endfacet
  facet normal 0 0 1
    outer loop
      vertex -4.21215 65.7424 5.6
      vertex -8.71825 -31.8224 5.6
      vertex -8.63818 -32.193 5.6
    endloop
  endfacet
  facet normal 0 0 1
    outer loop
      vertex -4.21215 65.7424 5.6
      vertex -8.83913 -31.464 5.6
      vertex -8.71825 -31.8224 5.6
    endloop
  endfacet
  facet normal -0 0 1
    outer loop
      vertex -14.5133 32.0468 5.6
      vertex -8.83913 -31.464 5.6
      vertex -4.21215 65.7424 5.6
    endloop
  endfacet
  facet normal 0 0 1
    outer loop
      vertex -8.83913 -31.464 5.6
      vertex -14.5133 32.0468 5.6
      vertex -8.99908 -31.1206 5.6
    endloop
  endfacet
  facet normal 0 0 1
    outer loop
      vertex -8.99908 -31.1206 5.6
      vertex -14.5133 32.0468 5.6
      vertex -9.19702 -30.7966 5.6
    endloop
  endfacet
  facet normal 0 0 1
    outer loop
      vertex -9.19702 -30.7966 5.6
      vertex -14.5133 32.0468 5.6
      vertex -9.42899 -30.4983 5.6
    endloop
  endfacet
  facet normal 0 0 1
    outer loop
      vertex -14.4544 32.4404 5.6
      vertex -4.21215 65.7424 5.6
      vertex -14.4428 32.8492 5.6
    endloop
  endfacet
  facet normal 0 0 1
    outer loop
      vertex -4.21215 65.7424 5.6
      vertex -14.4802 33.257 5.6
      vertex -14.4428 32.8492 5.6
    endloop
  endfacet
  facet normal 0 0 1
    outer loop
      vertex -4.21215 65.7424 5.6
      vertex -14.5667 33.6565 5.6
      vertex -14.4802 33.257 5.6
    endloop
  endfacet
  facet normal 0 0 1
    outer loop
      vertex -4.21215 65.7424 5.6
      vertex -14.6998 34.0437 5.6
      vertex -14.5667 33.6565 5.6
    endloop
  endfacet
  facet normal 0 0 1
    outer loop
      vertex -4.21215 65.7424 5.6
      vertex -14.8789 34.4124 5.6
      vertex -14.6998 34.0437 5.6
    endloop
  endfacet
  facet normal 0 0 1
    outer loop
      vertex -4.21215 65.7424 5.6
      vertex -15.1016 34.7567 5.6
      vertex -14.8789 34.4124 5.6
    endloop
  endfacet
  facet normal 0 0 1
    outer loop
      vertex -4.21215 65.7424 5.6
      vertex -15.3637 35.0707 5.6
      vertex -15.1016 34.7567 5.6
    endloop
  endfacet
  facet normal 0 0 1
    outer loop
      vertex -4.21215 65.7424 5.6
      vertex -15.6609 35.3517 5.6
      vertex -15.3637 35.0707 5.6
    endloop
  endfacet
  facet normal 0 0 1
    outer loop
      vertex -4.21215 65.7424 5.6
      vertex -15.9908 35.5946 5.6
      vertex -15.6609 35.3517 5.6
    endloop
  endfacet
  facet normal 0 0 1
    outer loop
      vertex -4.21215 65.7424 5.6
      vertex -16.3369 35.7906 5.6
      vertex -15.9908 35.5946 5.6
    endloop
  endfacet
  facet normal 0 0 1
    outer loop
      vertex -4.21215 65.7424 5.6
      vertex -52.3543 53.4111 5.6
      vertex -16.3369 35.7906 5.6
    endloop
  endfacet
  facet normal -0 0 1
    outer loop
      vertex -68.5893 65.7424 5.6
      vertex -52.3543 53.4111 5.6
      vertex -4.21215 65.7424 5.6
    endloop
  endfacet
  facet normal 0 0 1
    outer loop
      vertex -52.3543 53.4111 5.6
      vertex -68.5893 65.7424 5.6
      vertex -52.7283 53.5659 5.6
    endloop
  endfacet
  facet normal 0 0 1
    outer loop
      vertex -52.7283 53.5659 5.6
      vertex -68.5893 65.7424 5.6
      vertex -53.1178 53.6746 5.6
    endloop
  endfacet
  facet normal 0 0 1
    outer loop
      vertex -53.1178 53.6746 5.6
      vertex -68.5893 65.7424 5.6
      vertex -70.3747 57.3427 5.6
    endloop
  endfacet
  facet normal -0 0 1
    outer loop
      vertex -8.60284 -32.9472 5.6
      vertex -4.21215 -48.3983 5.6
      vertex -8.59984 -32.5682 5.6
    endloop
  endfacet
  facet normal -0 0 1
    outer loop
      vertex -8.6479 -33.323 5.6
      vertex -4.21215 -48.3983 5.6
      vertex -8.60284 -32.9472 5.6
    endloop
  endfacet
  facet normal -0 0 1
    outer loop
      vertex -8.73546 -33.6914 5.6
      vertex -4.21215 -48.3983 5.6
      vertex -8.6479 -33.323 5.6
    endloop
  endfacet
  facet normal -0 0 1
    outer loop
      vertex -8.86234 -34.0482 5.6
      vertex -4.21215 -48.3983 5.6
      vertex -8.73546 -33.6914 5.6
    endloop
  endfacet
  facet normal -0 0 1
    outer loop
      vertex -9.0296 -34.3881 5.6
      vertex -4.21215 -48.3983 5.6
      vertex -8.86234 -34.0482 5.6
    endloop
  endfacet
  facet normal -0 0 1
    outer loop
      vertex -9.23184 -34.7076 5.6
      vertex -4.21215 -48.3983 5.6
      vertex -9.0296 -34.3881 5.6
    endloop
  endfacet
  facet normal -0 0 1
    outer loop
      vertex -9.46268 -34.9939 5.6
      vertex -4.21215 -48.3983 5.6
      vertex -9.23184 -34.7076 5.6
    endloop
  endfacet
  facet normal -0 0 1
    outer loop
      vertex -18.3657 -44.8828 5.6
      vertex -4.21215 -48.3983 5.6
      vertex -9.46268 -34.9939 5.6
    endloop
  endfacet
  facet normal -0 0 1
    outer loop
      vertex -18.6418 -45.155 5.6
      vertex -4.21215 -48.3983 5.6
      vertex -18.3657 -44.8828 5.6
    endloop
  endfacet
  facet normal 0 0 1
    outer loop
      vertex -20.8369 -48.3983 5.6
      vertex -18.6418 -45.155 5.6
      vertex -18.9565 -45.3994 5.6
    endloop
  endfacet
  facet normal 0 0 1
    outer loop
      vertex -20.8369 -48.3983 5.6
      vertex -18.9565 -45.3994 5.6
      vertex -19.297 -45.6062 5.6
    endloop
  endfacet
  facet normal 0 0 1
    outer loop
      vertex -20.8369 -48.3983 5.6
      vertex -19.297 -45.6062 5.6
      vertex -19.6603 -45.7713 5.6
    endloop
  endfacet
  facet normal 0 0 1
    outer loop
      vertex -20.8369 -48.3983 5.6
      vertex -19.6603 -45.7713 5.6
      vertex -20.041 -45.8933 5.6
    endloop
  endfacet
  facet normal 0 0 1
    outer loop
      vertex -20.8369 -48.3983 5.6
      vertex -20.041 -45.8933 5.6
      vertex -20.4325 -45.9689 5.6
    endloop
  endfacet
  facet normal 0 0 1
    outer loop
      vertex -20.8369 -48.3983 5.6
      vertex -20.4325 -45.9689 5.6
      vertex -20.8305 -45.999 5.6
    endloop
  endfacet
  facet normal 0 0 1
    outer loop
      vertex -18.6418 -45.155 5.6
      vertex -20.8369 -48.3983 5.6
      vertex -4.21215 -48.3983 5.6
    endloop
  endfacet
  facet normal 0 0 1
    outer loop
      vertex -20.8305 -45.999 5.6
      vertex -20.9595 -48.3956 5.6
      vertex -20.8369 -48.3983 5.6
    endloop
  endfacet
  facet normal 0 0 1
    outer loop
      vertex -21.2288 -45.9815 5.6
      vertex -20.9595 -48.3956 5.6
      vertex -20.8305 -45.999 5.6
    endloop
  endfacet
  facet normal 0 0 1
    outer loop
      vertex -21.2288 -45.9815 5.6
      vertex -21.311 -48.3802 5.6
      vertex -20.9595 -48.3956 5.6
    endloop
  endfacet
  facet normal 0 0 1
    outer loop
      vertex -21.6299 -48.3479 5.6
      vertex -21.2288 -45.9815 5.6
      vertex -21.6114 -45.9204 5.6
    endloop
  endfacet
  facet normal 0 0 1
    outer loop
      vertex -21.2288 -45.9815 5.6
      vertex -21.6299 -48.3479 5.6
      vertex -21.311 -48.3802 5.6
    endloop
  endfacet
  facet normal 0 0 1
    outer loop
      vertex -21.6114 -45.9204 5.6
      vertex -21.9779 -48.2923 5.6
      vertex -21.6299 -48.3479 5.6
    endloop
  endfacet
  facet normal 0 0 1
    outer loop
      vertex -21.6114 -45.9204 5.6
      vertex -22.1446 -48.2605 5.6
      vertex -21.9779 -48.2923 5.6
    endloop
  endfacet
  facet normal 0 0 1
    outer loop
      vertex -89.3961 -30.8363 5.6
      vertex -22.1446 -48.2605 5.6
      vertex -21.6114 -45.9204 5.6
    endloop
  endfacet
  facet normal 0 0 1
    outer loop
      vertex -89.3961 -30.8363 5.6
      vertex -89.9053 -33.1817 5.6
      vertex -22.1446 -48.2605 5.6
    endloop
  endfacet
  facet normal 0 0 1
    outer loop
      vertex -90.0733 -33.1388 5.6
      vertex -89.3961 -30.8363 5.6
      vertex -89.7805 -30.7254 5.6
    endloop
  endfacet
  facet normal 0 0 1
    outer loop
      vertex -89.3961 -30.8363 5.6
      vertex -90.0733 -33.1388 5.6
      vertex -89.9053 -33.1817 5.6
    endloop
  endfacet
  facet normal 0 0 1
    outer loop
      vertex -90.7368 -32.9268 5.6
      vertex -89.7805 -30.7254 5.6
      vertex -90.1608 -30.5647 5.6
    endloop
  endfacet
  facet normal 0 0 1
    outer loop
      vertex -89.7805 -30.7254 5.6
      vertex -90.423 -33.0379 5.6
      vertex -90.0733 -33.1388 5.6
    endloop
  endfacet
  facet normal 0 0 1
    outer loop
      vertex -91.3778 -32.6334 5.6
      vertex -90.1608 -30.5647 5.6
      vertex -90.5194 -30.3585 5.6
    endloop
  endfacet
  facet normal 0 0 1
    outer loop
      vertex -89.7805 -30.7254 5.6
      vertex -90.7368 -32.9268 5.6
      vertex -90.423 -33.0379 5.6
    endloop
  endfacet
  facet normal 0 0 1
    outer loop
      vertex -91.9818 -32.2617 5.6
      vertex -90.5194 -30.3585 5.6
      vertex -90.8406 -30.117 5.6
    endloop
  endfacet
  facet normal 0 0 1
    outer loop
      vertex -90.1608 -30.5647 5.6
      vertex -91.0726 -32.7848 5.6
      vertex -90.7368 -32.9268 5.6
    endloop
  endfacet
  facet normal 0 0 1
    outer loop
      vertex -90.1608 -30.5647 5.6
      vertex -91.3778 -32.6334 5.6
      vertex -91.0726 -32.7848 5.6
    endloop
  endfacet
  facet normal 0 0 1
    outer loop
      vertex -90.5194 -30.3585 5.6
      vertex -91.6939 -32.4517 5.6
      vertex -91.3778 -32.6334 5.6
    endloop
  endfacet
  facet normal 0 0 1
    outer loop
      vertex -90.5194 -30.3585 5.6
      vertex -91.9818 -32.2617 5.6
      vertex -91.6939 -32.4517 5.6
    endloop
  endfacet
  facet normal 0 0 1
    outer loop
      vertex -90.8406 -30.117 5.6
      vertex -92.2735 -32.0423 5.6
      vertex -91.9818 -32.2617 5.6
    endloop
  endfacet
  facet normal 0 0 1
    outer loop
      vertex -90.8406 -30.117 5.6
      vertex -92.4057 -31.9365 5.6
      vertex -92.2735 -32.0423 5.6
    endloop
  endfacet
  facet normal 0 0 1
    outer loop
      vertex -115.333 -9.26268 5.6
      vertex -92.4057 -31.9365 5.6
      vertex -90.8406 -30.117 5.6
    endloop
  endfacet
  facet normal 0 0 1
    outer loop
      vertex -116.88 -11.0977 5.6
      vertex -115.333 -9.26268 5.6
      vertex -115.618 -8.98936 5.6
    endloop
  endfacet
  facet normal 0 0 1
    outer loop
      vertex -115.333 -9.26268 5.6
      vertex -116.88 -11.0977 5.6
      vertex -92.4057 -31.9365 5.6
    endloop
  endfacet
  facet normal 0 0 1
    outer loop
      vertex -115.875 -8.67526 5.6
      vertex -116.88 -11.0977 5.6
      vertex -115.618 -8.98936 5.6
    endloop
  endfacet
  facet normal 0 0 1
    outer loop
      vertex -116.093 -8.33359 5.6
      vertex -116.88 -11.0977 5.6
      vertex -115.875 -8.67526 5.6
    endloop
  endfacet
  facet normal 0 0 1
    outer loop
      vertex -116.269 -7.96666 5.6
      vertex -116.88 -11.0977 5.6
      vertex -116.093 -8.33359 5.6
    endloop
  endfacet
  facet normal 0 0 1
    outer loop
      vertex -116.399 -7.58194 5.6
      vertex -116.88 -11.0977 5.6
      vertex -116.269 -7.96666 5.6
    endloop
  endfacet
  facet normal 0 0 1
    outer loop
      vertex -116.483 -7.18579 5.6
      vertex -116.88 -11.0977 5.6
      vertex -116.399 -7.58194 5.6
    endloop
  endfacet
  facet normal 0 0 1
    outer loop
      vertex -116.88 -11.0977 5.6
      vertex -116.483 -7.18579 5.6
      vertex -116.52 -6.78186 5.6
    endloop
  endfacet
  facet normal 0 0 1
    outer loop
      vertex -14.5133 32.0468 5.6
      vertex -4.21215 65.7424 5.6
      vertex -14.4544 32.4404 5.6
    endloop
  endfacet
  facet normal 0 0 1
    outer loop
      vertex -9.42899 -30.4983 5.6
      vertex -14.5133 32.0468 5.6
      vertex -9.6843 -30.235 5.6
    endloop
  endfacet
  facet normal -0 0 1
    outer loop
      vertex -24.4828 -14.8558 5.6
      vertex -9.6843 -30.235 5.6
      vertex -14.5133 32.0468 5.6
    endloop
  endfacet
  facet normal 0 0 1
    outer loop
      vertex -9.6843 -30.235 5.6
      vertex -24.4828 -14.8558 5.6
      vertex -23.6951 -17.3267 5.6
    endloop
  endfacet
  facet normal 0 0 1
    outer loop
      vertex -23.6951 -17.3267 5.6
      vertex -24.4828 -14.8558 5.6
      vertex -23.9114 -17.1043 5.6
    endloop
  endfacet
  facet normal 0 0 1
    outer loop
      vertex -23.9114 -17.1043 5.6
      vertex -24.4828 -14.8558 5.6
      vertex -24.0929 -16.8665 5.6
    endloop
  endfacet
  facet normal 0 0 1
    outer loop
      vertex -24.0929 -16.8665 5.6
      vertex -24.4828 -14.8558 5.6
      vertex -24.2467 -16.6106 5.6
    endloop
  endfacet
  facet normal 0 0 1
    outer loop
      vertex -24.2467 -16.6106 5.6
      vertex -24.4828 -14.8558 5.6
      vertex -24.3692 -16.3377 5.6
    endloop
  endfacet
  facet normal 0 0 1
    outer loop
      vertex -24.3692 -16.3377 5.6
      vertex -24.4828 -14.8558 5.6
      vertex -24.4601 -16.0523 5.6
    endloop
  endfacet
  facet normal 0 0 1
    outer loop
      vertex -24.4828 -14.8558 5.6
      vertex -24.5174 -15.7594 5.6
      vertex -24.4601 -16.0523 5.6
    endloop
  endfacet
  facet normal -0 0 1
    outer loop
      vertex -24.5296 -15.1625 5.6
      vertex -24.5174 -15.7594 5.6
      vertex -24.4828 -14.8558 5.6
    endloop
  endfacet
  facet normal 0 0 1
    outer loop
      vertex -24.5174 -15.7594 5.6
      vertex -24.5296 -15.1625 5.6
      vertex -24.5408 -15.4613 5.6
    endloop
  endfacet
  facet normal -0.0220175 -0.999758 0
    outer loop
      vertex -20.9595 -48.3956 0
      vertex -20.8369 -48.3983 5.6
      vertex -20.9595 -48.3956 5.6
    endloop
  endfacet
  facet normal -0.0220175 -0.999758 -0
    outer loop
      vertex -20.8369 -48.3983 5.6
      vertex -20.9595 -48.3956 0
      vertex -20.8369 -48.3983 0
    endloop
  endfacet
  facet normal -0.0437702 -0.999042 0
    outer loop
      vertex -21.311 -48.3802 0
      vertex -20.9595 -48.3956 5.6
      vertex -21.311 -48.3802 5.6
    endloop
  endfacet
  facet normal -0.0437702 -0.999042 -0
    outer loop
      vertex -20.9595 -48.3956 5.6
      vertex -21.311 -48.3802 0
      vertex -20.9595 -48.3956 0
    endloop
  endfacet
  facet normal -0.333747 -0.942663 0
    outer loop
      vertex -90.7368 -32.9268 0
      vertex -90.423 -33.0379 5.6
      vertex -90.7368 -32.9268 5.6
    endloop
  endfacet
  facet normal -0.333747 -0.942663 -0
    outer loop
      vertex -90.423 -33.0379 5.6
      vertex -90.7368 -32.9268 0
      vertex -90.423 -33.0379 0
    endloop
  endfacet
  facet normal -0.127558 0.991831 0
    outer loop
      vertex -99.5378 65.7116 3
      vertex -99.5759 65.7067 1
      vertex -99.5759 65.7067 3
    endloop
  endfacet
  facet normal -0.127558 0.991831 0
    outer loop
      vertex -99.5378 65.7116 0
      vertex -99.5759 65.7067 1
      vertex -99.5378 65.7116 3
    endloop
  endfacet
  facet normal -0.126997 0.991903 2.17573e-05
    outer loop
      vertex -99.851 65.6715 0
      vertex -99.5759 65.7067 1
      vertex -99.5378 65.7116 0
    endloop
  endfacet
  facet normal -0.126919 0.991913 0
    outer loop
      vertex -99.5759 65.7067 1
      vertex -99.851 65.6715 0
      vertex -99.851 65.6715 1
    endloop
  endfacet
  facet normal -0.901739 -0.432281 0
    outer loop
      vertex -118.267 -9.35019 0
      vertex -118.422 -9.02686 5.6
      vertex -118.422 -9.02686 0
    endloop
  endfacet
  facet normal -0.901739 -0.432281 0
    outer loop
      vertex -118.422 -9.02686 5.6
      vertex -118.267 -9.35019 0
      vertex -118.267 -9.35019 5.6
    endloop
  endfacet
  facet normal -0.634933 0.772567 0
    outer loop
      vertex -102.52 64.5171 0
      vertex -102.758 64.3215 5.6
      vertex -102.52 64.5171 5.6
    endloop
  endfacet
  facet normal -0.634933 0.772567 0
    outer loop
      vertex -102.758 64.3215 5.6
      vertex -102.52 64.5171 0
      vertex -102.758 64.3215 0
    endloop
  endfacet
  facet normal -0.54521 0.8383 0
    outer loop
      vertex -101.982 64.8891 0
      vertex -102.248 64.7161 5.6
      vertex -101.982 64.8891 5.6
    endloop
  endfacet
  facet normal -0.54521 0.8383 0
    outer loop
      vertex -102.248 64.7161 5.6
      vertex -101.982 64.8891 0
      vertex -102.248 64.7161 0
    endloop
  endfacet
  facet normal -0.882583 0.470156 0
    outer loop
      vertex -104.152 62.5213 0
      vertex -103.994 62.8179 5.6
      vertex -103.994 62.8179 0
    endloop
  endfacet
  facet normal -0.882583 0.470156 0
    outer loop
      vertex -103.994 62.8179 5.6
      vertex -104.152 62.5213 0
      vertex -104.152 62.5213 5.6
    endloop
  endfacet
  facet normal -0.601095 -0.799177 0
    outer loop
      vertex -92.2735 -32.0423 0
      vertex -91.9818 -32.2617 5.6
      vertex -92.2735 -32.0423 5.6
    endloop
  endfacet
  facet normal -0.601095 -0.799177 -0
    outer loop
      vertex -91.9818 -32.2617 5.6
      vertex -92.2735 -32.0423 0
      vertex -91.9818 -32.2617 0
    endloop
  endfacet
  facet normal -0.949521 0.313704 0
    outer loop
      vertex -104.506 61.6269 0
      vertex -104.409 61.9205 5.6
      vertex -104.409 61.9205 0
    endloop
  endfacet
  facet normal -0.949521 0.313704 0
    outer loop
      vertex -104.409 61.9205 5.6
      vertex -104.506 61.6269 0
      vertex -104.506 61.6269 5.6
    endloop
  endfacet
  facet normal -0.715317 0.6988 0
    outer loop
      vertex -103.225 63.8688 0
      vertex -103.005 64.094 5.6
      vertex -103.005 64.094 0
    endloop
  endfacet
  facet normal -0.715317 0.6988 0
    outer loop
      vertex -103.005 64.094 5.6
      vertex -103.225 63.8688 0
      vertex -103.225 63.8688 5.6
    endloop
  endfacet
  facet normal -0.929741 0.368214 0
    outer loop
      vertex -104.409 61.9205 0
      vertex -104.285 62.2336 5.6
      vertex -104.285 62.2336 0
    endloop
  endfacet
  facet normal -0.929741 0.368214 0
    outer loop
      vertex -104.285 62.2336 5.6
      vertex -104.409 61.9205 0
      vertex -104.409 61.9205 5.6
    endloop
  endfacet
  facet normal -0.677476 0.735545 0
    outer loop
      vertex -102.758 64.3215 0
      vertex -103.005 64.094 5.6
      vertex -102.758 64.3215 5.6
    endloop
  endfacet
  facet normal -0.677476 0.735545 0
    outer loop
      vertex -103.005 64.094 5.6
      vertex -102.758 64.3215 0
      vertex -103.005 64.094 0
    endloop
  endfacet
  facet normal -0.995997 -0.0893847 0
    outer loop
      vertex -118.875 -7.38086 0
      vertex -118.907 -7.02429 5.6
      vertex -118.907 -7.02429 0
    endloop
  endfacet
  facet normal -0.995997 -0.0893847 0
    outer loop
      vertex -118.907 -7.02429 5.6
      vertex -118.875 -7.38086 0
      vertex -118.875 -7.38086 5.6
    endloop
  endfacet
  facet normal -0.972295 0.233755 0
    outer loop
      vertex -104.632 61.1483 0
      vertex -104.595 61.3022 5.6
      vertex -104.595 61.3022 0
    endloop
  endfacet
  facet normal -0.972295 0.233755 0
    outer loop
      vertex -104.595 61.3022 5.6
      vertex -104.632 61.1483 0
      vertex -104.632 61.1483 5.6
    endloop
  endfacet
  facet normal -0.590463 0.807065 0
    outer loop
      vertex -102.248 64.7161 0
      vertex -102.52 64.5171 5.6
      vertex -102.248 64.7161 5.6
    endloop
  endfacet
  facet normal -0.590463 0.807065 0
    outer loop
      vertex -102.52 64.5171 5.6
      vertex -102.248 64.7161 0
      vertex -102.52 64.5171 0
    endloop
  endfacet
  facet normal -0.907701 0.419618 0
    outer loop
      vertex -104.285 62.2336 0
      vertex -104.152 62.5213 5.6
      vertex -104.152 62.5213 0
    endloop
  endfacet
  facet normal -0.907701 0.419618 0
    outer loop
      vertex -104.152 62.5213 5.6
      vertex -104.285 62.2336 0
      vertex -104.285 62.2336 5.6
    endloop
  endfacet
  facet normal -0.755502 0.655146 0
    outer loop
      vertex -103.445 63.6151 0
      vertex -103.225 63.8688 5.6
      vertex -103.225 63.8688 0
    endloop
  endfacet
  facet normal -0.755502 0.655146 0
    outer loop
      vertex -103.225 63.8688 5.6
      vertex -103.445 63.6151 0
      vertex -103.445 63.6151 5.6
    endloop
  endfacet
  facet normal -0.773572 -0.633709 0
    outer loop
      vertex -117.492 -10.4886 0
      vertex -117.719 -10.2115 5.6
      vertex -117.719 -10.2115 0
    endloop
  endfacet
  facet normal -0.773572 -0.633709 0
    outer loop
      vertex -117.719 -10.2115 5.6
      vertex -117.492 -10.4886 0
      vertex -117.492 -10.4886 5.6
    endloop
  endfacet
  facet normal -0.277224 -0.960805 0
    outer loop
      vertex -90.423 -33.0379 0
      vertex -90.0733 -33.1388 5.6
      vertex -90.423 -33.0379 5.6
    endloop
  endfacet
  facet normal -0.277224 -0.960805 -0
    outer loop
      vertex -90.0733 -33.1388 5.6
      vertex -90.423 -33.0379 0
      vertex -90.0733 -33.1388 0
    endloop
  endfacet
  facet normal -0.692039 -0.721861 0
    outer loop
      vertex -117.261 -10.7389 0
      vertex -117.002 -10.9872 5.6
      vertex -117.261 -10.7389 5.6
    endloop
  endfacet
  facet normal -0.692039 -0.721861 -0
    outer loop
      vertex -117.002 -10.9872 5.6
      vertex -117.261 -10.7389 0
      vertex -117.002 -10.9872 0
    endloop
  endfacet
  facet normal -0.97837 -0.206861 0
    outer loop
      vertex -118.752 -8.0542 0
      vertex -118.826 -7.70421 5.6
      vertex -118.826 -7.70421 0
    endloop
  endfacet
  facet normal -0.97837 -0.206861 0
    outer loop
      vertex -118.826 -7.70421 5.6
      vertex -118.752 -8.0542 0
      vertex -118.752 -8.0542 5.6
    endloop
  endfacet
  facet normal -0.874024 -0.485882 0
    outer loop
      vertex -118.103 -9.6452 0
      vertex -118.267 -9.35019 5.6
      vertex -118.267 -9.35019 0
    endloop
  endfacet
  facet normal -0.874024 -0.485882 0
    outer loop
      vertex -118.267 -9.35019 5.6
      vertex -118.103 -9.6452 0
      vertex -118.103 -9.6452 5.6
    endloop
  endfacet
  facet normal -0.84231 -0.538993 0
    outer loop
      vertex -117.91 -9.94681 0
      vertex -118.103 -9.6452 5.6
      vertex -118.103 -9.6452 0
    endloop
  endfacet
  facet normal -0.84231 -0.538993 0
    outer loop
      vertex -118.103 -9.6452 5.6
      vertex -117.91 -9.94681 0
      vertex -117.91 -9.94681 5.6
    endloop
  endfacet
  facet normal -0.823643 0.567108 0
    outer loop
      vertex -103.83 63.0876 0
      vertex -103.639 63.365 5.6
      vertex -103.639 63.365 0
    endloop
  endfacet
  facet normal -0.823643 0.567108 0
    outer loop
      vertex -103.639 63.365 5.6
      vertex -103.83 63.0876 0
      vertex -103.83 63.0876 5.6
    endloop
  endfacet
  facet normal -0.389479 -0.921035 0
    outer loop
      vertex -91.0726 -32.7848 0
      vertex -90.7368 -32.9268 5.6
      vertex -91.0726 -32.7848 5.6
    endloop
  endfacet
  facet normal -0.389479 -0.921035 -0
    outer loop
      vertex -90.7368 -32.9268 5.6
      vertex -91.0726 -32.7848 0
      vertex -90.7368 -32.9268 0
    endloop
  endfacet
  facet normal -0.444394 -0.895832 0
    outer loop
      vertex -91.3778 -32.6334 0
      vertex -91.0726 -32.7848 5.6
      vertex -91.3778 -32.6334 5.6
    endloop
  endfacet
  facet normal -0.444394 -0.895832 -0
    outer loop
      vertex -91.0726 -32.7848 5.6
      vertex -91.3778 -32.6334 0
      vertex -91.0726 -32.7848 0
    endloop
  endfacet
  facet normal 0 0 -1
    outer loop
      vertex -1.15 -48.3983 0
      vertex -24.3204 -3.02352 0
      vertex -24.2644 -2.74202 0
    endloop
  endfacet
  facet normal 0 0 -1
    outer loop
      vertex -20.8369 -48.3983 0
      vertex -24.4799 -3.26216 0
      vertex -24.3204 -3.02352 0
    endloop
  endfacet
  facet normal 0 0 -1
    outer loop
      vertex -20.8369 -48.3983 0
      vertex -24.7185 -3.42162 0
      vertex -24.4799 -3.26216 0
    endloop
  endfacet
  facet normal 0 0 -1
    outer loop
      vertex -22.1446 -48.2605 0
      vertex -25 -3.47761 0
      vertex -24.7185 -3.42162 0
    endloop
  endfacet
  facet normal 0 0 -1
    outer loop
      vertex -22.1446 -48.2605 0
      vertex -25.2815 -3.42162 0
      vertex -25 -3.47761 0
    endloop
  endfacet
  facet normal 0 0 -1
    outer loop
      vertex -22.1446 -48.2605 0
      vertex -25.5201 -3.26216 0
      vertex -25.2815 -3.42162 0
    endloop
  endfacet
  facet normal 0 0 -1
    outer loop
      vertex -89.9053 -33.1817 0
      vertex -25.5201 -3.26216 0
      vertex -22.1446 -48.2605 0
    endloop
  endfacet
  facet normal -0 0 -1
    outer loop
      vertex -25.5201 -3.26216 0
      vertex -89.9053 -33.1817 0
      vertex -25.6796 -3.02352 0
    endloop
  endfacet
  facet normal -0 0 -1
    outer loop
      vertex -25.6796 -3.02352 0
      vertex -89.9053 -33.1817 0
      vertex -25.7356 -2.74202 0
    endloop
  endfacet
  facet normal 0 0 -1
    outer loop
      vertex -24.3204 -3.02352 0
      vertex -1.15 -48.3983 0
      vertex -20.8369 -48.3983 0
    endloop
  endfacet
  facet normal 0 0 -1
    outer loop
      vertex -22.1446 -48.2605 0
      vertex -20.8369 -48.3983 0
      vertex -20.9595 -48.3956 0
    endloop
  endfacet
  facet normal 0 0 -1
    outer loop
      vertex -21.9779 -48.2923 0
      vertex -20.9595 -48.3956 0
      vertex -21.311 -48.3802 0
    endloop
  endfacet
  facet normal 0 0 -1
    outer loop
      vertex -21.9779 -48.2923 0
      vertex -21.311 -48.3802 0
      vertex -21.6299 -48.3479 0
    endloop
  endfacet
  facet normal 0 0 -1
    outer loop
      vertex -20.9595 -48.3956 0
      vertex -21.9779 -48.2923 0
      vertex -22.1446 -48.2605 0
    endloop
  endfacet
  facet normal 0 0 -1
    outer loop
      vertex -24.7185 -3.42162 0
      vertex -20.8369 -48.3983 0
      vertex -22.1446 -48.2605 0
    endloop
  endfacet
  facet normal 0 0 -1
    outer loop
      vertex -1.15 -48.3983 0
      vertex -24.2644 -2.74202 0
      vertex -1.15 65.7424 0
    endloop
  endfacet
  facet normal 0 0 -1
    outer loop
      vertex -24.3204 -2.46052 0
      vertex -1.15 65.7424 0
      vertex -24.2644 -2.74202 0
    endloop
  endfacet
  facet normal 0 0 -1
    outer loop
      vertex -24.4799 -2.22188 0
      vertex -1.15 65.7424 0
      vertex -24.3204 -2.46052 0
    endloop
  endfacet
  facet normal 0 0 -1
    outer loop
      vertex -24.7185 -2.06243 0
      vertex -1.15 65.7424 0
      vertex -24.4799 -2.22188 0
    endloop
  endfacet
  facet normal 0 0 -1
    outer loop
      vertex -25 -2.00643 0
      vertex -1.15 65.7424 0
      vertex -24.7185 -2.06243 0
    endloop
  endfacet
  facet normal 0 0 -1
    outer loop
      vertex -25.2815 -2.06243 0
      vertex -1.15 65.7424 0
      vertex -25 -2.00643 0
    endloop
  endfacet
  facet normal 0 0 -1
    outer loop
      vertex -99.0041 65.7424 0
      vertex -25.2815 -2.06243 0
      vertex -25.5201 -2.22188 0
    endloop
  endfacet
  facet normal 0 0 -1
    outer loop
      vertex -99.0041 65.7424 0
      vertex -25.5201 -2.22188 0
      vertex -25.6796 -2.46052 0
    endloop
  endfacet
  facet normal 0 0 -1
    outer loop
      vertex -89.9053 -33.1817 0
      vertex -25.6796 -2.46052 0
      vertex -25.7356 -2.74202 0
    endloop
  endfacet
  facet normal 0 0 -1
    outer loop
      vertex -92.4057 -31.9365 0
      vertex -25.6796 -2.46052 0
      vertex -89.9053 -33.1817 0
    endloop
  endfacet
  facet normal 0 0 -1
    outer loop
      vertex -92.4057 -31.9365 0
      vertex -89.9053 -33.1817 0
      vertex -90.0733 -33.1388 0
    endloop
  endfacet
  facet normal 0 0 -1
    outer loop
      vertex -92.2735 -32.0423 0
      vertex -90.0733 -33.1388 0
      vertex -90.423 -33.0379 0
    endloop
  endfacet
  facet normal 0 0 -1
    outer loop
      vertex -92.2735 -32.0423 0
      vertex -90.423 -33.0379 0
      vertex -90.7368 -32.9268 0
    endloop
  endfacet
  facet normal 0 0 -1
    outer loop
      vertex -92.2735 -32.0423 0
      vertex -90.7368 -32.9268 0
      vertex -91.0726 -32.7848 0
    endloop
  endfacet
  facet normal 0 0 -1
    outer loop
      vertex -92.2735 -32.0423 0
      vertex -91.0726 -32.7848 0
      vertex -91.3778 -32.6334 0
    endloop
  endfacet
  facet normal 0 0 -1
    outer loop
      vertex -92.2735 -32.0423 0
      vertex -91.3778 -32.6334 0
      vertex -91.6939 -32.4517 0
    endloop
  endfacet
  facet normal 0 0 -1
    outer loop
      vertex -92.2735 -32.0423 0
      vertex -91.6939 -32.4517 0
      vertex -91.9818 -32.2617 0
    endloop
  endfacet
  facet normal 0 0 -1
    outer loop
      vertex -90.0733 -33.1388 0
      vertex -92.2735 -32.0423 0
      vertex -92.4057 -31.9365 0
    endloop
  endfacet
  facet normal 0 0 -1
    outer loop
      vertex -118.793 -5.47522 0
      vertex -25.6796 -2.46052 0
      vertex -92.4057 -31.9365 0
    endloop
  endfacet
  facet normal 0 0 -1
    outer loop
      vertex -25.2815 -2.06243 0
      vertex -99.0041 65.7424 0
      vertex -1.15 65.7424 0
    endloop
  endfacet
  facet normal 0 0 -1
    outer loop
      vertex -25.6796 -2.46052 0
      vertex -104.632 61.1483 0
      vertex -99.0041 65.7424 0
    endloop
  endfacet
  facet normal 0 0 -1
    outer loop
      vertex -99.0041 65.7424 0
      vertex -104.632 61.1483 0
      vertex -99.2025 65.7354 0
    endloop
  endfacet
  facet normal 0 -0 -1
    outer loop
      vertex -104.595 61.3022 0
      vertex -99.2025 65.7354 0
      vertex -104.632 61.1483 0
    endloop
  endfacet
  facet normal 0 0 -1
    outer loop
      vertex -99.2025 65.7354 0
      vertex -104.595 61.3022 0
      vertex -99.5378 65.7116 0
    endloop
  endfacet
  facet normal 0 0 -1
    outer loop
      vertex -99.5378 65.7116 0
      vertex -104.595 61.3022 0
      vertex -99.851 65.6715 0
    endloop
  endfacet
  facet normal 0 0 -1
    outer loop
      vertex -99.851 65.6715 0
      vertex -104.595 61.3022 0
      vertex -100.182 65.6099 0
    endloop
  endfacet
  facet normal 0 0 -1
    outer loop
      vertex -100.182 65.6099 0
      vertex -104.595 61.3022 0
      vertex -100.489 65.5347 0
    endloop
  endfacet
  facet normal 0 0 -1
    outer loop
      vertex -100.489 65.5347 0
      vertex -104.595 61.3022 0
      vertex -100.811 65.4364 0
    endloop
  endfacet
  facet normal 0 0 -1
    outer loop
      vertex -100.811 65.4364 0
      vertex -104.595 61.3022 0
      vertex -101.106 65.3277 0
    endloop
  endfacet
  facet normal 0 0 -1
    outer loop
      vertex -101.106 65.3277 0
      vertex -104.595 61.3022 0
      vertex -101.414 65.194 0
    endloop
  endfacet
  facet normal 0 0 -1
    outer loop
      vertex -101.414 65.194 0
      vertex -104.595 61.3022 0
      vertex -101.69 65.056 0
    endloop
  endfacet
  facet normal 0 0 -1
    outer loop
      vertex -101.69 65.056 0
      vertex -104.595 61.3022 0
      vertex -101.982 64.8891 0
    endloop
  endfacet
  facet normal 0 0 -1
    outer loop
      vertex -101.982 64.8891 0
      vertex -104.595 61.3022 0
      vertex -102.248 64.7161 0
    endloop
  endfacet
  facet normal 0 0 -1
    outer loop
      vertex -102.248 64.7161 0
      vertex -104.595 61.3022 0
      vertex -102.52 64.5171 0
    endloop
  endfacet
  facet normal 0 0 -1
    outer loop
      vertex -102.52 64.5171 0
      vertex -104.595 61.3022 0
      vertex -102.758 64.3215 0
    endloop
  endfacet
  facet normal 0 0 -1
    outer loop
      vertex -102.758 64.3215 0
      vertex -104.595 61.3022 0
      vertex -103.005 64.094 0
    endloop
  endfacet
  facet normal 0 0 -1
    outer loop
      vertex -103.005 64.094 0
      vertex -104.595 61.3022 0
      vertex -103.225 63.8688 0
    endloop
  endfacet
  facet normal 0 0 -1
    outer loop
      vertex -103.225 63.8688 0
      vertex -104.595 61.3022 0
      vertex -103.445 63.6151 0
    endloop
  endfacet
  facet normal 0 0 -1
    outer loop
      vertex -103.445 63.6151 0
      vertex -104.595 61.3022 0
      vertex -103.639 63.365 0
    endloop
  endfacet
  facet normal 0 0 -1
    outer loop
      vertex -103.639 63.365 0
      vertex -104.595 61.3022 0
      vertex -103.83 63.0876 0
    endloop
  endfacet
  facet normal 0 0 -1
    outer loop
      vertex -103.83 63.0876 0
      vertex -104.595 61.3022 0
      vertex -103.994 62.8179 0
    endloop
  endfacet
  facet normal 0 0 -1
    outer loop
      vertex -103.994 62.8179 0
      vertex -104.595 61.3022 0
      vertex -104.152 62.5213 0
    endloop
  endfacet
  facet normal 0 0 -1
    outer loop
      vertex -104.152 62.5213 0
      vertex -104.595 61.3022 0
      vertex -104.285 62.2336 0
    endloop
  endfacet
  facet normal 0 0 -1
    outer loop
      vertex -104.285 62.2336 0
      vertex -104.595 61.3022 0
      vertex -104.409 61.9205 0
    endloop
  endfacet
  facet normal 0 0 -1
    outer loop
      vertex -104.409 61.9205 0
      vertex -104.595 61.3022 0
      vertex -104.506 61.6269 0
    endloop
  endfacet
  facet normal 0 0 -1
    outer loop
      vertex -118.793 -5.47522 0
      vertex -92.4057 -31.9365 0
      vertex -116.88 -11.0977 0
    endloop
  endfacet
  facet normal 0 0 -1
    outer loop
      vertex -118.793 -5.47522 0
      vertex -116.88 -11.0977 0
      vertex -117.002 -10.9872 0
    endloop
  endfacet
  facet normal 0 0 -1
    outer loop
      vertex -118.823 -5.63669 0
      vertex -117.002 -10.9872 0
      vertex -117.261 -10.7389 0
    endloop
  endfacet
  facet normal 0 0 -1
    outer loop
      vertex -118.823 -5.63669 0
      vertex -117.261 -10.7389 0
      vertex -117.492 -10.4886 0
    endloop
  endfacet
  facet normal 0 0 -1
    outer loop
      vertex -118.823 -5.63669 0
      vertex -117.492 -10.4886 0
      vertex -117.719 -10.2115 0
    endloop
  endfacet
  facet normal 0 0 -1
    outer loop
      vertex -118.823 -5.63669 0
      vertex -117.719 -10.2115 0
      vertex -117.91 -9.94681 0
    endloop
  endfacet
  facet normal 0 0 -1
    outer loop
      vertex -118.823 -5.63669 0
      vertex -117.91 -9.94681 0
      vertex -118.103 -9.6452 0
    endloop
  endfacet
  facet normal 0 0 -1
    outer loop
      vertex -118.823 -5.63669 0
      vertex -118.103 -9.6452 0
      vertex -118.267 -9.35019 0
    endloop
  endfacet
  facet normal 0 0 -1
    outer loop
      vertex -118.823 -5.63669 0
      vertex -118.267 -9.35019 0
      vertex -118.422 -9.02686 0
    endloop
  endfacet
  facet normal 0 0 -1
    outer loop
      vertex -118.823 -5.63669 0
      vertex -118.422 -9.02686 0
      vertex -118.55 -8.71387 0
    endloop
  endfacet
  facet normal 0 0 -1
    outer loop
      vertex -118.823 -5.63669 0
      vertex -118.55 -8.71387 0
      vertex -118.665 -8.37454 0
    endloop
  endfacet
  facet normal 0 0 -1
    outer loop
      vertex -118.823 -5.63669 0
      vertex -118.665 -8.37454 0
      vertex -118.752 -8.0542 0
    endloop
  endfacet
  facet normal -0 0 -1
    outer loop
      vertex -25.6796 -2.46052 0
      vertex -118.793 -5.47522 0
      vertex -104.632 61.1483 0
    endloop
  endfacet
  facet normal 0 0 -1
    outer loop
      vertex -117.002 -10.9872 0
      vertex -118.823 -5.63669 0
      vertex -118.793 -5.47522 0
    endloop
  endfacet
  facet normal 0 0 -1
    outer loop
      vertex -118.826 -7.70421 0
      vertex -118.823 -5.63669 0
      vertex -118.752 -8.0542 0
    endloop
  endfacet
  facet normal 0 0 -1
    outer loop
      vertex -118.875 -7.38086 0
      vertex -118.823 -5.63669 0
      vertex -118.826 -7.70421 0
    endloop
  endfacet
  facet normal 0 0 -1
    outer loop
      vertex -118.875 -7.38086 0
      vertex -118.877 -5.99123 0
      vertex -118.823 -5.63669 0
    endloop
  endfacet
  facet normal 0 0 -1
    outer loop
      vertex -118.875 -7.38086 0
      vertex -118.907 -6.32904 0
      vertex -118.877 -5.99123 0
    endloop
  endfacet
  facet normal 0 0 -1
    outer loop
      vertex -118.907 -7.02429 0
      vertex -118.907 -6.32904 0
      vertex -118.875 -7.38086 0
    endloop
  endfacet
  facet normal 0 -0 -1
    outer loop
      vertex -118.907 -6.32904 0
      vertex -118.907 -7.02429 0
      vertex -118.918 -6.68666 0
    endloop
  endfacet
  facet normal -0.988712 -0.149828 0
    outer loop
      vertex -118.826 -7.70421 0
      vertex -118.875 -7.38086 5.6
      vertex -118.875 -7.38086 0
    endloop
  endfacet
  facet normal -0.988712 -0.149828 0
    outer loop
      vertex -118.875 -7.38086 5.6
      vertex -118.826 -7.70421 0
      vertex -118.826 -7.70421 5.6
    endloop
  endfacet
  facet normal -0.398192 0.917302 0
    outer loop
      vertex -101.106 65.3277 0
      vertex -101.414 65.194 1
      vertex -101.106 65.3277 1
    endloop
  endfacet
  facet normal -0.398192 0.917302 0
    outer loop
      vertex -101.414 65.194 1
      vertex -101.106 65.3277 0
      vertex -101.414 65.194 0
    endloop
  endfacet
  facet normal -0.999527 0.0307444 0
    outer loop
      vertex -118.918 -6.68666 0
      vertex -118.907 -6.32904 5.6
      vertex -118.907 -6.32904 0
    endloop
  endfacet
  facet normal -0.999527 0.0307444 0
    outer loop
      vertex -118.907 -6.32904 5.6
      vertex -118.918 -6.68666 0
      vertex -118.918 -6.68666 5.6
    endloop
  endfacet
  facet normal -0.99947 -0.0325628 0
    outer loop
      vertex -118.907 -7.02429 0
      vertex -118.918 -6.68666 5.6
      vertex -118.918 -6.68666 0
    endloop
  endfacet
  facet normal -0.99947 -0.0325628 0
    outer loop
      vertex -118.918 -6.68666 5.6
      vertex -118.907 -7.02429 0
      vertex -118.907 -7.02429 5.6
    endloop
  endfacet
  facet normal 0 0 1
    outer loop
      vertex -68.5893 65.7424 3
      vertex -81.7227 61.9119 3
      vertex -70.3747 57.3427 3
    endloop
  endfacet
  facet normal -0 0 1
    outer loop
      vertex -99.0041 65.7424 3
      vertex -81.7227 61.9119 3
      vertex -68.5893 65.7424 3
    endloop
  endfacet
  facet normal 0 0 1
    outer loop
      vertex -99.5759 65.7067 3
      vertex -99.0041 65.7424 3
      vertex -99.2025 65.7354 3
    endloop
  endfacet
  facet normal 0 0 1
    outer loop
      vertex -99.5759 65.7067 3
      vertex -99.2025 65.7354 3
      vertex -99.5378 65.7116 3
    endloop
  endfacet
  facet normal 0 0 1
    outer loop
      vertex -99.0041 65.7424 3
      vertex -99.5759 65.7067 3
      vertex -81.7227 61.9119 3
    endloop
  endfacet
  facet normal -0 0 1
    outer loop
      vertex -104.497 -11.0465 3
      vertex -90.8406 -30.117 3
      vertex -104.495 -10.9353 3
    endloop
  endfacet
  facet normal -0 0 1
    outer loop
      vertex -104.513 -11.1565 3
      vertex -90.8406 -30.117 3
      vertex -104.497 -11.0465 3
    endloop
  endfacet
  facet normal -0 0 1
    outer loop
      vertex -104.543 -11.2636 3
      vertex -90.8406 -30.117 3
      vertex -104.513 -11.1565 3
    endloop
  endfacet
  facet normal -0 0 1
    outer loop
      vertex -104.587 -11.3657 3
      vertex -90.8406 -30.117 3
      vertex -104.543 -11.2636 3
    endloop
  endfacet
  facet normal -0 0 1
    outer loop
      vertex -104.643 -11.4613 3
      vertex -90.8406 -30.117 3
      vertex -104.587 -11.3657 3
    endloop
  endfacet
  facet normal -0 0 1
    outer loop
      vertex -104.712 -11.5486 3
      vertex -90.8406 -30.117 3
      vertex -104.643 -11.4613 3
    endloop
  endfacet
  facet normal -0 0 1
    outer loop
      vertex -104.792 -11.6262 3
      vertex -90.8406 -30.117 3
      vertex -104.712 -11.5486 3
    endloop
  endfacet
  facet normal -0 0 1
    outer loop
      vertex -104.881 -11.6927 3
      vertex -90.8406 -30.117 3
      vertex -104.792 -11.6262 3
    endloop
  endfacet
  facet normal -0 0 1
    outer loop
      vertex -104.978 -11.747 3
      vertex -90.8406 -30.117 3
      vertex -104.881 -11.6927 3
    endloop
  endfacet
  facet normal -0 0 1
    outer loop
      vertex -105.081 -11.7882 3
      vertex -90.8406 -30.117 3
      vertex -104.978 -11.747 3
    endloop
  endfacet
  facet normal -0 0 1
    outer loop
      vertex -105.189 -11.8156 3
      vertex -90.8406 -30.117 3
      vertex -105.081 -11.7882 3
    endloop
  endfacet
  facet normal -0 0 1
    outer loop
      vertex -105.299 -11.8287 3
      vertex -90.8406 -30.117 3
      vertex -105.189 -11.8156 3
    endloop
  endfacet
  facet normal 0 0 1
    outer loop
      vertex -105.411 -11.8272 3
      vertex -90.8406 -30.117 3
      vertex -105.299 -11.8287 3
    endloop
  endfacet
  facet normal 0 0 1
    outer loop
      vertex -105.521 -11.8112 3
      vertex -90.8406 -30.117 3
      vertex -105.411 -11.8272 3
    endloop
  endfacet
  facet normal 0 0 1
    outer loop
      vertex -105.628 -11.7811 3
      vertex -90.8406 -30.117 3
      vertex -105.521 -11.8112 3
    endloop
  endfacet
  facet normal 0 0 1
    outer loop
      vertex -105.73 -11.7372 3
      vertex -90.8406 -30.117 3
      vertex -105.628 -11.7811 3
    endloop
  endfacet
  facet normal 0 0 1
    outer loop
      vertex -115.333 -9.26268 3
      vertex -105.73 -11.7372 3
      vertex -105.825 -11.6803 3
    endloop
  endfacet
  facet normal 0 0 1
    outer loop
      vertex -115.333 -9.26268 3
      vertex -105.825 -11.6803 3
      vertex -105.913 -11.6115 3
    endloop
  endfacet
  facet normal 0 0 1
    outer loop
      vertex -115.333 -9.26268 3
      vertex -105.913 -11.6115 3
      vertex -105.99 -11.5318 3
    endloop
  endfacet
  facet normal 0 0 1
    outer loop
      vertex -105.73 -11.7372 3
      vertex -115.333 -9.26268 3
      vertex -90.8406 -30.117 3
    endloop
  endfacet
  facet normal 0 0 1
    outer loop
      vertex -106.057 -11.4428 3
      vertex -115.333 -9.26268 3
      vertex -105.99 -11.5318 3
    endloop
  endfacet
  facet normal 0 0 1
    outer loop
      vertex -106.111 -11.3458 3
      vertex -115.333 -9.26268 3
      vertex -106.057 -11.4428 3
    endloop
  endfacet
  facet normal 0 0 1
    outer loop
      vertex -106.152 -11.2425 3
      vertex -115.333 -9.26268 3
      vertex -106.111 -11.3458 3
    endloop
  endfacet
  facet normal 0 0 1
    outer loop
      vertex -106.18 -11.1347 3
      vertex -115.333 -9.26268 3
      vertex -106.152 -11.2425 3
    endloop
  endfacet
  facet normal 0 0 1
    outer loop
      vertex -115.333 -9.26268 3
      vertex -106.18 -11.1347 3
      vertex -106.193 -11.0243 3
    endloop
  endfacet
  facet normal 0 0 1
    outer loop
      vertex -53.1178 53.6746 3
      vertex -67.8837 53.2608 3
      vertex -67.8706 53.1504 3
    endloop
  endfacet
  facet normal 0 0 1
    outer loop
      vertex -53.1178 53.6746 3
      vertex -67.911 53.3686 3
      vertex -67.8837 53.2608 3
    endloop
  endfacet
  facet normal 0 0 1
    outer loop
      vertex -53.1178 53.6746 3
      vertex -67.9522 53.4719 3
      vertex -67.911 53.3686 3
    endloop
  endfacet
  facet normal 0 0 1
    outer loop
      vertex -53.1178 53.6746 3
      vertex -68.0066 53.5689 3
      vertex -67.9522 53.4719 3
    endloop
  endfacet
  facet normal 0 0 1
    outer loop
      vertex -53.1178 53.6746 3
      vertex -68.0731 53.658 3
      vertex -68.0066 53.5689 3
    endloop
  endfacet
  facet normal 0 0 1
    outer loop
      vertex -53.1178 53.6746 3
      vertex -68.1507 53.7376 3
      vertex -68.0731 53.658 3
    endloop
  endfacet
  facet normal 0 0 1
    outer loop
      vertex -70.3747 57.3427 3
      vertex -68.1507 53.7376 3
      vertex -53.1178 53.6746 3
    endloop
  endfacet
  facet normal 0 0 1
    outer loop
      vertex -68.1507 53.7376 3
      vertex -70.3747 57.3427 3
      vertex -68.238 53.8065 3
    endloop
  endfacet
  facet normal 0 0 1
    outer loop
      vertex -68.238 53.8065 3
      vertex -70.3747 57.3427 3
      vertex -68.3335 53.8633 3
    endloop
  endfacet
  facet normal 0 0 1
    outer loop
      vertex -68.3335 53.8633 3
      vertex -70.3747 57.3427 3
      vertex -68.4357 53.9072 3
    endloop
  endfacet
  facet normal 0 0 1
    outer loop
      vertex -68.4357 53.9072 3
      vertex -70.3747 57.3427 3
      vertex -68.5427 53.9374 3
    endloop
  endfacet
  facet normal 0 0 1
    outer loop
      vertex -81.7227 61.9119 3
      vertex -69.5668 53.1726 3
      vertex -70.3747 57.3427 3
    endloop
  endfacet
  facet normal 0 0 1
    outer loop
      vertex -69.5509 53.2827 3
      vertex -70.3747 57.3427 3
      vertex -69.5668 53.1726 3
    endloop
  endfacet
  facet normal 0 0 1
    outer loop
      vertex -69.5207 53.3897 3
      vertex -70.3747 57.3427 3
      vertex -69.5509 53.2827 3
    endloop
  endfacet
  facet normal 0 0 1
    outer loop
      vertex -69.4768 53.4918 3
      vertex -70.3747 57.3427 3
      vertex -69.5207 53.3897 3
    endloop
  endfacet
  facet normal 0 0 1
    outer loop
      vertex -69.42 53.5874 3
      vertex -70.3747 57.3427 3
      vertex -69.4768 53.4918 3
    endloop
  endfacet
  facet normal 0 0 1
    outer loop
      vertex -69.3511 53.6747 3
      vertex -70.3747 57.3427 3
      vertex -69.42 53.5874 3
    endloop
  endfacet
  facet normal 0 0 1
    outer loop
      vertex -69.2715 53.7523 3
      vertex -70.3747 57.3427 3
      vertex -69.3511 53.6747 3
    endloop
  endfacet
  facet normal 0 0 1
    outer loop
      vertex -69.1824 53.8188 3
      vertex -70.3747 57.3427 3
      vertex -69.2715 53.7523 3
    endloop
  endfacet
  facet normal 0 0 1
    outer loop
      vertex -69.0854 53.8731 3
      vertex -70.3747 57.3427 3
      vertex -69.1824 53.8188 3
    endloop
  endfacet
  facet normal 0 0 1
    outer loop
      vertex -68.9821 53.9143 3
      vertex -70.3747 57.3427 3
      vertex -69.0854 53.8731 3
    endloop
  endfacet
  facet normal 0 0 1
    outer loop
      vertex -68.8743 53.9417 3
      vertex -70.3747 57.3427 3
      vertex -68.9821 53.9143 3
    endloop
  endfacet
  facet normal 0 0 1
    outer loop
      vertex -68.7639 53.9548 3
      vertex -70.3747 57.3427 3
      vertex -68.8743 53.9417 3
    endloop
  endfacet
  facet normal 0 0 1
    outer loop
      vertex -68.6528 53.9533 3
      vertex -70.3747 57.3427 3
      vertex -68.7639 53.9548 3
    endloop
  endfacet
  facet normal 0 0 1
    outer loop
      vertex -68.5427 53.9374 3
      vertex -70.3747 57.3427 3
      vertex -68.6528 53.9533 3
    endloop
  endfacet
  facet normal 0 0 1
    outer loop
      vertex -14.4802 33.257 3
      vertex -14.4544 32.4404 3
      vertex -14.4428 32.8492 3
    endloop
  endfacet
  facet normal 0 0 1
    outer loop
      vertex -14.4802 33.257 3
      vertex -14.5133 32.0468 3
      vertex -14.4544 32.4404 3
    endloop
  endfacet
  facet normal 0 0 1
    outer loop
      vertex -14.5667 33.6565 3
      vertex -14.5133 32.0468 3
      vertex -14.4802 33.257 3
    endloop
  endfacet
  facet normal 0 0 1
    outer loop
      vertex -14.6998 34.0437 3
      vertex -14.5133 32.0468 3
      vertex -14.5667 33.6565 3
    endloop
  endfacet
  facet normal 0 0 1
    outer loop
      vertex -14.8789 34.4124 3
      vertex -14.5133 32.0468 3
      vertex -14.6998 34.0437 3
    endloop
  endfacet
  facet normal 0 0 1
    outer loop
      vertex -15.1016 34.7567 3
      vertex -14.5133 32.0468 3
      vertex -14.8789 34.4124 3
    endloop
  endfacet
  facet normal 0 0 1
    outer loop
      vertex -15.3637 35.0707 3
      vertex -14.5133 32.0468 3
      vertex -15.1016 34.7567 3
    endloop
  endfacet
  facet normal 0 0 1
    outer loop
      vertex -15.6609 35.3517 3
      vertex -14.5133 32.0468 3
      vertex -15.3637 35.0707 3
    endloop
  endfacet
  facet normal 0 0 1
    outer loop
      vertex -15.9908 35.5946 3
      vertex -14.5133 32.0468 3
      vertex -15.6609 35.3517 3
    endloop
  endfacet
  facet normal 0 0 1
    outer loop
      vertex -16.3369 35.7906 3
      vertex -14.5133 32.0468 3
      vertex -15.9908 35.5946 3
    endloop
  endfacet
  facet normal 0 0 1
    outer loop
      vertex -52.3543 53.4111 3
      vertex -14.5133 32.0468 3
      vertex -16.3369 35.7906 3
    endloop
  endfacet
  facet normal 0 0 1
    outer loop
      vertex -30.1775 -17.7189 3
      vertex -24.5408 -15.4613 3
      vertex -24.5296 -15.1625 3
    endloop
  endfacet
  facet normal 0 0 1
    outer loop
      vertex -30.2648 -17.6501 3
      vertex -24.5296 -15.1625 3
      vertex -24.4828 -14.8558 3
    endloop
  endfacet
  facet normal 0 0 1
    outer loop
      vertex -14.5133 32.0468 3
      vertex -31.009 -17.5422 3
      vertex -24.4828 -14.8558 3
    endloop
  endfacet
  facet normal 0 0 1
    outer loop
      vertex -24.5408 -15.4613 3
      vertex -29.9105 -18.1957 3
      vertex -29.8975 -18.3061 3
    endloop
  endfacet
  facet normal 0 0 1
    outer loop
      vertex -24.5408 -15.4613 3
      vertex -29.9379 -18.0879 3
      vertex -29.9105 -18.1957 3
    endloop
  endfacet
  facet normal 0 0 1
    outer loop
      vertex -24.5408 -15.4613 3
      vertex -29.9791 -17.9847 3
      vertex -29.9379 -18.0879 3
    endloop
  endfacet
  facet normal 0 0 1
    outer loop
      vertex -24.5408 -15.4613 3
      vertex -30.0334 -17.8877 3
      vertex -29.9791 -17.9847 3
    endloop
  endfacet
  facet normal 0 0 1
    outer loop
      vertex -24.5408 -15.4613 3
      vertex -30.0999 -17.7986 3
      vertex -30.0334 -17.8877 3
    endloop
  endfacet
  facet normal 0 0 1
    outer loop
      vertex -24.5408 -15.4613 3
      vertex -30.1775 -17.7189 3
      vertex -30.0999 -17.7986 3
    endloop
  endfacet
  facet normal 0 0 1
    outer loop
      vertex -24.5296 -15.1625 3
      vertex -30.2648 -17.6501 3
      vertex -30.1775 -17.7189 3
    endloop
  endfacet
  facet normal 0 0 1
    outer loop
      vertex -24.4828 -14.8558 3
      vertex -30.3604 -17.5933 3
      vertex -30.2648 -17.6501 3
    endloop
  endfacet
  facet normal 0 0 1
    outer loop
      vertex -24.4828 -14.8558 3
      vertex -30.4626 -17.5494 3
      vertex -30.3604 -17.5933 3
    endloop
  endfacet
  facet normal 0 0 1
    outer loop
      vertex -24.4828 -14.8558 3
      vertex -30.5696 -17.5192 3
      vertex -30.4626 -17.5494 3
    endloop
  endfacet
  facet normal 0 0 1
    outer loop
      vertex -24.4828 -14.8558 3
      vertex -30.6796 -17.5032 3
      vertex -30.5696 -17.5192 3
    endloop
  endfacet
  facet normal 0 0 1
    outer loop
      vertex -24.4828 -14.8558 3
      vertex -30.7908 -17.5018 3
      vertex -30.6796 -17.5032 3
    endloop
  endfacet
  facet normal 0 0 1
    outer loop
      vertex -24.4828 -14.8558 3
      vertex -30.9012 -17.5148 3
      vertex -30.7908 -17.5018 3
    endloop
  endfacet
  facet normal 0 0 1
    outer loop
      vertex -24.4828 -14.8558 3
      vertex -31.009 -17.5422 3
      vertex -30.9012 -17.5148 3
    endloop
  endfacet
  facet normal 0 0 1
    outer loop
      vertex -14.5133 32.0468 3
      vertex -31.1122 -17.5834 3
      vertex -31.009 -17.5422 3
    endloop
  endfacet
  facet normal 0 0 1
    outer loop
      vertex -14.5133 32.0468 3
      vertex -52.3543 53.4111 3
      vertex -31.1122 -17.5834 3
    endloop
  endfacet
  facet normal 0 0 1
    outer loop
      vertex -31.1122 -17.5834 3
      vertex -52.3543 53.4111 3
      vertex -31.2092 -17.6377 3
    endloop
  endfacet
  facet normal 0 0 1
    outer loop
      vertex -31.2092 -17.6377 3
      vertex -52.3543 53.4111 3
      vertex -31.2983 -17.7043 3
    endloop
  endfacet
  facet normal -0 0 1
    outer loop
      vertex -86.6419 38.7689 3
      vertex -31.2983 -17.7043 3
      vertex -52.3543 53.4111 3
    endloop
  endfacet
  facet normal 0 0 1
    outer loop
      vertex -31.2983 -17.7043 3
      vertex -86.6419 38.7689 3
      vertex -31.378 -17.7819 3
    endloop
  endfacet
  facet normal 0 0 1
    outer loop
      vertex -31.378 -17.7819 3
      vertex -86.6419 38.7689 3
      vertex -31.4468 -17.8692 3
    endloop
  endfacet
  facet normal 0 0 1
    outer loop
      vertex -31.5036 -17.9647 3
      vertex -89.3961 -30.8363 3
      vertex -31.5475 -18.0669 3
    endloop
  endfacet
  facet normal 0 -0 1
    outer loop
      vertex -89.3961 -30.8363 3
      vertex -31.5036 -17.9647 3
      vertex -104.536 -10.7172 3
    endloop
  endfacet
  facet normal 0 0 1
    outer loop
      vertex -31.4468 -17.8692 3
      vertex -104.536 -10.7172 3
      vertex -31.5036 -17.9647 3
    endloop
  endfacet
  facet normal -0 0 1
    outer loop
      vertex -104.536 -10.7172 3
      vertex -31.4468 -17.8692 3
      vertex -86.6419 38.7689 3
    endloop
  endfacet
  facet normal 0 0 1
    outer loop
      vertex -8.63818 -32.193 3
      vertex -8.60284 -32.9472 3
      vertex -8.59984 -32.5682 3
    endloop
  endfacet
  facet normal 0 0 1
    outer loop
      vertex -8.63818 -32.193 3
      vertex -8.6479 -33.323 3
      vertex -8.60284 -32.9472 3
    endloop
  endfacet
  facet normal 0 0 1
    outer loop
      vertex -8.71825 -31.8224 3
      vertex -8.6479 -33.323 3
      vertex -8.63818 -32.193 3
    endloop
  endfacet
  facet normal 0 0 1
    outer loop
      vertex -8.71825 -31.8224 3
      vertex -8.73546 -33.6914 3
      vertex -8.6479 -33.323 3
    endloop
  endfacet
  facet normal 0 0 1
    outer loop
      vertex -8.83913 -31.464 3
      vertex -8.73546 -33.6914 3
      vertex -8.71825 -31.8224 3
    endloop
  endfacet
  facet normal 0 0 1
    outer loop
      vertex -8.83913 -31.464 3
      vertex -8.86234 -34.0482 3
      vertex -8.73546 -33.6914 3
    endloop
  endfacet
  facet normal 0 0 1
    outer loop
      vertex -8.99908 -31.1206 3
      vertex -8.86234 -34.0482 3
      vertex -8.83913 -31.464 3
    endloop
  endfacet
  facet normal 0 0 1
    outer loop
      vertex -8.99908 -31.1206 3
      vertex -9.0296 -34.3881 3
      vertex -8.86234 -34.0482 3
    endloop
  endfacet
  facet normal 0 0 1
    outer loop
      vertex -9.19702 -30.7966 3
      vertex -9.0296 -34.3881 3
      vertex -8.99908 -31.1206 3
    endloop
  endfacet
  facet normal 0 0 1
    outer loop
      vertex -9.19702 -30.7966 3
      vertex -9.23184 -34.7076 3
      vertex -9.0296 -34.3881 3
    endloop
  endfacet
  facet normal 0 0 1
    outer loop
      vertex -9.42899 -30.4983 3
      vertex -9.23184 -34.7076 3
      vertex -9.19702 -30.7966 3
    endloop
  endfacet
  facet normal 0 0 1
    outer loop
      vertex -9.42899 -30.4983 3
      vertex -9.46268 -34.9939 3
      vertex -9.23184 -34.7076 3
    endloop
  endfacet
  facet normal 0 0 1
    outer loop
      vertex -9.6843 -30.235 3
      vertex -9.46268 -34.9939 3
      vertex -9.42899 -30.4983 3
    endloop
  endfacet
  facet normal 0 0 1
    outer loop
      vertex -9.6843 -30.235 3
      vertex -18.3657 -44.8828 3
      vertex -9.46268 -34.9939 3
    endloop
  endfacet
  facet normal 0 0 1
    outer loop
      vertex -30.3804 -19.1178 3
      vertex -18.3657 -44.8828 3
      vertex -9.6843 -30.235 3
    endloop
  endfacet
  facet normal 0 0 1
    outer loop
      vertex -18.3657 -44.8828 3
      vertex -21.6114 -45.9204 3
      vertex -18.6418 -45.155 3
    endloop
  endfacet
  facet normal 0 0 1
    outer loop
      vertex -18.6418 -45.155 3
      vertex -21.6114 -45.9204 3
      vertex -18.9565 -45.3994 3
    endloop
  endfacet
  facet normal 0 0 1
    outer loop
      vertex -18.9565 -45.3994 3
      vertex -21.6114 -45.9204 3
      vertex -19.297 -45.6062 3
    endloop
  endfacet
  facet normal 0 0 1
    outer loop
      vertex -19.297 -45.6062 3
      vertex -21.6114 -45.9204 3
      vertex -19.6603 -45.7713 3
    endloop
  endfacet
  facet normal 0 0 1
    outer loop
      vertex -19.6603 -45.7713 3
      vertex -21.6114 -45.9204 3
      vertex -20.041 -45.8933 3
    endloop
  endfacet
  facet normal 0 0 1
    outer loop
      vertex -20.041 -45.8933 3
      vertex -21.6114 -45.9204 3
      vertex -20.4325 -45.9689 3
    endloop
  endfacet
  facet normal 0 0 1
    outer loop
      vertex -20.4325 -45.9689 3
      vertex -21.6114 -45.9204 3
      vertex -20.8305 -45.999 3
    endloop
  endfacet
  facet normal 0 0 1
    outer loop
      vertex -20.8305 -45.999 3
      vertex -21.6114 -45.9204 3
      vertex -21.2288 -45.9815 3
    endloop
  endfacet
  facet normal -0 0 1
    outer loop
      vertex -30.2833 -19.0635 3
      vertex -9.6843 -30.235 3
      vertex -23.6951 -17.3267 3
    endloop
  endfacet
  facet normal 0 0 1
    outer loop
      vertex -29.945 -18.6343 3
      vertex -23.6951 -17.3267 3
      vertex -23.9114 -17.1043 3
    endloop
  endfacet
  facet normal 0 0 1
    outer loop
      vertex -29.9149 -18.5273 3
      vertex -23.9114 -17.1043 3
      vertex -24.0929 -16.8665 3
    endloop
  endfacet
  facet normal 0 0 1
    outer loop
      vertex -29.8975 -18.3061 3
      vertex -24.0929 -16.8665 3
      vertex -24.2467 -16.6106 3
    endloop
  endfacet
  facet normal 0 0 1
    outer loop
      vertex -29.8975 -18.3061 3
      vertex -24.2467 -16.6106 3
      vertex -24.3692 -16.3377 3
    endloop
  endfacet
  facet normal 0 0 1
    outer loop
      vertex -29.8975 -18.3061 3
      vertex -24.3692 -16.3377 3
      vertex -24.4601 -16.0523 3
    endloop
  endfacet
  facet normal 0 0 1
    outer loop
      vertex -29.8975 -18.3061 3
      vertex -24.4601 -16.0523 3
      vertex -24.5174 -15.7594 3
    endloop
  endfacet
  facet normal 0 0 1
    outer loop
      vertex -29.8975 -18.3061 3
      vertex -24.5174 -15.7594 3
      vertex -24.5408 -15.4613 3
    endloop
  endfacet
  facet normal 0 0 1
    outer loop
      vertex -24.0929 -16.8665 3
      vertex -29.8975 -18.3061 3
      vertex -29.8989 -18.4173 3
    endloop
  endfacet
  facet normal 0 0 1
    outer loop
      vertex -24.0929 -16.8665 3
      vertex -29.8989 -18.4173 3
      vertex -29.9149 -18.5273 3
    endloop
  endfacet
  facet normal 0 0 1
    outer loop
      vertex -23.9114 -17.1043 3
      vertex -29.9149 -18.5273 3
      vertex -29.945 -18.6343 3
    endloop
  endfacet
  facet normal 0 0 1
    outer loop
      vertex -23.6951 -17.3267 3
      vertex -29.945 -18.6343 3
      vertex -29.9889 -18.7365 3
    endloop
  endfacet
  facet normal 0 0 1
    outer loop
      vertex -23.6951 -17.3267 3
      vertex -29.9889 -18.7365 3
      vertex -30.0458 -18.8321 3
    endloop
  endfacet
  facet normal 0 0 1
    outer loop
      vertex -23.6951 -17.3267 3
      vertex -30.0458 -18.8321 3
      vertex -30.1146 -18.9194 3
    endloop
  endfacet
  facet normal 0 0 1
    outer loop
      vertex -23.6951 -17.3267 3
      vertex -30.1146 -18.9194 3
      vertex -30.1943 -18.997 3
    endloop
  endfacet
  facet normal 0 0 1
    outer loop
      vertex -23.6951 -17.3267 3
      vertex -30.1943 -18.997 3
      vertex -30.2833 -19.0635 3
    endloop
  endfacet
  facet normal -0 0 1
    outer loop
      vertex -30.3804 -19.1178 3
      vertex -9.6843 -30.235 3
      vertex -30.2833 -19.0635 3
    endloop
  endfacet
  facet normal 0 0 1
    outer loop
      vertex -18.3657 -44.8828 3
      vertex -30.3804 -19.1178 3
      vertex -21.6114 -45.9204 3
    endloop
  endfacet
  facet normal -0 0 1
    outer loop
      vertex -30.4836 -19.159 3
      vertex -21.6114 -45.9204 3
      vertex -30.3804 -19.1178 3
    endloop
  endfacet
  facet normal -0 0 1
    outer loop
      vertex -30.5914 -19.1864 3
      vertex -21.6114 -45.9204 3
      vertex -30.4836 -19.159 3
    endloop
  endfacet
  facet normal -0 0 1
    outer loop
      vertex -30.7018 -19.1994 3
      vertex -21.6114 -45.9204 3
      vertex -30.5914 -19.1864 3
    endloop
  endfacet
  facet normal 0 0 1
    outer loop
      vertex -30.813 -19.198 3
      vertex -21.6114 -45.9204 3
      vertex -30.7018 -19.1994 3
    endloop
  endfacet
  facet normal 0 0 1
    outer loop
      vertex -30.923 -19.182 3
      vertex -21.6114 -45.9204 3
      vertex -30.813 -19.198 3
    endloop
  endfacet
  facet normal 0 0 1
    outer loop
      vertex -31.03 -19.1519 3
      vertex -21.6114 -45.9204 3
      vertex -30.923 -19.182 3
    endloop
  endfacet
  facet normal 0 0 1
    outer loop
      vertex -31.1322 -19.108 3
      vertex -21.6114 -45.9204 3
      vertex -31.03 -19.1519 3
    endloop
  endfacet
  facet normal 0 0 1
    outer loop
      vertex -31.2277 -19.0511 3
      vertex -21.6114 -45.9204 3
      vertex -31.1322 -19.108 3
    endloop
  endfacet
  facet normal 0 0 1
    outer loop
      vertex -31.3151 -18.9823 3
      vertex -21.6114 -45.9204 3
      vertex -31.2277 -19.0511 3
    endloop
  endfacet
  facet normal 0 0 1
    outer loop
      vertex -31.3926 -18.9026 3
      vertex -21.6114 -45.9204 3
      vertex -31.3151 -18.9823 3
    endloop
  endfacet
  facet normal 0 0 1
    outer loop
      vertex -89.3961 -30.8363 3
      vertex -31.3926 -18.9026 3
      vertex -31.4592 -18.8136 3
    endloop
  endfacet
  facet normal 0 0 1
    outer loop
      vertex -89.3961 -30.8363 3
      vertex -31.4592 -18.8136 3
      vertex -31.5135 -18.7165 3
    endloop
  endfacet
  facet normal 0 0 1
    outer loop
      vertex -89.3961 -30.8363 3
      vertex -31.5135 -18.7165 3
      vertex -31.5547 -18.6133 3
    endloop
  endfacet
  facet normal 0 0 1
    outer loop
      vertex -31.5475 -18.0669 3
      vertex -89.3961 -30.8363 3
      vertex -31.5777 -18.1739 3
    endloop
  endfacet
  facet normal 0 0 1
    outer loop
      vertex -31.5777 -18.1739 3
      vertex -89.3961 -30.8363 3
      vertex -31.5937 -18.2839 3
    endloop
  endfacet
  facet normal 0 0 1
    outer loop
      vertex -53.1178 53.6746 3
      vertex -52.3543 53.4111 3
      vertex -52.7283 53.5659 3
    endloop
  endfacet
  facet normal 0 0 1
    outer loop
      vertex -52.3543 53.4111 3
      vertex -53.1178 53.6746 3
      vertex -68.3535 52.3387 3
    endloop
  endfacet
  facet normal 0 0 1
    outer loop
      vertex -67.8721 53.0393 3
      vertex -53.1178 53.6746 3
      vertex -67.8706 53.1504 3
    endloop
  endfacet
  facet normal 0 0 1
    outer loop
      vertex -67.888 52.9292 3
      vertex -53.1178 53.6746 3
      vertex -67.8721 53.0393 3
    endloop
  endfacet
  facet normal 0 0 1
    outer loop
      vertex -67.9182 52.8222 3
      vertex -53.1178 53.6746 3
      vertex -67.888 52.9292 3
    endloop
  endfacet
  facet normal 0 0 1
    outer loop
      vertex -67.9621 52.7201 3
      vertex -53.1178 53.6746 3
      vertex -67.9182 52.8222 3
    endloop
  endfacet
  facet normal 0 0 1
    outer loop
      vertex -68.0189 52.6245 3
      vertex -53.1178 53.6746 3
      vertex -67.9621 52.7201 3
    endloop
  endfacet
  facet normal 0 0 1
    outer loop
      vertex -68.0878 52.5372 3
      vertex -53.1178 53.6746 3
      vertex -68.0189 52.6245 3
    endloop
  endfacet
  facet normal 0 0 1
    outer loop
      vertex -68.1674 52.4596 3
      vertex -53.1178 53.6746 3
      vertex -68.0878 52.5372 3
    endloop
  endfacet
  facet normal 0 0 1
    outer loop
      vertex -68.2565 52.3931 3
      vertex -53.1178 53.6746 3
      vertex -68.1674 52.4596 3
    endloop
  endfacet
  facet normal 0 0 1
    outer loop
      vertex -68.3535 52.3387 3
      vertex -53.1178 53.6746 3
      vertex -68.2565 52.3931 3
    endloop
  endfacet
  facet normal 0 0 1
    outer loop
      vertex -52.3543 53.4111 3
      vertex -68.3535 52.3387 3
      vertex -68.4568 52.2975 3
    endloop
  endfacet
  facet normal 0 0 1
    outer loop
      vertex -52.3543 53.4111 3
      vertex -68.4568 52.2975 3
      vertex -86.6419 38.7689 3
    endloop
  endfacet
  facet normal 0 0 1
    outer loop
      vertex -31.5937 -18.2839 3
      vertex -89.3961 -30.8363 3
      vertex -31.5951 -18.3951 3
    endloop
  endfacet
  facet normal 0 0 1
    outer loop
      vertex -86.6419 38.7689 3
      vertex -68.4568 52.2975 3
      vertex -68.5645 52.2702 3
    endloop
  endfacet
  facet normal 0 0 1
    outer loop
      vertex -86.6419 38.7689 3
      vertex -68.5645 52.2702 3
      vertex -68.675 52.2571 3
    endloop
  endfacet
  facet normal 0 0 1
    outer loop
      vertex -86.6419 38.7689 3
      vertex -68.675 52.2571 3
      vertex -68.7861 52.2586 3
    endloop
  endfacet
  facet normal 0 0 1
    outer loop
      vertex -86.6419 38.7689 3
      vertex -68.7861 52.2586 3
      vertex -68.8962 52.2745 3
    endloop
  endfacet
  facet normal 0 0 1
    outer loop
      vertex -86.6419 38.7689 3
      vertex -68.8962 52.2745 3
      vertex -69.0032 52.3047 3
    endloop
  endfacet
  facet normal 0 0 1
    outer loop
      vertex -86.6419 38.7689 3
      vertex -69.0032 52.3047 3
      vertex -69.1053 52.3486 3
    endloop
  endfacet
  facet normal 0 0 1
    outer loop
      vertex -86.6419 38.7689 3
      vertex -69.1053 52.3486 3
      vertex -69.2009 52.4054 3
    endloop
  endfacet
  facet normal 0 0 1
    outer loop
      vertex -86.6419 38.7689 3
      vertex -69.2009 52.4054 3
      vertex -69.2882 52.4743 3
    endloop
  endfacet
  facet normal 0 0 1
    outer loop
      vertex -86.6419 38.7689 3
      vertex -69.2882 52.4743 3
      vertex -69.3658 52.5539 3
    endloop
  endfacet
  facet normal 0 0 1
    outer loop
      vertex -86.6419 38.7689 3
      vertex -69.3658 52.5539 3
      vertex -69.4323 52.643 3
    endloop
  endfacet
  facet normal 0 0 1
    outer loop
      vertex -86.6419 38.7689 3
      vertex -69.4323 52.643 3
      vertex -69.4866 52.74 3
    endloop
  endfacet
  facet normal 0 0 1
    outer loop
      vertex -69.5668 53.1726 3
      vertex -81.7227 61.9119 3
      vertex -69.5683 53.0615 3
    endloop
  endfacet
  facet normal 0 0 1
    outer loop
      vertex -69.5683 53.0615 3
      vertex -81.7227 61.9119 3
      vertex -69.5552 52.951 3
    endloop
  endfacet
  facet normal 0 0 1
    outer loop
      vertex -81.7227 61.9119 3
      vertex -69.5278 52.8433 3
      vertex -69.5552 52.951 3
    endloop
  endfacet
  facet normal 0 0 1
    outer loop
      vertex -86.6419 38.7689 3
      vertex -69.5278 52.8433 3
      vertex -81.7227 61.9119 3
    endloop
  endfacet
  facet normal 0 0 1
    outer loop
      vertex -69.5278 52.8433 3
      vertex -86.6419 38.7689 3
      vertex -69.4866 52.74 3
    endloop
  endfacet
  facet normal 0 0 1
    outer loop
      vertex -31.5951 -18.3951 3
      vertex -89.3961 -30.8363 3
      vertex -31.5821 -18.5055 3
    endloop
  endfacet
  facet normal 0 0 1
    outer loop
      vertex -31.3926 -18.9026 3
      vertex -89.3961 -30.8363 3
      vertex -21.6114 -45.9204 3
    endloop
  endfacet
  facet normal 0 0 1
    outer loop
      vertex -31.5821 -18.5055 3
      vertex -89.3961 -30.8363 3
      vertex -31.5547 -18.6133 3
    endloop
  endfacet
  facet normal -0 -0 1
    outer loop
      vertex -104.508 -10.8249 3
      vertex -89.3961 -30.8363 3
      vertex -104.536 -10.7172 3
    endloop
  endfacet
  facet normal -0 -0 1
    outer loop
      vertex -90.8406 -30.117 3
      vertex -89.3961 -30.8363 3
      vertex -104.508 -10.8249 3
    endloop
  endfacet
  facet normal 0 0 1
    outer loop
      vertex -89.7805 -30.7254 3
      vertex -90.8406 -30.117 3
      vertex -90.1608 -30.5647 3
    endloop
  endfacet
  facet normal 0 0 1
    outer loop
      vertex -90.1608 -30.5647 3
      vertex -90.8406 -30.117 3
      vertex -90.5194 -30.3585 3
    endloop
  endfacet
  facet normal 0 0 1
    outer loop
      vertex -90.8406 -30.117 3
      vertex -104.508 -10.8249 3
      vertex -104.495 -10.9353 3
    endloop
  endfacet
  facet normal 0 0 1
    outer loop
      vertex -89.3961 -30.8363 3
      vertex -90.8406 -30.117 3
      vertex -89.7805 -30.7254 3
    endloop
  endfacet
  facet normal 0 0 1
    outer loop
      vertex -86.6419 38.7689 3
      vertex -104.577 -10.6139 3
      vertex -104.536 -10.7172 3
    endloop
  endfacet
  facet normal 0 0 1
    outer loop
      vertex -86.6419 38.7689 3
      vertex -104.631 -10.5169 3
      vertex -104.577 -10.6139 3
    endloop
  endfacet
  facet normal 0 0 1
    outer loop
      vertex -86.6419 38.7689 3
      vertex -104.698 -10.4278 3
      vertex -104.631 -10.5169 3
    endloop
  endfacet
  facet normal 0 0 1
    outer loop
      vertex -86.6419 38.7689 3
      vertex -104.775 -10.3481 3
      vertex -104.698 -10.4278 3
    endloop
  endfacet
  facet normal 0 0 1
    outer loop
      vertex -86.6419 38.7689 3
      vertex -104.863 -10.2793 3
      vertex -104.775 -10.3481 3
    endloop
  endfacet
  facet normal 0 0 1
    outer loop
      vertex -86.6419 38.7689 3
      vertex -104.958 -10.2225 3
      vertex -104.863 -10.2793 3
    endloop
  endfacet
  facet normal 0 0 1
    outer loop
      vertex -86.6419 38.7689 3
      vertex -105.06 -10.1786 3
      vertex -104.958 -10.2225 3
    endloop
  endfacet
  facet normal 0 0 1
    outer loop
      vertex -86.6419 38.7689 3
      vertex -105.167 -10.1484 3
      vertex -105.06 -10.1786 3
    endloop
  endfacet
  facet normal 0 0 1
    outer loop
      vertex -86.6419 38.7689 3
      vertex -105.277 -10.1324 3
      vertex -105.167 -10.1484 3
    endloop
  endfacet
  facet normal -0 0 1
    outer loop
      vertex -116.448 -5.98569 3
      vertex -105.277 -10.1324 3
      vertex -86.6419 38.7689 3
    endloop
  endfacet
  facet normal 0 0 1
    outer loop
      vertex -105.277 -10.1324 3
      vertex -116.448 -5.98569 3
      vertex -105.388 -10.131 3
    endloop
  endfacet
  facet normal 0 0 1
    outer loop
      vertex -105.388 -10.131 3
      vertex -116.448 -5.98569 3
      vertex -105.499 -10.1441 3
    endloop
  endfacet
  facet normal 0 0 1
    outer loop
      vertex -105.499 -10.1441 3
      vertex -116.448 -5.98569 3
      vertex -105.607 -10.1714 3
    endloop
  endfacet
  facet normal 0 0 1
    outer loop
      vertex -105.607 -10.1714 3
      vertex -116.448 -5.98569 3
      vertex -105.71 -10.2126 3
    endloop
  endfacet
  facet normal 0 0 1
    outer loop
      vertex -105.71 -10.2126 3
      vertex -116.448 -5.98569 3
      vertex -105.807 -10.2669 3
    endloop
  endfacet
  facet normal 0 0 1
    outer loop
      vertex -105.807 -10.2669 3
      vertex -116.448 -5.98569 3
      vertex -105.896 -10.3335 3
    endloop
  endfacet
  facet normal -0 -0 1
    outer loop
      vertex -115.333 -9.26268 3
      vertex -105.896 -10.3335 3
      vertex -116.448 -5.98569 3
    endloop
  endfacet
  facet normal 0 0 1
    outer loop
      vertex -116.448 -5.98569 3
      vertex -86.6419 38.7689 3
      vertex -106.058 42.896 3
    endloop
  endfacet
  facet normal 0 0 1
    outer loop
      vertex -105.896 -10.3335 3
      vertex -115.333 -9.26268 3
      vertex -105.976 -10.4111 3
    endloop
  endfacet
  facet normal 0 0 1
    outer loop
      vertex -105.976 -10.4111 3
      vertex -115.333 -9.26268 3
      vertex -106.044 -10.4984 3
    endloop
  endfacet
  facet normal 0 0 1
    outer loop
      vertex -106.044 -10.4984 3
      vertex -115.333 -9.26268 3
      vertex -106.101 -10.5939 3
    endloop
  endfacet
  facet normal 0 0 1
    outer loop
      vertex -106.101 -10.5939 3
      vertex -115.333 -9.26268 3
      vertex -106.145 -10.6961 3
    endloop
  endfacet
  facet normal 0 0 1
    outer loop
      vertex -106.145 -10.6961 3
      vertex -115.333 -9.26268 3
      vertex -106.175 -10.8031 3
    endloop
  endfacet
  facet normal 0 0 1
    outer loop
      vertex -106.175 -10.8031 3
      vertex -115.333 -9.26268 3
      vertex -106.191 -10.9131 3
    endloop
  endfacet
  facet normal 0 0 1
    outer loop
      vertex -106.191 -10.9131 3
      vertex -115.333 -9.26268 3
      vertex -106.193 -11.0243 3
    endloop
  endfacet
  facet normal 0 0 1
    outer loop
      vertex -115.333 -9.26268 3
      vertex -116.448 -5.98569 3
      vertex -115.618 -8.98936 3
    endloop
  endfacet
  facet normal 0 0 1
    outer loop
      vertex -115.618 -8.98936 3
      vertex -116.448 -5.98569 3
      vertex -115.875 -8.67526 3
    endloop
  endfacet
  facet normal 0 0 1
    outer loop
      vertex -115.875 -8.67526 3
      vertex -116.448 -5.98569 3
      vertex -116.093 -8.33359 3
    endloop
  endfacet
  facet normal 0 0 1
    outer loop
      vertex -116.093 -8.33359 3
      vertex -116.448 -5.98569 3
      vertex -116.269 -7.96666 3
    endloop
  endfacet
  facet normal 0 0 1
    outer loop
      vertex -116.269 -7.96666 3
      vertex -116.448 -5.98569 3
      vertex -116.399 -7.58194 3
    endloop
  endfacet
  facet normal 0 0 1
    outer loop
      vertex -116.448 -5.98569 3
      vertex -116.483 -7.18579 3
      vertex -116.399 -7.58194 3
    endloop
  endfacet
  facet normal -0 0 1
    outer loop
      vertex -116.508 -6.37582 3
      vertex -116.483 -7.18579 3
      vertex -116.448 -5.98569 3
    endloop
  endfacet
  facet normal 0 0 1
    outer loop
      vertex -116.483 -7.18579 3
      vertex -116.508 -6.37582 3
      vertex -116.52 -6.78186 3
    endloop
  endfacet
  facet normal -0.189601 0.981861 0
    outer loop
      vertex -20.041 -45.8933 3
      vertex -20.4325 -45.9689 5.6
      vertex -20.041 -45.8933 5.6
    endloop
  endfacet
  facet normal -0.189601 0.981861 0
    outer loop
      vertex -20.4325 -45.9689 5.6
      vertex -20.041 -45.8933 3
      vertex -20.4325 -45.9689 3
    endloop
  endfacet
  facet normal -0.305175 0.952296 0
    outer loop
      vertex -19.6603 -45.7713 3
      vertex -20.041 -45.8933 5.6
      vertex -19.6603 -45.7713 5.6
    endloop
  endfacet
  facet normal -0.305175 0.952296 0
    outer loop
      vertex -20.041 -45.8933 5.6
      vertex -19.6603 -45.7713 3
      vertex -20.041 -45.8933 3
    endloop
  endfacet
  facet normal -0.413727 0.910401 0
    outer loop
      vertex -19.297 -45.6062 3
      vertex -19.6603 -45.7713 5.6
      vertex -19.297 -45.6062 5.6
    endloop
  endfacet
  facet normal -0.413727 0.910401 0
    outer loop
      vertex -19.6603 -45.7713 5.6
      vertex -19.297 -45.6062 3
      vertex -19.6603 -45.7713 3
    endloop
  endfacet
  facet normal -0.519103 0.854712 0
    outer loop
      vertex -18.9565 -45.3994 3
      vertex -19.297 -45.6062 5.6
      vertex -18.9565 -45.3994 5.6
    endloop
  endfacet
  facet normal -0.519103 0.854712 0
    outer loop
      vertex -19.297 -45.6062 5.6
      vertex -18.9565 -45.3994 3
      vertex -19.297 -45.6062 3
    endloop
  endfacet
  facet normal -0.613367 0.789798 0
    outer loop
      vertex -18.6418 -45.155 3
      vertex -18.9565 -45.3994 5.6
      vertex -18.6418 -45.155 5.6
    endloop
  endfacet
  facet normal -0.613367 0.789798 0
    outer loop
      vertex -18.9565 -45.3994 5.6
      vertex -18.6418 -45.155 3
      vertex -18.9565 -45.3994 3
    endloop
  endfacet
  facet normal -0.702059 0.712118 0
    outer loop
      vertex -18.3657 -44.8828 3
      vertex -18.6418 -45.155 5.6
      vertex -18.3657 -44.8828 5.6
    endloop
  endfacet
  facet normal -0.702059 0.712118 0
    outer loop
      vertex -18.6418 -45.155 5.6
      vertex -18.3657 -44.8828 3
      vertex -18.6418 -45.155 3
    endloop
  endfacet
  facet normal -0.743182 0.66909 0
    outer loop
      vertex -18.3657 -44.8828 3
      vertex -9.46268 -34.9939 5.6
      vertex -9.46268 -34.9939 3
    endloop
  endfacet
  facet normal -0.743182 0.66909 0
    outer loop
      vertex -9.46268 -34.9939 5.6
      vertex -18.3657 -44.8828 3
      vertex -18.3657 -44.8828 5.6
    endloop
  endfacet
  facet normal -0.778476 0.627675 0
    outer loop
      vertex -9.46268 -34.9939 3
      vertex -9.23184 -34.7076 5.6
      vertex -9.23184 -34.7076 3
    endloop
  endfacet
  facet normal -0.778476 0.627675 0
    outer loop
      vertex -9.23184 -34.7076 5.6
      vertex -9.46268 -34.9939 3
      vertex -9.46268 -34.9939 5.6
    endloop
  endfacet
  facet normal -0.844951 0.534844 0
    outer loop
      vertex -9.23184 -34.7076 3
      vertex -9.0296 -34.3881 5.6
      vertex -9.0296 -34.3881 3
    endloop
  endfacet
  facet normal -0.844951 0.534844 0
    outer loop
      vertex -9.0296 -34.3881 5.6
      vertex -9.23184 -34.7076 3
      vertex -9.23184 -34.7076 5.6
    endloop
  endfacet
  facet normal -0.89725 0.441524 0
    outer loop
      vertex -9.0296 -34.3881 3
      vertex -8.86234 -34.0482 5.6
      vertex -8.86234 -34.0482 3
    endloop
  endfacet
  facet normal -0.89725 0.441524 0
    outer loop
      vertex -8.86234 -34.0482 5.6
      vertex -9.0296 -34.3881 3
      vertex -9.0296 -34.3881 5.6
    endloop
  endfacet
  facet normal -0.9422 0.335051 0
    outer loop
      vertex -8.86234 -34.0482 3
      vertex -8.73546 -33.6914 5.6
      vertex -8.73546 -33.6914 3
    endloop
  endfacet
  facet normal -0.9422 0.335051 0
    outer loop
      vertex -8.73546 -33.6914 5.6
      vertex -8.86234 -34.0482 3
      vertex -8.86234 -34.0482 5.6
    endloop
  endfacet
  facet normal -0.972898 0.231235 0
    outer loop
      vertex -8.73546 -33.6914 3
      vertex -8.6479 -33.323 5.6
      vertex -8.6479 -33.323 3
    endloop
  endfacet
  facet normal -0.972898 0.231235 0
    outer loop
      vertex -8.6479 -33.323 5.6
      vertex -8.73546 -33.6914 3
      vertex -8.73546 -33.6914 5.6
    endloop
  endfacet
  facet normal -0.992888 0.119051 0
    outer loop
      vertex -8.6479 -33.323 3
      vertex -8.60284 -32.9472 5.6
      vertex -8.60284 -32.9472 3
    endloop
  endfacet
  facet normal -0.992888 0.119051 0
    outer loop
      vertex -8.60284 -32.9472 5.6
      vertex -8.6479 -33.323 3
      vertex -8.6479 -33.323 5.6
    endloop
  endfacet
  facet normal -0.999969 0.00791532 0
    outer loop
      vertex -8.60284 -32.9472 3
      vertex -8.59984 -32.5682 5.6
      vertex -8.59984 -32.5682 3
    endloop
  endfacet
  facet normal -0.999969 0.00791532 0
    outer loop
      vertex -8.59984 -32.5682 5.6
      vertex -8.60284 -32.9472 3
      vertex -8.60284 -32.9472 5.6
    endloop
  endfacet
  facet normal -0.99482 -0.101656 0
    outer loop
      vertex -8.59984 -32.5682 3
      vertex -8.63818 -32.193 5.6
      vertex -8.63818 -32.193 3
    endloop
  endfacet
  facet normal -0.99482 -0.101656 0
    outer loop
      vertex -8.63818 -32.193 5.6
      vertex -8.59984 -32.5682 3
      vertex -8.59984 -32.5682 5.6
    endloop
  endfacet
  facet normal -0.977447 -0.211182 0
    outer loop
      vertex -8.63818 -32.193 3
      vertex -8.71825 -31.8224 5.6
      vertex -8.71825 -31.8224 3
    endloop
  endfacet
  facet normal -0.977447 -0.211182 0
    outer loop
      vertex -8.71825 -31.8224 5.6
      vertex -8.63818 -32.193 3
      vertex -8.63818 -32.193 5.6
    endloop
  endfacet
  facet normal -0.947556 -0.319589 0
    outer loop
      vertex -8.71825 -31.8224 3
      vertex -8.83913 -31.464 5.6
      vertex -8.83913 -31.464 3
    endloop
  endfacet
  facet normal -0.947556 -0.319589 0
    outer loop
      vertex -8.83913 -31.464 5.6
      vertex -8.71825 -31.8224 3
      vertex -8.71825 -31.8224 5.6
    endloop
  endfacet
  facet normal -0.90649 -0.422228 0
    outer loop
      vertex -8.83913 -31.464 3
      vertex -8.99908 -31.1206 5.6
      vertex -8.99908 -31.1206 3
    endloop
  endfacet
  facet normal -0.90649 -0.422228 0
    outer loop
      vertex -8.99908 -31.1206 5.6
      vertex -8.83913 -31.464 3
      vertex -8.83913 -31.464 5.6
    endloop
  endfacet
  facet normal -0.853352 -0.521335 0
    outer loop
      vertex -8.99908 -31.1206 3
      vertex -9.19702 -30.7966 5.6
      vertex -9.19702 -30.7966 3
    endloop
  endfacet
  facet normal -0.853352 -0.521335 0
    outer loop
      vertex -9.19702 -30.7966 5.6
      vertex -8.99908 -31.1206 3
      vertex -8.99908 -31.1206 5.6
    endloop
  endfacet
  facet normal -0.789405 -0.613873 0
    outer loop
      vertex -9.19702 -30.7966 3
      vertex -9.42899 -30.4983 5.6
      vertex -9.42899 -30.4983 3
    endloop
  endfacet
  facet normal -0.789405 -0.613873 0
    outer loop
      vertex -9.42899 -30.4983 5.6
      vertex -9.19702 -30.7966 3
      vertex -9.19702 -30.7966 5.6
    endloop
  endfacet
  facet normal -0.717916 -0.69613 0
    outer loop
      vertex -9.42899 -30.4983 3
      vertex -9.6843 -30.235 5.6
      vertex -9.6843 -30.235 3
    endloop
  endfacet
  facet normal -0.717916 -0.69613 0
    outer loop
      vertex -9.6843 -30.235 5.6
      vertex -9.42899 -30.4983 3
      vertex -9.42899 -30.4983 5.6
    endloop
  endfacet
  facet normal -0.677578 -0.735451 0
    outer loop
      vertex -23.6951 -17.3267 3
      vertex -9.6843 -30.235 5.6
      vertex -23.6951 -17.3267 5.6
    endloop
  endfacet
  facet normal -0.677578 -0.735451 -0
    outer loop
      vertex -9.6843 -30.235 5.6
      vertex -23.6951 -17.3267 3
      vertex -9.6843 -30.235 3
    endloop
  endfacet
  facet normal -0.71687 -0.697207 0
    outer loop
      vertex -23.6951 -17.3267 3
      vertex -23.9114 -17.1043 5.6
      vertex -23.9114 -17.1043 3
    endloop
  endfacet
  facet normal -0.71687 -0.697207 0
    outer loop
      vertex -23.9114 -17.1043 5.6
      vertex -23.6951 -17.3267 3
      vertex -23.6951 -17.3267 5.6
    endloop
  endfacet
  facet normal -0.794917 -0.606718 0
    outer loop
      vertex -23.9114 -17.1043 3
      vertex -24.0929 -16.8665 5.6
      vertex -24.0929 -16.8665 3
    endloop
  endfacet
  facet normal -0.794917 -0.606718 0
    outer loop
      vertex -24.0929 -16.8665 5.6
      vertex -23.9114 -17.1043 3
      vertex -23.9114 -17.1043 5.6
    endloop
  endfacet
  facet normal -0.857108 -0.515136 0
    outer loop
      vertex -24.0929 -16.8665 3
      vertex -24.2467 -16.6106 5.6
      vertex -24.2467 -16.6106 3
    endloop
  endfacet
  facet normal -0.857108 -0.515136 0
    outer loop
      vertex -24.2467 -16.6106 5.6
      vertex -24.0929 -16.8665 3
      vertex -24.0929 -16.8665 5.6
    endloop
  endfacet
  facet normal -0.912303 -0.409517 0
    outer loop
      vertex -24.2467 -16.6106 3
      vertex -24.3692 -16.3377 5.6
      vertex -24.3692 -16.3377 3
    endloop
  endfacet
  facet normal -0.912303 -0.409517 0
    outer loop
      vertex -24.3692 -16.3377 5.6
      vertex -24.2467 -16.6106 3
      vertex -24.2467 -16.6106 5.6
    endloop
  endfacet
  facet normal -0.952838 -0.303479 0
    outer loop
      vertex -24.3692 -16.3377 3
      vertex -24.4601 -16.0523 5.6
      vertex -24.4601 -16.0523 3
    endloop
  endfacet
  facet normal -0.952838 -0.303479 0
    outer loop
      vertex -24.4601 -16.0523 5.6
      vertex -24.3692 -16.3377 3
      vertex -24.3692 -16.3377 5.6
    endloop
  endfacet
  facet normal -0.981397 -0.191991 0
    outer loop
      vertex -24.4601 -16.0523 3
      vertex -24.5174 -15.7594 5.6
      vertex -24.5174 -15.7594 3
    endloop
  endfacet
  facet normal -0.981397 -0.191991 0
    outer loop
      vertex -24.5174 -15.7594 5.6
      vertex -24.4601 -16.0523 3
      vertex -24.4601 -16.0523 5.6
    endloop
  endfacet
  facet normal -0.996933 -0.0782564 0
    outer loop
      vertex -24.5174 -15.7594 3
      vertex -24.5408 -15.4613 5.6
      vertex -24.5408 -15.4613 3
    endloop
  endfacet
  facet normal -0.996933 -0.0782564 0
    outer loop
      vertex -24.5408 -15.4613 5.6
      vertex -24.5174 -15.7594 3
      vertex -24.5174 -15.7594 5.6
    endloop
  endfacet
  facet normal -0.999298 0.037457 0
    outer loop
      vertex -24.5408 -15.4613 3
      vertex -24.5296 -15.1625 5.6
      vertex -24.5296 -15.1625 3
    endloop
  endfacet
  facet normal -0.999298 0.037457 0
    outer loop
      vertex -24.5296 -15.1625 5.6
      vertex -24.5408 -15.4613 3
      vertex -24.5408 -15.4613 5.6
    endloop
  endfacet
  facet normal -0.988557 0.150846 0
    outer loop
      vertex -24.5296 -15.1625 3
      vertex -24.4828 -14.8558 5.6
      vertex -24.4828 -14.8558 3
    endloop
  endfacet
  facet normal -0.988557 0.150846 0
    outer loop
      vertex -24.4828 -14.8558 5.6
      vertex -24.5296 -15.1625 3
      vertex -24.5296 -15.1625 5.6
    endloop
  endfacet
  facet normal -0.978147 0.207913 0
    outer loop
      vertex -24.4828 -14.8558 3
      vertex -14.5133 32.0468 5.6
      vertex -14.5133 32.0468 3
    endloop
  endfacet
  facet normal -0.978147 0.207913 0
    outer loop
      vertex -14.5133 32.0468 5.6
      vertex -24.4828 -14.8558 3
      vertex -24.4828 -14.8558 5.6
    endloop
  endfacet
  facet normal -0.988988 0.147996 0
    outer loop
      vertex -14.5133 32.0468 3
      vertex -14.4544 32.4404 5.6
      vertex -14.4544 32.4404 3
    endloop
  endfacet
  facet normal -0.988988 0.147996 0
    outer loop
      vertex -14.4544 32.4404 5.6
      vertex -14.5133 32.0468 3
      vertex -14.5133 32.0468 5.6
    endloop
  endfacet
  facet normal -0.999598 0.0283643 0
    outer loop
      vertex -14.4544 32.4404 3
      vertex -14.4428 32.8492 5.6
      vertex -14.4428 32.8492 3
    endloop
  endfacet
  facet normal -0.999598 0.0283643 0
    outer loop
      vertex -14.4428 32.8492 5.6
      vertex -14.4544 32.4404 3
      vertex -14.4544 32.4404 5.6
    endloop
  endfacet
  facet normal -0.995821 -0.0913283 0
    outer loop
      vertex -14.4428 32.8492 3
      vertex -14.4802 33.257 5.6
      vertex -14.4802 33.257 3
    endloop
  endfacet
  facet normal -0.995821 -0.0913283 0
    outer loop
      vertex -14.4802 33.257 5.6
      vertex -14.4428 32.8492 3
      vertex -14.4428 32.8492 5.6
    endloop
  endfacet
  facet normal -0.977353 -0.211617 0
    outer loop
      vertex -14.4802 33.257 3
      vertex -14.5667 33.6565 5.6
      vertex -14.5667 33.6565 3
    endloop
  endfacet
  facet normal -0.977353 -0.211617 0
    outer loop
      vertex -14.5667 33.6565 5.6
      vertex -14.4802 33.257 3
      vertex -14.4802 33.257 5.6
    endloop
  endfacet
  facet normal -0.945687 -0.32508 0
    outer loop
      vertex -14.5667 33.6565 3
      vertex -14.6998 34.0437 5.6
      vertex -14.6998 34.0437 3
    endloop
  endfacet
  facet normal -0.945687 -0.32508 0
    outer loop
      vertex -14.6998 34.0437 5.6
      vertex -14.5667 33.6565 3
      vertex -14.5667 33.6565 5.6
    endloop
  endfacet
  facet normal -0.899492 -0.436938 0
    outer loop
      vertex -14.6998 34.0437 3
      vertex -14.8789 34.4124 5.6
      vertex -14.8789 34.4124 3
    endloop
  endfacet
  facet normal -0.899492 -0.436938 0
    outer loop
      vertex -14.8789 34.4124 5.6
      vertex -14.6998 34.0437 3
      vertex -14.6998 34.0437 5.6
    endloop
  endfacet
  facet normal -0.839662 -0.54311 0
    outer loop
      vertex -14.8789 34.4124 3
      vertex -15.1016 34.7567 5.6
      vertex -15.1016 34.7567 3
    endloop
  endfacet
  facet normal -0.839662 -0.54311 0
    outer loop
      vertex -15.1016 34.7567 5.6
      vertex -14.8789 34.4124 3
      vertex -14.8789 34.4124 5.6
    endloop
  endfacet
  facet normal -0.7677 -0.640809 0
    outer loop
      vertex -15.1016 34.7567 3
      vertex -15.3637 35.0707 5.6
      vertex -15.3637 35.0707 3
    endloop
  endfacet
  facet normal -0.7677 -0.640809 0
    outer loop
      vertex -15.3637 35.0707 5.6
      vertex -15.1016 34.7567 3
      vertex -15.1016 34.7567 5.6
    endloop
  endfacet
  facet normal -0.687025 -0.726633 0
    outer loop
      vertex -15.6609 35.3517 3
      vertex -15.3637 35.0707 5.6
      vertex -15.6609 35.3517 5.6
    endloop
  endfacet
  facet normal -0.687025 -0.726633 -0
    outer loop
      vertex -15.3637 35.0707 5.6
      vertex -15.6609 35.3517 3
      vertex -15.3637 35.0707 3
    endloop
  endfacet
  facet normal -0.592908 -0.805271 0
    outer loop
      vertex -15.9908 35.5946 3
      vertex -15.6609 35.3517 5.6
      vertex -15.9908 35.5946 5.6
    endloop
  endfacet
  facet normal -0.592908 -0.805271 -0
    outer loop
      vertex -15.6609 35.3517 5.6
      vertex -15.9908 35.5946 3
      vertex -15.6609 35.3517 3
    endloop
  endfacet
  facet normal -0.492778 -0.870155 0
    outer loop
      vertex -16.3369 35.7906 3
      vertex -15.9908 35.5946 5.6
      vertex -16.3369 35.7906 5.6
    endloop
  endfacet
  facet normal -0.492778 -0.870155 -0
    outer loop
      vertex -15.9908 35.5946 5.6
      vertex -16.3369 35.7906 3
      vertex -15.9908 35.5946 3
    endloop
  endfacet
  facet normal -0.439452 -0.898266 0
    outer loop
      vertex -52.3543 53.4111 3
      vertex -16.3369 35.7906 5.6
      vertex -52.3543 53.4111 5.6
    endloop
  endfacet
  facet normal -0.439452 -0.898266 -0
    outer loop
      vertex -16.3369 35.7906 5.6
      vertex -52.3543 53.4111 3
      vertex -16.3369 35.7906 3
    endloop
  endfacet
  facet normal -0.382439 -0.923981 0
    outer loop
      vertex -52.7283 53.5659 3
      vertex -52.3543 53.4111 5.6
      vertex -52.7283 53.5659 5.6
    endloop
  endfacet
  facet normal -0.382439 -0.923981 -0
    outer loop
      vertex -52.3543 53.4111 5.6
      vertex -52.7283 53.5659 3
      vertex -52.3543 53.4111 3
    endloop
  endfacet
  facet normal -0.268804 -0.963195 0
    outer loop
      vertex -53.1178 53.6746 3
      vertex -52.7283 53.5659 5.6
      vertex -53.1178 53.6746 5.6
    endloop
  endfacet
  facet normal -0.268804 -0.963195 -0
    outer loop
      vertex -52.7283 53.5659 5.6
      vertex -53.1178 53.6746 3
      vertex -52.7283 53.5659 3
    endloop
  endfacet
  facet normal -0.207913 -0.978147 0
    outer loop
      vertex -70.3747 57.3427 3
      vertex -53.1178 53.6746 5.6
      vertex -70.3747 57.3427 5.6
    endloop
  endfacet
  facet normal -0.207913 -0.978147 -0
    outer loop
      vertex -53.1178 53.6746 5.6
      vertex -70.3747 57.3427 3
      vertex -53.1178 53.6746 3
    endloop
  endfacet
  facet normal 0.978148 -0.207909 0
    outer loop
      vertex -116.448 -5.98569 5.6
      vertex -106.058 42.896 3
      vertex -106.058 42.896 5.6
    endloop
  endfacet
  facet normal 0.978148 -0.207909 0
    outer loop
      vertex -106.058 42.896 3
      vertex -116.448 -5.98569 5.6
      vertex -116.448 -5.98569 3
    endloop
  endfacet
  facet normal 0.988379 -0.152008 0
    outer loop
      vertex -116.508 -6.37582 5.6
      vertex -116.448 -5.98569 3
      vertex -116.448 -5.98569 5.6
    endloop
  endfacet
  facet normal 0.988379 -0.152008 0
    outer loop
      vertex -116.448 -5.98569 3
      vertex -116.508 -6.37582 5.6
      vertex -116.508 -6.37582 3
    endloop
  endfacet
  facet normal 0.999564 -0.0295408 0
    outer loop
      vertex -116.52 -6.78186 5.6
      vertex -116.508 -6.37582 3
      vertex -116.508 -6.37582 5.6
    endloop
  endfacet
  facet normal 0.999564 -0.0295408 0
    outer loop
      vertex -116.508 -6.37582 3
      vertex -116.52 -6.78186 5.6
      vertex -116.52 -6.78186 3
    endloop
  endfacet
  facet normal 0.995831 0.0912181 0
    outer loop
      vertex -116.483 -7.18579 5.6
      vertex -116.52 -6.78186 3
      vertex -116.52 -6.78186 5.6
    endloop
  endfacet
  facet normal 0.995831 0.0912181 0
    outer loop
      vertex -116.52 -6.78186 3
      vertex -116.483 -7.18579 5.6
      vertex -116.483 -7.18579 3
    endloop
  endfacet
  facet normal 0.97825 0.207429 0
    outer loop
      vertex -116.399 -7.58194 5.6
      vertex -116.483 -7.18579 3
      vertex -116.483 -7.18579 5.6
    endloop
  endfacet
  facet normal 0.97825 0.207429 0
    outer loop
      vertex -116.483 -7.18579 3
      vertex -116.399 -7.58194 5.6
      vertex -116.399 -7.58194 3
    endloop
  endfacet
  facet normal 0.947375 0.320126 0
    outer loop
      vertex -116.269 -7.96666 5.6
      vertex -116.399 -7.58194 3
      vertex -116.399 -7.58194 5.6
    endloop
  endfacet
  facet normal 0.947375 0.320126 0
    outer loop
      vertex -116.399 -7.58194 3
      vertex -116.269 -7.96666 5.6
      vertex -116.269 -7.96666 3
    endloop
  endfacet
  facet normal 0.901644 0.432479 0
    outer loop
      vertex -116.093 -8.33359 5.6
      vertex -116.269 -7.96666 3
      vertex -116.269 -7.96666 5.6
    endloop
  endfacet
  facet normal 0.901644 0.432479 0
    outer loop
      vertex -116.269 -7.96666 3
      vertex -116.093 -8.33359 5.6
      vertex -116.093 -8.33359 3
    endloop
  endfacet
  facet normal 0.84302 0.537883 0
    outer loop
      vertex -115.875 -8.67526 5.6
      vertex -116.093 -8.33359 3
      vertex -116.093 -8.33359 5.6
    endloop
  endfacet
  facet normal 0.84302 0.537883 0
    outer loop
      vertex -116.093 -8.33359 3
      vertex -115.875 -8.67526 5.6
      vertex -115.875 -8.67526 3
    endloop
  endfacet
  facet normal 0.773946 0.633251 0
    outer loop
      vertex -115.618 -8.98936 5.6
      vertex -115.875 -8.67526 3
      vertex -115.875 -8.67526 5.6
    endloop
  endfacet
  facet normal 0.773946 0.633251 0
    outer loop
      vertex -115.875 -8.67526 3
      vertex -115.618 -8.98936 5.6
      vertex -115.618 -8.98936 3
    endloop
  endfacet
  facet normal 0.692163 0.721741 -0
    outer loop
      vertex -115.333 -9.26268 3
      vertex -115.618 -8.98936 5.6
      vertex -115.333 -9.26268 5.6
    endloop
  endfacet
  facet normal 0.692163 0.721741 0
    outer loop
      vertex -115.618 -8.98936 5.6
      vertex -115.333 -9.26268 3
      vertex -115.618 -8.98936 3
    endloop
  endfacet
  facet normal 0.648294 0.76139 -0
    outer loop
      vertex -90.8406 -30.117 3
      vertex -115.333 -9.26268 5.6
      vertex -90.8406 -30.117 5.6
    endloop
  endfacet
  facet normal 0.648294 0.76139 0
    outer loop
      vertex -115.333 -9.26268 5.6
      vertex -90.8406 -30.117 3
      vertex -115.333 -9.26268 3
    endloop
  endfacet
  facet normal 0.600955 0.799283 -0
    outer loop
      vertex -90.5194 -30.3585 3
      vertex -90.8406 -30.117 5.6
      vertex -90.5194 -30.3585 5.6
    endloop
  endfacet
  facet normal 0.600955 0.799283 0
    outer loop
      vertex -90.8406 -30.117 5.6
      vertex -90.5194 -30.3585 3
      vertex -90.8406 -30.117 3
    endloop
  endfacet
  facet normal 0.49848 0.866901 -0
    outer loop
      vertex -90.1608 -30.5647 3
      vertex -90.5194 -30.3585 5.6
      vertex -90.1608 -30.5647 5.6
    endloop
  endfacet
  facet normal 0.49848 0.866901 0
    outer loop
      vertex -90.5194 -30.3585 5.6
      vertex -90.1608 -30.5647 3
      vertex -90.5194 -30.3585 3
    endloop
  endfacet
  facet normal 0.389237 0.921138 -0
    outer loop
      vertex -89.7805 -30.7254 3
      vertex -90.1608 -30.5647 5.6
      vertex -89.7805 -30.7254 5.6
    endloop
  endfacet
  facet normal 0.389237 0.921138 0
    outer loop
      vertex -90.1608 -30.5647 5.6
      vertex -89.7805 -30.7254 3
      vertex -90.1608 -30.5647 3
    endloop
  endfacet
  facet normal 0.277196 0.960813 -0
    outer loop
      vertex -89.3961 -30.8363 3
      vertex -89.7805 -30.7254 5.6
      vertex -89.3961 -30.8363 5.6
    endloop
  endfacet
  facet normal 0.277196 0.960813 0
    outer loop
      vertex -89.7805 -30.7254 5.6
      vertex -89.3961 -30.8363 3
      vertex -89.7805 -30.7254 3
    endloop
  endfacet
  facet normal 0.217216 0.976123 -0
    outer loop
      vertex -21.6114 -45.9204 3
      vertex -89.3961 -30.8363 5.6
      vertex -21.6114 -45.9204 5.6
    endloop
  endfacet
  facet normal 0.217216 0.976123 0
    outer loop
      vertex -89.3961 -30.8363 5.6
      vertex -21.6114 -45.9204 3
      vertex -89.3961 -30.8363 3
    endloop
  endfacet
  facet normal 0.157699 0.987487 -0
    outer loop
      vertex -21.2288 -45.9815 3
      vertex -21.6114 -45.9204 5.6
      vertex -21.2288 -45.9815 5.6
    endloop
  endfacet
  facet normal 0.157699 0.987487 0
    outer loop
      vertex -21.6114 -45.9204 5.6
      vertex -21.2288 -45.9815 3
      vertex -21.6114 -45.9204 3
    endloop
  endfacet
  facet normal 0.0438944 0.999036 -0
    outer loop
      vertex -20.8305 -45.999 3
      vertex -21.2288 -45.9815 5.6
      vertex -20.8305 -45.999 5.6
    endloop
  endfacet
  facet normal 0.0438944 0.999036 0
    outer loop
      vertex -21.2288 -45.9815 5.6
      vertex -20.8305 -45.999 3
      vertex -21.2288 -45.9815 3
    endloop
  endfacet
  facet normal -0.0754128 0.997152 0
    outer loop
      vertex -20.4325 -45.9689 3
      vertex -20.8305 -45.999 5.6
      vertex -20.4325 -45.9689 5.6
    endloop
  endfacet
  facet normal -0.0754128 0.997152 0
    outer loop
      vertex -20.8305 -45.999 5.6
      vertex -20.4325 -45.9689 3
      vertex -20.8305 -45.999 3
    endloop
  endfacet
  facet normal 0 0 1
    outer loop
      vertex -99.5759 65.7067 1
      vertex -86.6419 38.7689 1
      vertex -81.7227 61.9119 1
    endloop
  endfacet
  facet normal 0 0 1
    outer loop
      vertex -101.582 65.1101 1
      vertex -99.5759 65.7067 1
      vertex -99.851 65.6715 1
    endloop
  endfacet
  facet normal 0 0 1
    outer loop
      vertex -101.582 65.1101 1
      vertex -99.851 65.6715 1
      vertex -100.182 65.6099 1
    endloop
  endfacet
  facet normal 0 0 1
    outer loop
      vertex -101.582 65.1101 1
      vertex -100.182 65.6099 1
      vertex -100.489 65.5347 1
    endloop
  endfacet
  facet normal 0 0 1
    outer loop
      vertex -101.582 65.1101 1
      vertex -100.489 65.5347 1
      vertex -100.811 65.4364 1
    endloop
  endfacet
  facet normal 0 0 1
    outer loop
      vertex -101.582 65.1101 1
      vertex -100.811 65.4364 1
      vertex -101.106 65.3277 1
    endloop
  endfacet
  facet normal 0 0 1
    outer loop
      vertex -101.582 65.1101 1
      vertex -101.106 65.3277 1
      vertex -101.414 65.194 1
    endloop
  endfacet
  facet normal 0 0 1
    outer loop
      vertex -99.5759 65.7067 1
      vertex -101.582 65.1101 1
      vertex -106.293 42.9459 1
    endloop
  endfacet
  facet normal 0 0 1
    outer loop
      vertex -99.5759 65.7067 1
      vertex -106.293 42.9459 1
      vertex -86.6419 38.7689 1
    endloop
  endfacet
  facet normal -0.207911 -0.978148 0
    outer loop
      vertex -99.5759 65.7067 1
      vertex -81.7227 61.9119 3
      vertex -99.5759 65.7067 3
    endloop
  endfacet
  facet normal -0.207911 -0.978148 -0
    outer loop
      vertex -81.7227 61.9119 3
      vertex -99.5759 65.7067 1
      vertex -81.7227 61.9119 1
    endloop
  endfacet
  facet normal 0.978149 -0.207906 0
    outer loop
      vertex -106.293 42.9459 5.6
      vertex -101.582 65.1101 1
      vertex -101.582 65.1101 5.6
    endloop
  endfacet
  facet normal 0.978149 -0.207906 0
    outer loop
      vertex -101.582 65.1101 1
      vertex -106.293 42.9459 5.6
      vertex -106.293 42.9459 1
    endloop
  endfacet
  facet normal 0.207916 0.978147 0
    outer loop
      vertex -86.6419 38.7689 3
      vertex -86.6419 38.7689 1
      vertex -106.058 42.896 3
    endloop
  endfacet
  facet normal 0.207709 0.978191 -0
    outer loop
      vertex -106.058 42.896 3
      vertex -106.293 42.9459 5.6
      vertex -106.058 42.896 5.6
    endloop
  endfacet
  facet normal 0.207709 0.978191 0
    outer loop
      vertex -106.058 42.896 3
      vertex -106.293 42.9459 1
      vertex -106.293 42.9459 5.6
    endloop
  endfacet
  facet normal 0.207913 0.978147 -2.5015e-05
    outer loop
      vertex -106.293 42.9459 1
      vertex -106.058 42.896 3
      vertex -86.6419 38.7689 1
    endloop
  endfacet
  facet normal -0.978148 0.207912 0
    outer loop
      vertex -86.6419 38.7689 1
      vertex -81.7227 61.9119 3
      vertex -81.7227 61.9119 1
    endloop
  endfacet
  facet normal -0.978148 0.207912 0
    outer loop
      vertex -81.7227 61.9119 3
      vertex -86.6419 38.7689 1
      vertex -86.6419 38.7689 3
    endloop
  endfacet
  facet normal -0.978148 0.20791 0
    outer loop
      vertex -70.3747 57.3427 3
      vertex -68.5893 65.7424 5.6
      vertex -68.5893 65.7424 3
    endloop
  endfacet
  facet normal -0.978148 0.20791 0
    outer loop
      vertex -68.5893 65.7424 5.6
      vertex -70.3747 57.3427 3
      vertex -70.3747 57.3427 5.6
    endloop
  endfacet
  facet normal 1 -0 0
    outer loop
      vertex -1.15 -48.3983 2.53786
      vertex -1.15 65.7424 0
      vertex -1.15 65.7424 2.53786
    endloop
  endfacet
  facet normal 1 0 0
    outer loop
      vertex -1.15 65.7424 0
      vertex -1.15 -48.3983 2.53786
      vertex -1.15 -48.3983 0
    endloop
  endfacet
  facet normal 0.908645 0.180761 -0.376417
    outer loop
      vertex -25.6236 -2.74202 0.416677
      vertex -25.6796 -3.02352 0.146317
      vertex -25.7356 -2.74202 0.146317
    endloop
  endfacet
  facet normal -0.381568 -0.0758589 -0.921223
    outer loop
      vertex -24.615 -2.58257 0.623602
      vertex -24.5833 -2.74202 0.623602
      vertex -24.8648 -2.68603 0.735588
    endloop
  endfacet
  facet normal 0.0759044 0.381566 -0.92122
    outer loop
      vertex -25.056 -2.8772 0.735588
      vertex -25 -2.88834 0.735588
      vertex -25.1595 -3.12698 0.623602
    endloop
  endfacet
  facet normal 0.381648 0.0756481 -0.921207
    outer loop
      vertex -25.1463 -2.74202 0.735588
      vertex -25.1352 -2.79802 0.735588
      vertex -25.385 -2.90148 0.623602
    endloop
  endfacet
  facet normal -0.700247 -0.13938 -0.700162
    outer loop
      vertex -24.4239 -2.50338 0.416677
      vertex -24.3764 -2.74202 0.416677
      vertex -24.5833 -2.74202 0.623602
    endloop
  endfacet
  facet normal -0.908593 -0.18085 -0.3765
    outer loop
      vertex -24.3204 -2.46052 0.146317
      vertex -24.3764 -2.74202 0.416677
      vertex -24.4239 -2.50338 0.416677
    endloop
  endfacet
  facet normal -0.180763 -0.908656 -0.376389
    outer loop
      vertex -25 -2.00643 0.146317
      vertex -24.7185 -2.06243 0.146317
      vertex -25 -2.11842 0.416677
    endloop
  endfacet
  facet normal 0.593338 0.396788 -0.700364
    outer loop
      vertex -25.385 -2.90148 0.623602
      vertex -25.2946 -3.03666 0.623602
      vertex -25.441 -3.18298 0.416677
    endloop
  endfacet
  facet normal -0.770326 -0.514863 -0.376183
    outer loop
      vertex -24.4799 -2.22188 0.146317
      vertex -24.3204 -2.46052 0.146317
      vertex -24.559 -2.30107 0.416677
    endloop
  endfacet
  facet normal -0.908593 0.18085 -0.3765
    outer loop
      vertex -24.3764 -2.74202 0.416677
      vertex -24.3204 -3.02352 0.146317
      vertex -24.4239 -2.98066 0.416677
    endloop
  endfacet
  facet normal 0.980781 0.195111 0
    outer loop
      vertex -25.6796 -3.02352 0.146317
      vertex -25.7356 -2.74202 0
      vertex -25.7356 -2.74202 0.146317
    endloop
  endfacet
  facet normal 0.980781 0.195111 0
    outer loop
      vertex -25.7356 -2.74202 0
      vertex -25.6796 -3.02352 0.146317
      vertex -25.6796 -3.02352 0
    endloop
  endfacet
  facet normal 0.908593 0.18085 -0.3765
    outer loop
      vertex -25.6236 -2.74202 0.416677
      vertex -25.5761 -2.98066 0.416677
      vertex -25.6796 -3.02352 0.146317
    endloop
  endfacet
  facet normal 0.770332 0.514867 -0.376167
    outer loop
      vertex -25.441 -3.18298 0.416677
      vertex -25.5201 -3.26216 0.146317
      vertex -25.6796 -3.02352 0.146317
    endloop
  endfacet
  facet normal -0.700357 -0.139237 -0.700081
    outer loop
      vertex -24.4239 -2.50338 0.416677
      vertex -24.5833 -2.74202 0.623602
      vertex -24.615 -2.58257 0.623602
    endloop
  endfacet
  facet normal -0.593806 0.396516 -0.700121
    outer loop
      vertex -24.4239 -2.98066 0.416677
      vertex -24.559 -3.18298 0.416677
      vertex -24.615 -2.90148 0.623602
    endloop
  endfacet
  facet normal -0.180732 0.908662 -0.376391
    outer loop
      vertex -25 -3.36562 0.416677
      vertex -24.7185 -3.42162 0.146317
      vertex -25 -3.47761 0.146317
    endloop
  endfacet
  facet normal -0.139261 -0.700258 -0.700175
    outer loop
      vertex -24.7614 -2.16589 0.416677
      vertex -24.8405 -2.35706 0.623602
      vertex -25 -2.32534 0.623602
    endloop
  endfacet
  facet normal 0.381531 0.0758467 -0.921239
    outer loop
      vertex -25.1463 -2.74202 0.735588
      vertex -25.385 -2.90148 0.623602
      vertex -25.4167 -2.74202 0.623602
    endloop
  endfacet
  facet normal -0.770332 0.514867 -0.376167
    outer loop
      vertex -24.3204 -3.02352 0.146317
      vertex -24.4799 -3.26216 0.146317
      vertex -24.559 -3.18298 0.416677
    endloop
  endfacet
  facet normal -0.700247 0.13938 -0.700162
    outer loop
      vertex -24.3764 -2.74202 0.416677
      vertex -24.4239 -2.98066 0.416677
      vertex -24.5833 -2.74202 0.623602
    endloop
  endfacet
  facet normal -0.216243 0.323454 -0.921204
    outer loop
      vertex -24.7054 -3.03666 0.623602
      vertex -24.8405 -3.12698 0.623602
      vertex -24.8965 -2.84548 0.735588
    endloop
  endfacet
  facet normal 0.908593 -0.18085 -0.3765
    outer loop
      vertex -25.5761 -2.50338 0.416677
      vertex -25.6236 -2.74202 0.416677
      vertex -25.6796 -2.46052 0.146317
    endloop
  endfacet
  facet normal 0.555625 -0.831433 0
    outer loop
      vertex -25.5201 -2.22188 0
      vertex -25.2815 -2.06243 0.146317
      vertex -25.5201 -2.22188 0.146317
    endloop
  endfacet
  facet normal 0.555625 -0.831433 0
    outer loop
      vertex -25.2815 -2.06243 0.146317
      vertex -25.5201 -2.22188 0
      vertex -25.2815 -2.06243 0
    endloop
  endfacet
  facet normal 0.13931 -0.70022 -0.700203
    outer loop
      vertex -25 -2.11842 0.416677
      vertex -25 -2.32534 0.623602
      vertex -25.2386 -2.16589 0.416677
    endloop
  endfacet
  facet normal -0.381537 -0.0756395 -0.921254
    outer loop
      vertex -24.5833 -2.74202 0.623602
      vertex -24.8537 -2.74202 0.735588
      vertex -24.8648 -2.68603 0.735588
    endloop
  endfacet
  facet normal 0.831396 -0.555681 0
    outer loop
      vertex -25.6796 -2.46052 0.146317
      vertex -25.5201 -2.22188 0
      vertex -25.5201 -2.22188 0.146317
    endloop
  endfacet
  facet normal 0.831396 -0.555681 0
    outer loop
      vertex -25.5201 -2.22188 0
      vertex -25.6796 -2.46052 0.146317
      vertex -25.6796 -2.46052 0
    endloop
  endfacet
  facet normal 0.59379 -0.396525 -0.700129
    outer loop
      vertex -25.441 -2.30107 0.416677
      vertex -25.385 -2.58257 0.623602
      vertex -25.5761 -2.50338 0.416677
    endloop
  endfacet
  facet normal -0.514796 -0.770337 -0.376252
    outer loop
      vertex -24.4799 -2.22188 0.146317
      vertex -24.559 -2.30107 0.416677
      vertex -24.7185 -2.06243 0.146317
    endloop
  endfacet
  facet normal -0.396561 -0.593755 -0.700139
    outer loop
      vertex -24.7614 -2.16589 0.416677
      vertex -24.559 -2.30107 0.416677
      vertex -24.8405 -2.35706 0.623602
    endloop
  endfacet
  facet normal 0.700247 -0.13938 -0.700162
    outer loop
      vertex -25.5761 -2.50338 0.416677
      vertex -25.4167 -2.74202 0.623602
      vertex -25.6236 -2.74202 0.416677
    endloop
  endfacet
  facet normal -0.593338 0.396788 -0.700364
    outer loop
      vertex -24.615 -2.90148 0.623602
      vertex -24.559 -3.18298 0.416677
      vertex -24.7054 -3.03666 0.623602
    endloop
  endfacet
  facet normal 0.555649 0.831417 -0
    outer loop
      vertex -25.2815 -3.42162 0
      vertex -25.5201 -3.26216 0.146317
      vertex -25.2815 -3.42162 0.146317
    endloop
  endfacet
  facet normal 0.555649 0.831417 0
    outer loop
      vertex -25.5201 -3.26216 0.146317
      vertex -25.2815 -3.42162 0
      vertex -25.5201 -3.26216 0
    endloop
  endfacet
  facet normal -0.980781 0.195111 0
    outer loop
      vertex -24.3204 -3.02352 0
      vertex -24.2644 -2.74202 0.146317
      vertex -24.2644 -2.74202 0
    endloop
  endfacet
  facet normal -0.980781 0.195111 0
    outer loop
      vertex -24.2644 -2.74202 0.146317
      vertex -24.3204 -3.02352 0
      vertex -24.3204 -3.02352 0.146317
    endloop
  endfacet
  facet normal 0.180778 -0.908648 -0.376402
    outer loop
      vertex -25 -2.11842 0.416677
      vertex -25.2386 -2.16589 0.416677
      vertex -25.2815 -2.06243 0.146317
    endloop
  endfacet
  facet normal 0.980781 -0.195111 0
    outer loop
      vertex -25.7356 -2.74202 0.146317
      vertex -25.6796 -2.46052 0
      vertex -25.6796 -2.46052 0.146317
    endloop
  endfacet
  facet normal 0.980781 -0.195111 0
    outer loop
      vertex -25.6796 -2.46052 0
      vertex -25.7356 -2.74202 0.146317
      vertex -25.7356 -2.74202 0
    endloop
  endfacet
  facet normal 0.908645 -0.180761 -0.376417
    outer loop
      vertex -25.6796 -2.46052 0.146317
      vertex -25.6236 -2.74202 0.416677
      vertex -25.7356 -2.74202 0.146317
    endloop
  endfacet
  facet normal -0.593338 -0.396788 -0.700364
    outer loop
      vertex -24.559 -2.30107 0.416677
      vertex -24.615 -2.58257 0.623602
      vertex -24.7054 -2.44739 0.623602
    endloop
  endfacet
  facet normal -0.323513 -0.216039 -0.921231
    outer loop
      vertex -24.615 -2.58257 0.623602
      vertex -24.8648 -2.68603 0.735588
      vertex -24.8965 -2.63856 0.735588
    endloop
  endfacet
  facet normal 0.0758849 -0.381578 -0.921217
    outer loop
      vertex -25 -2.32534 0.623602
      vertex -25 -2.5957 0.735588
      vertex -25.1595 -2.35706 0.623602
    endloop
  endfacet
  facet normal -0.323446 -0.216301 -0.921193
    outer loop
      vertex -24.7054 -2.44739 0.623602
      vertex -24.615 -2.58257 0.623602
      vertex -24.8965 -2.63856 0.735588
    endloop
  endfacet
  facet normal -0.514542 -0.770405 -0.376461
    outer loop
      vertex -24.7185 -2.06243 0.146317
      vertex -24.559 -2.30107 0.416677
      vertex -24.7614 -2.16589 0.416677
    endloop
  endfacet
  facet normal -0.555625 -0.831433 0
    outer loop
      vertex -24.7185 -2.06243 0
      vertex -24.4799 -2.22188 0.146317
      vertex -24.7185 -2.06243 0.146317
    endloop
  endfacet
  facet normal -0.555625 -0.831433 -0
    outer loop
      vertex -24.4799 -2.22188 0.146317
      vertex -24.7185 -2.06243 0
      vertex -24.4799 -2.22188 0
    endloop
  endfacet
  facet normal -0.770439 0.514464 -0.376499
    outer loop
      vertex -24.4239 -2.98066 0.416677
      vertex -24.3204 -3.02352 0.146317
      vertex -24.559 -3.18298 0.416677
    endloop
  endfacet
  facet normal 0.381568 -0.0758589 -0.921223
    outer loop
      vertex -25.385 -2.58257 0.623602
      vertex -25.1352 -2.68603 0.735588
      vertex -25.4167 -2.74202 0.623602
    endloop
  endfacet
  facet normal -0.700362 0.139229 -0.700077
    outer loop
      vertex -24.5833 -2.74202 0.623602
      vertex -24.4239 -2.98066 0.416677
      vertex -24.615 -2.90148 0.623602
    endloop
  endfacet
  facet normal -0.381531 0.0758467 -0.921239
    outer loop
      vertex -24.5833 -2.74202 0.623602
      vertex -24.615 -2.90148 0.623602
      vertex -24.8537 -2.74202 0.735588
    endloop
  endfacet
  facet normal 0.396734 0.593431 -0.700315
    outer loop
      vertex -25.2946 -3.03666 0.623602
      vertex -25.1595 -3.12698 0.623602
      vertex -25.441 -3.18298 0.416677
    endloop
  endfacet
  facet normal 0.831396 0.555681 0
    outer loop
      vertex -25.5201 -3.26216 0.146317
      vertex -25.6796 -3.02352 0
      vertex -25.6796 -3.02352 0.146317
    endloop
  endfacet
  facet normal 0.831396 0.555681 0
    outer loop
      vertex -25.6796 -3.02352 0
      vertex -25.5201 -3.26216 0.146317
      vertex -25.5201 -3.26216 0
    endloop
  endfacet
  facet normal -0.514823 0.77033 -0.376229
    outer loop
      vertex -24.559 -3.18298 0.416677
      vertex -24.4799 -3.26216 0.146317
      vertex -24.7185 -3.42162 0.146317
    endloop
  endfacet
  facet normal -0.180741 0.908656 -0.376399
    outer loop
      vertex -24.7614 -3.31816 0.416677
      vertex -24.7185 -3.42162 0.146317
      vertex -25 -3.36562 0.416677
    endloop
  endfacet
  facet normal -0.908645 0.180761 -0.376417
    outer loop
      vertex -24.2644 -2.74202 0.146317
      vertex -24.3204 -3.02352 0.146317
      vertex -24.3764 -2.74202 0.416677
    endloop
  endfacet
  facet normal -0.908645 -0.180761 -0.376417
    outer loop
      vertex -24.3204 -2.46052 0.146317
      vertex -24.2644 -2.74202 0.146317
      vertex -24.3764 -2.74202 0.416677
    endloop
  endfacet
  facet normal -0.980781 -0.195111 0
    outer loop
      vertex -24.2644 -2.74202 0
      vertex -24.3204 -2.46052 0.146317
      vertex -24.3204 -2.46052 0
    endloop
  endfacet
  facet normal -0.980781 -0.195111 0
    outer loop
      vertex -24.3204 -2.46052 0.146317
      vertex -24.2644 -2.74202 0
      vertex -24.2644 -2.74202 0.146317
    endloop
  endfacet
  facet normal 0.195077 0.980788 -0
    outer loop
      vertex -25 -3.47761 0
      vertex -25.2815 -3.42162 0.146317
      vertex -25 -3.47761 0.146317
    endloop
  endfacet
  facet normal 0.195077 0.980788 0
    outer loop
      vertex -25.2815 -3.42162 0.146317
      vertex -25 -3.47761 0
      vertex -25.2815 -3.42162 0
    endloop
  endfacet
  facet normal -0.831396 0.555681 0
    outer loop
      vertex -24.4799 -3.26216 0
      vertex -24.3204 -3.02352 0.146317
      vertex -24.3204 -3.02352 0
    endloop
  endfacet
  facet normal -0.831396 0.555681 0
    outer loop
      vertex -24.3204 -3.02352 0.146317
      vertex -24.4799 -3.26216 0
      vertex -24.4799 -3.26216 0.146317
    endloop
  endfacet
  facet normal 0.700247 0.13938 -0.700162
    outer loop
      vertex -25.4167 -2.74202 0.623602
      vertex -25.5761 -2.98066 0.416677
      vertex -25.6236 -2.74202 0.416677
    endloop
  endfacet
  facet normal 0.700362 0.139229 -0.700077
    outer loop
      vertex -25.4167 -2.74202 0.623602
      vertex -25.385 -2.90148 0.623602
      vertex -25.5761 -2.98066 0.416677
    endloop
  endfacet
  facet normal 0.216243 0.323454 -0.921204
    outer loop
      vertex -25.1035 -2.84548 0.735588
      vertex -25.1595 -3.12698 0.623602
      vertex -25.2946 -3.03666 0.623602
    endloop
  endfacet
  facet normal -0.0758842 0.381574 -0.921218
    outer loop
      vertex -24.944 -2.8772 0.735588
      vertex -24.8405 -3.12698 0.623602
      vertex -25 -3.1587 0.623602
    endloop
  endfacet
  facet normal 0.180763 -0.908656 -0.376389
    outer loop
      vertex -25 -2.00643 0.146317
      vertex -25 -2.11842 0.416677
      vertex -25.2815 -2.06243 0.146317
    endloop
  endfacet
  facet normal -0.59379 -0.396525 -0.700129
    outer loop
      vertex -24.559 -2.30107 0.416677
      vertex -24.4239 -2.50338 0.416677
      vertex -24.615 -2.58257 0.623602
    endloop
  endfacet
  facet normal -0.770427 -0.514481 -0.376498
    outer loop
      vertex -24.3204 -2.46052 0.146317
      vertex -24.4239 -2.50338 0.416677
      vertex -24.559 -2.30107 0.416677
    endloop
  endfacet
  facet normal 0.514542 -0.770405 -0.376461
    outer loop
      vertex -25.2815 -2.06243 0.146317
      vertex -25.2386 -2.16589 0.416677
      vertex -25.441 -2.30107 0.416677
    endloop
  endfacet
  facet normal -0.195111 -0.980781 0
    outer loop
      vertex -25 -2.00643 0
      vertex -24.7185 -2.06243 0.146317
      vertex -25 -2.00643 0.146317
    endloop
  endfacet
  facet normal -0.195111 -0.980781 -0
    outer loop
      vertex -24.7185 -2.06243 0.146317
      vertex -25 -2.00643 0
      vertex -24.7185 -2.06243 0
    endloop
  endfacet
  facet normal 0.323513 -0.216039 -0.921231
    outer loop
      vertex -25.1035 -2.63856 0.735588
      vertex -25.1352 -2.68603 0.735588
      vertex -25.385 -2.58257 0.623602
    endloop
  endfacet
  facet normal -0.216035 0.323507 -0.921234
    outer loop
      vertex -24.8965 -2.84548 0.735588
      vertex -24.8405 -3.12698 0.623602
      vertex -24.944 -2.8772 0.735588
    endloop
  endfacet
  facet normal -0.32344 0.216297 -0.921196
    outer loop
      vertex -24.615 -2.90148 0.623602
      vertex -24.7054 -3.03666 0.623602
      vertex -24.8965 -2.84548 0.735588
    endloop
  endfacet
  facet normal 0.216035 0.323507 -0.921234
    outer loop
      vertex -25.1035 -2.84548 0.735588
      vertex -25.056 -2.8772 0.735588
      vertex -25.1595 -3.12698 0.623602
    endloop
  endfacet
  facet normal 0.514823 0.77033 -0.376229
    outer loop
      vertex -25.441 -3.18298 0.416677
      vertex -25.2815 -3.42162 0.146317
      vertex -25.5201 -3.26216 0.146317
    endloop
  endfacet
  facet normal 0.180732 0.908662 -0.376391
    outer loop
      vertex -25 -3.36562 0.416677
      vertex -25 -3.47761 0.146317
      vertex -25.2815 -3.42162 0.146317
    endloop
  endfacet
  facet normal -0.139258 0.700241 -0.700193
    outer loop
      vertex -24.8405 -3.12698 0.623602
      vertex -24.7614 -3.31816 0.416677
      vertex -25 -3.1587 0.623602
    endloop
  endfacet
  facet normal -0.139282 0.700223 -0.700206
    outer loop
      vertex -25 -3.1587 0.623602
      vertex -24.7614 -3.31816 0.416677
      vertex -25 -3.36562 0.416677
    endloop
  endfacet
  facet normal -0.831396 -0.555681 0
    outer loop
      vertex -24.3204 -2.46052 0
      vertex -24.4799 -2.22188 0.146317
      vertex -24.4799 -2.22188 0
    endloop
  endfacet
  facet normal -0.831396 -0.555681 0
    outer loop
      vertex -24.4799 -2.22188 0.146317
      vertex -24.3204 -2.46052 0
      vertex -24.3204 -2.46052 0.146317
    endloop
  endfacet
  facet normal -0.195077 0.980788 0
    outer loop
      vertex -24.7185 -3.42162 0
      vertex -25 -3.47761 0.146317
      vertex -24.7185 -3.42162 0.146317
    endloop
  endfacet
  facet normal -0.195077 0.980788 0
    outer loop
      vertex -25 -3.47761 0.146317
      vertex -24.7185 -3.42162 0
      vertex -25 -3.47761 0
    endloop
  endfacet
  facet normal -0.514542 0.770405 -0.376461
    outer loop
      vertex -24.559 -3.18298 0.416677
      vertex -24.7185 -3.42162 0.146317
      vertex -24.7614 -3.31816 0.416677
    endloop
  endfacet
  facet normal 0.323497 0.216074 -0.921228
    outer loop
      vertex -25.1352 -2.79802 0.735588
      vertex -25.1035 -2.84548 0.735588
      vertex -25.385 -2.90148 0.623602
    endloop
  endfacet
  facet normal -0.0759066 0.381577 -0.921215
    outer loop
      vertex -25 -2.88834 0.735588
      vertex -24.944 -2.8772 0.735588
      vertex -25 -3.1587 0.623602
    endloop
  endfacet
  facet normal 0.381537 -0.0756395 -0.921254
    outer loop
      vertex -25.1352 -2.68603 0.735588
      vertex -25.1463 -2.74202 0.735588
      vertex -25.4167 -2.74202 0.623602
    endloop
  endfacet
  facet normal 0.32344 0.216297 -0.921196
    outer loop
      vertex -25.1035 -2.84548 0.735588
      vertex -25.2946 -3.03666 0.623602
      vertex -25.385 -2.90148 0.623602
    endloop
  endfacet
  facet normal 0.770427 -0.514481 -0.376498
    outer loop
      vertex -25.441 -2.30107 0.416677
      vertex -25.5761 -2.50338 0.416677
      vertex -25.6796 -2.46052 0.146317
    endloop
  endfacet
  facet normal 0.700357 -0.139237 -0.700081
    outer loop
      vertex -25.385 -2.58257 0.623602
      vertex -25.4167 -2.74202 0.623602
      vertex -25.5761 -2.50338 0.416677
    endloop
  endfacet
  facet normal -0.396762 -0.593408 -0.700319
    outer loop
      vertex -24.559 -2.30107 0.416677
      vertex -24.7054 -2.44739 0.623602
      vertex -24.8405 -2.35706 0.623602
    endloop
  endfacet
  facet normal -0.216263 -0.323449 -0.921201
    outer loop
      vertex -24.8405 -2.35706 0.623602
      vertex -24.7054 -2.44739 0.623602
      vertex -24.8965 -2.63856 0.735588
    endloop
  endfacet
  facet normal 0.195111 -0.980781 0
    outer loop
      vertex -25.2815 -2.06243 0
      vertex -25 -2.00643 0.146317
      vertex -25.2815 -2.06243 0.146317
    endloop
  endfacet
  facet normal 0.195111 -0.980781 0
    outer loop
      vertex -25 -2.00643 0.146317
      vertex -25.2815 -2.06243 0
      vertex -25 -2.00643 0
    endloop
  endfacet
  facet normal 0.139261 -0.700258 -0.700175
    outer loop
      vertex -25 -2.32534 0.623602
      vertex -25.1595 -2.35706 0.623602
      vertex -25.2386 -2.16589 0.416677
    endloop
  endfacet
  facet normal -0.180778 -0.908648 -0.376402
    outer loop
      vertex -24.7185 -2.06243 0.146317
      vertex -24.7614 -2.16589 0.416677
      vertex -25 -2.11842 0.416677
    endloop
  endfacet
  facet normal 0.593806 0.396516 -0.700121
    outer loop
      vertex -25.385 -2.90148 0.623602
      vertex -25.441 -3.18298 0.416677
      vertex -25.5761 -2.98066 0.416677
    endloop
  endfacet
  facet normal 0.770439 0.514464 -0.376499
    outer loop
      vertex -25.5761 -2.98066 0.416677
      vertex -25.441 -3.18298 0.416677
      vertex -25.6796 -3.02352 0.146317
    endloop
  endfacet
  facet normal -0.216035 -0.323507 -0.921234
    outer loop
      vertex -24.8405 -2.35706 0.623602
      vertex -24.8965 -2.63856 0.735588
      vertex -24.944 -2.60684 0.735588
    endloop
  endfacet
  facet normal -0.13931 -0.70022 -0.700203
    outer loop
      vertex -25 -2.11842 0.416677
      vertex -24.7614 -2.16589 0.416677
      vertex -25 -2.32534 0.623602
    endloop
  endfacet
  facet normal -0.323497 0.216074 -0.921228
    outer loop
      vertex -24.8648 -2.79802 0.735588
      vertex -24.615 -2.90148 0.623602
      vertex -24.8965 -2.84548 0.735588
    endloop
  endfacet
  facet normal -0.381648 0.0756481 -0.921207
    outer loop
      vertex -24.8537 -2.74202 0.735588
      vertex -24.615 -2.90148 0.623602
      vertex -24.8648 -2.79802 0.735588
    endloop
  endfacet
  facet normal -0.396553 0.593744 -0.700153
    outer loop
      vertex -24.559 -3.18298 0.416677
      vertex -24.7614 -3.31816 0.416677
      vertex -24.8405 -3.12698 0.623602
    endloop
  endfacet
  facet normal -0.396734 0.593431 -0.700315
    outer loop
      vertex -24.7054 -3.03666 0.623602
      vertex -24.559 -3.18298 0.416677
      vertex -24.8405 -3.12698 0.623602
    endloop
  endfacet
  facet normal -0.555649 0.831417 0
    outer loop
      vertex -24.4799 -3.26216 0
      vertex -24.7185 -3.42162 0.146317
      vertex -24.4799 -3.26216 0.146317
    endloop
  endfacet
  facet normal -0.555649 0.831417 0
    outer loop
      vertex -24.7185 -3.42162 0.146317
      vertex -24.4799 -3.26216 0
      vertex -24.7185 -3.42162 0
    endloop
  endfacet
  facet normal 0.396762 -0.593408 -0.700319
    outer loop
      vertex -25.1595 -2.35706 0.623602
      vertex -25.2946 -2.44739 0.623602
      vertex -25.441 -2.30107 0.416677
    endloop
  endfacet
  facet normal -0.0759066 -0.381577 -0.921215
    outer loop
      vertex -25 -2.32534 0.623602
      vertex -24.944 -2.60684 0.735588
      vertex -25 -2.5957 0.735588
    endloop
  endfacet
  facet normal -0.0758842 -0.381574 -0.921218
    outer loop
      vertex -24.8405 -2.35706 0.623602
      vertex -24.944 -2.60684 0.735588
      vertex -25 -2.32534 0.623602
    endloop
  endfacet
  facet normal 0.593338 -0.396788 -0.700364
    outer loop
      vertex -25.2946 -2.44739 0.623602
      vertex -25.385 -2.58257 0.623602
      vertex -25.441 -2.30107 0.416677
    endloop
  endfacet
  facet normal 0.396561 -0.593755 -0.700139
    outer loop
      vertex -25.2386 -2.16589 0.416677
      vertex -25.1595 -2.35706 0.623602
      vertex -25.441 -2.30107 0.416677
    endloop
  endfacet
  facet normal 0.396553 0.593744 -0.700153
    outer loop
      vertex -25.1595 -3.12698 0.623602
      vertex -25.2386 -3.31816 0.416677
      vertex -25.441 -3.18298 0.416677
    endloop
  endfacet
  facet normal 0.514542 0.770405 -0.376461
    outer loop
      vertex -25.2386 -3.31816 0.416677
      vertex -25.2815 -3.42162 0.146317
      vertex -25.441 -3.18298 0.416677
    endloop
  endfacet
  facet normal 0.139258 0.700241 -0.700193
    outer loop
      vertex -25.1595 -3.12698 0.623602
      vertex -25 -3.1587 0.623602
      vertex -25.2386 -3.31816 0.416677
    endloop
  endfacet
  facet normal 0.0758849 0.381578 -0.921217
    outer loop
      vertex -25 -2.88834 0.735588
      vertex -25 -3.1587 0.623602
      vertex -25.1595 -3.12698 0.623602
    endloop
  endfacet
  facet normal 0.216035 -0.323507 -0.921234
    outer loop
      vertex -25.056 -2.60684 0.735588
      vertex -25.1035 -2.63856 0.735588
      vertex -25.1595 -2.35706 0.623602
    endloop
  endfacet
  facet normal 0.514796 -0.770337 -0.376252
    outer loop
      vertex -25.2815 -2.06243 0.146317
      vertex -25.441 -2.30107 0.416677
      vertex -25.5201 -2.22188 0.146317
    endloop
  endfacet
  facet normal 0.770326 -0.514863 -0.376183
    outer loop
      vertex -25.5201 -2.22188 0.146317
      vertex -25.441 -2.30107 0.416677
      vertex -25.6796 -2.46052 0.146317
    endloop
  endfacet
  facet normal 0.0759044 -0.381566 -0.92122
    outer loop
      vertex -25 -2.5957 0.735588
      vertex -25.056 -2.60684 0.735588
      vertex -25.1595 -2.35706 0.623602
    endloop
  endfacet
  facet normal 0 0 -1
    outer loop
      vertex -24.8648 -2.79802 0.735588
      vertex -24.8648 -2.68603 0.735588
      vertex -24.8537 -2.74202 0.735588
    endloop
  endfacet
  facet normal 0 0 -1
    outer loop
      vertex -24.8965 -2.84548 0.735588
      vertex -24.8648 -2.68603 0.735588
      vertex -24.8648 -2.79802 0.735588
    endloop
  endfacet
  facet normal 0 0 -1
    outer loop
      vertex -24.8965 -2.84548 0.735588
      vertex -24.8965 -2.63856 0.735588
      vertex -24.8648 -2.68603 0.735588
    endloop
  endfacet
  facet normal 0 0 -1
    outer loop
      vertex -24.944 -2.8772 0.735588
      vertex -24.8965 -2.63856 0.735588
      vertex -24.8965 -2.84548 0.735588
    endloop
  endfacet
  facet normal 0 0 -1
    outer loop
      vertex -24.944 -2.8772 0.735588
      vertex -24.944 -2.60684 0.735588
      vertex -24.8965 -2.63856 0.735588
    endloop
  endfacet
  facet normal 0 0 -1
    outer loop
      vertex -25 -2.88834 0.735588
      vertex -24.944 -2.60684 0.735588
      vertex -24.944 -2.8772 0.735588
    endloop
  endfacet
  facet normal 0 0 -1
    outer loop
      vertex -25 -2.88834 0.735588
      vertex -25 -2.5957 0.735588
      vertex -24.944 -2.60684 0.735588
    endloop
  endfacet
  facet normal 0 0 -1
    outer loop
      vertex -25.056 -2.8772 0.735588
      vertex -25 -2.5957 0.735588
      vertex -25 -2.88834 0.735588
    endloop
  endfacet
  facet normal 0 0 -1
    outer loop
      vertex -25.056 -2.8772 0.735588
      vertex -25.056 -2.60684 0.735588
      vertex -25 -2.5957 0.735588
    endloop
  endfacet
  facet normal 0 0 -1
    outer loop
      vertex -25.1035 -2.84548 0.735588
      vertex -25.056 -2.60684 0.735588
      vertex -25.056 -2.8772 0.735588
    endloop
  endfacet
  facet normal 0 0 -1
    outer loop
      vertex -25.1035 -2.84548 0.735588
      vertex -25.1035 -2.63856 0.735588
      vertex -25.056 -2.60684 0.735588
    endloop
  endfacet
  facet normal 0 0 -1
    outer loop
      vertex -25.1352 -2.79802 0.735588
      vertex -25.1035 -2.63856 0.735588
      vertex -25.1035 -2.84548 0.735588
    endloop
  endfacet
  facet normal 0 0 -1
    outer loop
      vertex -25.1352 -2.79802 0.735588
      vertex -25.1352 -2.68603 0.735588
      vertex -25.1035 -2.63856 0.735588
    endloop
  endfacet
  facet normal 0 -0 -1
    outer loop
      vertex -25.1352 -2.68603 0.735588
      vertex -25.1352 -2.79802 0.735588
      vertex -25.1463 -2.74202 0.735588
    endloop
  endfacet
  facet normal 0.139282 0.700223 -0.700206
    outer loop
      vertex -25 -3.1587 0.623602
      vertex -25 -3.36562 0.416677
      vertex -25.2386 -3.31816 0.416677
    endloop
  endfacet
  facet normal 0.180741 0.908656 -0.376399
    outer loop
      vertex -25.2386 -3.31816 0.416677
      vertex -25 -3.36562 0.416677
      vertex -25.2815 -3.42162 0.146317
    endloop
  endfacet
  facet normal 0.323446 -0.216301 -0.921193
    outer loop
      vertex -25.2946 -2.44739 0.623602
      vertex -25.1035 -2.63856 0.735588
      vertex -25.385 -2.58257 0.623602
    endloop
  endfacet
  facet normal 0.216263 -0.323449 -0.921201
    outer loop
      vertex -25.1595 -2.35706 0.623602
      vertex -25.1035 -2.63856 0.735588
      vertex -25.2946 -2.44739 0.623602
    endloop
  endfacet
  facet normal 0.707106 0 0.707108
    outer loop
      vertex -4.21215 65.7424 5.6
      vertex -1.15 -48.3983 2.53786
      vertex -1.15 65.7424 2.53786
    endloop
  endfacet
  facet normal 0.707106 0 0.707108
    outer loop
      vertex -1.15 -48.3983 2.53786
      vertex -4.21215 65.7424 5.6
      vertex -4.21215 -48.3983 5.6
    endloop
  endfacet
endsolid OpenSCAD_Model
